# converted from UMD2 by mdl_to_obj.py
v 0.180664 -0.377930 -0.280273
v 0.247070 -0.426758 -0.463867
v 0.299805 -0.416992 -0.311523
v 0.208008 -0.374023 -0.133789
v 0.180664 -0.377930 -0.280273
v 0.299805 -0.416992 -0.311523
v 0.299805 -0.416992 -0.311523
v 0.381836 -0.422852 -0.180664
v 0.208008 -0.374023 -0.133789
v 0.180664 -0.377930 -0.280273
v 0.180664 -0.407227 -0.495117
v 0.247070 -0.426758 -0.463867
v 0.083008 -0.381836 -0.362305
v 0.083008 -0.405273 -0.499023
v 0.180664 -0.407227 -0.495117
v 0.180664 -0.407227 -0.495117
v 0.180664 -0.377930 -0.280273
v 0.083008 -0.381836 -0.362305
v 0.139648 -0.381836 -0.438477
v 0.141602 -0.381836 -0.438477
v 0.141602 -0.401367 -0.438477
v 0.141602 -0.401367 -0.438477
v 0.141602 -0.381836 -0.438477
v 0.141602 -0.401367 -0.372070
v 0.129883 -0.401367 -0.436523
v 0.139648 -0.381836 -0.438477
v 0.141602 -0.401367 -0.438477
v 0.141602 -0.401367 -0.372070
v 0.129883 -0.401367 -0.436523
v 0.141602 -0.401367 -0.438477
v 0.141602 -0.381836 -0.438477
v 0.139648 -0.381836 -0.438477
v 0.141602 -0.381836 -0.372070
v 0.141602 -0.381836 -0.372070
v 0.141602 -0.401367 -0.372070
v 0.141602 -0.381836 -0.438477
v 0.139648 -0.381836 -0.438477
v 0.129883 -0.401367 -0.436523
v 0.139648 -0.381836 -0.372070
v 0.139648 -0.381836 -0.438477
v 0.129883 -0.401367 -0.436523
v 0.120117 -0.381836 -0.372070
v 0.120117 -0.381836 -0.372070
v 0.120117 -0.381836 -0.438477
v 0.139648 -0.381836 -0.438477
v 0.139648 -0.381836 -0.372070
v 0.141602 -0.381836 -0.372070
v 0.139648 -0.381836 -0.438477
v 0.116211 -0.377930 -0.436523
v 0.120117 -0.377930 -0.436523
v 0.129883 -0.401367 -0.436523
v 0.129883 -0.401367 -0.436523
v 0.120117 -0.377930 -0.436523
v 0.129883 -0.401367 -0.372070
v 0.120117 -0.381836 -0.372070
v 0.116211 -0.377930 -0.436523
v 0.129883 -0.401367 -0.436523
v 0.129883 -0.401367 -0.436523
v 0.141602 -0.401367 -0.372070
v 0.129883 -0.401367 -0.372070
v 0.129883 -0.401367 -0.436523
v 0.129883 -0.401367 -0.372070
v 0.139648 -0.381836 -0.372070
v 0.129883 -0.401367 -0.436523
v 0.129883 -0.401367 -0.372070
v 0.120117 -0.381836 -0.372070
v 0.083008 -0.405273 -0.499023
v 0.083008 -0.381836 -0.362305
v -0.012695 -0.379883 -0.280273
v -0.012695 -0.379883 -0.280273
v -0.012695 -0.415039 -0.495117
v 0.083008 -0.405273 -0.499023
v 0.112305 -0.399414 -0.436523
v 0.112305 -0.399414 -0.444336
v 0.122070 -0.399414 -0.444336
v 0.122070 -0.399414 -0.444336
v 0.112305 -0.399414 -0.444336
v 0.112305 -0.334961 -0.444336
v 0.122070 -0.399414 -0.444336
v 0.122070 -0.399414 -0.436523
v 0.112305 -0.399414 -0.436523
v 0.122070 -0.334961 -0.444336
v 0.122070 -0.399414 -0.436523
v 0.122070 -0.399414 -0.444336
v 0.112305 -0.334961 -0.444336
v 0.122070 -0.334961 -0.444336
v 0.122070 -0.399414 -0.444336
v 0.112305 -0.399414 -0.444336
v 0.112305 -0.399414 -0.436523
v 0.112305 -0.334961 -0.436523
v 0.112305 -0.334961 -0.436523
v 0.112305 -0.334961 -0.444336
v 0.112305 -0.399414 -0.444336
v 0.122070 -0.334961 -0.436523
v 0.112305 -0.399414 -0.436523
v 0.122070 -0.399414 -0.436523
v 0.122070 -0.399414 -0.436523
v 0.122070 -0.334961 -0.444336
v 0.122070 -0.334961 -0.436523
v 0.112305 -0.399414 -0.436523
v 0.122070 -0.334961 -0.436523
v 0.112305 -0.334961 -0.436523
v 0.120117 -0.377930 -0.436523
v 0.116211 -0.377930 -0.436523
v 0.120117 -0.377930 -0.372070
v 0.120117 -0.377930 -0.372070
v 0.129883 -0.401367 -0.372070
v 0.120117 -0.377930 -0.436523
v 0.116211 -0.377930 -0.436523
v 0.088867 -0.377930 -0.436523
v 0.116211 -0.377930 -0.372070
v 0.116211 -0.377930 -0.436523
v 0.120117 -0.381836 -0.372070
v 0.116211 -0.377930 -0.372070
v 0.116211 -0.377930 -0.372070
v 0.120117 -0.377930 -0.372070
v 0.116211 -0.377930 -0.436523
v 0.086914 -0.354492 -0.436523
v 0.088867 -0.356445 -0.436523
v 0.088867 -0.377930 -0.436523
v 0.088867 -0.377930 -0.436523
v 0.088867 -0.356445 -0.436523
v 0.088867 -0.377930 -0.372070
v 0.088867 -0.377930 -0.372070
v 0.086914 -0.354492 -0.436523
v 0.088867 -0.377930 -0.436523
v 0.088867 -0.377930 -0.372070
v 0.116211 -0.377930 -0.372070
v 0.088867 -0.377930 -0.436523
v 0.098633 -0.360352 -0.372070
v 0.098633 -0.360352 -0.438477
v 0.120117 -0.362305 -0.438477
v 0.120117 -0.362305 -0.438477
v 0.120117 -0.362305 -0.372070
v 0.098633 -0.360352 -0.372070
v 0.124023 -0.334961 -0.438477
v 0.118164 -0.344727 -0.438477
v 0.118164 -0.344727 -0.446289
v 0.118164 -0.344727 -0.446289
v 0.118164 -0.344727 -0.438477
v -0.047852 -0.188477 -0.438477
v 0.118164 -0.344727 -0.446289
v 0.124023 -0.334961 -0.446289
v 0.124023 -0.334961 -0.438477
v -0.040039 -0.180664 -0.446289
v 0.124023 -0.334961 -0.446289
v 0.118164 -0.344727 -0.446289
v -0.047852 -0.188477 -0.438477
v -0.047852 -0.188477 -0.446289
v 0.118164 -0.344727 -0.446289
v 0.118164 -0.344727 -0.446289
v -0.047852 -0.188477 -0.446289
v -0.040039 -0.180664 -0.446289
v 0.118164 -0.344727 -0.438477
v 0.124023 -0.334961 -0.438477
v -0.047852 -0.188477 -0.438477
v 0.098633 -0.342773 -0.438477
v 0.100586 -0.342773 -0.438477
v 0.098633 -0.360352 -0.438477
v 0.098633 -0.360352 -0.438477
v 0.100586 -0.342773 -0.438477
v 0.098633 -0.360352 -0.372070
v 0.098633 -0.342773 -0.372070
v 0.098633 -0.342773 -0.438477
v 0.098633 -0.360352 -0.438477
v 0.098633 -0.360352 -0.438477
v 0.098633 -0.360352 -0.372070
v 0.098633 -0.342773 -0.372070
v -0.040039 -0.180664 -0.446289
v 0.124023 -0.334961 -0.438477
v 0.124023 -0.334961 -0.446289
v 0.122070 -0.334961 -0.444336
v 0.112305 -0.334961 -0.444336
v 0.122070 -0.334961 -0.436523
v -0.040039 -0.180664 -0.438477
v -0.047852 -0.188477 -0.438477
v 0.124023 -0.334961 -0.438477
v 0.124023 -0.334961 -0.438477
v -0.040039 -0.180664 -0.446289
v -0.040039 -0.180664 -0.438477
v 0.112305 -0.334961 -0.436523
v 0.122070 -0.334961 -0.436523
v 0.112305 -0.334961 -0.444336
v 0.100586 -0.342773 -0.438477
v 0.098633 -0.342773 -0.438477
v 0.100586 -0.342773 -0.372070
v 0.100586 -0.342773 -0.372070
v 0.098633 -0.360352 -0.372070
v 0.100586 -0.342773 -0.438477
v 0.077148 -0.342773 -0.372070
v 0.077148 -0.342773 -0.438477
v 0.098633 -0.342773 -0.438477
v 0.098633 -0.342773 -0.372070
v 0.100586 -0.342773 -0.372070
v 0.098633 -0.342773 -0.438477
v 0.098633 -0.342773 -0.438477
v 0.098633 -0.342773 -0.372070
v 0.077148 -0.342773 -0.372070
v 0.079102 -0.325195 -0.438477
v 0.077148 -0.342773 -0.438477
v 0.077148 -0.323242 -0.438477
v 0.077148 -0.342773 -0.372070
v 0.077148 -0.342773 -0.438477
v 0.079102 -0.325195 -0.438477
v 0.079102 -0.325195 -0.438477
v 0.077148 -0.323242 -0.438477
v 0.079102 -0.325195 -0.372070
v 0.079102 -0.325195 -0.438477
v 0.079102 -0.325195 -0.372070
v 0.077148 -0.342773 -0.372070
v 0.077148 -0.323242 -0.372070
v 0.077148 -0.323242 -0.438477
v 0.077148 -0.342773 -0.438477
v 0.077148 -0.342773 -0.438477
v 0.077148 -0.342773 -0.372070
v 0.077148 -0.323242 -0.372070
v 0.057617 -0.325195 -0.372070
v 0.057617 -0.325195 -0.438477
v 0.077148 -0.323242 -0.438477
v 0.077148 -0.323242 -0.372070
v 0.079102 -0.325195 -0.372070
v 0.077148 -0.323242 -0.438477
v 0.077148 -0.323242 -0.438477
v 0.077148 -0.323242 -0.372070
v 0.057617 -0.325195 -0.372070
v 0.057617 -0.305664 -0.438477
v 0.059570 -0.307617 -0.438477
v 0.057617 -0.325195 -0.438477
v 0.057617 -0.325195 -0.438477
v 0.059570 -0.307617 -0.438477
v 0.057617 -0.325195 -0.372070
v 0.057617 -0.305664 -0.372070
v 0.057617 -0.305664 -0.438477
v 0.057617 -0.325195 -0.438477
v 0.057617 -0.325195 -0.438477
v 0.057617 -0.325195 -0.372070
v 0.057617 -0.305664 -0.372070
v 0.059570 -0.307617 -0.438477
v 0.057617 -0.305664 -0.438477
v 0.059570 -0.307617 -0.372070
v 0.059570 -0.307617 -0.372070
v 0.057617 -0.325195 -0.372070
v 0.059570 -0.307617 -0.438477
v 0.038086 -0.305664 -0.372070
v 0.038086 -0.305664 -0.438477
v 0.057617 -0.305664 -0.438477
v 0.057617 -0.305664 -0.372070
v 0.059570 -0.307617 -0.372070
v 0.057617 -0.305664 -0.438477
v 0.057617 -0.305664 -0.438477
v 0.057617 -0.305664 -0.372070
v 0.038086 -0.305664 -0.372070
v 0.038086 -0.286133 -0.438477
v 0.040039 -0.288086 -0.438477
v 0.038086 -0.305664 -0.438477
v 0.038086 -0.305664 -0.438477
v 0.040039 -0.288086 -0.438477
v 0.038086 -0.305664 -0.372070
v 0.038086 -0.286133 -0.372070
v 0.038086 -0.286133 -0.438477
v 0.038086 -0.305664 -0.438477
v 0.038086 -0.305664 -0.438477
v 0.038086 -0.305664 -0.372070
v 0.038086 -0.286133 -0.372070
v 0.040039 -0.288086 -0.438477
v 0.038086 -0.286133 -0.438477
v 0.040039 -0.288086 -0.372070
v 0.040039 -0.288086 -0.372070
v 0.038086 -0.305664 -0.372070
v 0.040039 -0.288086 -0.438477
v 0.020508 -0.286133 -0.372070
v 0.018555 -0.286133 -0.438477
v 0.038086 -0.286133 -0.438477
v 0.038086 -0.286133 -0.372070
v 0.040039 -0.288086 -0.372070
v 0.038086 -0.286133 -0.438477
v 0.038086 -0.286133 -0.438477
v 0.038086 -0.286133 -0.372070
v 0.020508 -0.286133 -0.372070
v 0.018555 -0.266602 -0.438477
v 0.020508 -0.268555 -0.438477
v 0.018555 -0.286133 -0.438477
v 0.018555 -0.286133 -0.438477
v 0.020508 -0.268555 -0.438477
v 0.020508 -0.286133 -0.372070
v 0.020508 -0.266602 -0.372070
v 0.018555 -0.266602 -0.438477
v 0.018555 -0.286133 -0.438477
v 0.018555 -0.286133 -0.438477
v 0.020508 -0.286133 -0.372070
v 0.020508 -0.266602 -0.372070
v 0.020508 -0.268555 -0.438477
v 0.018555 -0.266602 -0.438477
v 0.022461 -0.268555 -0.372070
v 0.022461 -0.268555 -0.372070
v 0.020508 -0.286133 -0.372070
v 0.020508 -0.268555 -0.438477
v 0.020508 -0.266602 -0.372070
v 0.022461 -0.268555 -0.372070
v 0.018555 -0.266602 -0.438477
v 0.018555 -0.266602 -0.438477
v 0.020508 -0.266602 -0.372070
v 0.000977 -0.266602 -0.372070
v 0.018555 -0.266602 -0.438477
v 0.000977 -0.266602 -0.372070
v -0.000977 -0.266602 -0.438477
v 0.088867 -0.356445 -0.436523
v 0.086914 -0.354492 -0.436523
v 0.088867 -0.356445 -0.372070
v 0.088867 -0.356445 -0.372070
v 0.088867 -0.377930 -0.372070
v 0.088867 -0.356445 -0.436523
v 0.086914 -0.354492 -0.436523
v 0.059570 -0.354492 -0.436523
v 0.059570 -0.354492 -0.372070
v 0.086914 -0.354492 -0.436523
v 0.088867 -0.377930 -0.372070
v 0.086914 -0.354492 -0.372070
v 0.086914 -0.354492 -0.372070
v 0.088867 -0.356445 -0.372070
v 0.086914 -0.354492 -0.436523
v 0.059570 -0.354492 -0.372070
v 0.086914 -0.354492 -0.372070
v 0.086914 -0.354492 -0.436523
v 0.057617 -0.333008 -0.436523
v 0.059570 -0.334961 -0.436523
v 0.059570 -0.354492 -0.436523
v 0.059570 -0.354492 -0.436523
v 0.059570 -0.334961 -0.436523
v 0.059570 -0.354492 -0.372070
v 0.057617 -0.333008 -0.372070
v 0.057617 -0.333008 -0.436523
v 0.059570 -0.354492 -0.436523
v 0.059570 -0.354492 -0.436523
v 0.059570 -0.354492 -0.372070
v 0.057617 -0.333008 -0.372070
v 0.059570 -0.334961 -0.436523
v 0.057617 -0.333008 -0.436523
v 0.059570 -0.334961 -0.372070
v 0.059570 -0.334961 -0.372070
v 0.059570 -0.354492 -0.372070
v 0.059570 -0.334961 -0.436523
v 0.057617 -0.333008 -0.436523
v 0.028320 -0.333008 -0.436523
v 0.057617 -0.333008 -0.372070
v 0.057617 -0.333008 -0.372070
v 0.059570 -0.334961 -0.372070
v 0.057617 -0.333008 -0.436523
v 0.026367 -0.309570 -0.436523
v 0.028320 -0.311523 -0.436523
v 0.028320 -0.333008 -0.436523
v 0.028320 -0.333008 -0.436523
v 0.028320 -0.311523 -0.436523
v 0.028320 -0.333008 -0.372070
v 0.028320 -0.333008 -0.372070
v 0.026367 -0.309570 -0.436523
v 0.028320 -0.333008 -0.436523
v 0.028320 -0.333008 -0.372070
v 0.057617 -0.333008 -0.372070
v 0.028320 -0.333008 -0.436523
v 0.028320 -0.311523 -0.436523
v 0.026367 -0.309570 -0.436523
v 0.028320 -0.311523 -0.372070
v 0.028320 -0.311523 -0.372070
v 0.028320 -0.333008 -0.372070
v 0.028320 -0.311523 -0.436523
v 0.026367 -0.309570 -0.436523
v 0.028320 -0.333008 -0.372070
v 0.026367 -0.309570 -0.372070
v 0.026367 -0.309570 -0.372070
v 0.028320 -0.311523 -0.372070
v 0.026367 -0.309570 -0.436523
v -0.000977 -0.309570 -0.436523
v 0.026367 -0.309570 -0.372070
v 0.026367 -0.309570 -0.436523
v 0.202148 -0.405273 -0.374023
v 0.204102 -0.323242 -0.336914
v 0.204102 -0.323242 -0.254883
v 0.204102 -0.241211 -0.336914
v 0.204102 -0.323242 -0.336914
v 0.202148 -0.405273 -0.374023
v 0.202148 -0.405273 -0.374023
v 0.204102 -0.323242 -0.254883
v 0.204102 -0.323242 -0.182617
v 0.204102 -0.165039 -0.336914
v 0.204102 -0.241211 -0.336914
v 0.202148 -0.405273 -0.374023
v 0.204102 0.067383 -0.336914
v 0.204102 -0.165039 -0.336914
v 0.202148 -0.405273 -0.374023
v 0.202148 -0.405273 -0.374023
v 0.204102 -0.323242 -0.182617
v 0.204102 -0.323242 -0.100586
v 0.202148 -0.405273 -0.374023
v 0.204102 -0.323242 -0.100586
v 0.202148 -0.405273 0.397461
v 0.202148 -0.405273 -0.374023
v 0.100586 0.061523 -0.375977
v 0.096680 0.202148 -0.374023
v -0.252930 -0.405273 -0.374023
v 0.000977 0.061523 -0.375977
v 0.202148 -0.405273 -0.374023
v -0.016602 0.375977 -0.374023
v 0.204102 0.067383 -0.336914
v 0.202148 -0.405273 -0.374023
v -0.016602 0.375977 -0.374023
v 0.096680 0.202148 -0.374023
v 0.202148 -0.405273 -0.374023
v 0.141602 -0.401367 -0.372070
v 0.141602 -0.381836 -0.372070
v 0.139648 -0.381836 -0.372070
v 0.139648 -0.381836 -0.372070
v 0.129883 -0.401367 -0.372070
v 0.141602 -0.401367 -0.372070
v 0.129883 -0.401367 -0.372070
v 0.120117 -0.377930 -0.372070
v 0.116211 -0.377930 -0.372070
v 0.180664 -0.377930 -0.280273
v 0.083008 -0.381836 -0.362305
v -0.026367 -0.381836 -0.153320
v 0.180664 -0.377930 -0.280273
v 0.208008 -0.374023 -0.133789
v -0.026367 -0.381836 -0.153320
v 0.204102 -0.323242 -0.336914
v 0.190430 -0.317383 -0.327148
v 0.190430 -0.317383 -0.264648
v 0.204102 -0.241211 -0.336914
v 0.190430 -0.317383 -0.327148
v 0.204102 -0.323242 -0.336914
v 0.190430 -0.317383 -0.264648
v 0.204102 -0.323242 -0.254883
v 0.204102 -0.323242 -0.336914
v 0.190430 -0.317383 -0.327148
v 0.190430 -0.250977 -0.327148
v 0.190430 -0.317383 -0.264648
v 0.204102 -0.241211 -0.336914
v 0.190430 -0.250977 -0.327148
v 0.190430 -0.317383 -0.327148
v 0.190430 -0.250977 -0.264648
v 0.190430 -0.317383 -0.264648
v 0.190430 -0.250977 -0.327148
v 0.204102 -0.241211 -0.254883
v 0.190430 -0.250977 -0.264648
v 0.190430 -0.250977 -0.327148
v 0.190430 -0.250977 -0.327148
v 0.204102 -0.241211 -0.336914
v 0.204102 -0.241211 -0.254883
v 0.204102 -0.323242 -0.254883
v 0.190430 -0.317383 -0.264648
v 0.190430 -0.250977 -0.264648
v 0.204102 -0.323242 -0.254883
v 0.190430 -0.250977 -0.264648
v 0.204102 -0.241211 -0.254883
v 0.204102 -0.323242 -0.254883
v 0.204102 -0.241211 -0.254883
v 0.204102 -0.323242 -0.182617
v 0.120117 -0.399414 -0.364258
v 0.110352 -0.401367 -0.372070
v 0.120117 -0.401367 -0.372070
v 0.120117 -0.401367 -0.372070
v 0.110352 -0.401367 -0.372070
v 0.110352 -0.334961 -0.374023
v 0.120117 -0.334961 -0.374023
v 0.120117 -0.399414 -0.364258
v 0.120117 -0.401367 -0.372070
v 0.110352 -0.334961 -0.374023
v 0.120117 -0.334961 -0.374023
v 0.120117 -0.401367 -0.372070
v 0.110352 -0.401367 -0.372070
v 0.120117 -0.399414 -0.364258
v 0.110352 -0.399414 -0.364258
v 0.110352 -0.401367 -0.372070
v 0.110352 -0.399414 -0.364258
v 0.110352 -0.334961 -0.366211
v 0.110352 -0.334961 -0.366211
v 0.110352 -0.334961 -0.374023
v 0.110352 -0.401367 -0.372070
v 0.120117 -0.334961 -0.366211
v 0.110352 -0.399414 -0.364258
v 0.120117 -0.399414 -0.364258
v 0.120117 -0.399414 -0.364258
v 0.120117 -0.334961 -0.374023
v 0.120117 -0.334961 -0.366211
v 0.110352 -0.399414 -0.364258
v 0.120117 -0.334961 -0.366211
v 0.110352 -0.334961 -0.366211
v 0.088867 -0.377930 -0.372070
v 0.088867 -0.356445 -0.372070
v 0.086914 -0.354492 -0.372070
v 0.083008 -0.381836 -0.362305
v -0.012695 -0.379883 -0.280273
v -0.026367 -0.381836 -0.153320
v 0.124023 -0.336914 -0.366211
v 0.118164 -0.344727 -0.366211
v 0.118164 -0.344727 -0.374023
v 0.118164 -0.344727 -0.374023
v 0.118164 -0.344727 -0.366211
v -0.049805 -0.188477 -0.366211
v 0.118164 -0.344727 -0.374023
v 0.124023 -0.336914 -0.374023
v 0.124023 -0.336914 -0.366211
v -0.041992 -0.180664 -0.374023
v 0.124023 -0.336914 -0.374023
v 0.118164 -0.344727 -0.374023
v -0.049805 -0.188477 -0.366211
v -0.049805 -0.188477 -0.374023
v 0.118164 -0.344727 -0.374023
v 0.118164 -0.344727 -0.374023
v -0.049805 -0.188477 -0.374023
v -0.041992 -0.180664 -0.374023
v 0.118164 -0.344727 -0.366211
v 0.124023 -0.336914 -0.366211
v -0.049805 -0.188477 -0.366211
v 0.098633 -0.360352 -0.372070
v 0.100586 -0.342773 -0.372070
v 0.098633 -0.342773 -0.372070
v -0.041992 -0.180664 -0.374023
v 0.124023 -0.336914 -0.366211
v 0.124023 -0.336914 -0.374023
v 0.120117 -0.334961 -0.374023
v 0.110352 -0.334961 -0.374023
v 0.110352 -0.334961 -0.366211
v 0.110352 -0.334961 -0.366211
v 0.120117 -0.334961 -0.366211
v 0.120117 -0.334961 -0.374023
v -0.041992 -0.180664 -0.366211
v -0.049805 -0.188477 -0.366211
v 0.124023 -0.336914 -0.366211
v 0.124023 -0.336914 -0.366211
v -0.041992 -0.180664 -0.374023
v -0.041992 -0.180664 -0.366211
v 0.077148 -0.323242 -0.372070
v 0.077148 -0.342773 -0.372070
v 0.079102 -0.325195 -0.372070
v 0.059570 -0.354492 -0.372070
v 0.059570 -0.334961 -0.372070
v 0.057617 -0.333008 -0.372070
v 0.057617 -0.325195 -0.372070
v 0.059570 -0.307617 -0.372070
v 0.057617 -0.305664 -0.372070
v 0.028320 -0.333008 -0.372070
v 0.028320 -0.311523 -0.372070
v 0.026367 -0.309570 -0.372070
v 0.038086 -0.305664 -0.372070
v 0.040039 -0.288086 -0.372070
v 0.038086 -0.286133 -0.372070
v 0.026367 -0.309570 -0.372070
v -0.000977 -0.309570 -0.436523
v -0.000977 -0.309570 -0.372070
v 0.020508 -0.286133 -0.372070
v 0.022461 -0.268555 -0.372070
v 0.020508 -0.266602 -0.372070
v 0.000977 -0.266602 -0.372070
v 0.000977 -0.249023 -0.438477
v 0.002930 -0.249023 -0.372070
v -0.000977 -0.266602 -0.438477
v 0.000977 -0.249023 -0.438477
v 0.000977 -0.266602 -0.372070
v 0.000977 -0.266602 -0.372070
v 0.002930 -0.249023 -0.372070
v 0.000977 -0.247070 -0.372070
v 0.000977 -0.266602 -0.372070
v 0.000977 -0.247070 -0.372070
v -0.000977 -0.266602 -0.438477
v -0.000977 -0.247070 -0.438477
v 0.002930 -0.249023 -0.372070
v 0.000977 -0.249023 -0.438477
v 0.000977 -0.249023 -0.438477
v -0.000977 -0.266602 -0.438477
v -0.000977 -0.247070 -0.438477
v 0.249023 -0.190430 -0.358398
v 0.211914 -0.190430 -0.358398
v 0.249023 -0.165039 -0.358398
v 0.211914 -0.190430 -0.233398
v 0.211914 -0.190430 -0.358398
v 0.249023 -0.190430 -0.358398
v 0.249023 -0.190430 -0.358398
v 0.249023 -0.165039 -0.358398
v 0.249023 -0.165039 -0.231445
v 0.249023 -0.190430 -0.358398
v 0.247070 -0.190430 -0.231445
v 0.211914 -0.190430 -0.233398
v 0.249023 -0.165039 -0.231445
v 0.247070 -0.190430 -0.231445
v 0.249023 -0.190430 -0.358398
v 0.211914 -0.165039 -0.358398
v 0.249023 -0.165039 -0.358398
v 0.211914 -0.190430 -0.358398
v 0.180664 -0.166992 -0.358398
v 0.211914 -0.165039 -0.358398
v 0.211914 -0.190430 -0.358398
v 0.211914 -0.190430 -0.358398
v 0.180664 -0.190430 -0.356445
v 0.180664 -0.166992 -0.358398
v 0.211914 -0.190430 -0.233398
v 0.180664 -0.190430 -0.356445
v 0.211914 -0.190430 -0.358398
v 0.204102 -0.241211 -0.336914
v 0.204102 -0.165039 -0.336914
v 0.204102 -0.165039 -0.254883
v 0.204102 -0.165039 -0.254883
v 0.204102 -0.241211 -0.254883
v 0.204102 -0.241211 -0.336914
v 0.249023 -0.165039 -0.358398
v 0.211914 -0.165039 -0.358398
v 0.249023 -0.165039 -0.231445
v 0.231445 -0.165039 -0.340820
v 0.233398 -0.165039 -0.350586
v 0.245117 -0.165039 -0.350586
v 0.245117 -0.165039 -0.350586
v 0.233398 -0.165039 -0.350586
v 0.233398 -0.110352 -0.350586
v 0.245117 -0.165039 -0.350586
v 0.243164 -0.165039 -0.340820
v 0.231445 -0.165039 -0.340820
v 0.245117 -0.110352 -0.350586
v 0.243164 -0.165039 -0.340820
v 0.245117 -0.165039 -0.350586
v 0.233398 -0.110352 -0.350586
v 0.245117 -0.110352 -0.350586
v 0.245117 -0.165039 -0.350586
v 0.233398 -0.165039 -0.350586
v 0.231445 -0.165039 -0.340820
v 0.231445 -0.110352 -0.340820
v 0.231445 -0.110352 -0.340820
v 0.233398 -0.110352 -0.350586
v 0.233398 -0.165039 -0.350586
v 0.211914 -0.165039 -0.358398
v 0.180664 -0.166992 -0.358398
v 0.180664 -0.166992 -0.233398
v 0.211914 -0.165039 -0.233398
v 0.249023 -0.165039 -0.231445
v 0.211914 -0.165039 -0.358398
v 0.180664 -0.166992 -0.233398
v 0.211914 -0.165039 -0.233398
v 0.211914 -0.165039 -0.358398
v 0.243164 -0.110352 -0.340820
v 0.231445 -0.165039 -0.340820
v 0.243164 -0.165039 -0.340820
v 0.243164 -0.165039 -0.340820
v 0.245117 -0.110352 -0.350586
v 0.243164 -0.110352 -0.340820
v 0.231445 -0.165039 -0.340820
v 0.243164 -0.110352 -0.340820
v 0.231445 -0.110352 -0.340820
v 0.204102 -0.165039 -0.336914
v 0.190430 -0.163086 -0.329102
v 0.190430 -0.163086 -0.262695
v 0.204102 0.067383 -0.336914
v 0.190430 -0.163086 -0.329102
v 0.204102 -0.165039 -0.336914
v 0.190430 -0.163086 -0.262695
v 0.204102 -0.165039 -0.254883
v 0.204102 -0.165039 -0.336914
v 0.190430 0.067383 -0.329102
v 0.190430 -0.163086 -0.262695
v 0.190430 -0.163086 -0.329102
v 0.190430 -0.163086 -0.329102
v 0.204102 0.067383 -0.336914
v 0.190430 0.067383 -0.329102
v 0.180664 -0.166992 -0.233398
v 0.180664 -0.166992 -0.358398
v 0.180664 -0.190430 -0.356445
v 0.180664 -0.190430 -0.356445
v 0.211914 -0.190430 -0.233398
v 0.180664 -0.190430 -0.233398
v 0.180664 -0.190430 -0.356445
v 0.180664 -0.190430 -0.233398
v 0.180664 -0.166992 -0.233398
v 0.204102 -0.241211 -0.254883
v 0.204102 -0.165039 -0.254883
v 0.204102 -0.323242 -0.182617
v 0.241211 -0.165039 -0.309570
v 0.239258 -0.165039 -0.303711
v 0.233398 -0.165039 -0.309570
v 0.239258 -0.110352 -0.311523
v 0.239258 -0.165039 -0.303711
v 0.241211 -0.165039 -0.309570
v 0.241211 -0.165039 -0.309570
v 0.233398 -0.165039 -0.309570
v 0.231445 -0.110352 -0.311523
v 0.231445 -0.110352 -0.311523
v 0.239258 -0.110352 -0.311523
v 0.241211 -0.165039 -0.309570
v 0.233398 -0.165039 -0.303711
v 0.233398 -0.165039 -0.309570
v 0.239258 -0.165039 -0.303711
v 0.239258 -0.110352 -0.303711
v 0.233398 -0.165039 -0.303711
v 0.239258 -0.165039 -0.303711
v 0.239258 -0.165039 -0.303711
v 0.239258 -0.110352 -0.311523
v 0.239258 -0.110352 -0.303711
v 0.233398 -0.165039 -0.309570
v 0.233398 -0.165039 -0.303711
v 0.231445 -0.110352 -0.303711
v 0.231445 -0.110352 -0.303711
v 0.231445 -0.110352 -0.311523
v 0.233398 -0.165039 -0.309570
v 0.233398 -0.165039 -0.303711
v 0.239258 -0.110352 -0.303711
v 0.231445 -0.110352 -0.303711
v 0.239258 -0.165039 -0.291992
v 0.239258 -0.165039 -0.284180
v 0.233398 -0.165039 -0.291992
v 0.239258 -0.110352 -0.291992
v 0.239258 -0.165039 -0.284180
v 0.239258 -0.165039 -0.291992
v 0.239258 -0.165039 -0.291992
v 0.233398 -0.165039 -0.291992
v 0.239258 -0.110352 -0.291992
v 0.233398 -0.165039 -0.284180
v 0.233398 -0.165039 -0.291992
v 0.239258 -0.165039 -0.284180
v 0.239258 -0.110352 -0.284180
v 0.233398 -0.165039 -0.284180
v 0.239258 -0.165039 -0.284180
v 0.239258 -0.165039 -0.284180
v 0.239258 -0.110352 -0.291992
v 0.239258 -0.110352 -0.284180
v 0.233398 -0.165039 -0.291992
v 0.233398 -0.165039 -0.284180
v 0.231445 -0.110352 -0.284180
v 0.231445 -0.110352 -0.291992
v 0.239258 -0.110352 -0.291992
v 0.233398 -0.165039 -0.291992
v 0.231445 -0.110352 -0.284180
v 0.231445 -0.110352 -0.291992
v 0.233398 -0.165039 -0.291992
v 0.233398 -0.165039 -0.284180
v 0.239258 -0.110352 -0.284180
v 0.231445 -0.110352 -0.284180
v 0.239258 -0.165039 -0.264648
v 0.233398 -0.165039 -0.272461
v 0.239258 -0.165039 -0.272461
v 0.239258 -0.165039 -0.272461
v 0.233398 -0.165039 -0.272461
v 0.239258 -0.110352 -0.272461
v 0.239258 -0.110352 -0.272461
v 0.239258 -0.165039 -0.264648
v 0.239258 -0.165039 -0.272461
v 0.233398 -0.165039 -0.272461
v 0.239258 -0.165039 -0.264648
v 0.233398 -0.165039 -0.264648
v 0.233398 -0.165039 -0.272461
v 0.233398 -0.165039 -0.264648
v 0.231445 -0.110352 -0.266602
v 0.231445 -0.110352 -0.272461
v 0.239258 -0.110352 -0.272461
v 0.233398 -0.165039 -0.272461
v 0.231445 -0.110352 -0.266602
v 0.231445 -0.110352 -0.272461
v 0.233398 -0.165039 -0.272461
v 0.239258 -0.110352 -0.266602
v 0.233398 -0.165039 -0.264648
v 0.239258 -0.165039 -0.264648
v 0.239258 -0.165039 -0.264648
v 0.239258 -0.110352 -0.272461
v 0.239258 -0.110352 -0.266602
v 0.245117 -0.165039 -0.250977
v 0.233398 -0.165039 -0.250977
v 0.233398 -0.110352 -0.250977
v 0.231445 -0.165039 -0.239258
v 0.233398 -0.165039 -0.250977
v 0.245117 -0.165039 -0.250977
v 0.233398 -0.110352 -0.250977
v 0.245117 -0.110352 -0.250977
v 0.245117 -0.165039 -0.250977
v 0.245117 -0.165039 -0.250977
v 0.245117 -0.110352 -0.250977
v 0.243164 -0.165039 -0.239258
v 0.245117 -0.165039 -0.250977
v 0.243164 -0.165039 -0.239258
v 0.231445 -0.165039 -0.239258
v 0.233398 -0.165039 -0.264648
v 0.239258 -0.110352 -0.266602
v 0.231445 -0.110352 -0.266602
v 0.231445 -0.110352 -0.239258
v 0.233398 -0.110352 -0.250977
v 0.233398 -0.165039 -0.250977
v 0.233398 -0.165039 -0.250977
v 0.231445 -0.165039 -0.239258
v 0.231445 -0.110352 -0.239258
v 0.204102 -0.165039 -0.254883
v 0.190430 -0.163086 -0.262695
v 0.190430 0.067383 -0.262695
v 0.204102 -0.241211 -0.180664
v 0.204102 -0.323242 -0.182617
v 0.204102 -0.165039 -0.254883
v 0.204102 -0.163086 -0.178711
v 0.204102 -0.241211 -0.180664
v 0.204102 -0.165039 -0.254883
v 0.204102 0.067383 -0.254883
v 0.204102 -0.163086 -0.178711
v 0.204102 -0.165039 -0.254883
v 0.190430 0.067383 -0.262695
v 0.204102 0.067383 -0.254883
v 0.204102 -0.165039 -0.254883
v 0.190430 -0.163086 -0.262695
v 0.190430 0.067383 -0.329102
v 0.190430 0.067383 -0.262695
v 0.249023 -0.108398 -0.346680
v 0.249023 -0.116211 -0.346680
v 0.249023 -0.116211 -0.356445
v 0.249023 -0.116211 -0.356445
v 0.249023 -0.116211 -0.346680
v 0.192383 -0.116211 -0.356445
v 0.249023 -0.116211 -0.356445
v 0.249023 -0.108398 -0.356445
v 0.249023 -0.108398 -0.346680
v 0.192383 -0.108398 -0.356445
v 0.249023 -0.108398 -0.356445
v 0.249023 -0.116211 -0.356445
v 0.249023 -0.116211 -0.356445
v 0.192383 -0.116211 -0.356445
v 0.192383 -0.108398 -0.356445
v 0.245117 -0.110352 -0.350586
v 0.233398 -0.110352 -0.350586
v 0.231445 -0.110352 -0.340820
v 0.231445 -0.110352 -0.340820
v 0.243164 -0.110352 -0.340820
v 0.245117 -0.110352 -0.350586
v 0.249023 -0.116211 -0.346680
v 0.249023 -0.108398 -0.346680
v 0.192383 -0.108398 -0.346680
v 0.192383 -0.114258 -0.346680
v 0.192383 -0.116211 -0.356445
v 0.249023 -0.116211 -0.346680
v 0.192383 -0.108398 -0.346680
v 0.192383 -0.114258 -0.346680
v 0.249023 -0.116211 -0.346680
v 0.192383 -0.108398 -0.356445
v 0.249023 -0.108398 -0.346680
v 0.249023 -0.108398 -0.356445
v 0.249023 -0.108398 -0.346680
v 0.192383 -0.110352 -0.346680
v 0.192383 -0.100586 -0.338867
v 0.192383 -0.108398 -0.243164
v 0.192383 -0.110352 -0.346680
v 0.249023 -0.108398 -0.346680
v 0.249023 -0.108398 -0.346680
v 0.192383 -0.108398 -0.356445
v 0.192383 -0.108398 -0.346680
v 0.192383 -0.100586 -0.338867
v 0.249023 -0.100586 -0.338867
v 0.249023 -0.108398 -0.346680
v 0.249023 -0.108398 -0.346680
v 0.249023 -0.100586 -0.338867
v 0.249023 -0.108398 -0.243164
v 0.249023 -0.108398 -0.346680
v 0.249023 -0.108398 -0.243164
v 0.192383 -0.108398 -0.243164
v 0.192383 -0.116211 -0.356445
v 0.192383 -0.114258 -0.346680
v 0.192383 -0.108398 -0.356445
v 0.192383 -0.108398 -0.346680
v 0.192383 -0.108398 -0.356445
v 0.192383 -0.114258 -0.346680
v 0.192383 -0.108398 -0.243164
v 0.192383 -0.100586 -0.338867
v 0.192383 -0.110352 -0.346680
v 0.249023 -0.100586 -0.338867
v 0.192383 -0.100586 -0.338867
v 0.192383 -0.100586 -0.249023
v 0.249023 -0.100586 -0.249023
v 0.249023 -0.108398 -0.243164
v 0.249023 -0.100586 -0.338867
v 0.192383 -0.100586 -0.249023
v 0.249023 -0.100586 -0.249023
v 0.249023 -0.100586 -0.338867
v 0.192383 -0.100586 -0.338867
v 0.192383 -0.108398 -0.243164
v 0.192383 -0.100586 -0.249023
v 0.231445 -0.110352 -0.303711
v 0.239258 -0.110352 -0.303711
v 0.239258 -0.110352 -0.311523
v 0.239258 -0.110352 -0.311523
v 0.231445 -0.110352 -0.311523
v 0.231445 -0.110352 -0.303711
v 0.231445 -0.110352 -0.284180
v 0.239258 -0.110352 -0.284180
v 0.239258 -0.110352 -0.291992
v 0.239258 -0.110352 -0.291992
v 0.231445 -0.110352 -0.291992
v 0.231445 -0.110352 -0.284180
v 0.231445 -0.110352 -0.266602
v 0.239258 -0.110352 -0.266602
v 0.239258 -0.110352 -0.272461
v 0.239258 -0.110352 -0.272461
v 0.231445 -0.110352 -0.272461
v 0.231445 -0.110352 -0.266602
v 0.245117 -0.110352 -0.250977
v 0.233398 -0.110352 -0.250977
v 0.231445 -0.110352 -0.239258
v 0.243164 -0.110352 -0.239258
v 0.243164 -0.165039 -0.239258
v 0.245117 -0.110352 -0.250977
v 0.231445 -0.110352 -0.239258
v 0.243164 -0.110352 -0.239258
v 0.245117 -0.110352 -0.250977
v -0.000977 -0.247070 -0.438477
v 0.000977 -0.247070 -0.372070
v 0.002930 -0.249023 -0.372070
v -0.000977 -0.247070 -0.438477
v -0.000977 -0.266602 -0.438477
v 0.000977 -0.247070 -0.372070
v -0.018555 -0.249023 -0.372070
v -0.000977 -0.247070 -0.438477
v 0.000977 -0.247070 -0.372070
v 0.381836 -0.422852 -0.180664
v 0.346680 -0.415039 -0.004883
v 0.215820 -0.366211 0.180664
v 0.215820 -0.366211 0.180664
v 0.208008 -0.374023 -0.133789
v 0.381836 -0.422852 -0.180664
v 0.346680 -0.415039 -0.004883
v 0.381836 -0.424805 0.208008
v 0.180664 -0.374023 0.385742
v 0.180664 -0.374023 0.385742
v 0.215820 -0.366211 0.180664
v 0.346680 -0.415039 -0.004883
v 0.204102 -0.323242 -0.182617
v 0.190430 -0.317383 -0.172852
v 0.190430 -0.317383 -0.110352
v 0.204102 -0.241211 -0.180664
v 0.190430 -0.317383 -0.172852
v 0.204102 -0.323242 -0.182617
v 0.204102 -0.323242 -0.182617
v 0.190430 -0.317383 -0.110352
v 0.204102 -0.323242 -0.100586
v 0.190430 -0.317383 -0.172852
v 0.190430 -0.250977 -0.172852
v 0.190430 -0.317383 -0.110352
v 0.204102 -0.241211 -0.180664
v 0.190430 -0.250977 -0.172852
v 0.190430 -0.317383 -0.172852
v -0.012695 -0.366211 0.071289
v -0.026367 -0.381836 -0.153320
v 0.208008 -0.374023 -0.133789
v 0.208008 -0.374023 -0.133789
v 0.215820 -0.366211 0.180664
v -0.012695 -0.366211 0.071289
v 0.190430 -0.250977 -0.110352
v 0.190430 -0.317383 -0.110352
v 0.190430 -0.250977 -0.172852
v 0.204102 -0.241211 -0.100586
v 0.190430 -0.250977 -0.110352
v 0.190430 -0.250977 -0.172852
v 0.190430 -0.250977 -0.172852
v 0.204102 -0.241211 -0.180664
v 0.204102 -0.241211 -0.100586
v 0.219727 -0.333008 -0.053711
v 0.219727 -0.399414 -0.049805
v 0.219727 -0.403320 -0.061523
v 0.219727 -0.403320 -0.061523
v 0.219727 -0.399414 -0.049805
v 0.219727 -0.399414 0.069336
v 0.219727 -0.403320 -0.061523
v 0.200195 -0.403320 -0.061523
v 0.200195 -0.331055 -0.065430
v 0.200195 -0.331055 -0.065430
v 0.219727 -0.331055 -0.065430
v 0.219727 -0.403320 -0.061523
v 0.219727 -0.403320 -0.061523
v 0.219727 -0.331055 -0.065430
v 0.219727 -0.333008 -0.053711
v 0.219727 -0.403320 -0.061523
v 0.219727 -0.399414 0.069336
v 0.219727 -0.403320 0.083008
v 0.219727 -0.399414 -0.049805
v 0.215820 -0.399414 -0.049805
v 0.215820 -0.399414 -0.045898
v 0.215820 -0.333008 -0.053711
v 0.215820 -0.399414 -0.049805
v 0.219727 -0.399414 -0.049805
v 0.219727 -0.399414 -0.049805
v 0.215820 -0.399414 -0.045898
v 0.215820 -0.399414 0.008789
v 0.219727 -0.399414 -0.049805
v 0.219727 -0.333008 -0.053711
v 0.215820 -0.333008 -0.053711
v 0.219727 -0.399414 -0.049805
v 0.215820 -0.399414 0.008789
v 0.219727 -0.399414 0.069336
v 0.215820 -0.333008 -0.053711
v 0.215820 -0.399414 -0.045898
v 0.215820 -0.399414 -0.049805
v 0.200195 -0.301758 -0.063477
v 0.200195 -0.331055 -0.065430
v 0.200195 -0.403320 -0.061523
v 0.200195 -0.276367 -0.057617
v 0.200195 -0.301758 -0.063477
v 0.200195 -0.403320 -0.061523
v 0.200195 -0.256836 -0.045898
v 0.200195 -0.276367 -0.057617
v 0.200195 -0.403320 -0.061523
v 0.200195 -0.239258 0.010742
v 0.200195 -0.256836 -0.045898
v 0.200195 -0.403320 -0.061523
v 0.200195 -0.403320 -0.061523
v 0.200195 -0.403320 0.083008
v 0.200195 -0.239258 0.010742
v 0.215820 -0.399414 -0.045898
v 0.215820 -0.333008 -0.053711
v 0.215820 -0.311523 -0.047852
v 0.215820 -0.399414 -0.045898
v 0.215820 -0.311523 -0.047852
v 0.215820 -0.311523 0.002930
v 0.215820 -0.311523 0.002930
v 0.215820 -0.399414 0.008789
v 0.215820 -0.399414 -0.045898
v 0.190430 -0.250977 -0.110352
v 0.204102 -0.323242 -0.100586
v 0.190430 -0.317383 -0.110352
v 0.204102 -0.323242 -0.100586
v 0.190430 -0.250977 -0.110352
v 0.204102 -0.241211 -0.100586
v 0.204102 -0.323242 -0.100586
v 0.204102 -0.241211 -0.100586
v 0.204102 -0.163086 -0.026367
v 0.204102 -0.323242 -0.100586
v 0.204102 -0.163086 -0.026367
v 0.204102 -0.163086 0.051758
v 0.204102 -0.241211 0.125977
v 0.204102 -0.323242 0.125977
v 0.204102 -0.323242 -0.100586
v 0.204102 -0.323242 -0.100586
v 0.204102 -0.323242 0.125977
v 0.202148 -0.405273 0.397461
v 0.204102 -0.323242 -0.100586
v 0.204102 -0.163086 0.051758
v 0.204102 -0.165039 0.125977
v 0.204102 -0.165039 0.125977
v 0.204102 -0.241211 0.125977
v 0.204102 -0.323242 -0.100586
v 0.219727 -0.331055 -0.065430
v 0.200195 -0.331055 -0.065430
v 0.200195 -0.301758 -0.063477
v 0.200195 -0.301758 -0.063477
v 0.219727 -0.301758 -0.063477
v 0.219727 -0.331055 -0.065430
v 0.219727 -0.331055 -0.065430
v 0.219727 -0.301758 -0.063477
v 0.219727 -0.305664 -0.049805
v 0.219727 -0.305664 -0.049805
v 0.219727 -0.333008 -0.053711
v 0.219727 -0.331055 -0.065430
v 0.219727 -0.301758 -0.063477
v 0.200195 -0.301758 -0.063477
v 0.200195 -0.276367 -0.057617
v 0.219727 -0.284180 -0.045898
v 0.219727 -0.305664 -0.049805
v 0.219727 -0.301758 -0.063477
v 0.219727 -0.276367 -0.057617
v 0.219727 -0.284180 -0.045898
v 0.219727 -0.301758 -0.063477
v 0.200195 -0.276367 -0.057617
v 0.219727 -0.276367 -0.057617
v 0.219727 -0.301758 -0.063477
v 0.215820 -0.305664 -0.049805
v 0.215820 -0.333008 -0.053711
v 0.219727 -0.333008 -0.053711
v 0.219727 -0.333008 -0.053711
v 0.219727 -0.305664 -0.049805
v 0.215820 -0.305664 -0.049805
v 0.215820 -0.305664 -0.049805
v 0.215820 -0.311523 -0.047852
v 0.215820 -0.333008 -0.053711
v 0.219727 -0.305664 -0.049805
v 0.219727 -0.284180 -0.045898
v 0.215820 -0.284180 -0.045898
v 0.215820 -0.284180 -0.045898
v 0.215820 -0.305664 -0.049805
v 0.219727 -0.305664 -0.049805
v 0.219727 -0.284180 -0.045898
v 0.219727 -0.276367 -0.057617
v 0.219727 -0.266602 -0.036133
v 0.219727 -0.284180 -0.045898
v 0.219727 -0.266602 -0.036133
v 0.215820 -0.266602 -0.036133
v 0.215820 -0.266602 -0.036133
v 0.215820 -0.284180 -0.045898
v 0.219727 -0.284180 -0.045898
v 0.219727 -0.256836 -0.045898
v 0.219727 -0.266602 -0.036133
v 0.219727 -0.276367 -0.057617
v 0.200195 -0.276367 -0.057617
v 0.219727 -0.256836 -0.045898
v 0.219727 -0.276367 -0.057617
v 0.219727 -0.266602 -0.036133
v 0.219727 -0.256836 -0.045898
v 0.219727 -0.245117 -0.026367
v 0.215820 -0.254883 -0.020508
v 0.215820 -0.266602 -0.036133
v 0.219727 -0.266602 -0.036133
v 0.219727 -0.266602 -0.036133
v 0.219727 -0.254883 -0.020508
v 0.215820 -0.254883 -0.020508
v 0.219727 -0.245117 -0.026367
v 0.219727 -0.254883 -0.020508
v 0.219727 -0.266602 -0.036133
v 0.219727 -0.256836 -0.045898
v 0.200195 -0.276367 -0.057617
v 0.200195 -0.256836 -0.045898
v 0.219727 -0.256836 -0.045898
v 0.200195 -0.256836 -0.045898
v 0.219727 -0.245117 -0.026367
v 0.215820 -0.311523 -0.047852
v 0.215820 -0.305664 -0.049805
v 0.215820 -0.307617 -0.047852
v 0.215820 -0.311523 -0.047852
v 0.215820 -0.307617 -0.047852
v 0.209961 -0.307617 -0.047852
v 0.209961 -0.307617 -0.047852
v 0.209961 -0.311523 -0.047852
v 0.215820 -0.311523 -0.047852
v 0.215820 -0.311523 -0.047852
v 0.209961 -0.311523 -0.047852
v 0.215820 -0.311523 0.002930
v 0.215820 -0.284180 -0.045898
v 0.215820 -0.307617 -0.047852
v 0.215820 -0.305664 -0.049805
v 0.209961 -0.288086 -0.041992
v 0.209961 -0.307617 -0.047852
v 0.215820 -0.307617 -0.047852
v 0.215820 -0.307617 -0.047852
v 0.215820 -0.284180 -0.045898
v 0.215820 -0.288086 -0.041992
v 0.215820 -0.307617 -0.047852
v 0.215820 -0.288086 -0.041992
v 0.209961 -0.288086 -0.041992
v 0.209961 -0.311523 -0.047852
v 0.209961 -0.307617 -0.047852
v 0.209961 -0.311523 0.002930
v 0.209961 -0.311523 0.002930
v 0.215820 -0.311523 0.002930
v 0.209961 -0.311523 -0.047852
v 0.209961 -0.307617 -0.047852
v 0.209961 -0.288086 -0.041992
v 0.209961 -0.311523 0.002930
v 0.215820 -0.272461 -0.032227
v 0.215820 -0.288086 -0.041992
v 0.215820 -0.284180 -0.045898
v 0.215820 -0.284180 -0.045898
v 0.215820 -0.266602 -0.036133
v 0.215820 -0.272461 -0.032227
v 0.215820 -0.272461 -0.032227
v 0.209961 -0.288086 -0.041992
v 0.215820 -0.288086 -0.041992
v 0.209961 -0.288086 -0.041992
v 0.215820 -0.272461 -0.032227
v 0.209961 -0.272461 -0.032227
v 0.209961 -0.288086 -0.041992
v 0.209961 -0.272461 -0.032227
v 0.209961 -0.311523 0.002930
v 0.215820 -0.260742 -0.018555
v 0.215820 -0.272461 -0.032227
v 0.215820 -0.266602 -0.036133
v 0.215820 -0.254883 -0.020508
v 0.215820 -0.260742 -0.018555
v 0.215820 -0.266602 -0.036133
v 0.209961 -0.260742 -0.018555
v 0.209961 -0.272461 -0.032227
v 0.215820 -0.272461 -0.032227
v 0.215820 -0.272461 -0.032227
v 0.215820 -0.260742 -0.018555
v 0.209961 -0.260742 -0.018555
v 0.209961 -0.272461 -0.032227
v 0.209961 -0.260742 -0.018555
v 0.209961 -0.311523 0.002930
v 0.200195 -0.245117 -0.026367
v 0.219727 -0.245117 -0.026367
v 0.200195 -0.256836 -0.045898
v 0.200195 -0.239258 0.010742
v 0.200195 -0.245117 -0.026367
v 0.200195 -0.256836 -0.045898
v 0.215820 -0.250977 0.002930
v 0.215820 -0.254883 -0.020508
v 0.219727 -0.254883 -0.020508
v 0.219727 -0.254883 -0.020508
v 0.219727 -0.245117 -0.026367
v 0.219727 -0.250977 0.002930
v 0.219727 -0.254883 -0.020508
v 0.219727 -0.250977 0.002930
v 0.215820 -0.250977 0.002930
v 0.215820 -0.260742 -0.018555
v 0.215820 -0.254883 -0.020508
v 0.215820 -0.256836 0.002930
v 0.209961 -0.256836 0.002930
v 0.209961 -0.260742 -0.018555
v 0.215820 -0.260742 -0.018555
v 0.215820 -0.260742 -0.018555
v 0.215820 -0.256836 0.002930
v 0.209961 -0.256836 0.002930
v 0.215820 -0.250977 0.002930
v 0.215820 -0.256836 0.002930
v 0.215820 -0.254883 -0.020508
v 0.209961 -0.256836 0.002930
v 0.209961 -0.311523 0.002930
v 0.209961 -0.260742 -0.018555
v 0.211914 -0.165039 -0.233398
v 0.211914 -0.190430 -0.233398
v 0.247070 -0.190430 -0.231445
v 0.247070 -0.190430 -0.231445
v 0.249023 -0.165039 -0.231445
v 0.211914 -0.165039 -0.233398
v 0.211914 -0.190430 -0.233398
v 0.211914 -0.165039 -0.233398
v 0.180664 -0.190430 -0.233398
v 0.249023 -0.190430 -0.206055
v 0.211914 -0.190430 -0.204102
v 0.249023 -0.165039 -0.206055
v 0.211914 -0.190430 -0.073242
v 0.211914 -0.190430 -0.204102
v 0.249023 -0.190430 -0.206055
v 0.249023 -0.190430 -0.206055
v 0.249023 -0.165039 -0.206055
v 0.247070 -0.190430 -0.073242
v 0.249023 -0.190430 -0.206055
v 0.247070 -0.190430 -0.073242
v 0.211914 -0.190430 -0.073242
v 0.211914 -0.165039 -0.204102
v 0.249023 -0.165039 -0.206055
v 0.211914 -0.190430 -0.204102
v 0.180664 -0.168945 -0.204102
v 0.211914 -0.165039 -0.204102
v 0.211914 -0.190430 -0.204102
v 0.211914 -0.190430 -0.204102
v 0.180664 -0.190430 -0.206055
v 0.180664 -0.168945 -0.204102
v 0.211914 -0.190430 -0.073242
v 0.180664 -0.190430 -0.206055
v 0.211914 -0.190430 -0.204102
v 0.243164 -0.110352 -0.239258
v 0.231445 -0.165039 -0.239258
v 0.243164 -0.165039 -0.239258
v 0.231445 -0.165039 -0.239258
v 0.243164 -0.110352 -0.239258
v 0.231445 -0.110352 -0.239258
v 0.180664 -0.166992 -0.233398
v 0.180664 -0.190430 -0.233398
v 0.211914 -0.165039 -0.233398
v 0.249023 -0.165039 -0.206055
v 0.211914 -0.165039 -0.204102
v 0.249023 -0.166992 -0.073242
v 0.249023 -0.166992 -0.073242
v 0.247070 -0.190430 -0.073242
v 0.249023 -0.165039 -0.206055
v 0.243164 -0.166992 -0.182617
v 0.233398 -0.166992 -0.192383
v 0.245117 -0.166992 -0.192383
v 0.245117 -0.166992 -0.192383
v 0.233398 -0.166992 -0.192383
v 0.233398 -0.112305 -0.192383
v 0.245117 -0.112305 -0.192383
v 0.243164 -0.166992 -0.182617
v 0.245117 -0.166992 -0.192383
v 0.233398 -0.112305 -0.192383
v 0.245117 -0.112305 -0.192383
v 0.245117 -0.166992 -0.192383
v 0.233398 -0.166992 -0.192383
v 0.243164 -0.166992 -0.182617
v 0.231445 -0.166992 -0.182617
v 0.233398 -0.166992 -0.192383
v 0.231445 -0.166992 -0.182617
v 0.231445 -0.112305 -0.182617
v 0.231445 -0.112305 -0.182617
v 0.233398 -0.112305 -0.192383
v 0.233398 -0.166992 -0.192383
v 0.211914 -0.165039 -0.204102
v 0.180664 -0.168945 -0.204102
v 0.180664 -0.166992 -0.075195
v 0.211914 -0.166992 -0.073242
v 0.249023 -0.166992 -0.073242
v 0.211914 -0.165039 -0.204102
v 0.180664 -0.166992 -0.075195
v 0.211914 -0.166992 -0.073242
v 0.211914 -0.165039 -0.204102
v 0.180664 -0.166992 -0.075195
v 0.180664 -0.168945 -0.204102
v 0.180664 -0.190430 -0.206055
v 0.180664 -0.190430 -0.206055
v 0.211914 -0.190430 -0.073242
v 0.180664 -0.190430 -0.073242
v 0.180664 -0.190430 -0.206055
v 0.180664 -0.190430 -0.073242
v 0.180664 -0.166992 -0.075195
v 0.204102 -0.241211 -0.180664
v 0.204102 -0.163086 -0.178711
v 0.204102 -0.163086 -0.100586
v 0.204102 -0.163086 -0.100586
v 0.204102 -0.241211 -0.100586
v 0.204102 -0.241211 -0.180664
v 0.231445 -0.112305 -0.182617
v 0.231445 -0.166992 -0.182617
v 0.243164 -0.166992 -0.182617
v 0.243164 -0.166992 -0.182617
v 0.245117 -0.112305 -0.192383
v 0.243164 -0.112305 -0.182617
v 0.243164 -0.166992 -0.182617
v 0.243164 -0.112305 -0.180664
v 0.231445 -0.112305 -0.182617
v 0.204102 -0.034180 -0.178711
v 0.190430 -0.163086 -0.170898
v 0.204102 -0.163086 -0.178711
v 0.204102 -0.163086 -0.178711
v 0.190430 -0.163086 -0.170898
v 0.190430 -0.163086 -0.110352
v 0.204102 0.067383 -0.254883
v 0.204102 -0.034180 -0.178711
v 0.204102 -0.163086 -0.178711
v 0.204102 -0.163086 -0.178711
v 0.190430 -0.163086 -0.110352
v 0.204102 -0.163086 -0.100586
v 0.190430 -0.163086 -0.170898
v 0.204102 -0.034180 -0.178711
v 0.190430 -0.043945 -0.170898
v 0.190430 -0.163086 -0.170898
v 0.190430 -0.043945 -0.170898
v 0.190430 -0.163086 -0.110352
v 0.249023 -0.116211 -0.243164
v 0.249023 -0.104492 -0.243164
v 0.249023 -0.102539 -0.233398
v 0.192383 -0.104492 -0.243164
v 0.249023 -0.104492 -0.243164
v 0.249023 -0.116211 -0.243164
v 0.249023 -0.102539 -0.233398
v 0.249023 -0.116211 -0.233398
v 0.249023 -0.116211 -0.243164
v 0.249023 -0.116211 -0.243164
v 0.249023 -0.116211 -0.233398
v 0.192383 -0.116211 -0.243164
v 0.249023 -0.116211 -0.243164
v 0.192383 -0.116211 -0.243164
v 0.192383 -0.104492 -0.243164
v 0.249023 -0.108398 -0.243164
v 0.249023 -0.100586 -0.249023
v 0.192383 -0.108398 -0.243164
v 0.192383 -0.104492 -0.243164
v 0.249023 -0.102539 -0.233398
v 0.249023 -0.104492 -0.243164
v 0.192383 -0.100586 -0.249023
v 0.192383 -0.108398 -0.243164
v 0.249023 -0.100586 -0.249023
v 0.249023 -0.116211 -0.233398
v 0.249023 -0.102539 -0.233398
v 0.192383 -0.102539 -0.233398
v 0.192383 -0.116211 -0.233398
v 0.192383 -0.116211 -0.243164
v 0.249023 -0.116211 -0.233398
v 0.192383 -0.102539 -0.233398
v 0.192383 -0.116211 -0.233398
v 0.249023 -0.116211 -0.233398
v 0.249023 -0.102539 -0.233398
v 0.192383 -0.104492 -0.243164
v 0.192383 -0.102539 -0.233398
v 0.192383 -0.102539 -0.233398
v 0.192383 -0.104492 -0.243164
v 0.192383 -0.116211 -0.243164
v 0.192383 -0.116211 -0.243164
v 0.192383 -0.116211 -0.233398
v 0.192383 -0.102539 -0.233398
v 0.249023 -0.106445 -0.190430
v 0.249023 -0.116211 -0.188477
v 0.249023 -0.116211 -0.198242
v 0.249023 -0.116211 -0.198242
v 0.249023 -0.116211 -0.188477
v 0.192383 -0.116211 -0.198242
v 0.249023 -0.116211 -0.198242
v 0.249023 -0.104492 -0.198242
v 0.249023 -0.106445 -0.190430
v 0.192383 -0.104492 -0.198242
v 0.249023 -0.104492 -0.198242
v 0.249023 -0.116211 -0.198242
v 0.249023 -0.116211 -0.198242
v 0.192383 -0.116211 -0.198242
v 0.192383 -0.104492 -0.198242
v 0.245117 -0.112305 -0.192383
v 0.233398 -0.112305 -0.192383
v 0.231445 -0.112305 -0.182617
v 0.231445 -0.112305 -0.182617
v 0.243164 -0.112305 -0.182617
v 0.245117 -0.112305 -0.192383
v 0.249023 -0.116211 -0.188477
v 0.249023 -0.106445 -0.190430
v 0.192383 -0.106445 -0.190430
v 0.192383 -0.116211 -0.188477
v 0.192383 -0.116211 -0.198242
v 0.249023 -0.116211 -0.188477
v 0.192383 -0.106445 -0.190430
v 0.192383 -0.116211 -0.188477
v 0.249023 -0.116211 -0.188477
v 0.192383 -0.104492 -0.198242
v 0.249023 -0.106445 -0.190430
v 0.249023 -0.104492 -0.198242
v 0.249023 -0.106445 -0.190430
v 0.192383 -0.104492 -0.198242
v 0.192383 -0.106445 -0.190430
v 0.249023 -0.108398 -0.188477
v 0.192383 -0.110352 -0.190430
v 0.249023 -0.100586 -0.182617
v 0.249023 -0.108398 -0.084961
v 0.192383 -0.110352 -0.190430
v 0.249023 -0.108398 -0.188477
v 0.249023 -0.108398 -0.188477
v 0.249023 -0.100586 -0.182617
v 0.249023 -0.102539 -0.090820
v 0.249023 -0.108398 -0.188477
v 0.249023 -0.102539 -0.090820
v 0.249023 -0.108398 -0.084961
v 0.192383 -0.116211 -0.198242
v 0.192383 -0.116211 -0.188477
v 0.192383 -0.106445 -0.190430
v 0.192383 -0.106445 -0.190430
v 0.192383 -0.104492 -0.198242
v 0.192383 -0.116211 -0.198242
v 0.192383 -0.102539 -0.182617
v 0.249023 -0.100586 -0.182617
v 0.192383 -0.110352 -0.190430
v 0.192383 -0.108398 -0.084961
v 0.192383 -0.102539 -0.182617
v 0.192383 -0.110352 -0.190430
v 0.192383 -0.110352 -0.190430
v 0.249023 -0.108398 -0.084961
v 0.192383 -0.108398 -0.084961
v 0.249023 -0.100586 -0.182617
v 0.192383 -0.102539 -0.182617
v 0.249023 -0.102539 -0.090820
v 0.192383 -0.102539 -0.090820
v 0.249023 -0.102539 -0.090820
v 0.192383 -0.102539 -0.182617
v 0.192383 -0.108398 -0.084961
v 0.192383 -0.102539 -0.090820
v 0.192383 -0.102539 -0.182617
v 0.204102 -0.034180 -0.102539
v 0.190430 -0.043945 -0.170898
v 0.204102 -0.034180 -0.178711
v 0.204102 0.065430 -0.100586
v 0.204102 -0.034180 -0.102539
v 0.204102 -0.034180 -0.178711
v 0.204102 -0.034180 -0.178711
v 0.204102 0.067383 -0.254883
v 0.204102 0.065430 -0.178711
v 0.204102 -0.034180 -0.178711
v 0.204102 0.065430 -0.178711
v 0.204102 0.065430 -0.100586
v 0.190430 -0.043945 -0.110352
v 0.190430 -0.163086 -0.110352
v 0.190430 -0.043945 -0.170898
v 0.204102 -0.034180 -0.102539
v 0.190430 -0.043945 -0.110352
v 0.190430 -0.043945 -0.170898
v 0.204102 -0.241211 -0.100586
v 0.204102 -0.163086 -0.100586
v 0.204102 -0.163086 -0.026367
v 0.211914 -0.166992 -0.073242
v 0.211914 -0.190430 -0.073242
v 0.247070 -0.190430 -0.073242
v 0.247070 -0.190430 -0.073242
v 0.249023 -0.166992 -0.073242
v 0.211914 -0.166992 -0.073242
v 0.211914 -0.190430 -0.073242
v 0.211914 -0.166992 -0.073242
v 0.180664 -0.190430 -0.073242
v 0.190430 -0.043945 -0.110352
v 0.204102 -0.163086 -0.100586
v 0.190430 -0.163086 -0.110352
v 0.204102 -0.034180 -0.026367
v 0.204102 -0.163086 -0.026367
v 0.204102 -0.163086 -0.100586
v 0.204102 -0.163086 -0.100586
v 0.190430 -0.043945 -0.110352
v 0.204102 -0.034180 -0.102539
v 0.204102 -0.163086 -0.100586
v 0.204102 -0.034180 -0.102539
v 0.204102 -0.034180 -0.026367
v 0.245117 -0.166992 -0.090820
v 0.243164 -0.166992 -0.079102
v 0.231445 -0.166992 -0.081055
v 0.245117 -0.112305 -0.090820
v 0.243164 -0.166992 -0.079102
v 0.245117 -0.166992 -0.090820
v 0.231445 -0.166992 -0.081055
v 0.233398 -0.166992 -0.092773
v 0.245117 -0.166992 -0.090820
v 0.245117 -0.166992 -0.090820
v 0.233398 -0.166992 -0.092773
v 0.233398 -0.112305 -0.092773
v 0.233398 -0.112305 -0.092773
v 0.245117 -0.112305 -0.090820
v 0.245117 -0.166992 -0.090820
v 0.243164 -0.112305 -0.079102
v 0.231445 -0.166992 -0.081055
v 0.243164 -0.166992 -0.079102
v 0.243164 -0.166992 -0.079102
v 0.245117 -0.112305 -0.090820
v 0.243164 -0.112305 -0.079102
v 0.233398 -0.166992 -0.092773
v 0.231445 -0.166992 -0.081055
v 0.231445 -0.112305 -0.081055
v 0.231445 -0.112305 -0.081055
v 0.233398 -0.112305 -0.092773
v 0.233398 -0.166992 -0.092773
v 0.231445 -0.166992 -0.081055
v 0.243164 -0.112305 -0.079102
v 0.231445 -0.112305 -0.081055
v 0.180664 -0.166992 -0.075195
v 0.180664 -0.190430 -0.073242
v 0.211914 -0.166992 -0.073242
v 0.249023 -0.190430 -0.049805
v 0.211914 -0.190430 -0.049805
v 0.249023 -0.165039 -0.049805
v 0.211914 -0.190430 0.077148
v 0.211914 -0.190430 -0.049805
v 0.249023 -0.190430 -0.049805
v 0.249023 -0.190430 -0.049805
v 0.249023 -0.165039 -0.049805
v 0.247070 -0.190430 0.079102
v 0.249023 -0.190430 -0.049805
v 0.247070 -0.190430 0.079102
v 0.211914 -0.190430 0.077148
v 0.211914 -0.165039 -0.049805
v 0.249023 -0.165039 -0.049805
v 0.211914 -0.190430 -0.049805
v 0.180664 -0.166992 -0.047852
v 0.211914 -0.165039 -0.049805
v 0.211914 -0.190430 -0.049805
v 0.211914 -0.190430 -0.049805
v 0.180664 -0.190430 -0.049805
v 0.180664 -0.166992 -0.047852
v 0.211914 -0.190430 0.077148
v 0.180664 -0.190430 -0.049805
v 0.211914 -0.190430 -0.049805
v 0.219727 -0.245117 -0.026367
v 0.200195 -0.245117 -0.026367
v 0.219727 -0.239258 0.000977
v 0.219727 -0.239258 0.000977
v 0.219727 -0.250977 0.002930
v 0.219727 -0.245117 -0.026367
v 0.200195 -0.239258 0.000977
v 0.219727 -0.239258 0.000977
v 0.200195 -0.245117 -0.026367
v 0.200195 -0.239258 0.010742
v 0.200195 -0.239258 0.000977
v 0.200195 -0.245117 -0.026367
v 0.249023 -0.165039 -0.049805
v 0.211914 -0.165039 -0.049805
v 0.249023 -0.165039 0.077148
v 0.249023 -0.165039 0.077148
v 0.247070 -0.190430 0.079102
v 0.249023 -0.165039 -0.049805
v 0.245117 -0.166992 -0.041992
v 0.243164 -0.166992 -0.032227
v 0.231445 -0.166992 -0.032227
v 0.245117 -0.112305 -0.041992
v 0.243164 -0.166992 -0.032227
v 0.245117 -0.166992 -0.041992
v 0.231445 -0.166992 -0.032227
v 0.233398 -0.166992 -0.043945
v 0.245117 -0.166992 -0.041992
v 0.245117 -0.166992 -0.041992
v 0.233398 -0.166992 -0.043945
v 0.233398 -0.112305 -0.043945
v 0.233398 -0.112305 -0.043945
v 0.245117 -0.112305 -0.041992
v 0.245117 -0.166992 -0.041992
v 0.243164 -0.112305 -0.032227
v 0.231445 -0.166992 -0.032227
v 0.243164 -0.166992 -0.032227
v 0.243164 -0.166992 -0.032227
v 0.245117 -0.112305 -0.041992
v 0.243164 -0.112305 -0.032227
v 0.233398 -0.166992 -0.043945
v 0.231445 -0.166992 -0.032227
v 0.231445 -0.112305 -0.032227
v 0.231445 -0.112305 -0.032227
v 0.233398 -0.112305 -0.043945
v 0.233398 -0.166992 -0.043945
v 0.231445 -0.166992 -0.032227
v 0.243164 -0.112305 -0.032227
v 0.231445 -0.112305 -0.032227
v 0.211914 -0.165039 -0.049805
v 0.180664 -0.166992 -0.047852
v 0.180664 -0.166992 0.075195
v 0.211914 -0.165039 0.077148
v 0.249023 -0.165039 0.077148
v 0.211914 -0.165039 -0.049805
v 0.180664 -0.166992 0.075195
v 0.211914 -0.165039 0.077148
v 0.211914 -0.165039 -0.049805
v 0.241211 -0.165039 -0.012695
v 0.233398 -0.165039 -0.020508
v 0.241211 -0.165039 -0.020508
v 0.241211 -0.165039 -0.020508
v 0.233398 -0.165039 -0.020508
v 0.231445 0.063477 -0.016602
v 0.239258 0.063477 -0.016602
v 0.241211 -0.165039 -0.012695
v 0.241211 -0.165039 -0.020508
v 0.231445 0.063477 -0.016602
v 0.239258 0.063477 -0.016602
v 0.241211 -0.165039 -0.020508
v 0.233398 -0.165039 -0.020508
v 0.241211 -0.165039 -0.012695
v 0.233398 -0.165039 -0.012695
v 0.233398 -0.165039 -0.020508
v 0.233398 -0.165039 -0.012695
v 0.231445 0.063477 -0.010742
v 0.231445 0.063477 -0.010742
v 0.231445 0.063477 -0.016602
v 0.233398 -0.165039 -0.020508
v 0.239258 0.063477 -0.010742
v 0.233398 -0.165039 -0.012695
v 0.241211 -0.165039 -0.012695
v 0.241211 -0.165039 -0.012695
v 0.239258 0.063477 -0.016602
v 0.239258 0.063477 -0.010742
v 0.233398 -0.165039 -0.012695
v 0.239258 0.063477 -0.010742
v 0.231445 0.063477 -0.010742
v 0.204102 -0.034180 -0.026367
v 0.190430 -0.163086 -0.018555
v 0.204102 -0.163086 -0.026367
v 0.204102 -0.163086 -0.026367
v 0.190430 -0.163086 -0.018555
v 0.190430 -0.163086 0.043945
v 0.204102 -0.163086 -0.026367
v 0.190430 -0.163086 0.043945
v 0.204102 -0.163086 0.051758
v 0.190430 -0.163086 -0.018555
v 0.204102 -0.034180 -0.026367
v 0.190430 -0.043945 -0.018555
v 0.190430 -0.163086 -0.018555
v 0.190430 -0.043945 -0.018555
v 0.190430 -0.163086 0.043945
v 0.180664 -0.166992 0.075195
v 0.180664 -0.166992 -0.047852
v 0.180664 -0.190430 -0.049805
v 0.180664 -0.190430 -0.049805
v 0.211914 -0.190430 0.077148
v 0.180664 -0.190430 0.075195
v 0.180664 -0.190430 -0.049805
v 0.180664 -0.190430 0.075195
v 0.180664 -0.166992 0.075195
v 0.231445 -0.112305 -0.081055
v 0.243164 -0.112305 -0.079102
v 0.245117 -0.112305 -0.090820
v 0.245117 -0.112305 -0.090820
v 0.233398 -0.112305 -0.092773
v 0.231445 -0.112305 -0.081055
v 0.249023 -0.116211 -0.084961
v 0.249023 -0.108398 -0.084961
v 0.249023 -0.106445 -0.075195
v 0.192383 -0.116211 -0.084961
v 0.249023 -0.108398 -0.084961
v 0.249023 -0.116211 -0.084961
v 0.249023 -0.106445 -0.075195
v 0.249023 -0.116211 -0.075195
v 0.249023 -0.116211 -0.084961
v 0.249023 -0.116211 -0.084961
v 0.249023 -0.116211 -0.075195
v 0.192383 -0.116211 -0.084961
v 0.192383 -0.108398 -0.084961
v 0.249023 -0.108398 -0.084961
v 0.249023 -0.102539 -0.090820
v 0.249023 -0.102539 -0.090820
v 0.192383 -0.102539 -0.090820
v 0.192383 -0.108398 -0.084961
v 0.192383 -0.106445 -0.075195
v 0.249023 -0.106445 -0.075195
v 0.249023 -0.108398 -0.084961
v 0.249023 -0.108398 -0.084961
v 0.192383 -0.116211 -0.084961
v 0.192383 -0.108398 -0.084961
v 0.249023 -0.108398 -0.084961
v 0.192383 -0.108398 -0.084961
v 0.192383 -0.106445 -0.075195
v 0.249023 -0.116211 -0.075195
v 0.249023 -0.106445 -0.075195
v 0.192383 -0.106445 -0.075195
v 0.192383 -0.116211 -0.075195
v 0.192383 -0.116211 -0.084961
v 0.249023 -0.116211 -0.075195
v 0.192383 -0.106445 -0.075195
v 0.192383 -0.116211 -0.075195
v 0.249023 -0.116211 -0.075195
v 0.192383 -0.116211 -0.075195
v 0.192383 -0.108398 -0.084961
v 0.192383 -0.116211 -0.084961
v 0.192383 -0.108398 -0.084961
v 0.192383 -0.116211 -0.075195
v 0.192383 -0.106445 -0.075195
v 0.204102 0.065430 -0.026367
v 0.204102 -0.034180 -0.026367
v 0.204102 -0.034180 -0.102539
v 0.204102 -0.034180 -0.102539
v 0.204102 0.065430 -0.100586
v 0.204102 0.065430 -0.026367
v 0.249023 -0.116211 -0.047852
v 0.249023 -0.104492 -0.047852
v 0.249023 -0.106445 -0.040039
v 0.192383 -0.104492 -0.047852
v 0.249023 -0.104492 -0.047852
v 0.249023 -0.116211 -0.047852
v 0.249023 -0.106445 -0.040039
v 0.249023 -0.116211 -0.040039
v 0.249023 -0.116211 -0.047852
v 0.249023 -0.116211 -0.047852
v 0.249023 -0.116211 -0.040039
v 0.192383 -0.116211 -0.047852
v 0.249023 -0.116211 -0.047852
v 0.192383 -0.116211 -0.047852
v 0.192383 -0.104492 -0.047852
v 0.192383 -0.104492 -0.047852
v 0.249023 -0.106445 -0.040039
v 0.249023 -0.104492 -0.047852
v 0.249023 -0.116211 -0.040039
v 0.249023 -0.106445 -0.040039
v 0.192383 -0.106445 -0.040039
v 0.192383 -0.116211 -0.040039
v 0.192383 -0.116211 -0.047852
v 0.249023 -0.116211 -0.040039
v 0.192383 -0.106445 -0.040039
v 0.192383 -0.116211 -0.040039
v 0.249023 -0.116211 -0.040039
v 0.231445 -0.112305 -0.032227
v 0.243164 -0.112305 -0.032227
v 0.245117 -0.112305 -0.041992
v 0.245117 -0.112305 -0.041992
v 0.233398 -0.112305 -0.043945
v 0.231445 -0.112305 -0.032227
v 0.192383 -0.108398 -0.040039
v 0.249023 -0.100586 -0.032227
v 0.249023 -0.108398 -0.040039
v 0.249023 -0.108398 -0.040039
v 0.249023 -0.100586 -0.032227
v 0.249023 -0.102539 0.059570
v 0.249023 -0.108398 0.067383
v 0.192383 -0.108398 -0.040039
v 0.249023 -0.108398 -0.040039
v 0.249023 -0.108398 -0.040039
v 0.249023 -0.102539 0.059570
v 0.249023 -0.108398 0.067383
v 0.249023 -0.106445 -0.040039
v 0.192383 -0.104492 -0.047852
v 0.192383 -0.106445 -0.040039
v 0.249023 -0.100586 -0.032227
v 0.192383 -0.108398 -0.040039
v 0.192383 -0.100586 -0.032227
v 0.249023 -0.100586 -0.032227
v 0.192383 -0.100586 -0.032227
v 0.249023 -0.102539 0.059570
v 0.192383 -0.106445 -0.040039
v 0.192383 -0.104492 -0.047852
v 0.192383 -0.116211 -0.047852
v 0.192383 -0.116211 -0.047852
v 0.192383 -0.116211 -0.040039
v 0.192383 -0.106445 -0.040039
v 0.192383 -0.108398 0.067383
v 0.192383 -0.100586 -0.032227
v 0.192383 -0.108398 -0.040039
v 0.192383 -0.108398 -0.040039
v 0.249023 -0.108398 0.067383
v 0.192383 -0.108398 0.067383
v 0.192383 -0.102539 0.059570
v 0.249023 -0.102539 0.059570
v 0.192383 -0.100586 -0.032227
v 0.192383 -0.108398 0.067383
v 0.192383 -0.102539 0.059570
v 0.192383 -0.100586 -0.032227
v 0.204102 -0.034180 0.051758
v 0.190430 -0.043945 -0.018555
v 0.204102 -0.034180 -0.026367
v 0.204102 -0.034180 -0.026367
v 0.204102 0.065430 -0.026367
v 0.204102 -0.034180 0.051758
v 0.190430 -0.043945 0.043945
v 0.190430 -0.163086 0.043945
v 0.190430 -0.043945 -0.018555
v 0.204102 -0.034180 0.051758
v 0.190430 -0.043945 0.043945
v 0.190430 -0.043945 -0.018555
v -0.020508 0.360352 -0.405273
v 0.286133 0.309570 -0.393555
v 0.256836 0.245117 -0.393555
v 0.256836 0.245117 -0.393555
v 0.286133 0.309570 -0.393555
v 0.288086 0.309570 0.413086
v -0.018555 0.360352 0.424805
v -0.020508 0.360352 -0.405273
v 0.256836 0.245117 -0.393555
v 0.288086 0.309570 0.413086
v 0.256836 0.243164 0.413086
v 0.256836 0.245117 -0.393555
v 0.256836 0.245117 -0.393555
v 0.256836 0.243164 0.413086
v -0.018555 0.360352 0.424805
v 0.026367 0.409180 -0.352539
v 0.247070 0.325195 -0.346680
v 0.286133 0.309570 -0.393555
v 0.286133 0.309570 -0.393555
v 0.247070 0.325195 -0.346680
v 0.288086 0.309570 0.413086
v -0.010742 0.424805 -0.403320
v 0.026367 0.409180 -0.352539
v 0.286133 0.309570 -0.393555
v 0.286133 0.309570 -0.393555
v -0.020508 0.360352 -0.405273
v -0.010742 0.424805 -0.403320
v 0.116211 0.038086 -0.440430
v 0.116211 0.061523 -0.442383
v 0.116211 0.061523 -0.399414
v -0.012695 0.061523 -0.442383
v 0.116211 0.061523 -0.442383
v 0.116211 0.038086 -0.440430
v 0.116211 0.061523 -0.399414
v 0.114258 0.038086 -0.399414
v 0.116211 0.038086 -0.440430
v 0.116211 0.038086 -0.440430
v 0.114258 0.038086 -0.399414
v -0.012695 0.038086 -0.399414
v 0.116211 0.038086 -0.440430
v -0.012695 0.038086 -0.442383
v -0.012695 0.061523 -0.442383
v -0.012695 0.038086 -0.399414
v -0.012695 0.038086 -0.442383
v 0.116211 0.038086 -0.440430
v -0.012695 0.061523 -0.399414
v 0.116211 0.061523 -0.399414
v 0.116211 0.061523 -0.442383
v 0.116211 0.061523 -0.442383
v -0.012695 0.061523 -0.442383
v -0.012695 0.061523 -0.399414
v 0.108398 0.061523 -0.438477
v 0.100586 0.061523 -0.438477
v 0.108398 0.120117 -0.438477
v 0.098633 0.061523 -0.426758
v 0.100586 0.061523 -0.438477
v 0.108398 0.061523 -0.438477
v 0.108398 0.061523 -0.438477
v 0.108398 0.120117 -0.438477
v 0.108398 0.061523 -0.426758
v 0.108398 0.061523 -0.438477
v 0.108398 0.061523 -0.426758
v 0.098633 0.061523 -0.426758
v 0.100586 0.120117 -0.438477
v 0.108398 0.120117 -0.438477
v 0.100586 0.061523 -0.438477
v 0.098633 0.118164 -0.426758
v 0.100586 0.118164 -0.438477
v 0.100586 0.061523 -0.438477
v 0.100586 0.061523 -0.438477
v 0.098633 0.061523 -0.426758
v 0.098633 0.118164 -0.426758
v 0.106445 0.112305 -0.440430
v 0.116211 0.120117 -0.440430
v 0.116211 0.112305 -0.440430
v 0.116211 0.112305 -0.440430
v 0.116211 0.120117 -0.440430
v 0.114258 0.122070 -0.377930
v 0.106445 0.112305 -0.377930
v 0.106445 0.112305 -0.440430
v 0.116211 0.112305 -0.440430
v 0.114258 0.122070 -0.377930
v 0.114258 0.112305 -0.377930
v 0.116211 0.112305 -0.440430
v 0.116211 0.112305 -0.440430
v 0.114258 0.112305 -0.377930
v 0.106445 0.112305 -0.377930
v 0.116211 0.120117 -0.440430
v 0.106445 0.112305 -0.440430
v 0.106445 0.120117 -0.440430
v 0.116211 0.120117 -0.440430
v 0.106445 0.120117 -0.440430
v 0.114258 0.122070 -0.377930
v 0.106445 0.112305 -0.377930
v 0.106445 0.120117 -0.440430
v 0.106445 0.112305 -0.440430
v 0.098633 0.125977 -0.440430
v 0.106445 0.118164 -0.377930
v 0.106445 0.118164 -0.440430
v 0.106445 0.118164 -0.440430
v 0.106445 0.118164 -0.377930
v -0.004883 0.120117 -0.377930
v -0.004883 0.120117 -0.440430
v 0.098633 0.125977 -0.440430
v 0.106445 0.118164 -0.440430
v -0.004883 0.120117 -0.377930
v -0.004883 0.120117 -0.440430
v 0.106445 0.118164 -0.440430
v 0.106445 0.120117 -0.377930
v 0.114258 0.122070 -0.377930
v 0.106445 0.120117 -0.440430
v 0.106445 0.120117 -0.440430
v 0.106445 0.112305 -0.377930
v 0.106445 0.120117 -0.377930
v 0.108398 0.120117 -0.438477
v 0.100586 0.118164 -0.438477
v 0.108398 0.118164 -0.426758
v 0.108398 0.118164 -0.426758
v 0.108398 0.061523 -0.426758
v 0.108398 0.120117 -0.438477
v 0.098633 0.118164 -0.426758
v 0.108398 0.118164 -0.426758
v 0.100586 0.118164 -0.438477
v 0.000977 0.061523 -0.438477
v 0.000977 0.118164 -0.438477
v 0.002930 0.061523 -0.426758
v -0.006836 0.118164 -0.438477
v 0.000977 0.118164 -0.438477
v 0.000977 0.061523 -0.438477
v 0.000977 0.061523 -0.438477
v 0.002930 0.061523 -0.426758
v -0.006836 0.061523 -0.438477
v 0.000977 0.061523 -0.438477
v -0.006836 0.061523 -0.438477
v -0.006836 0.118164 -0.438477
v 0.002930 0.118164 -0.426758
v 0.002930 0.061523 -0.426758
v 0.000977 0.118164 -0.438477
v -0.006836 0.118164 -0.438477
v 0.002930 0.118164 -0.426758
v 0.000977 0.118164 -0.438477
v 0.108398 0.118164 -0.426758
v 0.098633 0.061523 -0.426758
v 0.108398 0.061523 -0.426758
v 0.098633 0.061523 -0.426758
v 0.108398 0.118164 -0.426758
v 0.098633 0.118164 -0.426758
v 0.081055 0.061523 -0.426758
v 0.081055 0.061523 -0.434570
v 0.088867 0.061523 -0.434570
v 0.088867 0.061523 -0.434570
v 0.081055 0.061523 -0.434570
v 0.081055 0.118164 -0.434570
v 0.088867 0.061523 -0.434570
v 0.088867 0.061523 -0.426758
v 0.081055 0.061523 -0.426758
v 0.086914 0.118164 -0.434570
v 0.088867 0.061523 -0.426758
v 0.088867 0.061523 -0.434570
v 0.081055 0.118164 -0.434570
v 0.086914 0.118164 -0.434570
v 0.088867 0.061523 -0.434570
v 0.081055 0.061523 -0.434570
v 0.081055 0.061523 -0.426758
v 0.081055 0.118164 -0.426758
v 0.081055 0.118164 -0.426758
v 0.081055 0.118164 -0.434570
v 0.081055 0.061523 -0.434570
v 0.086914 0.118164 -0.426758
v 0.081055 0.061523 -0.426758
v 0.088867 0.061523 -0.426758
v 0.088867 0.061523 -0.426758
v 0.086914 0.118164 -0.434570
v 0.086914 0.118164 -0.426758
v 0.081055 0.061523 -0.426758
v 0.086914 0.118164 -0.426758
v 0.081055 0.118164 -0.426758
v 0.069336 0.118164 -0.434570
v 0.069336 0.061523 -0.426758
v 0.069336 0.061523 -0.434570
v 0.069336 0.061523 -0.434570
v 0.069336 0.061523 -0.426758
v 0.061523 0.061523 -0.426758
v 0.063477 0.118164 -0.434570
v 0.069336 0.118164 -0.434570
v 0.069336 0.061523 -0.434570
v 0.061523 0.061523 -0.434570
v 0.063477 0.118164 -0.434570
v 0.069336 0.061523 -0.434570
v 0.061523 0.061523 -0.426758
v 0.061523 0.061523 -0.434570
v 0.069336 0.061523 -0.434570
v 0.069336 0.061523 -0.426758
v 0.069336 0.118164 -0.434570
v 0.069336 0.118164 -0.426758
v 0.069336 0.061523 -0.426758
v 0.069336 0.118164 -0.426758
v 0.061523 0.061523 -0.426758
v 0.114258 0.038086 -0.399414
v 0.116211 0.061523 -0.399414
v 0.114258 0.038086 -0.360352
v 0.114258 0.038086 -0.399414
v 0.114258 0.038086 -0.360352
v -0.012695 0.038086 -0.360352
v -0.012695 0.038086 -0.360352
v -0.012695 0.038086 -0.399414
v 0.114258 0.038086 -0.399414
v 0.116211 0.061523 -0.399414
v 0.100586 0.061523 -0.375977
v 0.116211 0.059570 -0.360352
v -0.012695 0.061523 -0.399414
v 0.100586 0.061523 -0.375977
v 0.116211 0.061523 -0.399414
v 0.116211 0.059570 -0.360352
v 0.114258 0.038086 -0.360352
v 0.116211 0.061523 -0.399414
v 0.100586 0.061523 -0.375977
v 0.100586 0.118164 -0.375977
v 0.098633 0.061523 -0.356445
v 0.096680 0.202148 -0.374023
v 0.100586 0.118164 -0.375977
v 0.100586 0.061523 -0.375977
v 0.100586 0.061523 -0.375977
v 0.000977 0.061523 -0.375977
v 0.096680 0.061523 -0.374023
v 0.100586 0.061523 -0.375977
v 0.000977 0.061523 -0.375977
v 0.020508 0.061523 -0.354492
v -0.012695 0.061523 -0.399414
v 0.000977 0.061523 -0.375977
v 0.100586 0.061523 -0.375977
v -0.012695 0.059570 -0.360352
v 0.116211 0.059570 -0.360352
v 0.100586 0.061523 -0.375977
v 0.100586 0.061523 -0.375977
v 0.096680 0.061523 -0.374023
v 0.096680 0.202148 -0.374023
v 0.100586 0.061523 -0.375977
v 0.098633 0.061523 -0.356445
v 0.020508 0.061523 -0.354492
v 0.100586 0.061523 -0.375977
v 0.098633 0.061523 -0.356445
v -0.012695 0.059570 -0.360352
v 0.110352 0.116211 -0.436523
v 0.110352 0.124023 -0.436523
v 0.112305 0.118164 -0.432617
v -0.008789 0.127930 -0.434570
v 0.110352 0.124023 -0.436523
v 0.110352 0.116211 -0.436523
v 0.110352 0.116211 -0.436523
v 0.112305 0.118164 -0.432617
v -0.065430 0.118164 -0.428711
v -0.065430 0.118164 -0.428711
v -0.008789 0.118164 -0.434570
v 0.110352 0.116211 -0.436523
v 0.110352 0.116211 -0.436523
v -0.008789 0.118164 -0.434570
v -0.008789 0.127930 -0.434570
v 0.110352 0.127930 -0.432617
v 0.112305 0.118164 -0.432617
v 0.110352 0.124023 -0.436523
v -0.008789 0.127930 -0.434570
v 0.110352 0.127930 -0.432617
v 0.110352 0.124023 -0.436523
v 0.112305 0.118164 -0.432617
v 0.110352 0.127930 -0.432617
v -0.065430 0.118164 -0.428711
v 0.086914 0.118164 -0.434570
v 0.081055 0.118164 -0.434570
v 0.081055 0.118164 -0.426758
v 0.081055 0.118164 -0.426758
v 0.086914 0.118164 -0.426758
v 0.086914 0.118164 -0.434570
v 0.069336 0.118164 -0.434570
v 0.063477 0.118164 -0.434570
v 0.063477 0.118164 -0.426758
v 0.063477 0.118164 -0.426758
v 0.069336 0.118164 -0.426758
v 0.069336 0.118164 -0.434570
v 0.061523 0.061523 -0.434570
v 0.063477 0.118164 -0.426758
v 0.063477 0.118164 -0.434570
v 0.069336 0.118164 -0.426758
v 0.063477 0.118164 -0.426758
v 0.061523 0.061523 -0.426758
v 0.063477 0.118164 -0.426758
v 0.061523 0.061523 -0.434570
v 0.061523 0.061523 -0.426758
v 0.110352 0.118164 -0.383789
v 0.110352 0.124023 -0.379883
v 0.108398 0.120117 -0.375977
v 0.108398 0.125977 -0.381836
v 0.110352 0.124023 -0.379883
v 0.110352 0.118164 -0.383789
v 0.110352 0.118164 -0.383789
v 0.108398 0.120117 -0.375977
v -0.006836 0.118164 -0.375977
v -0.006836 0.118164 -0.381836
v 0.108398 0.125977 -0.381836
v 0.110352 0.118164 -0.383789
v -0.006836 0.118164 -0.375977
v -0.006836 0.118164 -0.381836
v 0.110352 0.118164 -0.383789
v 0.114258 0.112305 -0.377930
v 0.114258 0.122070 -0.377930
v 0.106445 0.112305 -0.377930
v -0.006836 0.118164 -0.375977
v 0.108398 0.120117 -0.375977
v 0.110352 0.124023 -0.379883
v 0.110352 0.124023 -0.379883
v 0.108398 0.125977 -0.381836
v -0.008789 0.125977 -0.381836
v -0.006836 0.122070 -0.377930
v -0.006836 0.118164 -0.375977
v 0.110352 0.124023 -0.379883
v -0.008789 0.125977 -0.381836
v -0.006836 0.122070 -0.377930
v 0.110352 0.124023 -0.379883
v 0.106445 0.120117 -0.377930
v 0.106445 0.112305 -0.377930
v 0.114258 0.122070 -0.377930
v 0.106445 0.118164 -0.377930
v 0.098633 0.125977 -0.440430
v 0.098633 0.125977 -0.377930
v 0.106445 0.118164 -0.377930
v 0.098633 0.125977 -0.377930
v 0.000977 0.127930 -0.377930
v 0.106445 0.118164 -0.377930
v 0.000977 0.127930 -0.377930
v -0.004883 0.120117 -0.377930
v 0.094727 0.200195 -0.352539
v 0.098633 0.061523 -0.356445
v 0.100586 0.118164 -0.375977
v 0.100586 0.118164 -0.375977
v 0.096680 0.202148 -0.374023
v 0.094727 0.200195 -0.352539
v 0.051758 0.061523 -0.434570
v 0.051758 0.061523 -0.426758
v 0.043945 0.061523 -0.426758
v 0.051758 0.118164 -0.434570
v 0.051758 0.061523 -0.426758
v 0.051758 0.061523 -0.434570
v 0.043945 0.061523 -0.426758
v 0.043945 0.061523 -0.434570
v 0.051758 0.061523 -0.434570
v 0.051758 0.061523 -0.434570
v 0.043945 0.061523 -0.434570
v 0.051758 0.118164 -0.434570
v 0.051758 0.118164 -0.426758
v 0.043945 0.061523 -0.426758
v 0.051758 0.061523 -0.426758
v 0.051758 0.061523 -0.426758
v 0.051758 0.118164 -0.434570
v 0.051758 0.118164 -0.426758
v 0.043945 0.061523 -0.434570
v 0.043945 0.061523 -0.426758
v 0.043945 0.118164 -0.426758
v 0.043945 0.118164 -0.434570
v 0.051758 0.118164 -0.434570
v 0.043945 0.061523 -0.434570
v 0.043945 0.118164 -0.426758
v 0.043945 0.118164 -0.434570
v 0.043945 0.061523 -0.434570
v 0.034180 0.061523 -0.434570
v 0.034180 0.061523 -0.426758
v 0.026367 0.061523 -0.426758
v 0.032227 0.118164 -0.434570
v 0.034180 0.061523 -0.426758
v 0.034180 0.061523 -0.434570
v 0.026367 0.061523 -0.426758
v 0.026367 0.061523 -0.434570
v 0.034180 0.061523 -0.434570
v 0.034180 0.061523 -0.434570
v 0.026367 0.061523 -0.434570
v 0.032227 0.118164 -0.434570
v 0.043945 0.061523 -0.426758
v 0.051758 0.118164 -0.426758
v 0.043945 0.118164 -0.426758
v 0.032227 0.118164 -0.426758
v 0.026367 0.061523 -0.426758
v 0.034180 0.061523 -0.426758
v 0.034180 0.061523 -0.426758
v 0.032227 0.118164 -0.434570
v 0.032227 0.118164 -0.426758
v 0.026367 0.061523 -0.434570
v 0.026367 0.061523 -0.426758
v 0.026367 0.118164 -0.426758
v 0.026367 0.118164 -0.434570
v 0.032227 0.118164 -0.434570
v 0.026367 0.061523 -0.434570
v 0.026367 0.118164 -0.426758
v 0.026367 0.118164 -0.434570
v 0.026367 0.061523 -0.434570
v 0.016602 0.061523 -0.434570
v 0.016602 0.061523 -0.426758
v 0.008789 0.061523 -0.426758
v 0.014648 0.118164 -0.434570
v 0.016602 0.061523 -0.426758
v 0.016602 0.061523 -0.434570
v 0.008789 0.061523 -0.426758
v 0.008789 0.061523 -0.434570
v 0.016602 0.061523 -0.434570
v 0.016602 0.061523 -0.434570
v 0.008789 0.061523 -0.434570
v 0.014648 0.118164 -0.434570
v 0.026367 0.061523 -0.426758
v 0.032227 0.118164 -0.426758
v 0.026367 0.118164 -0.426758
v 0.014648 0.118164 -0.426758
v 0.008789 0.061523 -0.426758
v 0.016602 0.061523 -0.426758
v 0.016602 0.061523 -0.426758
v 0.014648 0.118164 -0.434570
v 0.014648 0.118164 -0.426758
v 0.008789 0.061523 -0.434570
v 0.008789 0.061523 -0.426758
v 0.008789 0.118164 -0.426758
v 0.008789 0.118164 -0.434570
v 0.014648 0.118164 -0.434570
v 0.008789 0.061523 -0.434570
v 0.008789 0.118164 -0.426758
v 0.008789 0.118164 -0.434570
v 0.008789 0.061523 -0.434570
v 0.008789 0.061523 -0.426758
v 0.014648 0.118164 -0.426758
v 0.008789 0.118164 -0.426758
v 0.002930 0.061523 -0.426758
v 0.002930 0.118164 -0.426758
v -0.006836 0.061523 -0.426758
v -0.006836 0.061523 -0.426758
v -0.006836 0.061523 -0.438477
v 0.002930 0.061523 -0.426758
v 0.000977 0.061523 -0.375977
v 0.000977 0.118164 -0.375977
v 0.020508 0.061523 -0.354492
v -0.083008 0.202148 -0.374023
v 0.000977 0.118164 -0.375977
v 0.000977 0.061523 -0.375977
v 0.096680 0.061523 -0.354492
v 0.096680 0.061523 -0.374023
v 0.000977 0.061523 -0.375977
v 0.020508 0.061523 -0.354492
v 0.096680 0.061523 -0.354492
v 0.000977 0.061523 -0.375977
v 0.000977 0.061523 -0.375977
v -0.012695 0.061523 -0.399414
v -0.012695 0.059570 -0.360352
v 0.043945 0.118164 -0.434570
v 0.051758 0.118164 -0.426758
v 0.051758 0.118164 -0.434570
v 0.051758 0.118164 -0.426758
v 0.043945 0.118164 -0.434570
v 0.043945 0.118164 -0.426758
v 0.026367 0.118164 -0.434570
v 0.032227 0.118164 -0.426758
v 0.032227 0.118164 -0.434570
v 0.032227 0.118164 -0.426758
v 0.026367 0.118164 -0.434570
v 0.026367 0.118164 -0.426758
v 0.014648 0.118164 -0.434570
v 0.008789 0.118164 -0.434570
v 0.014648 0.118164 -0.426758
v 0.008789 0.118164 -0.426758
v 0.014648 0.118164 -0.426758
v 0.008789 0.118164 -0.434570
v 0.002930 0.118164 -0.426758
v -0.006836 0.118164 -0.438477
v -0.006836 0.118164 -0.426758
v -0.006836 0.118164 -0.426758
v -0.006836 0.061523 -0.426758
v 0.002930 0.118164 -0.426758
v 0.022461 0.202148 -0.374023
v 0.020508 0.061523 -0.354492
v 0.000977 0.118164 -0.375977
v -0.016602 0.375977 -0.374023
v 0.022461 0.202148 -0.374023
v 0.000977 0.118164 -0.375977
v 0.000977 0.118164 -0.375977
v -0.083008 0.202148 -0.374023
v -0.016602 0.375977 -0.374023
v 0.098633 0.125977 -0.440430
v 0.000977 0.127930 -0.440430
v 0.098633 0.125977 -0.377930
v -0.004883 0.120117 -0.440430
v 0.000977 0.127930 -0.440430
v 0.098633 0.125977 -0.440430
v 0.000977 0.127930 -0.377930
v 0.098633 0.125977 -0.377930
v 0.000977 0.127930 -0.440430
v -0.004883 0.120117 -0.377930
v 0.000977 0.127930 -0.377930
v 0.000977 0.127930 -0.440430
v 0.000977 0.127930 -0.440430
v -0.004883 0.120117 -0.440430
v -0.004883 0.120117 -0.377930
v -0.063477 0.127930 -0.432617
v -0.065430 0.118164 -0.428711
v 0.110352 0.127930 -0.432617
v 0.110352 0.127930 -0.432617
v -0.008789 0.127930 -0.434570
v -0.063477 0.127930 -0.432617
v 0.108398 0.125977 -0.381836
v -0.006836 0.118164 -0.381836
v -0.008789 0.125977 -0.381836
v 0.249023 0.040039 -0.360352
v 0.211914 0.040039 -0.360352
v 0.249023 0.063477 -0.360352
v 0.211914 0.040039 -0.235352
v 0.211914 0.040039 -0.360352
v 0.249023 0.040039 -0.360352
v 0.249023 0.040039 -0.360352
v 0.249023 0.063477 -0.360352
v 0.249023 0.063477 -0.233398
v 0.249023 0.040039 -0.360352
v 0.247070 0.040039 -0.233398
v 0.211914 0.040039 -0.235352
v 0.249023 0.063477 -0.233398
v 0.247070 0.040039 -0.233398
v 0.249023 0.040039 -0.360352
v 0.211914 0.063477 -0.360352
v 0.249023 0.063477 -0.360352
v 0.211914 0.040039 -0.360352
v 0.180664 0.061523 -0.360352
v 0.211914 0.063477 -0.360352
v 0.211914 0.040039 -0.360352
v 0.180664 0.040039 -0.358398
v 0.180664 0.061523 -0.360352
v 0.211914 0.040039 -0.360352
v 0.211914 0.040039 -0.235352
v 0.180664 0.040039 -0.358398
v 0.211914 0.040039 -0.360352
v 0.249023 0.063477 -0.360352
v 0.211914 0.063477 -0.360352
v 0.249023 0.063477 -0.233398
v 0.245117 0.118164 -0.354492
v 0.243164 0.063477 -0.344727
v 0.245117 0.063477 -0.354492
v 0.245117 0.063477 -0.354492
v 0.233398 0.063477 -0.354492
v 0.233398 0.118164 -0.354492
v 0.231445 0.063477 -0.342773
v 0.233398 0.063477 -0.354492
v 0.245117 0.063477 -0.354492
v 0.233398 0.118164 -0.354492
v 0.245117 0.118164 -0.354492
v 0.245117 0.063477 -0.354492
v 0.243164 0.063477 -0.344727
v 0.245117 0.118164 -0.354492
v 0.243164 0.118164 -0.344727
v 0.241211 0.063477 -0.344727
v 0.233398 0.063477 -0.344727
v 0.239258 0.116211 -0.344727
v 0.241211 0.063477 -0.336914
v 0.233398 0.063477 -0.344727
v 0.241211 0.063477 -0.344727
v 0.241211 0.063477 -0.344727
v 0.239258 0.116211 -0.344727
v 0.241211 0.063477 -0.336914
v 0.231445 0.118164 -0.342773
v 0.233398 0.118164 -0.354492
v 0.233398 0.063477 -0.354492
v 0.233398 0.063477 -0.354492
v 0.231445 0.063477 -0.342773
v 0.231445 0.118164 -0.342773
v 0.233398 0.116211 -0.344727
v 0.239258 0.116211 -0.344727
v 0.233398 0.063477 -0.344727
v 0.233398 0.116211 -0.336914
v 0.233398 0.116211 -0.344727
v 0.233398 0.063477 -0.344727
v 0.233398 0.063477 -0.344727
v 0.241211 0.063477 -0.336914
v 0.233398 0.063477 -0.336914
v 0.233398 0.063477 -0.344727
v 0.233398 0.063477 -0.336914
v 0.233398 0.116211 -0.336914
v 0.249023 0.112305 -0.356445
v 0.249023 0.124023 -0.356445
v 0.249023 0.122070 -0.348633
v 0.192383 0.124023 -0.356445
v 0.249023 0.124023 -0.356445
v 0.249023 0.112305 -0.356445
v 0.249023 0.122070 -0.348633
v 0.249023 0.112305 -0.348633
v 0.249023 0.112305 -0.356445
v 0.249023 0.112305 -0.356445
v 0.249023 0.112305 -0.348633
v 0.192383 0.112305 -0.356445
v 0.249023 0.112305 -0.356445
v 0.192383 0.112305 -0.356445
v 0.192383 0.124023 -0.356445
v 0.192383 0.124023 -0.356445
v 0.249023 0.122070 -0.348633
v 0.249023 0.124023 -0.356445
v 0.231445 0.118164 -0.342773
v 0.243164 0.118164 -0.344727
v 0.245117 0.118164 -0.354492
v 0.245117 0.118164 -0.354492
v 0.233398 0.118164 -0.354492
v 0.231445 0.118164 -0.342773
v 0.249023 0.112305 -0.348633
v 0.249023 0.122070 -0.348633
v 0.192383 0.122070 -0.348633
v 0.192383 0.112305 -0.348633
v 0.192383 0.112305 -0.356445
v 0.249023 0.112305 -0.348633
v 0.192383 0.122070 -0.348633
v 0.192383 0.112305 -0.348633
v 0.249023 0.112305 -0.348633
v 0.249023 0.118164 -0.348633
v 0.192383 0.118164 -0.348633
v 0.249023 0.127930 -0.340820
v 0.249023 0.120117 -0.245117
v 0.192383 0.118164 -0.348633
v 0.249023 0.118164 -0.348633
v 0.249023 0.118164 -0.348633
v 0.249023 0.127930 -0.340820
v 0.249023 0.127930 -0.250977
v 0.249023 0.118164 -0.348633
v 0.249023 0.127930 -0.250977
v 0.249023 0.120117 -0.245117
v 0.249023 0.122070 -0.348633
v 0.192383 0.124023 -0.356445
v 0.192383 0.122070 -0.348633
v 0.239258 0.116211 -0.344727
v 0.233398 0.116211 -0.344727
v 0.233398 0.116211 -0.336914
v 0.239258 0.116211 -0.336914
v 0.241211 0.063477 -0.336914
v 0.239258 0.116211 -0.344727
v 0.233398 0.116211 -0.336914
v 0.239258 0.116211 -0.336914
v 0.239258 0.116211 -0.344727
v 0.211914 0.063477 -0.360352
v 0.180664 0.061523 -0.360352
v 0.180664 0.061523 -0.235352
v 0.211914 0.063477 -0.235352
v 0.249023 0.063477 -0.233398
v 0.211914 0.063477 -0.360352
v 0.180664 0.061523 -0.235352
v 0.211914 0.063477 -0.235352
v 0.211914 0.063477 -0.360352
v 0.192383 0.122070 -0.348633
v 0.192383 0.124023 -0.356445
v 0.192383 0.112305 -0.356445
v 0.192383 0.112305 -0.356445
v 0.192383 0.112305 -0.348633
v 0.192383 0.122070 -0.348633
v 0.192383 0.125977 -0.340820
v 0.249023 0.127930 -0.340820
v 0.192383 0.118164 -0.348633
v 0.192383 0.120117 -0.245117
v 0.192383 0.125977 -0.340820
v 0.192383 0.118164 -0.348633
v 0.192383 0.118164 -0.348633
v 0.249023 0.120117 -0.245117
v 0.192383 0.120117 -0.245117
v 0.243164 0.118164 -0.342773
v 0.231445 0.063477 -0.342773
v 0.243164 0.063477 -0.342773
v 0.239258 0.116211 -0.336914
v 0.233398 0.063477 -0.336914
v 0.241211 0.063477 -0.336914
v 0.241211 0.063477 -0.321289
v 0.233398 0.063477 -0.329102
v 0.241211 0.063477 -0.329102
v 0.241211 0.063477 -0.329102
v 0.233398 0.063477 -0.329102
v 0.231445 0.118164 -0.327148
v 0.239258 0.118164 -0.321289
v 0.241211 0.063477 -0.321289
v 0.241211 0.063477 -0.329102
v 0.241211 0.063477 -0.329102
v 0.239258 0.118164 -0.327148
v 0.239258 0.118164 -0.321289
v 0.231445 0.118164 -0.327148
v 0.239258 0.118164 -0.327148
v 0.241211 0.063477 -0.329102
v 0.231445 0.063477 -0.342773
v 0.243164 0.118164 -0.342773
v 0.231445 0.118164 -0.342773
v 0.233398 0.063477 -0.336914
v 0.239258 0.116211 -0.336914
v 0.233398 0.116211 -0.336914
v 0.233398 0.063477 -0.329102
v 0.241211 0.063477 -0.321289
v 0.233398 0.063477 -0.321289
v 0.233398 0.063477 -0.329102
v 0.233398 0.063477 -0.321289
v 0.231445 0.118164 -0.321289
v 0.231445 0.118164 -0.321289
v 0.231445 0.118164 -0.327148
v 0.233398 0.063477 -0.329102
v 0.239258 0.118164 -0.321289
v 0.233398 0.063477 -0.321289
v 0.241211 0.063477 -0.321289
v 0.233398 0.063477 -0.321289
v 0.239258 0.118164 -0.321289
v 0.231445 0.118164 -0.321289
v 0.231445 0.118164 -0.321289
v 0.239258 0.118164 -0.321289
v 0.239258 0.118164 -0.327148
v 0.239258 0.118164 -0.327148
v 0.231445 0.118164 -0.327148
v 0.231445 0.118164 -0.321289
v 0.233398 0.063477 -0.311523
v 0.233398 0.118164 -0.313477
v 0.239258 0.118164 -0.313477
v 0.239258 0.118164 -0.313477
v 0.233398 0.118164 -0.313477
v 0.239258 0.118164 -0.305664
v 0.241211 0.063477 -0.305664
v 0.241211 0.063477 -0.311523
v 0.239258 0.118164 -0.313477
v 0.239258 0.118164 -0.313477
v 0.241211 0.063477 -0.311523
v 0.233398 0.063477 -0.311523
v 0.239258 0.118164 -0.305664
v 0.241211 0.063477 -0.305664
v 0.239258 0.118164 -0.313477
v 0.233398 0.118164 -0.313477
v 0.233398 0.063477 -0.311523
v 0.233398 0.063477 -0.305664
v 0.233398 0.118164 -0.313477
v 0.233398 0.063477 -0.305664
v 0.233398 0.118164 -0.305664
v 0.233398 0.118164 -0.305664
v 0.239258 0.118164 -0.305664
v 0.233398 0.118164 -0.313477
v 0.204102 0.067383 -0.336914
v 0.204102 0.065430 -0.334961
v 0.204102 0.067383 -0.254883
v 0.204102 0.204102 -0.334961
v 0.204102 0.065430 -0.334961
v 0.204102 0.067383 -0.336914
v 0.204102 0.067383 -0.254883
v 0.190430 0.067383 -0.329102
v 0.204102 0.067383 -0.336914
v -0.016602 0.375977 -0.374023
v 0.204102 0.204102 -0.334961
v 0.204102 0.067383 -0.336914
v 0.204102 0.065430 -0.334961
v 0.190430 0.065430 -0.327148
v 0.204102 0.065430 -0.256836
v 0.204102 0.204102 -0.334961
v 0.190430 0.065430 -0.327148
v 0.204102 0.065430 -0.334961
v 0.204102 0.065430 -0.334961
v 0.204102 0.065430 -0.256836
v 0.204102 0.067383 -0.254883
v 0.190430 0.067383 -0.329102
v 0.204102 0.067383 -0.254883
v 0.190430 0.067383 -0.262695
v 0.190430 0.065430 -0.264648
v 0.204102 0.065430 -0.256836
v 0.190430 0.065430 -0.327148
v 0.190430 0.194336 -0.327148
v 0.190430 0.065430 -0.264648
v 0.190430 0.065430 -0.327148
v 0.190430 0.065430 -0.327148
v 0.204102 0.204102 -0.334961
v 0.190430 0.194336 -0.327148
v 0.180664 0.061523 -0.360352
v 0.180664 0.040039 -0.358398
v 0.180664 0.061523 -0.235352
v 0.180664 0.040039 -0.358398
v 0.211914 0.040039 -0.235352
v 0.180664 0.040039 -0.235352
v 0.180664 0.040039 -0.358398
v 0.180664 0.040039 -0.235352
v 0.180664 0.061523 -0.235352
v 0.241211 0.063477 -0.311523
v 0.241211 0.063477 -0.305664
v 0.233398 0.063477 -0.311523
v 0.233398 0.063477 -0.305664
v 0.233398 0.063477 -0.311523
v 0.241211 0.063477 -0.305664
v 0.239258 0.118164 -0.305664
v 0.233398 0.063477 -0.305664
v 0.241211 0.063477 -0.305664
v 0.241211 0.063477 -0.290039
v 0.233398 0.063477 -0.297852
v 0.241211 0.063477 -0.297852
v 0.241211 0.063477 -0.297852
v 0.233398 0.063477 -0.297852
v 0.239258 0.118164 -0.297852
v 0.239258 0.118164 -0.297852
v 0.241211 0.063477 -0.290039
v 0.241211 0.063477 -0.297852
v 0.233398 0.063477 -0.305664
v 0.239258 0.118164 -0.305664
v 0.233398 0.118164 -0.305664
v 0.233398 0.063477 -0.297852
v 0.241211 0.063477 -0.290039
v 0.233398 0.063477 -0.290039
v 0.233398 0.063477 -0.297852
v 0.233398 0.063477 -0.290039
v 0.231445 0.118164 -0.290039
v 0.231445 0.118164 -0.297852
v 0.239258 0.118164 -0.297852
v 0.233398 0.063477 -0.297852
v 0.231445 0.118164 -0.290039
v 0.231445 0.118164 -0.297852
v 0.233398 0.063477 -0.297852
v 0.239258 0.118164 -0.290039
v 0.233398 0.063477 -0.290039
v 0.241211 0.063477 -0.290039
v 0.241211 0.063477 -0.290039
v 0.239258 0.118164 -0.297852
v 0.239258 0.118164 -0.290039
v 0.241211 0.063477 -0.286133
v 0.233398 0.063477 -0.286133
v 0.239258 0.118164 -0.284180
v 0.241211 0.063477 -0.278320
v 0.233398 0.063477 -0.286133
v 0.241211 0.063477 -0.286133
v 0.241211 0.063477 -0.286133
v 0.239258 0.118164 -0.284180
v 0.241211 0.063477 -0.278320
v 0.233398 0.063477 -0.290039
v 0.239258 0.118164 -0.290039
v 0.231445 0.118164 -0.290039
v 0.231445 0.118164 -0.284180
v 0.239258 0.118164 -0.284180
v 0.233398 0.063477 -0.286133
v 0.231445 0.118164 -0.276367
v 0.231445 0.118164 -0.284180
v 0.233398 0.063477 -0.286133
v 0.233398 0.063477 -0.286133
v 0.241211 0.063477 -0.278320
v 0.233398 0.063477 -0.278320
v 0.233398 0.063477 -0.286133
v 0.233398 0.063477 -0.278320
v 0.231445 0.118164 -0.276367
v 0.239258 0.118164 -0.297852
v 0.231445 0.118164 -0.297852
v 0.231445 0.118164 -0.290039
v 0.231445 0.118164 -0.290039
v 0.239258 0.118164 -0.290039
v 0.239258 0.118164 -0.297852
v 0.239258 0.118164 -0.284180
v 0.231445 0.118164 -0.284180
v 0.239258 0.118164 -0.276367
v 0.239258 0.118164 -0.276367
v 0.241211 0.063477 -0.278320
v 0.239258 0.118164 -0.284180
v 0.231445 0.118164 -0.276367
v 0.239258 0.118164 -0.276367
v 0.231445 0.118164 -0.284180
v 0.239258 0.118164 -0.276367
v 0.233398 0.063477 -0.278320
v 0.241211 0.063477 -0.278320
v 0.241211 0.063477 -0.262695
v 0.233398 0.063477 -0.268555
v 0.241211 0.063477 -0.268555
v 0.241211 0.063477 -0.268555
v 0.233398 0.063477 -0.268555
v 0.239258 0.118164 -0.268555
v 0.239258 0.118164 -0.268555
v 0.241211 0.063477 -0.262695
v 0.241211 0.063477 -0.268555
v 0.233398 0.063477 -0.278320
v 0.239258 0.118164 -0.276367
v 0.231445 0.118164 -0.276367
v 0.233398 0.063477 -0.268555
v 0.241211 0.063477 -0.262695
v 0.233398 0.063477 -0.262695
v 0.233398 0.063477 -0.268555
v 0.233398 0.063477 -0.262695
v 0.233398 0.118164 -0.260742
v 0.233398 0.118164 -0.268555
v 0.239258 0.118164 -0.268555
v 0.233398 0.063477 -0.268555
v 0.233398 0.118164 -0.260742
v 0.233398 0.118164 -0.268555
v 0.233398 0.063477 -0.268555
v 0.239258 0.118164 -0.260742
v 0.233398 0.063477 -0.262695
v 0.241211 0.063477 -0.262695
v 0.241211 0.063477 -0.262695
v 0.239258 0.118164 -0.268555
v 0.239258 0.118164 -0.260742
v 0.245117 0.063477 -0.250977
v 0.233398 0.063477 -0.252930
v 0.233398 0.118164 -0.252930
v 0.231445 0.063477 -0.241211
v 0.233398 0.063477 -0.252930
v 0.245117 0.063477 -0.250977
v 0.233398 0.118164 -0.252930
v 0.245117 0.118164 -0.250977
v 0.245117 0.063477 -0.250977
v 0.245117 0.063477 -0.250977
v 0.245117 0.118164 -0.250977
v 0.243164 0.063477 -0.239258
v 0.245117 0.063477 -0.250977
v 0.243164 0.063477 -0.239258
v 0.231445 0.063477 -0.241211
v 0.233398 0.063477 -0.262695
v 0.239258 0.118164 -0.260742
v 0.233398 0.118164 -0.260742
v 0.231445 0.118164 -0.241211
v 0.233398 0.118164 -0.252930
v 0.233398 0.063477 -0.252930
v 0.233398 0.063477 -0.252930
v 0.231445 0.063477 -0.241211
v 0.231445 0.118164 -0.241211
v 0.239258 0.118164 -0.268555
v 0.233398 0.118164 -0.268555
v 0.239258 0.118164 -0.260742
v 0.233398 0.118164 -0.260742
v 0.239258 0.118164 -0.260742
v 0.233398 0.118164 -0.268555
v 0.245117 0.118164 -0.250977
v 0.233398 0.118164 -0.252930
v 0.231445 0.118164 -0.241211
v 0.243164 0.118164 -0.239258
v 0.243164 0.063477 -0.239258
v 0.245117 0.118164 -0.250977
v 0.231445 0.118164 -0.241211
v 0.243164 0.118164 -0.239258
v 0.245117 0.118164 -0.250977
v 0.204102 0.065430 -0.178711
v 0.204102 0.067383 -0.254883
v 0.204102 0.065430 -0.256836
v 0.204102 0.065430 -0.256836
v 0.190430 0.065430 -0.264648
v 0.190430 0.194336 -0.264648
v 0.190430 0.194336 -0.264648
v 0.204102 0.204102 -0.256836
v 0.204102 0.065430 -0.256836
v 0.204102 0.065430 -0.256836
v 0.204102 0.204102 -0.256836
v 0.204102 0.204102 -0.178711
v 0.204102 0.204102 -0.178711
v 0.204102 0.065430 -0.178711
v 0.204102 0.065430 -0.256836
v 0.190430 0.065430 -0.264648
v 0.190430 0.194336 -0.327148
v 0.190430 0.194336 -0.264648
v 0.249023 0.127930 -0.340820
v 0.192383 0.125977 -0.340820
v 0.249023 0.127930 -0.250977
v 0.192383 0.127930 -0.250977
v 0.249023 0.127930 -0.250977
v 0.192383 0.125977 -0.340820
v 0.192383 0.120117 -0.245117
v 0.192383 0.127930 -0.250977
v 0.192383 0.125977 -0.340820
v 0.204102 0.204102 -0.256836
v 0.190430 0.194336 -0.327148
v 0.204102 0.204102 -0.334961
v 0.250977 0.280273 0.397461
v 0.204102 0.204102 -0.256836
v 0.204102 0.204102 -0.334961
v 0.204102 0.204102 -0.334961
v -0.016602 0.375977 -0.374023
v 0.250977 0.280273 0.397461
v 0.190430 0.194336 -0.327148
v 0.204102 0.204102 -0.256836
v 0.190430 0.194336 -0.264648
v 0.249023 0.127930 -0.250977
v 0.192383 0.127930 -0.250977
v 0.192383 0.120117 -0.245117
v 0.192383 0.120117 -0.245117
v 0.249023 0.120117 -0.245117
v 0.249023 0.127930 -0.250977
v 0.250977 0.280273 0.397461
v 0.204102 0.204102 -0.178711
v 0.204102 0.204102 -0.256836
v 0.114258 0.038086 -0.360352
v 0.116211 0.059570 -0.360352
v -0.012695 0.059570 -0.360352
v -0.012695 0.059570 -0.360352
v -0.012695 0.038086 -0.360352
v 0.114258 0.038086 -0.360352
v 0.096680 0.061523 -0.374023
v 0.096680 0.061523 -0.354492
v 0.094727 0.200195 -0.352539
v 0.094727 0.200195 -0.352539
v 0.096680 0.202148 -0.374023
v 0.096680 0.061523 -0.374023
v 0.094727 0.200195 -0.352539
v 0.020508 0.061523 -0.354492
v 0.098633 0.061523 -0.356445
v 0.096680 0.061523 -0.354492
v 0.020508 0.061523 -0.354492
v 0.094727 0.200195 -0.352539
v 0.022461 0.200195 -0.352539
v 0.094727 0.200195 -0.352539
v 0.020508 0.061523 -0.354492
v 0.020508 0.061523 -0.354492
v 0.022461 0.202148 -0.374023
v 0.022461 0.200195 -0.352539
v 0.096680 0.202148 -0.374023
v 0.094727 0.200195 -0.352539
v 0.022461 0.200195 -0.352539
v 0.022461 0.200195 -0.352539
v 0.022461 0.202148 -0.374023
v 0.096680 0.202148 -0.374023
v 0.096680 0.202148 -0.374023
v 0.022461 0.202148 -0.374023
v -0.016602 0.375977 -0.374023
v 0.233398 0.295898 -0.346680
v 0.247070 0.325195 -0.346680
v 0.026367 0.409180 -0.352539
v 0.233398 0.295898 0.366211
v 0.247070 0.325195 -0.346680
v 0.233398 0.295898 -0.346680
v 0.026367 0.409180 -0.352539
v 0.016602 0.379883 -0.352539
v 0.233398 0.295898 -0.346680
v 0.233398 0.295898 -0.346680
v 0.016602 0.379883 -0.352539
v 0.233398 0.295898 0.366211
v 0.247070 0.325195 0.366211
v 0.288086 0.309570 0.413086
v 0.247070 0.325195 -0.346680
v 0.247070 0.325195 -0.346680
v 0.233398 0.295898 0.366211
v 0.247070 0.325195 0.366211
v 0.016602 0.379883 -0.352539
v 0.026367 0.409180 -0.352539
v 0.018555 0.379883 0.374023
v 0.018555 0.379883 0.374023
v 0.233398 0.295898 0.366211
v 0.016602 0.379883 -0.352539
v 0.026367 0.409180 -0.352539
v -0.010742 0.424805 -0.403320
v -0.010742 0.424805 0.424805
v 0.028320 0.409180 0.374023
v 0.018555 0.379883 0.374023
v 0.026367 0.409180 -0.352539
v -0.010742 0.424805 0.424805
v 0.028320 0.409180 0.374023
v 0.026367 0.409180 -0.352539
v 0.211914 0.063477 -0.235352
v 0.211914 0.040039 -0.235352
v 0.247070 0.040039 -0.233398
v 0.247070 0.040039 -0.233398
v 0.249023 0.063477 -0.233398
v 0.211914 0.063477 -0.235352
v 0.211914 0.040039 -0.235352
v 0.211914 0.063477 -0.235352
v 0.180664 0.040039 -0.235352
v 0.249023 0.040039 -0.200195
v 0.211914 0.040039 -0.200195
v 0.249023 0.063477 -0.200195
v 0.211914 0.040039 -0.075195
v 0.211914 0.040039 -0.200195
v 0.249023 0.040039 -0.200195
v 0.249023 0.040039 -0.200195
v 0.249023 0.063477 -0.200195
v 0.247070 0.040039 -0.073242
v 0.249023 0.040039 -0.200195
v 0.247070 0.040039 -0.073242
v 0.211914 0.040039 -0.075195
v 0.211914 0.063477 -0.200195
v 0.249023 0.063477 -0.200195
v 0.211914 0.040039 -0.200195
v 0.180664 0.061523 -0.200195
v 0.211914 0.063477 -0.200195
v 0.211914 0.040039 -0.200195
v 0.211914 0.040039 -0.200195
v 0.180664 0.040039 -0.198242
v 0.180664 0.061523 -0.200195
v 0.211914 0.040039 -0.075195
v 0.180664 0.040039 -0.198242
v 0.211914 0.040039 -0.200195
v 0.243164 0.118164 -0.239258
v 0.231445 0.063477 -0.241211
v 0.243164 0.063477 -0.239258
v 0.231445 0.063477 -0.241211
v 0.243164 0.118164 -0.239258
v 0.231445 0.118164 -0.241211
v 0.249023 0.112305 -0.245117
v 0.249023 0.122070 -0.245117
v 0.249023 0.124023 -0.235352
v 0.192383 0.124023 -0.245117
v 0.249023 0.122070 -0.245117
v 0.249023 0.112305 -0.245117
v 0.249023 0.124023 -0.235352
v 0.249023 0.112305 -0.235352
v 0.249023 0.112305 -0.245117
v 0.249023 0.112305 -0.245117
v 0.249023 0.112305 -0.235352
v 0.192383 0.112305 -0.245117
v 0.249023 0.112305 -0.245117
v 0.192383 0.112305 -0.245117
v 0.192383 0.124023 -0.245117
v 0.192383 0.124023 -0.235352
v 0.249023 0.124023 -0.235352
v 0.249023 0.122070 -0.245117
v 0.249023 0.122070 -0.245117
v 0.192383 0.124023 -0.245117
v 0.192383 0.124023 -0.235352
v 0.249023 0.112305 -0.235352
v 0.249023 0.124023 -0.235352
v 0.192383 0.124023 -0.235352
v 0.192383 0.112305 -0.235352
v 0.192383 0.112305 -0.245117
v 0.249023 0.112305 -0.235352
v 0.192383 0.124023 -0.235352
v 0.192383 0.112305 -0.235352
v 0.249023 0.112305 -0.235352
v 0.180664 0.061523 -0.235352
v 0.180664 0.040039 -0.235352
v 0.211914 0.063477 -0.235352
v 0.192383 0.124023 -0.235352
v 0.192383 0.124023 -0.245117
v 0.192383 0.112305 -0.245117
v 0.192383 0.112305 -0.245117
v 0.192383 0.112305 -0.235352
v 0.192383 0.124023 -0.235352
v 0.249023 0.063477 -0.200195
v 0.211914 0.063477 -0.200195
v 0.249023 0.063477 -0.073242
v 0.249023 0.063477 -0.073242
v 0.247070 0.040039 -0.073242
v 0.249023 0.063477 -0.200195
v 0.245117 0.063477 -0.192383
v 0.233398 0.063477 -0.192383
v 0.233398 0.118164 -0.192383
v 0.243164 0.063477 -0.182617
v 0.233398 0.063477 -0.192383
v 0.245117 0.063477 -0.192383
v 0.233398 0.118164 -0.192383
v 0.245117 0.118164 -0.192383
v 0.245117 0.063477 -0.192383
v 0.245117 0.063477 -0.192383
v 0.245117 0.118164 -0.192383
v 0.243164 0.063477 -0.182617
v 0.231445 0.118164 -0.182617
v 0.233398 0.118164 -0.192383
v 0.233398 0.063477 -0.192383
v 0.233398 0.063477 -0.192383
v 0.243164 0.063477 -0.182617
v 0.231445 0.063477 -0.182617
v 0.233398 0.063477 -0.192383
v 0.231445 0.063477 -0.182617
v 0.231445 0.118164 -0.182617
v 0.249023 0.112305 -0.198242
v 0.249023 0.124023 -0.198242
v 0.249023 0.122070 -0.190430
v 0.192383 0.124023 -0.198242
v 0.249023 0.124023 -0.198242
v 0.249023 0.112305 -0.198242
v 0.249023 0.122070 -0.190430
v 0.249023 0.112305 -0.190430
v 0.249023 0.112305 -0.198242
v 0.249023 0.112305 -0.198242
v 0.249023 0.112305 -0.190430
v 0.192383 0.112305 -0.198242
v 0.249023 0.112305 -0.198242
v 0.192383 0.112305 -0.198242
v 0.192383 0.124023 -0.198242
v 0.192383 0.124023 -0.198242
v 0.249023 0.122070 -0.190430
v 0.249023 0.124023 -0.198242
v 0.249023 0.112305 -0.190430
v 0.249023 0.122070 -0.190430
v 0.192383 0.122070 -0.190430
v 0.192383 0.114258 -0.190430
v 0.192383 0.112305 -0.198242
v 0.249023 0.112305 -0.190430
v 0.192383 0.122070 -0.190430
v 0.192383 0.114258 -0.190430
v 0.249023 0.112305 -0.190430
v 0.245117 0.118164 -0.192383
v 0.233398 0.118164 -0.192383
v 0.231445 0.118164 -0.182617
v 0.243164 0.118164 -0.182617
v 0.243164 0.063477 -0.182617
v 0.245117 0.118164 -0.192383
v 0.231445 0.118164 -0.182617
v 0.243164 0.118164 -0.182617
v 0.245117 0.118164 -0.192383
v 0.249023 0.120117 -0.190430
v 0.192383 0.120117 -0.190430
v 0.249023 0.127930 -0.182617
v 0.249023 0.120117 -0.084961
v 0.192383 0.120117 -0.190430
v 0.249023 0.120117 -0.190430
v 0.249023 0.120117 -0.190430
v 0.249023 0.127930 -0.182617
v 0.249023 0.127930 -0.090820
v 0.249023 0.127930 -0.090820
v 0.249023 0.120117 -0.084961
v 0.249023 0.120117 -0.190430
v 0.249023 0.122070 -0.190430
v 0.192383 0.124023 -0.198242
v 0.192383 0.122070 -0.190430
v 0.211914 0.063477 -0.200195
v 0.180664 0.061523 -0.200195
v 0.180664 0.061523 -0.075195
v 0.211914 0.063477 -0.075195
v 0.249023 0.063477 -0.073242
v 0.211914 0.063477 -0.200195
v 0.180664 0.061523 -0.075195
v 0.211914 0.063477 -0.075195
v 0.211914 0.063477 -0.200195
v 0.192383 0.122070 -0.190430
v 0.192383 0.124023 -0.198242
v 0.192383 0.112305 -0.198242
v 0.192383 0.112305 -0.198242
v 0.192383 0.114258 -0.190430
v 0.192383 0.122070 -0.190430
v 0.192383 0.127930 -0.182617
v 0.249023 0.127930 -0.182617
v 0.192383 0.120117 -0.190430
v 0.192383 0.120117 -0.084961
v 0.192383 0.127930 -0.182617
v 0.192383 0.120117 -0.190430
v 0.192383 0.120117 -0.190430
v 0.249023 0.120117 -0.084961
v 0.192383 0.120117 -0.084961
v 0.180664 0.061523 -0.075195
v 0.180664 0.061523 -0.200195
v 0.180664 0.040039 -0.198242
v 0.180664 0.040039 -0.198242
v 0.211914 0.040039 -0.075195
v 0.180664 0.040039 -0.075195
v 0.180664 0.040039 -0.198242
v 0.180664 0.040039 -0.075195
v 0.180664 0.061523 -0.075195
v 0.231445 0.118164 -0.182617
v 0.231445 0.063477 -0.182617
v 0.243164 0.063477 -0.182617
v 0.243164 0.063477 -0.182617
v 0.243164 0.118164 -0.180664
v 0.231445 0.118164 -0.182617
v 0.204102 0.204102 -0.178711
v 0.190430 0.065430 -0.170898
v 0.204102 0.065430 -0.178711
v 0.204102 0.065430 -0.178711
v 0.190430 0.065430 -0.170898
v 0.190430 0.065430 -0.110352
v 0.204102 0.065430 -0.178711
v 0.190430 0.065430 -0.110352
v 0.204102 0.065430 -0.100586
v 0.190430 0.065430 -0.170898
v 0.204102 0.204102 -0.178711
v 0.190430 0.194336 -0.170898
v 0.190430 0.065430 -0.170898
v 0.190430 0.194336 -0.170898
v 0.190430 0.065430 -0.110352
v 0.241211 0.063477 -0.151367
v 0.239258 0.063477 -0.143555
v 0.233398 0.063477 -0.143555
v 0.239258 0.118164 -0.153320
v 0.239258 0.063477 -0.143555
v 0.241211 0.063477 -0.151367
v 0.233398 0.063477 -0.143555
v 0.233398 0.063477 -0.151367
v 0.241211 0.063477 -0.151367
v 0.241211 0.063477 -0.151367
v 0.233398 0.063477 -0.151367
v 0.239258 0.118164 -0.153320
v 0.239258 0.118164 -0.145508
v 0.233398 0.063477 -0.143555
v 0.239258 0.063477 -0.143555
v 0.239258 0.063477 -0.143555
v 0.239258 0.118164 -0.153320
v 0.239258 0.118164 -0.145508
v 0.233398 0.063477 -0.151367
v 0.233398 0.063477 -0.143555
v 0.231445 0.118164 -0.145508
v 0.231445 0.118164 -0.153320
v 0.239258 0.118164 -0.153320
v 0.233398 0.063477 -0.151367
v 0.231445 0.118164 -0.145508
v 0.231445 0.118164 -0.153320
v 0.233398 0.063477 -0.151367
v 0.233398 0.063477 -0.143555
v 0.239258 0.118164 -0.145508
v 0.231445 0.118164 -0.145508
v 0.239258 0.063477 -0.131836
v 0.239258 0.063477 -0.125977
v 0.233398 0.063477 -0.125977
v 0.239258 0.118164 -0.133789
v 0.239258 0.063477 -0.125977
v 0.239258 0.063477 -0.131836
v 0.233398 0.063477 -0.125977
v 0.233398 0.063477 -0.131836
v 0.239258 0.063477 -0.131836
v 0.239258 0.063477 -0.131836
v 0.233398 0.063477 -0.131836
v 0.239258 0.118164 -0.133789
v 0.239258 0.118164 -0.125977
v 0.233398 0.063477 -0.125977
v 0.239258 0.063477 -0.125977
v 0.239258 0.063477 -0.125977
v 0.239258 0.118164 -0.133789
v 0.239258 0.118164 -0.125977
v 0.233398 0.063477 -0.131836
v 0.233398 0.063477 -0.125977
v 0.231445 0.118164 -0.125977
v 0.231445 0.118164 -0.133789
v 0.239258 0.118164 -0.133789
v 0.233398 0.063477 -0.131836
v 0.231445 0.118164 -0.125977
v 0.231445 0.118164 -0.133789
v 0.233398 0.063477 -0.131836
v 0.233398 0.063477 -0.125977
v 0.239258 0.118164 -0.125977
v 0.231445 0.118164 -0.125977
v 0.231445 0.118164 -0.145508
v 0.239258 0.118164 -0.145508
v 0.239258 0.118164 -0.153320
v 0.239258 0.118164 -0.153320
v 0.231445 0.118164 -0.153320
v 0.231445 0.118164 -0.145508
v 0.231445 0.118164 -0.125977
v 0.239258 0.118164 -0.125977
v 0.239258 0.118164 -0.133789
v 0.239258 0.118164 -0.133789
v 0.231445 0.118164 -0.133789
v 0.231445 0.118164 -0.125977
v 0.249023 0.127930 -0.182617
v 0.192383 0.127930 -0.182617
v 0.249023 0.127930 -0.090820
v 0.192383 0.127930 -0.182617
v 0.192383 0.120117 -0.084961
v 0.192383 0.127930 -0.090820
v 0.192383 0.127930 -0.090820
v 0.249023 0.127930 -0.090820
v 0.192383 0.127930 -0.182617
v 0.204102 0.204102 -0.102539
v 0.190430 0.194336 -0.170898
v 0.204102 0.204102 -0.178711
v 0.250977 0.280273 0.397461
v 0.204102 0.204102 -0.102539
v 0.204102 0.204102 -0.178711
v 0.190430 0.194336 -0.110352
v 0.190430 0.065430 -0.110352
v 0.190430 0.194336 -0.170898
v 0.204102 0.204102 -0.102539
v 0.190430 0.194336 -0.110352
v 0.190430 0.194336 -0.170898
v 0.211914 0.063477 -0.075195
v 0.211914 0.040039 -0.075195
v 0.247070 0.040039 -0.073242
v 0.247070 0.040039 -0.073242
v 0.249023 0.063477 -0.073242
v 0.211914 0.063477 -0.075195
v 0.211914 0.040039 -0.075195
v 0.211914 0.063477 -0.075195
v 0.180664 0.040039 -0.075195
v 0.233398 0.063477 -0.106445
v 0.233398 0.063477 -0.114258
v 0.239258 0.063477 -0.114258
v 0.239258 0.063477 -0.114258
v 0.233398 0.063477 -0.114258
v 0.239258 0.118164 -0.114258
v 0.239258 0.063477 -0.114258
v 0.239258 0.063477 -0.106445
v 0.233398 0.063477 -0.106445
v 0.239258 0.118164 -0.114258
v 0.239258 0.063477 -0.106445
v 0.239258 0.063477 -0.114258
v 0.233398 0.063477 -0.114258
v 0.233398 0.063477 -0.106445
v 0.231445 0.118164 -0.106445
v 0.231445 0.118164 -0.114258
v 0.239258 0.118164 -0.114258
v 0.233398 0.063477 -0.114258
v 0.231445 0.118164 -0.106445
v 0.231445 0.118164 -0.114258
v 0.233398 0.063477 -0.114258
v 0.239258 0.118164 -0.106445
v 0.233398 0.063477 -0.106445
v 0.239258 0.063477 -0.106445
v 0.239258 0.063477 -0.106445
v 0.239258 0.118164 -0.114258
v 0.239258 0.118164 -0.106445
v 0.233398 0.063477 -0.106445
v 0.239258 0.118164 -0.106445
v 0.231445 0.118164 -0.106445
v 0.239258 0.118164 -0.114258
v 0.231445 0.118164 -0.114258
v 0.231445 0.118164 -0.106445
v 0.231445 0.118164 -0.106445
v 0.239258 0.118164 -0.106445
v 0.239258 0.118164 -0.114258
v 0.190430 0.194336 -0.110352
v 0.204102 0.065430 -0.100586
v 0.190430 0.065430 -0.110352
v 0.204102 0.204102 -0.026367
v 0.204102 0.065430 -0.026367
v 0.204102 0.065430 -0.100586
v 0.204102 0.065430 -0.100586
v 0.190430 0.194336 -0.110352
v 0.204102 0.204102 -0.102539
v 0.204102 0.065430 -0.100586
v 0.204102 0.204102 -0.102539
v 0.204102 0.204102 -0.026367
v 0.245117 0.063477 -0.090820
v 0.243164 0.063477 -0.081055
v 0.231445 0.063477 -0.081055
v 0.245117 0.118164 -0.090820
v 0.243164 0.063477 -0.081055
v 0.245117 0.063477 -0.090820
v 0.231445 0.063477 -0.081055
v 0.233398 0.063477 -0.092773
v 0.245117 0.063477 -0.090820
v 0.245117 0.063477 -0.090820
v 0.233398 0.063477 -0.092773
v 0.233398 0.118164 -0.092773
v 0.233398 0.118164 -0.092773
v 0.245117 0.118164 -0.090820
v 0.245117 0.063477 -0.090820
v 0.243164 0.118164 -0.079102
v 0.231445 0.063477 -0.081055
v 0.243164 0.063477 -0.081055
v 0.243164 0.063477 -0.081055
v 0.245117 0.118164 -0.090820
v 0.243164 0.118164 -0.079102
v 0.233398 0.063477 -0.092773
v 0.231445 0.063477 -0.081055
v 0.231445 0.118164 -0.081055
v 0.231445 0.118164 -0.081055
v 0.233398 0.118164 -0.092773
v 0.233398 0.063477 -0.092773
v 0.231445 0.063477 -0.081055
v 0.243164 0.118164 -0.079102
v 0.231445 0.118164 -0.081055
v 0.231445 0.118164 -0.081055
v 0.243164 0.118164 -0.079102
v 0.245117 0.118164 -0.090820
v 0.245117 0.118164 -0.090820
v 0.233398 0.118164 -0.092773
v 0.231445 0.118164 -0.081055
v 0.249023 0.112305 -0.084961
v 0.249023 0.122070 -0.084961
v 0.249023 0.122070 -0.075195
v 0.192383 0.122070 -0.084961
v 0.249023 0.122070 -0.084961
v 0.249023 0.112305 -0.084961
v 0.249023 0.122070 -0.075195
v 0.249023 0.112305 -0.075195
v 0.249023 0.112305 -0.084961
v 0.249023 0.112305 -0.084961
v 0.249023 0.112305 -0.075195
v 0.192383 0.112305 -0.084961
v 0.249023 0.112305 -0.084961
v 0.192383 0.112305 -0.084961
v 0.192383 0.122070 -0.084961
v 0.249023 0.127930 -0.090820
v 0.192383 0.120117 -0.084961
v 0.249023 0.120117 -0.084961
v 0.192383 0.122070 -0.075195
v 0.249023 0.122070 -0.075195
v 0.249023 0.122070 -0.084961
v 0.249023 0.122070 -0.084961
v 0.192383 0.122070 -0.084961
v 0.192383 0.122070 -0.075195
v 0.249023 0.112305 -0.075195
v 0.249023 0.122070 -0.075195
v 0.192383 0.122070 -0.075195
v 0.192383 0.112305 -0.075195
v 0.192383 0.112305 -0.084961
v 0.249023 0.112305 -0.075195
v 0.192383 0.122070 -0.075195
v 0.192383 0.112305 -0.075195
v 0.249023 0.112305 -0.075195
v 0.180664 0.061523 -0.075195
v 0.180664 0.040039 -0.075195
v 0.211914 0.063477 -0.075195
v 0.192383 0.122070 -0.075195
v 0.192383 0.122070 -0.084961
v 0.192383 0.112305 -0.084961
v 0.192383 0.112305 -0.084961
v 0.192383 0.112305 -0.075195
v 0.192383 0.122070 -0.075195
v 0.192383 0.120117 -0.084961
v 0.249023 0.127930 -0.090820
v 0.192383 0.127930 -0.090820
v 0.249023 0.040039 -0.049805
v 0.211914 0.040039 -0.047852
v 0.249023 0.063477 -0.049805
v 0.211914 0.040039 0.077148
v 0.211914 0.040039 -0.047852
v 0.249023 0.040039 -0.049805
v 0.249023 0.040039 -0.049805
v 0.249023 0.063477 -0.049805
v 0.247070 0.040039 0.077148
v 0.249023 0.040039 -0.049805
v 0.247070 0.040039 0.077148
v 0.211914 0.040039 0.077148
v 0.211914 0.063477 -0.049805
v 0.249023 0.063477 -0.049805
v 0.211914 0.040039 -0.047852
v 0.180664 0.061523 -0.047852
v 0.211914 0.063477 -0.049805
v 0.211914 0.040039 -0.047852
v 0.211914 0.040039 -0.047852
v 0.180664 0.040039 -0.047852
v 0.180664 0.061523 -0.047852
v 0.211914 0.040039 0.077148
v 0.180664 0.040039 -0.047852
v 0.211914 0.040039 -0.047852
v 0.249023 0.063477 -0.049805
v 0.211914 0.063477 -0.049805
v 0.249023 0.063477 0.077148
v 0.249023 0.063477 0.077148
v 0.247070 0.040039 0.077148
v 0.249023 0.063477 -0.049805
v 0.245117 0.063477 -0.041992
v 0.243164 0.063477 -0.032227
v 0.231445 0.063477 -0.032227
v 0.245117 0.118164 -0.041992
v 0.243164 0.063477 -0.032227
v 0.245117 0.063477 -0.041992
v 0.231445 0.063477 -0.032227
v 0.233398 0.063477 -0.043945
v 0.245117 0.063477 -0.041992
v 0.245117 0.063477 -0.041992
v 0.233398 0.063477 -0.043945
v 0.233398 0.118164 -0.043945
v 0.233398 0.118164 -0.043945
v 0.245117 0.118164 -0.041992
v 0.245117 0.063477 -0.041992
v 0.243164 0.118164 -0.032227
v 0.231445 0.063477 -0.032227
v 0.243164 0.063477 -0.032227
v 0.243164 0.063477 -0.032227
v 0.245117 0.118164 -0.041992
v 0.243164 0.118164 -0.032227
v 0.233398 0.063477 -0.043945
v 0.231445 0.063477 -0.032227
v 0.231445 0.118164 -0.032227
v 0.231445 0.118164 -0.032227
v 0.233398 0.118164 -0.043945
v 0.233398 0.063477 -0.043945
v 0.231445 0.063477 -0.032227
v 0.243164 0.118164 -0.032227
v 0.231445 0.118164 -0.032227
v 0.249023 0.112305 -0.047852
v 0.249023 0.124023 -0.047852
v 0.249023 0.122070 -0.040039
v 0.192383 0.124023 -0.047852
v 0.249023 0.124023 -0.047852
v 0.249023 0.112305 -0.047852
v 0.249023 0.112305 -0.047852
v 0.249023 0.122070 -0.040039
v 0.249023 0.112305 -0.038086
v 0.249023 0.112305 -0.047852
v 0.249023 0.112305 -0.038086
v 0.192383 0.114258 -0.047852
v 0.249023 0.112305 -0.047852
v 0.192383 0.114258 -0.047852
v 0.192383 0.124023 -0.047852
v 0.192383 0.124023 -0.047852
v 0.249023 0.122070 -0.040039
v 0.249023 0.124023 -0.047852
v 0.192383 0.122070 -0.040039
v 0.249023 0.112305 -0.038086
v 0.249023 0.122070 -0.040039
v 0.249023 0.122070 -0.040039
v 0.192383 0.124023 -0.047852
v 0.192383 0.122070 -0.040039
v 0.231445 0.118164 -0.032227
v 0.243164 0.118164 -0.032227
v 0.245117 0.118164 -0.041992
v 0.245117 0.118164 -0.041992
v 0.233398 0.118164 -0.043945
v 0.231445 0.118164 -0.032227
v 0.192383 0.114258 -0.038086
v 0.192383 0.114258 -0.047852
v 0.249023 0.112305 -0.038086
v 0.249023 0.112305 -0.038086
v 0.192383 0.122070 -0.040039
v 0.192383 0.114258 -0.038086
v 0.249023 0.120117 -0.038086
v 0.192383 0.120117 -0.038086
v 0.249023 0.127930 -0.032227
v 0.249023 0.120117 0.067383
v 0.192383 0.120117 -0.038086
v 0.249023 0.120117 -0.038086
v 0.249023 0.120117 -0.038086
v 0.249023 0.127930 -0.032227
v 0.249023 0.127930 0.059570
v 0.249023 0.127930 0.059570
v 0.249023 0.120117 0.067383
v 0.249023 0.120117 -0.038086
v 0.211914 0.063477 -0.049805
v 0.180664 0.061523 -0.047852
v 0.180664 0.061523 0.075195
v 0.211914 0.063477 0.077148
v 0.249023 0.063477 0.077148
v 0.211914 0.063477 -0.049805
v 0.180664 0.061523 0.075195
v 0.211914 0.063477 0.077148
v 0.211914 0.063477 -0.049805
v 0.192383 0.122070 -0.040039
v 0.192383 0.124023 -0.047852
v 0.192383 0.114258 -0.047852
v 0.192383 0.114258 -0.038086
v 0.192383 0.122070 -0.040039
v 0.192383 0.114258 -0.047852
v 0.192383 0.127930 -0.032227
v 0.249023 0.127930 -0.032227
v 0.192383 0.120117 -0.038086
v 0.192383 0.120117 0.067383
v 0.192383 0.127930 -0.032227
v 0.192383 0.120117 -0.038086
v 0.192383 0.120117 -0.038086
v 0.249023 0.120117 0.067383
v 0.192383 0.120117 0.067383
v 0.239258 0.063477 -0.016602
v 0.231445 0.063477 -0.016602
v 0.231445 0.063477 -0.010742
v 0.231445 0.063477 -0.010742
v 0.239258 0.063477 -0.010742
v 0.239258 0.063477 -0.016602
v 0.204102 0.204102 -0.026367
v 0.190430 0.065430 -0.018555
v 0.204102 0.065430 -0.026367
v 0.204102 0.065430 -0.026367
v 0.190430 0.065430 -0.018555
v 0.190430 0.065430 0.043945
v 0.204102 0.065430 0.051758
v 0.204102 -0.034180 0.051758
v 0.204102 0.065430 -0.026367
v 0.204102 0.065430 -0.026367
v 0.190430 0.065430 0.043945
v 0.204102 0.065430 0.051758
v 0.190430 0.065430 -0.018555
v 0.204102 0.204102 -0.026367
v 0.190430 0.194336 -0.018555
v 0.190430 0.065430 -0.018555
v 0.190430 0.194336 -0.018555
v 0.190430 0.065430 0.043945
v 0.180664 0.061523 0.075195
v 0.180664 0.061523 -0.047852
v 0.180664 0.040039 -0.047852
v 0.180664 0.040039 -0.047852
v 0.211914 0.040039 0.077148
v 0.180664 0.040039 0.075195
v 0.180664 0.040039 -0.047852
v 0.180664 0.040039 0.075195
v 0.180664 0.061523 0.075195
v 0.250977 0.280273 0.397461
v 0.204102 0.204102 -0.026367
v 0.204102 0.204102 -0.102539
v 0.249023 0.127930 -0.032227
v 0.192383 0.127930 -0.032227
v 0.249023 0.127930 0.059570
v 0.192383 0.127930 -0.032227
v 0.192383 0.120117 0.067383
v 0.192383 0.127930 0.059570
v 0.192383 0.127930 0.059570
v 0.249023 0.127930 0.059570
v 0.192383 0.127930 -0.032227
v 0.204102 0.204102 0.051758
v 0.190430 0.194336 -0.018555
v 0.204102 0.204102 -0.026367
v 0.250977 0.280273 0.397461
v 0.204102 0.204102 0.051758
v 0.204102 0.204102 -0.026367
v 0.190430 0.194336 0.043945
v 0.190430 0.065430 0.043945
v 0.190430 0.194336 -0.018555
v 0.204102 0.204102 0.051758
v 0.190430 0.194336 0.043945
v 0.190430 0.194336 -0.018555
v -0.118164 -0.383789 -0.362305
v -0.125977 -0.409180 -0.495117
v -0.012695 -0.415039 -0.495117
v -0.012695 -0.379883 -0.280273
v -0.118164 -0.383789 -0.362305
v -0.012695 -0.415039 -0.495117
v -0.002930 -0.288086 -0.436523
v -0.000977 -0.290039 -0.436523
v -0.000977 -0.309570 -0.436523
v -0.000977 -0.309570 -0.436523
v -0.000977 -0.290039 -0.436523
v -0.000977 -0.309570 -0.372070
v -0.002930 -0.288086 -0.372070
v -0.002930 -0.288086 -0.436523
v -0.000977 -0.309570 -0.436523
v -0.000977 -0.309570 -0.436523
v -0.000977 -0.309570 -0.372070
v -0.002930 -0.288086 -0.372070
v -0.000977 -0.290039 -0.436523
v -0.002930 -0.288086 -0.436523
v -0.000977 -0.290039 -0.372070
v -0.000977 -0.290039 -0.372070
v -0.000977 -0.309570 -0.372070
v -0.000977 -0.290039 -0.436523
v -0.002930 -0.288086 -0.372070
v -0.030273 -0.288086 -0.436523
v -0.002930 -0.288086 -0.436523
v -0.002930 -0.288086 -0.372070
v -0.000977 -0.290039 -0.372070
v -0.002930 -0.288086 -0.436523
v -0.030273 -0.288086 -0.436523
v -0.026367 -0.268555 -0.436523
v -0.024414 -0.268555 -0.372070
v -0.026367 -0.268555 -0.372070
v -0.026367 -0.268555 -0.436523
v -0.030273 -0.288086 -0.436523
v -0.030273 -0.288086 -0.436523
v -0.002930 -0.288086 -0.372070
v -0.028320 -0.288086 -0.372070
v -0.024414 -0.268555 -0.372070
v -0.028320 -0.288086 -0.372070
v -0.030273 -0.288086 -0.436523
v -0.030273 -0.288086 -0.436523
v -0.028320 -0.288086 -0.372070
v -0.026367 -0.268555 -0.372070
v -0.049805 -0.268555 -0.372070
v -0.051758 -0.268555 -0.436523
v -0.026367 -0.268555 -0.436523
v -0.026367 -0.268555 -0.372070
v -0.024414 -0.268555 -0.372070
v -0.026367 -0.268555 -0.436523
v -0.026367 -0.268555 -0.436523
v -0.026367 -0.268555 -0.372070
v -0.049805 -0.268555 -0.372070
v -0.049805 -0.249023 -0.436523
v -0.049805 -0.268555 -0.372070
v -0.051758 -0.268555 -0.436523
v -0.051758 -0.268555 -0.436523
v -0.049805 -0.268555 -0.372070
v -0.049805 -0.247070 -0.372070
v -0.051758 -0.247070 -0.436523
v -0.049805 -0.249023 -0.436523
v -0.051758 -0.268555 -0.436523
v -0.049805 -0.247070 -0.372070
v -0.051758 -0.247070 -0.436523
v -0.051758 -0.268555 -0.436523
v -0.211914 -0.385742 -0.260742
v -0.239258 -0.424805 -0.463867
v -0.125977 -0.409180 -0.495117
v -0.125977 -0.409180 -0.495117
v -0.118164 -0.383789 -0.362305
v -0.211914 -0.385742 -0.260742
v -0.239258 -0.424805 -0.463867
v -0.211914 -0.385742 -0.260742
v -0.350586 -0.416992 -0.291992
v -0.350586 -0.416992 -0.291992
v -0.315430 -0.420898 -0.432617
v -0.239258 -0.424805 -0.463867
v -0.118164 -0.383789 -0.362305
v -0.012695 -0.379883 -0.280273
v -0.231445 -0.385742 -0.122070
v -0.231445 -0.385742 -0.122070
v -0.211914 -0.385742 -0.260742
v -0.118164 -0.383789 -0.362305
v -0.012695 -0.379883 -0.280273
v -0.026367 -0.381836 -0.153320
v -0.125977 -0.370117 0.020508
v -0.125977 -0.370117 0.020508
v -0.231445 -0.385742 -0.122070
v -0.012695 -0.379883 -0.280273
v -0.000977 -0.309570 -0.372070
v -0.000977 -0.290039 -0.372070
v -0.002930 -0.288086 -0.372070
v -0.028320 -0.288086 -0.372070
v -0.024414 -0.268555 -0.372070
v -0.026367 -0.268555 -0.372070
v -0.049805 -0.268555 -0.372070
v -0.049805 -0.249023 -0.436523
v -0.047852 -0.249023 -0.372070
v -0.049805 -0.268555 -0.372070
v -0.047852 -0.249023 -0.372070
v -0.049805 -0.247070 -0.372070
v -0.374023 -0.424805 -0.153320
v -0.350586 -0.416992 -0.291992
v -0.211914 -0.385742 -0.260742
v -0.211914 -0.385742 -0.260742
v -0.231445 -0.385742 -0.122070
v -0.366211 -0.409180 0.000977
v -0.366211 -0.409180 0.000977
v -0.374023 -0.424805 -0.153320
v -0.211914 -0.385742 -0.260742
v -0.018555 -0.249023 -0.372070
v -0.020508 -0.249023 -0.438477
v -0.000977 -0.247070 -0.438477
v -0.020508 -0.249023 -0.438477
v -0.020508 -0.229492 -0.438477
v -0.018555 -0.249023 -0.372070
v -0.018555 -0.229492 -0.372070
v -0.020508 -0.229492 -0.438477
v -0.020508 -0.249023 -0.438477
v -0.020508 -0.249023 -0.438477
v -0.018555 -0.249023 -0.372070
v -0.018555 -0.229492 -0.372070
v -0.040039 -0.229492 -0.372070
v -0.040039 -0.229492 -0.438477
v -0.020508 -0.229492 -0.438477
v -0.018555 -0.229492 -0.372070
v -0.018555 -0.249023 -0.372070
v -0.020508 -0.229492 -0.438477
v -0.020508 -0.229492 -0.438477
v -0.018555 -0.229492 -0.372070
v -0.040039 -0.229492 -0.372070
v -0.041992 -0.209961 -0.438477
v -0.040039 -0.209961 -0.438477
v -0.040039 -0.229492 -0.438477
v -0.040039 -0.229492 -0.438477
v -0.040039 -0.209961 -0.438477
v -0.040039 -0.229492 -0.372070
v -0.040039 -0.229492 -0.372070
v -0.041992 -0.209961 -0.438477
v -0.040039 -0.229492 -0.438477
v -0.040039 -0.209961 -0.438477
v -0.041992 -0.209961 -0.438477
v -0.038086 -0.209961 -0.372070
v -0.038086 -0.209961 -0.372070
v -0.040039 -0.229492 -0.372070
v -0.040039 -0.209961 -0.438477
v -0.061523 -0.209961 -0.372070
v -0.061523 -0.209961 -0.438477
v -0.041992 -0.209961 -0.438477
v -0.041992 -0.209961 -0.438477
v -0.040039 -0.229492 -0.372070
v -0.040039 -0.209961 -0.372070
v -0.040039 -0.209961 -0.372070
v -0.038086 -0.209961 -0.372070
v -0.041992 -0.209961 -0.438477
v -0.041992 -0.209961 -0.438477
v -0.040039 -0.209961 -0.372070
v -0.061523 -0.209961 -0.372070
v -0.061523 -0.182617 -0.438477
v -0.059570 -0.184570 -0.438477
v -0.061523 -0.209961 -0.438477
v -0.061523 -0.209961 -0.438477
v -0.059570 -0.184570 -0.438477
v -0.061523 -0.209961 -0.372070
v -0.061523 -0.182617 -0.372070
v -0.061523 -0.182617 -0.438477
v -0.061523 -0.209961 -0.438477
v -0.061523 -0.209961 -0.438477
v -0.061523 -0.209961 -0.372070
v -0.061523 -0.182617 -0.372070
v -0.047852 -0.188477 -0.446289
v -0.047852 -0.188477 -0.438477
v -0.040039 -0.180664 -0.438477
v -0.040039 -0.180664 -0.438477
v -0.040039 -0.180664 -0.446289
v -0.047852 -0.188477 -0.446289
v -0.043945 -0.180664 -0.446289
v -0.043945 -0.180664 -0.438477
v -0.049805 -0.186523 -0.438477
v -0.084961 -0.168945 -0.444336
v -0.043945 -0.180664 -0.438477
v -0.043945 -0.180664 -0.446289
v -0.049805 -0.186523 -0.438477
v -0.049805 -0.186523 -0.446289
v -0.043945 -0.180664 -0.446289
v -0.043945 -0.180664 -0.446289
v -0.049805 -0.186523 -0.446289
v -0.084961 -0.178711 -0.446289
v -0.043945 -0.180664 -0.446289
v -0.084961 -0.178711 -0.446289
v -0.084961 -0.168945 -0.444336
v -0.084961 -0.178711 -0.436523
v -0.049805 -0.186523 -0.438477
v -0.043945 -0.180664 -0.438477
v -0.043945 -0.180664 -0.438477
v -0.084961 -0.168945 -0.444336
v -0.084961 -0.168945 -0.436523
v -0.084961 -0.168945 -0.436523
v -0.084961 -0.178711 -0.436523
v -0.043945 -0.180664 -0.438477
v -0.049805 -0.186523 -0.446289
v -0.049805 -0.186523 -0.438477
v -0.084961 -0.178711 -0.436523
v -0.084961 -0.178711 -0.436523
v -0.084961 -0.178711 -0.446289
v -0.049805 -0.186523 -0.446289
v -0.059570 -0.184570 -0.438477
v -0.061523 -0.182617 -0.438477
v -0.059570 -0.184570 -0.372070
v -0.059570 -0.184570 -0.372070
v -0.061523 -0.209961 -0.372070
v -0.059570 -0.184570 -0.438477
v -0.061523 -0.182617 -0.438477
v -0.081055 -0.247070 -0.438477
v -0.083008 -0.182617 -0.372070
v -0.061523 -0.182617 -0.372070
v -0.059570 -0.184570 -0.372070
v -0.061523 -0.182617 -0.438477
v -0.083008 -0.182617 -0.372070
v -0.061523 -0.182617 -0.372070
v -0.061523 -0.182617 -0.438477
v -0.075195 -0.247070 -0.442383
v -0.084961 -0.247070 -0.442383
v -0.075195 -0.170898 -0.442383
v -0.075195 -0.247070 -0.434570
v -0.084961 -0.247070 -0.442383
v -0.075195 -0.247070 -0.442383
v -0.075195 -0.247070 -0.442383
v -0.075195 -0.170898 -0.442383
v -0.075195 -0.247070 -0.434570
v -0.077148 -0.229492 -0.372070
v -0.065430 -0.229492 -0.436523
v -0.077148 -0.229492 -0.438477
v -0.084961 -0.170898 -0.442383
v -0.075195 -0.170898 -0.442383
v -0.084961 -0.247070 -0.442383
v -0.084961 -0.247070 -0.434570
v -0.084961 -0.170898 -0.442383
v -0.084961 -0.247070 -0.442383
v -0.084961 -0.247070 -0.442383
v -0.075195 -0.247070 -0.434570
v -0.084961 -0.247070 -0.434570
v -0.081055 -0.247070 -0.438477
v -0.051758 -0.247070 -0.436523
v -0.081055 -0.247070 -0.372070
v -0.081055 -0.247070 -0.438477
v -0.081055 -0.247070 -0.372070
v -0.083008 -0.182617 -0.372070
v -0.075195 -0.170898 -0.442383
v -0.084961 -0.170898 -0.442383
v -0.084961 -0.168945 -0.436523
v -0.075195 -0.170898 -0.434570
v -0.075195 -0.247070 -0.434570
v -0.075195 -0.170898 -0.442383
v -0.084961 -0.168945 -0.436523
v -0.075195 -0.170898 -0.434570
v -0.075195 -0.170898 -0.442383
v -0.084961 -0.178711 -0.436523
v -0.084961 -0.168945 -0.444336
v -0.084961 -0.178711 -0.446289
v -0.084961 -0.168945 -0.444336
v -0.084961 -0.178711 -0.436523
v -0.084961 -0.168945 -0.436523
v -0.084961 -0.170898 -0.442383
v -0.084961 -0.247070 -0.434570
v -0.084961 -0.168945 -0.436523
v -0.049805 -0.249023 -0.436523
v -0.051758 -0.247070 -0.436523
v -0.047852 -0.249023 -0.372070
v -0.049805 -0.247070 -0.372070
v -0.047852 -0.249023 -0.372070
v -0.051758 -0.247070 -0.436523
v -0.051758 -0.247070 -0.436523
v -0.049805 -0.247070 -0.372070
v -0.081055 -0.247070 -0.372070
v -0.065430 -0.229492 -0.436523
v -0.063477 -0.229492 -0.436523
v -0.063477 -0.247070 -0.436523
v -0.063477 -0.247070 -0.436523
v -0.063477 -0.229492 -0.436523
v -0.061523 -0.247070 -0.372070
v -0.061523 -0.247070 -0.372070
v -0.065430 -0.229492 -0.436523
v -0.063477 -0.247070 -0.436523
v -0.075195 -0.170898 -0.434570
v -0.084961 -0.247070 -0.434570
v -0.075195 -0.247070 -0.434570
v -0.063477 -0.229492 -0.436523
v -0.065430 -0.229492 -0.436523
v -0.061523 -0.229492 -0.372070
v -0.061523 -0.229492 -0.372070
v -0.061523 -0.247070 -0.372070
v -0.063477 -0.229492 -0.436523
v -0.065430 -0.229492 -0.436523
v -0.061523 -0.247070 -0.372070
v -0.063477 -0.229492 -0.372070
v -0.063477 -0.229492 -0.372070
v -0.061523 -0.229492 -0.372070
v -0.065430 -0.229492 -0.436523
v -0.077148 -0.229492 -0.372070
v -0.063477 -0.229492 -0.372070
v -0.065430 -0.229492 -0.436523
v -0.067383 -0.229492 -0.426758
v -0.075195 -0.229492 -0.434570
v -0.067383 -0.229492 -0.434570
v -0.067383 -0.229492 -0.434570
v -0.075195 -0.229492 -0.434570
v -0.069336 -0.170898 -0.434570
v -0.069336 -0.170898 -0.434570
v -0.067383 -0.229492 -0.426758
v -0.067383 -0.229492 -0.434570
v -0.075195 -0.229492 -0.434570
v -0.067383 -0.229492 -0.426758
v -0.075195 -0.229492 -0.426758
v -0.075195 -0.229492 -0.434570
v -0.075195 -0.229492 -0.426758
v -0.075195 -0.170898 -0.434570
v -0.075195 -0.170898 -0.434570
v -0.069336 -0.170898 -0.434570
v -0.075195 -0.229492 -0.434570
v -0.069336 -0.170898 -0.428711
v -0.075195 -0.229492 -0.426758
v -0.067383 -0.229492 -0.426758
v -0.067383 -0.229492 -0.426758
v -0.069336 -0.170898 -0.434570
v -0.069336 -0.170898 -0.428711
v -0.067383 -0.229492 -0.416992
v -0.075195 -0.229492 -0.424805
v -0.067383 -0.229492 -0.424805
v -0.067383 -0.229492 -0.424805
v -0.075195 -0.229492 -0.424805
v -0.069336 -0.170898 -0.424805
v -0.069336 -0.170898 -0.424805
v -0.067383 -0.229492 -0.416992
v -0.067383 -0.229492 -0.424805
v -0.075195 -0.170898 -0.428711
v -0.075195 -0.170898 -0.434570
v -0.075195 -0.229492 -0.426758
v -0.075195 -0.229492 -0.426758
v -0.069336 -0.170898 -0.428711
v -0.075195 -0.170898 -0.428711
v -0.075195 -0.229492 -0.424805
v -0.067383 -0.229492 -0.416992
v -0.075195 -0.229492 -0.416992
v -0.075195 -0.229492 -0.424805
v -0.075195 -0.229492 -0.416992
v -0.075195 -0.168945 -0.416992
v -0.075195 -0.168945 -0.424805
v -0.069336 -0.170898 -0.424805
v -0.075195 -0.229492 -0.424805
v -0.075195 -0.168945 -0.416992
v -0.075195 -0.168945 -0.424805
v -0.075195 -0.229492 -0.424805
v -0.084961 -0.247070 -0.434570
v -0.075195 -0.170898 -0.434570
v -0.084961 -0.168945 -0.436523
v -0.069336 -0.170898 -0.416992
v -0.075195 -0.229492 -0.416992
v -0.067383 -0.229492 -0.416992
v -0.067383 -0.229492 -0.416992
v -0.069336 -0.170898 -0.424805
v -0.069336 -0.170898 -0.416992
v -0.075195 -0.229492 -0.416992
v -0.069336 -0.170898 -0.416992
v -0.075195 -0.168945 -0.416992
v -0.067383 -0.229492 -0.413086
v -0.067383 -0.229492 -0.407227
v -0.075195 -0.229492 -0.413086
v -0.069336 -0.170898 -0.415039
v -0.067383 -0.229492 -0.407227
v -0.067383 -0.229492 -0.413086
v -0.067383 -0.229492 -0.413086
v -0.075195 -0.229492 -0.413086
v -0.069336 -0.170898 -0.415039
v -0.075195 -0.229492 -0.405273
v -0.075195 -0.229492 -0.413086
v -0.067383 -0.229492 -0.407227
v -0.069336 -0.170898 -0.407227
v -0.075195 -0.229492 -0.405273
v -0.067383 -0.229492 -0.407227
v -0.067383 -0.229492 -0.407227
v -0.069336 -0.170898 -0.415039
v -0.069336 -0.170898 -0.407227
v -0.075195 -0.229492 -0.413086
v -0.075195 -0.229492 -0.405273
v -0.075195 -0.170898 -0.407227
v -0.075195 -0.170898 -0.415039
v -0.069336 -0.170898 -0.415039
v -0.075195 -0.229492 -0.413086
v -0.075195 -0.170898 -0.407227
v -0.075195 -0.170898 -0.415039
v -0.075195 -0.229492 -0.413086
v -0.067383 -0.229492 -0.395508
v -0.075195 -0.229492 -0.403320
v -0.067383 -0.229492 -0.403320
v -0.067383 -0.229492 -0.403320
v -0.075195 -0.229492 -0.403320
v -0.069336 -0.170898 -0.403320
v -0.069336 -0.170898 -0.403320
v -0.067383 -0.229492 -0.395508
v -0.067383 -0.229492 -0.403320
v -0.075195 -0.229492 -0.405273
v -0.069336 -0.170898 -0.407227
v -0.075195 -0.170898 -0.407227
v -0.075195 -0.229492 -0.403320
v -0.067383 -0.229492 -0.395508
v -0.075195 -0.229492 -0.395508
v -0.075195 -0.229492 -0.403320
v -0.075195 -0.229492 -0.395508
v -0.075195 -0.170898 -0.403320
v -0.075195 -0.170898 -0.403320
v -0.069336 -0.170898 -0.403320
v -0.075195 -0.229492 -0.403320
v -0.069336 -0.170898 -0.397461
v -0.075195 -0.229492 -0.395508
v -0.067383 -0.229492 -0.395508
v -0.067383 -0.229492 -0.395508
v -0.069336 -0.170898 -0.403320
v -0.069336 -0.170898 -0.397461
v -0.067383 -0.229492 -0.385742
v -0.075195 -0.229492 -0.391602
v -0.067383 -0.229492 -0.391602
v -0.067383 -0.229492 -0.391602
v -0.075195 -0.229492 -0.391602
v -0.069336 -0.170898 -0.393555
v -0.069336 -0.170898 -0.393555
v -0.067383 -0.229492 -0.385742
v -0.067383 -0.229492 -0.391602
v -0.075195 -0.170898 -0.395508
v -0.075195 -0.170898 -0.403320
v -0.075195 -0.229492 -0.395508
v -0.075195 -0.229492 -0.395508
v -0.069336 -0.170898 -0.397461
v -0.075195 -0.170898 -0.395508
v -0.075195 -0.229492 -0.391602
v -0.067383 -0.229492 -0.385742
v -0.075195 -0.229492 -0.383789
v -0.075195 -0.229492 -0.391602
v -0.075195 -0.229492 -0.383789
v -0.075195 -0.168945 -0.385742
v -0.075195 -0.168945 -0.393555
v -0.069336 -0.170898 -0.393555
v -0.075195 -0.229492 -0.391602
v -0.075195 -0.168945 -0.385742
v -0.075195 -0.168945 -0.393555
v -0.075195 -0.229492 -0.391602
v -0.069336 -0.170898 -0.385742
v -0.075195 -0.229492 -0.383789
v -0.067383 -0.229492 -0.385742
v -0.067383 -0.229492 -0.385742
v -0.069336 -0.170898 -0.393555
v -0.069336 -0.170898 -0.385742
v -0.075195 -0.229492 -0.383789
v -0.069336 -0.170898 -0.385742
v -0.075195 -0.168945 -0.385742
v -0.067383 -0.229492 -0.381836
v -0.075195 -0.229492 -0.381836
v -0.069336 -0.170898 -0.381836
v -0.067383 -0.229492 -0.374023
v -0.075195 -0.229492 -0.381836
v -0.067383 -0.229492 -0.381836
v -0.067383 -0.229492 -0.381836
v -0.069336 -0.170898 -0.381836
v -0.069336 -0.170898 -0.375977
v -0.067383 -0.229492 -0.381836
v -0.069336 -0.170898 -0.375977
v -0.067383 -0.229492 -0.374023
v -0.075195 -0.168945 -0.381836
v -0.069336 -0.170898 -0.381836
v -0.075195 -0.229492 -0.381836
v -0.075195 -0.168945 -0.374023
v -0.075195 -0.168945 -0.381836
v -0.075195 -0.229492 -0.381836
v -0.075195 -0.229492 -0.381836
v -0.067383 -0.229492 -0.374023
v -0.075195 -0.227539 -0.374023
v -0.075195 -0.229492 -0.381836
v -0.075195 -0.227539 -0.374023
v -0.075195 -0.168945 -0.374023
v -0.069336 -0.170898 -0.434570
v -0.075195 -0.170898 -0.434570
v -0.075195 -0.170898 -0.428711
v -0.075195 -0.170898 -0.428711
v -0.069336 -0.170898 -0.428711
v -0.069336 -0.170898 -0.434570
v -0.069336 -0.170898 -0.424805
v -0.075195 -0.168945 -0.424805
v -0.069336 -0.170898 -0.416992
v -0.075195 -0.168945 -0.416992
v -0.069336 -0.170898 -0.416992
v -0.075195 -0.168945 -0.424805
v -0.069336 -0.170898 -0.415039
v -0.075195 -0.170898 -0.415039
v -0.069336 -0.170898 -0.407227
v -0.075195 -0.170898 -0.407227
v -0.069336 -0.170898 -0.407227
v -0.075195 -0.170898 -0.415039
v -0.069336 -0.170898 -0.403320
v -0.075195 -0.170898 -0.403320
v -0.069336 -0.170898 -0.397461
v -0.075195 -0.170898 -0.395508
v -0.069336 -0.170898 -0.397461
v -0.075195 -0.170898 -0.403320
v -0.069336 -0.170898 -0.393555
v -0.075195 -0.168945 -0.393555
v -0.069336 -0.170898 -0.385742
v -0.075195 -0.168945 -0.385742
v -0.069336 -0.170898 -0.385742
v -0.075195 -0.168945 -0.393555
v -0.075195 -0.168945 -0.381836
v -0.069336 -0.170898 -0.375977
v -0.069336 -0.170898 -0.381836
v -0.069336 -0.170898 -0.375977
v -0.075195 -0.168945 -0.381836
v -0.075195 -0.168945 -0.374023
v -0.075195 -0.168945 -0.374023
v -0.067383 -0.229492 -0.374023
v -0.069336 -0.170898 -0.375977
v -0.040039 -0.229492 -0.372070
v -0.038086 -0.209961 -0.372070
v -0.040039 -0.209961 -0.372070
v -0.061523 -0.247070 -0.372070
v -0.061523 -0.229492 -0.372070
v -0.063477 -0.229492 -0.372070
v -0.061523 -0.209961 -0.372070
v -0.059570 -0.184570 -0.372070
v -0.061523 -0.182617 -0.372070
v -0.049805 -0.188477 -0.374023
v -0.049805 -0.188477 -0.366211
v -0.041992 -0.180664 -0.366211
v -0.041992 -0.180664 -0.366211
v -0.041992 -0.180664 -0.374023
v -0.049805 -0.188477 -0.374023
v -0.045898 -0.180664 -0.374023
v -0.045898 -0.180664 -0.366211
v -0.049805 -0.186523 -0.366211
v -0.084961 -0.168945 -0.374023
v -0.045898 -0.180664 -0.366211
v -0.045898 -0.180664 -0.374023
v -0.049805 -0.186523 -0.366211
v -0.049805 -0.186523 -0.374023
v -0.045898 -0.180664 -0.374023
v -0.045898 -0.180664 -0.374023
v -0.049805 -0.186523 -0.374023
v -0.084961 -0.178711 -0.374023
v -0.045898 -0.180664 -0.374023
v -0.084961 -0.178711 -0.374023
v -0.084961 -0.168945 -0.374023
v -0.084961 -0.178711 -0.364258
v -0.049805 -0.186523 -0.366211
v -0.045898 -0.180664 -0.366211
v -0.083008 -0.168945 -0.364258
v -0.084961 -0.178711 -0.364258
v -0.045898 -0.180664 -0.366211
v -0.045898 -0.180664 -0.366211
v -0.084961 -0.168945 -0.374023
v -0.083008 -0.168945 -0.364258
v -0.049805 -0.186523 -0.374023
v -0.049805 -0.186523 -0.366211
v -0.084961 -0.178711 -0.374023
v -0.084961 -0.178711 -0.364258
v -0.084961 -0.178711 -0.374023
v -0.049805 -0.186523 -0.366211
v -0.075195 -0.247070 -0.374023
v -0.075195 -0.247070 -0.366211
v -0.084961 -0.247070 -0.374023
v -0.075195 -0.170898 -0.366211
v -0.075195 -0.247070 -0.366211
v -0.075195 -0.247070 -0.374023
v -0.075195 -0.247070 -0.374023
v -0.084961 -0.247070 -0.374023
v -0.075195 -0.170898 -0.374023
v -0.075195 -0.247070 -0.374023
v -0.075195 -0.170898 -0.374023
v -0.075195 -0.170898 -0.366211
v -0.084961 -0.247070 -0.366211
v -0.084961 -0.247070 -0.374023
v -0.075195 -0.247070 -0.366211
v -0.075195 -0.170898 -0.366211
v -0.084961 -0.247070 -0.366211
v -0.075195 -0.247070 -0.366211
v -0.075195 -0.168945 -0.374023
v -0.075195 -0.227539 -0.374023
v -0.067383 -0.229492 -0.374023
v -0.084961 -0.247070 -0.374023
v -0.084961 -0.247070 -0.366211
v -0.083008 -0.168945 -0.364258
v -0.084961 -0.168945 -0.374023
v -0.075195 -0.170898 -0.374023
v -0.084961 -0.247070 -0.374023
v -0.083008 -0.168945 -0.364258
v -0.084961 -0.168945 -0.374023
v -0.084961 -0.247070 -0.374023
v -0.084961 -0.247070 -0.366211
v -0.075195 -0.170898 -0.366211
v -0.083008 -0.168945 -0.364258
v -0.083008 -0.168945 -0.364258
v -0.075195 -0.170898 -0.366211
v -0.075195 -0.170898 -0.374023
v -0.075195 -0.170898 -0.374023
v -0.084961 -0.168945 -0.374023
v -0.083008 -0.168945 -0.364258
v -0.084961 -0.178711 -0.374023
v -0.084961 -0.178711 -0.364258
v -0.083008 -0.168945 -0.364258
v -0.083008 -0.168945 -0.364258
v -0.084961 -0.168945 -0.374023
v -0.084961 -0.178711 -0.374023
v -0.280273 -0.174805 -0.358398
v -0.241211 -0.176758 -0.356445
v -0.241211 -0.198242 -0.356445
v -0.241211 -0.198242 -0.356445
v -0.241211 -0.176758 -0.356445
v -0.241211 -0.198242 -0.233398
v -0.241211 -0.198242 -0.356445
v -0.280273 -0.198242 -0.358398
v -0.280273 -0.174805 -0.358398
v -0.241211 -0.198242 -0.233398
v -0.280273 -0.198242 -0.358398
v -0.241211 -0.198242 -0.356445
v -0.241211 -0.176758 -0.356445
v -0.280273 -0.174805 -0.358398
v -0.241211 -0.178711 -0.231445
v -0.241211 -0.178711 -0.231445
v -0.241211 -0.198242 -0.233398
v -0.241211 -0.176758 -0.356445
v -0.243164 -0.174805 -0.342773
v -0.243164 -0.032227 -0.334961
v -0.262695 -0.172852 -0.336914
v -0.243164 -0.174805 -0.249023
v -0.243164 -0.032227 -0.334961
v -0.243164 -0.174805 -0.342773
v -0.243164 -0.174805 -0.342773
v -0.262695 -0.172852 -0.336914
v -0.262695 -0.172852 -0.254883
v -0.243164 -0.174805 -0.342773
v -0.262695 -0.172852 -0.254883
v -0.243164 -0.174805 -0.249023
v -0.241211 -0.178711 -0.231445
v -0.243164 -0.174805 -0.249023
v -0.243164 -0.174805 -0.342773
v -0.243164 -0.032227 -0.334961
v -0.241211 -0.032227 -0.254883
v -0.260742 -0.036133 -0.258789
v -0.243164 -0.174805 -0.249023
v -0.241211 -0.032227 -0.254883
v -0.243164 -0.032227 -0.334961
v -0.262695 -0.036133 -0.331055
v -0.262695 -0.172852 -0.336914
v -0.243164 -0.032227 -0.334961
v -0.260742 -0.036133 -0.258789
v -0.262695 -0.036133 -0.331055
v -0.243164 -0.032227 -0.334961
v -0.241211 -0.032227 -0.254883
v -0.262695 -0.172852 -0.254883
v -0.260742 -0.036133 -0.258789
v -0.243164 -0.174805 -0.249023
v -0.262695 -0.172852 -0.254883
v -0.241211 -0.032227 -0.254883
v -0.262695 -0.172852 -0.254883
v -0.262695 -0.172852 -0.336914
v -0.252930 -0.405273 -0.374023
v -0.252930 -0.405273 -0.374023
v -0.262695 -0.172852 -0.336914
v -0.258789 0.280273 -0.374023
v -0.262695 -0.172852 -0.184570
v -0.262695 -0.172852 -0.254883
v -0.252930 -0.405273 -0.374023
v -0.262695 -0.172852 -0.102539
v -0.262695 -0.172852 -0.184570
v -0.252930 -0.405273 -0.374023
v -0.262695 -0.172852 -0.032227
v -0.262695 -0.172852 -0.102539
v -0.252930 -0.405273 -0.374023
v -0.262695 -0.172852 0.051758
v -0.262695 -0.172852 -0.032227
v -0.252930 -0.405273 -0.374023
v -0.258789 0.280273 -0.374023
v -0.172852 0.061523 -0.375977
v -0.252930 -0.405273 -0.374023
v -0.262695 -0.172852 0.116211
v -0.262695 -0.172852 0.051758
v -0.252930 -0.405273 -0.374023
v -0.252930 -0.405273 0.397461
v -0.262695 -0.172852 0.051758
v -0.252930 -0.405273 -0.374023
v -0.252930 -0.405273 0.397461
v -0.262695 -0.172852 0.116211
v -0.252930 -0.405273 -0.374023
v -0.319336 -0.176758 -0.358398
v -0.280273 -0.174805 -0.358398
v -0.280273 -0.198242 -0.358398
v -0.280273 -0.198242 -0.358398
v -0.319336 -0.198242 -0.358398
v -0.319336 -0.176758 -0.358398
v -0.319336 -0.198242 -0.231445
v -0.319336 -0.198242 -0.358398
v -0.280273 -0.198242 -0.358398
v -0.280273 -0.198242 -0.358398
v -0.241211 -0.198242 -0.233398
v -0.280273 -0.198242 -0.233398
v -0.280273 -0.198242 -0.358398
v -0.280273 -0.198242 -0.233398
v -0.319336 -0.198242 -0.231445
v -0.280273 -0.174805 -0.358398
v -0.319336 -0.176758 -0.358398
v -0.280273 -0.176758 -0.231445
v -0.280273 -0.176758 -0.231445
v -0.241211 -0.178711 -0.231445
v -0.280273 -0.174805 -0.358398
v -0.299805 -0.176758 -0.344727
v -0.301758 -0.176758 -0.333008
v -0.315430 -0.176758 -0.334961
v -0.301758 -0.118164 -0.333008
v -0.301758 -0.176758 -0.333008
v -0.299805 -0.176758 -0.344727
v -0.315430 -0.176758 -0.334961
v -0.313477 -0.176758 -0.346680
v -0.299805 -0.176758 -0.344727
v -0.299805 -0.176758 -0.344727
v -0.313477 -0.176758 -0.346680
v -0.313477 -0.118164 -0.346680
v -0.299805 -0.176758 -0.344727
v -0.299805 -0.118164 -0.344727
v -0.301758 -0.118164 -0.333008
v -0.313477 -0.118164 -0.346680
v -0.299805 -0.118164 -0.344727
v -0.299805 -0.176758 -0.344727
v -0.262695 -0.172852 -0.336914
v -0.262695 -0.036133 -0.331055
v -0.258789 0.280273 -0.374023
v -0.301758 -0.118164 -0.333008
v -0.315430 -0.176758 -0.334961
v -0.301758 -0.176758 -0.333008
v -0.319336 -0.176758 -0.231445
v -0.319336 -0.176758 -0.358398
v -0.319336 -0.198242 -0.358398
v -0.319336 -0.198242 -0.358398
v -0.319336 -0.198242 -0.231445
v -0.319336 -0.176758 -0.231445
v -0.319336 -0.176758 -0.231445
v -0.280273 -0.176758 -0.231445
v -0.319336 -0.176758 -0.358398
v -0.313477 -0.176758 -0.346680
v -0.315430 -0.176758 -0.334961
v -0.315430 -0.118164 -0.334961
v -0.315430 -0.118164 -0.334961
v -0.313477 -0.118164 -0.346680
v -0.313477 -0.176758 -0.346680
v -0.315430 -0.176758 -0.334961
v -0.301758 -0.118164 -0.333008
v -0.315430 -0.118164 -0.334961
v -0.262695 -0.172852 -0.184570
v -0.260742 -0.036133 -0.258789
v -0.262695 -0.172852 -0.254883
v -0.241211 -0.178711 -0.231445
v -0.243164 -0.174805 -0.249023
v -0.262695 -0.172852 -0.254883
v -0.299805 -0.176758 -0.250977
v -0.311523 -0.176758 -0.252930
v -0.311523 -0.118164 -0.252930
v -0.315430 -0.176758 -0.241211
v -0.311523 -0.176758 -0.252930
v -0.299805 -0.176758 -0.250977
v -0.311523 -0.118164 -0.252930
v -0.299805 -0.118164 -0.250977
v -0.299805 -0.176758 -0.250977
v -0.299805 -0.176758 -0.250977
v -0.299805 -0.118164 -0.250977
v -0.301758 -0.176758 -0.239258
v -0.299805 -0.176758 -0.250977
v -0.301758 -0.176758 -0.239258
v -0.315430 -0.176758 -0.241211
v -0.315430 -0.118164 -0.241211
v -0.311523 -0.118164 -0.252930
v -0.311523 -0.176758 -0.252930
v -0.311523 -0.176758 -0.252930
v -0.315430 -0.176758 -0.241211
v -0.315430 -0.118164 -0.241211
v -0.254883 -0.110352 -0.344727
v -0.254883 -0.122070 -0.344727
v -0.254883 -0.122070 -0.352539
v -0.254883 -0.122070 -0.352539
v -0.254883 -0.122070 -0.344727
v -0.319336 -0.122070 -0.344727
v -0.254883 -0.108398 -0.354492
v -0.254883 -0.110352 -0.344727
v -0.254883 -0.122070 -0.352539
v -0.319336 -0.122070 -0.354492
v -0.254883 -0.108398 -0.354492
v -0.254883 -0.122070 -0.352539
v -0.319336 -0.122070 -0.344727
v -0.319336 -0.122070 -0.354492
v -0.254883 -0.122070 -0.352539
v -0.254883 -0.122070 -0.344727
v -0.254883 -0.110352 -0.344727
v -0.319336 -0.122070 -0.344727
v -0.319336 -0.106445 -0.338867
v -0.254883 -0.106445 -0.338867
v -0.254883 -0.114258 -0.344727
v -0.254883 -0.114258 -0.344727
v -0.254883 -0.106445 -0.338867
v -0.254883 -0.116211 -0.243164
v -0.254883 -0.114258 -0.344727
v -0.319336 -0.114258 -0.344727
v -0.319336 -0.106445 -0.338867
v -0.319336 -0.114258 -0.243164
v -0.319336 -0.114258 -0.344727
v -0.254883 -0.114258 -0.344727
v -0.254883 -0.114258 -0.344727
v -0.254883 -0.116211 -0.243164
v -0.319336 -0.114258 -0.243164
v -0.254883 -0.110352 -0.344727
v -0.254883 -0.108398 -0.354492
v -0.319336 -0.110352 -0.344727
v -0.319336 -0.110352 -0.344727
v -0.319336 -0.122070 -0.344727
v -0.254883 -0.110352 -0.344727
v -0.254883 -0.108398 -0.354492
v -0.319336 -0.122070 -0.354492
v -0.319336 -0.108398 -0.354492
v -0.319336 -0.108398 -0.354492
v -0.319336 -0.110352 -0.344727
v -0.254883 -0.108398 -0.354492
v -0.315430 -0.118164 -0.334961
v -0.301758 -0.118164 -0.333008
v -0.299805 -0.118164 -0.344727
v -0.299805 -0.118164 -0.344727
v -0.313477 -0.118164 -0.346680
v -0.315430 -0.118164 -0.334961
v -0.254883 -0.106445 -0.338867
v -0.319336 -0.106445 -0.338867
v -0.254883 -0.106445 -0.249023
v -0.254883 -0.106445 -0.249023
v -0.254883 -0.116211 -0.243164
v -0.254883 -0.106445 -0.338867
v -0.262695 -0.036133 -0.331055
v -0.260742 -0.036133 -0.258789
v -0.260742 0.059570 -0.334961
v -0.262695 -0.036133 -0.331055
v -0.260742 0.059570 -0.334961
v -0.258789 0.280273 -0.374023
v -0.319336 -0.122070 -0.354492
v -0.319336 -0.122070 -0.344727
v -0.319336 -0.110352 -0.344727
v -0.319336 -0.122070 -0.354492
v -0.319336 -0.110352 -0.344727
v -0.319336 -0.108398 -0.354492
v -0.319336 -0.106445 -0.249023
v -0.319336 -0.106445 -0.338867
v -0.319336 -0.114258 -0.344727
v -0.319336 -0.114258 -0.344727
v -0.319336 -0.114258 -0.243164
v -0.319336 -0.106445 -0.249023
v -0.319336 -0.106445 -0.249023
v -0.254883 -0.106445 -0.249023
v -0.319336 -0.106445 -0.338867
v -0.299805 -0.118164 -0.250977
v -0.311523 -0.118164 -0.252930
v -0.315430 -0.118164 -0.241211
v -0.301758 -0.118164 -0.239258
v -0.301758 -0.176758 -0.239258
v -0.299805 -0.118164 -0.250977
v -0.315430 -0.118164 -0.241211
v -0.301758 -0.118164 -0.239258
v -0.299805 -0.118164 -0.250977
v -0.260742 -0.036133 -0.258789
v -0.262695 -0.172852 -0.184570
v -0.260742 -0.036133 -0.178711
v -0.260742 -0.036133 -0.258789
v -0.260742 -0.036133 -0.178711
v -0.258789 0.059570 -0.250977
v -0.258789 0.059570 -0.250977
v -0.260742 0.059570 -0.334961
v -0.260742 -0.036133 -0.258789
v -0.026367 -0.381836 -0.153320
v -0.012695 -0.366211 0.071289
v -0.125977 -0.370117 0.020508
v -0.231445 -0.385742 -0.122070
v -0.125977 -0.370117 0.020508
v -0.239258 -0.377930 0.168945
v -0.231445 -0.385742 -0.122070
v -0.239258 -0.377930 0.168945
v -0.381836 -0.409180 0.180664
v -0.381836 -0.409180 0.180664
v -0.366211 -0.409180 0.000977
v -0.231445 -0.385742 -0.122070
v -0.241211 -0.198242 -0.233398
v -0.241211 -0.178711 -0.231445
v -0.280273 -0.198242 -0.233398
v -0.241211 -0.198242 -0.206055
v -0.241211 -0.176758 -0.206055
v -0.241211 -0.198242 -0.083008
v -0.280273 -0.174805 -0.208008
v -0.241211 -0.176758 -0.206055
v -0.241211 -0.198242 -0.206055
v -0.241211 -0.198242 -0.206055
v -0.241211 -0.198242 -0.083008
v -0.280273 -0.198242 -0.208008
v -0.241211 -0.198242 -0.206055
v -0.280273 -0.198242 -0.208008
v -0.280273 -0.174805 -0.208008
v -0.280273 -0.176758 -0.231445
v -0.280273 -0.198242 -0.233398
v -0.241211 -0.178711 -0.231445
v -0.241211 -0.178711 -0.079102
v -0.241211 -0.198242 -0.083008
v -0.241211 -0.176758 -0.206055
v -0.280273 -0.174805 -0.208008
v -0.241211 -0.178711 -0.079102
v -0.241211 -0.176758 -0.206055
v -0.241211 -0.032227 -0.102539
v -0.241211 -0.032227 -0.182617
v -0.243164 -0.174805 -0.190430
v -0.243164 -0.174805 -0.190430
v -0.241211 -0.032227 -0.182617
v -0.262695 -0.172852 -0.184570
v -0.243164 -0.174805 -0.190430
v -0.243164 -0.174805 -0.096680
v -0.241211 -0.178711 -0.079102
v -0.243164 -0.174805 -0.190430
v -0.243164 -0.174805 -0.096680
v -0.241211 -0.032227 -0.102539
v -0.262695 -0.172852 -0.102539
v -0.243164 -0.174805 -0.096680
v -0.243164 -0.174805 -0.190430
v -0.243164 -0.174805 -0.190430
v -0.262695 -0.172852 -0.184570
v -0.262695 -0.172852 -0.102539
v -0.241211 -0.032227 -0.182617
v -0.241211 -0.032227 -0.102539
v -0.262695 -0.036133 -0.106445
v -0.260742 -0.036133 -0.178711
v -0.262695 -0.172852 -0.184570
v -0.241211 -0.032227 -0.182617
v -0.262695 -0.036133 -0.106445
v -0.260742 -0.036133 -0.178711
v -0.241211 -0.032227 -0.182617
v -0.241211 -0.198242 -0.083008
v -0.241211 -0.178711 -0.079102
v -0.280273 -0.198242 -0.083008
v -0.280273 -0.198242 -0.083008
v -0.280273 -0.198242 -0.208008
v -0.241211 -0.198242 -0.083008
v -0.262695 -0.172852 -0.102539
v -0.241211 -0.178711 -0.079102
v -0.243164 -0.174805 -0.096680
v -0.262695 -0.172852 -0.102539
v -0.241211 -0.032227 -0.102539
v -0.243164 -0.174805 -0.096680
v -0.241211 -0.178711 -0.079102
v -0.280273 -0.174805 -0.208008
v -0.280273 -0.176758 -0.081055
v -0.280273 -0.176758 -0.081055
v -0.280273 -0.198242 -0.083008
v -0.241211 -0.178711 -0.079102
v -0.280273 -0.174805 -0.053711
v -0.241211 -0.176758 -0.053711
v -0.241211 -0.198242 -0.053711
v -0.241211 -0.198242 -0.053711
v -0.241211 -0.176758 -0.053711
v -0.241211 -0.198242 0.069336
v -0.241211 -0.198242 -0.053711
v -0.280273 -0.198242 -0.053711
v -0.280273 -0.174805 -0.053711
v -0.241211 -0.198242 0.069336
v -0.280273 -0.198242 -0.053711
v -0.241211 -0.198242 -0.053711
v -0.241211 -0.176758 -0.053711
v -0.280273 -0.174805 -0.053711
v -0.241211 -0.178711 0.073242
v -0.241211 -0.178711 0.073242
v -0.241211 -0.198242 0.069336
v -0.241211 -0.176758 -0.053711
v -0.243164 -0.174805 -0.036133
v -0.243164 -0.032227 -0.030273
v -0.262695 -0.172852 -0.032227
v -0.241211 -0.032227 0.049805
v -0.243164 -0.032227 -0.030273
v -0.243164 -0.174805 -0.036133
v -0.243164 -0.174805 -0.036133
v -0.262695 -0.172852 -0.032227
v -0.262695 -0.172852 0.051758
v -0.243164 -0.174805 -0.036133
v -0.243164 -0.174805 0.055664
v -0.241211 -0.178711 0.073242
v -0.243164 -0.174805 -0.036133
v -0.243164 -0.174805 0.055664
v -0.241211 -0.032227 0.049805
v -0.262695 -0.172852 0.051758
v -0.243164 -0.174805 0.055664
v -0.243164 -0.174805 -0.036133
v -0.241211 -0.032227 -0.102539
v -0.262695 -0.172852 -0.102539
v -0.262695 -0.036133 -0.106445
v -0.262695 -0.036133 -0.026367
v -0.262695 -0.172852 -0.032227
v -0.243164 -0.032227 -0.030273
v -0.262695 -0.036133 0.045898
v -0.262695 -0.036133 -0.026367
v -0.243164 -0.032227 -0.030273
v -0.243164 -0.032227 -0.030273
v -0.241211 -0.032227 0.049805
v -0.262695 -0.036133 0.045898
v -0.280273 -0.198242 -0.233398
v -0.280273 -0.176758 -0.231445
v -0.319336 -0.176758 -0.231445
v -0.319336 -0.176758 -0.231445
v -0.319336 -0.198242 -0.231445
v -0.280273 -0.198242 -0.233398
v -0.319336 -0.174805 -0.208008
v -0.280273 -0.174805 -0.208008
v -0.280273 -0.198242 -0.208008
v -0.280273 -0.198242 -0.208008
v -0.319336 -0.198242 -0.208008
v -0.319336 -0.174805 -0.208008
v -0.319336 -0.198242 -0.081055
v -0.319336 -0.198242 -0.208008
v -0.280273 -0.198242 -0.208008
v -0.280273 -0.198242 -0.208008
v -0.280273 -0.198242 -0.083008
v -0.319336 -0.198242 -0.081055
v -0.315430 -0.118164 -0.241211
v -0.315430 -0.176758 -0.241211
v -0.301758 -0.176758 -0.239258
v -0.301758 -0.176758 -0.239258
v -0.301758 -0.118164 -0.239258
v -0.315430 -0.118164 -0.241211
v -0.280273 -0.174805 -0.208008
v -0.319336 -0.174805 -0.208008
v -0.280273 -0.176758 -0.081055
v -0.315430 -0.176758 -0.184570
v -0.313477 -0.176758 -0.196289
v -0.299805 -0.176758 -0.194336
v -0.299805 -0.176758 -0.194336
v -0.313477 -0.176758 -0.196289
v -0.313477 -0.118164 -0.196289
v -0.299805 -0.176758 -0.194336
v -0.301758 -0.176758 -0.182617
v -0.315430 -0.176758 -0.184570
v -0.299805 -0.118164 -0.194336
v -0.301758 -0.176758 -0.182617
v -0.299805 -0.176758 -0.194336
v -0.313477 -0.118164 -0.196289
v -0.299805 -0.118164 -0.194336
v -0.299805 -0.176758 -0.194336
v -0.319336 -0.176758 -0.079102
v -0.319336 -0.174805 -0.208008
v -0.319336 -0.198242 -0.208008
v -0.319336 -0.198242 -0.208008
v -0.319336 -0.198242 -0.081055
v -0.319336 -0.176758 -0.079102
v -0.319336 -0.176758 -0.079102
v -0.280273 -0.176758 -0.081055
v -0.319336 -0.174805 -0.208008
v -0.313477 -0.176758 -0.196289
v -0.315430 -0.176758 -0.184570
v -0.313477 -0.118164 -0.196289
v -0.315430 -0.118164 -0.184570
v -0.315430 -0.176758 -0.184570
v -0.301758 -0.176758 -0.182617
v -0.301758 -0.176758 -0.182617
v -0.299805 -0.118164 -0.194336
v -0.301758 -0.118164 -0.182617
v -0.301758 -0.176758 -0.182617
v -0.301758 -0.118164 -0.182617
v -0.315430 -0.118164 -0.184570
v -0.315430 -0.118164 -0.184570
v -0.313477 -0.118164 -0.196289
v -0.315430 -0.176758 -0.184570
v -0.254883 -0.122070 -0.243164
v -0.254883 -0.112305 -0.243164
v -0.254883 -0.122070 -0.233398
v -0.319336 -0.122070 -0.243164
v -0.254883 -0.112305 -0.243164
v -0.254883 -0.122070 -0.243164
v -0.254883 -0.122070 -0.243164
v -0.254883 -0.122070 -0.233398
v -0.319336 -0.122070 -0.233398
v -0.319336 -0.122070 -0.233398
v -0.319336 -0.122070 -0.243164
v -0.254883 -0.122070 -0.243164
v -0.254883 -0.116211 -0.243164
v -0.254883 -0.106445 -0.249023
v -0.319336 -0.106445 -0.249023
v -0.319336 -0.106445 -0.249023
v -0.319336 -0.114258 -0.243164
v -0.254883 -0.116211 -0.243164
v -0.254883 -0.112305 -0.233398
v -0.254883 -0.122070 -0.233398
v -0.254883 -0.112305 -0.243164
v -0.319336 -0.112305 -0.243164
v -0.254883 -0.112305 -0.233398
v -0.254883 -0.112305 -0.243164
v -0.254883 -0.112305 -0.243164
v -0.319336 -0.122070 -0.243164
v -0.319336 -0.112305 -0.243164
v -0.254883 -0.122070 -0.233398
v -0.254883 -0.112305 -0.233398
v -0.319336 -0.122070 -0.233398
v -0.254883 -0.112305 -0.233398
v -0.319336 -0.112305 -0.243164
v -0.319336 -0.112305 -0.233398
v -0.319336 -0.112305 -0.233398
v -0.319336 -0.122070 -0.233398
v -0.254883 -0.112305 -0.233398
v -0.254883 -0.110352 -0.194336
v -0.254883 -0.122070 -0.194336
v -0.254883 -0.122070 -0.202148
v -0.254883 -0.122070 -0.202148
v -0.254883 -0.122070 -0.194336
v -0.319336 -0.122070 -0.194336
v -0.254883 -0.108398 -0.202148
v -0.254883 -0.110352 -0.194336
v -0.254883 -0.122070 -0.202148
v -0.319336 -0.108398 -0.202148
v -0.254883 -0.108398 -0.202148
v -0.254883 -0.122070 -0.202148
v -0.319336 -0.122070 -0.194336
v -0.319336 -0.122070 -0.202148
v -0.254883 -0.122070 -0.202148
v -0.254883 -0.122070 -0.202148
v -0.319336 -0.122070 -0.202148
v -0.319336 -0.108398 -0.202148
v -0.254883 -0.122070 -0.194336
v -0.254883 -0.110352 -0.194336
v -0.319336 -0.122070 -0.194336
v -0.319336 -0.106445 -0.188477
v -0.254883 -0.106445 -0.188477
v -0.254883 -0.114258 -0.194336
v -0.254883 -0.114258 -0.194336
v -0.254883 -0.106445 -0.188477
v -0.254883 -0.116211 -0.090820
v -0.254883 -0.114258 -0.194336
v -0.319336 -0.114258 -0.194336
v -0.319336 -0.106445 -0.188477
v -0.319336 -0.114258 -0.090820
v -0.319336 -0.114258 -0.194336
v -0.254883 -0.114258 -0.194336
v -0.254883 -0.114258 -0.194336
v -0.254883 -0.116211 -0.090820
v -0.319336 -0.114258 -0.090820
v -0.254883 -0.110352 -0.194336
v -0.254883 -0.108398 -0.202148
v -0.319336 -0.110352 -0.194336
v -0.319336 -0.110352 -0.194336
v -0.319336 -0.122070 -0.194336
v -0.254883 -0.110352 -0.194336
v -0.319336 -0.108398 -0.202148
v -0.319336 -0.110352 -0.194336
v -0.254883 -0.108398 -0.202148
v -0.254883 -0.106445 -0.188477
v -0.319336 -0.106445 -0.188477
v -0.254883 -0.106445 -0.098633
v -0.254883 -0.106445 -0.188477
v -0.254883 -0.106445 -0.098633
v -0.254883 -0.116211 -0.090820
v -0.299805 -0.118164 -0.194336
v -0.313477 -0.118164 -0.196289
v -0.315430 -0.118164 -0.184570
v -0.315430 -0.118164 -0.184570
v -0.301758 -0.118164 -0.182617
v -0.299805 -0.118164 -0.194336
v -0.319336 -0.122070 -0.233398
v -0.319336 -0.112305 -0.243164
v -0.319336 -0.122070 -0.243164
v -0.319336 -0.112305 -0.243164
v -0.319336 -0.122070 -0.233398
v -0.319336 -0.112305 -0.233398
v -0.319336 -0.122070 -0.202148
v -0.319336 -0.122070 -0.194336
v -0.319336 -0.110352 -0.194336
v -0.319336 -0.122070 -0.202148
v -0.319336 -0.110352 -0.194336
v -0.319336 -0.108398 -0.202148
v -0.319336 -0.106445 -0.098633
v -0.319336 -0.106445 -0.188477
v -0.319336 -0.114258 -0.194336
v -0.319336 -0.114258 -0.090820
v -0.319336 -0.106445 -0.098633
v -0.319336 -0.114258 -0.194336
v -0.319336 -0.106445 -0.098633
v -0.254883 -0.106445 -0.098633
v -0.319336 -0.106445 -0.188477
v -0.260742 -0.036133 -0.178711
v -0.262695 -0.036133 -0.106445
v -0.256836 0.059570 -0.184570
v -0.256836 0.059570 -0.184570
v -0.258789 0.059570 -0.250977
v -0.260742 -0.036133 -0.178711
v -0.280273 -0.198242 -0.083008
v -0.280273 -0.176758 -0.081055
v -0.319336 -0.176758 -0.079102
v -0.319336 -0.176758 -0.079102
v -0.319336 -0.198242 -0.081055
v -0.280273 -0.198242 -0.083008
v -0.262695 -0.172852 -0.102539
v -0.262695 -0.172852 -0.032227
v -0.262695 -0.036133 -0.106445
v -0.311523 -0.176758 -0.102539
v -0.299805 -0.176758 -0.100586
v -0.315430 -0.176758 -0.090820
v -0.311523 -0.118164 -0.102539
v -0.299805 -0.176758 -0.100586
v -0.311523 -0.176758 -0.102539
v -0.311523 -0.176758 -0.102539
v -0.315430 -0.176758 -0.090820
v -0.311523 -0.118164 -0.102539
v -0.299805 -0.176758 -0.100586
v -0.301758 -0.176758 -0.088867
v -0.315430 -0.176758 -0.090820
v -0.299805 -0.118164 -0.100586
v -0.301758 -0.176758 -0.088867
v -0.299805 -0.176758 -0.100586
v -0.299805 -0.176758 -0.100586
v -0.311523 -0.118164 -0.102539
v -0.299805 -0.118164 -0.100586
v -0.315430 -0.118164 -0.090820
v -0.315430 -0.176758 -0.090820
v -0.301758 -0.176758 -0.088867
v -0.301758 -0.176758 -0.088867
v -0.299805 -0.118164 -0.100586
v -0.301758 -0.118164 -0.088867
v -0.301758 -0.176758 -0.088867
v -0.301758 -0.118164 -0.088867
v -0.315430 -0.118164 -0.090820
v -0.315430 -0.118164 -0.090820
v -0.311523 -0.118164 -0.102539
v -0.315430 -0.176758 -0.090820
v -0.319336 -0.176758 -0.053711
v -0.280273 -0.174805 -0.053711
v -0.280273 -0.198242 -0.053711
v -0.280273 -0.198242 -0.053711
v -0.319336 -0.198242 -0.055664
v -0.319336 -0.176758 -0.053711
v -0.319336 -0.198242 0.071289
v -0.319336 -0.198242 -0.055664
v -0.280273 -0.198242 -0.053711
v -0.280273 -0.198242 -0.053711
v -0.241211 -0.198242 0.069336
v -0.280273 -0.198242 0.069336
v -0.280273 -0.198242 -0.053711
v -0.280273 -0.198242 0.069336
v -0.319336 -0.198242 0.071289
v -0.280273 -0.174805 -0.053711
v -0.319336 -0.176758 -0.053711
v -0.280273 -0.176758 0.071289
v -0.280273 -0.176758 0.071289
v -0.241211 -0.178711 0.073242
v -0.280273 -0.174805 -0.053711
v -0.262695 -0.036133 -0.026367
v -0.262695 -0.036133 -0.106445
v -0.262695 -0.172852 -0.032227
v -0.299805 -0.176758 -0.040039
v -0.301758 -0.176758 -0.030273
v -0.315430 -0.176758 -0.032227
v -0.301758 -0.118164 -0.030273
v -0.301758 -0.176758 -0.030273
v -0.299805 -0.176758 -0.040039
v -0.315430 -0.176758 -0.032227
v -0.313477 -0.176758 -0.041992
v -0.299805 -0.176758 -0.040039
v -0.299805 -0.176758 -0.040039
v -0.313477 -0.176758 -0.041992
v -0.313477 -0.118164 -0.041992
v -0.299805 -0.176758 -0.040039
v -0.299805 -0.118164 -0.040039
v -0.301758 -0.118164 -0.030273
v -0.313477 -0.118164 -0.041992
v -0.299805 -0.118164 -0.040039
v -0.299805 -0.176758 -0.040039
v -0.301758 -0.118164 -0.030273
v -0.315430 -0.176758 -0.032227
v -0.301758 -0.176758 -0.030273
v -0.319336 -0.176758 0.073242
v -0.319336 -0.176758 -0.053711
v -0.319336 -0.198242 -0.055664
v -0.319336 -0.198242 -0.055664
v -0.319336 -0.198242 0.071289
v -0.319336 -0.176758 0.073242
v -0.319336 -0.176758 0.073242
v -0.280273 -0.176758 0.071289
v -0.319336 -0.176758 -0.053711
v -0.313477 -0.176758 -0.041992
v -0.315430 -0.176758 -0.032227
v -0.315430 -0.118164 -0.032227
v -0.315430 -0.118164 -0.032227
v -0.313477 -0.118164 -0.041992
v -0.313477 -0.176758 -0.041992
v -0.315430 -0.176758 -0.032227
v -0.301758 -0.118164 -0.030273
v -0.315430 -0.118164 -0.032227
v -0.319336 -0.106445 -0.098633
v -0.254883 -0.116211 -0.090820
v -0.254883 -0.106445 -0.098633
v -0.315430 -0.118164 -0.090820
v -0.299805 -0.118164 -0.100586
v -0.311523 -0.118164 -0.102539
v -0.315430 -0.118164 -0.090820
v -0.301758 -0.118164 -0.088867
v -0.299805 -0.118164 -0.100586
v -0.254883 -0.122070 -0.090820
v -0.254883 -0.112305 -0.090820
v -0.254883 -0.122070 -0.083008
v -0.319336 -0.122070 -0.090820
v -0.254883 -0.112305 -0.090820
v -0.254883 -0.122070 -0.090820
v -0.254883 -0.122070 -0.090820
v -0.254883 -0.122070 -0.083008
v -0.319336 -0.122070 -0.083008
v -0.319336 -0.122070 -0.083008
v -0.319336 -0.122070 -0.090820
v -0.254883 -0.122070 -0.090820
v -0.254883 -0.116211 -0.090820
v -0.319336 -0.106445 -0.098633
v -0.319336 -0.114258 -0.090820
v -0.254883 -0.112305 -0.083008
v -0.254883 -0.122070 -0.083008
v -0.254883 -0.112305 -0.090820
v -0.319336 -0.112305 -0.090820
v -0.254883 -0.112305 -0.083008
v -0.254883 -0.112305 -0.090820
v -0.254883 -0.112305 -0.090820
v -0.319336 -0.122070 -0.090820
v -0.319336 -0.112305 -0.090820
v -0.254883 -0.122070 -0.083008
v -0.254883 -0.112305 -0.083008
v -0.319336 -0.122070 -0.083008
v -0.254883 -0.112305 -0.083008
v -0.319336 -0.112305 -0.090820
v -0.319336 -0.112305 -0.083008
v -0.319336 -0.112305 -0.083008
v -0.319336 -0.122070 -0.083008
v -0.254883 -0.112305 -0.083008
v -0.262695 -0.036133 -0.106445
v -0.262695 -0.036133 -0.026367
v -0.254883 0.059570 -0.100586
v -0.254883 0.059570 -0.100586
v -0.256836 0.059570 -0.184570
v -0.262695 -0.036133 -0.106445
v -0.319336 -0.122070 -0.083008
v -0.319336 -0.112305 -0.090820
v -0.319336 -0.122070 -0.090820
v -0.319336 -0.112305 -0.090820
v -0.319336 -0.122070 -0.083008
v -0.319336 -0.112305 -0.083008
v -0.254883 -0.122070 -0.049805
v -0.254883 -0.108398 -0.049805
v -0.254883 -0.110352 -0.040039
v -0.319336 -0.108398 -0.049805
v -0.254883 -0.108398 -0.049805
v -0.254883 -0.122070 -0.049805
v -0.254883 -0.110352 -0.040039
v -0.254883 -0.122070 -0.041992
v -0.254883 -0.122070 -0.049805
v -0.254883 -0.122070 -0.049805
v -0.254883 -0.122070 -0.041992
v -0.319336 -0.122070 -0.041992
v -0.254883 -0.122070 -0.049805
v -0.319336 -0.122070 -0.049805
v -0.319336 -0.108398 -0.049805
v -0.319336 -0.122070 -0.041992
v -0.319336 -0.122070 -0.049805
v -0.254883 -0.122070 -0.049805
v -0.319336 -0.110352 -0.040039
v -0.254883 -0.110352 -0.040039
v -0.254883 -0.108398 -0.049805
v -0.254883 -0.108398 -0.049805
v -0.319336 -0.108398 -0.049805
v -0.319336 -0.110352 -0.040039
v -0.254883 -0.122070 -0.041992
v -0.254883 -0.110352 -0.040039
v -0.319336 -0.122070 -0.041992
v -0.319336 -0.106445 -0.036133
v -0.254883 -0.106445 -0.036133
v -0.254883 -0.114258 -0.041992
v -0.254883 -0.114258 -0.041992
v -0.254883 -0.106445 -0.036133
v -0.254883 -0.116211 0.061523
v -0.254883 -0.114258 -0.041992
v -0.319336 -0.114258 -0.041992
v -0.319336 -0.106445 -0.036133
v -0.319336 -0.114258 0.061523
v -0.319336 -0.114258 -0.041992
v -0.254883 -0.114258 -0.041992
v -0.254883 -0.114258 -0.041992
v -0.254883 -0.116211 0.061523
v -0.319336 -0.114258 0.061523
v -0.319336 -0.110352 -0.040039
v -0.319336 -0.122070 -0.041992
v -0.254883 -0.110352 -0.040039
v -0.254883 -0.106445 -0.036133
v -0.319336 -0.106445 -0.036133
v -0.254883 -0.106445 0.055664
v -0.254883 -0.106445 0.055664
v -0.254883 -0.116211 0.061523
v -0.254883 -0.106445 -0.036133
v -0.315430 -0.118164 -0.032227
v -0.301758 -0.118164 -0.030273
v -0.299805 -0.118164 -0.040039
v -0.299805 -0.118164 -0.040039
v -0.313477 -0.118164 -0.041992
v -0.315430 -0.118164 -0.032227
v -0.256836 0.059570 -0.030273
v -0.254883 0.059570 -0.100586
v -0.262695 -0.036133 -0.026367
v -0.262695 -0.036133 0.045898
v -0.256836 0.059570 -0.030273
v -0.262695 -0.036133 -0.026367
v -0.319336 -0.110352 -0.040039
v -0.319336 -0.108398 -0.049805
v -0.319336 -0.122070 -0.049805
v -0.319336 -0.122070 -0.049805
v -0.319336 -0.122070 -0.041992
v -0.319336 -0.110352 -0.040039
v -0.319336 -0.106445 0.055664
v -0.319336 -0.106445 -0.036133
v -0.319336 -0.114258 -0.041992
v -0.319336 -0.114258 -0.041992
v -0.319336 -0.114258 0.061523
v -0.319336 -0.106445 0.055664
v -0.319336 -0.106445 0.055664
v -0.254883 -0.106445 0.055664
v -0.319336 -0.106445 -0.036133
v -0.012695 0.061523 -0.399414
v -0.012695 0.061523 -0.442383
v -0.012695 0.038086 -0.442383
v -0.012695 0.038086 -0.442383
v -0.012695 0.038086 -0.399414
v -0.012695 0.061523 -0.399414
v -0.006836 0.118164 -0.426758
v -0.006836 0.118164 -0.438477
v -0.006836 0.061523 -0.438477
v -0.006836 0.061523 -0.438477
v -0.006836 0.061523 -0.426758
v -0.006836 0.118164 -0.426758
v -0.057617 0.038086 -0.440430
v -0.057617 0.061523 -0.442383
v -0.057617 0.061523 -0.399414
v -0.186523 0.038086 -0.442383
v -0.057617 0.061523 -0.442383
v -0.057617 0.038086 -0.440430
v -0.057617 0.061523 -0.399414
v -0.059570 0.038086 -0.399414
v -0.057617 0.038086 -0.440430
v -0.057617 0.038086 -0.440430
v -0.059570 0.038086 -0.399414
v -0.186523 0.038086 -0.399414
v -0.186523 0.038086 -0.399414
v -0.186523 0.038086 -0.442383
v -0.057617 0.038086 -0.440430
v -0.186523 0.061523 -0.399414
v -0.057617 0.061523 -0.399414
v -0.057617 0.061523 -0.442383
v -0.057617 0.061523 -0.442383
v -0.186523 0.038086 -0.442383
v -0.186523 0.061523 -0.442383
v -0.057617 0.061523 -0.442383
v -0.186523 0.061523 -0.442383
v -0.186523 0.061523 -0.399414
v -0.012695 0.114258 -0.440430
v -0.004883 0.122070 -0.440430
v -0.004883 0.112305 -0.440430
v -0.004883 0.112305 -0.440430
v -0.004883 0.122070 -0.440430
v -0.004883 0.122070 -0.377930
v -0.012695 0.114258 -0.377930
v -0.012695 0.114258 -0.440430
v -0.004883 0.112305 -0.440430
v -0.004883 0.122070 -0.377930
v -0.004883 0.114258 -0.377930
v -0.004883 0.112305 -0.440430
v -0.004883 0.112305 -0.440430
v -0.004883 0.114258 -0.377930
v -0.012695 0.114258 -0.377930
v -0.004883 0.122070 -0.440430
v -0.012695 0.114258 -0.440430
v -0.012695 0.125977 -0.440430
v -0.012695 0.125977 -0.440430
v -0.004883 0.122070 -0.377930
v -0.004883 0.122070 -0.440430
v -0.012695 0.114258 -0.440430
v -0.012695 0.114258 -0.377930
v -0.012695 0.125977 -0.440430
v -0.067383 0.112305 -0.440430
v -0.059570 0.120117 -0.440430
v -0.059570 0.112305 -0.440430
v -0.059570 0.112305 -0.440430
v -0.059570 0.120117 -0.440430
v -0.059570 0.122070 -0.377930
v -0.069336 0.112305 -0.377930
v -0.067383 0.112305 -0.440430
v -0.059570 0.112305 -0.440430
v -0.059570 0.122070 -0.377930
v -0.059570 0.112305 -0.377930
v -0.059570 0.112305 -0.440430
v -0.059570 0.112305 -0.440430
v -0.059570 0.112305 -0.377930
v -0.069336 0.112305 -0.377930
v -0.059570 0.120117 -0.440430
v -0.067383 0.112305 -0.440430
v -0.067383 0.120117 -0.440430
v -0.059570 0.120117 -0.440430
v -0.067383 0.120117 -0.440430
v -0.059570 0.122070 -0.377930
v -0.065430 0.061523 -0.438477
v -0.073242 0.061523 -0.438477
v -0.065430 0.120117 -0.438477
v -0.065430 0.061523 -0.426758
v -0.075195 0.061523 -0.438477
v -0.065430 0.061523 -0.438477
v -0.065430 0.061523 -0.438477
v -0.065430 0.120117 -0.438477
v -0.065430 0.061523 -0.426758
v -0.073242 0.120117 -0.438477
v -0.065430 0.120117 -0.438477
v -0.073242 0.061523 -0.438477
v -0.075195 0.118164 -0.426758
v -0.073242 0.118164 -0.438477
v -0.075195 0.061523 -0.438477
v -0.075195 0.061523 -0.438477
v -0.065430 0.061523 -0.426758
v -0.075195 0.061523 -0.426758
v -0.075195 0.061523 -0.438477
v -0.075195 0.061523 -0.426758
v -0.075195 0.118164 -0.426758
v -0.069336 0.112305 -0.377930
v -0.067383 0.120117 -0.440430
v -0.067383 0.112305 -0.440430
v -0.065430 0.120117 -0.438477
v -0.073242 0.118164 -0.438477
v -0.065430 0.118164 -0.426758
v -0.065430 0.118164 -0.426758
v -0.065430 0.061523 -0.426758
v -0.065430 0.120117 -0.438477
v -0.075195 0.125977 -0.440430
v -0.067383 0.118164 -0.377930
v -0.067383 0.118164 -0.440430
v -0.067383 0.118164 -0.440430
v -0.067383 0.118164 -0.377930
v -0.178711 0.120117 -0.377930
v -0.178711 0.120117 -0.440430
v -0.075195 0.125977 -0.440430
v -0.067383 0.118164 -0.440430
v -0.178711 0.120117 -0.377930
v -0.178711 0.120117 -0.440430
v -0.067383 0.118164 -0.440430
v -0.069336 0.120117 -0.377930
v -0.059570 0.122070 -0.377930
v -0.067383 0.120117 -0.440430
v -0.067383 0.120117 -0.440430
v -0.069336 0.112305 -0.377930
v -0.069336 0.120117 -0.377930
v -0.075195 0.118164 -0.426758
v -0.065430 0.118164 -0.426758
v -0.073242 0.118164 -0.438477
v -0.012695 0.038086 -0.360352
v -0.012695 0.061523 -0.399414
v -0.012695 0.038086 -0.399414
v -0.012695 0.061523 -0.399414
v -0.012695 0.038086 -0.360352
v -0.012695 0.059570 -0.360352
v -0.059570 0.038086 -0.399414
v -0.057617 0.061523 -0.399414
v -0.059570 0.038086 -0.360352
v -0.186523 0.038086 -0.360352
v -0.186523 0.038086 -0.399414
v -0.059570 0.038086 -0.399414
v -0.059570 0.038086 -0.399414
v -0.059570 0.038086 -0.360352
v -0.186523 0.038086 -0.360352
v -0.186523 0.061523 -0.399414
v -0.075195 0.061523 -0.375977
v -0.057617 0.061523 -0.399414
v -0.057617 0.061523 -0.399414
v -0.075195 0.061523 -0.375977
v -0.057617 0.059570 -0.360352
v -0.057617 0.059570 -0.360352
v -0.059570 0.038086 -0.360352
v -0.057617 0.061523 -0.399414
v -0.065430 0.118164 -0.428711
v -0.063477 0.122070 -0.434570
v -0.008789 0.118164 -0.434570
v -0.008789 0.118164 -0.434570
v -0.063477 0.122070 -0.434570
v -0.008789 0.127930 -0.434570
v -0.004883 0.114258 -0.377930
v -0.004883 0.122070 -0.377930
v -0.012695 0.125977 -0.377930
v -0.012695 0.125977 -0.377930
v -0.012695 0.114258 -0.377930
v -0.004883 0.114258 -0.377930
v -0.006836 0.118164 -0.381836
v -0.006836 0.118164 -0.375977
v -0.008789 0.125977 -0.381836
v -0.006836 0.118164 -0.375977
v -0.006836 0.122070 -0.377930
v -0.008789 0.125977 -0.381836
v -0.004883 0.122070 -0.377930
v -0.012695 0.125977 -0.440430
v -0.012695 0.125977 -0.377930
v -0.012695 0.125977 -0.377930
v -0.012695 0.125977 -0.440430
v -0.012695 0.114258 -0.377930
v -0.059570 0.112305 -0.377930
v -0.059570 0.122070 -0.377930
v -0.069336 0.112305 -0.377930
v -0.069336 0.120117 -0.377930
v -0.069336 0.112305 -0.377930
v -0.059570 0.122070 -0.377930
v -0.065430 0.118164 -0.426758
v -0.075195 0.061523 -0.426758
v -0.065430 0.061523 -0.426758
v -0.075195 0.061523 -0.426758
v -0.065430 0.118164 -0.426758
v -0.075195 0.118164 -0.426758
v -0.092773 0.061523 -0.426758
v -0.092773 0.061523 -0.434570
v -0.084961 0.061523 -0.434570
v -0.084961 0.061523 -0.434570
v -0.092773 0.061523 -0.434570
v -0.092773 0.118164 -0.434570
v -0.084961 0.061523 -0.434570
v -0.084961 0.061523 -0.426758
v -0.092773 0.061523 -0.426758
v -0.086914 0.118164 -0.434570
v -0.084961 0.061523 -0.426758
v -0.084961 0.061523 -0.434570
v -0.092773 0.118164 -0.434570
v -0.086914 0.118164 -0.434570
v -0.084961 0.061523 -0.434570
v -0.092773 0.061523 -0.434570
v -0.092773 0.061523 -0.426758
v -0.092773 0.118164 -0.426758
v -0.092773 0.118164 -0.426758
v -0.092773 0.118164 -0.434570
v -0.092773 0.061523 -0.434570
v -0.086914 0.118164 -0.426758
v -0.092773 0.061523 -0.426758
v -0.084961 0.061523 -0.426758
v -0.084961 0.061523 -0.426758
v -0.086914 0.118164 -0.434570
v -0.086914 0.118164 -0.426758
v -0.092773 0.061523 -0.426758
v -0.086914 0.118164 -0.426758
v -0.092773 0.118164 -0.426758
v -0.104492 0.061523 -0.434570
v -0.104492 0.061523 -0.426758
v -0.112305 0.061523 -0.426758
v -0.104492 0.118164 -0.434570
v -0.104492 0.061523 -0.426758
v -0.104492 0.061523 -0.434570
v -0.112305 0.061523 -0.426758
v -0.112305 0.061523 -0.434570
v -0.104492 0.061523 -0.434570
v -0.104492 0.061523 -0.434570
v -0.112305 0.061523 -0.434570
v -0.110352 0.118164 -0.434570
v -0.110352 0.118164 -0.434570
v -0.104492 0.118164 -0.434570
v -0.104492 0.061523 -0.434570
v -0.104492 0.118164 -0.426758
v -0.112305 0.061523 -0.426758
v -0.104492 0.061523 -0.426758
v -0.104492 0.061523 -0.426758
v -0.104492 0.118164 -0.434570
v -0.104492 0.118164 -0.426758
v -0.112305 0.061523 -0.434570
v -0.112305 0.061523 -0.426758
v -0.110352 0.118164 -0.434570
v -0.122070 0.118164 -0.434570
v -0.122070 0.061523 -0.426758
v -0.122070 0.061523 -0.434570
v -0.122070 0.061523 -0.434570
v -0.122070 0.061523 -0.426758
v -0.129883 0.061523 -0.426758
v -0.129883 0.118164 -0.434570
v -0.122070 0.118164 -0.434570
v -0.122070 0.061523 -0.434570
v -0.129883 0.061523 -0.426758
v -0.129883 0.061523 -0.434570
v -0.122070 0.061523 -0.434570
v -0.122070 0.061523 -0.434570
v -0.129883 0.061523 -0.434570
v -0.129883 0.118164 -0.434570
v -0.112305 0.061523 -0.426758
v -0.104492 0.118164 -0.426758
v -0.110352 0.118164 -0.426758
v -0.110352 0.118164 -0.426758
v -0.110352 0.118164 -0.434570
v -0.112305 0.061523 -0.426758
v -0.122070 0.061523 -0.426758
v -0.122070 0.118164 -0.434570
v -0.122070 0.118164 -0.426758
v -0.122070 0.061523 -0.426758
v -0.122070 0.118164 -0.426758
v -0.129883 0.061523 -0.426758
v -0.075195 0.061523 -0.375977
v -0.077148 0.061523 -0.375977
v -0.083008 0.202148 -0.374023
v -0.075195 0.061523 -0.375977
v -0.075195 0.118164 -0.375977
v -0.079102 0.061523 -0.356445
v -0.083008 0.202148 -0.374023
v -0.075195 0.118164 -0.375977
v -0.075195 0.061523 -0.375977
v -0.075195 0.061523 -0.375977
v -0.186523 0.061523 -0.399414
v -0.172852 0.061523 -0.375977
v -0.157227 0.061523 -0.356445
v -0.172852 0.061523 -0.375977
v -0.075195 0.061523 -0.375977
v -0.186523 0.059570 -0.360352
v -0.057617 0.059570 -0.360352
v -0.075195 0.061523 -0.375977
v -0.075195 0.061523 -0.375977
v -0.079102 0.061523 -0.356445
v -0.186523 0.059570 -0.360352
v -0.075195 0.061523 -0.375977
v -0.079102 0.061523 -0.356445
v -0.157227 0.061523 -0.356445
v -0.077148 0.061523 -0.375977
v -0.172852 0.061523 -0.375977
v -0.081055 0.061523 -0.356445
v -0.077148 0.061523 -0.375977
v -0.081055 0.061523 -0.356445
v -0.083008 0.200195 -0.354492
v -0.083008 0.200195 -0.354492
v -0.083008 0.202148 -0.374023
v -0.077148 0.061523 -0.375977
v -0.063477 0.116211 -0.436523
v -0.063477 0.124023 -0.436523
v -0.063477 0.127930 -0.432617
v -0.178711 0.127930 -0.434570
v -0.063477 0.124023 -0.436523
v -0.063477 0.116211 -0.436523
v -0.063477 0.127930 -0.432617
v -0.065430 0.118164 -0.428711
v -0.063477 0.116211 -0.436523
v -0.063477 0.116211 -0.436523
v -0.065430 0.118164 -0.428711
v -0.178711 0.118164 -0.434570
v -0.063477 0.116211 -0.436523
v -0.178711 0.118164 -0.434570
v -0.178711 0.127930 -0.434570
v -0.178711 0.127930 -0.434570
v -0.063477 0.127930 -0.432617
v -0.063477 0.124023 -0.436523
v -0.063477 0.122070 -0.434570
v -0.065430 0.118164 -0.428711
v -0.063477 0.127930 -0.432617
v -0.063477 0.127930 -0.432617
v -0.008789 0.127930 -0.434570
v -0.063477 0.122070 -0.434570
v -0.065430 0.118164 -0.428711
v -0.063477 0.127930 -0.432617
v -0.178711 0.120117 -0.428711
v -0.178711 0.120117 -0.428711
v -0.178711 0.118164 -0.434570
v -0.065430 0.118164 -0.428711
v -0.086914 0.118164 -0.434570
v -0.092773 0.118164 -0.434570
v -0.092773 0.118164 -0.426758
v -0.092773 0.118164 -0.426758
v -0.086914 0.118164 -0.426758
v -0.086914 0.118164 -0.434570
v -0.110352 0.118164 -0.426758
v -0.104492 0.118164 -0.426758
v -0.104492 0.118164 -0.434570
v -0.104492 0.118164 -0.434570
v -0.110352 0.118164 -0.434570
v -0.110352 0.118164 -0.426758
v -0.129883 0.118164 -0.426758
v -0.122070 0.118164 -0.426758
v -0.122070 0.118164 -0.434570
v -0.122070 0.118164 -0.434570
v -0.129883 0.118164 -0.434570
v -0.129883 0.118164 -0.426758
v -0.129883 0.118164 -0.426758
v -0.129883 0.061523 -0.426758
v -0.122070 0.118164 -0.426758
v -0.063477 0.118164 -0.383789
v -0.063477 0.124023 -0.379883
v -0.067383 0.120117 -0.375977
v -0.065430 0.125977 -0.381836
v -0.063477 0.124023 -0.379883
v -0.063477 0.118164 -0.383789
v -0.063477 0.118164 -0.383789
v -0.067383 0.120117 -0.375977
v -0.176758 0.118164 -0.375977
v -0.176758 0.118164 -0.383789
v -0.065430 0.125977 -0.381836
v -0.063477 0.118164 -0.383789
v -0.176758 0.118164 -0.375977
v -0.176758 0.118164 -0.383789
v -0.063477 0.118164 -0.383789
v -0.176758 0.118164 -0.375977
v -0.067383 0.120117 -0.375977
v -0.063477 0.124023 -0.379883
v -0.063477 0.124023 -0.379883
v -0.065430 0.125977 -0.381836
v -0.178711 0.125977 -0.381836
v -0.178711 0.122070 -0.377930
v -0.176758 0.118164 -0.375977
v -0.063477 0.124023 -0.379883
v -0.178711 0.125977 -0.381836
v -0.178711 0.122070 -0.377930
v -0.063477 0.124023 -0.379883
v -0.067383 0.118164 -0.377930
v -0.075195 0.125977 -0.440430
v -0.075195 0.125977 -0.377930
v -0.067383 0.118164 -0.377930
v -0.075195 0.125977 -0.377930
v -0.172852 0.127930 -0.377930
v -0.172852 0.127930 -0.377930
v -0.178711 0.120117 -0.377930
v -0.067383 0.118164 -0.377930
v -0.083008 0.200195 -0.354492
v -0.079102 0.061523 -0.356445
v -0.075195 0.118164 -0.375977
v -0.075195 0.118164 -0.375977
v -0.083008 0.202148 -0.374023
v -0.083008 0.200195 -0.354492
v -0.172852 0.127930 -0.440430
v -0.075195 0.125977 -0.377930
v -0.075195 0.125977 -0.440430
v -0.075195 0.125977 -0.440430
v -0.178711 0.120117 -0.440430
v -0.172852 0.127930 -0.440430
v -0.178711 0.127930 -0.428711
v -0.178711 0.120117 -0.428711
v -0.063477 0.127930 -0.432617
v -0.063477 0.127930 -0.432617
v -0.178711 0.127930 -0.434570
v -0.178711 0.127930 -0.428711
v -0.065430 0.125977 -0.381836
v -0.176758 0.118164 -0.383789
v -0.178711 0.125977 -0.381836
v -0.075195 0.125977 -0.377930
v -0.172852 0.127930 -0.440430
v -0.172852 0.127930 -0.377930
v -0.186523 0.061523 -0.399414
v -0.186523 0.061523 -0.442383
v -0.186523 0.038086 -0.442383
v -0.186523 0.038086 -0.442383
v -0.186523 0.038086 -0.399414
v -0.186523 0.061523 -0.399414
v -0.172852 0.061523 -0.438477
v -0.180664 0.061523 -0.438477
v -0.180664 0.118164 -0.438477
v -0.170898 0.061523 -0.426758
v -0.180664 0.061523 -0.438477
v -0.172852 0.061523 -0.438477
v -0.180664 0.118164 -0.438477
v -0.172852 0.118164 -0.438477
v -0.172852 0.061523 -0.438477
v -0.172852 0.061523 -0.438477
v -0.172852 0.118164 -0.438477
v -0.170898 0.061523 -0.426758
v -0.180664 0.118164 -0.426758
v -0.180664 0.118164 -0.438477
v -0.180664 0.061523 -0.438477
v -0.180664 0.061523 -0.438477
v -0.170898 0.061523 -0.426758
v -0.180664 0.061523 -0.426758
v -0.180664 0.061523 -0.438477
v -0.180664 0.061523 -0.426758
v -0.180664 0.118164 -0.426758
v -0.186523 0.114258 -0.440430
v -0.178711 0.122070 -0.440430
v -0.178711 0.112305 -0.440430
v -0.178711 0.112305 -0.440430
v -0.178711 0.122070 -0.440430
v -0.178711 0.122070 -0.377930
v -0.186523 0.114258 -0.377930
v -0.186523 0.114258 -0.440430
v -0.178711 0.112305 -0.440430
v -0.178711 0.122070 -0.377930
v -0.178711 0.114258 -0.377930
v -0.178711 0.112305 -0.440430
v -0.178711 0.112305 -0.440430
v -0.178711 0.114258 -0.377930
v -0.186523 0.114258 -0.377930
v -0.172852 0.118164 -0.438477
v -0.180664 0.118164 -0.438477
v -0.170898 0.118164 -0.426758
v -0.170898 0.118164 -0.426758
v -0.170898 0.061523 -0.426758
v -0.172852 0.118164 -0.438477
v -0.178711 0.120117 -0.440430
v -0.178711 0.120117 -0.377930
v -0.172852 0.127930 -0.440430
v -0.178711 0.122070 -0.440430
v -0.186523 0.114258 -0.440430
v -0.186523 0.125977 -0.440430
v -0.186523 0.125977 -0.440430
v -0.178711 0.122070 -0.377930
v -0.178711 0.122070 -0.440430
v -0.186523 0.114258 -0.440430
v -0.186523 0.114258 -0.377930
v -0.186523 0.125977 -0.440430
v -0.180664 0.118164 -0.426758
v -0.170898 0.118164 -0.426758
v -0.180664 0.118164 -0.438477
v -0.129883 0.061523 -0.434570
v -0.129883 0.061523 -0.426758
v -0.129883 0.118164 -0.434570
v -0.139648 0.061523 -0.434570
v -0.139648 0.061523 -0.426758
v -0.147461 0.061523 -0.426758
v -0.141602 0.118164 -0.434570
v -0.139648 0.061523 -0.426758
v -0.139648 0.061523 -0.434570
v -0.147461 0.061523 -0.426758
v -0.147461 0.061523 -0.434570
v -0.139648 0.061523 -0.434570
v -0.139648 0.061523 -0.434570
v -0.147461 0.061523 -0.434570
v -0.147461 0.118164 -0.434570
v -0.147461 0.118164 -0.434570
v -0.141602 0.118164 -0.434570
v -0.139648 0.061523 -0.434570
v -0.129883 0.118164 -0.426758
v -0.129883 0.118164 -0.434570
v -0.129883 0.061523 -0.426758
v -0.141602 0.118164 -0.426758
v -0.147461 0.061523 -0.426758
v -0.139648 0.061523 -0.426758
v -0.139648 0.061523 -0.426758
v -0.141602 0.118164 -0.434570
v -0.141602 0.118164 -0.426758
v -0.147461 0.061523 -0.434570
v -0.147461 0.061523 -0.426758
v -0.147461 0.118164 -0.434570
v -0.147461 0.118164 -0.426758
v -0.147461 0.118164 -0.434570
v -0.147461 0.061523 -0.426758
v -0.147461 0.061523 -0.426758
v -0.141602 0.118164 -0.426758
v -0.147461 0.118164 -0.426758
v -0.165039 0.061523 -0.426758
v -0.165039 0.061523 -0.434570
v -0.157227 0.061523 -0.434570
v -0.157227 0.061523 -0.434570
v -0.165039 0.061523 -0.434570
v -0.165039 0.118164 -0.434570
v -0.157227 0.061523 -0.434570
v -0.157227 0.061523 -0.426758
v -0.165039 0.061523 -0.426758
v -0.159180 0.118164 -0.434570
v -0.157227 0.061523 -0.426758
v -0.157227 0.061523 -0.434570
v -0.165039 0.118164 -0.434570
v -0.159180 0.118164 -0.434570
v -0.157227 0.061523 -0.434570
v -0.165039 0.061523 -0.434570
v -0.165039 0.061523 -0.426758
v -0.165039 0.118164 -0.434570
v -0.159180 0.118164 -0.426758
v -0.165039 0.061523 -0.426758
v -0.157227 0.061523 -0.426758
v -0.157227 0.061523 -0.426758
v -0.159180 0.118164 -0.434570
v -0.159180 0.118164 -0.426758
v -0.165039 0.118164 -0.426758
v -0.165039 0.118164 -0.434570
v -0.165039 0.061523 -0.426758
v -0.165039 0.061523 -0.426758
v -0.159180 0.118164 -0.426758
v -0.165039 0.118164 -0.426758
v -0.170898 0.118164 -0.426758
v -0.180664 0.061523 -0.426758
v -0.170898 0.061523 -0.426758
v -0.180664 0.061523 -0.426758
v -0.170898 0.118164 -0.426758
v -0.180664 0.118164 -0.426758
v -0.186523 0.038086 -0.360352
v -0.186523 0.061523 -0.399414
v -0.186523 0.038086 -0.399414
v -0.186523 0.059570 -0.360352
v -0.172852 0.061523 -0.375977
v -0.186523 0.061523 -0.399414
v -0.186523 0.061523 -0.399414
v -0.186523 0.038086 -0.360352
v -0.186523 0.059570 -0.360352
v -0.172852 0.061523 -0.375977
v -0.172852 0.118164 -0.375977
v -0.157227 0.061523 -0.356445
v -0.258789 0.280273 -0.374023
v -0.172852 0.118164 -0.375977
v -0.172852 0.061523 -0.375977
v -0.157227 0.061523 -0.356445
v -0.081055 0.061523 -0.356445
v -0.172852 0.061523 -0.375977
v -0.141602 0.118164 -0.434570
v -0.147461 0.118164 -0.434570
v -0.147461 0.118164 -0.426758
v -0.147461 0.118164 -0.426758
v -0.141602 0.118164 -0.426758
v -0.141602 0.118164 -0.434570
v -0.159180 0.118164 -0.434570
v -0.165039 0.118164 -0.434570
v -0.165039 0.118164 -0.426758
v -0.165039 0.118164 -0.426758
v -0.159180 0.118164 -0.426758
v -0.159180 0.118164 -0.434570
v -0.178711 0.118164 -0.434570
v -0.178711 0.120117 -0.428711
v -0.178711 0.127930 -0.434570
v -0.178711 0.127930 -0.428711
v -0.178711 0.127930 -0.434570
v -0.178711 0.120117 -0.428711
v -0.176758 0.118164 -0.383789
v -0.176758 0.118164 -0.375977
v -0.178711 0.125977 -0.381836
v -0.178711 0.114258 -0.377930
v -0.178711 0.122070 -0.377930
v -0.186523 0.125977 -0.377930
v -0.186523 0.125977 -0.377930
v -0.186523 0.114258 -0.377930
v -0.178711 0.114258 -0.377930
v -0.155273 0.202148 -0.374023
v -0.157227 0.061523 -0.356445
v -0.172852 0.118164 -0.375977
v -0.258789 0.280273 -0.374023
v -0.155273 0.202148 -0.374023
v -0.172852 0.118164 -0.375977
v -0.172852 0.127930 -0.377930
v -0.172852 0.127930 -0.440430
v -0.178711 0.120117 -0.377930
v -0.176758 0.118164 -0.375977
v -0.178711 0.122070 -0.377930
v -0.178711 0.125977 -0.381836
v -0.178711 0.122070 -0.377930
v -0.186523 0.125977 -0.440430
v -0.186523 0.125977 -0.377930
v -0.186523 0.125977 -0.377930
v -0.186523 0.125977 -0.440430
v -0.186523 0.114258 -0.377930
v -0.059570 0.038086 -0.360352
v -0.057617 0.059570 -0.360352
v -0.186523 0.059570 -0.360352
v -0.186523 0.059570 -0.360352
v -0.186523 0.038086 -0.360352
v -0.059570 0.038086 -0.360352
v -0.079102 0.061523 -0.356445
v -0.083008 0.200195 -0.354492
v -0.157227 0.061523 -0.356445
v -0.157227 0.061523 -0.356445
v -0.083008 0.200195 -0.354492
v -0.081055 0.061523 -0.356445
v -0.083008 0.202148 -0.374023
v -0.083008 0.200195 -0.354492
v -0.155273 0.200195 -0.354492
v -0.155273 0.200195 -0.354492
v -0.155273 0.202148 -0.374023
v -0.083008 0.202148 -0.374023
v -0.083008 0.202148 -0.374023
v -0.155273 0.202148 -0.374023
v -0.016602 0.375977 -0.374023
v -0.083008 0.200195 -0.354492
v -0.157227 0.061523 -0.356445
v -0.155273 0.200195 -0.354492
v -0.157227 0.061523 -0.356445
v -0.155273 0.202148 -0.374023
v -0.155273 0.200195 -0.354492
v -0.280273 0.059570 -0.354492
v -0.241211 0.057617 -0.354492
v -0.241211 0.036133 -0.354492
v -0.241211 0.036133 -0.354492
v -0.241211 0.057617 -0.354492
v -0.241211 0.036133 -0.229492
v -0.241211 0.036133 -0.354492
v -0.280273 0.036133 -0.354492
v -0.280273 0.059570 -0.354492
v -0.241211 0.036133 -0.229492
v -0.280273 0.036133 -0.354492
v -0.241211 0.036133 -0.354492
v -0.241211 0.057617 -0.354492
v -0.280273 0.059570 -0.354492
v -0.241211 0.057617 -0.227539
v -0.241211 0.057617 -0.227539
v -0.241211 0.036133 -0.229492
v -0.241211 0.057617 -0.354492
v -0.241211 0.057617 -0.338867
v -0.241211 0.200195 -0.333008
v -0.260742 0.059570 -0.334961
v -0.241211 0.059570 -0.247070
v -0.241211 0.200195 -0.333008
v -0.241211 0.057617 -0.338867
v -0.241211 0.057617 -0.338867
v -0.260742 0.059570 -0.334961
v -0.258789 0.059570 -0.250977
v -0.241211 0.057617 -0.338867
v -0.258789 0.059570 -0.250977
v -0.241211 0.059570 -0.247070
v -0.241211 0.057617 -0.227539
v -0.241211 0.059570 -0.247070
v -0.241211 0.057617 -0.338867
v -0.258789 0.280273 -0.374023
v -0.016602 0.375977 -0.374023
v -0.155273 0.202148 -0.374023
v -0.241211 0.200195 -0.333008
v -0.239258 0.200195 -0.252930
v -0.260742 0.198242 -0.256836
v -0.241211 0.059570 -0.247070
v -0.239258 0.200195 -0.252930
v -0.241211 0.200195 -0.333008
v -0.262695 0.198242 -0.329102
v -0.260742 0.059570 -0.334961
v -0.241211 0.200195 -0.333008
v -0.260742 0.198242 -0.256836
v -0.262695 0.198242 -0.329102
v -0.241211 0.200195 -0.333008
v -0.239258 0.200195 -0.252930
v -0.258789 0.059570 -0.250977
v -0.260742 0.198242 -0.256836
v -0.241211 0.059570 -0.247070
v -0.258789 0.059570 -0.250977
v -0.239258 0.200195 -0.252930
v -0.020508 0.360352 -0.405273
v -0.030273 0.360352 -0.403320
v -0.010742 0.424805 -0.403320
v -0.018555 0.360352 0.424805
v -0.030273 0.360352 -0.403320
v -0.020508 0.360352 -0.405273
v -0.040039 0.426758 -0.403320
v -0.010742 0.424805 -0.403320
v -0.030273 0.360352 -0.403320
v -0.329102 0.313477 -0.385742
v -0.040039 0.426758 -0.403320
v -0.030273 0.360352 -0.403320
v -0.030273 0.360352 -0.403320
v -0.301758 0.247070 -0.387695
v -0.329102 0.313477 -0.385742
v -0.028320 0.360352 0.424805
v -0.301758 0.247070 -0.387695
v -0.030273 0.360352 -0.403320
v -0.030273 0.360352 -0.403320
v -0.018555 0.360352 0.424805
v -0.028320 0.360352 0.424805
v -0.010742 0.424805 -0.403320
v -0.040039 0.426758 -0.403320
v -0.038086 0.424805 0.424805
v -0.038086 0.424805 0.424805
v -0.010742 0.424805 0.424805
v -0.010742 0.424805 -0.403320
v -0.329102 0.313477 -0.385742
v -0.075195 0.409180 -0.354492
v -0.040039 0.426758 -0.403320
v -0.040039 0.426758 -0.403320
v -0.075195 0.409180 -0.354492
v -0.038086 0.424805 0.424805
v -0.016602 0.375977 -0.374023
v -0.258789 0.280273 -0.374023
v -0.016602 0.375977 0.397461
v -0.016602 0.375977 0.397461
v 0.250977 0.280273 0.397461
v -0.016602 0.375977 -0.374023
v -0.065430 0.379883 -0.354492
v -0.075195 0.409180 -0.354492
v -0.282227 0.295898 -0.340820
v -0.065430 0.379883 0.374023
v -0.075195 0.409180 -0.354492
v -0.065430 0.379883 -0.354492
v -0.065430 0.379883 -0.354492
v -0.282227 0.295898 -0.340820
v -0.065430 0.379883 0.374023
v -0.075195 0.409180 -0.354492
v -0.329102 0.313477 -0.385742
v -0.295898 0.325195 -0.340820
v -0.295898 0.325195 -0.340820
v -0.282227 0.295898 -0.340820
v -0.075195 0.409180 -0.354492
v -0.075195 0.409180 -0.354492
v -0.065430 0.379883 0.374023
v -0.075195 0.409180 0.374023
v -0.075195 0.409180 -0.354492
v -0.075195 0.409180 0.374023
v -0.038086 0.424805 0.424805
v -0.331055 0.311523 0.409180
v -0.329102 0.313477 -0.385742
v -0.301758 0.247070 -0.387695
v -0.301758 0.247070 -0.387695
v -0.028320 0.360352 0.424805
v -0.303711 0.245117 0.409180
v -0.301758 0.247070 -0.387695
v -0.303711 0.245117 0.409180
v -0.331055 0.311523 0.409180
v -0.319336 0.059570 -0.354492
v -0.280273 0.059570 -0.354492
v -0.280273 0.036133 -0.354492
v -0.280273 0.036133 -0.354492
v -0.319336 0.036133 -0.354492
v -0.319336 0.059570 -0.354492
v -0.319336 0.036133 -0.227539
v -0.319336 0.036133 -0.354492
v -0.280273 0.036133 -0.354492
v -0.280273 0.036133 -0.354492
v -0.241211 0.036133 -0.229492
v -0.280273 0.036133 -0.229492
v -0.280273 0.036133 -0.354492
v -0.280273 0.036133 -0.229492
v -0.319336 0.036133 -0.227539
v -0.280273 0.059570 -0.354492
v -0.319336 0.059570 -0.354492
v -0.280273 0.059570 -0.227539
v -0.280273 0.059570 -0.227539
v -0.241211 0.057617 -0.227539
v -0.280273 0.059570 -0.354492
v -0.260742 0.059570 -0.334961
v -0.262695 0.198242 -0.329102
v -0.258789 0.280273 -0.374023
v -0.301758 0.118164 -0.329102
v -0.301758 0.059570 -0.329102
v -0.299805 0.059570 -0.340820
v -0.299805 0.059570 -0.340820
v -0.301758 0.059570 -0.329102
v -0.315430 0.059570 -0.331055
v -0.299805 0.059570 -0.340820
v -0.299805 0.118164 -0.340820
v -0.301758 0.118164 -0.329102
v -0.313477 0.118164 -0.342773
v -0.299805 0.118164 -0.340820
v -0.299805 0.059570 -0.340820
v -0.315430 0.059570 -0.331055
v -0.313477 0.059570 -0.342773
v -0.299805 0.059570 -0.340820
v -0.299805 0.059570 -0.340820
v -0.313477 0.059570 -0.342773
v -0.313477 0.118164 -0.342773
v -0.301758 0.059570 -0.329102
v -0.301758 0.118164 -0.329102
v -0.315430 0.118164 -0.331055
v -0.315430 0.118164 -0.331055
v -0.315430 0.059570 -0.331055
v -0.301758 0.059570 -0.329102
v -0.254883 0.124023 -0.340820
v -0.254883 0.114258 -0.340820
v -0.254883 0.114258 -0.350586
v -0.254883 0.114258 -0.350586
v -0.254883 0.114258 -0.340820
v -0.319336 0.114258 -0.342773
v -0.254883 0.125977 -0.350586
v -0.254883 0.124023 -0.340820
v -0.254883 0.114258 -0.350586
v -0.319336 0.114258 -0.342773
v -0.319336 0.114258 -0.350586
v -0.254883 0.114258 -0.350586
v -0.254883 0.114258 -0.350586
v -0.319336 0.114258 -0.350586
v -0.254883 0.125977 -0.350586
v -0.254883 0.114258 -0.340820
v -0.254883 0.124023 -0.340820
v -0.319336 0.114258 -0.342773
v -0.254883 0.120117 -0.342773
v -0.319336 0.120117 -0.342773
v -0.319336 0.129883 -0.336914
v -0.319336 0.120117 -0.239258
v -0.319336 0.120117 -0.342773
v -0.254883 0.120117 -0.342773
v -0.319336 0.129883 -0.336914
v -0.254883 0.129883 -0.336914
v -0.254883 0.120117 -0.342773
v -0.254883 0.120117 -0.342773
v -0.254883 0.129883 -0.336914
v -0.254883 0.120117 -0.239258
v -0.254883 0.120117 -0.342773
v -0.254883 0.120117 -0.239258
v -0.319336 0.120117 -0.239258
v -0.319336 0.124023 -0.340820
v -0.319336 0.114258 -0.342773
v -0.254883 0.124023 -0.340820
v -0.254883 0.125977 -0.350586
v -0.319336 0.124023 -0.340820
v -0.254883 0.124023 -0.340820
v -0.315430 0.118164 -0.331055
v -0.301758 0.118164 -0.329102
v -0.299805 0.118164 -0.340820
v -0.299805 0.118164 -0.340820
v -0.313477 0.118164 -0.342773
v -0.315430 0.118164 -0.331055
v -0.319336 0.059570 -0.227539
v -0.319336 0.059570 -0.354492
v -0.319336 0.036133 -0.354492
v -0.319336 0.036133 -0.354492
v -0.319336 0.036133 -0.227539
v -0.319336 0.059570 -0.227539
v -0.319336 0.059570 -0.227539
v -0.280273 0.059570 -0.227539
v -0.319336 0.059570 -0.354492
v -0.313477 0.059570 -0.342773
v -0.315430 0.059570 -0.331055
v -0.313477 0.118164 -0.342773
v -0.315430 0.118164 -0.331055
v -0.313477 0.118164 -0.342773
v -0.315430 0.059570 -0.331055
v -0.319336 0.114258 -0.350586
v -0.319336 0.114258 -0.342773
v -0.319336 0.124023 -0.340820
v -0.319336 0.114258 -0.350586
v -0.319336 0.124023 -0.340820
v -0.319336 0.125977 -0.350586
v -0.319336 0.125977 -0.350586
v -0.254883 0.125977 -0.350586
v -0.319336 0.114258 -0.350586
v -0.319336 0.127930 -0.245117
v -0.319336 0.129883 -0.336914
v -0.319336 0.120117 -0.342773
v -0.319336 0.120117 -0.342773
v -0.319336 0.120117 -0.239258
v -0.319336 0.127930 -0.245117
v -0.319336 0.124023 -0.340820
v -0.254883 0.125977 -0.350586
v -0.319336 0.125977 -0.350586
v -0.256836 0.059570 -0.184570
v -0.260742 0.198242 -0.256836
v -0.258789 0.059570 -0.250977
v -0.241211 0.057617 -0.227539
v -0.241211 0.059570 -0.247070
v -0.258789 0.059570 -0.250977
v -0.311523 0.059570 -0.250977
v -0.311523 0.116211 -0.250977
v -0.299805 0.059570 -0.247070
v -0.315430 0.116211 -0.239258
v -0.311523 0.116211 -0.250977
v -0.311523 0.059570 -0.250977
v -0.311523 0.059570 -0.250977
v -0.299805 0.059570 -0.247070
v -0.301758 0.059570 -0.235352
v -0.311523 0.059570 -0.250977
v -0.301758 0.059570 -0.235352
v -0.315430 0.059570 -0.239258
v -0.311523 0.059570 -0.250977
v -0.315430 0.059570 -0.239258
v -0.315430 0.116211 -0.239258
v -0.299805 0.116211 -0.247070
v -0.299805 0.059570 -0.247070
v -0.311523 0.116211 -0.250977
v -0.315430 0.116211 -0.239258
v -0.299805 0.116211 -0.247070
v -0.311523 0.116211 -0.250977
v -0.254883 0.129883 -0.336914
v -0.319336 0.129883 -0.336914
v -0.254883 0.127930 -0.245117
v -0.254883 0.127930 -0.245117
v -0.254883 0.120117 -0.239258
v -0.254883 0.129883 -0.336914
v -0.262695 0.198242 -0.329102
v -0.260742 0.198242 -0.256836
v -0.258789 0.280273 -0.374023
v -0.319336 0.127930 -0.245117
v -0.254883 0.127930 -0.245117
v -0.319336 0.129883 -0.336914
v -0.258789 0.198242 -0.178711
v -0.258789 0.280273 -0.374023
v -0.260742 0.198242 -0.256836
v -0.260742 0.198242 -0.256836
v -0.256836 0.059570 -0.184570
v -0.258789 0.198242 -0.178711
v -0.331055 0.311523 0.409180
v -0.295898 0.325195 -0.340820
v -0.329102 0.313477 -0.385742
v -0.258789 0.280273 -0.374023
v -0.258789 0.198242 -0.178711
v -0.254883 0.198242 -0.104492
v -0.258789 0.280273 -0.374023
v -0.254883 0.198242 -0.104492
v -0.258789 0.198242 -0.026367
v -0.258789 0.280273 -0.374023
v -0.258789 0.198242 -0.026367
v -0.258789 0.198242 0.047852
v -0.258789 0.280273 -0.374023
v -0.258789 0.198242 0.047852
v -0.260742 0.198242 0.122070
v -0.258789 0.280273 -0.374023
v -0.260742 0.198242 0.122070
v -0.260742 0.198242 0.194336
v -0.258789 0.280273 -0.374023
v -0.260742 0.198242 0.194336
v -0.260742 0.198242 0.274414
v -0.258789 0.282227 0.397461
v -0.016602 0.375977 0.397461
v -0.258789 0.280273 -0.374023
v -0.258789 0.280273 -0.374023
v -0.260742 0.198242 0.274414
v -0.260742 0.198242 0.346680
v -0.258789 0.280273 -0.374023
v -0.260742 0.198242 0.346680
v -0.258789 0.282227 0.397461
v -0.282227 0.295898 -0.340820
v -0.295898 0.325195 -0.340820
v -0.282227 0.295898 0.362305
v -0.282227 0.295898 0.362305
v -0.065430 0.379883 0.374023
v -0.282227 0.295898 -0.340820
v -0.295898 0.325195 0.362305
v -0.282227 0.295898 0.362305
v -0.295898 0.325195 -0.340820
v -0.331055 0.311523 0.409180
v -0.295898 0.325195 0.362305
v -0.295898 0.325195 -0.340820
v -0.241211 0.036133 -0.229492
v -0.241211 0.057617 -0.227539
v -0.280273 0.036133 -0.229492
v -0.280273 0.059570 -0.227539
v -0.280273 0.036133 -0.229492
v -0.241211 0.057617 -0.227539
v -0.241211 0.036133 -0.206055
v -0.241211 0.057617 -0.206055
v -0.241211 0.036133 -0.083008
v -0.280273 0.059570 -0.208008
v -0.241211 0.057617 -0.206055
v -0.241211 0.036133 -0.206055
v -0.241211 0.036133 -0.206055
v -0.241211 0.036133 -0.083008
v -0.280273 0.036133 -0.208008
v -0.241211 0.036133 -0.206055
v -0.280273 0.036133 -0.208008
v -0.280273 0.059570 -0.208008
v -0.241211 0.057617 -0.079102
v -0.241211 0.036133 -0.083008
v -0.241211 0.057617 -0.206055
v -0.280273 0.059570 -0.208008
v -0.241211 0.057617 -0.079102
v -0.241211 0.057617 -0.206055
v -0.235352 0.200195 -0.102539
v -0.239258 0.200195 -0.182617
v -0.241211 0.057617 -0.188477
v -0.241211 0.057617 -0.188477
v -0.239258 0.200195 -0.182617
v -0.256836 0.059570 -0.184570
v -0.241211 0.057617 -0.079102
v -0.237305 0.059570 -0.096680
v -0.241211 0.057617 -0.188477
v -0.241211 0.057617 -0.188477
v -0.237305 0.059570 -0.096680
v -0.235352 0.200195 -0.102539
v -0.254883 0.059570 -0.100586
v -0.237305 0.059570 -0.096680
v -0.241211 0.057617 -0.188477
v -0.241211 0.057617 -0.188477
v -0.237305 0.059570 -0.096680
v -0.254883 0.061523 -0.100586
v -0.256836 0.059570 -0.184570
v -0.241211 0.057617 -0.079102
v -0.241211 0.057617 -0.188477
v -0.241211 0.057617 -0.188477
v -0.256836 0.059570 -0.184570
v -0.254883 0.059570 -0.100586
v -0.254883 0.061523 -0.100586
v -0.256836 0.059570 -0.184570
v -0.241211 0.057617 -0.188477
v -0.239258 0.200195 -0.182617
v -0.235352 0.200195 -0.102539
v -0.254883 0.198242 -0.106445
v -0.258789 0.198242 -0.178711
v -0.256836 0.059570 -0.184570
v -0.239258 0.200195 -0.182617
v -0.254883 0.198242 -0.106445
v -0.258789 0.198242 -0.178711
v -0.239258 0.200195 -0.182617
v -0.254883 0.059570 -0.100586
v -0.235352 0.200195 -0.102539
v -0.237305 0.059570 -0.096680
v -0.237305 0.059570 -0.096680
v -0.235352 0.200195 -0.102539
v -0.254883 0.061523 -0.100586
v -0.241211 0.036133 -0.083008
v -0.241211 0.057617 -0.079102
v -0.280273 0.036133 -0.083008
v -0.280273 0.036133 -0.083008
v -0.280273 0.036133 -0.208008
v -0.241211 0.036133 -0.083008
v -0.241211 0.057617 -0.079102
v -0.280273 0.059570 -0.208008
v -0.280273 0.059570 -0.081055
v -0.280273 0.059570 -0.081055
v -0.280273 0.036133 -0.083008
v -0.241211 0.057617 -0.079102
v -0.280273 0.059570 -0.053711
v -0.241211 0.057617 -0.053711
v -0.241211 0.036133 -0.053711
v -0.241211 0.036133 -0.053711
v -0.241211 0.057617 -0.053711
v -0.241211 0.036133 0.069336
v -0.241211 0.036133 -0.053711
v -0.280273 0.036133 -0.053711
v -0.280273 0.059570 -0.053711
v -0.241211 0.036133 0.069336
v -0.280273 0.036133 -0.053711
v -0.241211 0.036133 -0.053711
v -0.241211 0.057617 -0.053711
v -0.280273 0.059570 -0.053711
v -0.241211 0.057617 0.073242
v -0.241211 0.057617 0.073242
v -0.241211 0.036133 0.069336
v -0.241211 0.057617 -0.053711
v -0.241211 0.057617 -0.036133
v -0.241211 0.200195 -0.030273
v -0.256836 0.059570 -0.030273
v -0.241211 0.059570 0.057617
v -0.241211 0.200195 -0.030273
v -0.241211 0.057617 -0.036133
v -0.241211 0.057617 -0.036133
v -0.256836 0.059570 -0.030273
v -0.256836 0.059570 0.053711
v -0.241211 0.057617 -0.036133
v -0.241211 0.059570 0.057617
v -0.241211 0.057617 0.073242
v -0.256836 0.059570 0.053711
v -0.241211 0.059570 0.057617
v -0.241211 0.057617 -0.036133
v -0.235352 0.200195 -0.102539
v -0.254883 0.059570 -0.100586
v -0.254883 0.198242 -0.104492
v -0.235352 0.200195 -0.102539
v -0.254883 0.061523 -0.100586
v -0.254883 0.198242 -0.106445
v -0.258789 0.198242 -0.026367
v -0.256836 0.059570 -0.030273
v -0.241211 0.200195 -0.030273
v -0.258789 0.198242 0.047852
v -0.258789 0.198242 -0.026367
v -0.241211 0.200195 -0.030273
v -0.241211 0.200195 -0.030273
v -0.241211 0.059570 0.057617
v -0.239258 0.200195 0.051758
v -0.241211 0.200195 -0.030273
v -0.239258 0.200195 0.051758
v -0.258789 0.198242 0.047852
v -0.280273 0.036133 -0.229492
v -0.280273 0.059570 -0.227539
v -0.319336 0.059570 -0.227539
v -0.319336 0.059570 -0.227539
v -0.319336 0.036133 -0.227539
v -0.280273 0.036133 -0.229492
v -0.301758 0.116211 -0.235352
v -0.301758 0.059570 -0.235352
v -0.299805 0.059570 -0.247070
v -0.299805 0.059570 -0.247070
v -0.299805 0.116211 -0.247070
v -0.301758 0.116211 -0.235352
v -0.301758 0.059570 -0.235352
v -0.301758 0.116211 -0.235352
v -0.315430 0.116211 -0.239258
v -0.315430 0.116211 -0.239258
v -0.315430 0.059570 -0.239258
v -0.301758 0.059570 -0.235352
v -0.319336 0.059570 -0.208008
v -0.280273 0.059570 -0.208008
v -0.280273 0.036133 -0.208008
v -0.280273 0.036133 -0.208008
v -0.319336 0.036133 -0.208008
v -0.319336 0.059570 -0.208008
v -0.319336 0.036133 -0.081055
v -0.319336 0.036133 -0.208008
v -0.280273 0.036133 -0.208008
v -0.280273 0.036133 -0.208008
v -0.280273 0.036133 -0.083008
v -0.319336 0.036133 -0.081055
v -0.280273 0.059570 -0.208008
v -0.319336 0.059570 -0.208008
v -0.280273 0.059570 -0.081055
v -0.313477 0.116211 -0.196289
v -0.299805 0.118164 -0.194336
v -0.299805 0.059570 -0.194336
v -0.299805 0.059570 -0.194336
v -0.299805 0.118164 -0.194336
v -0.301758 0.059570 -0.182617
v -0.299805 0.059570 -0.194336
v -0.313477 0.059570 -0.196289
v -0.313477 0.116211 -0.196289
v -0.315430 0.059570 -0.184570
v -0.313477 0.059570 -0.196289
v -0.299805 0.059570 -0.194336
v -0.299805 0.059570 -0.194336
v -0.301758 0.059570 -0.182617
v -0.315430 0.059570 -0.184570
v -0.254883 0.114258 -0.239258
v -0.254883 0.122070 -0.239258
v -0.254883 0.114258 -0.229492
v -0.319336 0.114258 -0.239258
v -0.254883 0.122070 -0.239258
v -0.254883 0.114258 -0.239258
v -0.254883 0.114258 -0.239258
v -0.254883 0.114258 -0.229492
v -0.319336 0.114258 -0.229492
v -0.319336 0.114258 -0.229492
v -0.319336 0.114258 -0.239258
v -0.254883 0.114258 -0.239258
v -0.254883 0.127930 -0.245117
v -0.319336 0.120117 -0.239258
v -0.254883 0.120117 -0.239258
v -0.254883 0.122070 -0.229492
v -0.254883 0.114258 -0.229492
v -0.254883 0.122070 -0.239258
v -0.319336 0.122070 -0.239258
v -0.254883 0.122070 -0.229492
v -0.254883 0.122070 -0.239258
v -0.254883 0.122070 -0.239258
v -0.319336 0.114258 -0.239258
v -0.319336 0.122070 -0.239258
v -0.254883 0.114258 -0.229492
v -0.254883 0.122070 -0.229492
v -0.319336 0.114258 -0.229492
v -0.254883 0.122070 -0.229492
v -0.319336 0.122070 -0.239258
v -0.319336 0.122070 -0.229492
v -0.319336 0.122070 -0.229492
v -0.319336 0.114258 -0.229492
v -0.254883 0.122070 -0.229492
v -0.315430 0.116211 -0.239258
v -0.301758 0.116211 -0.235352
v -0.299805 0.116211 -0.247070
v -0.254883 0.124023 -0.194336
v -0.254883 0.114258 -0.194336
v -0.254883 0.114258 -0.202148
v -0.254883 0.114258 -0.202148
v -0.254883 0.114258 -0.194336
v -0.319336 0.114258 -0.194336
v -0.254883 0.125977 -0.202148
v -0.254883 0.124023 -0.194336
v -0.254883 0.114258 -0.202148
v -0.319336 0.114258 -0.194336
v -0.319336 0.114258 -0.202148
v -0.254883 0.114258 -0.202148
v -0.254883 0.114258 -0.202148
v -0.319336 0.114258 -0.202148
v -0.254883 0.125977 -0.202148
v -0.254883 0.114258 -0.194336
v -0.254883 0.124023 -0.194336
v -0.319336 0.114258 -0.194336
v -0.254883 0.120117 -0.194336
v -0.319336 0.120117 -0.194336
v -0.319336 0.129883 -0.188477
v -0.254883 0.120117 -0.090820
v -0.319336 0.120117 -0.194336
v -0.254883 0.120117 -0.194336
v -0.319336 0.129883 -0.188477
v -0.254883 0.129883 -0.188477
v -0.254883 0.120117 -0.194336
v -0.254883 0.120117 -0.194336
v -0.254883 0.129883 -0.188477
v -0.254883 0.120117 -0.090820
v -0.319336 0.124023 -0.194336
v -0.319336 0.114258 -0.194336
v -0.254883 0.124023 -0.194336
v -0.254883 0.125977 -0.202148
v -0.319336 0.124023 -0.194336
v -0.254883 0.124023 -0.194336
v -0.299805 0.118164 -0.194336
v -0.313477 0.116211 -0.196289
v -0.315430 0.118164 -0.184570
v -0.301758 0.118164 -0.182617
v -0.301758 0.059570 -0.182617
v -0.299805 0.118164 -0.194336
v -0.315430 0.118164 -0.184570
v -0.301758 0.118164 -0.182617
v -0.299805 0.118164 -0.194336
v -0.319336 0.059570 -0.079102
v -0.319336 0.059570 -0.208008
v -0.319336 0.036133 -0.208008
v -0.319336 0.036133 -0.208008
v -0.319336 0.036133 -0.081055
v -0.319336 0.059570 -0.079102
v -0.319336 0.059570 -0.079102
v -0.280273 0.059570 -0.081055
v -0.319336 0.059570 -0.208008
v -0.315430 0.059570 -0.184570
v -0.313477 0.116211 -0.196289
v -0.313477 0.059570 -0.196289
v -0.319336 0.114258 -0.229492
v -0.319336 0.122070 -0.239258
v -0.319336 0.114258 -0.239258
v -0.319336 0.120117 -0.239258
v -0.254883 0.127930 -0.245117
v -0.319336 0.127930 -0.245117
v -0.319336 0.122070 -0.239258
v -0.319336 0.114258 -0.229492
v -0.319336 0.122070 -0.229492
v -0.319336 0.114258 -0.202148
v -0.319336 0.114258 -0.194336
v -0.319336 0.124023 -0.194336
v -0.319336 0.114258 -0.202148
v -0.319336 0.124023 -0.194336
v -0.319336 0.125977 -0.202148
v -0.319336 0.125977 -0.202148
v -0.254883 0.125977 -0.202148
v -0.319336 0.114258 -0.202148
v -0.313477 0.116211 -0.196289
v -0.315430 0.059570 -0.184570
v -0.315430 0.118164 -0.184570
v -0.319336 0.127930 -0.098633
v -0.319336 0.129883 -0.188477
v -0.319336 0.120117 -0.194336
v -0.319336 0.120117 -0.194336
v -0.254883 0.120117 -0.090820
v -0.319336 0.120117 -0.090820
v -0.319336 0.120117 -0.194336
v -0.319336 0.120117 -0.090820
v -0.319336 0.127930 -0.098633
v -0.319336 0.124023 -0.194336
v -0.254883 0.125977 -0.202148
v -0.319336 0.125977 -0.202148
v -0.301758 0.059570 -0.182617
v -0.301758 0.118164 -0.182617
v -0.315430 0.118164 -0.184570
v -0.315430 0.118164 -0.184570
v -0.315430 0.059570 -0.184570
v -0.301758 0.059570 -0.182617
v -0.254883 0.129883 -0.188477
v -0.319336 0.129883 -0.188477
v -0.254883 0.127930 -0.098633
v -0.254883 0.127930 -0.098633
v -0.254883 0.120117 -0.090820
v -0.254883 0.129883 -0.188477
v -0.319336 0.127930 -0.098633
v -0.254883 0.127930 -0.098633
v -0.319336 0.129883 -0.188477
v -0.254883 0.059570 -0.100586
v -0.256836 0.059570 -0.030273
v -0.254883 0.198242 -0.104492
v -0.311523 0.116211 -0.102539
v -0.299805 0.059570 -0.100586
v -0.311523 0.059570 -0.102539
v -0.311523 0.059570 -0.102539
v -0.299805 0.059570 -0.100586
v -0.315430 0.059570 -0.090820
v -0.315430 0.059570 -0.090820
v -0.311523 0.116211 -0.102539
v -0.311523 0.059570 -0.102539
v -0.299805 0.116211 -0.100586
v -0.301758 0.059570 -0.088867
v -0.299805 0.059570 -0.100586
v -0.299805 0.059570 -0.100586
v -0.301758 0.059570 -0.088867
v -0.315430 0.059570 -0.090820
v -0.299805 0.059570 -0.100586
v -0.311523 0.116211 -0.102539
v -0.299805 0.116211 -0.100586
v -0.280273 0.036133 -0.083008
v -0.280273 0.059570 -0.081055
v -0.319336 0.059570 -0.079102
v -0.319336 0.059570 -0.079102
v -0.319336 0.036133 -0.081055
v -0.280273 0.036133 -0.083008
v -0.301758 0.059570 -0.088867
v -0.299805 0.116211 -0.100586
v -0.301758 0.116211 -0.088867
v -0.301758 0.059570 -0.088867
v -0.301758 0.116211 -0.088867
v -0.315430 0.116211 -0.090820
v -0.315430 0.116211 -0.090820
v -0.315430 0.059570 -0.090820
v -0.301758 0.059570 -0.088867
v -0.315430 0.116211 -0.090820
v -0.299805 0.116211 -0.100586
v -0.311523 0.116211 -0.102539
v -0.311523 0.116211 -0.102539
v -0.315430 0.059570 -0.090820
v -0.315430 0.116211 -0.090820
v -0.315430 0.116211 -0.090820
v -0.301758 0.116211 -0.088867
v -0.299805 0.116211 -0.100586
v -0.254883 0.114258 -0.090820
v -0.254883 0.122070 -0.090820
v -0.254883 0.114258 -0.083008
v -0.319336 0.114258 -0.090820
v -0.254883 0.122070 -0.090820
v -0.254883 0.114258 -0.090820
v -0.254883 0.114258 -0.090820
v -0.254883 0.114258 -0.083008
v -0.319336 0.114258 -0.083008
v -0.319336 0.114258 -0.083008
v -0.319336 0.114258 -0.090820
v -0.254883 0.114258 -0.090820
v -0.254883 0.127930 -0.098633
v -0.319336 0.120117 -0.090820
v -0.254883 0.120117 -0.090820
v -0.254883 0.122070 -0.083008
v -0.254883 0.114258 -0.083008
v -0.254883 0.122070 -0.090820
v -0.319336 0.122070 -0.090820
v -0.254883 0.122070 -0.083008
v -0.254883 0.122070 -0.090820
v -0.254883 0.122070 -0.090820
v -0.319336 0.114258 -0.090820
v -0.319336 0.122070 -0.090820
v -0.254883 0.114258 -0.083008
v -0.254883 0.122070 -0.083008
v -0.319336 0.114258 -0.083008
v -0.254883 0.122070 -0.083008
v -0.319336 0.122070 -0.090820
v -0.319336 0.122070 -0.083008
v -0.319336 0.122070 -0.083008
v -0.319336 0.114258 -0.083008
v -0.254883 0.122070 -0.083008
v -0.319336 0.114258 -0.083008
v -0.319336 0.122070 -0.090820
v -0.319336 0.114258 -0.090820
v -0.319336 0.120117 -0.090820
v -0.254883 0.127930 -0.098633
v -0.319336 0.127930 -0.098633
v -0.319336 0.122070 -0.090820
v -0.319336 0.114258 -0.083008
v -0.319336 0.122070 -0.083008
v -0.319336 0.059570 -0.053711
v -0.280273 0.059570 -0.053711
v -0.280273 0.036133 -0.053711
v -0.280273 0.036133 -0.053711
v -0.319336 0.036133 -0.055664
v -0.319336 0.059570 -0.053711
v -0.319336 0.036133 0.071289
v -0.319336 0.036133 -0.055664
v -0.280273 0.036133 -0.053711
v -0.280273 0.036133 -0.053711
v -0.241211 0.036133 0.069336
v -0.280273 0.036133 0.069336
v -0.280273 0.036133 -0.053711
v -0.280273 0.036133 0.069336
v -0.319336 0.036133 0.071289
v -0.280273 0.059570 -0.053711
v -0.319336 0.059570 -0.053711
v -0.280273 0.059570 0.071289
v -0.280273 0.059570 0.071289
v -0.241211 0.057617 0.073242
v -0.280273 0.059570 -0.053711
v -0.301758 0.118164 -0.030273
v -0.301758 0.059570 -0.030273
v -0.299805 0.059570 -0.040039
v -0.299805 0.059570 -0.040039
v -0.301758 0.059570 -0.030273
v -0.315430 0.059570 -0.032227
v -0.299805 0.059570 -0.040039
v -0.299805 0.118164 -0.040039
v -0.301758 0.118164 -0.030273
v -0.313477 0.118164 -0.041992
v -0.299805 0.118164 -0.040039
v -0.299805 0.059570 -0.040039
v -0.315430 0.059570 -0.032227
v -0.313477 0.059570 -0.041992
v -0.299805 0.059570 -0.040039
v -0.299805 0.059570 -0.040039
v -0.313477 0.059570 -0.041992
v -0.313477 0.118164 -0.041992
v -0.258789 0.198242 -0.026367
v -0.254883 0.198242 -0.104492
v -0.256836 0.059570 -0.030273
v -0.256836 0.059570 -0.030273
v -0.262695 -0.036133 0.045898
v -0.256836 0.059570 0.053711
v -0.301758 0.059570 -0.030273
v -0.301758 0.118164 -0.030273
v -0.315430 0.059570 -0.032227
v -0.254883 0.124023 -0.040039
v -0.254883 0.114258 -0.041992
v -0.254883 0.114258 -0.049805
v -0.254883 0.114258 -0.049805
v -0.254883 0.114258 -0.041992
v -0.319336 0.114258 -0.041992
v -0.254883 0.125977 -0.049805
v -0.254883 0.124023 -0.040039
v -0.254883 0.114258 -0.049805
v -0.319336 0.114258 -0.041992
v -0.319336 0.114258 -0.049805
v -0.254883 0.114258 -0.049805
v -0.254883 0.114258 -0.049805
v -0.319336 0.114258 -0.049805
v -0.254883 0.125977 -0.049805
v -0.254883 0.114258 -0.041992
v -0.254883 0.124023 -0.040039
v -0.319336 0.114258 -0.041992
v -0.254883 0.120117 -0.041992
v -0.319336 0.120117 -0.041992
v -0.319336 0.129883 -0.036133
v -0.319336 0.120117 0.061523
v -0.319336 0.120117 -0.041992
v -0.254883 0.120117 -0.041992
v -0.319336 0.129883 -0.036133
v -0.254883 0.129883 -0.036133
v -0.254883 0.120117 -0.041992
v -0.254883 0.120117 -0.041992
v -0.254883 0.129883 -0.036133
v -0.254883 0.120117 0.061523
v -0.254883 0.120117 -0.041992
v -0.254883 0.120117 0.061523
v -0.319336 0.120117 0.061523
v -0.319336 0.124023 -0.040039
v -0.319336 0.114258 -0.041992
v -0.254883 0.124023 -0.040039
v -0.254883 0.125977 -0.049805
v -0.319336 0.124023 -0.040039
v -0.254883 0.124023 -0.040039
v -0.315430 0.118164 -0.032227
v -0.301758 0.118164 -0.030273
v -0.299805 0.118164 -0.040039
v -0.299805 0.118164 -0.040039
v -0.313477 0.118164 -0.041992
v -0.315430 0.118164 -0.032227
v -0.315430 0.118164 -0.032227
v -0.315430 0.059570 -0.032227
v -0.301758 0.118164 -0.030273
v -0.319336 0.059570 0.073242
v -0.319336 0.059570 -0.053711
v -0.319336 0.036133 -0.055664
v -0.319336 0.036133 -0.055664
v -0.319336 0.036133 0.071289
v -0.319336 0.059570 0.073242
v -0.319336 0.059570 0.073242
v -0.280273 0.059570 0.071289
v -0.319336 0.059570 -0.053711
v -0.313477 0.059570 -0.041992
v -0.315430 0.059570 -0.032227
v -0.315430 0.118164 -0.032227
v -0.315430 0.118164 -0.032227
v -0.313477 0.118164 -0.041992
v -0.313477 0.059570 -0.041992
v -0.319336 0.114258 -0.049805
v -0.319336 0.114258 -0.041992
v -0.319336 0.124023 -0.040039
v -0.319336 0.114258 -0.049805
v -0.319336 0.124023 -0.040039
v -0.319336 0.125977 -0.049805
v -0.319336 0.125977 -0.049805
v -0.254883 0.125977 -0.049805
v -0.319336 0.114258 -0.049805
v -0.319336 0.127930 0.055664
v -0.319336 0.129883 -0.036133
v -0.319336 0.120117 -0.041992
v -0.319336 0.120117 -0.041992
v -0.319336 0.120117 0.061523
v -0.319336 0.127930 0.055664
v -0.319336 0.124023 -0.040039
v -0.254883 0.125977 -0.049805
v -0.319336 0.125977 -0.049805
v -0.254883 0.129883 -0.036133
v -0.319336 0.129883 -0.036133
v -0.254883 0.127930 0.055664
v -0.254883 0.127930 0.055664
v -0.254883 0.120117 0.061523
v -0.254883 0.129883 -0.036133
v -0.319336 0.127930 0.055664
v -0.254883 0.127930 0.055664
v -0.319336 0.129883 -0.036133
v 0.381836 -0.424805 0.208008
v 0.274414 -0.409180 0.459961
v 0.188477 -0.401367 0.487305
v 0.381836 -0.424805 0.208008
v 0.188477 -0.401367 0.487305
v 0.180664 -0.374023 0.385742
v 0.215820 -0.399414 0.008789
v 0.213867 -0.399414 0.010742
v 0.215820 -0.399414 0.012695
v 0.213867 -0.311523 0.010742
v 0.213867 -0.399414 0.010742
v 0.215820 -0.399414 0.008789
v 0.215820 -0.399414 0.008789
v 0.215820 -0.399414 0.012695
v 0.219727 -0.399414 0.069336
v 0.215820 -0.399414 0.008789
v 0.215820 -0.311523 0.002930
v 0.215820 -0.311523 0.008789
v 0.215820 -0.399414 0.008789
v 0.215820 -0.311523 0.008789
v 0.213867 -0.311523 0.010742
v 0.213867 -0.311523 0.010742
v 0.215820 -0.399414 0.012695
v 0.213867 -0.399414 0.010742
v 0.215820 -0.399414 0.067383
v 0.219727 -0.399414 0.069336
v 0.215820 -0.399414 0.012695
v 0.215820 -0.311523 0.018555
v 0.215820 -0.399414 0.067383
v 0.215820 -0.399414 0.012695
v 0.215820 -0.399414 0.012695
v 0.213867 -0.311523 0.010742
v 0.215820 -0.311523 0.012695
v 0.215820 -0.399414 0.012695
v 0.215820 -0.311523 0.012695
v 0.215820 -0.311523 0.018555
v 0.219727 -0.333008 0.073242
v 0.219727 -0.403320 0.083008
v 0.219727 -0.399414 0.069336
v 0.219727 -0.399414 0.069336
v 0.215820 -0.399414 0.067383
v 0.215820 -0.399414 0.069336
v 0.219727 -0.399414 0.069336
v 0.215820 -0.399414 0.069336
v 0.215820 -0.333008 0.073242
v 0.215820 -0.333008 0.073242
v 0.219727 -0.333008 0.073242
v 0.219727 -0.399414 0.069336
v 0.200195 -0.331055 0.084961
v 0.200195 -0.403320 0.083008
v 0.219727 -0.403320 0.083008
v 0.219727 -0.403320 0.083008
v 0.219727 -0.333008 0.073242
v 0.219727 -0.331055 0.084961
v 0.219727 -0.403320 0.083008
v 0.219727 -0.331055 0.084961
v 0.200195 -0.331055 0.084961
v 0.215820 -0.333008 0.073242
v 0.215820 -0.399414 0.069336
v 0.215820 -0.399414 0.067383
v 0.215820 -0.399414 0.067383
v 0.215820 -0.311523 0.018555
v 0.215820 -0.311523 0.067383
v 0.215820 -0.311523 0.067383
v 0.215820 -0.333008 0.073242
v 0.215820 -0.399414 0.067383
v 0.200195 -0.403320 0.083008
v 0.200195 -0.331055 0.084961
v 0.200195 -0.301758 0.083008
v 0.200195 -0.403320 0.083008
v 0.200195 -0.301758 0.083008
v 0.200195 -0.276367 0.079102
v 0.200195 -0.403320 0.083008
v 0.200195 -0.276367 0.079102
v 0.200195 -0.239258 0.010742
v 0.219727 -0.250977 0.002930
v 0.219727 -0.250977 0.008789
v 0.215820 -0.250977 0.008789
v 0.219727 -0.239258 0.010742
v 0.219727 -0.250977 0.008789
v 0.219727 -0.250977 0.002930
v 0.215820 -0.250977 0.008789
v 0.215820 -0.250977 0.002930
v 0.219727 -0.250977 0.002930
v 0.219727 -0.250977 0.002930
v 0.219727 -0.239258 0.000977
v 0.219727 -0.239258 0.010742
v 0.219727 -0.250977 0.008789
v 0.219727 -0.250977 0.010742
v 0.215820 -0.250977 0.008789
v 0.219727 -0.239258 0.010742
v 0.219727 -0.250977 0.010742
v 0.219727 -0.250977 0.008789
v 0.219727 -0.250977 0.010742
v 0.219727 -0.250977 0.012695
v 0.215820 -0.250977 0.012695
v 0.219727 -0.239258 0.010742
v 0.219727 -0.250977 0.012695
v 0.219727 -0.250977 0.010742
v 0.213867 -0.250977 0.010742
v 0.215820 -0.250977 0.008789
v 0.219727 -0.250977 0.010742
v 0.215820 -0.250977 0.012695
v 0.213867 -0.250977 0.010742
v 0.219727 -0.250977 0.010742
v 0.219727 -0.250977 0.012695
v 0.219727 -0.250977 0.018555
v 0.215820 -0.250977 0.012695
v 0.219727 -0.239258 0.020508
v 0.219727 -0.250977 0.018555
v 0.219727 -0.250977 0.012695
v 0.219727 -0.250977 0.012695
v 0.219727 -0.239258 0.010742
v 0.219727 -0.239258 0.020508
v 0.215820 -0.250977 0.018555
v 0.215820 -0.250977 0.012695
v 0.219727 -0.250977 0.018555
v 0.219727 -0.254883 0.040039
v 0.215820 -0.250977 0.018555
v 0.219727 -0.250977 0.018555
v 0.219727 -0.245117 0.045898
v 0.219727 -0.254883 0.040039
v 0.219727 -0.250977 0.018555
v 0.219727 -0.250977 0.018555
v 0.219727 -0.239258 0.020508
v 0.219727 -0.245117 0.045898
v 0.215820 -0.311523 0.002930
v 0.209961 -0.311523 0.002930
v 0.215820 -0.256836 0.002930
v 0.215820 -0.256836 0.002930
v 0.215820 -0.311523 0.008789
v 0.215820 -0.311523 0.002930
v 0.209961 -0.256836 0.002930
v 0.215820 -0.256836 0.002930
v 0.209961 -0.311523 0.002930
v 0.213867 -0.256836 0.010742
v 0.213867 -0.311523 0.010742
v 0.215820 -0.311523 0.008789
v 0.215820 -0.311523 0.008789
v 0.215820 -0.256836 0.002930
v 0.215820 -0.256836 0.008789
v 0.215820 -0.311523 0.008789
v 0.215820 -0.256836 0.008789
v 0.213867 -0.256836 0.010742
v 0.213867 -0.256836 0.010742
v 0.215820 -0.311523 0.012695
v 0.213867 -0.311523 0.010742
v 0.215820 -0.256836 0.018555
v 0.215820 -0.311523 0.018555
v 0.215820 -0.311523 0.012695
v 0.215820 -0.311523 0.012695
v 0.213867 -0.256836 0.010742
v 0.215820 -0.256836 0.012695
v 0.215820 -0.311523 0.012695
v 0.215820 -0.256836 0.012695
v 0.215820 -0.256836 0.018555
v 0.215820 -0.256836 0.018555
v 0.209961 -0.311523 0.018555
v 0.215820 -0.311523 0.018555
v 0.215820 -0.311523 0.018555
v 0.209961 -0.311523 0.018555
v 0.209961 -0.311523 0.067383
v 0.209961 -0.311523 0.067383
v 0.215820 -0.311523 0.067383
v 0.215820 -0.311523 0.018555
v 0.209961 -0.311523 0.018555
v 0.215820 -0.256836 0.018555
v 0.209961 -0.256836 0.018555
v 0.209961 -0.311523 0.018555
v 0.209961 -0.256836 0.018555
v 0.209961 -0.260742 0.038086
v 0.209961 -0.311523 0.018555
v 0.209961 -0.260742 0.038086
v 0.209961 -0.272461 0.053711
v 0.209961 -0.311523 0.018555
v 0.209961 -0.272461 0.053711
v 0.209961 -0.288086 0.063477
v 0.209961 -0.307617 0.067383
v 0.209961 -0.311523 0.067383
v 0.209961 -0.311523 0.018555
v 0.209961 -0.288086 0.063477
v 0.209961 -0.307617 0.067383
v 0.209961 -0.311523 0.018555
v 0.215820 -0.256836 0.002930
v 0.215820 -0.250977 0.002930
v 0.215820 -0.256836 0.008789
v 0.215820 -0.250977 0.008789
v 0.215820 -0.256836 0.008789
v 0.215820 -0.250977 0.002930
v 0.215820 -0.256836 0.008789
v 0.215820 -0.250977 0.008789
v 0.213867 -0.250977 0.010742
v 0.213867 -0.250977 0.010742
v 0.213867 -0.256836 0.010742
v 0.215820 -0.256836 0.008789
v 0.213867 -0.256836 0.010742
v 0.213867 -0.250977 0.010742
v 0.215820 -0.256836 0.012695
v 0.215820 -0.250977 0.012695
v 0.215820 -0.256836 0.012695
v 0.213867 -0.250977 0.010742
v 0.215820 -0.256836 0.012695
v 0.215820 -0.250977 0.012695
v 0.215820 -0.250977 0.018555
v 0.215820 -0.250977 0.018555
v 0.215820 -0.256836 0.018555
v 0.215820 -0.256836 0.012695
v 0.215820 -0.256836 0.018555
v 0.215820 -0.250977 0.018555
v 0.215820 -0.254883 0.040039
v 0.215820 -0.260742 0.038086
v 0.209961 -0.256836 0.018555
v 0.215820 -0.256836 0.018555
v 0.215820 -0.254883 0.040039
v 0.215820 -0.260742 0.038086
v 0.215820 -0.256836 0.018555
v 0.215820 -0.250977 0.018555
v 0.219727 -0.254883 0.040039
v 0.215820 -0.254883 0.040039
v 0.209961 -0.256836 0.018555
v 0.215820 -0.260742 0.038086
v 0.209961 -0.260742 0.038086
v 0.219727 -0.254883 0.040039
v 0.219727 -0.266602 0.055664
v 0.215820 -0.254883 0.040039
v 0.219727 -0.245117 0.045898
v 0.219727 -0.266602 0.055664
v 0.219727 -0.254883 0.040039
v 0.215820 -0.266602 0.055664
v 0.215820 -0.254883 0.040039
v 0.219727 -0.266602 0.055664
v 0.215820 -0.284180 0.067383
v 0.215820 -0.266602 0.055664
v 0.219727 -0.266602 0.055664
v 0.219727 -0.276367 0.079102
v 0.219727 -0.284180 0.067383
v 0.219727 -0.266602 0.055664
v 0.219727 -0.266602 0.055664
v 0.219727 -0.284180 0.067383
v 0.215820 -0.284180 0.067383
v 0.219727 -0.266602 0.055664
v 0.219727 -0.256836 0.065430
v 0.219727 -0.276367 0.079102
v 0.219727 -0.245117 0.045898
v 0.219727 -0.256836 0.065430
v 0.219727 -0.266602 0.055664
v 0.215820 -0.272461 0.053711
v 0.209961 -0.260742 0.038086
v 0.215820 -0.260742 0.038086
v 0.215820 -0.260742 0.038086
v 0.215820 -0.254883 0.040039
v 0.215820 -0.266602 0.055664
v 0.215820 -0.266602 0.055664
v 0.215820 -0.272461 0.053711
v 0.215820 -0.260742 0.038086
v 0.209961 -0.260742 0.038086
v 0.215820 -0.272461 0.053711
v 0.209961 -0.272461 0.053711
v 0.209961 -0.288086 0.063477
v 0.209961 -0.272461 0.053711
v 0.215820 -0.272461 0.053711
v 0.215820 -0.272461 0.053711
v 0.215820 -0.266602 0.055664
v 0.215820 -0.284180 0.067383
v 0.215820 -0.284180 0.067383
v 0.215820 -0.288086 0.063477
v 0.215820 -0.272461 0.053711
v 0.215820 -0.272461 0.053711
v 0.215820 -0.288086 0.063477
v 0.209961 -0.288086 0.063477
v 0.219727 -0.305664 0.071289
v 0.219727 -0.331055 0.084961
v 0.219727 -0.333008 0.073242
v 0.219727 -0.333008 0.073242
v 0.215820 -0.333008 0.073242
v 0.215820 -0.305664 0.071289
v 0.215820 -0.305664 0.071289
v 0.219727 -0.305664 0.071289
v 0.219727 -0.333008 0.073242
v 0.200195 -0.301758 0.083008
v 0.200195 -0.331055 0.084961
v 0.219727 -0.331055 0.084961
v 0.219727 -0.331055 0.084961
v 0.219727 -0.305664 0.071289
v 0.219727 -0.301758 0.083008
v 0.219727 -0.331055 0.084961
v 0.219727 -0.301758 0.083008
v 0.200195 -0.301758 0.083008
v 0.215820 -0.333008 0.073242
v 0.215820 -0.311523 0.067383
v 0.215820 -0.305664 0.071289
v 0.219727 -0.305664 0.071289
v 0.219727 -0.284180 0.067383
v 0.219727 -0.301758 0.083008
v 0.215820 -0.284180 0.067383
v 0.219727 -0.284180 0.067383
v 0.219727 -0.305664 0.071289
v 0.219727 -0.305664 0.071289
v 0.215820 -0.305664 0.071289
v 0.215820 -0.284180 0.067383
v 0.219727 -0.276367 0.079102
v 0.219727 -0.301758 0.083008
v 0.219727 -0.284180 0.067383
v 0.219727 -0.301758 0.083008
v 0.219727 -0.276367 0.079102
v 0.200195 -0.276367 0.079102
v 0.200195 -0.276367 0.079102
v 0.200195 -0.301758 0.083008
v 0.219727 -0.301758 0.083008
v 0.200195 -0.276367 0.079102
v 0.219727 -0.276367 0.079102
v 0.219727 -0.256836 0.065430
v 0.219727 -0.256836 0.065430
v 0.200195 -0.256836 0.065430
v 0.200195 -0.276367 0.079102
v 0.219727 -0.245117 0.045898
v 0.200195 -0.256836 0.065430
v 0.219727 -0.256836 0.065430
v 0.209961 -0.307617 0.067383
v 0.215820 -0.307617 0.067383
v 0.215820 -0.311523 0.067383
v 0.215820 -0.311523 0.067383
v 0.215820 -0.307617 0.067383
v 0.215820 -0.305664 0.071289
v 0.215820 -0.311523 0.067383
v 0.209961 -0.311523 0.067383
v 0.209961 -0.307617 0.067383
v 0.215820 -0.307617 0.067383
v 0.209961 -0.307617 0.067383
v 0.209961 -0.288086 0.063477
v 0.215820 -0.284180 0.067383
v 0.215820 -0.305664 0.071289
v 0.215820 -0.307617 0.067383
v 0.215820 -0.307617 0.067383
v 0.215820 -0.288086 0.063477
v 0.215820 -0.284180 0.067383
v 0.209961 -0.288086 0.063477
v 0.215820 -0.288086 0.063477
v 0.215820 -0.307617 0.067383
v 0.200195 -0.239258 0.010742
v 0.200195 -0.276367 0.079102
v 0.200195 -0.256836 0.065430
v 0.200195 -0.245117 0.045898
v 0.200195 -0.239258 0.010742
v 0.200195 -0.256836 0.065430
v 0.200195 -0.256836 0.065430
v 0.219727 -0.245117 0.045898
v 0.200195 -0.245117 0.045898
v 0.204102 -0.323242 0.125977
v 0.190430 -0.317383 0.133789
v 0.190430 -0.317383 0.196289
v 0.204102 -0.241211 0.125977
v 0.190430 -0.317383 0.133789
v 0.204102 -0.323242 0.125977
v 0.204102 -0.323242 0.125977
v 0.190430 -0.317383 0.196289
v 0.204102 -0.323242 0.206055
v 0.204102 -0.323242 0.125977
v 0.204102 -0.323242 0.206055
v 0.202148 -0.405273 0.397461
v 0.190430 -0.317383 0.133789
v 0.190430 -0.250977 0.133789
v 0.190430 -0.317383 0.196289
v 0.204102 -0.241211 0.125977
v 0.190430 -0.250977 0.133789
v 0.190430 -0.317383 0.133789
v 0.215820 -0.366211 0.180664
v 0.180664 -0.374023 0.385742
v -0.012695 -0.372070 0.311523
v -0.012695 -0.372070 0.311523
v -0.012695 -0.366211 0.071289
v 0.215820 -0.366211 0.180664
v 0.190430 -0.250977 0.196289
v 0.190430 -0.317383 0.196289
v 0.190430 -0.250977 0.133789
v 0.204102 -0.241211 0.206055
v 0.190430 -0.250977 0.196289
v 0.190430 -0.250977 0.133789
v 0.190430 -0.250977 0.133789
v 0.204102 -0.241211 0.125977
v 0.204102 -0.241211 0.206055
v 0.190430 -0.250977 0.196289
v 0.204102 -0.323242 0.206055
v 0.190430 -0.317383 0.196289
v 0.204102 -0.323242 0.206055
v 0.190430 -0.250977 0.196289
v 0.204102 -0.241211 0.206055
v 0.204102 -0.323242 0.206055
v 0.204102 -0.241211 0.206055
v 0.204102 -0.163086 0.274414
v 0.204102 -0.163086 0.352539
v 0.202148 -0.405273 0.397461
v 0.204102 -0.323242 0.206055
v 0.204102 -0.323242 0.206055
v 0.204102 -0.163086 0.274414
v 0.204102 -0.163086 0.352539
v 0.200195 -0.239258 0.000977
v 0.219727 -0.239258 0.010742
v 0.219727 -0.239258 0.000977
v 0.200195 -0.239258 0.020508
v 0.219727 -0.239258 0.020508
v 0.219727 -0.239258 0.010742
v 0.219727 -0.239258 0.010742
v 0.200195 -0.239258 0.000977
v 0.200195 -0.239258 0.010742
v 0.219727 -0.239258 0.010742
v 0.200195 -0.239258 0.010742
v 0.200195 -0.239258 0.020508
v 0.219727 -0.239258 0.020508
v 0.200195 -0.239258 0.020508
v 0.200195 -0.245117 0.045898
v 0.200195 -0.245117 0.045898
v 0.219727 -0.245117 0.045898
v 0.219727 -0.239258 0.020508
v 0.200195 -0.245117 0.045898
v 0.200195 -0.239258 0.020508
v 0.200195 -0.239258 0.010742
v 0.231445 -0.166992 0.069336
v 0.233398 -0.166992 0.059570
v 0.245117 -0.166992 0.059570
v 0.245117 -0.166992 0.059570
v 0.233398 -0.166992 0.059570
v 0.233398 -0.112305 0.059570
v 0.245117 -0.166992 0.059570
v 0.243164 -0.166992 0.071289
v 0.231445 -0.166992 0.069336
v 0.245117 -0.112305 0.059570
v 0.243164 -0.166992 0.071289
v 0.245117 -0.166992 0.059570
v 0.233398 -0.112305 0.059570
v 0.245117 -0.112305 0.059570
v 0.245117 -0.166992 0.059570
v 0.233398 -0.166992 0.059570
v 0.231445 -0.166992 0.069336
v 0.231445 -0.112305 0.069336
v 0.231445 -0.112305 0.069336
v 0.233398 -0.112305 0.059570
v 0.233398 -0.166992 0.059570
v 0.190430 -0.043945 0.043945
v 0.204102 -0.163086 0.051758
v 0.190430 -0.163086 0.043945
v 0.204102 -0.163086 0.051758
v 0.190430 -0.043945 0.043945
v 0.204102 -0.034180 0.051758
v 0.204102 -0.163086 0.051758
v 0.204102 -0.034180 0.051758
v 0.204102 -0.165039 0.125977
v 0.211914 -0.165039 0.077148
v 0.211914 -0.190430 0.077148
v 0.247070 -0.190430 0.079102
v 0.247070 -0.190430 0.079102
v 0.249023 -0.165039 0.077148
v 0.211914 -0.165039 0.077148
v 0.211914 -0.190430 0.077148
v 0.211914 -0.165039 0.077148
v 0.180664 -0.190430 0.075195
v 0.249023 -0.190430 0.102539
v 0.211914 -0.190430 0.102539
v 0.249023 -0.165039 0.102539
v 0.211914 -0.190430 0.231445
v 0.211914 -0.190430 0.102539
v 0.249023 -0.190430 0.102539
v 0.249023 -0.190430 0.102539
v 0.249023 -0.165039 0.102539
v 0.247070 -0.190430 0.231445
v 0.249023 -0.190430 0.102539
v 0.247070 -0.190430 0.231445
v 0.211914 -0.190430 0.231445
v 0.211914 -0.165039 0.102539
v 0.249023 -0.165039 0.102539
v 0.211914 -0.190430 0.102539
v 0.180664 -0.168945 0.102539
v 0.211914 -0.165039 0.102539
v 0.211914 -0.190430 0.102539
v 0.211914 -0.190430 0.102539
v 0.180664 -0.190430 0.102539
v 0.180664 -0.168945 0.102539
v 0.211914 -0.190430 0.231445
v 0.180664 -0.190430 0.102539
v 0.211914 -0.190430 0.102539
v 0.243164 -0.112305 0.071289
v 0.231445 -0.166992 0.069336
v 0.243164 -0.166992 0.071289
v 0.243164 -0.166992 0.071289
v 0.245117 -0.112305 0.059570
v 0.243164 -0.112305 0.071289
v 0.231445 -0.166992 0.069336
v 0.243164 -0.112305 0.071289
v 0.231445 -0.112305 0.069336
v 0.180664 -0.166992 0.075195
v 0.180664 -0.190430 0.075195
v 0.211914 -0.165039 0.077148
v 0.249023 -0.165039 0.102539
v 0.211914 -0.165039 0.102539
v 0.249023 -0.165039 0.231445
v 0.249023 -0.165039 0.231445
v 0.247070 -0.190430 0.231445
v 0.249023 -0.165039 0.102539
v 0.245117 -0.166992 0.110352
v 0.243164 -0.166992 0.122070
v 0.231445 -0.166992 0.122070
v 0.245117 -0.112305 0.110352
v 0.243164 -0.166992 0.122070
v 0.245117 -0.166992 0.110352
v 0.231445 -0.166992 0.122070
v 0.233398 -0.166992 0.110352
v 0.245117 -0.166992 0.110352
v 0.245117 -0.166992 0.110352
v 0.233398 -0.166992 0.110352
v 0.233398 -0.112305 0.110352
v 0.233398 -0.112305 0.110352
v 0.245117 -0.112305 0.110352
v 0.245117 -0.166992 0.110352
v 0.243164 -0.112305 0.122070
v 0.231445 -0.166992 0.122070
v 0.243164 -0.166992 0.122070
v 0.243164 -0.166992 0.122070
v 0.245117 -0.112305 0.110352
v 0.243164 -0.112305 0.122070
v 0.233398 -0.166992 0.110352
v 0.231445 -0.166992 0.122070
v 0.231445 -0.112305 0.122070
v 0.231445 -0.112305 0.122070
v 0.233398 -0.112305 0.110352
v 0.233398 -0.166992 0.110352
v 0.231445 -0.166992 0.122070
v 0.243164 -0.112305 0.122070
v 0.231445 -0.112305 0.122070
v 0.211914 -0.165039 0.102539
v 0.180664 -0.168945 0.102539
v 0.180664 -0.166992 0.229492
v 0.211914 -0.165039 0.231445
v 0.249023 -0.165039 0.231445
v 0.211914 -0.165039 0.102539
v 0.180664 -0.166992 0.229492
v 0.211914 -0.165039 0.231445
v 0.211914 -0.165039 0.102539
v 0.180664 -0.166992 0.229492
v 0.180664 -0.168945 0.102539
v 0.180664 -0.190430 0.102539
v 0.180664 -0.190430 0.102539
v 0.211914 -0.190430 0.231445
v 0.180664 -0.190430 0.231445
v 0.180664 -0.190430 0.102539
v 0.180664 -0.190430 0.231445
v 0.180664 -0.166992 0.229492
v 0.245117 -0.112305 0.059570
v 0.233398 -0.112305 0.059570
v 0.231445 -0.112305 0.069336
v 0.231445 -0.112305 0.069336
v 0.243164 -0.112305 0.071289
v 0.245117 -0.112305 0.059570
v 0.249023 -0.102539 0.059570
v 0.192383 -0.102539 0.059570
v 0.192383 -0.108398 0.067383
v 0.192383 -0.108398 0.067383
v 0.249023 -0.108398 0.067383
v 0.249023 -0.102539 0.059570
v 0.204102 -0.034180 0.125977
v 0.204102 -0.165039 0.125977
v 0.204102 -0.034180 0.051758
v 0.204102 0.065430 0.125977
v 0.204102 -0.034180 0.125977
v 0.204102 -0.034180 0.051758
v 0.204102 -0.034180 0.051758
v 0.204102 0.065430 0.051758
v 0.204102 0.065430 0.125977
v 0.249023 -0.106445 0.075195
v 0.249023 -0.116211 0.075195
v 0.249023 -0.116211 0.065430
v 0.249023 -0.116211 0.065430
v 0.249023 -0.116211 0.075195
v 0.192383 -0.116211 0.065430
v 0.249023 -0.116211 0.065430
v 0.249023 -0.108398 0.065430
v 0.249023 -0.106445 0.075195
v 0.192383 -0.108398 0.065430
v 0.249023 -0.108398 0.065430
v 0.249023 -0.116211 0.065430
v 0.249023 -0.116211 0.065430
v 0.192383 -0.116211 0.065430
v 0.192383 -0.108398 0.065430
v 0.249023 -0.116211 0.075195
v 0.249023 -0.106445 0.075195
v 0.192383 -0.106445 0.075195
v 0.192383 -0.116211 0.075195
v 0.192383 -0.116211 0.065430
v 0.249023 -0.116211 0.075195
v 0.192383 -0.106445 0.075195
v 0.192383 -0.116211 0.075195
v 0.249023 -0.116211 0.075195
v 0.192383 -0.106445 0.075195
v 0.249023 -0.106445 0.075195
v 0.249023 -0.108398 0.065430
v 0.249023 -0.108398 0.065430
v 0.192383 -0.108398 0.065430
v 0.192383 -0.106445 0.075195
v 0.192383 -0.116211 0.065430
v 0.192383 -0.116211 0.075195
v 0.192383 -0.108398 0.065430
v 0.192383 -0.106445 0.075195
v 0.192383 -0.108398 0.065430
v 0.192383 -0.116211 0.075195
v 0.249023 -0.116211 0.104492
v 0.249023 -0.106445 0.104492
v 0.249023 -0.108398 0.112305
v 0.192383 -0.106445 0.104492
v 0.249023 -0.106445 0.104492
v 0.249023 -0.116211 0.104492
v 0.249023 -0.108398 0.112305
v 0.249023 -0.116211 0.112305
v 0.249023 -0.116211 0.104492
v 0.249023 -0.116211 0.104492
v 0.249023 -0.116211 0.112305
v 0.192383 -0.116211 0.104492
v 0.249023 -0.116211 0.104492
v 0.192383 -0.116211 0.104492
v 0.192383 -0.106445 0.104492
v 0.192383 -0.106445 0.104492
v 0.249023 -0.108398 0.112305
v 0.249023 -0.106445 0.104492
v 0.249023 -0.116211 0.112305
v 0.249023 -0.108398 0.112305
v 0.192383 -0.108398 0.112305
v 0.192383 -0.116211 0.112305
v 0.192383 -0.116211 0.104492
v 0.249023 -0.116211 0.112305
v 0.192383 -0.108398 0.112305
v 0.192383 -0.116211 0.112305
v 0.249023 -0.116211 0.112305
v 0.192383 -0.110352 0.112305
v 0.249023 -0.102539 0.120117
v 0.249023 -0.110352 0.112305
v 0.249023 -0.110352 0.112305
v 0.249023 -0.102539 0.120117
v 0.249023 -0.102539 0.211914
v 0.249023 -0.110352 0.219727
v 0.192383 -0.110352 0.112305
v 0.249023 -0.110352 0.112305
v 0.249023 -0.110352 0.112305
v 0.249023 -0.102539 0.211914
v 0.249023 -0.110352 0.219727
v 0.231445 -0.112305 0.122070
v 0.243164 -0.112305 0.122070
v 0.245117 -0.112305 0.110352
v 0.245117 -0.112305 0.110352
v 0.233398 -0.112305 0.110352
v 0.231445 -0.112305 0.122070
v 0.249023 -0.108398 0.112305
v 0.192383 -0.106445 0.104492
v 0.192383 -0.108398 0.112305
v 0.249023 -0.102539 0.120117
v 0.192383 -0.110352 0.112305
v 0.192383 -0.102539 0.120117
v 0.249023 -0.102539 0.120117
v 0.192383 -0.102539 0.120117
v 0.249023 -0.102539 0.211914
v 0.192383 -0.108398 0.112305
v 0.192383 -0.106445 0.104492
v 0.192383 -0.116211 0.104492
v 0.192383 -0.116211 0.104492
v 0.192383 -0.116211 0.112305
v 0.192383 -0.108398 0.112305
v 0.192383 -0.110352 0.219727
v 0.192383 -0.102539 0.120117
v 0.192383 -0.110352 0.112305
v 0.192383 -0.110352 0.112305
v 0.249023 -0.110352 0.219727
v 0.192383 -0.110352 0.219727
v 0.192383 -0.102539 0.211914
v 0.249023 -0.102539 0.211914
v 0.192383 -0.102539 0.120117
v 0.192383 -0.110352 0.219727
v 0.192383 -0.102539 0.211914
v 0.192383 -0.102539 0.120117
v 0.204102 -0.241211 0.125977
v 0.204102 -0.165039 0.125977
v 0.204102 -0.165039 0.206055
v 0.204102 -0.165039 0.206055
v 0.204102 -0.241211 0.206055
v 0.204102 -0.241211 0.125977
v 0.204102 -0.165039 0.125977
v 0.190430 -0.163086 0.135742
v 0.190430 -0.163086 0.196289
v 0.204102 -0.034180 0.125977
v 0.190430 -0.163086 0.135742
v 0.204102 -0.165039 0.125977
v 0.204102 -0.165039 0.125977
v 0.190430 -0.163086 0.196289
v 0.204102 -0.165039 0.206055
v 0.190430 -0.043945 0.135742
v 0.190430 -0.163086 0.196289
v 0.190430 -0.163086 0.135742
v 0.190430 -0.163086 0.135742
v 0.204102 -0.034180 0.125977
v 0.190430 -0.043945 0.135742
v 0.204102 -0.241211 0.206055
v 0.204102 -0.165039 0.206055
v 0.204102 -0.163086 0.274414
v 0.211914 -0.165039 0.231445
v 0.211914 -0.190430 0.231445
v 0.247070 -0.190430 0.231445
v 0.247070 -0.190430 0.231445
v 0.249023 -0.165039 0.231445
v 0.211914 -0.165039 0.231445
v 0.211914 -0.190430 0.231445
v 0.211914 -0.165039 0.231445
v 0.180664 -0.190430 0.231445
v 0.231445 -0.166992 0.223633
v 0.233398 -0.166992 0.211914
v 0.245117 -0.166992 0.211914
v 0.245117 -0.166992 0.211914
v 0.233398 -0.166992 0.211914
v 0.233398 -0.112305 0.211914
v 0.245117 -0.166992 0.211914
v 0.243164 -0.166992 0.223633
v 0.231445 -0.166992 0.223633
v 0.245117 -0.112305 0.211914
v 0.243164 -0.166992 0.223633
v 0.245117 -0.166992 0.211914
v 0.233398 -0.112305 0.211914
v 0.245117 -0.112305 0.211914
v 0.245117 -0.166992 0.211914
v 0.233398 -0.166992 0.211914
v 0.231445 -0.166992 0.223633
v 0.231445 -0.112305 0.223633
v 0.231445 -0.112305 0.223633
v 0.233398 -0.112305 0.211914
v 0.233398 -0.166992 0.211914
v 0.190430 -0.043945 0.196289
v 0.204102 -0.165039 0.206055
v 0.190430 -0.163086 0.196289
v 0.190430 -0.163086 0.196289
v 0.190430 -0.043945 0.135742
v 0.190430 -0.043945 0.196289
v 0.204102 -0.165039 0.206055
v 0.190430 -0.043945 0.196289
v 0.204102 -0.034180 0.204102
v 0.204102 -0.165039 0.206055
v 0.204102 -0.034180 0.204102
v 0.204102 -0.034180 0.276367
v 0.204102 -0.034180 0.276367
v 0.204102 -0.163086 0.274414
v 0.204102 -0.165039 0.206055
v 0.243164 -0.112305 0.223633
v 0.231445 -0.166992 0.223633
v 0.243164 -0.166992 0.223633
v 0.243164 -0.166992 0.223633
v 0.245117 -0.112305 0.211914
v 0.243164 -0.112305 0.223633
v 0.231445 -0.166992 0.223633
v 0.243164 -0.112305 0.223633
v 0.231445 -0.112305 0.223633
v 0.180664 -0.166992 0.229492
v 0.180664 -0.190430 0.231445
v 0.211914 -0.165039 0.231445
v 0.204102 -0.034180 0.204102
v 0.190430 -0.043945 0.135742
v 0.204102 -0.034180 0.125977
v 0.204102 0.065430 0.204102
v 0.204102 -0.034180 0.204102
v 0.204102 -0.034180 0.125977
v 0.204102 -0.034180 0.125977
v 0.204102 0.065430 0.125977
v 0.204102 0.065430 0.204102
v 0.204102 -0.034180 0.204102
v 0.190430 -0.043945 0.196289
v 0.190430 -0.043945 0.135742
v 0.245117 -0.112305 0.211914
v 0.233398 -0.112305 0.211914
v 0.231445 -0.112305 0.223633
v 0.231445 -0.112305 0.223633
v 0.243164 -0.112305 0.223633
v 0.245117 -0.112305 0.211914
v 0.249023 -0.102539 0.211914
v 0.192383 -0.102539 0.211914
v 0.192383 -0.110352 0.219727
v 0.192383 -0.110352 0.219727
v 0.249023 -0.110352 0.219727
v 0.249023 -0.102539 0.211914
v 0.249023 -0.116211 0.219727
v 0.192383 -0.108398 0.217773
v 0.249023 -0.108398 0.217773
v 0.249023 -0.108398 0.217773
v 0.192383 -0.108398 0.217773
v 0.192383 -0.108398 0.227539
v 0.249023 -0.108398 0.227539
v 0.249023 -0.116211 0.219727
v 0.249023 -0.108398 0.217773
v 0.192383 -0.108398 0.227539
v 0.249023 -0.108398 0.227539
v 0.249023 -0.108398 0.217773
v 0.192383 -0.108398 0.217773
v 0.249023 -0.116211 0.219727
v 0.192383 -0.116211 0.219727
v 0.192383 -0.108398 0.217773
v 0.192383 -0.116211 0.219727
v 0.192383 -0.116211 0.227539
v 0.192383 -0.108398 0.217773
v 0.192383 -0.116211 0.227539
v 0.192383 -0.108398 0.227539
v 0.249023 -0.108398 0.227539
v 0.249023 -0.116211 0.227539
v 0.249023 -0.116211 0.219727
v 0.249023 -0.116211 0.219727
v 0.249023 -0.116211 0.227539
v 0.192383 -0.116211 0.219727
v 0.249023 -0.116211 0.227539
v 0.249023 -0.108398 0.227539
v 0.192383 -0.108398 0.227539
v 0.192383 -0.116211 0.227539
v 0.192383 -0.116211 0.219727
v 0.249023 -0.116211 0.227539
v 0.192383 -0.108398 0.227539
v 0.192383 -0.116211 0.227539
v 0.249023 -0.116211 0.227539
v 0.204102 0.065430 0.204102
v 0.204102 -0.034180 0.276367
v 0.204102 -0.034180 0.204102
v 0.202148 -0.405273 0.397461
v 0.204102 -0.163086 0.352539
v 0.204102 0.065430 0.356445
v 0.202148 -0.405273 0.397461
v 0.114258 -0.170898 0.399414
v 0.022461 -0.172852 0.399414
v 0.114258 0.061523 0.399414
v 0.114258 -0.170898 0.399414
v 0.202148 -0.405273 0.397461
v 0.202148 -0.405273 0.397461
v 0.022461 -0.172852 0.399414
v -0.084961 -0.170898 0.399414
v 0.204102 0.204102 0.354492
v 0.250977 0.280273 0.397461
v 0.202148 -0.405273 0.397461
v 0.202148 -0.405273 0.397461
v 0.250977 0.280273 0.397461
v 0.114258 0.061523 0.399414
v 0.202148 -0.405273 0.397461
v 0.204102 0.065430 0.356445
v 0.204102 0.204102 0.354492
v 0.202148 -0.405273 0.397461
v -0.084961 -0.170898 0.399414
v -0.252930 -0.405273 0.397461
v 0.032227 -0.397461 0.499023
v 0.180664 -0.374023 0.385742
v 0.188477 -0.401367 0.487305
v 0.180664 -0.374023 0.385742
v 0.032227 -0.397461 0.499023
v -0.012695 -0.372070 0.311523
v -0.125977 -0.409180 0.487305
v -0.012695 -0.372070 0.311523
v 0.032227 -0.397461 0.499023
v 0.249023 -0.190430 0.250977
v 0.211914 -0.190430 0.252930
v 0.249023 -0.166992 0.250977
v 0.211914 -0.190430 0.374023
v 0.211914 -0.190430 0.252930
v 0.249023 -0.190430 0.250977
v 0.249023 -0.190430 0.250977
v 0.249023 -0.166992 0.250977
v 0.249023 -0.165039 0.375977
v 0.247070 -0.188477 0.375977
v 0.211914 -0.190430 0.374023
v 0.249023 -0.190430 0.250977
v 0.249023 -0.165039 0.375977
v 0.247070 -0.188477 0.375977
v 0.249023 -0.190430 0.250977
v 0.211914 -0.165039 0.250977
v 0.249023 -0.166992 0.250977
v 0.211914 -0.190430 0.252930
v 0.180664 -0.168945 0.250977
v 0.211914 -0.165039 0.250977
v 0.211914 -0.190430 0.252930
v 0.211914 -0.190430 0.252930
v 0.180664 -0.190430 0.252930
v 0.180664 -0.168945 0.250977
v 0.211914 -0.190430 0.374023
v 0.180664 -0.190430 0.252930
v 0.211914 -0.190430 0.252930
v 0.249023 -0.166992 0.250977
v 0.211914 -0.165039 0.250977
v 0.249023 -0.165039 0.375977
v 0.233398 -0.166992 0.266602
v 0.233398 -0.166992 0.256836
v 0.245117 -0.166992 0.256836
v 0.245117 -0.166992 0.256836
v 0.233398 -0.166992 0.256836
v 0.233398 -0.112305 0.256836
v 0.245117 -0.112305 0.256836
v 0.243164 -0.166992 0.266602
v 0.245117 -0.166992 0.256836
v 0.233398 -0.112305 0.256836
v 0.245117 -0.112305 0.256836
v 0.245117 -0.166992 0.256836
v 0.233398 -0.166992 0.256836
v 0.233398 -0.166992 0.266602
v 0.233398 -0.112305 0.266602
v 0.233398 -0.112305 0.266602
v 0.233398 -0.112305 0.256836
v 0.233398 -0.166992 0.256836
v 0.243164 -0.166992 0.266602
v 0.245117 -0.112305 0.256836
v 0.243164 -0.112305 0.266602
v 0.233398 -0.112305 0.266602
v 0.233398 -0.166992 0.266602
v 0.243164 -0.166992 0.268555
v 0.243164 -0.166992 0.268555
v 0.243164 -0.112305 0.266602
v 0.233398 -0.112305 0.266602
v 0.211914 -0.165039 0.250977
v 0.180664 -0.168945 0.250977
v 0.180664 -0.166992 0.372070
v 0.180664 -0.166992 0.372070
v 0.211914 -0.165039 0.374023
v 0.211914 -0.165039 0.250977
v 0.211914 -0.165039 0.250977
v 0.211914 -0.165039 0.374023
v 0.249023 -0.165039 0.375977
v 0.204102 -0.163086 0.274414
v 0.192383 -0.163086 0.284180
v 0.192383 -0.163086 0.344727
v 0.204102 -0.034180 0.276367
v 0.192383 -0.163086 0.284180
v 0.204102 -0.163086 0.274414
v 0.192383 -0.163086 0.344727
v 0.204102 -0.163086 0.352539
v 0.204102 -0.163086 0.274414
v 0.241211 -0.166992 0.297852
v 0.241211 -0.166992 0.305664
v 0.233398 -0.166992 0.305664
v 0.239258 0.063477 0.295898
v 0.241211 -0.166992 0.305664
v 0.241211 -0.166992 0.297852
v 0.233398 -0.166992 0.305664
v 0.233398 -0.166992 0.297852
v 0.241211 -0.166992 0.297852
v 0.241211 -0.166992 0.297852
v 0.233398 -0.166992 0.297852
v 0.239258 0.063477 0.295898
v 0.239258 0.063477 0.303711
v 0.233398 -0.166992 0.305664
v 0.241211 -0.166992 0.305664
v 0.241211 -0.166992 0.305664
v 0.239258 0.063477 0.295898
v 0.239258 0.063477 0.303711
v 0.233398 -0.166992 0.297852
v 0.233398 -0.166992 0.305664
v 0.231445 0.063477 0.303711
v 0.231445 0.063477 0.295898
v 0.239258 0.063477 0.295898
v 0.233398 -0.166992 0.297852
v 0.231445 0.063477 0.303711
v 0.231445 0.063477 0.295898
v 0.233398 -0.166992 0.297852
v 0.233398 -0.166992 0.305664
v 0.239258 0.063477 0.303711
v 0.231445 0.063477 0.303711
v 0.192383 -0.043945 0.284180
v 0.192383 -0.163086 0.344727
v 0.192383 -0.163086 0.284180
v 0.192383 -0.163086 0.284180
v 0.204102 -0.034180 0.276367
v 0.192383 -0.043945 0.284180
v 0.180664 -0.166992 0.372070
v 0.180664 -0.168945 0.250977
v 0.180664 -0.190430 0.252930
v 0.180664 -0.190430 0.252930
v 0.211914 -0.190430 0.374023
v 0.180664 -0.190430 0.374023
v 0.180664 -0.190430 0.252930
v 0.180664 -0.190430 0.374023
v 0.180664 -0.166992 0.372070
v 0.211914 -0.190430 0.374023
v 0.211914 -0.165039 0.374023
v 0.180664 -0.190430 0.374023
v 0.247070 -0.188477 0.375977
v 0.211914 -0.165039 0.374023
v 0.211914 -0.190430 0.374023
v 0.241211 -0.166992 0.313477
v 0.241211 -0.166992 0.321289
v 0.233398 -0.166992 0.313477
v 0.239258 0.063477 0.313477
v 0.241211 -0.166992 0.321289
v 0.241211 -0.166992 0.313477
v 0.241211 -0.166992 0.313477
v 0.233398 -0.166992 0.313477
v 0.231445 0.063477 0.313477
v 0.231445 0.063477 0.313477
v 0.239258 0.063477 0.313477
v 0.241211 -0.166992 0.313477
v 0.233398 -0.166992 0.321289
v 0.233398 -0.166992 0.313477
v 0.241211 -0.166992 0.321289
v 0.239258 0.063477 0.321289
v 0.233398 -0.166992 0.321289
v 0.241211 -0.166992 0.321289
v 0.241211 -0.166992 0.321289
v 0.239258 0.063477 0.313477
v 0.239258 0.063477 0.321289
v 0.241211 -0.166992 0.334961
v 0.233398 -0.166992 0.327148
v 0.241211 -0.166992 0.327148
v 0.241211 -0.166992 0.327148
v 0.233398 -0.166992 0.327148
v 0.239258 0.063477 0.327148
v 0.239258 0.063477 0.327148
v 0.241211 -0.166992 0.334961
v 0.241211 -0.166992 0.327148
v 0.233398 -0.166992 0.313477
v 0.233398 -0.166992 0.321289
v 0.233398 0.063477 0.321289
v 0.233398 0.063477 0.321289
v 0.231445 0.063477 0.313477
v 0.233398 -0.166992 0.313477
v 0.233398 -0.166992 0.321289
v 0.239258 0.063477 0.321289
v 0.233398 0.063477 0.321289
v 0.233398 -0.166992 0.327148
v 0.241211 -0.166992 0.334961
v 0.233398 -0.166992 0.334961
v 0.233398 -0.166992 0.327148
v 0.233398 -0.166992 0.334961
v 0.233398 0.063477 0.334961
v 0.233398 0.063477 0.327148
v 0.239258 0.063477 0.327148
v 0.233398 -0.166992 0.327148
v 0.233398 0.063477 0.334961
v 0.233398 0.063477 0.327148
v 0.233398 -0.166992 0.327148
v 0.239258 0.063477 0.334961
v 0.233398 -0.166992 0.334961
v 0.241211 -0.166992 0.334961
v 0.241211 -0.166992 0.334961
v 0.239258 0.063477 0.327148
v 0.239258 0.063477 0.334961
v 0.233398 -0.166992 0.334961
v 0.239258 0.063477 0.334961
v 0.233398 0.063477 0.334961
v 0.233398 -0.166992 0.368164
v 0.233398 -0.166992 0.356445
v 0.245117 -0.166992 0.358398
v 0.245117 -0.166992 0.358398
v 0.233398 -0.166992 0.356445
v 0.233398 -0.112305 0.356445
v 0.245117 -0.166992 0.358398
v 0.243164 -0.166992 0.368164
v 0.233398 -0.166992 0.368164
v 0.245117 -0.112305 0.358398
v 0.243164 -0.166992 0.368164
v 0.245117 -0.166992 0.358398
v 0.233398 -0.112305 0.356445
v 0.245117 -0.112305 0.358398
v 0.245117 -0.166992 0.358398
v 0.233398 -0.166992 0.356445
v 0.233398 -0.166992 0.368164
v 0.233398 -0.112305 0.368164
v 0.233398 -0.112305 0.368164
v 0.233398 -0.112305 0.356445
v 0.233398 -0.166992 0.356445
v 0.243164 -0.112305 0.368164
v 0.233398 -0.166992 0.368164
v 0.243164 -0.166992 0.368164
v 0.243164 -0.166992 0.368164
v 0.245117 -0.112305 0.358398
v 0.243164 -0.112305 0.368164
v 0.233398 -0.166992 0.368164
v 0.243164 -0.112305 0.368164
v 0.233398 -0.112305 0.368164
v 0.204102 -0.163086 0.352539
v 0.192383 -0.163086 0.344727
v 0.192383 -0.043945 0.344727
v 0.192383 -0.043945 0.344727
v 0.204102 -0.034180 0.352539
v 0.204102 -0.163086 0.352539
v 0.204102 -0.163086 0.352539
v 0.204102 -0.034180 0.352539
v 0.204102 0.065430 0.356445
v 0.192383 -0.163086 0.344727
v 0.192383 -0.043945 0.284180
v 0.192383 -0.043945 0.344727
v 0.180664 -0.166992 0.372070
v 0.180664 -0.190430 0.374023
v 0.211914 -0.165039 0.374023
v 0.211914 -0.165039 0.374023
v 0.247070 -0.188477 0.375977
v 0.249023 -0.165039 0.375977
v 0.249023 -0.106445 0.258789
v 0.249023 -0.116211 0.258789
v 0.249023 -0.116211 0.250977
v 0.249023 -0.116211 0.250977
v 0.249023 -0.116211 0.258789
v 0.192383 -0.116211 0.250977
v 0.249023 -0.116211 0.250977
v 0.249023 -0.104492 0.250977
v 0.249023 -0.106445 0.258789
v 0.192383 -0.104492 0.250977
v 0.249023 -0.104492 0.250977
v 0.249023 -0.116211 0.250977
v 0.249023 -0.116211 0.250977
v 0.192383 -0.116211 0.250977
v 0.192383 -0.104492 0.250977
v 0.245117 -0.112305 0.256836
v 0.233398 -0.112305 0.256836
v 0.233398 -0.112305 0.266602
v 0.233398 -0.112305 0.266602
v 0.243164 -0.112305 0.266602
v 0.245117 -0.112305 0.256836
v 0.249023 -0.116211 0.258789
v 0.249023 -0.106445 0.258789
v 0.192383 -0.106445 0.258789
v 0.192383 -0.116211 0.258789
v 0.192383 -0.116211 0.250977
v 0.249023 -0.116211 0.258789
v 0.192383 -0.106445 0.258789
v 0.192383 -0.116211 0.258789
v 0.249023 -0.116211 0.258789
v 0.192383 -0.104492 0.250977
v 0.249023 -0.106445 0.258789
v 0.249023 -0.104492 0.250977
v 0.192383 -0.110352 0.258789
v 0.249023 -0.102539 0.266602
v 0.249023 -0.108398 0.258789
v 0.249023 -0.108398 0.258789
v 0.249023 -0.102539 0.266602
v 0.249023 -0.102539 0.356445
v 0.249023 -0.108398 0.364258
v 0.192383 -0.110352 0.258789
v 0.249023 -0.108398 0.258789
v 0.249023 -0.108398 0.258789
v 0.249023 -0.102539 0.356445
v 0.249023 -0.108398 0.364258
v 0.249023 -0.106445 0.258789
v 0.192383 -0.104492 0.250977
v 0.192383 -0.106445 0.258789
v 0.249023 -0.102539 0.266602
v 0.192383 -0.110352 0.258789
v 0.192383 -0.102539 0.266602
v 0.249023 -0.102539 0.266602
v 0.192383 -0.102539 0.266602
v 0.249023 -0.102539 0.356445
v 0.192383 -0.116211 0.250977
v 0.192383 -0.116211 0.258789
v 0.192383 -0.106445 0.258789
v 0.192383 -0.106445 0.258789
v 0.192383 -0.104492 0.250977
v 0.192383 -0.116211 0.250977
v 0.192383 -0.108398 0.364258
v 0.192383 -0.102539 0.266602
v 0.192383 -0.110352 0.258789
v 0.192383 -0.110352 0.258789
v 0.249023 -0.108398 0.364258
v 0.192383 -0.108398 0.364258
v 0.192383 -0.100586 0.356445
v 0.249023 -0.102539 0.356445
v 0.192383 -0.102539 0.266602
v 0.192383 -0.108398 0.364258
v 0.192383 -0.100586 0.356445
v 0.192383 -0.102539 0.266602
v 0.204102 -0.034180 0.352539
v 0.192383 -0.043945 0.284180
v 0.204102 -0.034180 0.276367
v 0.204102 0.065430 0.272461
v 0.204102 -0.034180 0.352539
v 0.204102 -0.034180 0.276367
v 0.204102 -0.034180 0.276367
v 0.204102 0.065430 0.204102
v 0.204102 0.065430 0.272461
v 0.192383 -0.043945 0.284180
v 0.204102 -0.034180 0.352539
v 0.192383 -0.043945 0.344727
v 0.245117 -0.112305 0.358398
v 0.233398 -0.112305 0.356445
v 0.233398 -0.112305 0.368164
v 0.233398 -0.112305 0.368164
v 0.243164 -0.112305 0.368164
v 0.245117 -0.112305 0.358398
v 0.192383 -0.108398 0.364258
v 0.249023 -0.108398 0.364258
v 0.249023 -0.102539 0.356445
v 0.249023 -0.102539 0.356445
v 0.192383 -0.100586 0.356445
v 0.192383 -0.108398 0.364258
v 0.249023 -0.106445 0.374023
v 0.249023 -0.116211 0.374023
v 0.249023 -0.116211 0.364258
v 0.249023 -0.116211 0.364258
v 0.249023 -0.116211 0.374023
v 0.192383 -0.116211 0.364258
v 0.249023 -0.116211 0.364258
v 0.249023 -0.106445 0.364258
v 0.249023 -0.106445 0.374023
v 0.192383 -0.116211 0.364258
v 0.249023 -0.106445 0.364258
v 0.249023 -0.116211 0.364258
v 0.249023 -0.116211 0.374023
v 0.249023 -0.106445 0.374023
v 0.192383 -0.106445 0.374023
v 0.192383 -0.116211 0.374023
v 0.192383 -0.116211 0.364258
v 0.249023 -0.116211 0.374023
v 0.192383 -0.106445 0.374023
v 0.192383 -0.116211 0.374023
v 0.249023 -0.116211 0.374023
v 0.192383 -0.106445 0.374023
v 0.249023 -0.106445 0.374023
v 0.249023 -0.106445 0.364258
v 0.249023 -0.106445 0.364258
v 0.192383 -0.116211 0.364258
v 0.192383 -0.106445 0.364258
v 0.249023 -0.106445 0.364258
v 0.192383 -0.106445 0.364258
v 0.192383 -0.106445 0.374023
v 0.192383 -0.116211 0.364258
v 0.192383 -0.116211 0.374023
v 0.192383 -0.106445 0.364258
v 0.192383 -0.106445 0.374023
v 0.192383 -0.106445 0.364258
v 0.192383 -0.116211 0.374023
v 0.204102 -0.034180 0.352539
v 0.204102 0.065430 0.272461
v 0.204102 0.065430 0.356445
v 0.137695 -0.172852 0.381836
v 0.137695 -0.194336 0.411133
v 0.135742 -0.194336 0.381836
v 0.135742 -0.194336 0.381836
v 0.137695 -0.194336 0.411133
v -0.006836 -0.194336 0.411133
v -0.004883 -0.194336 0.381836
v 0.137695 -0.172852 0.381836
v 0.135742 -0.194336 0.381836
v -0.006836 -0.194336 0.411133
v -0.004883 -0.194336 0.381836
v 0.135742 -0.194336 0.381836
v 0.137695 -0.194336 0.411133
v 0.137695 -0.172852 0.381836
v 0.137695 -0.170898 0.411133
v 0.137695 -0.194336 0.411133
v 0.137695 -0.170898 0.411133
v 0.139648 -0.194336 0.444336
v 0.137695 -0.194336 0.411133
v 0.139648 -0.194336 0.444336
v -0.008789 -0.194336 0.444336
v -0.008789 -0.194336 0.444336
v -0.006836 -0.194336 0.411133
v 0.137695 -0.194336 0.411133
v 0.114258 -0.170898 0.399414
v 0.137695 -0.170898 0.411133
v 0.137695 -0.172852 0.381836
v 0.137695 -0.172852 0.381836
v 0.108398 -0.170898 0.381836
v 0.114258 -0.170898 0.399414
v 0.137695 -0.172852 0.381836
v -0.004883 -0.194336 0.381836
v -0.006836 -0.172852 0.381836
v 0.139648 -0.170898 0.444336
v 0.139648 -0.194336 0.444336
v 0.137695 -0.170898 0.411133
v -0.006836 -0.170898 0.411133
v 0.139648 -0.170898 0.444336
v 0.137695 -0.170898 0.411133
v 0.137695 -0.170898 0.411133
v 0.114258 -0.170898 0.399414
v 0.022461 -0.172852 0.399414
v 0.137695 -0.170898 0.411133
v 0.022461 -0.172852 0.399414
v -0.006836 -0.170898 0.411133
v 0.125977 -0.170898 0.430664
v 0.125977 -0.170898 0.440430
v 0.116211 -0.170898 0.440430
v 0.124023 -0.116211 0.430664
v 0.125977 -0.170898 0.440430
v 0.125977 -0.170898 0.430664
v 0.116211 -0.170898 0.440430
v 0.116211 -0.170898 0.430664
v 0.125977 -0.170898 0.430664
v 0.125977 -0.170898 0.430664
v 0.116211 -0.170898 0.430664
v 0.112305 -0.116211 0.430664
v 0.112305 -0.116211 0.430664
v 0.124023 -0.116211 0.430664
v 0.125977 -0.170898 0.430664
v 0.139648 -0.194336 0.444336
v 0.139648 -0.170898 0.444336
v -0.008789 -0.194336 0.444336
v 0.139648 -0.170898 0.444336
v -0.006836 -0.170898 0.411133
v -0.008789 -0.170898 0.444336
v -0.008789 -0.170898 0.444336
v -0.008789 -0.194336 0.444336
v 0.139648 -0.170898 0.444336
v 0.124023 -0.116211 0.440430
v 0.116211 -0.170898 0.440430
v 0.125977 -0.170898 0.440430
v 0.125977 -0.170898 0.440430
v 0.124023 -0.116211 0.430664
v 0.124023 -0.116211 0.440430
v 0.133789 -0.118164 0.444336
v 0.131836 -0.118164 0.393555
v 0.133789 -0.110352 0.393555
v 0.133789 -0.110352 0.393555
v 0.131836 -0.118164 0.393555
v 0.122070 -0.110352 0.393555
v 0.133789 -0.110352 0.444336
v 0.133789 -0.118164 0.444336
v 0.133789 -0.110352 0.393555
v 0.124023 -0.110352 0.444336
v 0.133789 -0.110352 0.444336
v 0.133789 -0.110352 0.393555
v 0.133789 -0.110352 0.393555
v 0.122070 -0.110352 0.393555
v 0.124023 -0.110352 0.444336
v 0.131836 -0.118164 0.393555
v 0.133789 -0.118164 0.444336
v 0.122070 -0.118164 0.393555
v 0.131836 -0.118164 0.393555
v 0.122070 -0.118164 0.393555
v 0.122070 -0.110352 0.393555
v 0.133789 -0.118164 0.444336
v 0.133789 -0.110352 0.444336
v 0.124023 -0.110352 0.444336
v 0.122070 -0.118164 0.444336
v 0.122070 -0.118164 0.393555
v 0.133789 -0.118164 0.444336
v 0.124023 -0.110352 0.444336
v 0.122070 -0.118164 0.444336
v 0.133789 -0.118164 0.444336
v 0.026367 -0.172852 0.383789
v 0.114258 -0.170898 0.399414
v 0.108398 -0.170898 0.381836
v 0.108398 -0.170898 0.381836
v 0.114258 -0.170898 0.399414
v 0.108398 0.061523 0.381836
v 0.026367 0.059570 0.383789
v 0.026367 -0.172852 0.383789
v 0.108398 -0.170898 0.381836
v -0.006836 -0.172852 0.381836
v 0.026367 -0.172852 0.383789
v 0.108398 -0.170898 0.381836
v 0.108398 -0.170898 0.381836
v 0.108398 0.061523 0.381836
v 0.026367 0.059570 0.383789
v 0.114258 -0.170898 0.399414
v 0.026367 -0.172852 0.383789
v 0.022461 -0.172852 0.399414
v 0.114258 0.061523 0.399414
v 0.108398 0.061523 0.381836
v 0.114258 -0.170898 0.399414
v 0.116211 -0.170898 0.430664
v 0.116211 -0.170898 0.440430
v 0.112305 -0.116211 0.438477
v 0.112305 -0.116211 0.438477
v 0.112305 -0.116211 0.430664
v 0.116211 -0.170898 0.430664
v 0.096680 -0.170898 0.434570
v 0.094727 -0.170898 0.428711
v 0.102539 -0.170898 0.428711
v 0.102539 -0.170898 0.428711
v 0.094727 -0.170898 0.428711
v 0.094727 -0.114258 0.430664
v 0.102539 -0.170898 0.428711
v 0.102539 -0.170898 0.434570
v 0.096680 -0.170898 0.434570
v 0.100586 -0.114258 0.428711
v 0.102539 -0.170898 0.434570
v 0.102539 -0.170898 0.428711
v 0.094727 -0.114258 0.430664
v 0.100586 -0.114258 0.428711
v 0.102539 -0.170898 0.428711
v 0.094727 -0.170898 0.428711
v 0.096680 -0.170898 0.434570
v 0.094727 -0.114258 0.436523
v 0.094727 -0.114258 0.436523
v 0.094727 -0.114258 0.430664
v 0.094727 -0.170898 0.428711
v 0.100586 -0.114258 0.434570
v 0.096680 -0.170898 0.434570
v 0.102539 -0.170898 0.434570
v 0.102539 -0.170898 0.434570
v 0.100586 -0.114258 0.428711
v 0.100586 -0.114258 0.434570
v 0.094727 -0.170898 0.432617
v 0.094727 -0.170898 0.436523
v 0.088867 -0.170898 0.438477
v 0.092773 -0.114258 0.430664
v 0.094727 -0.170898 0.436523
v 0.094727 -0.170898 0.432617
v 0.088867 -0.170898 0.438477
v 0.086914 -0.170898 0.432617
v 0.094727 -0.170898 0.432617
v 0.094727 -0.170898 0.432617
v 0.086914 -0.170898 0.432617
v 0.084961 -0.114258 0.432617
v 0.084961 -0.114258 0.432617
v 0.092773 -0.114258 0.430664
v 0.094727 -0.170898 0.432617
v 0.096680 -0.170898 0.434570
v 0.100586 -0.114258 0.434570
v 0.094727 -0.114258 0.436523
v 0.092773 -0.114258 0.438477
v 0.088867 -0.170898 0.438477
v 0.094727 -0.170898 0.436523
v 0.094727 -0.170898 0.436523
v 0.092773 -0.114258 0.430664
v 0.092773 -0.114258 0.438477
v 0.086914 -0.170898 0.432617
v 0.088867 -0.170898 0.438477
v 0.086914 -0.114258 0.438477
v 0.086914 -0.114258 0.438477
v 0.084961 -0.114258 0.432617
v 0.086914 -0.170898 0.432617
v 0.075195 -0.170898 0.440430
v 0.077148 -0.170898 0.432617
v 0.081055 -0.170898 0.436523
v 0.081055 -0.170898 0.436523
v 0.077148 -0.170898 0.432617
v 0.079102 -0.114258 0.434570
v 0.079102 -0.114258 0.440430
v 0.075195 -0.170898 0.440430
v 0.081055 -0.170898 0.436523
v 0.081055 -0.170898 0.436523
v 0.079102 -0.114258 0.434570
v 0.079102 -0.114258 0.440430
v 0.075195 -0.170898 0.440430
v 0.071289 -0.170898 0.436523
v 0.077148 -0.170898 0.432617
v 0.077148 -0.170898 0.432617
v 0.071289 -0.170898 0.436523
v 0.079102 -0.114258 0.434570
v 0.071289 -0.170898 0.436523
v 0.075195 -0.170898 0.440430
v 0.075195 -0.114258 0.440430
v 0.073242 -0.114258 0.436523
v 0.079102 -0.114258 0.434570
v 0.071289 -0.170898 0.436523
v 0.075195 -0.114258 0.440430
v 0.073242 -0.114258 0.436523
v 0.071289 -0.170898 0.436523
v 0.026367 0.059570 0.383789
v 0.022461 -0.172852 0.399414
v 0.026367 -0.172852 0.383789
v -0.006836 -0.172852 0.381836
v 0.022461 -0.172852 0.399414
v 0.026367 -0.172852 0.383789
v 0.022461 -0.172852 0.399414
v 0.026367 0.059570 0.383789
v 0.020508 0.059570 0.399414
v 0.022461 -0.172852 0.399414
v 0.020508 0.059570 0.399414
v -0.084961 -0.170898 0.399414
v 0.022461 -0.172852 0.399414
v -0.006836 -0.172852 0.381836
v -0.006836 -0.170898 0.411133
v 0.059570 -0.170898 0.440430
v 0.055664 -0.170898 0.432617
v 0.061523 -0.170898 0.432617
v 0.061523 -0.170898 0.432617
v 0.055664 -0.170898 0.432617
v 0.057617 -0.114258 0.432617
v 0.061523 -0.170898 0.432617
v 0.061523 -0.170898 0.438477
v 0.059570 -0.170898 0.440430
v 0.063477 -0.114258 0.432617
v 0.061523 -0.170898 0.438477
v 0.061523 -0.170898 0.432617
v 0.057617 -0.114258 0.432617
v 0.063477 -0.114258 0.432617
v 0.061523 -0.170898 0.432617
v 0.055664 -0.170898 0.432617
v 0.059570 -0.170898 0.440430
v 0.057617 -0.114258 0.438477
v 0.057617 -0.114258 0.438477
v 0.057617 -0.114258 0.432617
v 0.055664 -0.170898 0.432617
v 0.045898 -0.170898 0.438477
v 0.041992 -0.170898 0.432617
v 0.049805 -0.170898 0.432617
v 0.049805 -0.170898 0.432617
v 0.041992 -0.170898 0.432617
v 0.045898 -0.114258 0.432617
v 0.049805 -0.170898 0.432617
v 0.047852 -0.170898 0.438477
v 0.045898 -0.170898 0.438477
v 0.045898 -0.114258 0.432617
v 0.047852 -0.170898 0.438477
v 0.049805 -0.170898 0.432617
v 0.041992 -0.170898 0.432617
v 0.045898 -0.170898 0.438477
v 0.040039 -0.114258 0.438477
v 0.040039 -0.114258 0.432617
v 0.045898 -0.114258 0.432617
v 0.041992 -0.170898 0.432617
v 0.040039 -0.114258 0.438477
v 0.040039 -0.114258 0.432617
v 0.041992 -0.170898 0.432617
v 0.026367 -0.170898 0.440430
v 0.024414 -0.170898 0.434570
v 0.032227 -0.170898 0.432617
v 0.032227 -0.170898 0.432617
v 0.024414 -0.170898 0.434570
v 0.022461 -0.114258 0.432617
v 0.032227 -0.170898 0.432617
v 0.032227 -0.170898 0.438477
v 0.026367 -0.170898 0.440430
v 0.028320 -0.114258 0.432617
v 0.032227 -0.170898 0.438477
v 0.032227 -0.170898 0.432617
v 0.022461 -0.114258 0.432617
v 0.028320 -0.114258 0.432617
v 0.032227 -0.170898 0.432617
v 0.024414 -0.170898 0.434570
v 0.026367 -0.170898 0.440430
v 0.022461 -0.114258 0.440430
v 0.022461 -0.114258 0.440430
v 0.022461 -0.114258 0.432617
v 0.024414 -0.170898 0.434570
v 0.014648 -0.170898 0.440430
v 0.002930 -0.170898 0.430664
v 0.014648 -0.170898 0.430664
v 0.014648 -0.170898 0.430664
v 0.002930 -0.170898 0.430664
v 0.002930 -0.114258 0.430664
v 0.014648 -0.114258 0.430664
v 0.014648 -0.170898 0.440430
v 0.014648 -0.170898 0.430664
v 0.002930 -0.114258 0.430664
v 0.014648 -0.114258 0.430664
v 0.014648 -0.170898 0.430664
v 0.002930 -0.170898 0.430664
v 0.014648 -0.170898 0.440430
v 0.002930 -0.170898 0.440430
v 0.002930 -0.170898 0.430664
v 0.002930 -0.170898 0.440430
v 0.002930 -0.114258 0.440430
v 0.002930 -0.114258 0.440430
v 0.002930 -0.114258 0.430664
v 0.002930 -0.170898 0.430664
v 0.116211 -0.170898 0.440430
v 0.124023 -0.116211 0.440430
v 0.112305 -0.116211 0.438477
v 0.088867 -0.170898 0.438477
v 0.092773 -0.114258 0.438477
v 0.086914 -0.114258 0.438477
v 0.075195 -0.170898 0.440430
v 0.079102 -0.114258 0.440430
v 0.075195 -0.114258 0.440430
v 0.063477 -0.114258 0.438477
v 0.059570 -0.170898 0.440430
v 0.061523 -0.170898 0.438477
v 0.061523 -0.170898 0.438477
v 0.063477 -0.114258 0.432617
v 0.063477 -0.114258 0.438477
v 0.059570 -0.170898 0.440430
v 0.063477 -0.114258 0.438477
v 0.057617 -0.114258 0.438477
v 0.045898 -0.114258 0.438477
v 0.045898 -0.170898 0.438477
v 0.047852 -0.170898 0.438477
v 0.047852 -0.170898 0.438477
v 0.045898 -0.114258 0.432617
v 0.045898 -0.114258 0.438477
v 0.045898 -0.170898 0.438477
v 0.045898 -0.114258 0.438477
v 0.040039 -0.114258 0.438477
v 0.028320 -0.114258 0.438477
v 0.026367 -0.170898 0.440430
v 0.032227 -0.170898 0.438477
v 0.032227 -0.170898 0.438477
v 0.028320 -0.114258 0.432617
v 0.028320 -0.114258 0.438477
v 0.026367 -0.170898 0.440430
v 0.028320 -0.114258 0.438477
v 0.022461 -0.114258 0.440430
v 0.014648 -0.114258 0.440430
v 0.002930 -0.170898 0.440430
v 0.014648 -0.170898 0.440430
v 0.014648 -0.170898 0.440430
v 0.014648 -0.114258 0.430664
v 0.014648 -0.114258 0.440430
v 0.002930 -0.170898 0.440430
v 0.014648 -0.114258 0.440430
v 0.002930 -0.114258 0.440430
v 0.122070 -0.118164 0.444336
v 0.122070 -0.110352 0.393555
v 0.122070 -0.118164 0.393555
v 0.002930 -0.112305 0.393555
v 0.114258 -0.104492 0.393555
v 0.122070 -0.112305 0.393555
v 0.122070 -0.112305 0.393555
v 0.114258 -0.104492 0.393555
v 0.114258 -0.106445 0.444336
v 0.002930 -0.112305 0.444336
v 0.002930 -0.112305 0.393555
v 0.122070 -0.112305 0.393555
v 0.114258 -0.106445 0.444336
v 0.122070 -0.112305 0.444336
v 0.122070 -0.112305 0.393555
v 0.122070 -0.112305 0.393555
v 0.122070 -0.112305 0.444336
v 0.002930 -0.112305 0.444336
v 0.122070 -0.110352 0.393555
v 0.122070 -0.118164 0.444336
v 0.124023 -0.110352 0.444336
v 0.114258 -0.104492 0.393555
v 0.002930 -0.112305 0.393555
v 0.008789 -0.104492 0.393555
v 0.114258 -0.104492 0.393555
v 0.008789 -0.104492 0.393555
v 0.114258 -0.106445 0.444336
v 0.124023 -0.116211 0.430664
v 0.112305 -0.116211 0.430664
v 0.124023 -0.116211 0.440430
v 0.112305 -0.116211 0.438477
v 0.124023 -0.116211 0.440430
v 0.112305 -0.116211 0.430664
v 0.100586 -0.114258 0.428711
v 0.094727 -0.114258 0.430664
v 0.094727 -0.114258 0.436523
v 0.094727 -0.114258 0.436523
v 0.100586 -0.114258 0.434570
v 0.100586 -0.114258 0.428711
v 0.092773 -0.114258 0.430664
v 0.084961 -0.114258 0.432617
v 0.086914 -0.114258 0.438477
v 0.086914 -0.114258 0.438477
v 0.092773 -0.114258 0.438477
v 0.092773 -0.114258 0.430664
v 0.079102 -0.114258 0.434570
v 0.073242 -0.114258 0.436523
v 0.079102 -0.114258 0.440430
v 0.075195 -0.114258 0.440430
v 0.079102 -0.114258 0.440430
v 0.073242 -0.114258 0.436523
v 0.063477 -0.114258 0.432617
v 0.057617 -0.114258 0.432617
v 0.057617 -0.114258 0.438477
v 0.057617 -0.114258 0.438477
v 0.063477 -0.114258 0.438477
v 0.063477 -0.114258 0.432617
v 0.002930 -0.118164 0.393555
v 0.004883 -0.108398 0.393555
v 0.004883 -0.110352 0.444336
v -0.004883 -0.118164 0.393555
v 0.004883 -0.108398 0.393555
v 0.002930 -0.118164 0.393555
v 0.004883 -0.110352 0.444336
v 0.002930 -0.118164 0.444336
v 0.002930 -0.118164 0.393555
v 0.002930 -0.118164 0.393555
v 0.002930 -0.118164 0.444336
v -0.006836 -0.118164 0.444336
v -0.006836 -0.118164 0.444336
v -0.004883 -0.118164 0.393555
v 0.002930 -0.118164 0.393555
v 0.002930 -0.112305 0.444336
v 0.008789 -0.104492 0.393555
v 0.002930 -0.112305 0.393555
v 0.008789 -0.104492 0.444336
v 0.114258 -0.106445 0.444336
v 0.008789 -0.104492 0.393555
v 0.008789 -0.104492 0.393555
v 0.002930 -0.112305 0.444336
v 0.008789 -0.104492 0.444336
v -0.004883 -0.106445 0.393555
v 0.004883 -0.110352 0.444336
v 0.004883 -0.108398 0.393555
v 0.004883 -0.108398 0.393555
v -0.004883 -0.118164 0.393555
v -0.004883 -0.106445 0.393555
v 0.045898 -0.114258 0.432617
v 0.040039 -0.114258 0.432617
v 0.040039 -0.114258 0.438477
v 0.040039 -0.114258 0.438477
v 0.045898 -0.114258 0.438477
v 0.045898 -0.114258 0.432617
v 0.028320 -0.114258 0.432617
v 0.022461 -0.114258 0.432617
v 0.022461 -0.114258 0.440430
v 0.022461 -0.114258 0.440430
v 0.028320 -0.114258 0.438477
v 0.028320 -0.114258 0.432617
v 0.014648 -0.114258 0.430664
v 0.002930 -0.114258 0.430664
v 0.014648 -0.114258 0.440430
v 0.002930 -0.114258 0.440430
v 0.014648 -0.114258 0.440430
v 0.002930 -0.114258 0.430664
v 0.122070 -0.112305 0.444336
v 0.114258 -0.106445 0.444336
v 0.002930 -0.112305 0.444336
v 0.008789 -0.104492 0.444336
v 0.002930 -0.112305 0.444336
v 0.114258 -0.106445 0.444336
v 0.002930 -0.118164 0.444336
v 0.004883 -0.110352 0.444336
v -0.006836 -0.106445 0.444336
v -0.006836 -0.106445 0.444336
v -0.006836 -0.118164 0.444336
v 0.002930 -0.118164 0.444336
v 0.004883 -0.110352 0.444336
v -0.004883 -0.106445 0.393555
v -0.006836 -0.106445 0.444336
v 0.239258 0.063477 0.002930
v 0.239258 0.063477 0.008789
v 0.233398 0.063477 0.008789
v 0.237305 0.120117 0.000977
v 0.239258 0.063477 0.008789
v 0.239258 0.063477 0.002930
v 0.233398 0.063477 0.008789
v 0.233398 0.063477 0.002930
v 0.239258 0.063477 0.002930
v 0.239258 0.063477 0.002930
v 0.233398 0.063477 0.002930
v 0.237305 0.120117 0.000977
v 0.237305 0.120117 0.006836
v 0.233398 0.063477 0.008789
v 0.239258 0.063477 0.008789
v 0.239258 0.063477 0.008789
v 0.237305 0.120117 0.000977
v 0.237305 0.120117 0.006836
v 0.233398 0.063477 0.002930
v 0.233398 0.063477 0.008789
v 0.231445 0.120117 0.006836
v 0.231445 0.120117 0.000977
v 0.237305 0.120117 0.000977
v 0.233398 0.063477 0.002930
v 0.231445 0.120117 0.006836
v 0.231445 0.120117 0.000977
v 0.233398 0.063477 0.002930
v 0.233398 0.063477 0.008789
v 0.237305 0.120117 0.006836
v 0.231445 0.120117 0.006836
v 0.239258 0.063477 0.020508
v 0.239258 0.063477 0.028320
v 0.233398 0.063477 0.020508
v 0.237305 0.120117 0.020508
v 0.239258 0.063477 0.028320
v 0.239258 0.063477 0.020508
v 0.239258 0.063477 0.020508
v 0.233398 0.063477 0.020508
v 0.231445 0.120117 0.020508
v 0.231445 0.120117 0.020508
v 0.237305 0.120117 0.020508
v 0.239258 0.063477 0.020508
v 0.233398 0.063477 0.028320
v 0.233398 0.063477 0.020508
v 0.239258 0.063477 0.028320
v 0.237305 0.120117 0.026367
v 0.233398 0.063477 0.028320
v 0.239258 0.063477 0.028320
v 0.239258 0.063477 0.028320
v 0.237305 0.120117 0.020508
v 0.237305 0.120117 0.026367
v 0.233398 0.063477 0.020508
v 0.233398 0.063477 0.028320
v 0.231445 0.120117 0.020508
v 0.233398 0.063477 0.028320
v 0.237305 0.120117 0.026367
v 0.231445 0.120117 0.026367
v 0.231445 0.120117 0.026367
v 0.231445 0.120117 0.020508
v 0.233398 0.063477 0.028320
v 0.231445 0.120117 0.006836
v 0.237305 0.120117 0.006836
v 0.237305 0.120117 0.000977
v 0.237305 0.120117 0.000977
v 0.231445 0.120117 0.000977
v 0.231445 0.120117 0.006836
v 0.231445 0.120117 0.026367
v 0.237305 0.120117 0.026367
v 0.237305 0.120117 0.020508
v 0.237305 0.120117 0.020508
v 0.231445 0.120117 0.020508
v 0.231445 0.120117 0.026367
v 0.239258 0.063477 0.040039
v 0.239258 0.063477 0.045898
v 0.233398 0.063477 0.045898
v 0.239258 0.122070 0.038086
v 0.239258 0.063477 0.045898
v 0.239258 0.063477 0.040039
v 0.233398 0.063477 0.045898
v 0.233398 0.063477 0.040039
v 0.239258 0.063477 0.040039
v 0.239258 0.063477 0.040039
v 0.233398 0.063477 0.040039
v 0.231445 0.122070 0.038086
v 0.231445 0.122070 0.038086
v 0.239258 0.122070 0.038086
v 0.239258 0.063477 0.040039
v 0.239258 0.122070 0.045898
v 0.233398 0.063477 0.045898
v 0.239258 0.063477 0.045898
v 0.239258 0.063477 0.045898
v 0.239258 0.122070 0.038086
v 0.239258 0.122070 0.045898
v 0.233398 0.063477 0.040039
v 0.233398 0.063477 0.045898
v 0.231445 0.122070 0.045898
v 0.231445 0.122070 0.045898
v 0.231445 0.122070 0.038086
v 0.233398 0.063477 0.040039
v 0.233398 0.063477 0.045898
v 0.239258 0.122070 0.045898
v 0.231445 0.122070 0.045898
v 0.245117 0.063477 0.059570
v 0.233398 0.063477 0.059570
v 0.233398 0.118164 0.059570
v 0.231445 0.063477 0.069336
v 0.233398 0.063477 0.059570
v 0.245117 0.063477 0.059570
v 0.233398 0.118164 0.059570
v 0.245117 0.118164 0.059570
v 0.245117 0.063477 0.059570
v 0.245117 0.063477 0.059570
v 0.245117 0.118164 0.059570
v 0.243164 0.063477 0.071289
v 0.245117 0.063477 0.059570
v 0.243164 0.063477 0.071289
v 0.231445 0.063477 0.069336
v 0.231445 0.118164 0.069336
v 0.233398 0.118164 0.059570
v 0.233398 0.063477 0.059570
v 0.233398 0.063477 0.059570
v 0.231445 0.063477 0.069336
v 0.231445 0.118164 0.069336
v 0.231445 0.122070 0.045898
v 0.239258 0.122070 0.045898
v 0.239258 0.122070 0.038086
v 0.239258 0.122070 0.038086
v 0.231445 0.122070 0.038086
v 0.231445 0.122070 0.045898
v 0.245117 0.118164 0.059570
v 0.233398 0.118164 0.059570
v 0.231445 0.118164 0.069336
v 0.243164 0.118164 0.071289
v 0.243164 0.063477 0.071289
v 0.245117 0.118164 0.059570
v 0.231445 0.118164 0.069336
v 0.243164 0.118164 0.071289
v 0.245117 0.118164 0.059570
v 0.190430 0.194336 0.043945
v 0.204102 0.065430 0.051758
v 0.190430 0.065430 0.043945
v 0.204102 0.065430 0.051758
v 0.190430 0.194336 0.043945
v 0.204102 0.204102 0.051758
v 0.204102 0.065430 0.051758
v 0.204102 0.204102 0.051758
v 0.204102 0.065430 0.125977
v 0.211914 0.063477 0.077148
v 0.211914 0.040039 0.077148
v 0.247070 0.040039 0.077148
v 0.247070 0.040039 0.077148
v 0.249023 0.063477 0.077148
v 0.211914 0.063477 0.077148
v 0.211914 0.040039 0.077148
v 0.211914 0.063477 0.077148
v 0.180664 0.040039 0.075195
v 0.249023 0.040039 0.104492
v 0.211914 0.040039 0.104492
v 0.249023 0.063477 0.104492
v 0.211914 0.040039 0.229492
v 0.211914 0.040039 0.104492
v 0.249023 0.040039 0.104492
v 0.249023 0.040039 0.104492
v 0.249023 0.063477 0.104492
v 0.247070 0.040039 0.231445
v 0.249023 0.040039 0.104492
v 0.247070 0.040039 0.231445
v 0.211914 0.040039 0.229492
v 0.211914 0.063477 0.104492
v 0.249023 0.063477 0.104492
v 0.211914 0.040039 0.104492
v 0.180664 0.061523 0.104492
v 0.211914 0.063477 0.104492
v 0.211914 0.040039 0.104492
v 0.211914 0.040039 0.104492
v 0.180664 0.040039 0.104492
v 0.180664 0.061523 0.104492
v 0.211914 0.040039 0.229492
v 0.180664 0.040039 0.104492
v 0.211914 0.040039 0.104492
v 0.243164 0.118164 0.071289
v 0.231445 0.063477 0.069336
v 0.243164 0.063477 0.071289
v 0.231445 0.063477 0.069336
v 0.243164 0.118164 0.071289
v 0.231445 0.118164 0.069336
v 0.249023 0.112305 0.067383
v 0.249023 0.122070 0.067383
v 0.249023 0.122070 0.075195
v 0.192383 0.122070 0.067383
v 0.249023 0.122070 0.067383
v 0.249023 0.112305 0.067383
v 0.249023 0.122070 0.075195
v 0.249023 0.112305 0.075195
v 0.249023 0.112305 0.067383
v 0.249023 0.112305 0.067383
v 0.249023 0.112305 0.075195
v 0.192383 0.114258 0.067383
v 0.249023 0.112305 0.067383
v 0.192383 0.114258 0.067383
v 0.192383 0.122070 0.067383
v 0.249023 0.127930 0.059570
v 0.192383 0.120117 0.067383
v 0.249023 0.120117 0.067383
v 0.192383 0.122070 0.075195
v 0.249023 0.122070 0.075195
v 0.249023 0.122070 0.067383
v 0.249023 0.122070 0.067383
v 0.192383 0.122070 0.067383
v 0.192383 0.122070 0.075195
v 0.249023 0.112305 0.075195
v 0.249023 0.122070 0.075195
v 0.192383 0.122070 0.075195
v 0.192383 0.114258 0.075195
v 0.192383 0.114258 0.067383
v 0.249023 0.112305 0.075195
v 0.192383 0.122070 0.075195
v 0.192383 0.114258 0.075195
v 0.249023 0.112305 0.075195
v 0.180664 0.061523 0.075195
v 0.180664 0.040039 0.075195
v 0.211914 0.063477 0.077148
v 0.192383 0.114258 0.075195
v 0.192383 0.122070 0.067383
v 0.192383 0.114258 0.067383
v 0.192383 0.120117 0.067383
v 0.249023 0.127930 0.059570
v 0.192383 0.127930 0.059570
v 0.192383 0.122070 0.067383
v 0.192383 0.114258 0.075195
v 0.192383 0.122070 0.075195
v 0.249023 0.063477 0.104492
v 0.211914 0.063477 0.104492
v 0.249023 0.063477 0.229492
v 0.249023 0.063477 0.229492
v 0.247070 0.040039 0.231445
v 0.249023 0.063477 0.104492
v 0.245117 0.063477 0.110352
v 0.243164 0.063477 0.122070
v 0.231445 0.063477 0.122070
v 0.245117 0.118164 0.110352
v 0.243164 0.063477 0.122070
v 0.245117 0.063477 0.110352
v 0.231445 0.063477 0.122070
v 0.233398 0.063477 0.110352
v 0.245117 0.063477 0.110352
v 0.245117 0.063477 0.110352
v 0.233398 0.063477 0.110352
v 0.233398 0.118164 0.110352
v 0.233398 0.118164 0.110352
v 0.245117 0.118164 0.110352
v 0.245117 0.063477 0.110352
v 0.243164 0.118164 0.122070
v 0.231445 0.063477 0.122070
v 0.243164 0.063477 0.122070
v 0.243164 0.063477 0.122070
v 0.245117 0.118164 0.110352
v 0.243164 0.118164 0.122070
v 0.233398 0.063477 0.110352
v 0.231445 0.063477 0.122070
v 0.231445 0.118164 0.122070
v 0.231445 0.118164 0.122070
v 0.233398 0.118164 0.110352
v 0.233398 0.063477 0.110352
v 0.231445 0.063477 0.122070
v 0.243164 0.118164 0.122070
v 0.231445 0.118164 0.122070
v 0.249023 0.112305 0.106445
v 0.249023 0.124023 0.106445
v 0.249023 0.122070 0.114258
v 0.192383 0.124023 0.106445
v 0.249023 0.124023 0.106445
v 0.249023 0.112305 0.106445
v 0.249023 0.122070 0.114258
v 0.249023 0.112305 0.114258
v 0.249023 0.112305 0.106445
v 0.249023 0.112305 0.106445
v 0.249023 0.112305 0.114258
v 0.192383 0.112305 0.106445
v 0.249023 0.112305 0.106445
v 0.192383 0.112305 0.106445
v 0.192383 0.124023 0.106445
v 0.192383 0.124023 0.106445
v 0.249023 0.122070 0.114258
v 0.249023 0.124023 0.106445
v 0.249023 0.112305 0.114258
v 0.249023 0.122070 0.114258
v 0.192383 0.122070 0.114258
v 0.192383 0.112305 0.114258
v 0.192383 0.112305 0.106445
v 0.249023 0.112305 0.114258
v 0.192383 0.122070 0.114258
v 0.192383 0.112305 0.114258
v 0.249023 0.112305 0.114258
v 0.231445 0.118164 0.122070
v 0.243164 0.118164 0.122070
v 0.245117 0.118164 0.110352
v 0.245117 0.118164 0.110352
v 0.233398 0.118164 0.110352
v 0.231445 0.118164 0.122070
v 0.249023 0.120117 0.114258
v 0.192383 0.120117 0.114258
v 0.249023 0.127930 0.122070
v 0.249023 0.120117 0.219727
v 0.192383 0.120117 0.114258
v 0.249023 0.120117 0.114258
v 0.249023 0.120117 0.114258
v 0.249023 0.127930 0.122070
v 0.249023 0.127930 0.213867
v 0.249023 0.127930 0.213867
v 0.249023 0.120117 0.219727
v 0.249023 0.120117 0.114258
v 0.249023 0.122070 0.114258
v 0.192383 0.124023 0.106445
v 0.192383 0.122070 0.114258
v 0.211914 0.063477 0.104492
v 0.180664 0.061523 0.104492
v 0.180664 0.061523 0.227539
v 0.211914 0.063477 0.229492
v 0.249023 0.063477 0.229492
v 0.211914 0.063477 0.104492
v 0.180664 0.061523 0.227539
v 0.211914 0.063477 0.229492
v 0.211914 0.063477 0.104492
v 0.192383 0.122070 0.114258
v 0.192383 0.124023 0.106445
v 0.192383 0.112305 0.106445
v 0.192383 0.112305 0.106445
v 0.192383 0.112305 0.114258
v 0.192383 0.122070 0.114258
v 0.192383 0.127930 0.120117
v 0.249023 0.127930 0.122070
v 0.192383 0.120117 0.114258
v 0.192383 0.120117 0.219727
v 0.192383 0.127930 0.120117
v 0.192383 0.120117 0.114258
v 0.192383 0.120117 0.114258
v 0.249023 0.120117 0.219727
v 0.192383 0.120117 0.219727
v 0.180664 0.061523 0.227539
v 0.180664 0.061523 0.104492
v 0.180664 0.040039 0.104492
v 0.180664 0.040039 0.104492
v 0.211914 0.040039 0.229492
v 0.180664 0.040039 0.227539
v 0.180664 0.040039 0.104492
v 0.180664 0.040039 0.227539
v 0.180664 0.061523 0.227539
v 0.204102 0.204102 0.127930
v 0.204102 0.065430 0.125977
v 0.204102 0.204102 0.051758
v 0.250977 0.280273 0.397461
v 0.204102 0.204102 0.127930
v 0.204102 0.204102 0.051758
v 0.249023 0.127930 0.122070
v 0.192383 0.127930 0.120117
v 0.249023 0.127930 0.213867
v 0.192383 0.127930 0.120117
v 0.192383 0.120117 0.219727
v 0.192383 0.127930 0.211914
v 0.192383 0.127930 0.211914
v 0.249023 0.127930 0.213867
v 0.192383 0.127930 0.120117
v 0.241211 0.063477 0.151367
v 0.233398 0.063477 0.151367
v 0.239258 0.118164 0.151367
v 0.233398 0.063477 0.159180
v 0.233398 0.063477 0.151367
v 0.241211 0.063477 0.151367
v 0.241211 0.063477 0.151367
v 0.239258 0.118164 0.151367
v 0.239258 0.063477 0.159180
v 0.241211 0.063477 0.151367
v 0.239258 0.063477 0.159180
v 0.233398 0.063477 0.159180
v 0.231445 0.118164 0.151367
v 0.239258 0.118164 0.151367
v 0.233398 0.063477 0.151367
v 0.233398 0.063477 0.159180
v 0.231445 0.118164 0.151367
v 0.233398 0.063477 0.151367
v 0.239258 0.118164 0.151367
v 0.231445 0.118164 0.151367
v 0.231445 0.118164 0.157227
v 0.239258 0.118164 0.159180
v 0.239258 0.063477 0.159180
v 0.239258 0.118164 0.151367
v 0.231445 0.118164 0.157227
v 0.239258 0.118164 0.159180
v 0.239258 0.118164 0.151367
v 0.231445 0.118164 0.151367
v 0.233398 0.063477 0.159180
v 0.231445 0.118164 0.157227
v 0.204102 0.065430 0.125977
v 0.190430 0.065430 0.135742
v 0.190430 0.065430 0.196289
v 0.204102 0.204102 0.127930
v 0.190430 0.065430 0.135742
v 0.204102 0.065430 0.125977
v 0.204102 0.065430 0.125977
v 0.190430 0.065430 0.196289
v 0.204102 0.065430 0.204102
v 0.190430 0.194336 0.135742
v 0.190430 0.065430 0.196289
v 0.190430 0.065430 0.135742
v 0.190430 0.065430 0.135742
v 0.204102 0.204102 0.127930
v 0.190430 0.194336 0.135742
v 0.239258 0.118164 0.159180
v 0.233398 0.063477 0.159180
v 0.239258 0.063477 0.159180
v 0.233398 0.063477 0.178711
v 0.233398 0.063477 0.170898
v 0.239258 0.063477 0.170898
v 0.239258 0.063477 0.170898
v 0.233398 0.063477 0.170898
v 0.239258 0.118164 0.170898
v 0.239258 0.063477 0.170898
v 0.239258 0.063477 0.178711
v 0.233398 0.063477 0.178711
v 0.239258 0.118164 0.170898
v 0.239258 0.063477 0.178711
v 0.239258 0.063477 0.170898
v 0.233398 0.063477 0.159180
v 0.239258 0.118164 0.159180
v 0.231445 0.118164 0.157227
v 0.233398 0.063477 0.170898
v 0.233398 0.063477 0.178711
v 0.231445 0.118164 0.176758
v 0.231445 0.118164 0.170898
v 0.239258 0.118164 0.170898
v 0.233398 0.063477 0.170898
v 0.231445 0.118164 0.176758
v 0.231445 0.118164 0.170898
v 0.233398 0.063477 0.170898
v 0.239258 0.118164 0.176758
v 0.233398 0.063477 0.178711
v 0.239258 0.063477 0.178711
v 0.239258 0.063477 0.178711
v 0.239258 0.118164 0.170898
v 0.239258 0.118164 0.176758
v 0.233398 0.063477 0.178711
v 0.239258 0.118164 0.176758
v 0.231445 0.118164 0.176758
v 0.239258 0.118164 0.170898
v 0.231445 0.118164 0.170898
v 0.231445 0.118164 0.176758
v 0.231445 0.118164 0.176758
v 0.239258 0.118164 0.176758
v 0.239258 0.118164 0.170898
v 0.211914 0.063477 0.229492
v 0.211914 0.040039 0.229492
v 0.247070 0.040039 0.231445
v 0.247070 0.040039 0.231445
v 0.249023 0.063477 0.229492
v 0.211914 0.063477 0.229492
v 0.211914 0.040039 0.229492
v 0.211914 0.063477 0.229492
v 0.180664 0.040039 0.227539
v 0.239258 0.063477 0.190430
v 0.239258 0.063477 0.196289
v 0.233398 0.063477 0.196289
v 0.239258 0.118164 0.188477
v 0.239258 0.063477 0.196289
v 0.239258 0.063477 0.190430
v 0.233398 0.063477 0.196289
v 0.233398 0.063477 0.190430
v 0.239258 0.063477 0.190430
v 0.239258 0.063477 0.190430
v 0.233398 0.063477 0.190430
v 0.239258 0.118164 0.188477
v 0.239258 0.118164 0.196289
v 0.233398 0.063477 0.196289
v 0.239258 0.063477 0.196289
v 0.239258 0.063477 0.196289
v 0.239258 0.118164 0.188477
v 0.239258 0.118164 0.196289
v 0.233398 0.063477 0.190430
v 0.233398 0.063477 0.196289
v 0.231445 0.118164 0.196289
v 0.231445 0.118164 0.188477
v 0.239258 0.118164 0.188477
v 0.233398 0.063477 0.190430
v 0.231445 0.118164 0.196289
v 0.231445 0.118164 0.188477
v 0.233398 0.063477 0.190430
v 0.233398 0.063477 0.196289
v 0.239258 0.118164 0.196289
v 0.231445 0.118164 0.196289
v 0.245117 0.063477 0.211914
v 0.233398 0.063477 0.211914
v 0.233398 0.118164 0.211914
v 0.231445 0.063477 0.223633
v 0.233398 0.063477 0.211914
v 0.245117 0.063477 0.211914
v 0.233398 0.118164 0.211914
v 0.245117 0.118164 0.211914
v 0.245117 0.063477 0.211914
v 0.245117 0.063477 0.211914
v 0.245117 0.118164 0.211914
v 0.243164 0.063477 0.223633
v 0.245117 0.063477 0.211914
v 0.243164 0.063477 0.223633
v 0.231445 0.063477 0.223633
v 0.231445 0.118164 0.223633
v 0.233398 0.118164 0.211914
v 0.233398 0.063477 0.211914
v 0.233398 0.063477 0.211914
v 0.231445 0.063477 0.223633
v 0.231445 0.118164 0.223633
v 0.231445 0.118164 0.196289
v 0.239258 0.118164 0.196289
v 0.239258 0.118164 0.188477
v 0.239258 0.118164 0.188477
v 0.231445 0.118164 0.188477
v 0.231445 0.118164 0.196289
v 0.245117 0.118164 0.211914
v 0.233398 0.118164 0.211914
v 0.231445 0.118164 0.223633
v 0.243164 0.118164 0.223633
v 0.243164 0.063477 0.223633
v 0.245117 0.118164 0.211914
v 0.231445 0.118164 0.223633
v 0.243164 0.118164 0.223633
v 0.245117 0.118164 0.211914
v 0.190430 0.194336 0.196289
v 0.204102 0.065430 0.204102
v 0.190430 0.065430 0.196289
v 0.190430 0.065430 0.196289
v 0.190430 0.194336 0.135742
v 0.190430 0.194336 0.196289
v 0.204102 0.065430 0.204102
v 0.190430 0.194336 0.196289
v 0.204102 0.204102 0.204102
v 0.204102 0.065430 0.204102
v 0.204102 0.204102 0.204102
v 0.204102 0.065430 0.272461
v 0.243164 0.118164 0.223633
v 0.231445 0.063477 0.223633
v 0.243164 0.063477 0.223633
v 0.231445 0.063477 0.223633
v 0.243164 0.118164 0.223633
v 0.231445 0.118164 0.223633
v 0.249023 0.112305 0.219727
v 0.249023 0.122070 0.219727
v 0.249023 0.122070 0.229492
v 0.192383 0.122070 0.219727
v 0.249023 0.122070 0.219727
v 0.249023 0.112305 0.219727
v 0.249023 0.122070 0.229492
v 0.249023 0.112305 0.229492
v 0.249023 0.112305 0.219727
v 0.249023 0.112305 0.219727
v 0.249023 0.112305 0.229492
v 0.192383 0.112305 0.219727
v 0.249023 0.112305 0.219727
v 0.192383 0.112305 0.219727
v 0.192383 0.122070 0.219727
v 0.249023 0.127930 0.213867
v 0.192383 0.120117 0.219727
v 0.249023 0.120117 0.219727
v 0.192383 0.122070 0.227539
v 0.249023 0.122070 0.229492
v 0.249023 0.122070 0.219727
v 0.249023 0.122070 0.219727
v 0.192383 0.122070 0.219727
v 0.192383 0.122070 0.227539
v 0.249023 0.112305 0.229492
v 0.249023 0.122070 0.229492
v 0.192383 0.122070 0.227539
v 0.192383 0.112305 0.227539
v 0.192383 0.112305 0.219727
v 0.249023 0.112305 0.229492
v 0.192383 0.122070 0.227539
v 0.192383 0.112305 0.227539
v 0.249023 0.112305 0.229492
v 0.180664 0.061523 0.227539
v 0.180664 0.040039 0.227539
v 0.211914 0.063477 0.229492
v 0.192383 0.122070 0.227539
v 0.192383 0.122070 0.219727
v 0.192383 0.112305 0.219727
v 0.192383 0.112305 0.219727
v 0.192383 0.112305 0.227539
v 0.192383 0.122070 0.227539
v 0.192383 0.120117 0.219727
v 0.249023 0.127930 0.213867
v 0.192383 0.127930 0.211914
v 0.204102 0.204102 0.204102
v 0.190430 0.194336 0.135742
v 0.204102 0.204102 0.127930
v 0.250977 0.280273 0.397461
v 0.204102 0.204102 0.204102
v 0.204102 0.204102 0.127930
v 0.204102 0.204102 0.204102
v 0.190430 0.194336 0.196289
v 0.190430 0.194336 0.135742
v 0.204102 0.204102 0.204102
v 0.250977 0.280273 0.397461
v 0.204102 0.204102 0.274414
v 0.204102 0.204102 0.274414
v 0.204102 0.065430 0.272461
v 0.204102 0.204102 0.204102
v 0.256836 0.243164 0.413086
v 0.288086 0.309570 0.413086
v -0.018555 0.360352 0.424805
v 0.204102 0.204102 0.354492
v 0.204102 0.204102 0.274414
v 0.250977 0.280273 0.397461
v 0.108398 0.202148 0.399414
v 0.114258 0.061523 0.399414
v 0.250977 0.280273 0.397461
v -0.016602 0.375977 0.397461
v 0.108398 0.202148 0.399414
v 0.250977 0.280273 0.397461
v 0.288086 0.309570 0.413086
v 0.247070 0.325195 0.366211
v 0.028320 0.409180 0.374023
v 0.288086 0.309570 0.413086
v 0.028320 0.409180 0.374023
v -0.010742 0.424805 0.424805
v -0.010742 0.424805 0.424805
v -0.018555 0.360352 0.424805
v 0.288086 0.309570 0.413086
v 0.249023 0.040039 0.250977
v 0.213867 0.040039 0.252930
v 0.249023 0.063477 0.250977
v 0.213867 0.040039 0.374023
v 0.213867 0.040039 0.252930
v 0.249023 0.040039 0.250977
v 0.249023 0.040039 0.250977
v 0.249023 0.063477 0.250977
v 0.249023 0.063477 0.375977
v 0.249023 0.040039 0.377930
v 0.213867 0.040039 0.374023
v 0.249023 0.040039 0.250977
v 0.249023 0.063477 0.375977
v 0.249023 0.040039 0.377930
v 0.249023 0.040039 0.250977
v 0.213867 0.063477 0.250977
v 0.249023 0.063477 0.250977
v 0.213867 0.040039 0.252930
v 0.182617 0.061523 0.250977
v 0.213867 0.063477 0.250977
v 0.213867 0.040039 0.252930
v 0.213867 0.040039 0.252930
v 0.182617 0.040039 0.252930
v 0.182617 0.061523 0.250977
v 0.213867 0.040039 0.374023
v 0.182617 0.040039 0.252930
v 0.213867 0.040039 0.252930
v 0.249023 0.063477 0.250977
v 0.213867 0.063477 0.250977
v 0.249023 0.063477 0.375977
v 0.233398 0.063477 0.268555
v 0.233398 0.063477 0.256836
v 0.245117 0.063477 0.256836
v 0.245117 0.063477 0.256836
v 0.233398 0.063477 0.256836
v 0.233398 0.118164 0.256836
v 0.245117 0.063477 0.256836
v 0.245117 0.063477 0.268555
v 0.233398 0.063477 0.268555
v 0.245117 0.118164 0.256836
v 0.245117 0.063477 0.268555
v 0.245117 0.063477 0.256836
v 0.233398 0.118164 0.256836
v 0.245117 0.118164 0.256836
v 0.245117 0.063477 0.256836
v 0.233398 0.063477 0.256836
v 0.233398 0.063477 0.268555
v 0.233398 0.118164 0.268555
v 0.233398 0.118164 0.268555
v 0.233398 0.118164 0.256836
v 0.233398 0.063477 0.256836
v 0.245117 0.118164 0.268555
v 0.233398 0.063477 0.268555
v 0.245117 0.063477 0.268555
v 0.245117 0.063477 0.268555
v 0.245117 0.118164 0.256836
v 0.245117 0.118164 0.268555
v 0.233398 0.063477 0.268555
v 0.245117 0.118164 0.268555
v 0.233398 0.118164 0.268555
v 0.249023 0.112305 0.252930
v 0.249023 0.124023 0.252930
v 0.249023 0.122070 0.260742
v 0.194336 0.124023 0.252930
v 0.249023 0.124023 0.252930
v 0.249023 0.112305 0.252930
v 0.249023 0.122070 0.260742
v 0.249023 0.112305 0.260742
v 0.249023 0.112305 0.252930
v 0.249023 0.112305 0.252930
v 0.249023 0.112305 0.260742
v 0.194336 0.112305 0.252930
v 0.249023 0.112305 0.252930
v 0.194336 0.112305 0.252930
v 0.194336 0.124023 0.252930
v 0.194336 0.124023 0.252930
v 0.249023 0.122070 0.260742
v 0.249023 0.124023 0.252930
v 0.245117 0.118164 0.256836
v 0.233398 0.118164 0.256836
v 0.245117 0.118164 0.268555
v 0.249023 0.112305 0.260742
v 0.249023 0.122070 0.260742
v 0.194336 0.122070 0.260742
v 0.194336 0.114258 0.260742
v 0.194336 0.112305 0.252930
v 0.249023 0.112305 0.260742
v 0.194336 0.122070 0.260742
v 0.194336 0.114258 0.260742
v 0.249023 0.112305 0.260742
v 0.249023 0.120117 0.366211
v 0.194336 0.120117 0.260742
v 0.249023 0.120117 0.260742
v 0.249023 0.120117 0.260742
v 0.194336 0.120117 0.260742
v 0.249023 0.127930 0.268555
v 0.249023 0.127930 0.358398
v 0.249023 0.120117 0.366211
v 0.249023 0.120117 0.260742
v 0.249023 0.120117 0.260742
v 0.249023 0.127930 0.268555
v 0.249023 0.127930 0.358398
v 0.249023 0.122070 0.260742
v 0.194336 0.124023 0.252930
v 0.194336 0.122070 0.260742
v 0.233398 0.118164 0.268555
v 0.245117 0.118164 0.268555
v 0.233398 0.118164 0.256836
v 0.213867 0.063477 0.250977
v 0.182617 0.061523 0.250977
v 0.182617 0.061523 0.374023
v 0.213867 0.063477 0.250977
v 0.182617 0.061523 0.374023
v 0.213867 0.063477 0.375977
v 0.213867 0.063477 0.375977
v 0.249023 0.063477 0.375977
v 0.213867 0.063477 0.250977
v 0.204102 0.065430 0.272461
v 0.192383 0.065430 0.280273
v 0.192383 0.065430 0.348633
v 0.204102 0.204102 0.274414
v 0.192383 0.065430 0.280273
v 0.204102 0.065430 0.272461
v 0.192383 0.065430 0.348633
v 0.204102 0.065430 0.356445
v 0.204102 0.065430 0.272461
v 0.192383 0.194336 0.282227
v 0.192383 0.065430 0.348633
v 0.192383 0.065430 0.280273
v 0.192383 0.065430 0.280273
v 0.204102 0.204102 0.274414
v 0.192383 0.194336 0.282227
v 0.194336 0.122070 0.260742
v 0.194336 0.124023 0.252930
v 0.194336 0.112305 0.252930
v 0.194336 0.112305 0.252930
v 0.194336 0.114258 0.260742
v 0.194336 0.122070 0.260742
v 0.194336 0.120117 0.260742
v 0.249023 0.120117 0.366211
v 0.194336 0.120117 0.366211
v 0.194336 0.120117 0.260742
v 0.194336 0.120117 0.366211
v 0.194336 0.127930 0.268555
v 0.194336 0.127930 0.268555
v 0.249023 0.127930 0.268555
v 0.194336 0.120117 0.260742
v 0.239258 0.063477 0.295898
v 0.231445 0.063477 0.295898
v 0.231445 0.063477 0.303711
v 0.231445 0.063477 0.303711
v 0.239258 0.063477 0.303711
v 0.239258 0.063477 0.295898
v 0.182617 0.061523 0.374023
v 0.182617 0.061523 0.250977
v 0.182617 0.040039 0.252930
v 0.182617 0.040039 0.252930
v 0.213867 0.040039 0.374023
v 0.182617 0.040039 0.374023
v 0.182617 0.040039 0.252930
v 0.182617 0.040039 0.374023
v 0.182617 0.061523 0.374023
v 0.213867 0.063477 0.375977
v 0.182617 0.040039 0.374023
v 0.213867 0.040039 0.374023
v 0.213867 0.040039 0.374023
v 0.249023 0.040039 0.377930
v 0.213867 0.063477 0.375977
v 0.233398 0.063477 0.321289
v 0.239258 0.063477 0.321289
v 0.239258 0.063477 0.313477
v 0.239258 0.063477 0.313477
v 0.231445 0.063477 0.313477
v 0.233398 0.063477 0.321289
v 0.239258 0.063477 0.327148
v 0.233398 0.063477 0.327148
v 0.233398 0.063477 0.334961
v 0.233398 0.063477 0.334961
v 0.239258 0.063477 0.334961
v 0.239258 0.063477 0.327148
v 0.233398 0.063477 0.368164
v 0.233398 0.063477 0.358398
v 0.245117 0.063477 0.358398
v 0.245117 0.063477 0.358398
v 0.233398 0.063477 0.358398
v 0.233398 0.118164 0.358398
v 0.245117 0.063477 0.358398
v 0.245117 0.063477 0.370117
v 0.233398 0.063477 0.368164
v 0.245117 0.118164 0.358398
v 0.245117 0.063477 0.370117
v 0.245117 0.063477 0.358398
v 0.233398 0.118164 0.358398
v 0.245117 0.118164 0.358398
v 0.245117 0.063477 0.358398
v 0.233398 0.063477 0.358398
v 0.233398 0.063477 0.368164
v 0.233398 0.118164 0.368164
v 0.233398 0.118164 0.368164
v 0.233398 0.118164 0.358398
v 0.233398 0.063477 0.358398
v 0.245117 0.118164 0.370117
v 0.233398 0.063477 0.368164
v 0.245117 0.063477 0.370117
v 0.245117 0.063477 0.370117
v 0.245117 0.118164 0.358398
v 0.245117 0.118164 0.370117
v 0.233398 0.063477 0.368164
v 0.245117 0.118164 0.370117
v 0.233398 0.118164 0.368164
v 0.245117 0.118164 0.358398
v 0.233398 0.118164 0.358398
v 0.233398 0.118164 0.368164
v 0.233398 0.118164 0.368164
v 0.245117 0.118164 0.370117
v 0.245117 0.118164 0.358398
v 0.194336 0.122070 0.366211
v 0.249023 0.122070 0.366211
v 0.249023 0.112305 0.366211
v 0.249023 0.112305 0.366211
v 0.249023 0.122070 0.366211
v 0.249023 0.122070 0.375977
v 0.249023 0.112305 0.366211
v 0.194336 0.114258 0.366211
v 0.194336 0.122070 0.366211
v 0.249023 0.112305 0.375977
v 0.194336 0.114258 0.366211
v 0.249023 0.112305 0.366211
v 0.249023 0.122070 0.375977
v 0.249023 0.112305 0.375977
v 0.249023 0.112305 0.366211
v 0.249023 0.127930 0.358398
v 0.194336 0.120117 0.366211
v 0.249023 0.120117 0.366211
v 0.249023 0.122070 0.366211
v 0.194336 0.122070 0.366211
v 0.249023 0.122070 0.375977
v 0.204102 0.065430 0.356445
v 0.192383 0.065430 0.348633
v 0.192383 0.194336 0.346680
v 0.192383 0.194336 0.346680
v 0.204102 0.204102 0.354492
v 0.204102 0.065430 0.356445
v 0.192383 0.065430 0.348633
v 0.192383 0.194336 0.282227
v 0.192383 0.194336 0.346680
v 0.194336 0.122070 0.375977
v 0.194336 0.122070 0.366211
v 0.194336 0.114258 0.366211
v 0.249023 0.112305 0.375977
v 0.194336 0.114258 0.374023
v 0.194336 0.114258 0.366211
v 0.194336 0.114258 0.366211
v 0.194336 0.114258 0.374023
v 0.194336 0.122070 0.375977
v 0.194336 0.127930 0.358398
v 0.194336 0.127930 0.268555
v 0.194336 0.120117 0.366211
v 0.194336 0.120117 0.366211
v 0.249023 0.127930 0.358398
v 0.194336 0.127930 0.358398
v 0.194336 0.122070 0.375977
v 0.249023 0.122070 0.375977
v 0.194336 0.122070 0.366211
v 0.194336 0.114258 0.374023
v 0.249023 0.112305 0.375977
v 0.194336 0.122070 0.375977
v 0.213867 0.063477 0.375977
v 0.182617 0.061523 0.374023
v 0.182617 0.040039 0.374023
v 0.249023 0.127930 0.268555
v 0.194336 0.127930 0.268555
v 0.249023 0.127930 0.358398
v 0.194336 0.127930 0.358398
v 0.249023 0.127930 0.358398
v 0.194336 0.127930 0.268555
v 0.204102 0.204102 0.354492
v 0.192383 0.194336 0.282227
v 0.204102 0.204102 0.274414
v 0.192383 0.194336 0.282227
v 0.204102 0.204102 0.354492
v 0.192383 0.194336 0.346680
v 0.249023 0.040039 0.377930
v 0.249023 0.063477 0.375977
v 0.213867 0.063477 0.375977
v 0.249023 0.112305 0.375977
v 0.249023 0.122070 0.375977
v 0.194336 0.122070 0.375977
v 0.135742 0.038086 0.381836
v 0.137695 0.059570 0.381836
v 0.137695 0.038086 0.411133
v -0.004883 0.038086 0.381836
v 0.137695 0.059570 0.381836
v 0.135742 0.038086 0.381836
v 0.135742 0.038086 0.381836
v 0.137695 0.038086 0.411133
v -0.006836 0.038086 0.411133
v -0.006836 0.038086 0.411133
v -0.004883 0.038086 0.381836
v 0.135742 0.038086 0.381836
v 0.137695 0.061523 0.411133
v 0.137695 0.038086 0.411133
v 0.137695 0.059570 0.381836
v 0.114258 0.061523 0.399414
v 0.137695 0.061523 0.411133
v 0.137695 0.059570 0.381836
v 0.114258 0.061523 0.399414
v 0.108398 0.061523 0.381836
v 0.137695 0.059570 0.381836
v 0.030273 0.061523 0.381836
v 0.114258 0.061523 0.399414
v 0.137695 0.059570 0.381836
v 0.137695 0.059570 0.381836
v -0.004883 0.038086 0.381836
v -0.006836 0.059570 0.381836
v 0.137695 0.038086 0.411133
v 0.137695 0.061523 0.411133
v 0.139648 0.061523 0.444336
v 0.139648 0.061523 0.444336
v 0.139648 0.038086 0.444336
v 0.137695 0.038086 0.411133
v 0.137695 0.038086 0.411133
v 0.139648 0.038086 0.444336
v -0.008789 0.038086 0.444336
v -0.008789 0.038086 0.444336
v -0.006836 0.038086 0.411133
v 0.137695 0.038086 0.411133
v -0.006836 0.061523 0.411133
v 0.139648 0.061523 0.444336
v 0.137695 0.061523 0.411133
v 0.137695 0.061523 0.411133
v 0.114258 0.061523 0.399414
v 0.028320 0.061523 0.397461
v 0.137695 0.061523 0.411133
v 0.028320 0.061523 0.397461
v -0.006836 0.061523 0.411133
v 0.124023 0.116211 0.430664
v 0.125977 0.061523 0.440430
v 0.125977 0.061523 0.430664
v 0.125977 0.061523 0.430664
v 0.125977 0.061523 0.440430
v 0.116211 0.061523 0.440430
v 0.125977 0.061523 0.430664
v 0.116211 0.061523 0.430664
v 0.112305 0.116211 0.430664
v 0.116211 0.061523 0.440430
v 0.116211 0.061523 0.430664
v 0.125977 0.061523 0.430664
v 0.112305 0.116211 0.430664
v 0.124023 0.116211 0.430664
v 0.125977 0.061523 0.430664
v 0.133789 0.114258 0.444336
v 0.131836 0.114258 0.393555
v 0.133789 0.122070 0.393555
v 0.133789 0.122070 0.393555
v 0.131836 0.114258 0.393555
v 0.122070 0.122070 0.393555
v 0.133789 0.122070 0.444336
v 0.133789 0.114258 0.444336
v 0.133789 0.122070 0.393555
v 0.124023 0.122070 0.444336
v 0.133789 0.122070 0.444336
v 0.133789 0.122070 0.393555
v 0.133789 0.122070 0.393555
v 0.122070 0.122070 0.393555
v 0.124023 0.122070 0.444336
v 0.131836 0.114258 0.393555
v 0.133789 0.114258 0.444336
v 0.122070 0.114258 0.393555
v 0.131836 0.114258 0.393555
v 0.122070 0.114258 0.393555
v 0.122070 0.122070 0.393555
v 0.139648 0.038086 0.444336
v 0.139648 0.061523 0.444336
v -0.008789 0.038086 0.444336
v 0.139648 0.061523 0.444336
v -0.006836 0.061523 0.411133
v -0.008789 0.061523 0.444336
v -0.008789 0.061523 0.444336
v -0.008789 0.038086 0.444336
v 0.139648 0.061523 0.444336
v 0.125977 0.061523 0.440430
v 0.124023 0.116211 0.430664
v 0.124023 0.116211 0.440430
v 0.124023 0.116211 0.440430
v 0.116211 0.061523 0.440430
v 0.125977 0.061523 0.440430
v 0.133789 0.114258 0.444336
v 0.133789 0.122070 0.444336
v 0.124023 0.122070 0.444336
v 0.122070 0.114258 0.444336
v 0.122070 0.114258 0.393555
v 0.133789 0.114258 0.444336
v 0.124023 0.122070 0.444336
v 0.122070 0.114258 0.444336
v 0.133789 0.114258 0.444336
v 0.108398 0.061523 0.381836
v 0.114258 0.061523 0.399414
v 0.028320 0.061523 0.397461
v 0.028320 0.061523 0.397461
v 0.026367 0.059570 0.383789
v 0.108398 0.061523 0.381836
v 0.030273 0.061523 0.381836
v 0.114258 0.061523 0.399414
v 0.106445 0.061523 0.381836
v 0.106445 0.061523 0.381836
v 0.114258 0.061523 0.399414
v 0.102539 0.196289 0.381836
v 0.106445 0.061523 0.381836
v 0.030273 0.061523 0.383789
v 0.028320 0.061523 0.397461
v 0.036133 0.194336 0.383789
v 0.030273 0.061523 0.383789
v 0.106445 0.061523 0.381836
v 0.106445 0.061523 0.381836
v 0.102539 0.196289 0.381836
v 0.036133 0.194336 0.383789
v 0.114258 0.061523 0.399414
v 0.030273 0.061523 0.381836
v 0.028320 0.061523 0.397461
v 0.108398 0.202148 0.399414
v 0.102539 0.196289 0.381836
v 0.114258 0.061523 0.399414
v 0.112305 0.116211 0.438477
v 0.112305 0.116211 0.430664
v 0.116211 0.061523 0.430664
v 0.116211 0.061523 0.430664
v 0.116211 0.061523 0.440430
v 0.112305 0.116211 0.438477
v 0.102539 0.061523 0.432617
v 0.094727 0.061523 0.432617
v 0.094727 0.118164 0.432617
v 0.098633 0.061523 0.438477
v 0.094727 0.061523 0.432617
v 0.102539 0.061523 0.432617
v 0.094727 0.118164 0.432617
v 0.100586 0.118164 0.432617
v 0.102539 0.061523 0.432617
v 0.102539 0.061523 0.432617
v 0.100586 0.118164 0.432617
v 0.102539 0.061523 0.438477
v 0.102539 0.061523 0.432617
v 0.102539 0.061523 0.438477
v 0.098633 0.061523 0.438477
v 0.094727 0.061523 0.432617
v 0.086914 0.061523 0.432617
v 0.084961 0.118164 0.432617
v 0.088867 0.061523 0.438477
v 0.086914 0.061523 0.432617
v 0.094727 0.061523 0.432617
v 0.094727 0.118164 0.438477
v 0.094727 0.118164 0.432617
v 0.094727 0.061523 0.432617
v 0.084961 0.118164 0.432617
v 0.092773 0.118164 0.430664
v 0.094727 0.061523 0.432617
v 0.094727 0.061523 0.432617
v 0.092773 0.118164 0.430664
v 0.094727 0.061523 0.438477
v 0.094727 0.061523 0.432617
v 0.098633 0.061523 0.438477
v 0.094727 0.118164 0.438477
v 0.094727 0.061523 0.432617
v 0.094727 0.061523 0.438477
v 0.088867 0.061523 0.438477
v 0.084961 0.118164 0.438477
v 0.084961 0.118164 0.432617
v 0.086914 0.061523 0.432617
v 0.086914 0.061523 0.432617
v 0.088867 0.061523 0.438477
v 0.084961 0.118164 0.438477
v 0.073242 0.061523 0.440430
v 0.077148 0.061523 0.432617
v 0.079102 0.061523 0.436523
v 0.079102 0.061523 0.436523
v 0.077148 0.061523 0.432617
v 0.077148 0.118164 0.438477
v 0.077148 0.118164 0.438477
v 0.073242 0.061523 0.440430
v 0.079102 0.061523 0.436523
v 0.077148 0.061523 0.432617
v 0.071289 0.061523 0.434570
v 0.075195 0.118164 0.432617
v 0.073242 0.061523 0.440430
v 0.071289 0.061523 0.434570
v 0.077148 0.061523 0.432617
v 0.077148 0.061523 0.432617
v 0.075195 0.118164 0.432617
v 0.077148 0.118164 0.438477
v 0.069336 0.118164 0.432617
v 0.075195 0.118164 0.432617
v 0.071289 0.061523 0.434570
v 0.071289 0.118164 0.438477
v 0.069336 0.118164 0.432617
v 0.071289 0.061523 0.434570
v 0.071289 0.061523 0.434570
v 0.073242 0.061523 0.440430
v 0.071289 0.118164 0.438477
v 0.122070 0.114258 0.444336
v 0.122070 0.122070 0.393555
v 0.122070 0.114258 0.393555
v 0.002930 0.120117 0.444336
v 0.002930 0.120117 0.393555
v 0.122070 0.120117 0.393555
v 0.122070 0.120117 0.393555
v 0.002930 0.120117 0.393555
v 0.114258 0.127930 0.393555
v 0.122070 0.120117 0.393555
v 0.122070 0.120117 0.444336
v 0.002930 0.120117 0.444336
v 0.114258 0.125977 0.444336
v 0.122070 0.120117 0.444336
v 0.122070 0.120117 0.393555
v 0.122070 0.120117 0.393555
v 0.114258 0.127930 0.393555
v 0.114258 0.125977 0.444336
v 0.122070 0.122070 0.393555
v 0.122070 0.114258 0.444336
v 0.124023 0.122070 0.444336
v 0.124023 0.116211 0.430664
v 0.112305 0.116211 0.430664
v 0.124023 0.116211 0.440430
v 0.112305 0.116211 0.438477
v 0.124023 0.116211 0.440430
v 0.112305 0.116211 0.430664
v 0.100586 0.118164 0.432617
v 0.094727 0.118164 0.432617
v 0.094727 0.118164 0.438477
v 0.100586 0.118164 0.438477
v 0.102539 0.061523 0.438477
v 0.100586 0.118164 0.432617
v 0.094727 0.118164 0.438477
v 0.100586 0.118164 0.438477
v 0.100586 0.118164 0.432617
v 0.092773 0.118164 0.430664
v 0.084961 0.118164 0.432617
v 0.084961 0.118164 0.438477
v 0.092773 0.118164 0.438477
v 0.094727 0.061523 0.438477
v 0.092773 0.118164 0.430664
v 0.084961 0.118164 0.438477
v 0.092773 0.118164 0.438477
v 0.092773 0.118164 0.430664
v 0.075195 0.118164 0.432617
v 0.069336 0.118164 0.432617
v 0.071289 0.118164 0.438477
v 0.071289 0.118164 0.438477
v 0.077148 0.118164 0.438477
v 0.075195 0.118164 0.432617
v 0.063477 0.118164 0.432617
v 0.061523 0.061523 0.432617
v 0.057617 0.118164 0.432617
v 0.061523 0.061523 0.438477
v 0.061523 0.061523 0.432617
v 0.063477 0.118164 0.432617
v 0.063477 0.118164 0.432617
v 0.057617 0.118164 0.432617
v 0.057617 0.118164 0.438477
v 0.063477 0.118164 0.432617
v 0.063477 0.118164 0.438477
v 0.061523 0.061523 0.438477
v 0.057617 0.118164 0.438477
v 0.063477 0.118164 0.438477
v 0.063477 0.118164 0.432617
v -0.006836 0.059570 0.381836
v 0.028320 0.061523 0.397461
v 0.030273 0.061523 0.381836
v 0.036133 0.194336 0.383789
v 0.028320 0.061523 0.397461
v 0.030273 0.061523 0.383789
v 0.026367 0.059570 0.383789
v 0.028320 0.061523 0.397461
v 0.020508 0.059570 0.399414
v 0.032227 0.202148 0.399414
v 0.020508 0.059570 0.399414
v 0.028320 0.061523 0.397461
v 0.028320 0.061523 0.397461
v 0.036133 0.194336 0.383789
v 0.032227 0.202148 0.399414
v 0.028320 0.061523 0.397461
v -0.006836 0.059570 0.381836
v -0.006836 0.061523 0.411133
v 0.020508 0.059570 0.399414
v 0.032227 0.202148 0.399414
v -0.084961 0.061523 0.399414
v -0.084961 0.061523 0.399414
v -0.084961 -0.170898 0.399414
v 0.020508 0.059570 0.399414
v 0.061523 0.061523 0.432617
v 0.055664 0.061523 0.432617
v 0.057617 0.118164 0.432617
v 0.059570 0.061523 0.440430
v 0.055664 0.061523 0.432617
v 0.061523 0.061523 0.432617
v 0.061523 0.061523 0.432617
v 0.061523 0.061523 0.438477
v 0.059570 0.061523 0.440430
v 0.057617 0.118164 0.438477
v 0.057617 0.118164 0.432617
v 0.055664 0.061523 0.432617
v 0.055664 0.061523 0.432617
v 0.059570 0.061523 0.440430
v 0.057617 0.118164 0.438477
v 0.049805 0.061523 0.432617
v 0.041992 0.061523 0.432617
v 0.045898 0.118164 0.432617
v 0.045898 0.061523 0.438477
v 0.041992 0.061523 0.432617
v 0.049805 0.061523 0.432617
v 0.049805 0.061523 0.432617
v 0.045898 0.118164 0.432617
v 0.047852 0.061523 0.438477
v 0.049805 0.061523 0.432617
v 0.047852 0.061523 0.438477
v 0.045898 0.061523 0.438477
v 0.040039 0.118164 0.432617
v 0.045898 0.118164 0.432617
v 0.041992 0.061523 0.432617
v 0.040039 0.118164 0.438477
v 0.040039 0.118164 0.432617
v 0.041992 0.061523 0.432617
v 0.041992 0.061523 0.432617
v 0.045898 0.061523 0.438477
v 0.040039 0.118164 0.438477
v 0.032227 0.061523 0.432617
v 0.024414 0.061523 0.434570
v 0.022461 0.118164 0.432617
v 0.026367 0.061523 0.440430
v 0.024414 0.061523 0.434570
v 0.032227 0.061523 0.432617
v 0.022461 0.118164 0.432617
v 0.028320 0.118164 0.432617
v 0.032227 0.061523 0.432617
v 0.032227 0.061523 0.432617
v 0.028320 0.118164 0.432617
v 0.032227 0.061523 0.438477
v 0.032227 0.061523 0.432617
v 0.032227 0.061523 0.438477
v 0.026367 0.061523 0.440430
v 0.022461 0.118164 0.440430
v 0.022461 0.118164 0.432617
v 0.024414 0.061523 0.434570
v 0.024414 0.061523 0.434570
v 0.026367 0.061523 0.440430
v 0.022461 0.118164 0.440430
v 0.014648 0.061523 0.430664
v 0.002930 0.061523 0.430664
v 0.002930 0.118164 0.430664
v 0.014648 0.061523 0.440430
v 0.002930 0.061523 0.430664
v 0.014648 0.061523 0.430664
v 0.002930 0.118164 0.430664
v 0.014648 0.118164 0.430664
v 0.014648 0.061523 0.430664
v 0.014648 0.061523 0.430664
v 0.014648 0.118164 0.430664
v 0.014648 0.061523 0.440430
v 0.002930 0.118164 0.440430
v 0.002930 0.118164 0.430664
v 0.002930 0.061523 0.430664
v 0.002930 0.061523 0.430664
v 0.014648 0.061523 0.440430
v 0.002930 0.061523 0.440430
v 0.002930 0.061523 0.430664
v 0.002930 0.061523 0.440430
v 0.002930 0.118164 0.440430
v 0.002930 0.114258 0.393555
v 0.004883 0.124023 0.393555
v 0.004883 0.124023 0.444336
v -0.004883 0.114258 0.393555
v 0.004883 0.124023 0.393555
v 0.002930 0.114258 0.393555
v 0.004883 0.124023 0.444336
v 0.002930 0.114258 0.444336
v 0.002930 0.114258 0.393555
v 0.002930 0.114258 0.393555
v 0.002930 0.114258 0.444336
v -0.006836 0.114258 0.444336
v -0.006836 0.114258 0.444336
v -0.004883 0.114258 0.393555
v 0.002930 0.114258 0.393555
v -0.004883 0.125977 0.393555
v 0.004883 0.124023 0.444336
v 0.004883 0.124023 0.393555
v 0.004883 0.124023 0.393555
v -0.004883 0.114258 0.393555
v -0.004883 0.125977 0.393555
v 0.002930 0.120117 0.393555
v 0.002930 0.120117 0.444336
v 0.008789 0.127930 0.393555
v 0.008789 0.127930 0.393555
v 0.114258 0.127930 0.393555
v 0.002930 0.120117 0.393555
v 0.045898 0.118164 0.432617
v 0.040039 0.118164 0.432617
v 0.040039 0.118164 0.438477
v 0.045898 0.118164 0.438477
v 0.047852 0.061523 0.438477
v 0.045898 0.118164 0.432617
v 0.040039 0.118164 0.438477
v 0.045898 0.118164 0.438477
v 0.045898 0.118164 0.432617
v 0.028320 0.118164 0.432617
v 0.022461 0.118164 0.432617
v 0.022461 0.118164 0.440430
v 0.028320 0.118164 0.438477
v 0.032227 0.061523 0.438477
v 0.028320 0.118164 0.432617
v 0.022461 0.118164 0.440430
v 0.028320 0.118164 0.438477
v 0.028320 0.118164 0.432617
v 0.014648 0.118164 0.430664
v 0.002930 0.118164 0.430664
v 0.014648 0.118164 0.440430
v 0.014648 0.118164 0.440430
v 0.014648 0.061523 0.440430
v 0.014648 0.118164 0.430664
v 0.002930 0.118164 0.440430
v 0.014648 0.118164 0.440430
v 0.002930 0.118164 0.430664
v 0.116211 0.061523 0.440430
v 0.124023 0.116211 0.440430
v 0.112305 0.116211 0.438477
v 0.100586 0.118164 0.438477
v 0.098633 0.061523 0.438477
v 0.102539 0.061523 0.438477
v 0.098633 0.061523 0.438477
v 0.100586 0.118164 0.438477
v 0.094727 0.118164 0.438477
v 0.092773 0.118164 0.438477
v 0.088867 0.061523 0.438477
v 0.094727 0.061523 0.438477
v 0.088867 0.061523 0.438477
v 0.092773 0.118164 0.438477
v 0.084961 0.118164 0.438477
v 0.073242 0.061523 0.440430
v 0.077148 0.118164 0.438477
v 0.071289 0.118164 0.438477
v 0.114258 0.125977 0.444336
v 0.002930 0.120117 0.444336
v 0.122070 0.120117 0.444336
v 0.059570 0.061523 0.440430
v 0.061523 0.061523 0.438477
v 0.063477 0.118164 0.438477
v 0.057617 0.118164 0.438477
v 0.059570 0.061523 0.440430
v 0.063477 0.118164 0.438477
v 0.045898 0.118164 0.438477
v 0.045898 0.061523 0.438477
v 0.047852 0.061523 0.438477
v 0.045898 0.061523 0.438477
v 0.045898 0.118164 0.438477
v 0.040039 0.118164 0.438477
v 0.028320 0.118164 0.438477
v 0.026367 0.061523 0.440430
v 0.032227 0.061523 0.438477
v 0.026367 0.061523 0.440430
v 0.028320 0.118164 0.438477
v 0.022461 0.118164 0.440430
v 0.014648 0.118164 0.440430
v 0.002930 0.061523 0.440430
v 0.014648 0.061523 0.440430
v 0.002930 0.061523 0.440430
v 0.014648 0.118164 0.440430
v 0.002930 0.118164 0.440430
v 0.002930 0.114258 0.444336
v 0.004883 0.124023 0.444336
v -0.006836 0.125977 0.444336
v -0.006836 0.125977 0.444336
v -0.006836 0.114258 0.444336
v 0.002930 0.114258 0.444336
v 0.004883 0.124023 0.444336
v -0.004883 0.125977 0.393555
v -0.006836 0.125977 0.444336
v 0.008789 0.127930 0.444336
v 0.008789 0.127930 0.393555
v 0.002930 0.120117 0.444336
v 0.002930 0.120117 0.444336
v 0.114258 0.125977 0.444336
v 0.008789 0.127930 0.444336
v 0.114258 0.127930 0.393555
v 0.008789 0.127930 0.393555
v 0.114258 0.125977 0.444336
v 0.102539 0.196289 0.381836
v 0.108398 0.202148 0.399414
v 0.036133 0.194336 0.383789
v 0.032227 0.202148 0.399414
v 0.036133 0.194336 0.383789
v 0.108398 0.202148 0.399414
v -0.016602 0.375977 0.397461
v 0.032227 0.202148 0.399414
v 0.108398 0.202148 0.399414
v 0.008789 0.127930 0.444336
v 0.114258 0.125977 0.444336
v 0.008789 0.127930 0.393555
v -0.090820 0.202148 0.399414
v -0.084961 0.061523 0.399414
v 0.032227 0.202148 0.399414
v -0.016602 0.375977 0.397461
v -0.090820 0.202148 0.399414
v 0.032227 0.202148 0.399414
v 0.028320 0.409180 0.374023
v 0.247070 0.325195 0.366211
v 0.233398 0.295898 0.366211
v 0.233398 0.295898 0.366211
v 0.018555 0.379883 0.374023
v 0.028320 0.409180 0.374023
v -0.012695 -0.366211 0.071289
v -0.125977 -0.370117 0.020508
v -0.125977 -0.375977 0.291992
v -0.012695 -0.366211 0.071289
v -0.012695 -0.372070 0.311523
v -0.125977 -0.375977 0.291992
v -0.125977 -0.370117 0.020508
v -0.239258 -0.377930 0.168945
v -0.125977 -0.375977 0.291992
v -0.315430 -0.401367 0.405273
v -0.381836 -0.409180 0.180664
v -0.239258 -0.377930 0.168945
v -0.239258 -0.377930 0.168945
v -0.125977 -0.375977 0.291992
v -0.219727 -0.403320 0.459961
v -0.239258 -0.377930 0.168945
v -0.219727 -0.403320 0.459961
v -0.315430 -0.401367 0.405273
v -0.262695 -0.172852 0.051758
v -0.241211 -0.178711 0.073242
v -0.243164 -0.174805 0.055664
v -0.262695 -0.172852 0.051758
v -0.241211 -0.032227 0.049805
v -0.243164 -0.174805 0.055664
v -0.241211 -0.198242 0.069336
v -0.241211 -0.178711 0.073242
v -0.280273 -0.198242 0.069336
v -0.241211 -0.198242 0.094727
v -0.241211 -0.176758 0.094727
v -0.241211 -0.198242 0.219727
v -0.280273 -0.174805 0.094727
v -0.241211 -0.176758 0.094727
v -0.241211 -0.198242 0.094727
v -0.241211 -0.198242 0.094727
v -0.241211 -0.198242 0.219727
v -0.280273 -0.198242 0.094727
v -0.241211 -0.198242 0.094727
v -0.280273 -0.198242 0.094727
v -0.280273 -0.174805 0.094727
v -0.280273 -0.176758 0.071289
v -0.280273 -0.198242 0.069336
v -0.241211 -0.178711 0.073242
v -0.241211 -0.178711 0.223633
v -0.241211 -0.198242 0.219727
v -0.241211 -0.176758 0.094727
v -0.280273 -0.174805 0.094727
v -0.241211 -0.178711 0.223633
v -0.241211 -0.176758 0.094727
v -0.241211 -0.032227 0.198242
v -0.243164 -0.032227 0.118164
v -0.243164 -0.174805 0.112305
v -0.243164 -0.174805 0.112305
v -0.243164 -0.032227 0.118164
v -0.262695 -0.172852 0.116211
v -0.243164 -0.174805 0.112305
v -0.243164 -0.174805 0.204102
v -0.241211 -0.178711 0.223633
v -0.243164 -0.174805 0.112305
v -0.243164 -0.174805 0.204102
v -0.241211 -0.032227 0.198242
v -0.262695 -0.172852 0.200195
v -0.243164 -0.174805 0.204102
v -0.243164 -0.174805 0.112305
v -0.243164 -0.174805 0.112305
v -0.262695 -0.172852 0.116211
v -0.262695 -0.172852 0.200195
v -0.241211 -0.032227 0.049805
v -0.262695 -0.172852 0.051758
v -0.262695 -0.036133 0.045898
v -0.243164 -0.032227 0.118164
v -0.241211 -0.032227 0.198242
v -0.262695 -0.036133 0.196289
v -0.262695 -0.036133 0.122070
v -0.262695 -0.172852 0.116211
v -0.243164 -0.032227 0.118164
v -0.262695 -0.036133 0.196289
v -0.262695 -0.036133 0.122070
v -0.243164 -0.032227 0.118164
v -0.241211 -0.198242 0.219727
v -0.241211 -0.178711 0.223633
v -0.280273 -0.198242 0.219727
v -0.280273 -0.198242 0.219727
v -0.280273 -0.198242 0.094727
v -0.241211 -0.198242 0.219727
v -0.280273 -0.174805 0.249023
v -0.241211 -0.176758 0.249023
v -0.241211 -0.198242 0.249023
v -0.241211 -0.198242 0.249023
v -0.241211 -0.176758 0.249023
v -0.241211 -0.198242 0.372070
v -0.241211 -0.198242 0.249023
v -0.280273 -0.198242 0.249023
v -0.280273 -0.174805 0.249023
v -0.241211 -0.198242 0.372070
v -0.280273 -0.198242 0.249023
v -0.241211 -0.198242 0.249023
v -0.262695 -0.172852 0.200195
v -0.241211 -0.178711 0.223633
v -0.243164 -0.174805 0.204102
v -0.262695 -0.172852 0.200195
v -0.241211 -0.032227 0.198242
v -0.243164 -0.174805 0.204102
v -0.241211 -0.178711 0.223633
v -0.280273 -0.174805 0.094727
v -0.280273 -0.176758 0.221680
v -0.280273 -0.176758 0.221680
v -0.280273 -0.198242 0.219727
v -0.241211 -0.178711 0.223633
v -0.241211 -0.176758 0.249023
v -0.280273 -0.174805 0.249023
v -0.241211 -0.178711 0.375977
v -0.241211 -0.178711 0.375977
v -0.241211 -0.198242 0.372070
v -0.241211 -0.176758 0.249023
v -0.241211 -0.032227 0.198242
v -0.262695 -0.172852 0.200195
v -0.262695 -0.036133 0.196289
v -0.262695 -0.172852 0.051758
v -0.262695 -0.172852 0.116211
v -0.262695 -0.036133 0.045898
v -0.252930 -0.405273 0.397461
v -0.262695 -0.172852 0.116211
v -0.262695 -0.172852 0.051758
v -0.315430 -0.176758 0.061523
v -0.311523 -0.176758 0.049805
v -0.299805 -0.176758 0.051758
v -0.299805 -0.176758 0.051758
v -0.311523 -0.176758 0.049805
v -0.311523 -0.118164 0.049805
v -0.301758 -0.176758 0.063477
v -0.315430 -0.176758 0.061523
v -0.299805 -0.176758 0.051758
v -0.299805 -0.118164 0.051758
v -0.301758 -0.176758 0.063477
v -0.299805 -0.176758 0.051758
v -0.311523 -0.118164 0.049805
v -0.299805 -0.118164 0.051758
v -0.299805 -0.176758 0.051758
v -0.311523 -0.176758 0.049805
v -0.315430 -0.176758 0.061523
v -0.315430 -0.118164 0.061523
v -0.315430 -0.118164 0.061523
v -0.311523 -0.118164 0.049805
v -0.311523 -0.176758 0.049805
v -0.315430 -0.176758 0.061523
v -0.301758 -0.176758 0.063477
v -0.315430 -0.118164 0.061523
v -0.280273 -0.198242 0.069336
v -0.280273 -0.176758 0.071289
v -0.319336 -0.176758 0.073242
v -0.319336 -0.176758 0.073242
v -0.319336 -0.198242 0.071289
v -0.280273 -0.198242 0.069336
v -0.319336 -0.174805 0.094727
v -0.280273 -0.174805 0.094727
v -0.280273 -0.198242 0.094727
v -0.280273 -0.198242 0.094727
v -0.319336 -0.198242 0.094727
v -0.319336 -0.174805 0.094727
v -0.319336 -0.198242 0.221680
v -0.319336 -0.198242 0.094727
v -0.280273 -0.198242 0.094727
v -0.280273 -0.198242 0.094727
v -0.280273 -0.198242 0.219727
v -0.319336 -0.198242 0.221680
v -0.301758 -0.176758 0.063477
v -0.299805 -0.118164 0.051758
v -0.301758 -0.118164 0.063477
v -0.301758 -0.118164 0.063477
v -0.315430 -0.118164 0.061523
v -0.301758 -0.176758 0.063477
v -0.280273 -0.174805 0.094727
v -0.319336 -0.174805 0.094727
v -0.280273 -0.176758 0.221680
v -0.262695 -0.036133 0.122070
v -0.262695 -0.036133 0.045898
v -0.262695 -0.172852 0.116211
v -0.252930 -0.405273 0.397461
v -0.262695 -0.172852 0.200195
v -0.262695 -0.172852 0.116211
v -0.299805 -0.176758 0.108398
v -0.301758 -0.176758 0.120117
v -0.315430 -0.176758 0.118164
v -0.301758 -0.118164 0.120117
v -0.301758 -0.176758 0.120117
v -0.299805 -0.176758 0.108398
v -0.315430 -0.176758 0.118164
v -0.313477 -0.176758 0.106445
v -0.299805 -0.176758 0.108398
v -0.299805 -0.176758 0.108398
v -0.313477 -0.176758 0.106445
v -0.313477 -0.118164 0.106445
v -0.299805 -0.176758 0.108398
v -0.299805 -0.118164 0.108398
v -0.301758 -0.118164 0.120117
v -0.313477 -0.118164 0.106445
v -0.299805 -0.118164 0.108398
v -0.299805 -0.176758 0.108398
v -0.301758 -0.118164 0.120117
v -0.315430 -0.176758 0.118164
v -0.301758 -0.176758 0.120117
v -0.319336 -0.176758 0.221680
v -0.319336 -0.174805 0.094727
v -0.319336 -0.198242 0.094727
v -0.319336 -0.198242 0.094727
v -0.319336 -0.198242 0.221680
v -0.319336 -0.176758 0.221680
v -0.319336 -0.176758 0.221680
v -0.280273 -0.176758 0.221680
v -0.319336 -0.174805 0.094727
v -0.313477 -0.176758 0.106445
v -0.315430 -0.176758 0.118164
v -0.315430 -0.118164 0.118164
v -0.315430 -0.118164 0.118164
v -0.313477 -0.118164 0.106445
v -0.313477 -0.176758 0.106445
v -0.315430 -0.176758 0.118164
v -0.301758 -0.118164 0.120117
v -0.315430 -0.118164 0.118164
v -0.319336 -0.122070 0.061523
v -0.254883 -0.112305 0.061523
v -0.254883 -0.122070 0.061523
v -0.254883 -0.122070 0.061523
v -0.254883 -0.112305 0.061523
v -0.254883 -0.122070 0.069336
v -0.319336 -0.122070 0.071289
v -0.319336 -0.122070 0.061523
v -0.254883 -0.122070 0.061523
v -0.254883 -0.122070 0.061523
v -0.254883 -0.122070 0.069336
v -0.319336 -0.122070 0.071289
v -0.254883 -0.116211 0.061523
v -0.254883 -0.106445 0.055664
v -0.319336 -0.106445 0.055664
v -0.319336 -0.106445 0.055664
v -0.319336 -0.114258 0.061523
v -0.254883 -0.116211 0.061523
v -0.254883 -0.112305 0.061523
v -0.319336 -0.122070 0.061523
v -0.319336 -0.112305 0.061523
v -0.254883 -0.112305 0.061523
v -0.319336 -0.112305 0.061523
v -0.319336 -0.112305 0.071289
v -0.254883 -0.112305 0.071289
v -0.254883 -0.122070 0.069336
v -0.254883 -0.112305 0.061523
v -0.319336 -0.112305 0.071289
v -0.254883 -0.112305 0.071289
v -0.254883 -0.112305 0.061523
v -0.299805 -0.118164 0.051758
v -0.311523 -0.118164 0.049805
v -0.315430 -0.118164 0.061523
v -0.299805 -0.118164 0.051758
v -0.315430 -0.118164 0.061523
v -0.301758 -0.118164 0.063477
v -0.262695 -0.036133 0.045898
v -0.262695 -0.036133 0.122070
v -0.258789 0.059570 0.116211
v -0.258789 0.059570 0.116211
v -0.256836 0.059570 0.053711
v -0.262695 -0.036133 0.045898
v -0.319336 -0.122070 0.071289
v -0.319336 -0.112305 0.061523
v -0.319336 -0.122070 0.061523
v -0.319336 -0.112305 0.061523
v -0.319336 -0.122070 0.071289
v -0.319336 -0.112305 0.071289
v -0.254883 -0.122070 0.069336
v -0.254883 -0.112305 0.071289
v -0.319336 -0.122070 0.071289
v -0.319336 -0.112305 0.071289
v -0.319336 -0.122070 0.071289
v -0.254883 -0.112305 0.071289
v -0.254883 -0.110352 0.108398
v -0.254883 -0.122070 0.108398
v -0.254883 -0.122070 0.098633
v -0.254883 -0.122070 0.098633
v -0.254883 -0.122070 0.108398
v -0.319336 -0.122070 0.108398
v -0.254883 -0.108398 0.098633
v -0.254883 -0.110352 0.108398
v -0.254883 -0.122070 0.098633
v -0.319336 -0.122070 0.098633
v -0.254883 -0.108398 0.098633
v -0.254883 -0.122070 0.098633
v -0.319336 -0.122070 0.108398
v -0.319336 -0.122070 0.098633
v -0.254883 -0.122070 0.098633
v -0.254883 -0.122070 0.108398
v -0.254883 -0.110352 0.108398
v -0.319336 -0.122070 0.108398
v -0.319336 -0.106445 0.114258
v -0.254883 -0.106445 0.114258
v -0.254883 -0.114258 0.108398
v -0.254883 -0.114258 0.108398
v -0.254883 -0.106445 0.114258
v -0.254883 -0.116211 0.209961
v -0.254883 -0.114258 0.108398
v -0.319336 -0.114258 0.108398
v -0.319336 -0.106445 0.114258
v -0.319336 -0.114258 0.209961
v -0.319336 -0.114258 0.108398
v -0.254883 -0.114258 0.108398
v -0.254883 -0.114258 0.108398
v -0.254883 -0.116211 0.209961
v -0.319336 -0.114258 0.209961
v -0.254883 -0.110352 0.108398
v -0.254883 -0.108398 0.098633
v -0.319336 -0.108398 0.098633
v -0.319336 -0.110352 0.108398
v -0.319336 -0.122070 0.108398
v -0.254883 -0.110352 0.108398
v -0.319336 -0.108398 0.098633
v -0.319336 -0.110352 0.108398
v -0.254883 -0.110352 0.108398
v -0.254883 -0.108398 0.098633
v -0.319336 -0.122070 0.098633
v -0.319336 -0.108398 0.098633
v -0.254883 -0.106445 0.114258
v -0.319336 -0.106445 0.114258
v -0.254883 -0.106445 0.204102
v -0.254883 -0.106445 0.204102
v -0.254883 -0.116211 0.209961
v -0.254883 -0.106445 0.114258
v -0.315430 -0.118164 0.118164
v -0.301758 -0.118164 0.120117
v -0.299805 -0.118164 0.108398
v -0.299805 -0.118164 0.108398
v -0.313477 -0.118164 0.106445
v -0.315430 -0.118164 0.118164
v -0.262695 -0.036133 0.122070
v -0.262695 -0.036133 0.196289
v -0.258789 0.059570 0.200195
v -0.258789 0.059570 0.200195
v -0.258789 0.059570 0.116211
v -0.262695 -0.036133 0.122070
v -0.319336 -0.122070 0.098633
v -0.319336 -0.122070 0.108398
v -0.319336 -0.110352 0.108398
v -0.319336 -0.122070 0.098633
v -0.319336 -0.110352 0.108398
v -0.319336 -0.108398 0.098633
v -0.319336 -0.106445 0.204102
v -0.319336 -0.106445 0.114258
v -0.319336 -0.114258 0.108398
v -0.319336 -0.114258 0.108398
v -0.319336 -0.114258 0.209961
v -0.319336 -0.106445 0.204102
v -0.319336 -0.106445 0.204102
v -0.254883 -0.106445 0.204102
v -0.319336 -0.106445 0.114258
v -0.280273 -0.198242 0.219727
v -0.280273 -0.176758 0.221680
v -0.319336 -0.176758 0.221680
v -0.319336 -0.176758 0.221680
v -0.319336 -0.198242 0.221680
v -0.280273 -0.198242 0.219727
v -0.319336 -0.176758 0.247070
v -0.280273 -0.174805 0.249023
v -0.280273 -0.198242 0.249023
v -0.280273 -0.198242 0.249023
v -0.319336 -0.198242 0.247070
v -0.319336 -0.176758 0.247070
v -0.319336 -0.198242 0.374023
v -0.319336 -0.198242 0.247070
v -0.280273 -0.198242 0.249023
v -0.280273 -0.198242 0.249023
v -0.241211 -0.198242 0.372070
v -0.280273 -0.198242 0.372070
v -0.280273 -0.198242 0.249023
v -0.280273 -0.198242 0.372070
v -0.319336 -0.198242 0.374023
v -0.262695 -0.172852 0.268555
v -0.262695 -0.036133 0.196289
v -0.262695 -0.172852 0.200195
v -0.262695 -0.172852 0.200195
v -0.252930 -0.405273 0.397461
v -0.262695 -0.172852 0.268555
v -0.315430 -0.176758 0.211914
v -0.311523 -0.176758 0.198242
v -0.299805 -0.176758 0.202148
v -0.299805 -0.176758 0.202148
v -0.311523 -0.176758 0.198242
v -0.311523 -0.118164 0.198242
v -0.299805 -0.176758 0.202148
v -0.301758 -0.176758 0.213867
v -0.315430 -0.176758 0.211914
v -0.299805 -0.118164 0.202148
v -0.301758 -0.176758 0.213867
v -0.299805 -0.176758 0.202148
v -0.311523 -0.118164 0.198242
v -0.299805 -0.118164 0.202148
v -0.299805 -0.176758 0.202148
v -0.311523 -0.176758 0.198242
v -0.315430 -0.176758 0.211914
v -0.311523 -0.118164 0.198242
v -0.315430 -0.118164 0.211914
v -0.315430 -0.176758 0.211914
v -0.301758 -0.176758 0.213867
v -0.301758 -0.176758 0.213867
v -0.299805 -0.118164 0.202148
v -0.301758 -0.118164 0.213867
v -0.301758 -0.176758 0.213867
v -0.301758 -0.118164 0.213867
v -0.315430 -0.118164 0.211914
v -0.280273 -0.174805 0.249023
v -0.319336 -0.176758 0.247070
v -0.280273 -0.176758 0.374023
v -0.280273 -0.176758 0.374023
v -0.241211 -0.178711 0.375977
v -0.280273 -0.174805 0.249023
v -0.319336 -0.176758 0.375977
v -0.319336 -0.176758 0.247070
v -0.319336 -0.198242 0.247070
v -0.319336 -0.198242 0.247070
v -0.319336 -0.198242 0.374023
v -0.319336 -0.176758 0.375977
v -0.315430 -0.118164 0.211914
v -0.311523 -0.118164 0.198242
v -0.315430 -0.176758 0.211914
v -0.319336 -0.176758 0.375977
v -0.280273 -0.176758 0.374023
v -0.319336 -0.176758 0.247070
v -0.254883 -0.122070 0.209961
v -0.254883 -0.112305 0.209961
v -0.254883 -0.122070 0.219727
v -0.319336 -0.122070 0.209961
v -0.254883 -0.112305 0.209961
v -0.254883 -0.122070 0.209961
v -0.254883 -0.122070 0.209961
v -0.254883 -0.122070 0.219727
v -0.319336 -0.122070 0.219727
v -0.319336 -0.122070 0.219727
v -0.319336 -0.122070 0.209961
v -0.254883 -0.122070 0.209961
v -0.254883 -0.116211 0.209961
v -0.254883 -0.106445 0.204102
v -0.319336 -0.106445 0.204102
v -0.319336 -0.106445 0.204102
v -0.319336 -0.114258 0.209961
v -0.254883 -0.116211 0.209961
v -0.254883 -0.112305 0.219727
v -0.254883 -0.122070 0.219727
v -0.254883 -0.112305 0.209961
v -0.319336 -0.112305 0.209961
v -0.254883 -0.112305 0.219727
v -0.254883 -0.112305 0.209961
v -0.254883 -0.112305 0.209961
v -0.319336 -0.122070 0.209961
v -0.319336 -0.112305 0.209961
v -0.299805 -0.118164 0.202148
v -0.311523 -0.118164 0.198242
v -0.315430 -0.118164 0.211914
v -0.315430 -0.118164 0.211914
v -0.301758 -0.118164 0.213867
v -0.299805 -0.118164 0.202148
v -0.254883 -0.122070 0.219727
v -0.254883 -0.112305 0.219727
v -0.319336 -0.122070 0.219727
v -0.254883 -0.112305 0.219727
v -0.319336 -0.112305 0.209961
v -0.319336 -0.112305 0.219727
v -0.319336 -0.112305 0.219727
v -0.319336 -0.122070 0.219727
v -0.254883 -0.112305 0.219727
v -0.262695 -0.036133 0.196289
v -0.262695 -0.172852 0.268555
v -0.260742 -0.036133 0.274414
v -0.262695 -0.036133 0.196289
v -0.260742 -0.036133 0.274414
v -0.258789 0.059570 0.200195
v -0.319336 -0.122070 0.219727
v -0.319336 -0.112305 0.209961
v -0.319336 -0.122070 0.209961
v -0.319336 -0.112305 0.209961
v -0.319336 -0.122070 0.219727
v -0.319336 -0.112305 0.219727
v -0.125977 -0.409180 0.487305
v -0.125977 -0.375977 0.291992
v -0.012695 -0.372070 0.311523
v -0.125977 -0.375977 0.291992
v -0.125977 -0.409180 0.487305
v -0.219727 -0.403320 0.459961
v -0.243164 -0.174805 0.264648
v -0.243164 -0.174805 0.356445
v -0.241211 -0.032227 0.350586
v -0.262695 -0.172852 0.350586
v -0.243164 -0.174805 0.356445
v -0.243164 -0.174805 0.264648
v -0.241211 -0.032227 0.350586
v -0.241211 -0.032227 0.270508
v -0.243164 -0.174805 0.264648
v -0.243164 -0.174805 0.264648
v -0.241211 -0.032227 0.270508
v -0.262695 -0.172852 0.268555
v -0.243164 -0.174805 0.264648
v -0.262695 -0.172852 0.268555
v -0.262695 -0.172852 0.350586
v -0.241211 -0.198242 0.372070
v -0.241211 -0.178711 0.375977
v -0.280273 -0.198242 0.372070
v -0.262695 -0.172852 0.350586
v -0.241211 -0.032227 0.350586
v -0.243164 -0.174805 0.356445
v -0.241211 -0.032227 0.270508
v -0.241211 -0.032227 0.350586
v -0.262695 -0.036133 0.346680
v -0.260742 -0.036133 0.274414
v -0.262695 -0.172852 0.268555
v -0.241211 -0.032227 0.270508
v -0.262695 -0.036133 0.346680
v -0.260742 -0.036133 0.274414
v -0.241211 -0.032227 0.270508
v -0.241211 -0.032227 0.350586
v -0.262695 -0.172852 0.350586
v -0.262695 -0.036133 0.346680
v -0.004883 -0.194336 0.381836
v -0.006836 -0.194336 0.411133
v -0.006836 -0.170898 0.411133
v -0.006836 -0.170898 0.411133
v -0.006836 -0.172852 0.381836
v -0.004883 -0.194336 0.381836
v -0.059570 -0.172852 0.381836
v -0.059570 -0.194336 0.411133
v -0.061523 -0.194336 0.381836
v -0.061523 -0.194336 0.381836
v -0.059570 -0.194336 0.411133
v -0.202148 -0.194336 0.411133
v -0.202148 -0.194336 0.381836
v -0.059570 -0.172852 0.381836
v -0.061523 -0.194336 0.381836
v -0.202148 -0.194336 0.411133
v -0.202148 -0.194336 0.381836
v -0.061523 -0.194336 0.381836
v -0.008789 -0.194336 0.444336
v -0.006836 -0.170898 0.411133
v -0.006836 -0.194336 0.411133
v -0.059570 -0.194336 0.411133
v -0.059570 -0.172852 0.381836
v -0.057617 -0.170898 0.411133
v -0.059570 -0.194336 0.411133
v -0.057617 -0.170898 0.411133
v -0.057617 -0.194336 0.444336
v -0.059570 -0.194336 0.411133
v -0.057617 -0.194336 0.444336
v -0.206055 -0.194336 0.444336
v -0.206055 -0.194336 0.444336
v -0.202148 -0.194336 0.411133
v -0.059570 -0.194336 0.411133
v -0.084961 -0.170898 0.399414
v -0.057617 -0.170898 0.411133
v -0.059570 -0.172852 0.381836
v -0.059570 -0.172852 0.381836
v -0.090820 -0.170898 0.381836
v -0.084961 -0.170898 0.399414
v -0.059570 -0.172852 0.381836
v -0.202148 -0.194336 0.381836
v -0.204102 -0.172852 0.381836
v -0.006836 -0.170898 0.411133
v -0.008789 -0.194336 0.444336
v -0.008789 -0.170898 0.444336
v -0.057617 -0.170898 0.411133
v -0.084961 -0.170898 0.399414
v -0.176758 -0.172852 0.399414
v -0.057617 -0.170898 0.444336
v -0.057617 -0.194336 0.444336
v -0.057617 -0.170898 0.411133
v -0.204102 -0.170898 0.411133
v -0.057617 -0.170898 0.444336
v -0.057617 -0.170898 0.411133
v -0.057617 -0.170898 0.411133
v -0.176758 -0.172852 0.399414
v -0.204102 -0.170898 0.411133
v -0.170898 -0.172852 0.383789
v -0.084961 -0.170898 0.399414
v -0.090820 -0.170898 0.381836
v -0.090820 -0.170898 0.381836
v -0.084961 -0.170898 0.399414
v -0.090820 0.061523 0.381836
v -0.204102 -0.172852 0.381836
v -0.170898 -0.172852 0.383789
v -0.090820 -0.170898 0.381836
v -0.172852 0.059570 0.383789
v -0.170898 -0.172852 0.383789
v -0.090820 -0.170898 0.381836
v -0.090820 -0.170898 0.381836
v -0.090820 0.061523 0.381836
v -0.172852 0.059570 0.383789
v -0.084961 -0.170898 0.399414
v -0.170898 -0.172852 0.383789
v -0.176758 -0.172852 0.399414
v -0.084961 -0.170898 0.399414
v -0.176758 -0.172852 0.399414
v -0.252930 -0.405273 0.397461
v -0.084961 0.061523 0.399414
v -0.090820 0.061523 0.381836
v -0.084961 -0.170898 0.399414
v -0.081055 -0.170898 0.440430
v -0.083008 -0.170898 0.430664
v -0.071289 -0.170898 0.430664
v -0.071289 -0.170898 0.430664
v -0.083008 -0.170898 0.430664
v -0.084961 -0.116211 0.430664
v -0.071289 -0.170898 0.430664
v -0.071289 -0.170898 0.440430
v -0.081055 -0.170898 0.440430
v -0.075195 -0.114258 0.430664
v -0.071289 -0.170898 0.440430
v -0.071289 -0.170898 0.430664
v -0.084961 -0.116211 0.430664
v -0.075195 -0.114258 0.430664
v -0.071289 -0.170898 0.430664
v -0.083008 -0.170898 0.430664
v -0.081055 -0.170898 0.440430
v -0.086914 -0.116211 0.438477
v -0.086914 -0.116211 0.438477
v -0.084961 -0.116211 0.430664
v -0.083008 -0.170898 0.430664
v -0.088867 -0.168945 0.430664
v -0.086914 -0.168945 0.436523
v -0.092773 -0.168945 0.438477
v -0.090820 -0.114258 0.434570
v -0.086914 -0.168945 0.436523
v -0.088867 -0.168945 0.430664
v -0.092773 -0.168945 0.438477
v -0.096680 -0.170898 0.432617
v -0.088867 -0.168945 0.430664
v -0.088867 -0.168945 0.430664
v -0.096680 -0.170898 0.432617
v -0.092773 -0.114258 0.428711
v -0.088867 -0.168945 0.430664
v -0.092773 -0.114258 0.428711
v -0.090820 -0.114258 0.434570
v -0.090820 -0.114258 0.434570
v -0.092773 -0.168945 0.438477
v -0.086914 -0.168945 0.436523
v -0.096680 -0.170898 0.432617
v -0.092773 -0.168945 0.438477
v -0.096680 -0.114258 0.438477
v -0.098633 -0.114258 0.432617
v -0.092773 -0.114258 0.428711
v -0.096680 -0.170898 0.432617
v -0.096680 -0.114258 0.438477
v -0.098633 -0.114258 0.432617
v -0.096680 -0.170898 0.432617
v -0.106445 -0.170898 0.438477
v -0.108398 -0.170898 0.432617
v -0.100586 -0.170898 0.432617
v -0.100586 -0.170898 0.432617
v -0.108398 -0.170898 0.432617
v -0.110352 -0.114258 0.432617
v -0.100586 -0.170898 0.432617
v -0.098633 -0.170898 0.438477
v -0.106445 -0.170898 0.438477
v -0.104492 -0.114258 0.430664
v -0.098633 -0.170898 0.438477
v -0.100586 -0.170898 0.432617
v -0.110352 -0.114258 0.432617
v -0.104492 -0.114258 0.430664
v -0.100586 -0.170898 0.432617
v -0.108398 -0.170898 0.432617
v -0.106445 -0.170898 0.438477
v -0.110352 -0.114258 0.438477
v -0.110352 -0.114258 0.438477
v -0.110352 -0.114258 0.432617
v -0.108398 -0.170898 0.432617
v -0.120117 -0.170898 0.440430
v -0.118164 -0.170898 0.432617
v -0.114258 -0.170898 0.436523
v -0.114258 -0.170898 0.436523
v -0.118164 -0.170898 0.432617
v -0.120117 -0.114258 0.436523
v -0.120117 -0.114258 0.436523
v -0.120117 -0.170898 0.440430
v -0.114258 -0.170898 0.436523
v -0.120117 -0.170898 0.440430
v -0.124023 -0.170898 0.434570
v -0.118164 -0.170898 0.432617
v -0.118164 -0.170898 0.432617
v -0.124023 -0.170898 0.434570
v -0.120117 -0.114258 0.430664
v -0.118164 -0.170898 0.432617
v -0.120117 -0.114258 0.430664
v -0.120117 -0.114258 0.436523
v -0.124023 -0.170898 0.434570
v -0.120117 -0.170898 0.440430
v -0.125977 -0.114258 0.438477
v -0.125977 -0.116211 0.432617
v -0.120117 -0.114258 0.430664
v -0.124023 -0.170898 0.434570
v -0.125977 -0.114258 0.438477
v -0.125977 -0.116211 0.432617
v -0.124023 -0.170898 0.434570
v -0.057617 -0.194336 0.444336
v -0.057617 -0.170898 0.444336
v -0.206055 -0.194336 0.444336
v -0.057617 -0.170898 0.444336
v -0.204102 -0.170898 0.411133
v -0.206055 -0.170898 0.444336
v -0.206055 -0.170898 0.444336
v -0.206055 -0.194336 0.444336
v -0.057617 -0.170898 0.444336
v -0.075195 -0.114258 0.440430
v -0.081055 -0.170898 0.440430
v -0.071289 -0.170898 0.440430
v -0.071289 -0.170898 0.440430
v -0.075195 -0.114258 0.430664
v -0.075195 -0.114258 0.440430
v -0.081055 -0.170898 0.440430
v -0.075195 -0.114258 0.440430
v -0.086914 -0.116211 0.438477
v -0.092773 -0.168945 0.438477
v -0.090820 -0.114258 0.434570
v -0.096680 -0.114258 0.438477
v -0.102539 -0.114258 0.438477
v -0.106445 -0.170898 0.438477
v -0.098633 -0.170898 0.438477
v -0.098633 -0.170898 0.438477
v -0.104492 -0.114258 0.430664
v -0.102539 -0.114258 0.438477
v -0.106445 -0.170898 0.438477
v -0.102539 -0.114258 0.438477
v -0.110352 -0.114258 0.438477
v -0.120117 -0.170898 0.440430
v -0.120117 -0.114258 0.436523
v -0.125977 -0.114258 0.438477
v -0.006836 -0.118164 0.444336
v -0.004883 -0.106445 0.393555
v -0.004883 -0.118164 0.393555
v -0.004883 -0.106445 0.393555
v -0.006836 -0.118164 0.444336
v -0.006836 -0.106445 0.444336
v -0.079102 -0.110352 0.393555
v -0.069336 -0.110352 0.393555
v -0.069336 -0.118164 0.393555
v -0.069336 -0.118164 0.393555
v -0.069336 -0.110352 0.393555
v -0.067383 -0.118164 0.444336
v -0.069336 -0.118164 0.393555
v -0.079102 -0.118164 0.393555
v -0.079102 -0.110352 0.393555
v -0.067383 -0.118164 0.444336
v -0.079102 -0.118164 0.393555
v -0.069336 -0.118164 0.393555
v -0.069336 -0.110352 0.393555
v -0.079102 -0.110352 0.393555
v -0.077148 -0.108398 0.444336
v -0.067383 -0.108398 0.444336
v -0.067383 -0.118164 0.444336
v -0.069336 -0.110352 0.393555
v -0.077148 -0.108398 0.444336
v -0.067383 -0.108398 0.444336
v -0.069336 -0.110352 0.393555
v -0.079102 -0.118164 0.444336
v -0.079102 -0.110352 0.393555
v -0.079102 -0.118164 0.393555
v -0.079102 -0.118164 0.393555
v -0.067383 -0.118164 0.444336
v -0.079102 -0.118164 0.444336
v -0.079102 -0.112305 0.393555
v -0.086914 -0.104492 0.393555
v -0.086914 -0.104492 0.444336
v -0.198242 -0.112305 0.393555
v -0.086914 -0.104492 0.393555
v -0.079102 -0.112305 0.393555
v -0.086914 -0.104492 0.444336
v -0.079102 -0.110352 0.444336
v -0.079102 -0.112305 0.393555
v -0.079102 -0.112305 0.393555
v -0.079102 -0.110352 0.444336
v -0.198242 -0.112305 0.444336
v -0.198242 -0.112305 0.444336
v -0.198242 -0.112305 0.393555
v -0.079102 -0.112305 0.393555
v -0.079102 -0.118164 0.444336
v -0.077148 -0.108398 0.444336
v -0.079102 -0.110352 0.393555
v -0.192383 -0.104492 0.393555
v -0.086914 -0.104492 0.444336
v -0.086914 -0.104492 0.393555
v -0.086914 -0.104492 0.393555
v -0.198242 -0.112305 0.393555
v -0.192383 -0.104492 0.393555
v -0.075195 -0.114258 0.430664
v -0.084961 -0.116211 0.430664
v -0.075195 -0.114258 0.440430
v -0.098633 -0.114258 0.432617
v -0.090820 -0.114258 0.434570
v -0.092773 -0.114258 0.428711
v -0.086914 -0.116211 0.438477
v -0.075195 -0.114258 0.440430
v -0.084961 -0.116211 0.430664
v -0.090820 -0.114258 0.434570
v -0.098633 -0.114258 0.432617
v -0.096680 -0.114258 0.438477
v -0.104492 -0.114258 0.430664
v -0.110352 -0.114258 0.432617
v -0.110352 -0.114258 0.438477
v -0.110352 -0.114258 0.438477
v -0.102539 -0.114258 0.438477
v -0.104492 -0.114258 0.430664
v -0.125977 -0.114258 0.438477
v -0.120117 -0.114258 0.436523
v -0.120117 -0.114258 0.430664
v -0.120117 -0.114258 0.430664
v -0.125977 -0.116211 0.432617
v -0.125977 -0.114258 0.438477
v -0.067383 -0.118164 0.444336
v -0.067383 -0.108398 0.444336
v -0.077148 -0.108398 0.444336
v -0.067383 -0.118164 0.444336
v -0.077148 -0.108398 0.444336
v -0.079102 -0.118164 0.444336
v -0.079102 -0.110352 0.444336
v -0.086914 -0.104492 0.444336
v -0.198242 -0.112305 0.444336
v -0.086914 -0.104492 0.444336
v -0.192383 -0.104492 0.393555
v -0.192383 -0.104492 0.444336
v -0.192383 -0.104492 0.444336
v -0.198242 -0.112305 0.444336
v -0.086914 -0.104492 0.444336
v -0.204102 -0.172852 0.381836
v -0.176758 -0.172852 0.399414
v -0.170898 -0.172852 0.383789
v -0.172852 0.059570 0.383789
v -0.176758 -0.172852 0.399414
v -0.170898 -0.172852 0.383789
v -0.176758 -0.172852 0.399414
v -0.204102 -0.172852 0.381836
v -0.204102 -0.170898 0.411133
v -0.176758 0.059570 0.399414
v -0.252930 -0.405273 0.397461
v -0.176758 -0.172852 0.399414
v -0.176758 -0.172852 0.399414
v -0.172852 0.059570 0.383789
v -0.176758 0.059570 0.399414
v -0.135742 -0.170898 0.440430
v -0.139648 -0.170898 0.434570
v -0.133789 -0.168945 0.432617
v -0.133789 -0.168945 0.432617
v -0.139648 -0.170898 0.434570
v -0.143555 -0.114258 0.432617
v -0.133789 -0.168945 0.432617
v -0.133789 -0.170898 0.438477
v -0.135742 -0.170898 0.440430
v -0.137695 -0.114258 0.432617
v -0.133789 -0.170898 0.438477
v -0.133789 -0.168945 0.432617
v -0.143555 -0.114258 0.432617
v -0.137695 -0.114258 0.432617
v -0.133789 -0.168945 0.432617
v -0.139648 -0.170898 0.434570
v -0.135742 -0.170898 0.440430
v -0.143555 -0.114258 0.438477
v -0.143555 -0.114258 0.438477
v -0.143555 -0.114258 0.432617
v -0.139648 -0.170898 0.434570
v -0.153320 -0.170898 0.438477
v -0.157227 -0.170898 0.432617
v -0.151367 -0.170898 0.432617
v -0.151367 -0.170898 0.432617
v -0.157227 -0.170898 0.432617
v -0.161133 -0.114258 0.432617
v -0.151367 -0.170898 0.432617
v -0.151367 -0.170898 0.438477
v -0.153320 -0.170898 0.438477
v -0.155273 -0.114258 0.432617
v -0.151367 -0.170898 0.438477
v -0.151367 -0.170898 0.432617
v -0.161133 -0.114258 0.432617
v -0.155273 -0.114258 0.432617
v -0.151367 -0.170898 0.432617
v -0.157227 -0.170898 0.432617
v -0.153320 -0.170898 0.438477
v -0.161133 -0.114258 0.438477
v -0.161133 -0.114258 0.438477
v -0.161133 -0.114258 0.432617
v -0.157227 -0.170898 0.432617
v -0.172852 -0.170898 0.440430
v -0.174805 -0.170898 0.434570
v -0.168945 -0.170898 0.432617
v -0.168945 -0.170898 0.432617
v -0.174805 -0.170898 0.434570
v -0.178711 -0.114258 0.432617
v -0.168945 -0.170898 0.432617
v -0.168945 -0.170898 0.438477
v -0.172852 -0.170898 0.440430
v -0.172852 -0.114258 0.432617
v -0.168945 -0.170898 0.438477
v -0.168945 -0.170898 0.432617
v -0.178711 -0.114258 0.432617
v -0.172852 -0.114258 0.432617
v -0.168945 -0.170898 0.432617
v -0.174805 -0.170898 0.434570
v -0.172852 -0.170898 0.440430
v -0.178711 -0.114258 0.440430
v -0.178711 -0.114258 0.440430
v -0.178711 -0.114258 0.432617
v -0.174805 -0.170898 0.434570
v -0.186523 -0.170898 0.440430
v -0.198242 -0.170898 0.430664
v -0.186523 -0.170898 0.430664
v -0.186523 -0.170898 0.430664
v -0.198242 -0.170898 0.430664
v -0.198242 -0.114258 0.430664
v -0.186523 -0.114258 0.430664
v -0.186523 -0.170898 0.440430
v -0.186523 -0.170898 0.430664
v -0.198242 -0.114258 0.430664
v -0.186523 -0.114258 0.430664
v -0.186523 -0.170898 0.430664
v -0.202148 -0.194336 0.381836
v -0.202148 -0.194336 0.411133
v -0.204102 -0.170898 0.411133
v -0.204102 -0.170898 0.411133
v -0.204102 -0.172852 0.381836
v -0.202148 -0.194336 0.381836
v -0.206055 -0.170898 0.444336
v -0.204102 -0.170898 0.411133
v -0.202148 -0.194336 0.411133
v -0.202148 -0.194336 0.411133
v -0.206055 -0.194336 0.444336
v -0.206055 -0.170898 0.444336
v -0.280273 -0.176758 0.374023
v -0.280273 -0.198242 0.372070
v -0.241211 -0.178711 0.375977
v -0.198242 -0.170898 0.430664
v -0.186523 -0.170898 0.440430
v -0.198242 -0.170898 0.440430
v -0.198242 -0.170898 0.430664
v -0.198242 -0.170898 0.440430
v -0.198242 -0.114258 0.440430
v -0.198242 -0.114258 0.440430
v -0.198242 -0.114258 0.430664
v -0.198242 -0.170898 0.430664
v -0.137695 -0.114258 0.438477
v -0.135742 -0.170898 0.440430
v -0.133789 -0.170898 0.438477
v -0.133789 -0.170898 0.438477
v -0.137695 -0.114258 0.432617
v -0.137695 -0.114258 0.438477
v -0.135742 -0.170898 0.440430
v -0.137695 -0.114258 0.438477
v -0.143555 -0.114258 0.438477
v -0.155273 -0.114258 0.438477
v -0.153320 -0.170898 0.438477
v -0.151367 -0.170898 0.438477
v -0.151367 -0.170898 0.438477
v -0.155273 -0.114258 0.432617
v -0.155273 -0.114258 0.438477
v -0.153320 -0.170898 0.438477
v -0.155273 -0.114258 0.438477
v -0.161133 -0.114258 0.438477
v -0.172852 -0.114258 0.438477
v -0.172852 -0.170898 0.440430
v -0.168945 -0.170898 0.438477
v -0.168945 -0.170898 0.438477
v -0.172852 -0.114258 0.432617
v -0.172852 -0.114258 0.438477
v -0.172852 -0.170898 0.440430
v -0.172852 -0.114258 0.438477
v -0.178711 -0.114258 0.440430
v -0.186523 -0.114258 0.440430
v -0.198242 -0.170898 0.440430
v -0.186523 -0.170898 0.440430
v -0.186523 -0.170898 0.440430
v -0.186523 -0.114258 0.430664
v -0.186523 -0.114258 0.440430
v -0.198242 -0.170898 0.440430
v -0.186523 -0.114258 0.440430
v -0.198242 -0.114258 0.440430
v -0.137695 -0.114258 0.432617
v -0.143555 -0.114258 0.432617
v -0.143555 -0.114258 0.438477
v -0.143555 -0.114258 0.438477
v -0.137695 -0.114258 0.438477
v -0.137695 -0.114258 0.432617
v -0.155273 -0.114258 0.432617
v -0.161133 -0.114258 0.432617
v -0.161133 -0.114258 0.438477
v -0.161133 -0.114258 0.438477
v -0.155273 -0.114258 0.438477
v -0.155273 -0.114258 0.432617
v -0.172852 -0.114258 0.432617
v -0.178711 -0.114258 0.432617
v -0.178711 -0.114258 0.440430
v -0.178711 -0.114258 0.440430
v -0.172852 -0.114258 0.438477
v -0.172852 -0.114258 0.432617
v -0.186523 -0.114258 0.430664
v -0.198242 -0.114258 0.430664
v -0.186523 -0.114258 0.440430
v -0.206055 -0.118164 0.393555
v -0.198242 -0.108398 0.393555
v -0.198242 -0.118164 0.393555
v -0.198242 -0.118164 0.393555
v -0.198242 -0.108398 0.393555
v -0.198242 -0.108398 0.444336
v -0.208008 -0.118164 0.444336
v -0.206055 -0.118164 0.393555
v -0.198242 -0.118164 0.393555
v -0.198242 -0.108398 0.444336
v -0.198242 -0.118164 0.444336
v -0.198242 -0.118164 0.393555
v -0.198242 -0.118164 0.393555
v -0.198242 -0.118164 0.444336
v -0.208008 -0.118164 0.444336
v -0.198242 -0.112305 0.444336
v -0.192383 -0.104492 0.393555
v -0.198242 -0.112305 0.393555
v -0.192383 -0.104492 0.393555
v -0.198242 -0.112305 0.444336
v -0.192383 -0.104492 0.444336
v -0.198242 -0.108398 0.393555
v -0.206055 -0.118164 0.393555
v -0.206055 -0.106445 0.393555
v -0.198242 -0.108398 0.393555
v -0.206055 -0.106445 0.393555
v -0.198242 -0.108398 0.444336
v -0.208008 -0.118164 0.444336
v -0.206055 -0.106445 0.393555
v -0.206055 -0.118164 0.393555
v -0.208008 -0.106445 0.444336
v -0.198242 -0.108398 0.444336
v -0.206055 -0.106445 0.393555
v -0.206055 -0.106445 0.393555
v -0.208008 -0.118164 0.444336
v -0.208008 -0.106445 0.444336
v -0.198242 -0.114258 0.440430
v -0.186523 -0.114258 0.440430
v -0.198242 -0.114258 0.430664
v -0.198242 -0.118164 0.444336
v -0.198242 -0.108398 0.444336
v -0.208008 -0.106445 0.444336
v -0.208008 -0.106445 0.444336
v -0.208008 -0.118164 0.444336
v -0.198242 -0.118164 0.444336
v -0.262695 -0.172852 0.350586
v -0.262695 -0.172852 0.268555
v -0.252930 -0.405273 0.397461
v -0.262695 -0.036133 0.346680
v -0.262695 -0.172852 0.350586
v -0.252930 -0.405273 0.397461
v -0.258789 0.282227 0.397461
v -0.262695 -0.036133 0.346680
v -0.252930 -0.405273 0.397461
v -0.252930 -0.405273 0.397461
v -0.176758 0.059570 0.399414
v -0.258789 0.282227 0.397461
v -0.299805 -0.176758 0.260742
v -0.301758 -0.176758 0.272461
v -0.315430 -0.176758 0.270508
v -0.301758 -0.118164 0.272461
v -0.301758 -0.176758 0.272461
v -0.299805 -0.176758 0.260742
v -0.315430 -0.176758 0.270508
v -0.313477 -0.176758 0.258789
v -0.299805 -0.176758 0.260742
v -0.299805 -0.176758 0.260742
v -0.313477 -0.176758 0.258789
v -0.313477 -0.118164 0.258789
v -0.299805 -0.176758 0.260742
v -0.299805 -0.118164 0.260742
v -0.301758 -0.118164 0.272461
v -0.313477 -0.118164 0.258789
v -0.299805 -0.118164 0.260742
v -0.299805 -0.176758 0.260742
v -0.301758 -0.118164 0.272461
v -0.315430 -0.176758 0.270508
v -0.301758 -0.176758 0.272461
v -0.313477 -0.176758 0.258789
v -0.315430 -0.176758 0.270508
v -0.315430 -0.118164 0.270508
v -0.315430 -0.118164 0.270508
v -0.313477 -0.118164 0.258789
v -0.313477 -0.176758 0.258789
v -0.315430 -0.176758 0.270508
v -0.301758 -0.118164 0.272461
v -0.315430 -0.118164 0.270508
v -0.280273 -0.198242 0.372070
v -0.280273 -0.176758 0.374023
v -0.319336 -0.176758 0.375977
v -0.319336 -0.176758 0.375977
v -0.319336 -0.198242 0.374023
v -0.280273 -0.198242 0.372070
v -0.315430 -0.176758 0.364258
v -0.311523 -0.176758 0.352539
v -0.299805 -0.176758 0.354492
v -0.299805 -0.176758 0.354492
v -0.311523 -0.176758 0.352539
v -0.311523 -0.118164 0.352539
v -0.299805 -0.176758 0.354492
v -0.301758 -0.176758 0.366211
v -0.315430 -0.176758 0.364258
v -0.299805 -0.118164 0.354492
v -0.301758 -0.176758 0.366211
v -0.299805 -0.176758 0.354492
v -0.311523 -0.118164 0.352539
v -0.299805 -0.118164 0.354492
v -0.299805 -0.176758 0.354492
v -0.311523 -0.176758 0.352539
v -0.315430 -0.176758 0.364258
v -0.311523 -0.118164 0.352539
v -0.315430 -0.118164 0.364258
v -0.315430 -0.176758 0.364258
v -0.301758 -0.176758 0.366211
v -0.301758 -0.176758 0.366211
v -0.299805 -0.118164 0.354492
v -0.301758 -0.118164 0.366211
v -0.301758 -0.176758 0.366211
v -0.301758 -0.118164 0.366211
v -0.315430 -0.118164 0.364258
v -0.315430 -0.118164 0.364258
v -0.311523 -0.118164 0.352539
v -0.315430 -0.176758 0.364258
v -0.254883 -0.110352 0.260742
v -0.254883 -0.122070 0.260742
v -0.254883 -0.122070 0.252930
v -0.254883 -0.122070 0.252930
v -0.254883 -0.122070 0.260742
v -0.319336 -0.122070 0.260742
v -0.254883 -0.108398 0.252930
v -0.254883 -0.110352 0.260742
v -0.254883 -0.122070 0.252930
v -0.319336 -0.108398 0.250977
v -0.254883 -0.108398 0.252930
v -0.254883 -0.122070 0.252930
v -0.319336 -0.122070 0.260742
v -0.319336 -0.122070 0.250977
v -0.254883 -0.122070 0.252930
v -0.254883 -0.122070 0.252930
v -0.319336 -0.122070 0.250977
v -0.319336 -0.108398 0.250977
v -0.254883 -0.122070 0.260742
v -0.254883 -0.110352 0.260742
v -0.319336 -0.122070 0.260742
v -0.319336 -0.106445 0.266602
v -0.254883 -0.106445 0.266602
v -0.254883 -0.114258 0.260742
v -0.254883 -0.114258 0.260742
v -0.254883 -0.106445 0.266602
v -0.254883 -0.114258 0.362305
v -0.254883 -0.114258 0.260742
v -0.319336 -0.114258 0.260742
v -0.319336 -0.106445 0.266602
v -0.319336 -0.114258 0.362305
v -0.319336 -0.114258 0.260742
v -0.254883 -0.114258 0.260742
v -0.254883 -0.114258 0.260742
v -0.254883 -0.114258 0.362305
v -0.319336 -0.114258 0.362305
v -0.254883 -0.110352 0.260742
v -0.254883 -0.108398 0.252930
v -0.319336 -0.110352 0.260742
v -0.319336 -0.110352 0.260742
v -0.319336 -0.122070 0.260742
v -0.254883 -0.110352 0.260742
v -0.319336 -0.108398 0.250977
v -0.319336 -0.110352 0.260742
v -0.254883 -0.108398 0.252930
v -0.254883 -0.106445 0.266602
v -0.319336 -0.106445 0.266602
v -0.254883 -0.106445 0.356445
v -0.254883 -0.106445 0.266602
v -0.254883 -0.106445 0.356445
v -0.254883 -0.114258 0.362305
v -0.315430 -0.118164 0.270508
v -0.301758 -0.118164 0.272461
v -0.299805 -0.118164 0.260742
v -0.299805 -0.118164 0.260742
v -0.313477 -0.118164 0.258789
v -0.315430 -0.118164 0.270508
v -0.260742 -0.036133 0.274414
v -0.262695 -0.036133 0.346680
v -0.258789 0.059570 0.268555
v -0.258789 0.059570 0.268555
v -0.258789 0.059570 0.200195
v -0.260742 -0.036133 0.274414
v -0.319336 -0.122070 0.250977
v -0.319336 -0.122070 0.260742
v -0.319336 -0.110352 0.260742
v -0.319336 -0.122070 0.250977
v -0.319336 -0.110352 0.260742
v -0.319336 -0.108398 0.250977
v -0.319336 -0.106445 0.356445
v -0.319336 -0.106445 0.266602
v -0.319336 -0.114258 0.260742
v -0.319336 -0.114258 0.362305
v -0.319336 -0.106445 0.356445
v -0.319336 -0.114258 0.260742
v -0.319336 -0.106445 0.356445
v -0.254883 -0.106445 0.356445
v -0.319336 -0.106445 0.266602
v -0.319336 -0.106445 0.356445
v -0.254883 -0.114258 0.362305
v -0.254883 -0.106445 0.356445
v -0.254883 -0.122070 0.362305
v -0.254883 -0.112305 0.362305
v -0.254883 -0.122070 0.372070
v -0.319336 -0.122070 0.362305
v -0.254883 -0.112305 0.362305
v -0.254883 -0.122070 0.362305
v -0.254883 -0.122070 0.362305
v -0.254883 -0.122070 0.372070
v -0.319336 -0.122070 0.372070
v -0.319336 -0.122070 0.372070
v -0.319336 -0.122070 0.362305
v -0.254883 -0.122070 0.362305
v -0.254883 -0.114258 0.362305
v -0.319336 -0.106445 0.356445
v -0.319336 -0.114258 0.362305
v -0.254883 -0.112305 0.372070
v -0.254883 -0.122070 0.372070
v -0.254883 -0.112305 0.362305
v -0.319336 -0.112305 0.362305
v -0.254883 -0.112305 0.372070
v -0.254883 -0.112305 0.362305
v -0.254883 -0.112305 0.362305
v -0.319336 -0.122070 0.362305
v -0.319336 -0.112305 0.362305
v -0.254883 -0.122070 0.372070
v -0.254883 -0.112305 0.372070
v -0.319336 -0.122070 0.372070
v -0.254883 -0.112305 0.372070
v -0.319336 -0.112305 0.362305
v -0.319336 -0.112305 0.372070
v -0.319336 -0.112305 0.372070
v -0.319336 -0.122070 0.372070
v -0.254883 -0.112305 0.372070
v -0.299805 -0.118164 0.354492
v -0.311523 -0.118164 0.352539
v -0.315430 -0.118164 0.364258
v -0.315430 -0.118164 0.364258
v -0.301758 -0.118164 0.366211
v -0.299805 -0.118164 0.354492
v -0.260742 0.059570 0.352539
v -0.258789 0.059570 0.268555
v -0.262695 -0.036133 0.346680
v -0.258789 0.282227 0.397461
v -0.260742 0.059570 0.352539
v -0.262695 -0.036133 0.346680
v -0.319336 -0.122070 0.372070
v -0.319336 -0.112305 0.362305
v -0.319336 -0.122070 0.362305
v -0.319336 -0.112305 0.362305
v -0.319336 -0.122070 0.372070
v -0.319336 -0.112305 0.372070
v -0.256836 0.059570 0.053711
v -0.241211 0.057617 0.073242
v -0.241211 0.059570 0.057617
v -0.256836 0.059570 0.053711
v -0.239258 0.200195 0.051758
v -0.241211 0.059570 0.057617
v -0.241211 0.036133 0.069336
v -0.241211 0.057617 0.073242
v -0.280273 0.036133 0.069336
v -0.280273 0.059570 0.071289
v -0.280273 0.036133 0.069336
v -0.241211 0.057617 0.073242
v -0.241211 0.036133 0.094727
v -0.241211 0.057617 0.094727
v -0.241211 0.036133 0.219727
v -0.280273 0.059570 0.094727
v -0.241211 0.057617 0.094727
v -0.241211 0.036133 0.094727
v -0.241211 0.036133 0.094727
v -0.241211 0.036133 0.219727
v -0.280273 0.036133 0.094727
v -0.241211 0.036133 0.094727
v -0.280273 0.036133 0.094727
v -0.280273 0.059570 0.094727
v -0.241211 0.057617 0.221680
v -0.241211 0.036133 0.219727
v -0.241211 0.057617 0.094727
v -0.280273 0.059570 0.094727
v -0.241211 0.057617 0.221680
v -0.241211 0.057617 0.094727
v -0.241211 0.059570 0.204102
v -0.241211 0.200195 0.118164
v -0.241211 0.057617 0.112305
v -0.241211 0.057617 0.112305
v -0.241211 0.200195 0.118164
v -0.258789 0.059570 0.116211
v -0.241211 0.057617 0.221680
v -0.241211 0.059570 0.204102
v -0.241211 0.057617 0.112305
v -0.258789 0.059570 0.200195
v -0.241211 0.059570 0.204102
v -0.241211 0.057617 0.112305
v -0.241211 0.057617 0.112305
v -0.258789 0.059570 0.116211
v -0.258789 0.059570 0.200195
v -0.239258 0.200195 0.051758
v -0.256836 0.059570 0.053711
v -0.258789 0.198242 0.047852
v -0.241211 0.200195 0.118164
v -0.241211 0.059570 0.204102
v -0.239258 0.200195 0.198242
v -0.241211 0.200195 0.118164
v -0.239258 0.200195 0.198242
v -0.260742 0.198242 0.194336
v -0.260742 0.198242 0.122070
v -0.258789 0.059570 0.116211
v -0.241211 0.200195 0.118164
v -0.260742 0.198242 0.194336
v -0.260742 0.198242 0.122070
v -0.241211 0.200195 0.118164
v -0.258789 0.059570 0.200195
v -0.241211 0.057617 0.221680
v -0.241211 0.059570 0.204102
v -0.258789 0.059570 0.200195
v -0.239258 0.200195 0.198242
v -0.241211 0.059570 0.204102
v -0.241211 0.036133 0.219727
v -0.241211 0.057617 0.221680
v -0.280273 0.036133 0.219727
v -0.280273 0.036133 0.219727
v -0.280273 0.036133 0.094727
v -0.241211 0.036133 0.219727
v -0.241211 0.057617 0.221680
v -0.280273 0.059570 0.094727
v -0.280273 0.059570 0.221680
v -0.280273 0.059570 0.221680
v -0.280273 0.036133 0.219727
v -0.241211 0.057617 0.221680
v -0.280273 0.036133 0.247070
v -0.241211 0.057617 0.249023
v -0.241211 0.036133 0.249023
v -0.241211 0.036133 0.249023
v -0.241211 0.057617 0.249023
v -0.241211 0.036133 0.372070
v -0.280273 0.036133 0.372070
v -0.280273 0.036133 0.247070
v -0.241211 0.036133 0.249023
v -0.241211 0.036133 0.249023
v -0.241211 0.036133 0.372070
v -0.280273 0.036133 0.372070
v -0.241211 0.057617 0.249023
v -0.280273 0.036133 0.247070
v -0.280273 0.059570 0.247070
v -0.241211 0.057617 0.249023
v -0.280273 0.059570 0.247070
v -0.241211 0.057617 0.375977
v -0.241211 0.057617 0.375977
v -0.241211 0.036133 0.372070
v -0.241211 0.057617 0.249023
v -0.239258 0.200195 0.198242
v -0.258789 0.059570 0.200195
v -0.260742 0.198242 0.194336
v -0.256836 0.059570 0.053711
v -0.258789 0.059570 0.116211
v -0.258789 0.198242 0.047852
v -0.299805 0.059570 0.051758
v -0.311523 0.059570 0.049805
v -0.311523 0.116211 0.049805
v -0.315430 0.059570 0.061523
v -0.311523 0.059570 0.049805
v -0.299805 0.059570 0.051758
v -0.311523 0.116211 0.049805
v -0.299805 0.116211 0.051758
v -0.299805 0.059570 0.051758
v -0.299805 0.059570 0.051758
v -0.299805 0.116211 0.051758
v -0.301758 0.059570 0.063477
v -0.301758 0.059570 0.063477
v -0.315430 0.059570 0.061523
v -0.299805 0.059570 0.051758
v -0.315430 0.116211 0.061523
v -0.311523 0.116211 0.049805
v -0.311523 0.059570 0.049805
v -0.311523 0.059570 0.049805
v -0.315430 0.059570 0.061523
v -0.315430 0.116211 0.061523
v -0.319336 0.114258 0.061523
v -0.254883 0.122070 0.061523
v -0.254883 0.114258 0.061523
v -0.254883 0.114258 0.061523
v -0.254883 0.122070 0.061523
v -0.254883 0.114258 0.069336
v -0.319336 0.114258 0.071289
v -0.319336 0.114258 0.061523
v -0.254883 0.114258 0.061523
v -0.254883 0.114258 0.061523
v -0.254883 0.114258 0.069336
v -0.319336 0.114258 0.071289
v -0.254883 0.127930 0.055664
v -0.319336 0.120117 0.061523
v -0.254883 0.120117 0.061523
v -0.254883 0.122070 0.061523
v -0.319336 0.114258 0.061523
v -0.319336 0.122070 0.061523
v -0.254883 0.122070 0.061523
v -0.319336 0.122070 0.061523
v -0.319336 0.122070 0.071289
v -0.254883 0.122070 0.071289
v -0.254883 0.114258 0.069336
v -0.254883 0.122070 0.061523
v -0.319336 0.122070 0.071289
v -0.254883 0.122070 0.071289
v -0.254883 0.122070 0.061523
v -0.299805 0.116211 0.051758
v -0.311523 0.116211 0.049805
v -0.315430 0.116211 0.061523
v -0.299805 0.116211 0.051758
v -0.315430 0.116211 0.061523
v -0.301758 0.116211 0.063477
v -0.301758 0.116211 0.063477
v -0.301758 0.059570 0.063477
v -0.299805 0.116211 0.051758
v -0.301758 0.059570 0.063477
v -0.315430 0.116211 0.061523
v -0.315430 0.059570 0.061523
v -0.315430 0.116211 0.061523
v -0.301758 0.059570 0.063477
v -0.301758 0.116211 0.063477
v -0.319336 0.114258 0.071289
v -0.319336 0.122070 0.061523
v -0.319336 0.114258 0.061523
v -0.319336 0.120117 0.061523
v -0.254883 0.127930 0.055664
v -0.319336 0.127930 0.055664
v -0.319336 0.122070 0.061523
v -0.319336 0.114258 0.071289
v -0.319336 0.122070 0.071289
v -0.280273 0.036133 0.069336
v -0.280273 0.059570 0.071289
v -0.319336 0.059570 0.073242
v -0.319336 0.059570 0.073242
v -0.319336 0.036133 0.071289
v -0.280273 0.036133 0.069336
v -0.319336 0.059570 0.094727
v -0.280273 0.059570 0.094727
v -0.280273 0.036133 0.094727
v -0.280273 0.036133 0.094727
v -0.319336 0.036133 0.094727
v -0.319336 0.059570 0.094727
v -0.319336 0.036133 0.221680
v -0.319336 0.036133 0.094727
v -0.280273 0.036133 0.094727
v -0.280273 0.036133 0.094727
v -0.280273 0.036133 0.219727
v -0.319336 0.036133 0.221680
v -0.280273 0.059570 0.094727
v -0.319336 0.059570 0.094727
v -0.280273 0.059570 0.221680
v -0.260742 0.198242 0.122070
v -0.258789 0.198242 0.047852
v -0.258789 0.059570 0.116211
v -0.301758 0.118164 0.120117
v -0.301758 0.059570 0.120117
v -0.299805 0.059570 0.108398
v -0.299805 0.059570 0.108398
v -0.301758 0.059570 0.120117
v -0.315430 0.059570 0.118164
v -0.299805 0.059570 0.108398
v -0.299805 0.118164 0.108398
v -0.301758 0.118164 0.120117
v -0.313477 0.118164 0.106445
v -0.299805 0.118164 0.108398
v -0.299805 0.059570 0.108398
v -0.315430 0.059570 0.118164
v -0.313477 0.059570 0.106445
v -0.299805 0.059570 0.108398
v -0.299805 0.059570 0.108398
v -0.313477 0.059570 0.106445
v -0.313477 0.118164 0.106445
v -0.301758 0.059570 0.120117
v -0.301758 0.118164 0.120117
v -0.315430 0.059570 0.118164
v -0.254883 0.114258 0.069336
v -0.254883 0.122070 0.071289
v -0.319336 0.114258 0.071289
v -0.319336 0.122070 0.071289
v -0.319336 0.114258 0.071289
v -0.254883 0.122070 0.071289
v -0.254883 0.124023 0.108398
v -0.254883 0.114258 0.108398
v -0.254883 0.114258 0.098633
v -0.254883 0.114258 0.098633
v -0.254883 0.114258 0.108398
v -0.319336 0.114258 0.108398
v -0.254883 0.125977 0.098633
v -0.254883 0.124023 0.108398
v -0.254883 0.114258 0.098633
v -0.319336 0.114258 0.108398
v -0.319336 0.114258 0.098633
v -0.254883 0.114258 0.098633
v -0.254883 0.114258 0.098633
v -0.319336 0.114258 0.098633
v -0.254883 0.125977 0.098633
v -0.254883 0.114258 0.108398
v -0.254883 0.124023 0.108398
v -0.319336 0.114258 0.108398
v -0.254883 0.120117 0.108398
v -0.319336 0.120117 0.108398
v -0.319336 0.129883 0.114258
v -0.319336 0.120117 0.209961
v -0.319336 0.120117 0.108398
v -0.254883 0.120117 0.108398
v -0.319336 0.129883 0.114258
v -0.254883 0.129883 0.114258
v -0.254883 0.120117 0.108398
v -0.254883 0.120117 0.108398
v -0.254883 0.129883 0.114258
v -0.254883 0.120117 0.209961
v -0.254883 0.120117 0.108398
v -0.254883 0.120117 0.209961
v -0.319336 0.120117 0.209961
v -0.319336 0.124023 0.108398
v -0.319336 0.114258 0.108398
v -0.254883 0.124023 0.108398
v -0.319336 0.125977 0.098633
v -0.319336 0.124023 0.108398
v -0.254883 0.124023 0.108398
v -0.254883 0.124023 0.108398
v -0.254883 0.125977 0.098633
v -0.319336 0.125977 0.098633
v -0.315430 0.118164 0.118164
v -0.301758 0.118164 0.120117
v -0.299805 0.118164 0.108398
v -0.299805 0.118164 0.108398
v -0.313477 0.118164 0.106445
v -0.315430 0.118164 0.118164
v -0.315430 0.118164 0.118164
v -0.315430 0.059570 0.118164
v -0.301758 0.118164 0.120117
v -0.319336 0.059570 0.221680
v -0.319336 0.059570 0.094727
v -0.319336 0.036133 0.094727
v -0.319336 0.036133 0.094727
v -0.319336 0.036133 0.221680
v -0.319336 0.059570 0.221680
v -0.319336 0.059570 0.221680
v -0.280273 0.059570 0.221680
v -0.319336 0.059570 0.094727
v -0.313477 0.059570 0.106445
v -0.315430 0.059570 0.118164
v -0.315430 0.118164 0.118164
v -0.315430 0.118164 0.118164
v -0.313477 0.118164 0.106445
v -0.313477 0.059570 0.106445
v -0.319336 0.114258 0.098633
v -0.319336 0.114258 0.108398
v -0.319336 0.124023 0.108398
v -0.319336 0.114258 0.098633
v -0.319336 0.124023 0.108398
v -0.319336 0.125977 0.098633
v -0.319336 0.125977 0.098633
v -0.254883 0.125977 0.098633
v -0.319336 0.114258 0.098633
v -0.319336 0.127930 0.204102
v -0.319336 0.129883 0.114258
v -0.319336 0.120117 0.108398
v -0.319336 0.120117 0.108398
v -0.319336 0.120117 0.209961
v -0.319336 0.127930 0.204102
v -0.254883 0.129883 0.114258
v -0.319336 0.129883 0.114258
v -0.254883 0.127930 0.204102
v -0.254883 0.127930 0.204102
v -0.254883 0.120117 0.209961
v -0.254883 0.129883 0.114258
v -0.319336 0.127930 0.204102
v -0.254883 0.127930 0.204102
v -0.319336 0.129883 0.114258
v -0.258789 0.059570 0.268555
v -0.260742 0.198242 0.194336
v -0.258789 0.059570 0.200195
v -0.299805 0.059570 0.202148
v -0.311523 0.059570 0.198242
v -0.311523 0.116211 0.198242
v -0.315430 0.059570 0.211914
v -0.311523 0.059570 0.198242
v -0.299805 0.059570 0.202148
v -0.299805 0.116211 0.202148
v -0.301758 0.059570 0.213867
v -0.299805 0.059570 0.202148
v -0.299805 0.059570 0.202148
v -0.301758 0.059570 0.213867
v -0.315430 0.059570 0.211914
v -0.311523 0.116211 0.198242
v -0.299805 0.116211 0.202148
v -0.299805 0.059570 0.202148
v -0.315430 0.059570 0.211914
v -0.311523 0.116211 0.198242
v -0.311523 0.059570 0.198242
v -0.301758 0.059570 0.213867
v -0.299805 0.116211 0.202148
v -0.301758 0.116211 0.213867
v -0.301758 0.059570 0.213867
v -0.301758 0.116211 0.213867
v -0.315430 0.116211 0.211914
v -0.315430 0.116211 0.211914
v -0.315430 0.059570 0.211914
v -0.301758 0.059570 0.213867
v -0.280273 0.036133 0.219727
v -0.280273 0.059570 0.221680
v -0.319336 0.059570 0.221680
v -0.319336 0.059570 0.221680
v -0.319336 0.036133 0.221680
v -0.280273 0.036133 0.219727
v -0.319336 0.059570 0.247070
v -0.280273 0.059570 0.247070
v -0.280273 0.036133 0.247070
v -0.280273 0.036133 0.247070
v -0.319336 0.036133 0.247070
v -0.319336 0.059570 0.247070
v -0.319336 0.036133 0.374023
v -0.319336 0.036133 0.247070
v -0.280273 0.036133 0.247070
v -0.280273 0.036133 0.247070
v -0.280273 0.036133 0.372070
v -0.319336 0.036133 0.374023
v -0.280273 0.059570 0.247070
v -0.319336 0.059570 0.247070
v -0.280273 0.059570 0.374023
v -0.280273 0.059570 0.374023
v -0.241211 0.057617 0.375977
v -0.280273 0.059570 0.247070
v -0.254883 0.114258 0.209961
v -0.254883 0.122070 0.209961
v -0.254883 0.114258 0.219727
v -0.319336 0.114258 0.209961
v -0.254883 0.122070 0.209961
v -0.254883 0.114258 0.209961
v -0.254883 0.114258 0.209961
v -0.254883 0.114258 0.219727
v -0.319336 0.114258 0.219727
v -0.319336 0.114258 0.219727
v -0.319336 0.114258 0.209961
v -0.254883 0.114258 0.209961
v -0.254883 0.127930 0.204102
v -0.319336 0.120117 0.209961
v -0.254883 0.120117 0.209961
v -0.254883 0.122070 0.219727
v -0.254883 0.114258 0.219727
v -0.254883 0.122070 0.209961
v -0.319336 0.122070 0.209961
v -0.254883 0.122070 0.219727
v -0.254883 0.122070 0.209961
v -0.254883 0.122070 0.209961
v -0.319336 0.114258 0.209961
v -0.319336 0.122070 0.209961
v -0.299805 0.116211 0.202148
v -0.311523 0.116211 0.198242
v -0.315430 0.116211 0.211914
v -0.315430 0.116211 0.211914
v -0.301758 0.116211 0.213867
v -0.299805 0.116211 0.202148
v -0.311523 0.116211 0.198242
v -0.315430 0.059570 0.211914
v -0.315430 0.116211 0.211914
v -0.254883 0.114258 0.219727
v -0.254883 0.122070 0.219727
v -0.319336 0.114258 0.219727
v -0.254883 0.122070 0.219727
v -0.319336 0.122070 0.209961
v -0.319336 0.122070 0.219727
v -0.319336 0.122070 0.219727
v -0.319336 0.114258 0.219727
v -0.254883 0.122070 0.219727
v -0.319336 0.059570 0.374023
v -0.319336 0.059570 0.247070
v -0.319336 0.036133 0.247070
v -0.319336 0.036133 0.247070
v -0.319336 0.036133 0.374023
v -0.319336 0.059570 0.374023
v -0.319336 0.059570 0.374023
v -0.280273 0.059570 0.374023
v -0.319336 0.059570 0.247070
v -0.319336 0.114258 0.219727
v -0.319336 0.122070 0.209961
v -0.319336 0.114258 0.209961
v -0.319336 0.120117 0.209961
v -0.254883 0.127930 0.204102
v -0.319336 0.127930 0.204102
v -0.319336 0.122070 0.209961
v -0.319336 0.114258 0.219727
v -0.319336 0.122070 0.219727
v -0.260742 0.198242 0.194336
v -0.258789 0.059570 0.268555
v -0.260742 0.198242 0.274414
v -0.241211 0.057617 0.264648
v -0.241211 0.059570 0.356445
v -0.241211 0.200195 0.270508
v -0.260742 0.059570 0.352539
v -0.241211 0.059570 0.356445
v -0.241211 0.057617 0.264648
v -0.241211 0.057617 0.264648
v -0.241211 0.200195 0.270508
v -0.258789 0.059570 0.268555
v -0.241211 0.057617 0.264648
v -0.258789 0.059570 0.268555
v -0.260742 0.059570 0.352539
v -0.241211 0.200195 0.350586
v -0.241211 0.200195 0.270508
v -0.241211 0.059570 0.356445
v -0.260742 0.198242 0.346680
v -0.241211 0.200195 0.350586
v -0.241211 0.059570 0.356445
v -0.241211 0.059570 0.356445
v -0.260742 0.059570 0.352539
v -0.260742 0.198242 0.346680
v -0.241211 0.036133 0.372070
v -0.241211 0.057617 0.375977
v -0.280273 0.036133 0.372070
v -0.241211 0.200195 0.270508
v -0.241211 0.200195 0.350586
v -0.260742 0.198242 0.346680
v -0.260742 0.198242 0.274414
v -0.258789 0.059570 0.268555
v -0.241211 0.200195 0.270508
v -0.260742 0.198242 0.346680
v -0.260742 0.198242 0.274414
v -0.241211 0.200195 0.270508
v -0.006836 0.061523 0.411133
v -0.006836 0.059570 0.381836
v -0.004883 0.038086 0.381836
v -0.004883 0.038086 0.381836
v -0.006836 0.038086 0.411133
v -0.006836 0.061523 0.411133
v -0.008789 0.038086 0.444336
v -0.006836 0.061523 0.411133
v -0.006836 0.038086 0.411133
v -0.006836 0.061523 0.411133
v -0.008789 0.038086 0.444336
v -0.008789 0.061523 0.444336
v -0.004883 0.114258 0.393555
v -0.006836 0.114258 0.444336
v -0.004883 0.125977 0.393555
v -0.065430 0.038086 0.381836
v -0.065430 0.059570 0.381836
v -0.065430 0.038086 0.411133
v -0.208008 0.038086 0.381836
v -0.065430 0.059570 0.381836
v -0.065430 0.038086 0.381836
v -0.065430 0.038086 0.381836
v -0.065430 0.038086 0.411133
v -0.208008 0.038086 0.411133
v -0.208008 0.038086 0.411133
v -0.208008 0.038086 0.381836
v -0.065430 0.038086 0.381836
v -0.065430 0.059570 0.381836
v -0.090820 0.061523 0.381836
v -0.084961 0.061523 0.399414
v -0.065430 0.059570 0.381836
v -0.084961 0.061523 0.399414
v -0.063477 0.061523 0.411133
v -0.063477 0.061523 0.411133
v -0.065430 0.038086 0.411133
v -0.065430 0.059570 0.381836
v -0.065430 0.059570 0.381836
v -0.208008 0.038086 0.381836
v -0.208008 0.059570 0.381836
v -0.090820 0.061523 0.381836
v -0.084961 0.061523 0.399414
v -0.096680 0.196289 0.381836
v -0.168945 0.061523 0.381836
v -0.084961 0.061523 0.399414
v -0.090820 0.061523 0.381836
v -0.168945 0.061523 0.383789
v -0.084961 0.061523 0.399414
v -0.090820 0.061523 0.381836
v -0.090820 0.061523 0.381836
v -0.096680 0.196289 0.381836
v -0.163086 0.194336 0.383789
v -0.163086 0.194336 0.383789
v -0.168945 0.061523 0.383789
v -0.090820 0.061523 0.381836
v -0.208008 0.061523 0.411133
v -0.063477 0.061523 0.411133
v -0.084961 0.061523 0.399414
v -0.084961 0.061523 0.399414
v -0.090820 0.202148 0.399414
v -0.096680 0.196289 0.381836
v -0.084961 0.061523 0.399414
v -0.168945 0.061523 0.381836
v -0.170898 0.061523 0.397461
v -0.084961 0.061523 0.399414
v -0.168945 0.061523 0.381836
v -0.208008 0.059570 0.381836
v -0.084961 0.061523 0.399414
v -0.168945 0.061523 0.383789
v -0.170898 0.061523 0.397461
v -0.208008 0.059570 0.381836
v -0.170898 0.061523 0.397461
v -0.084961 0.061523 0.399414
v -0.084961 0.061523 0.399414
v -0.208008 0.059570 0.381836
v -0.208008 0.061523 0.411133
v -0.065430 0.038086 0.411133
v -0.063477 0.061523 0.411133
v -0.061523 0.038086 0.444336
v -0.065430 0.038086 0.411133
v -0.061523 0.038086 0.444336
v -0.209961 0.038086 0.444336
v -0.209961 0.038086 0.444336
v -0.208008 0.038086 0.411133
v -0.065430 0.038086 0.411133
v -0.061523 0.061523 0.444336
v -0.061523 0.038086 0.444336
v -0.063477 0.061523 0.411133
v -0.208008 0.061523 0.411133
v -0.061523 0.061523 0.444336
v -0.063477 0.061523 0.411133
v -0.075195 0.061523 0.430664
v -0.084961 0.061523 0.430664
v -0.088867 0.116211 0.430664
v -0.084961 0.061523 0.440430
v -0.084961 0.061523 0.430664
v -0.075195 0.061523 0.430664
v -0.088867 0.116211 0.430664
v -0.077148 0.116211 0.430664
v -0.075195 0.061523 0.430664
v -0.075195 0.061523 0.430664
v -0.077148 0.116211 0.430664
v -0.075195 0.061523 0.440430
v -0.075195 0.061523 0.430664
v -0.075195 0.061523 0.440430
v -0.084961 0.061523 0.440430
v -0.088867 0.116211 0.438477
v -0.088867 0.116211 0.430664
v -0.084961 0.061523 0.430664
v -0.084961 0.061523 0.430664
v -0.084961 0.061523 0.440430
v -0.088867 0.116211 0.438477
v -0.098633 0.061523 0.430664
v -0.096680 0.061523 0.436523
v -0.104492 0.061523 0.434570
v -0.090820 0.118164 0.432617
v -0.096680 0.061523 0.436523
v -0.098633 0.061523 0.430664
v -0.098633 0.061523 0.430664
v -0.104492 0.061523 0.434570
v -0.098633 0.118164 0.428711
v -0.098633 0.061523 0.430664
v -0.092773 0.118164 0.426758
v -0.090820 0.118164 0.432617
v -0.098633 0.118164 0.428711
v -0.092773 0.118164 0.426758
v -0.098633 0.061523 0.430664
v -0.096680 0.118164 0.434570
v -0.104492 0.061523 0.434570
v -0.096680 0.061523 0.436523
v -0.096680 0.061523 0.436523
v -0.090820 0.118164 0.432617
v -0.096680 0.118164 0.434570
v -0.102539 0.061523 0.432617
v -0.110352 0.061523 0.432617
v -0.112305 0.118164 0.432617
v -0.108398 0.061523 0.438477
v -0.110352 0.061523 0.432617
v -0.102539 0.061523 0.432617
v -0.112305 0.118164 0.432617
v -0.104492 0.118164 0.430664
v -0.102539 0.061523 0.432617
v -0.102539 0.061523 0.432617
v -0.104492 0.118164 0.430664
v -0.102539 0.061523 0.438477
v -0.102539 0.061523 0.432617
v -0.102539 0.061523 0.438477
v -0.108398 0.061523 0.438477
v -0.096680 0.118164 0.434570
v -0.098633 0.118164 0.428711
v -0.104492 0.061523 0.434570
v -0.110352 0.118164 0.438477
v -0.112305 0.118164 0.432617
v -0.110352 0.061523 0.432617
v -0.110352 0.061523 0.432617
v -0.108398 0.061523 0.438477
v -0.110352 0.118164 0.438477
v -0.120117 0.061523 0.432617
v -0.118164 0.061523 0.438477
v -0.122070 0.061523 0.440430
v -0.125977 0.118164 0.430664
v -0.118164 0.061523 0.438477
v -0.120117 0.061523 0.432617
v -0.120117 0.061523 0.432617
v -0.122070 0.061523 0.440430
v -0.125977 0.061523 0.434570
v -0.120117 0.061523 0.432617
v -0.125977 0.061523 0.434570
v -0.131836 0.118164 0.432617
v -0.131836 0.118164 0.432617
v -0.125977 0.118164 0.430664
v -0.120117 0.061523 0.432617
v -0.079102 0.122070 0.393555
v -0.069336 0.122070 0.393555
v -0.069336 0.114258 0.393555
v -0.069336 0.114258 0.393555
v -0.069336 0.122070 0.393555
v -0.067383 0.114258 0.444336
v -0.069336 0.114258 0.393555
v -0.079102 0.114258 0.393555
v -0.079102 0.122070 0.393555
v -0.067383 0.114258 0.444336
v -0.079102 0.114258 0.393555
v -0.069336 0.114258 0.393555
v -0.069336 0.122070 0.393555
v -0.079102 0.122070 0.393555
v -0.077148 0.122070 0.444336
v -0.067383 0.122070 0.444336
v -0.067383 0.114258 0.444336
v -0.069336 0.122070 0.393555
v -0.077148 0.122070 0.444336
v -0.067383 0.122070 0.444336
v -0.069336 0.122070 0.393555
v -0.079102 0.114258 0.444336
v -0.079102 0.122070 0.393555
v -0.079102 0.114258 0.393555
v -0.079102 0.114258 0.393555
v -0.067383 0.114258 0.444336
v -0.079102 0.114258 0.444336
v -0.086914 0.125977 0.444336
v -0.079102 0.120117 0.444336
v -0.079102 0.120117 0.393555
v -0.079102 0.120117 0.393555
v -0.079102 0.120117 0.444336
v -0.198242 0.120117 0.444336
v -0.079102 0.120117 0.393555
v -0.086914 0.127930 0.393555
v -0.086914 0.125977 0.444336
v -0.198242 0.120117 0.393555
v -0.086914 0.127930 0.393555
v -0.079102 0.120117 0.393555
v -0.198242 0.120117 0.444336
v -0.198242 0.120117 0.393555
v -0.079102 0.120117 0.393555
v -0.079102 0.114258 0.444336
v -0.077148 0.122070 0.444336
v -0.079102 0.122070 0.393555
v -0.077148 0.116211 0.430664
v -0.088867 0.116211 0.430664
v -0.077148 0.116211 0.440430
v -0.077148 0.116211 0.440430
v -0.075195 0.061523 0.440430
v -0.077148 0.116211 0.430664
v -0.098633 0.118164 0.428711
v -0.090820 0.118164 0.432617
v -0.092773 0.118164 0.426758
v -0.088867 0.116211 0.438477
v -0.077148 0.116211 0.440430
v -0.088867 0.116211 0.430664
v -0.090820 0.118164 0.432617
v -0.098633 0.118164 0.428711
v -0.096680 0.118164 0.434570
v -0.104492 0.118164 0.430664
v -0.112305 0.118164 0.432617
v -0.110352 0.118164 0.438477
v -0.104492 0.118164 0.438477
v -0.102539 0.061523 0.438477
v -0.104492 0.118164 0.430664
v -0.110352 0.118164 0.438477
v -0.104492 0.118164 0.438477
v -0.104492 0.118164 0.430664
v -0.061523 0.038086 0.444336
v -0.061523 0.061523 0.444336
v -0.209961 0.038086 0.444336
v -0.061523 0.061523 0.444336
v -0.208008 0.061523 0.411133
v -0.209961 0.061523 0.444336
v -0.209961 0.061523 0.444336
v -0.209961 0.038086 0.444336
v -0.061523 0.061523 0.444336
v -0.006836 0.125977 0.444336
v -0.004883 0.125977 0.393555
v -0.006836 0.114258 0.444336
v -0.077148 0.116211 0.440430
v -0.084961 0.061523 0.440430
v -0.075195 0.061523 0.440430
v -0.084961 0.061523 0.440430
v -0.077148 0.116211 0.440430
v -0.088867 0.116211 0.438477
v -0.104492 0.118164 0.438477
v -0.108398 0.061523 0.438477
v -0.102539 0.061523 0.438477
v -0.108398 0.061523 0.438477
v -0.104492 0.118164 0.438477
v -0.110352 0.118164 0.438477
v -0.125977 0.118164 0.436523
v -0.122070 0.061523 0.440430
v -0.118164 0.061523 0.438477
v -0.118164 0.061523 0.438477
v -0.125977 0.118164 0.430664
v -0.125977 0.118164 0.436523
v -0.131836 0.118164 0.438477
v -0.125977 0.061523 0.434570
v -0.122070 0.061523 0.440430
v -0.122070 0.061523 0.440430
v -0.125977 0.118164 0.436523
v -0.131836 0.118164 0.438477
v -0.067383 0.114258 0.444336
v -0.067383 0.122070 0.444336
v -0.077148 0.122070 0.444336
v -0.067383 0.114258 0.444336
v -0.077148 0.122070 0.444336
v -0.079102 0.114258 0.444336
v -0.079102 0.120117 0.444336
v -0.086914 0.125977 0.444336
v -0.198242 0.120117 0.444336
v -0.192383 0.127930 0.393555
v -0.086914 0.125977 0.444336
v -0.086914 0.127930 0.393555
v -0.086914 0.127930 0.393555
v -0.198242 0.120117 0.393555
v -0.192383 0.127930 0.393555
v -0.163086 0.194336 0.383789
v -0.096680 0.196289 0.381836
v -0.090820 0.202148 0.399414
v -0.166992 0.202148 0.397461
v -0.163086 0.194336 0.383789
v -0.090820 0.202148 0.399414
v -0.258789 0.282227 0.397461
v -0.166992 0.202148 0.397461
v -0.090820 0.202148 0.399414
v -0.090820 0.202148 0.399414
v -0.016602 0.375977 0.397461
v -0.258789 0.282227 0.397461
v -0.192383 0.127930 0.444336
v -0.198242 0.120117 0.444336
v -0.086914 0.125977 0.444336
v -0.086914 0.125977 0.444336
v -0.192383 0.127930 0.393555
v -0.192383 0.127930 0.444336
v -0.208008 0.059570 0.381836
v -0.170898 0.061523 0.397461
v -0.168945 0.061523 0.381836
v -0.163086 0.194336 0.383789
v -0.170898 0.061523 0.397461
v -0.168945 0.061523 0.383789
v -0.172852 0.059570 0.383789
v -0.170898 0.061523 0.397461
v -0.176758 0.059570 0.399414
v -0.166992 0.202148 0.397461
v -0.176758 0.059570 0.399414
v -0.170898 0.061523 0.397461
v -0.170898 0.061523 0.397461
v -0.163086 0.194336 0.383789
v -0.166992 0.202148 0.397461
v -0.176758 0.059570 0.399414
v -0.166992 0.202148 0.397461
v -0.258789 0.282227 0.397461
v -0.131836 0.118164 0.438477
v -0.131836 0.118164 0.432617
v -0.125977 0.061523 0.434570
v -0.133789 0.061523 0.432617
v -0.139648 0.061523 0.434570
v -0.143555 0.118164 0.432617
v -0.137695 0.061523 0.440430
v -0.139648 0.061523 0.434570
v -0.133789 0.061523 0.432617
v -0.143555 0.118164 0.432617
v -0.137695 0.118164 0.432617
v -0.133789 0.061523 0.432617
v -0.133789 0.061523 0.432617
v -0.137695 0.118164 0.432617
v -0.133789 0.061523 0.438477
v -0.133789 0.061523 0.432617
v -0.133789 0.061523 0.438477
v -0.137695 0.061523 0.440430
v -0.143555 0.118164 0.438477
v -0.143555 0.118164 0.432617
v -0.139648 0.061523 0.434570
v -0.139648 0.061523 0.434570
v -0.137695 0.061523 0.440430
v -0.143555 0.118164 0.438477
v -0.151367 0.061523 0.432617
v -0.157227 0.061523 0.432617
v -0.159180 0.118164 0.432617
v -0.153320 0.061523 0.440430
v -0.157227 0.061523 0.432617
v -0.151367 0.061523 0.432617
v -0.159180 0.118164 0.432617
v -0.153320 0.118164 0.432617
v -0.151367 0.061523 0.432617
v -0.151367 0.061523 0.432617
v -0.153320 0.118164 0.432617
v -0.151367 0.061523 0.438477
v -0.151367 0.061523 0.432617
v -0.151367 0.061523 0.438477
v -0.153320 0.061523 0.440430
v -0.159180 0.118164 0.438477
v -0.159180 0.118164 0.432617
v -0.157227 0.061523 0.432617
v -0.157227 0.061523 0.432617
v -0.153320 0.061523 0.440430
v -0.159180 0.118164 0.438477
v -0.168945 0.061523 0.432617
v -0.174805 0.061523 0.434570
v -0.176758 0.118164 0.432617
v -0.172852 0.061523 0.440430
v -0.174805 0.061523 0.434570
v -0.168945 0.061523 0.432617
v -0.176758 0.118164 0.432617
v -0.170898 0.118164 0.432617
v -0.168945 0.061523 0.432617
v -0.168945 0.061523 0.432617
v -0.170898 0.118164 0.432617
v -0.168945 0.061523 0.438477
v -0.168945 0.061523 0.432617
v -0.168945 0.061523 0.438477
v -0.172852 0.061523 0.440430
v -0.176758 0.118164 0.440430
v -0.176758 0.118164 0.432617
v -0.174805 0.061523 0.434570
v -0.174805 0.061523 0.434570
v -0.172852 0.061523 0.440430
v -0.176758 0.118164 0.440430
v -0.198242 0.118164 0.430664
v -0.186523 0.118164 0.430664
v -0.186523 0.061523 0.430664
v -0.186523 0.061523 0.430664
v -0.186523 0.118164 0.430664
v -0.186523 0.061523 0.440430
v -0.186523 0.061523 0.430664
v -0.198242 0.061523 0.430664
v -0.198242 0.118164 0.430664
v -0.186523 0.061523 0.440430
v -0.198242 0.061523 0.430664
v -0.186523 0.061523 0.430664
v -0.125977 0.118164 0.430664
v -0.131836 0.118164 0.432617
v -0.131836 0.118164 0.438477
v -0.131836 0.118164 0.438477
v -0.125977 0.118164 0.436523
v -0.125977 0.118164 0.430664
v -0.137695 0.118164 0.432617
v -0.143555 0.118164 0.432617
v -0.143555 0.118164 0.438477
v -0.137695 0.118164 0.438477
v -0.133789 0.061523 0.438477
v -0.137695 0.118164 0.432617
v -0.143555 0.118164 0.438477
v -0.137695 0.118164 0.438477
v -0.137695 0.118164 0.432617
v -0.153320 0.118164 0.432617
v -0.159180 0.118164 0.432617
v -0.159180 0.118164 0.438477
v -0.155273 0.118164 0.438477
v -0.151367 0.061523 0.438477
v -0.153320 0.118164 0.432617
v -0.159180 0.118164 0.438477
v -0.155273 0.118164 0.438477
v -0.153320 0.118164 0.432617
v -0.170898 0.118164 0.432617
v -0.176758 0.118164 0.432617
v -0.176758 0.118164 0.440430
v -0.172852 0.118164 0.438477
v -0.168945 0.061523 0.438477
v -0.170898 0.118164 0.432617
v -0.176758 0.118164 0.440430
v -0.172852 0.118164 0.438477
v -0.170898 0.118164 0.432617
v -0.186523 0.118164 0.430664
v -0.198242 0.118164 0.430664
v -0.186523 0.118164 0.440430
v -0.186523 0.118164 0.440430
v -0.186523 0.061523 0.440430
v -0.186523 0.118164 0.430664
v -0.208008 0.061523 0.411133
v -0.208008 0.059570 0.381836
v -0.208008 0.038086 0.381836
v -0.208008 0.038086 0.381836
v -0.208008 0.038086 0.411133
v -0.208008 0.061523 0.411133
v -0.280273 0.059570 0.374023
v -0.280273 0.036133 0.372070
v -0.241211 0.057617 0.375977
v -0.209961 0.061523 0.444336
v -0.208008 0.061523 0.411133
v -0.208008 0.038086 0.411133
v -0.208008 0.038086 0.411133
v -0.209961 0.038086 0.444336
v -0.209961 0.061523 0.444336
v -0.198242 0.118164 0.440430
v -0.198242 0.118164 0.430664
v -0.198242 0.061523 0.430664
v -0.198242 0.061523 0.430664
v -0.186523 0.061523 0.440430
v -0.198242 0.061523 0.440430
v -0.198242 0.061523 0.430664
v -0.198242 0.061523 0.440430
v -0.198242 0.118164 0.440430
v -0.206055 0.114258 0.393555
v -0.198242 0.124023 0.393555
v -0.198242 0.114258 0.393555
v -0.198242 0.114258 0.393555
v -0.198242 0.124023 0.393555
v -0.198242 0.124023 0.444336
v -0.208008 0.114258 0.444336
v -0.206055 0.114258 0.393555
v -0.198242 0.114258 0.393555
v -0.198242 0.124023 0.444336
v -0.198242 0.114258 0.444336
v -0.198242 0.114258 0.393555
v -0.198242 0.114258 0.393555
v -0.198242 0.114258 0.444336
v -0.208008 0.114258 0.444336
v -0.198242 0.120117 0.393555
v -0.198242 0.120117 0.444336
v -0.192383 0.127930 0.393555
v -0.198242 0.124023 0.393555
v -0.206055 0.114258 0.393555
v -0.206055 0.125977 0.393555
v -0.206055 0.125977 0.393555
v -0.198242 0.124023 0.444336
v -0.198242 0.124023 0.393555
v -0.206055 0.114258 0.393555
v -0.208008 0.114258 0.444336
v -0.206055 0.125977 0.393555
v -0.198242 0.118164 0.440430
v -0.186523 0.118164 0.440430
v -0.198242 0.118164 0.430664
v -0.137695 0.118164 0.438477
v -0.137695 0.061523 0.440430
v -0.133789 0.061523 0.438477
v -0.137695 0.061523 0.440430
v -0.137695 0.118164 0.438477
v -0.143555 0.118164 0.438477
v -0.155273 0.118164 0.438477
v -0.153320 0.061523 0.440430
v -0.151367 0.061523 0.438477
v -0.153320 0.061523 0.440430
v -0.155273 0.118164 0.438477
v -0.159180 0.118164 0.438477
v -0.172852 0.118164 0.438477
v -0.172852 0.061523 0.440430
v -0.168945 0.061523 0.438477
v -0.172852 0.061523 0.440430
v -0.172852 0.118164 0.438477
v -0.176758 0.118164 0.440430
v -0.186523 0.061523 0.440430
v -0.186523 0.118164 0.440430
v -0.198242 0.061523 0.440430
v -0.198242 0.118164 0.440430
v -0.198242 0.061523 0.440430
v -0.186523 0.118164 0.440430
v -0.198242 0.114258 0.444336
v -0.198242 0.124023 0.444336
v -0.208008 0.125977 0.444336
v -0.208008 0.125977 0.444336
v -0.208008 0.114258 0.444336
v -0.198242 0.114258 0.444336
v -0.192383 0.127930 0.444336
v -0.192383 0.127930 0.393555
v -0.198242 0.120117 0.444336
v -0.198242 0.124023 0.444336
v -0.206055 0.125977 0.393555
v -0.208008 0.125977 0.444336
v -0.208008 0.125977 0.444336
v -0.206055 0.125977 0.393555
v -0.208008 0.114258 0.444336
v -0.282227 0.295898 0.362305
v -0.075195 0.409180 0.374023
v -0.065430 0.379883 0.374023
v -0.331055 0.311523 0.409180
v -0.038086 0.424805 0.424805
v -0.075195 0.409180 0.374023
v -0.075195 0.409180 0.374023
v -0.282227 0.295898 0.362305
v -0.295898 0.325195 0.362305
v -0.075195 0.409180 0.374023
v -0.295898 0.325195 0.362305
v -0.331055 0.311523 0.409180
v -0.010742 0.424805 0.424805
v -0.028320 0.360352 0.424805
v -0.018555 0.360352 0.424805
v -0.028320 0.360352 0.424805
v -0.010742 0.424805 0.424805
v -0.038086 0.424805 0.424805
v -0.028320 0.360352 0.424805
v -0.038086 0.424805 0.424805
v -0.331055 0.311523 0.409180
v -0.331055 0.311523 0.409180
v -0.303711 0.245117 0.409180
v -0.028320 0.360352 0.424805
v -0.301758 0.118164 0.272461
v -0.301758 0.059570 0.272461
v -0.299805 0.059570 0.260742
v -0.299805 0.059570 0.260742
v -0.301758 0.059570 0.272461
v -0.315430 0.059570 0.270508
v -0.299805 0.059570 0.260742
v -0.299805 0.118164 0.260742
v -0.301758 0.118164 0.272461
v -0.313477 0.118164 0.258789
v -0.299805 0.118164 0.260742
v -0.299805 0.059570 0.260742
v -0.315430 0.059570 0.270508
v -0.313477 0.059570 0.258789
v -0.299805 0.059570 0.260742
v -0.299805 0.059570 0.260742
v -0.313477 0.059570 0.258789
v -0.313477 0.118164 0.258789
v -0.301758 0.059570 0.272461
v -0.301758 0.118164 0.272461
v -0.315430 0.059570 0.270508
v -0.254883 0.124023 0.260742
v -0.254883 0.114258 0.260742
v -0.254883 0.114258 0.252930
v -0.254883 0.114258 0.252930
v -0.254883 0.114258 0.260742
v -0.319336 0.114258 0.260742
v -0.254883 0.125977 0.252930
v -0.254883 0.124023 0.260742
v -0.254883 0.114258 0.252930
v -0.319336 0.114258 0.260742
v -0.319336 0.114258 0.250977
v -0.254883 0.114258 0.252930
v -0.254883 0.114258 0.252930
v -0.319336 0.114258 0.250977
v -0.254883 0.125977 0.252930
v -0.254883 0.114258 0.260742
v -0.254883 0.124023 0.260742
v -0.319336 0.114258 0.260742
v -0.254883 0.120117 0.362305
v -0.319336 0.120117 0.260742
v -0.254883 0.120117 0.260742
v -0.254883 0.120117 0.260742
v -0.319336 0.120117 0.260742
v -0.319336 0.129883 0.266602
v -0.254883 0.129883 0.266602
v -0.254883 0.120117 0.362305
v -0.254883 0.120117 0.260742
v -0.319336 0.129883 0.266602
v -0.254883 0.129883 0.266602
v -0.254883 0.120117 0.260742
v -0.319336 0.124023 0.260742
v -0.319336 0.114258 0.260742
v -0.254883 0.124023 0.260742
v -0.254883 0.125977 0.252930
v -0.319336 0.124023 0.260742
v -0.254883 0.124023 0.260742
v -0.315430 0.118164 0.270508
v -0.301758 0.118164 0.272461
v -0.299805 0.118164 0.260742
v -0.299805 0.118164 0.260742
v -0.313477 0.118164 0.258789
v -0.315430 0.118164 0.270508
v -0.315430 0.118164 0.270508
v -0.315430 0.059570 0.270508
v -0.301758 0.118164 0.272461
v -0.313477 0.059570 0.258789
v -0.315430 0.059570 0.270508
v -0.315430 0.118164 0.270508
v -0.315430 0.118164 0.270508
v -0.313477 0.118164 0.258789
v -0.313477 0.059570 0.258789
v -0.319336 0.114258 0.250977
v -0.319336 0.114258 0.260742
v -0.319336 0.124023 0.260742
v -0.319336 0.114258 0.250977
v -0.319336 0.124023 0.260742
v -0.319336 0.125977 0.250977
v -0.319336 0.125977 0.250977
v -0.254883 0.125977 0.252930
v -0.319336 0.114258 0.250977
v -0.319336 0.120117 0.260742
v -0.254883 0.120117 0.362305
v -0.319336 0.120117 0.362305
v -0.319336 0.120117 0.260742
v -0.319336 0.120117 0.362305
v -0.319336 0.127930 0.356445
v -0.319336 0.127930 0.356445
v -0.319336 0.129883 0.266602
v -0.319336 0.120117 0.260742
v -0.319336 0.124023 0.260742
v -0.254883 0.125977 0.252930
v -0.319336 0.125977 0.250977
v -0.258789 0.282227 0.397461
v -0.260742 0.198242 0.346680
v -0.260742 0.059570 0.352539
v -0.280273 0.036133 0.372070
v -0.280273 0.059570 0.374023
v -0.319336 0.059570 0.374023
v -0.319336 0.059570 0.374023
v -0.319336 0.036133 0.374023
v -0.280273 0.036133 0.372070
v -0.299805 0.059570 0.354492
v -0.311523 0.059570 0.352539
v -0.311523 0.116211 0.352539
v -0.315430 0.059570 0.364258
v -0.311523 0.059570 0.352539
v -0.299805 0.059570 0.354492
v -0.299805 0.116211 0.354492
v -0.301758 0.059570 0.366211
v -0.299805 0.059570 0.354492
v -0.299805 0.059570 0.354492
v -0.301758 0.059570 0.366211
v -0.315430 0.059570 0.364258
v -0.311523 0.116211 0.352539
v -0.299805 0.116211 0.354492
v -0.299805 0.059570 0.354492
v -0.315430 0.059570 0.364258
v -0.311523 0.116211 0.352539
v -0.311523 0.059570 0.352539
v -0.301758 0.059570 0.366211
v -0.299805 0.116211 0.354492
v -0.301758 0.116211 0.366211
v -0.301758 0.059570 0.366211
v -0.301758 0.116211 0.366211
v -0.315430 0.116211 0.364258
v -0.315430 0.116211 0.364258
v -0.315430 0.059570 0.364258
v -0.301758 0.059570 0.366211
v -0.254883 0.114258 0.362305
v -0.254883 0.122070 0.362305
v -0.254883 0.114258 0.372070
v -0.319336 0.114258 0.362305
v -0.254883 0.122070 0.362305
v -0.254883 0.114258 0.362305
v -0.254883 0.114258 0.362305
v -0.254883 0.114258 0.372070
v -0.319336 0.114258 0.372070
v -0.319336 0.114258 0.372070
v -0.319336 0.114258 0.362305
v -0.254883 0.114258 0.362305
v -0.254883 0.127930 0.356445
v -0.319336 0.120117 0.362305
v -0.254883 0.120117 0.362305
v -0.254883 0.120117 0.362305
v -0.254883 0.129883 0.266602
v -0.254883 0.127930 0.356445
v -0.254883 0.122070 0.372070
v -0.254883 0.114258 0.372070
v -0.254883 0.122070 0.362305
v -0.319336 0.122070 0.372070
v -0.254883 0.122070 0.372070
v -0.254883 0.122070 0.362305
v -0.254883 0.122070 0.362305
v -0.319336 0.114258 0.362305
v -0.319336 0.122070 0.362305
v -0.254883 0.122070 0.362305
v -0.319336 0.122070 0.362305
v -0.319336 0.122070 0.372070
v -0.254883 0.114258 0.372070
v -0.254883 0.122070 0.372070
v -0.319336 0.114258 0.372070
v -0.319336 0.122070 0.372070
v -0.319336 0.114258 0.372070
v -0.254883 0.122070 0.372070
v -0.299805 0.116211 0.354492
v -0.311523 0.116211 0.352539
v -0.315430 0.116211 0.364258
v -0.315430 0.116211 0.364258
v -0.301758 0.116211 0.366211
v -0.299805 0.116211 0.354492
v -0.311523 0.116211 0.352539
v -0.315430 0.059570 0.364258
v -0.315430 0.116211 0.364258
v -0.319336 0.114258 0.372070
v -0.319336 0.122070 0.362305
v -0.319336 0.114258 0.362305
v -0.319336 0.120117 0.362305
v -0.254883 0.127930 0.356445
v -0.319336 0.127930 0.356445
v -0.319336 0.122070 0.362305
v -0.319336 0.114258 0.372070
v -0.319336 0.122070 0.372070
v -0.254883 0.129883 0.266602
v -0.319336 0.129883 0.266602
v -0.254883 0.127930 0.356445
v -0.319336 0.127930 0.356445
v -0.254883 0.127930 0.356445
v -0.319336 0.129883 0.266602
v 0.083008 -0.381836 -0.362305
v 0.180664 -0.377930 -0.280273
v -0.012695 -0.379883 -0.280273
v 0.180664 -0.377930 -0.280273
v -0.026367 -0.381836 -0.153320
v -0.012695 -0.379883 -0.280273
v 0.129883 -0.401367 -0.436523
v 0.120117 -0.381836 -0.438477
v 0.129883 -0.401367 -0.372070
v 0.120117 -0.381836 -0.438477
v 0.120117 -0.381836 -0.372070
v 0.129883 -0.401367 -0.372070
v 0.129883 -0.401367 -0.436523
v 0.139648 -0.381836 -0.438477
v 0.120117 -0.381836 -0.438477
v 0.120117 -0.362305 -0.438477
v 0.098633 -0.360352 -0.438477
v 0.120117 -0.362305 -0.372070
v 0.098633 -0.360352 -0.438477
v 0.098633 -0.360352 -0.372070
v 0.120117 -0.362305 -0.372070
v 0.098633 -0.342773 -0.438477
v 0.077148 -0.342773 -0.438477
v 0.098633 -0.342773 -0.372070
v 0.077148 -0.342773 -0.438477
v 0.077148 -0.342773 -0.372070
v 0.098633 -0.342773 -0.372070
v 0.077148 -0.323242 -0.438477
v 0.057617 -0.325195 -0.438477
v 0.077148 -0.323242 -0.372070
v 0.057617 -0.325195 -0.438477
v 0.057617 -0.325195 -0.372070
v 0.077148 -0.323242 -0.372070
v 0.057617 -0.305664 -0.438477
v 0.038086 -0.305664 -0.438477
v 0.057617 -0.305664 -0.372070
v 0.038086 -0.305664 -0.438477
v 0.038086 -0.305664 -0.372070
v 0.057617 -0.305664 -0.372070
v 0.038086 -0.286133 -0.438477
v 0.018555 -0.286133 -0.438477
v 0.038086 -0.286133 -0.372070
v 0.018555 -0.286133 -0.438477
v 0.020508 -0.286133 -0.372070
v 0.038086 -0.286133 -0.372070
v 0.000977 -0.266602 -0.372070
v 0.020508 -0.266602 -0.372070
v -0.000977 -0.266602 -0.438477
v 0.020508 -0.266602 -0.372070
v 0.018555 -0.266602 -0.438477
v -0.000977 -0.266602 -0.438477
v 0.059570 -0.354492 -0.436523
v 0.086914 -0.354492 -0.372070
v 0.059570 -0.354492 -0.372070
v 0.059570 -0.354492 -0.436523
v 0.086914 -0.354492 -0.436523
v 0.086914 -0.354492 -0.372070
v 0.028320 -0.333008 -0.436523
v 0.057617 -0.333008 -0.436523
v 0.028320 -0.333008 -0.372070
v 0.057617 -0.333008 -0.436523
v 0.057617 -0.333008 -0.372070
v 0.028320 -0.333008 -0.372070
v 0.026367 -0.309570 -0.436523
v -0.000977 -0.309570 -0.372070
v -0.000977 -0.309570 -0.436523
v 0.026367 -0.309570 -0.436523
v 0.026367 -0.309570 -0.372070
v -0.000977 -0.309570 -0.372070
v 0.000977 -0.247070 -0.372070
v -0.020508 -0.249023 -0.438477
v -0.018555 -0.249023 -0.372070
v 0.000977 -0.247070 -0.372070
v -0.000977 -0.247070 -0.438477
v -0.020508 -0.249023 -0.438477
v 0.200195 -0.403320 -0.061523
v 0.219727 -0.403320 0.083008
v 0.200195 -0.403320 0.083008
v 0.200195 -0.403320 -0.061523
v 0.219727 -0.403320 -0.061523
v 0.219727 -0.403320 0.083008
v 0.243164 -0.166992 -0.182617
v 0.243164 -0.112305 -0.182617
v 0.243164 -0.112305 -0.180664
v 0.243164 -0.112305 -0.182617
v 0.231445 -0.112305 -0.182617
v 0.243164 -0.112305 -0.180664
v 0.108398 0.120117 -0.438477
v 0.100586 0.120117 -0.438477
v 0.100586 0.118164 -0.438477
v 0.243164 0.063477 -0.182617
v 0.243164 0.118164 -0.182617
v 0.243164 0.118164 -0.180664
v 0.243164 0.118164 -0.182617
v 0.231445 0.118164 -0.182617
v 0.243164 0.118164 -0.180664
v -0.002930 -0.288086 -0.436523
v -0.028320 -0.288086 -0.372070
v -0.002930 -0.288086 -0.372070
v -0.002930 -0.288086 -0.436523
v -0.030273 -0.288086 -0.436523
v -0.028320 -0.288086 -0.372070
v -0.026367 -0.268555 -0.436523
v -0.051758 -0.268555 -0.436523
v -0.026367 -0.268555 -0.372070
v -0.051758 -0.268555 -0.436523
v -0.049805 -0.268555 -0.372070
v -0.026367 -0.268555 -0.372070
v -0.020508 -0.229492 -0.438477
v -0.040039 -0.229492 -0.438477
v -0.018555 -0.229492 -0.372070
v -0.040039 -0.229492 -0.438477
v -0.040039 -0.229492 -0.372070
v -0.018555 -0.229492 -0.372070
v -0.041992 -0.209961 -0.438477
v -0.061523 -0.209961 -0.438477
v -0.040039 -0.209961 -0.372070
v -0.061523 -0.209961 -0.438477
v -0.061523 -0.209961 -0.372070
v -0.040039 -0.209961 -0.372070
v -0.077148 -0.229492 -0.438477
v -0.063477 -0.229492 -0.372070
v -0.077148 -0.229492 -0.372070
v -0.077148 -0.229492 -0.438477
v -0.065430 -0.229492 -0.436523
v -0.063477 -0.229492 -0.372070
v -0.073242 0.061523 -0.438477
v -0.075195 0.061523 -0.438477
v -0.073242 0.118164 -0.438477
v -0.073242 0.118164 -0.438477
v -0.065430 0.120117 -0.438477
v -0.073242 0.120117 -0.438477
v -0.254883 0.198242 -0.104492
v -0.254883 0.061523 -0.100586
v -0.235352 0.200195 -0.102539
v -0.254883 0.198242 -0.104492
v -0.254883 0.198242 -0.106445
v -0.254883 0.061523 -0.100586
v -0.254883 0.198242 -0.104492
v -0.258789 0.198242 -0.178711
v -0.254883 0.198242 -0.106445
v -0.241211 0.057617 -0.188477
v -0.237305 0.059570 -0.096680
v -0.256836 0.059570 -0.184570
v -0.237305 0.059570 -0.096680
v -0.241211 0.057617 -0.079102
v -0.256836 0.059570 -0.184570
v -0.241211 0.057617 -0.188477
v -0.256836 0.059570 -0.184570
v -0.235352 0.200195 -0.102539
v -0.256836 0.059570 -0.184570
v -0.254883 0.061523 -0.100586
v -0.235352 0.200195 -0.102539
v -0.241211 0.057617 -0.036133
v -0.241211 0.057617 0.073242
v -0.256836 0.059570 0.053711
v 0.233398 -0.166992 0.266602
v 0.243164 -0.166992 0.266602
v 0.243164 -0.166992 0.268555
v 0.233398 -0.166992 0.266602
v 0.245117 -0.166992 0.256836
v 0.243164 -0.166992 0.266602
v 0.243164 -0.166992 0.266602
v 0.243164 -0.112305 0.266602
v 0.243164 -0.166992 0.268555
v 0.030273 0.061523 0.381836
v 0.137695 0.059570 0.381836
v -0.006836 0.059570 0.381836
v 0.028320 0.061523 0.397461
v 0.030273 0.061523 0.381836
v 0.106445 0.061523 0.381836
v -0.125977 -0.370117 0.020508
v -0.012695 -0.366211 0.071289
v -0.239258 -0.377930 0.168945
v -0.012695 -0.366211 0.071289
v -0.125977 -0.375977 0.291992
v -0.239258 -0.377930 0.168945
v -0.090820 -0.170898 0.381836
v -0.059570 -0.172852 0.381836
v -0.204102 -0.172852 0.381836
v -0.172852 0.059570 0.383789
v -0.090820 0.061523 0.381836
v -0.170898 0.061523 0.397461
v -0.090820 0.061523 0.381836
v -0.084961 0.061523 0.399414
v -0.170898 0.061523 0.397461
v -0.084961 0.061523 0.399414
v -0.090820 0.061523 0.381836
v -0.208008 0.059570 0.381836
v -0.090820 0.061523 0.381836
v -0.065430 0.059570 0.381836
v -0.208008 0.059570 0.381836
v -0.090820 0.061523 0.381836
v -0.208008 0.059570 0.381836
v -0.168945 0.061523 0.381836
v -0.090820 0.061523 0.381836
v -0.170898 0.061523 0.397461
v -0.208008 0.059570 0.381836
v 0.129883 -0.401367 -0.372070
v 0.116211 -0.377930 -0.372070
v 0.120117 -0.381836 -0.372070
v 0.088867 -0.377930 -0.372070
v 0.116211 -0.377930 -0.436523
v 0.116211 -0.377930 -0.372070
v 0.088867 -0.377930 -0.372070
v 0.088867 -0.377930 -0.436523
v 0.116211 -0.377930 -0.436523
v 0.020508 0.061523 -0.354492
v -0.012695 0.059570 -0.360352
v 0.098633 0.061523 -0.356445
v 0.020508 0.061523 -0.354492
v 0.000977 0.061523 -0.375977
v -0.012695 0.059570 -0.360352
v 0.245117 0.063477 -0.354492
v 0.243164 0.063477 -0.344727
v 0.231445 0.063477 -0.342773
v 0.243164 0.063477 -0.344727
v 0.243164 0.063477 -0.342773
v 0.231445 0.063477 -0.342773
v 0.243164 0.063477 -0.344727
v 0.243164 0.118164 -0.342773
v 0.243164 0.063477 -0.342773
v 0.243164 0.063477 -0.344727
v 0.243164 0.118164 -0.344727
v 0.243164 0.118164 -0.342773
v 0.243164 0.118164 -0.344727
v 0.231445 0.118164 -0.342773
v 0.243164 0.118164 -0.342773
v -0.081055 -0.247070 -0.438477
v -0.061523 -0.182617 -0.438477
v -0.051758 -0.247070 -0.436523
v -0.061523 -0.182617 -0.438477
v -0.061523 -0.182617 -0.372070
v -0.051758 -0.247070 -0.436523
v -0.061523 -0.182617 -0.372070
v -0.049805 -0.247070 -0.372070
v -0.051758 -0.247070 -0.436523
v -0.061523 -0.182617 -0.372070
v -0.081055 -0.247070 -0.372070
v -0.049805 -0.247070 -0.372070
v -0.061523 -0.182617 -0.372070
v -0.083008 -0.182617 -0.372070
v -0.081055 -0.247070 -0.372070
v -0.172852 0.061523 -0.375977
v -0.079102 0.061523 -0.356445
v -0.075195 0.061523 -0.375977
v -0.172852 0.061523 -0.375977
v -0.186523 0.059570 -0.360352
v -0.079102 0.061523 -0.356445
v 0.108398 -0.170898 0.381836
v 0.137695 -0.172852 0.381836
v -0.006836 -0.172852 0.381836
vt 0.073701 0.078775
vt 0.049968 0.013959
vt 0.031425 0.067727
vt 0.064082 0.130471
vt 0.073701 0.078775
vt 0.031425 0.067727
vt 0.031425 0.067727
vt 0.002450 0.113906
vt 0.064082 0.130471
vt 0.073701 0.078775
vt 0.073516 0.002940
vt 0.049968 0.013959
vt 0.108132 0.049820
vt 0.107985 0.001559
vt 0.073516 0.002940
vt 0.073516 0.002940
vt 0.073701 0.078775
vt 0.108132 0.049820
vt 0.549541 0.974878
vt 0.548853 0.974877
vt 0.548853 0.981770
vt 0.942806 0.413761
vt 0.935913 0.413761
vt 0.942806 0.437195
vt 0.552946 0.981773
vt 0.549541 0.974878
vt 0.548853 0.981770
vt 0.152721 0.936131
vt 0.156856 0.913386
vt 0.152721 0.912697
vt 0.385466 0.886000
vt 0.384777 0.886000
vt 0.385466 0.909432
vt 0.935913 0.437195
vt 0.942806 0.437195
vt 0.935913 0.413761
vt 0.857949 0.518791
vt 0.851075 0.519530
vt 0.857949 0.542223
vt 0.857949 0.518791
vt 0.851075 0.519530
vt 0.857986 0.542322
vt 0.941137 0.337074
vt 0.941137 0.313640
vt 0.934246 0.313640
vt 0.384777 0.909432
vt 0.385466 0.909432
vt 0.384777 0.886000
vt 0.506916 0.974877
vt 0.505726 0.975570
vt 0.506916 0.984448
vt 0.939468 0.069015
vt 0.931176 0.069033
vt 0.939468 0.091759
vt 0.857986 0.542322
vt 0.859372 0.519599
vt 0.851075 0.519530
vt 0.156856 0.913386
vt 0.152721 0.936131
vt 0.156856 0.936131
vt 0.851075 0.519530
vt 0.851075 0.542273
vt 0.857949 0.542223
vt 0.851075 0.519530
vt 0.851075 0.542273
vt 0.857986 0.542322
vt 0.107985 0.001559
vt 0.108132 0.049820
vt 0.141914 0.078765
vt 0.141914 0.078765
vt 0.141693 0.002928
vt 0.107985 0.001559
vt 0.993591 0.791565
vt 0.993590 0.794322
vt 0.997036 0.794322
vt 0.313608 0.645779
vt 0.317050 0.645780
vt 0.317050 0.623036
vt 0.997036 0.794322
vt 0.997036 0.791565
vt 0.993591 0.791565
vt 0.844353 0.900037
vt 0.841596 0.922781
vt 0.844353 0.922781
vt 0.317050 0.623036
vt 0.313608 0.623035
vt 0.313608 0.645779
vt 0.898332 0.852697
vt 0.901089 0.852697
vt 0.901089 0.829952
vt 0.901089 0.829952
vt 0.898332 0.829952
vt 0.898332 0.852697
vt 0.549223 0.714196
vt 0.552334 0.691447
vt 0.549223 0.691452
vt 0.841596 0.922781
vt 0.844353 0.900037
vt 0.841596 0.900037
vt 0.552334 0.691447
vt 0.549223 0.714196
vt 0.552334 0.714191
vt 0.949480 0.569638
vt 0.948102 0.569638
vt 0.949480 0.592381
vt 0.931176 0.091778
vt 0.939468 0.091759
vt 0.931176 0.069033
vt 0.948102 0.569638
vt 0.938453 0.569639
vt 0.948102 0.592381
vt 0.092106 0.974877
vt 0.092106 0.993550
vt 0.094045 0.993347
vt 0.948102 0.592381
vt 0.949480 0.592381
vt 0.948102 0.569638
vt 0.515248 0.974877
vt 0.514619 0.975621
vt 0.515248 0.983177
vt 0.585708 0.476192
vt 0.578126 0.476191
vt 0.585708 0.498936
vt 0.942875 0.141829
vt 0.951149 0.119096
vt 0.942875 0.119086
vt 0.938453 0.592382
vt 0.948102 0.592381
vt 0.938453 0.569639
vt 0.337074 0.939468
vt 0.337074 0.916034
vt 0.329482 0.916033
vt 0.329482 0.916033
vt 0.329482 0.939467
vt 0.337074 0.939468
vt 0.993599 0.799114
vt 0.997033 0.799114
vt 0.997024 0.796357
vt 0.030036 0.410126
vt 0.027786 0.410165
vt 0.027786 0.490593
vt 0.997024 0.796357
vt 0.993590 0.796357
vt 0.993599 0.799114
vt 0.473348 0.175037
vt 0.473319 0.254448
vt 0.477243 0.255308
vt 0.027786 0.490593
vt 0.030036 0.490553
vt 0.030036 0.410126
vt 0.477243 0.255308
vt 0.477243 0.174924
vt 0.473348 0.175037
vt 0.413833 0.023508
vt 0.410098 0.024702
vt 0.413833 0.099854
vt 0.606659 0.981043
vt 0.607344 0.981119
vt 0.607344 0.974877
vt 0.942806 0.799227
vt 0.936607 0.799223
vt 0.942806 0.822661
vt 0.677485 0.947811
vt 0.677485 0.924380
vt 0.671282 0.924380
vt 0.671282 0.924380
vt 0.671282 0.947812
vt 0.677485 0.947811
vt 0.323724 0.200068
vt 0.320968 0.258646
vt 0.323724 0.258613
vt 0.993590 0.684098
vt 0.997036 0.684098
vt 0.993591 0.681342
vt 0.410126 0.100121
vt 0.413833 0.099854
vt 0.410098 0.024702
vt 0.320968 0.258646
vt 0.323724 0.200068
vt 0.320968 0.200101
vt 0.997037 0.681342
vt 0.993591 0.681342
vt 0.997036 0.684098
vt 0.937800 0.635696
vt 0.937110 0.635696
vt 0.937800 0.659128
vt 0.936607 0.822657
vt 0.942806 0.822661
vt 0.936607 0.799223
vt 0.937800 0.889408
vt 0.937800 0.865974
vt 0.930219 0.865974
vt 0.937110 0.659128
vt 0.937800 0.659128
vt 0.937110 0.635696
vt 0.930219 0.865974
vt 0.930219 0.889408
vt 0.937800 0.889408
vt 0.579752 0.975567
vt 0.580440 0.981770
vt 0.580440 0.974877
vt 0.944474 0.530641
vt 0.944474 0.507207
vt 0.938276 0.507203
vt 0.937800 0.283605
vt 0.937102 0.283596
vt 0.937800 0.307036
vt 0.938276 0.507203
vt 0.938276 0.530637
vt 0.944474 0.530641
vt 0.942806 0.502273
vt 0.942806 0.478841
vt 0.935913 0.478842
vt 0.935913 0.478842
vt 0.935913 0.502273
vt 0.942806 0.502273
vt 0.543991 0.944473
vt 0.543991 0.921039
vt 0.537111 0.921040
vt 0.937102 0.307028
vt 0.937800 0.307036
vt 0.937102 0.283596
vt 0.537111 0.921040
vt 0.537111 0.944474
vt 0.543991 0.944473
vt 0.583164 0.974877
vt 0.582476 0.975567
vt 0.583164 0.981770
vt 0.942806 0.770859
vt 0.936607 0.770855
vt 0.942806 0.794293
vt 0.944474 0.265320
vt 0.944474 0.241888
vt 0.937582 0.241889
vt 0.937582 0.241889
vt 0.937582 0.265321
vt 0.944474 0.265320
vt 0.936131 0.710788
vt 0.935434 0.710779
vt 0.936131 0.734220
vt 0.936607 0.794289
vt 0.942806 0.794293
vt 0.936607 0.770855
vt 0.856034 0.942805
vt 0.856034 0.919371
vt 0.849143 0.919372
vt 0.935434 0.734211
vt 0.936131 0.734220
vt 0.935434 0.710779
vt 0.849143 0.919372
vt 0.849143 0.942806
vt 0.856034 0.942805
vt 0.585888 0.974877
vt 0.585200 0.975567
vt 0.585888 0.981770
vt 0.944474 0.712455
vt 0.938276 0.712451
vt 0.944474 0.735889
vt 0.609069 0.944474
vt 0.609069 0.921042
vt 0.602177 0.921043
vt 0.602177 0.921043
vt 0.602177 0.944474
vt 0.609069 0.944474
vt 0.937800 0.740825
vt 0.937102 0.740816
vt 0.937800 0.764257
vt 0.938276 0.735885
vt 0.944474 0.735889
vt 0.938276 0.712451
vt 0.598368 0.944474
vt 0.599057 0.921040
vt 0.592166 0.921040
vt 0.937102 0.764248
vt 0.937800 0.764257
vt 0.937102 0.740816
vt 0.592166 0.921040
vt 0.592166 0.944474
vt 0.598368 0.944474
vt 0.588612 0.974877
vt 0.587923 0.975567
vt 0.588612 0.981770
vt 0.944474 0.827598
vt 0.938276 0.827593
vt 0.944474 0.851028
vt 0.500605 0.946141
vt 0.500605 0.922720
vt 0.493712 0.922721
vt 0.493712 0.922721
vt 0.493712 0.946143
vt 0.500605 0.946141
vt 0.126820 0.912689
vt 0.126123 0.912659
vt 0.126820 0.936131
vt 0.938276 0.851023
vt 0.944474 0.851028
vt 0.938276 0.827593
vt 0.126123 0.936101
vt 0.126820 0.936131
vt 0.126123 0.912659
vt 0.692290 0.248551
vt 0.692290 0.271995
vt 0.699178 0.271793
vt 0.692290 0.248551
vt 0.699178 0.271793
vt 0.699178 0.248348
vt 0.914438 0.928406
vt 0.913741 0.928397
vt 0.914438 0.951149
vt 0.578126 0.498936
vt 0.585708 0.498936
vt 0.578126 0.476191
vt 0.913741 0.928397
vt 0.904092 0.928399
vt 0.904092 0.951142
vt 0.951149 0.119096
vt 0.942875 0.141829
vt 0.951149 0.141838
vt 0.913741 0.951140
vt 0.914438 0.951149
vt 0.913741 0.928397
vt 0.904092 0.951142
vt 0.913741 0.951140
vt 0.913741 0.928397
vt 0.533579 0.974877
vt 0.532956 0.975626
vt 0.533579 0.982490
vt 0.617413 0.033991
vt 0.610520 0.033991
vt 0.617413 0.056735
vt 0.814317 0.949480
vt 0.814317 0.926738
vt 0.806732 0.926729
vt 0.806732 0.926729
vt 0.806732 0.949471
vt 0.814317 0.949480
vt 0.622419 0.928406
vt 0.621721 0.928397
vt 0.622419 0.951149
vt 0.610520 0.056735
vt 0.617413 0.056735
vt 0.610520 0.033991
vt 0.621721 0.928397
vt 0.611383 0.928399
vt 0.621721 0.951140
vt 0.621721 0.951140
vt 0.622419 0.951149
vt 0.621721 0.928397
vt 0.517912 0.974877
vt 0.517284 0.975621
vt 0.517912 0.983177
vt 0.310375 0.557957
vt 0.302794 0.557957
vt 0.310375 0.580702
vt 0.941206 0.558999
vt 0.949480 0.536266
vt 0.941206 0.536257
vt 0.611383 0.951142
vt 0.621721 0.951140
vt 0.611383 0.928399
vt 0.804305 0.928406
vt 0.803608 0.928397
vt 0.804305 0.951149
vt 0.302794 0.580701
vt 0.310375 0.580702
vt 0.302794 0.557957
vt 0.949480 0.536266
vt 0.941206 0.558999
vt 0.949480 0.559009
vt 0.803608 0.951140
vt 0.804305 0.951149
vt 0.803608 0.928397
vt 0.793959 0.928399
vt 0.803608 0.951140
vt 0.803608 0.928397
vt 0.742564 0.460307
vt 0.713621 0.473398
vt 0.713621 0.502346
vt 0.684673 0.473397
vt 0.713621 0.473398
vt 0.742564 0.460307
vt 0.742564 0.460307
vt 0.713621 0.502346
vt 0.713621 0.527847
vt 0.657794 0.473396
vt 0.684673 0.473397
vt 0.742564 0.460307
vt 0.575776 0.473393
vt 0.657794 0.473396
vt 0.742564 0.460307
vt 0.742564 0.460307
vt 0.713621 0.527847
vt 0.713621 0.556794
vt 0.742564 0.460307
vt 0.713621 0.556794
vt 0.742564 0.732552
vt 0.202121 0.346726
vt 0.166328 0.511455
vt 0.164998 0.561077
vt 0.844353 0.847691
vt 0.844353 0.660231
vt 0.703430 0.771147
vt 0.125090 0.622419
vt 0.203533 0.513470
vt 0.202121 0.346726
vt 0.125090 0.622419
vt 0.164998 0.561077
vt 0.202121 0.346726
vt 0.554982 0.974883
vt 0.554982 0.981776
vt 0.555604 0.981775
vt 0.555604 0.981775
vt 0.558715 0.974877
vt 0.554982 0.974883
vt 0.512584 0.974877
vt 0.511482 0.983640
vt 0.512584 0.984219
vt 0.168537 0.354836
vt 0.125871 0.369063
vt 0.168537 0.440532
vt 0.073701 0.078775
vt 0.064082 0.130471
vt 0.146729 0.123564
vt 0.602394 0.294779
vt 0.597546 0.298199
vt 0.597546 0.320252
vt 0.553171 0.322056
vt 0.559009 0.295179
vt 0.553171 0.293108
vt 0.597546 0.320252
vt 0.602394 0.323724
vt 0.602394 0.294779
vt 0.070085 0.937799
vt 0.070085 0.914365
vt 0.048029 0.937800
vt 0.553171 0.322056
vt 0.559009 0.318613
vt 0.559009 0.295179
vt 0.048029 0.914366
vt 0.048029 0.937800
vt 0.070085 0.914365
vt 0.615986 0.322056
vt 0.620750 0.318603
vt 0.620750 0.296548
vt 0.620750 0.296548
vt 0.615986 0.293108
vt 0.615986 0.322056
vt 0.572365 0.322056
vt 0.577364 0.319976
vt 0.577364 0.296542
vt 0.572365 0.322056
vt 0.577364 0.296542
vt 0.572365 0.293108
vt 0.713621 0.502346
vt 0.684673 0.502345
vt 0.713621 0.527847
vt 0.997036 0.671756
vt 0.993602 0.674514
vt 0.997048 0.674514
vt 0.039944 0.941137
vt 0.043386 0.941132
vt 0.043386 0.917696
vt 0.861040 0.790873
vt 0.858264 0.813709
vt 0.861040 0.814317
vt 0.043386 0.917696
vt 0.039944 0.917700
vt 0.039944 0.941137
vt 0.993602 0.674514
vt 0.997036 0.671756
vt 0.993590 0.671756
vt 0.442763 0.899420
vt 0.445538 0.898812
vt 0.445518 0.876057
vt 0.445518 0.876057
vt 0.442763 0.875976
vt 0.442763 0.899420
vt 0.610738 0.089012
vt 0.607627 0.111802
vt 0.610738 0.111756
vt 0.858264 0.813709
vt 0.861040 0.790873
vt 0.858284 0.790955
vt 0.607627 0.111802
vt 0.610738 0.089012
vt 0.607627 0.089057
vt 0.520517 0.974877
vt 0.519948 0.982438
vt 0.520517 0.983171
vt 0.125871 0.369063
vt 0.132868 0.412990
vt 0.168537 0.440532
vt 0.996347 0.917915
vt 0.996358 0.915172
vt 0.993602 0.915172
vt 0.208585 0.346216
vt 0.206335 0.346263
vt 0.206335 0.427183
vt 0.993602 0.915172
vt 0.993590 0.917915
vt 0.996347 0.917915
vt 0.416614 0.176226
vt 0.417083 0.256609
vt 0.420508 0.256977
vt 0.206335 0.427183
vt 0.208585 0.427136
vt 0.208585 0.346216
vt 0.420508 0.256977
vt 0.420508 0.176091
vt 0.416614 0.176226
vt 0.359986 0.194952
vt 0.356728 0.195649
vt 0.360435 0.271729
vt 0.609998 0.981113
vt 0.609998 0.974877
vt 0.609379 0.974940
vt 0.317050 0.197702
vt 0.314293 0.256977
vt 0.317050 0.256944
vt 0.993590 0.688891
vt 0.997036 0.688891
vt 0.997037 0.686134
vt 0.997037 0.686134
vt 0.993591 0.686134
vt 0.993590 0.688891
vt 0.356728 0.271995
vt 0.360435 0.271729
vt 0.356728 0.195649
vt 0.314293 0.256977
vt 0.317050 0.197702
vt 0.314293 0.197735
vt 0.593993 0.981770
vt 0.593993 0.974877
vt 0.593371 0.981081
vt 0.541436 0.974877
vt 0.540872 0.981747
vt 0.541436 0.982483
vt 0.596651 0.974877
vt 0.596029 0.981081
vt 0.596651 0.981770
vt 0.523121 0.974877
vt 0.522552 0.982438
vt 0.523121 0.983171
vt 0.599309 0.974877
vt 0.598686 0.981081
vt 0.599309 0.981770
vt 0.803608 0.951140
vt 0.793959 0.928399
vt 0.793959 0.951142
vt 0.601966 0.974877
vt 0.601344 0.981081
vt 0.601966 0.981770
vt 0.941137 0.946143
vt 0.934938 0.922708
vt 0.934938 0.946138
vt 0.941137 0.922713
vt 0.934938 0.922708
vt 0.941137 0.946143
vt 0.604624 0.974877
vt 0.604002 0.981081
vt 0.604624 0.981770
vt 0.563797 0.804305
vt 0.570689 0.804303
vt 0.563797 0.780883
vt 0.933765 0.779165
vt 0.934462 0.802636
vt 0.934462 0.779194
vt 0.590647 0.975567
vt 0.591335 0.981770
vt 0.591335 0.974877
vt 0.373785 0.934459
vt 0.373783 0.921382
vt 0.364825 0.934462
vt 0.862697 0.515124
vt 0.863375 0.471018
vt 0.850283 0.470817
vt 0.886070 0.694423
vt 0.877111 0.694423
vt 0.877112 0.739223
vt 0.850283 0.470817
vt 0.850283 0.515623
vt 0.862697 0.515124
vt 0.877112 0.739223
vt 0.886068 0.739226
vt 0.886070 0.694423
vt 0.364823 0.921385
vt 0.364825 0.934462
vt 0.373783 0.921382
vt 0.365511 0.910372
vt 0.364823 0.921385
vt 0.373783 0.921382
vt 0.373783 0.921382
vt 0.373785 0.910406
vt 0.365511 0.910372
vt 0.862697 0.515124
vt 0.874390 0.471877
vt 0.863375 0.471018
vt 0.684673 0.473397
vt 0.657794 0.473396
vt 0.657794 0.502344
vt 0.657794 0.502344
vt 0.684673 0.502345
vt 0.684673 0.473397
vt 0.879396 0.308964
vt 0.866301 0.308966
vt 0.879396 0.353761
vt 0.993590 0.006499
vt 0.994279 0.009945
vt 0.998414 0.009945
vt 0.990838 0.554467
vt 0.990839 0.550337
vt 0.971541 0.550337
vt 0.998414 0.009945
vt 0.997725 0.006499
vt 0.993590 0.006499
vt 0.971544 0.754792
vt 0.990838 0.758242
vt 0.990842 0.754792
vt 0.971541 0.550337
vt 0.971540 0.554467
vt 0.990838 0.554467
vt 0.990842 0.774709
vt 0.990838 0.771253
vt 0.971540 0.771253
vt 0.971540 0.771253
vt 0.971543 0.774709
vt 0.990842 0.774709
vt 0.866301 0.308966
vt 0.855282 0.308977
vt 0.855282 0.353084
vt 0.866301 0.353074
vt 0.879396 0.353761
vt 0.866301 0.308966
vt 0.855282 0.353084
vt 0.866301 0.353074
vt 0.866301 0.308966
vt 0.990844 0.618257
vt 0.971540 0.614524
vt 0.971546 0.618257
vt 0.990838 0.758242
vt 0.971544 0.754792
vt 0.971540 0.758242
vt 0.971540 0.614524
vt 0.990844 0.618257
vt 0.990839 0.614524
vt 0.612407 0.294779
vt 0.607574 0.297527
vt 0.607574 0.320959
vt 0.344882 0.193566
vt 0.350423 0.112238
vt 0.344882 0.111547
vt 0.607574 0.320959
vt 0.612407 0.323724
vt 0.612407 0.294779
vt 0.510617 0.532746
vt 0.487183 0.614075
vt 0.510617 0.614074
vt 0.350423 0.112238
vt 0.344882 0.193566
vt 0.350423 0.193567
vt 0.896083 0.839347
vt 0.896083 0.795240
vt 0.887812 0.795930
vt 0.874390 0.471877
vt 0.862697 0.515124
vt 0.873722 0.515293
vt 0.887812 0.795930
vt 0.887812 0.839347
vt 0.896083 0.839347
vt 0.684673 0.502345
vt 0.657794 0.502344
vt 0.713621 0.527847
vt 0.304111 0.998971
vt 0.306179 0.998282
vt 0.304111 0.996214
vt 0.971540 0.892263
vt 0.990838 0.895020
vt 0.990843 0.892949
vt 0.990957 0.230542
vt 0.990855 0.227791
vt 0.971540 0.227791
vt 0.971540 0.227791
vt 0.971643 0.230542
vt 0.990957 0.230542
vt 0.306179 0.996214
vt 0.304111 0.996214
vt 0.306179 0.998282
vt 0.038270 0.994176
vt 0.040167 0.974877
vt 0.038300 0.974877
vt 0.990838 0.895020
vt 0.971540 0.892263
vt 0.971540 0.895020
vt 0.971540 0.921697
vt 0.971540 0.923765
vt 0.990842 0.923773
vt 0.990842 0.923773
vt 0.990842 0.921017
vt 0.971540 0.921697
vt 0.040167 0.974877
vt 0.038270 0.994176
vt 0.040759 0.994176
vt 0.258978 0.996214
vt 0.258978 0.998971
vt 0.261045 0.996214
vt 0.971540 0.968936
vt 0.990838 0.971693
vt 0.990838 0.968936
vt 0.005810 0.994176
vt 0.007875 0.994176
vt 0.005806 0.974877
vt 0.261045 0.998971
vt 0.261045 0.996214
vt 0.258978 0.998971
vt 0.042795 0.994176
vt 0.044691 0.974877
vt 0.042825 0.974877
vt 0.990838 0.971693
vt 0.971540 0.968936
vt 0.971540 0.971693
vt 0.971540 0.853922
vt 0.971541 0.856678
vt 0.990843 0.856678
vt 0.008559 0.974877
vt 0.005806 0.974877
vt 0.007875 0.994176
vt 0.990843 0.856678
vt 0.990842 0.853922
vt 0.971540 0.853922
vt 0.044691 0.974877
vt 0.042795 0.994176
vt 0.045284 0.994176
vt 0.263080 0.998971
vt 0.265148 0.996214
vt 0.263080 0.996214
vt 0.990839 0.957312
vt 0.990839 0.955247
vt 0.971540 0.957316
vt 0.971540 0.949770
vt 0.990838 0.952527
vt 0.990838 0.949770
vt 0.265148 0.996214
vt 0.263080 0.998971
vt 0.265148 0.998971
vt 0.971540 0.925809
vt 0.971540 0.928566
vt 0.990842 0.927885
vt 0.971540 0.954563
vt 0.971540 0.957316
vt 0.990839 0.955247
vt 0.990842 0.927885
vt 0.990842 0.925817
vt 0.971540 0.925809
vt 0.047319 0.994173
vt 0.049512 0.974877
vt 0.047645 0.974877
vt 0.990838 0.952527
vt 0.971540 0.949770
vt 0.971540 0.951838
vt 0.990839 0.480485
vt 0.990839 0.476355
vt 0.971541 0.476355
vt 0.915105 0.979749
vt 0.915105 0.975557
vt 0.911026 0.974877
vt 0.971541 0.476355
vt 0.971540 0.480485
vt 0.990839 0.480485
vt 0.990842 0.331244
vt 0.971544 0.331244
vt 0.990838 0.335383
vt 0.911026 0.974877
vt 0.911026 0.979070
vt 0.915105 0.979749
vt 0.049512 0.974877
vt 0.047319 0.994173
vt 0.049808 0.994173
vt 0.971540 0.355942
vt 0.971543 0.360087
vt 0.990842 0.360087
vt 0.990842 0.360087
vt 0.990838 0.355942
vt 0.971540 0.355942
vt 0.355472 0.105127
vt 0.360435 0.104428
vt 0.360435 0.023099
vt 0.684673 0.528535
vt 0.713621 0.527847
vt 0.657794 0.502344
vt 0.657105 0.529224
vt 0.684673 0.528535
vt 0.657794 0.502344
vt 0.575776 0.502341
vt 0.657105 0.529224
vt 0.657794 0.502344
vt 0.360435 0.023099
vt 0.355472 0.023109
vt 0.355472 0.105127
vt 0.487183 0.614075
vt 0.510617 0.532746
vt 0.487183 0.532747
vt 0.997037 0.717644
vt 0.997037 0.714887
vt 0.993591 0.714887
vt 0.560568 0.962830
vt 0.564014 0.962830
vt 0.560567 0.942845
vt 0.993591 0.714887
vt 0.993590 0.717644
vt 0.997037 0.717644
vt 0.971541 0.100271
vt 0.991501 0.100271
vt 0.991500 0.097514
vt 0.991500 0.097514
vt 0.971540 0.097514
vt 0.971541 0.100271
vt 0.941596 0.974877
vt 0.941596 0.979012
vt 0.945042 0.979702
vt 0.945042 0.979702
vt 0.945042 0.975567
vt 0.941596 0.974877
vt 0.217092 0.974877
vt 0.214335 0.974877
vt 0.214363 0.992923
vt 0.564015 0.942833
vt 0.560567 0.942845
vt 0.564014 0.962830
vt 0.214363 0.992923
vt 0.216431 0.992923
vt 0.217092 0.974877
vt 0.398707 0.964498
vt 0.402152 0.944512
vt 0.398707 0.944512
vt 0.723519 0.056589
vt 0.724208 0.036629
vt 0.720773 0.036775
vt 0.924450 0.926119
vt 0.924439 0.889588
vt 0.904466 0.889589
vt 0.402152 0.944512
vt 0.398707 0.964498
vt 0.402152 0.964499
vt 0.720773 0.036775
vt 0.720773 0.056735
vt 0.723519 0.056589
vt 0.914438 0.163713
vt 0.911681 0.166470
vt 0.914438 0.200242
vt 0.904466 0.889589
vt 0.904465 0.926119
vt 0.924450 0.926119
vt 0.993590 0.775152
vt 0.997036 0.774463
vt 0.993590 0.772395
vt 0.997036 0.772396
vt 0.993590 0.772395
vt 0.997036 0.774463
vt 0.907707 0.165200
vt 0.911101 0.131488
vt 0.907707 0.128667
vt 0.302032 0.909432
vt 0.282045 0.909435
vt 0.282045 0.941137
vt 0.911681 0.198174
vt 0.914438 0.200242
vt 0.911681 0.166470
vt 0.282045 0.941137
vt 0.302032 0.941134
vt 0.302032 0.909432
vt 0.911101 0.131488
vt 0.907707 0.165200
vt 0.910503 0.163184
vt 0.996347 0.970626
vt 0.996347 0.967869
vt 0.993590 0.967869
vt 0.993590 0.967869
vt 0.993591 0.970626
vt 0.996347 0.970626
vt 0.996348 0.975418
vt 0.996347 0.972661
vt 0.993590 0.972661
vt 0.993590 0.972661
vt 0.993591 0.975418
vt 0.996348 0.975418
vt 0.166676 0.998971
vt 0.166676 0.996215
vt 0.164608 0.996214
vt 0.164608 0.996214
vt 0.164608 0.998971
vt 0.166676 0.998971
vt 0.878420 0.974877
vt 0.874341 0.975558
vt 0.874341 0.979750
vt 0.971540 0.335383
vt 0.990838 0.335383
vt 0.971544 0.331244
vt 0.874341 0.979750
vt 0.878420 0.979070
vt 0.878420 0.974877
vt 0.933765 0.779165
vt 0.933765 0.802607
vt 0.934462 0.802636
vt 0.570689 0.780882
vt 0.563797 0.780883
vt 0.570689 0.804303
vt 0.697509 0.111598
vt 0.690633 0.088358
vt 0.690633 0.111802
vt 0.002450 0.113906
vt 0.014907 0.175940
vt 0.061382 0.241443
vt 0.061382 0.241443
vt 0.064082 0.130471
vt 0.002450 0.113906
vt 0.014907 0.175940
vt 0.002450 0.251062
vt 0.073745 0.313806
vt 0.073745 0.313806
vt 0.061382 0.241443
vt 0.014907 0.175940
vt 0.198573 0.571780
vt 0.193724 0.575200
vt 0.193724 0.597254
vt 0.551524 0.493930
vt 0.557340 0.467110
vt 0.551524 0.464979
vt 0.198573 0.571780
vt 0.193724 0.597254
vt 0.198573 0.600726
vt 0.438864 0.936130
vt 0.438864 0.912697
vt 0.416808 0.936131
vt 0.551524 0.493930
vt 0.557100 0.490542
vt 0.557340 0.467110
vt 0.142008 0.202836
vt 0.146729 0.123564
vt 0.064082 0.130471
vt 0.064082 0.130471
vt 0.061382 0.241443
vt 0.142008 0.202836
vt 0.416808 0.912697
vt 0.416808 0.936131
vt 0.438864 0.912697
vt 0.015260 0.684160
vt 0.020024 0.680707
vt 0.020024 0.658652
vt 0.020024 0.658652
vt 0.015260 0.655901
vt 0.015260 0.684160
vt 0.197775 0.629312
vt 0.196396 0.652745
vt 0.200531 0.654124
vt 0.200531 0.654124
vt 0.196396 0.652745
vt 0.154353 0.652745
vt 0.416725 0.075051
vt 0.423608 0.075091
vt 0.423824 0.049585
vt 0.423824 0.049585
vt 0.416941 0.049545
vt 0.416725 0.075051
vt 0.200531 0.654124
vt 0.201911 0.628622
vt 0.197775 0.629312
vt 0.200531 0.654124
vt 0.154353 0.652745
vt 0.149529 0.654124
vt 0.634099 0.840693
vt 0.632721 0.840693
vt 0.632721 0.842072
vt 0.817695 0.129972
vt 0.819323 0.106591
vt 0.818080 0.106538
vt 0.634099 0.840693
vt 0.632721 0.842072
vt 0.632721 0.861369
vt 0.818080 0.106538
vt 0.816452 0.129919
vt 0.817695 0.129972
vt 0.634099 0.840693
vt 0.632721 0.861369
vt 0.634099 0.882733
vt 0.093446 0.637364
vt 0.090689 0.660798
vt 0.092068 0.660798
vt 0.067728 0.638743
vt 0.068416 0.628405
vt 0.067036 0.602903
vt 0.065661 0.647703
vt 0.067728 0.638743
vt 0.067036 0.602903
vt 0.061526 0.654595
vt 0.065661 0.647703
vt 0.067036 0.602903
vt 0.041541 0.660798
vt 0.061526 0.654595
vt 0.067036 0.602903
vt 0.067036 0.602903
vt 0.016038 0.602903
vt 0.041541 0.660798
vt 0.090689 0.660798
vt 0.093446 0.637364
vt 0.091379 0.629783
vt 0.090689 0.660798
vt 0.091379 0.629783
vt 0.073459 0.629783
vt 0.073459 0.629783
vt 0.071391 0.660798
vt 0.090689 0.660798
vt 0.585708 0.296542
vt 0.580708 0.322056
vt 0.585708 0.319976
vt 0.580708 0.322056
vt 0.585708 0.296542
vt 0.580708 0.293108
vt 0.713621 0.556794
vt 0.684673 0.556793
vt 0.657105 0.582983
vt 0.713621 0.556794
vt 0.657105 0.582983
vt 0.657105 0.610552
vt 0.684673 0.636744
vt 0.713621 0.636745
vt 0.713621 0.556794
vt 0.713621 0.556794
vt 0.713621 0.636745
vt 0.742564 0.732552
vt 0.713621 0.556794
vt 0.657105 0.610552
vt 0.657794 0.636743
vt 0.657794 0.636743
vt 0.684673 0.636744
vt 0.713621 0.556794
vt 0.416941 0.049545
vt 0.423824 0.049585
vt 0.423845 0.039249
vt 0.423845 0.039249
vt 0.416963 0.039209
vt 0.416941 0.049545
vt 0.201911 0.628622
vt 0.201222 0.618284
vt 0.196397 0.619662
vt 0.196397 0.619662
vt 0.197775 0.629312
vt 0.201911 0.628622
vt 0.416963 0.039209
vt 0.423845 0.039249
vt 0.423787 0.030296
vt 0.195019 0.612081
vt 0.196397 0.619662
vt 0.201222 0.618284
vt 0.199154 0.609324
vt 0.195019 0.612081
vt 0.201222 0.618284
vt 0.423787 0.030296
vt 0.416904 0.030256
vt 0.416963 0.039209
vt 0.817861 0.139642
vt 0.817695 0.129972
vt 0.816452 0.129919
vt 0.816452 0.129919
vt 0.816617 0.139589
vt 0.817861 0.139642
vt 0.092068 0.627715
vt 0.091379 0.629783
vt 0.093446 0.637364
vt 0.816617 0.139589
vt 0.816874 0.147193
vt 0.818117 0.147246
vt 0.818117 0.147246
vt 0.817861 0.139642
vt 0.816617 0.139589
vt 0.195019 0.612081
vt 0.199154 0.609324
vt 0.191573 0.605878
vt 0.816874 0.147193
vt 0.818080 0.153466
vt 0.819323 0.153519
vt 0.819323 0.153519
vt 0.818117 0.147246
vt 0.816874 0.147193
vt 0.195019 0.602432
vt 0.191573 0.605878
vt 0.199154 0.609324
vt 0.423787 0.030296
vt 0.416725 0.023379
vt 0.416904 0.030256
vt 0.191573 0.605878
vt 0.195019 0.602432
vt 0.188127 0.598297
vt 0.271312 0.092104
vt 0.271255 0.086583
vt 0.269877 0.086579
vt 0.269877 0.086579
vt 0.269933 0.092101
vt 0.271312 0.092104
vt 0.188127 0.598297
vt 0.186059 0.601743
vt 0.191573 0.605878
vt 0.416725 0.023379
vt 0.423787 0.030296
vt 0.423608 0.023419
vt 0.218597 0.868479
vt 0.211706 0.868480
vt 0.218548 0.875317
vt 0.091379 0.629783
vt 0.092068 0.627715
vt 0.091379 0.628404
vt 0.460881 0.974877
vt 0.460647 0.976236
vt 0.462488 0.976549
vt 0.462488 0.976549
vt 0.462721 0.975191
vt 0.460881 0.974877
vt 0.408927 0.974877
vt 0.406859 0.974878
vt 0.408927 0.992796
vt 0.090689 0.620134
vt 0.091379 0.628404
vt 0.092068 0.627715
vt 0.462196 0.983498
vt 0.462488 0.976549
vt 0.460647 0.976236
vt 0.091379 0.628404
vt 0.090689 0.620134
vt 0.089311 0.621512
vt 0.460647 0.976236
vt 0.460356 0.983185
vt 0.462196 0.983498
vt 0.442201 0.957823
vt 0.442201 0.956445
vt 0.424281 0.957824
vt 0.406859 0.992796
vt 0.408927 0.992796
vt 0.406859 0.974878
vt 0.442201 0.956445
vt 0.440133 0.949553
vt 0.424281 0.957824
vt 0.085865 0.615998
vt 0.089311 0.621512
vt 0.090689 0.620134
vt 0.090689 0.620134
vt 0.087243 0.613931
vt 0.085865 0.615998
vt 0.460881 0.988880
vt 0.462196 0.983498
vt 0.460356 0.983185
vt 0.462196 0.983498
vt 0.460881 0.988880
vt 0.462721 0.989194
vt 0.440133 0.949553
vt 0.436687 0.944039
vt 0.424281 0.957824
vt 0.081040 0.611863
vt 0.085865 0.615998
vt 0.087243 0.613931
vt 0.081729 0.609796
vt 0.081040 0.611863
vt 0.087243 0.613931
vt 0.498309 0.979726
vt 0.498275 0.974893
vt 0.496207 0.974877
vt 0.496207 0.974877
vt 0.496242 0.979710
vt 0.498309 0.979726
vt 0.436687 0.944039
vt 0.431862 0.939904
vt 0.424281 0.957824
vt 0.211656 0.875318
vt 0.218548 0.875317
vt 0.211706 0.868480
vt 0.041541 0.660798
vt 0.054635 0.658731
vt 0.061526 0.654595
vt 0.271313 0.100378
vt 0.271312 0.092104
vt 0.269933 0.092101
vt 0.186059 0.601743
vt 0.188127 0.598297
vt 0.177789 0.600364
vt 0.269933 0.092101
vt 0.269935 0.100374
vt 0.271313 0.100378
vt 0.081040 0.611863
vt 0.081729 0.609796
vt 0.073459 0.610485
vt 0.498275 0.987310
vt 0.498309 0.979726
vt 0.496242 0.979710
vt 0.496242 0.979710
vt 0.496207 0.987294
vt 0.498275 0.987310
vt 0.073459 0.608417
vt 0.073459 0.610485
vt 0.081729 0.609796
vt 0.424281 0.938526
vt 0.424281 0.957824
vt 0.431862 0.939904
vt 0.947195 0.664176
vt 0.956155 0.664192
vt 0.956155 0.653287
vt 0.956155 0.653287
vt 0.947195 0.652649
vt 0.947195 0.664176
vt 0.956155 0.664192
vt 0.947195 0.664176
vt 0.956153 0.674148
vt 0.260314 0.934459
vt 0.260314 0.921418
vt 0.251354 0.934462
vt 0.636421 0.834341
vt 0.636423 0.788163
vt 0.623329 0.787473
vt 0.825998 0.316902
vt 0.817038 0.316902
vt 0.825995 0.363773
vt 0.623329 0.787473
vt 0.624017 0.834341
vt 0.636421 0.834341
vt 0.251354 0.921421
vt 0.251354 0.934462
vt 0.260314 0.921418
vt 0.252731 0.910408
vt 0.251354 0.921421
vt 0.260314 0.921418
vt 0.260314 0.921418
vt 0.260310 0.910369
vt 0.252731 0.910408
vt 0.636421 0.834341
vt 0.647449 0.787473
vt 0.636423 0.788163
vt 0.990844 0.624027
vt 0.971540 0.620293
vt 0.971546 0.624027
vt 0.971540 0.620293
vt 0.990844 0.624027
vt 0.990839 0.620293
vt 0.947882 0.674133
vt 0.956153 0.674148
vt 0.947195 0.664176
vt 0.620750 0.782462
vt 0.607655 0.783151
vt 0.620750 0.829335
vt 0.817729 0.363769
vt 0.825995 0.363773
vt 0.817038 0.316902
vt 0.997725 0.011981
vt 0.994280 0.015427
vt 0.998414 0.015427
vt 0.990838 0.535971
vt 0.990839 0.531842
vt 0.971541 0.531842
vt 0.971544 0.275673
vt 0.990838 0.279123
vt 0.990843 0.275673
vt 0.971541 0.531842
vt 0.971540 0.535971
vt 0.990838 0.535971
vt 0.994280 0.015427
vt 0.997725 0.011981
vt 0.993590 0.011981
vt 0.990842 0.769218
vt 0.990838 0.765762
vt 0.971540 0.765762
vt 0.971540 0.765762
vt 0.971543 0.769218
vt 0.990842 0.769218
vt 0.607655 0.783151
vt 0.596645 0.783169
vt 0.596628 0.828646
vt 0.607655 0.829335
vt 0.620750 0.829335
vt 0.607655 0.783151
vt 0.596628 0.828646
vt 0.607655 0.829335
vt 0.607655 0.783151
vt 0.824329 0.588355
vt 0.823640 0.542870
vt 0.816058 0.542182
vt 0.647449 0.787473
vt 0.636421 0.834341
vt 0.647447 0.834341
vt 0.816058 0.542182
vt 0.816058 0.589045
vt 0.824329 0.588355
vt 0.684673 0.528535
vt 0.657105 0.529224
vt 0.657105 0.556792
vt 0.657105 0.556792
vt 0.684673 0.556793
vt 0.684673 0.528535
vt 0.990838 0.654937
vt 0.971540 0.654907
vt 0.971540 0.658641
vt 0.990838 0.279123
vt 0.971544 0.275673
vt 0.971540 0.279123
vt 0.971540 0.658641
vt 0.990841 0.658374
vt 0.990838 0.654937
vt 0.878860 0.046723
vt 0.884402 0.001235
vt 0.878860 0.001234
vt 0.093446 0.664936
vt 0.088622 0.667694
vt 0.088622 0.689058
vt 0.575776 0.502341
vt 0.611616 0.529222
vt 0.657105 0.529224
vt 0.093446 0.664936
vt 0.088622 0.689058
vt 0.093446 0.692503
vt 0.884402 0.001235
vt 0.878860 0.046723
vt 0.884402 0.043278
vt 0.327062 0.907763
vt 0.327062 0.865720
vt 0.305696 0.907763
vt 0.983413 0.979702
vt 0.983413 0.975567
vt 0.979966 0.974877
vt 0.878598 0.942870
vt 0.878598 0.962830
vt 0.882733 0.962829
vt 0.979966 0.974877
vt 0.979966 0.979702
vt 0.983413 0.979702
vt 0.959384 0.824329
vt 0.962830 0.824329
vt 0.959384 0.804344
vt 0.882733 0.962829
vt 0.882733 0.942869
vt 0.878598 0.942870
vt 0.085286 0.975771
vt 0.082536 0.974877
vt 0.085286 0.993816
vt 0.957724 0.610729
vt 0.961161 0.590751
vt 0.957724 0.590743
vt 0.082536 0.992923
vt 0.085286 0.993816
vt 0.082536 0.974877
vt 0.130770 0.974885
vt 0.125945 0.974877
vt 0.125945 0.992923
vt 0.962830 0.804344
vt 0.959384 0.804344
vt 0.962830 0.824329
vt 0.125945 0.992923
vt 0.130770 0.992930
vt 0.130770 0.974885
vt 0.961161 0.590751
vt 0.957724 0.610729
vt 0.961161 0.610738
vt 0.993590 0.001018
vt 0.994279 0.004463
vt 0.998415 0.004463
vt 0.998415 0.004463
vt 0.998415 0.001018
vt 0.993590 0.001018
vt 0.994280 0.286133
vt 0.997726 0.286822
vt 0.997726 0.283376
vt 0.959384 0.921113
vt 0.962830 0.921113
vt 0.959384 0.901128
vt 0.997726 0.283376
vt 0.993590 0.283376
vt 0.994280 0.286133
vt 0.865248 0.941201
vt 0.865248 0.961161
vt 0.869384 0.961160
vt 0.869384 0.961160
vt 0.869384 0.941200
vt 0.865248 0.941201
vt 0.993590 0.065580
vt 0.994271 0.069659
vt 0.997783 0.069772
vt 0.997783 0.069772
vt 0.997103 0.065694
vt 0.993590 0.065580
vt 0.118422 0.975179
vt 0.114978 0.974877
vt 0.114978 0.992923
vt 0.962830 0.901128
vt 0.959384 0.901128
vt 0.962830 0.921113
vt 0.114978 0.992923
vt 0.118422 0.993225
vt 0.118422 0.975179
vt 0.532881 0.967836
vt 0.535647 0.947842
vt 0.532881 0.947849
vt 0.535647 0.947842
vt 0.532881 0.967836
vt 0.535647 0.967828
vt 0.957824 0.800764
vt 0.957824 0.780756
vt 0.955080 0.800968
vt 0.770971 0.914432
vt 0.790956 0.877218
vt 0.770982 0.877903
vt 0.540653 0.879578
vt 0.537896 0.881645
vt 0.538585 0.914039
vt 0.540653 0.879578
vt 0.538585 0.914039
vt 0.540653 0.916107
vt 0.997726 0.242972
vt 0.997726 0.239526
vt 0.994280 0.240215
vt 0.994280 0.240215
vt 0.993590 0.242972
vt 0.997726 0.242972
vt 0.955084 0.780995
vt 0.955080 0.800968
vt 0.957824 0.780756
vt 0.379423 0.906095
vt 0.382128 0.871680
vt 0.379423 0.868873
vt 0.790956 0.877218
vt 0.770971 0.914432
vt 0.790956 0.914438
vt 0.253628 0.869832
vt 0.233649 0.869832
vt 0.253616 0.902232
vt 0.233630 0.902223
vt 0.253616 0.902232
vt 0.233649 0.869832
vt 0.379423 0.906095
vt 0.381529 0.904065
vt 0.382128 0.871680
vt 0.807884 0.680823
vt 0.812648 0.656693
vt 0.807884 0.653942
vt 0.576466 0.556790
vt 0.611616 0.556102
vt 0.611616 0.529222
vt 0.611616 0.529222
vt 0.575776 0.502341
vt 0.576466 0.529221
vt 0.611616 0.529222
vt 0.576466 0.529221
vt 0.576466 0.556790
vt 0.305696 0.865721
vt 0.305696 0.907763
vt 0.327062 0.865720
vt 0.807884 0.680823
vt 0.812648 0.678059
vt 0.812648 0.656693
vt 0.684673 0.556793
vt 0.657105 0.556792
vt 0.657105 0.582983
vt 0.719275 0.946186
vt 0.727546 0.946199
vt 0.727546 0.934998
vt 0.727546 0.934998
vt 0.719275 0.934363
vt 0.719275 0.946186
vt 0.727546 0.946199
vt 0.719275 0.946186
vt 0.727546 0.956155
vt 0.679120 0.842342
vt 0.674154 0.884402
vt 0.679154 0.884385
vt 0.611616 0.582982
vt 0.657105 0.582983
vt 0.657105 0.556792
vt 0.674154 0.884402
vt 0.679120 0.842342
vt 0.674154 0.838910
vt 0.657105 0.556792
vt 0.611616 0.556102
vt 0.611616 0.582982
vt 0.993591 0.100910
vt 0.997783 0.100910
vt 0.997783 0.096718
vt 0.971544 0.318895
vt 0.990838 0.323034
vt 0.990843 0.318895
vt 0.997783 0.096718
vt 0.993590 0.096718
vt 0.993591 0.100910
vt 0.990840 0.434293
vt 0.990839 0.430127
vt 0.971540 0.430127
vt 0.971540 0.430127
vt 0.971542 0.434293
vt 0.990840 0.434293
vt 0.990846 0.692479
vt 0.971540 0.689042
vt 0.971548 0.692479
vt 0.990838 0.323034
vt 0.971544 0.318895
vt 0.971540 0.323034
vt 0.990842 0.390988
vt 0.990838 0.386843
vt 0.971540 0.386843
vt 0.971540 0.386843
vt 0.971543 0.390988
vt 0.990842 0.390988
vt 0.971540 0.689042
vt 0.990846 0.692479
vt 0.990839 0.689042
vt 0.719277 0.955846
vt 0.727546 0.956155
vt 0.719275 0.946186
vt 0.360435 0.934460
vt 0.360435 0.921383
vt 0.351475 0.934462
vt 0.840001 0.097763
vt 0.840002 0.052963
vt 0.826908 0.052963
vt 0.812648 0.833903
vt 0.803689 0.833903
vt 0.812646 0.879396
vt 0.826908 0.052963
vt 0.827596 0.098452
vt 0.840001 0.097763
vt 0.351475 0.921385
vt 0.351475 0.934462
vt 0.360435 0.921383
vt 0.352167 0.910409
vt 0.351475 0.921385
vt 0.360435 0.921383
vt 0.360435 0.921383
vt 0.360435 0.910371
vt 0.352167 0.910409
vt 0.840001 0.097763
vt 0.851028 0.052963
vt 0.840002 0.052963
vt 0.218548 0.875317
vt 0.211656 0.875318
vt 0.218524 0.884939
vt 0.178478 0.596229
vt 0.177789 0.600364
vt 0.188127 0.598297
vt 0.211632 0.884940
vt 0.218524 0.884939
vt 0.211656 0.875318
vt 0.041541 0.660798
vt 0.044987 0.660798
vt 0.054635 0.658731
vt 0.877727 0.050316
vt 0.864632 0.050318
vt 0.877727 0.095113
vt 0.803690 0.878703
vt 0.812646 0.879396
vt 0.803689 0.833903
vt 0.993590 0.119593
vt 0.997103 0.119480
vt 0.997783 0.115402
vt 0.971544 0.749306
vt 0.990838 0.752756
vt 0.990843 0.749306
vt 0.997783 0.115402
vt 0.993590 0.115401
vt 0.993590 0.119593
vt 0.990840 0.440494
vt 0.990838 0.436328
vt 0.971540 0.436328
vt 0.971540 0.436328
vt 0.971542 0.440494
vt 0.990840 0.440494
vt 0.990844 0.629796
vt 0.971540 0.626062
vt 0.971546 0.629796
vt 0.990838 0.752756
vt 0.971544 0.749306
vt 0.971540 0.752756
vt 0.990842 0.421890
vt 0.990838 0.417745
vt 0.971540 0.417745
vt 0.971540 0.417745
vt 0.971543 0.421890
vt 0.990842 0.421890
vt 0.971540 0.626062
vt 0.990844 0.629796
vt 0.990839 0.626062
vt 0.864632 0.050318
vt 0.853614 0.051018
vt 0.853614 0.094436
vt 0.864632 0.095115
vt 0.877727 0.095113
vt 0.864632 0.050318
vt 0.853614 0.094436
vt 0.864632 0.095115
vt 0.864632 0.050318
vt 0.072898 0.998971
vt 0.075655 0.996214
vt 0.072898 0.996214
vt 0.170790 0.437195
vt 0.173543 0.437174
vt 0.173543 0.356538
vt 0.211524 0.427165
vt 0.213591 0.346537
vt 0.210835 0.346513
vt 0.173543 0.356538
vt 0.170790 0.356558
vt 0.170790 0.437195
vt 0.075655 0.996214
vt 0.072898 0.998971
vt 0.075655 0.998971
vt 0.218597 0.346513
vt 0.215841 0.346537
vt 0.215841 0.427183
vt 0.215841 0.427183
vt 0.217908 0.427165
vt 0.218597 0.346513
vt 0.059252 0.433833
vt 0.061741 0.353211
vt 0.059252 0.353187
vt 0.213591 0.346537
vt 0.211524 0.427165
vt 0.213591 0.427183
vt 0.061741 0.353211
vt 0.059252 0.433833
vt 0.061741 0.433857
vt 0.877192 0.505611
vt 0.882733 0.460123
vt 0.877192 0.460122
vt 0.729214 0.294489
vt 0.724390 0.297246
vt 0.724390 0.319300
vt 0.729214 0.294489
vt 0.724390 0.319300
vt 0.729214 0.322056
vt 0.882733 0.460123
vt 0.877192 0.505611
vt 0.882733 0.502166
vt 0.767594 0.906094
vt 0.767594 0.864051
vt 0.745539 0.906095
vt 0.897751 0.739226
vt 0.897751 0.695808
vt 0.889481 0.695120
vt 0.851028 0.052963
vt 0.840001 0.097763
vt 0.851027 0.097074
vt 0.889481 0.695120
vt 0.889481 0.739226
vt 0.897751 0.739226
vt 0.997783 0.102946
vt 0.993591 0.102946
vt 0.993590 0.107138
vt 0.993590 0.107138
vt 0.997783 0.107138
vt 0.997783 0.102946
vt 0.993590 0.617276
vt 0.993590 0.620033
vt 0.997037 0.620722
vt 0.971540 0.102306
vt 0.991501 0.105063
vt 0.991500 0.102306
vt 0.997037 0.620722
vt 0.997037 0.617276
vt 0.993590 0.617276
vt 0.959384 0.964498
vt 0.962830 0.964499
vt 0.959384 0.944514
vt 0.233653 0.904317
vt 0.253640 0.904326
vt 0.253616 0.902232
vt 0.253616 0.902232
vt 0.233630 0.902223
vt 0.233653 0.904317
vt 0.233643 0.907754
vt 0.253629 0.907763
vt 0.253640 0.904326
vt 0.991501 0.105063
vt 0.971540 0.102306
vt 0.971541 0.105063
vt 0.253640 0.904326
vt 0.233653 0.904317
vt 0.233643 0.907754
vt 0.175307 0.974883
vt 0.171860 0.974877
vt 0.171860 0.992923
vt 0.962830 0.944514
vt 0.959384 0.944514
vt 0.962830 0.964499
vt 0.171860 0.992923
vt 0.175307 0.992928
vt 0.175307 0.974883
vt 0.997037 0.650165
vt 0.994279 0.653611
vt 0.997036 0.653611
vt 0.994279 0.653611
vt 0.997037 0.650165
vt 0.993591 0.650165
vt 0.576466 0.582980
vt 0.611616 0.582982
vt 0.611616 0.556102
vt 0.611616 0.556102
vt 0.576466 0.556790
vt 0.576466 0.582980
vt 0.997726 0.451212
vt 0.993590 0.451212
vt 0.994280 0.453969
vt 0.566554 0.942870
vt 0.566554 0.962830
vt 0.570689 0.962829
vt 0.994280 0.453969
vt 0.997726 0.453969
vt 0.997726 0.451212
vt 0.966748 0.795961
vt 0.969505 0.795962
vt 0.966748 0.775977
vt 0.570689 0.962829
vt 0.570689 0.942869
vt 0.566554 0.942870
vt 0.848262 0.966167
vt 0.851028 0.946173
vt 0.848262 0.946181
vt 0.191751 0.974883
vt 0.188305 0.974877
vt 0.188305 0.992923
vt 0.969505 0.775977
vt 0.966748 0.775977
vt 0.969505 0.795962
vt 0.188305 0.992923
vt 0.191751 0.992928
vt 0.191751 0.974883
vt 0.997783 0.078036
vt 0.993704 0.078715
vt 0.993591 0.082228
vt 0.993591 0.082228
vt 0.997783 0.082228
vt 0.997783 0.078036
vt 0.560677 0.832591
vt 0.557931 0.852697
vt 0.560677 0.852551
vt 0.902757 0.696313
vt 0.900000 0.699070
vt 0.900690 0.731463
vt 0.280378 0.906095
vt 0.300363 0.868186
vt 0.280378 0.868187
vt 0.902757 0.696313
vt 0.900690 0.731463
vt 0.902757 0.734220
vt 0.851028 0.946173
vt 0.848262 0.966167
vt 0.851028 0.966159
vt 0.557931 0.852697
vt 0.560677 0.832591
vt 0.557931 0.832737
vt 0.730859 0.895941
vt 0.710873 0.895939
vt 0.730859 0.928341
vt 0.994280 0.412874
vt 0.993590 0.415631
vt 0.997726 0.415631
vt 0.997726 0.415631
vt 0.997726 0.412874
vt 0.994280 0.412874
vt 0.272576 0.904426
vt 0.275333 0.869278
vt 0.272576 0.866522
vt 0.300363 0.868186
vt 0.280378 0.906095
vt 0.300363 0.906094
vt 0.710873 0.928339
vt 0.730859 0.928341
vt 0.710873 0.895939
vt 0.272576 0.904426
vt 0.274643 0.901669
vt 0.275333 0.869278
vt 0.742805 0.320387
vt 0.747570 0.295568
vt 0.742805 0.292818
vt 0.611616 0.582982
vt 0.576466 0.582980
vt 0.611616 0.610551
vt 0.745539 0.864052
vt 0.745539 0.906095
vt 0.767594 0.864051
vt 0.742805 0.320387
vt 0.747570 0.317624
vt 0.747570 0.295568
vt 0.430227 0.131955
vt 0.447788 0.240290
vt 0.470568 0.230040
vt 0.519944 0.002363
vt 0.497265 0.002307
vt 0.497265 0.286953
vt 0.523966 0.429422
vt 0.231042 0.428745
vt 0.235112 0.527304
vt 0.497265 0.286953
vt 0.520629 0.287013
vt 0.519944 0.002363
vt 0.235112 0.527304
vt 0.519765 0.527304
vt 0.523966 0.429422
vt 0.401202 0.019468
vt 0.479433 0.021921
vt 0.493285 0.005453
vt 0.493285 0.005453
vt 0.479433 0.021921
vt 0.493930 0.290083
vt 0.388045 0.001477
vt 0.401202 0.019468
vt 0.493285 0.005453
vt 0.447788 0.240290
vt 0.430227 0.131955
vt 0.407473 0.135358
vt 0.460556 0.242065
vt 0.452286 0.241376
vt 0.452288 0.256539
vt 0.665877 0.732145
vt 0.665874 0.777571
vt 0.674148 0.777606
vt 0.452288 0.256539
vt 0.460554 0.256542
vt 0.460556 0.242065
vt 0.818746 0.308706
vt 0.833229 0.308237
vt 0.833908 0.263449
vt 0.674148 0.777606
vt 0.674148 0.732143
vt 0.665877 0.732145
vt 0.833908 0.263449
vt 0.818746 0.263218
vt 0.818746 0.308706
vt 0.664971 0.834341
vt 0.664971 0.788855
vt 0.649810 0.788853
vt 0.649810 0.788853
vt 0.649810 0.834339
vt 0.664971 0.834341
vt 0.951733 0.645780
vt 0.954486 0.645780
vt 0.951733 0.625103
vt 0.997726 0.299821
vt 0.993590 0.300510
vt 0.993590 0.303266
vt 0.954486 0.619081
vt 0.954486 0.598404
vt 0.950351 0.619081
vt 0.993590 0.303266
vt 0.997726 0.303267
vt 0.997726 0.299821
vt 0.954486 0.625103
vt 0.951733 0.625103
vt 0.954486 0.645780
vt 0.729214 0.195269
vt 0.725069 0.195272
vt 0.725069 0.215260
vt 0.725069 0.215260
vt 0.729214 0.215257
vt 0.729214 0.195269
vt 0.993590 0.805942
vt 0.997032 0.808699
vt 0.997032 0.805942
vt 0.580702 0.780577
vt 0.577945 0.780577
vt 0.577255 0.802636
vt 0.805973 0.133495
vt 0.805974 0.111439
vt 0.802528 0.111439
vt 0.577255 0.802636
vt 0.580702 0.802636
vt 0.580702 0.780577
vt 0.802528 0.111439
vt 0.803217 0.133495
vt 0.805973 0.133495
vt 0.997032 0.808699
vt 0.993590 0.805942
vt 0.993591 0.808699
vt 0.951149 0.325032
vt 0.947703 0.325032
vt 0.950452 0.347077
vt 0.946723 0.647449
vt 0.949480 0.625395
vt 0.946723 0.625396
vt 0.440532 0.906640
vt 0.418443 0.909432
vt 0.440497 0.909430
vt 0.181886 0.866802
vt 0.159831 0.866802
vt 0.159831 0.906095
vt 0.889408 0.603205
vt 0.886700 0.639642
vt 0.889408 0.642443
vt 0.159831 0.906095
vt 0.181886 0.906095
vt 0.181886 0.866802
vt 0.947703 0.347086
vt 0.950452 0.347077
vt 0.947703 0.325032
vt 0.949480 0.625395
vt 0.946723 0.647449
vt 0.949480 0.647449
vt 0.993591 0.206638
vt 0.993595 0.209387
vt 0.997735 0.206638
vt 0.950351 0.599094
vt 0.950351 0.619081
vt 0.954486 0.598404
vt 0.997728 0.210084
vt 0.997735 0.206638
vt 0.993595 0.209387
vt 0.547328 0.660794
vt 0.547328 0.640806
vt 0.543196 0.660798
vt 0.967836 0.025067
vt 0.965083 0.025066
vt 0.965083 0.045054
vt 0.993591 0.275170
vt 0.997726 0.275859
vt 0.993590 0.272414
vt 0.965083 0.045054
vt 0.967836 0.045054
vt 0.967836 0.025067
vt 0.543196 0.640811
vt 0.543196 0.660798
vt 0.547328 0.640806
vt 0.993590 0.352589
vt 0.997725 0.349144
vt 0.993590 0.349832
vt 0.961387 0.155187
vt 0.964499 0.135195
vt 0.961387 0.135200
vt 0.964499 0.135195
vt 0.961387 0.155187
vt 0.964499 0.155183
vt 0.066070 0.998971
vt 0.066070 0.996214
vt 0.063314 0.996214
vt 0.965083 0.565683
vt 0.967836 0.565683
vt 0.967832 0.545696
vt 0.063314 0.996214
vt 0.063314 0.998971
vt 0.066070 0.998971
vt 0.963410 0.542321
vt 0.966167 0.522330
vt 0.963410 0.522330
vt 0.967832 0.545696
vt 0.965767 0.545696
vt 0.965083 0.565683
vt 0.965079 0.265320
vt 0.967836 0.265321
vt 0.967836 0.245333
vt 0.967836 0.245333
vt 0.965079 0.245333
vt 0.965079 0.265320
vt 0.991528 0.002916
vt 0.971540 0.001018
vt 0.971540 0.003507
vt 0.966167 0.522330
vt 0.963410 0.542321
vt 0.966167 0.542322
vt 0.971540 0.001018
vt 0.991528 0.002916
vt 0.991528 0.001049
vt 0.967836 0.378828
vt 0.965079 0.398815
vt 0.967836 0.398815
vt 0.993591 0.989795
vt 0.996347 0.989795
vt 0.996347 0.987038
vt 0.086083 0.949517
vt 0.084018 0.949516
vt 0.084018 0.969504
vt 0.086772 0.969505
vt 0.086083 0.949517
vt 0.084018 0.969504
vt 0.996347 0.987038
vt 0.993590 0.987038
vt 0.993591 0.989795
vt 0.965079 0.398815
vt 0.967836 0.378828
vt 0.965079 0.378828
vt 0.967016 0.904462
vt 0.967016 0.924450
vt 0.969505 0.904459
vt 0.460554 0.256542
vt 0.452288 0.256539
vt 0.460556 0.270327
vt 0.833229 0.308237
vt 0.847012 0.308446
vt 0.847691 0.263658
vt 0.847691 0.263658
vt 0.833908 0.263449
vt 0.833229 0.308237
vt 0.664971 0.788855
vt 0.673242 0.794370
vt 0.678764 0.788849
vt 0.664971 0.834341
vt 0.673242 0.794370
vt 0.664971 0.788855
vt 0.452979 0.270324
vt 0.460556 0.270327
vt 0.452288 0.256539
vt 0.790501 0.302457
vt 0.790031 0.322439
vt 0.797395 0.302623
vt 0.164998 0.561077
vt 0.166332 0.531443
vt 0.166328 0.511455
vt 0.673242 0.794370
vt 0.673242 0.829518
vt 0.673931 0.795748
vt 0.673242 0.794370
vt 0.673242 0.829518
vt 0.680822 0.822628
vt 0.664971 0.834341
vt 0.673242 0.829518
vt 0.673242 0.794370
vt 0.678764 0.834335
vt 0.678764 0.788849
vt 0.673242 0.794370
vt 0.166328 0.511455
vt 0.164988 0.511452
vt 0.164998 0.561077
vt 0.156856 0.867427
vt 0.150123 0.869052
vt 0.153207 0.896452
vt 0.156856 0.867427
vt 0.150123 0.869052
vt 0.156856 0.907763
vt 0.993590 0.510309
vt 0.996347 0.510311
vt 0.994277 0.508935
vt 0.023253 0.021394
vt 0.023942 0.063359
vt 0.026699 0.063404
vt 0.019790 0.004668
vt 0.018396 0.004021
vt 0.018396 0.066747
vt 0.018396 0.066747
vt 0.020024 0.046722
vt 0.019790 0.004668
vt 0.026699 0.063404
vt 0.026699 0.021450
vt 0.023253 0.021394
vt 0.997727 0.508935
vt 0.994277 0.508935
vt 0.996347 0.510311
vt 0.023253 0.021394
vt 0.022568 0.063410
vt 0.023942 0.063359
vt 0.005006 0.003475
vt 0.001560 0.004092
vt 0.005006 0.060693
vt 0.244633 0.996214
vt 0.242565 0.996215
vt 0.242565 0.998971
vt 0.242565 0.998971
vt 0.244633 0.998971
vt 0.244633 0.996214
vt 0.178985 0.996214
vt 0.176917 0.996215
vt 0.176917 0.998971
vt 0.176917 0.998971
vt 0.178985 0.998971
vt 0.178985 0.996214
vt 0.803217 0.158523
vt 0.805974 0.138541
vt 0.803217 0.138539
vt 0.967016 0.924450
vt 0.968882 0.924447
vt 0.969505 0.904459
vt 0.805974 0.138541
vt 0.803217 0.158523
vt 0.805974 0.158525
vt 0.993590 0.863483
vt 0.995431 0.865152
vt 0.996437 0.863483
vt 0.994935 0.865992
vt 0.995431 0.865152
vt 0.993590 0.863483
vt 0.901089 0.861369
vt 0.898342 0.862116
vt 0.899021 0.902757
vt 0.899420 0.247422
vt 0.896663 0.288031
vt 0.899417 0.288682
vt 0.899021 0.902757
vt 0.901089 0.902723
vt 0.901089 0.861369
vt 0.993594 0.818016
vt 0.997040 0.818016
vt 0.993590 0.815527
vt 0.033670 0.043386
vt 0.035042 0.002755
vt 0.033670 0.002035
vt 0.897053 0.555340
vt 0.896355 0.556037
vt 0.896355 0.597388
vt 0.899731 0.576991
vt 0.901089 0.577364
vt 0.901089 0.539376
vt 0.896355 0.597388
vt 0.897751 0.596683
vt 0.897053 0.555340
vt 0.996347 0.815527
vt 0.993590 0.815527
vt 0.997040 0.818016
vt 0.418443 0.909432
vt 0.440532 0.906640
vt 0.418478 0.906642
vt 0.916107 0.206484
vt 0.913399 0.209022
vt 0.913314 0.240142
vt 0.916107 0.206484
vt 0.913314 0.240142
vt 0.916107 0.241959
vt 0.797630 0.351585
vt 0.797395 0.302623
vt 0.790031 0.322439
vt 0.790031 0.322439
vt 0.790031 0.352092
vt 0.797630 0.351585
vt 0.001018 0.996214
vt 0.001018 0.998971
vt 0.003774 0.998971
vt 0.969504 0.121850
vt 0.966748 0.141838
vt 0.969504 0.141838
vt 0.003774 0.998971
vt 0.003774 0.996214
vt 0.001018 0.996214
vt 0.965083 0.240290
vt 0.967836 0.240290
vt 0.965083 0.220302
vt 0.664984 0.972842
vt 0.667473 0.952850
vt 0.664984 0.952854
vt 0.966748 0.141838
vt 0.969504 0.121850
vt 0.966748 0.121851
vt 0.606312 0.969504
vt 0.609069 0.969505
vt 0.609069 0.949517
vt 0.967836 0.220303
vt 0.965083 0.220302
vt 0.967836 0.240290
vt 0.609069 0.949517
vt 0.606312 0.949517
vt 0.606312 0.969504
vt 0.111234 0.996214
vt 0.111234 0.998971
vt 0.113991 0.998971
vt 0.963410 0.590713
vt 0.966167 0.570722
vt 0.963410 0.570721
vt 0.113991 0.998971
vt 0.113991 0.996214
vt 0.111234 0.996214
vt 0.966751 0.201911
vt 0.969505 0.201911
vt 0.967436 0.181923
vt 0.667473 0.952850
vt 0.664984 0.972842
vt 0.667473 0.972838
vt 0.991528 0.025538
vt 0.971540 0.023640
vt 0.971540 0.026129
vt 0.966167 0.570722
vt 0.963410 0.590713
vt 0.966167 0.590714
vt 0.965079 0.290351
vt 0.967836 0.290351
vt 0.967836 0.270363
vt 0.969500 0.181923
vt 0.967436 0.181923
vt 0.969505 0.201911
vt 0.967836 0.270363
vt 0.965079 0.270363
vt 0.965079 0.290351
vt 0.005810 0.996214
vt 0.005810 0.998971
vt 0.008566 0.998971
vt 0.784861 0.967836
vt 0.787618 0.947844
vt 0.784861 0.947844
vt 0.008566 0.998971
vt 0.008566 0.996214
vt 0.005810 0.996214
vt 0.965083 0.639105
vt 0.967836 0.639105
vt 0.965767 0.619118
vt 0.971540 0.023640
vt 0.991528 0.025538
vt 0.991528 0.023671
vt 0.991528 0.007440
vt 0.971540 0.005542
vt 0.971540 0.008031
vt 0.787618 0.947844
vt 0.784861 0.967836
vt 0.787618 0.967836
vt 0.736470 0.969504
vt 0.739226 0.969505
vt 0.739226 0.949517
vt 0.967832 0.619118
vt 0.965767 0.619118
vt 0.967836 0.639105
vt 0.739226 0.949517
vt 0.736470 0.949517
vt 0.736470 0.969504
vt 0.971540 0.005542
vt 0.991528 0.007440
vt 0.991528 0.005573
vt 0.145401 0.946179
vt 0.145401 0.966167
vt 0.148513 0.946175
vt 0.997726 0.272414
vt 0.993590 0.272414
vt 0.997726 0.275859
vt 0.350423 0.953455
vt 0.343378 0.934750
vt 0.343378 0.956155
vt 0.101676 0.561077
vt 0.131230 0.531443
vt 0.131226 0.511455
vt 0.680822 0.795749
vt 0.673931 0.795748
vt 0.673242 0.829518
vt 0.680822 0.822628
vt 0.680822 0.795749
vt 0.673242 0.829518
vt 0.673242 0.829518
vt 0.664971 0.834341
vt 0.678764 0.834335
vt 0.993591 0.941873
vt 0.996347 0.939116
vt 0.993590 0.939116
vt 0.996347 0.939116
vt 0.993591 0.941873
vt 0.996348 0.941873
vt 0.181020 0.996215
vt 0.183088 0.998971
vt 0.183088 0.996214
vt 0.183088 0.998971
vt 0.181020 0.996215
vt 0.181020 0.998971
vt 0.207706 0.996214
vt 0.205639 0.996215
vt 0.207706 0.998971
vt 0.205639 0.998971
vt 0.207706 0.998971
vt 0.205639 0.996215
vt 0.997725 0.349144
vt 0.993590 0.352589
vt 0.997725 0.352590
vt 0.148513 0.966162
vt 0.148513 0.946175
vt 0.145401 0.966167
vt 0.138843 0.561077
vt 0.138508 0.511426
vt 0.131230 0.531443
vt 0.125090 0.622419
vt 0.138843 0.561077
vt 0.131230 0.531443
vt 0.131230 0.531443
vt 0.101676 0.561077
vt 0.125090 0.622419
vt 0.440532 0.906640
vt 0.440532 0.872173
vt 0.418478 0.906642
vt 0.889408 0.603205
vt 0.886615 0.605222
vt 0.886700 0.639642
vt 0.418479 0.872175
vt 0.418478 0.906642
vt 0.440532 0.872173
vt 0.945066 0.620750
vt 0.947812 0.620720
vt 0.947812 0.598667
vt 0.947812 0.598667
vt 0.945066 0.598697
vt 0.945066 0.620750
vt 0.001565 0.059473
vt 0.005006 0.060693
vt 0.001560 0.004092
vt 0.030036 0.002072
vt 0.029347 0.044113
vt 0.030036 0.063410
vt 0.896663 0.288031
vt 0.899420 0.247422
vt 0.896663 0.246734
vt 0.096784 0.937797
vt 0.096782 0.924720
vt 0.088513 0.937800
vt 0.862697 0.304870
vt 0.863375 0.260764
vt 0.850284 0.260563
vt 0.887739 0.198824
vt 0.879468 0.198824
vt 0.879470 0.243624
vt 0.850284 0.260563
vt 0.850283 0.305369
vt 0.862697 0.304870
vt 0.879470 0.243624
vt 0.887736 0.243628
vt 0.887739 0.198824
vt 0.088511 0.924722
vt 0.088513 0.937800
vt 0.096782 0.924720
vt 0.089199 0.913710
vt 0.088511 0.924722
vt 0.096782 0.924720
vt 0.096784 0.913744
vt 0.089199 0.913710
vt 0.096782 0.924720
vt 0.862697 0.304870
vt 0.874390 0.261623
vt 0.863375 0.260764
vt 0.877727 0.410754
vt 0.864632 0.410756
vt 0.877727 0.455550
vt 0.971544 0.300371
vt 0.990838 0.303821
vt 0.990843 0.300371
vt 0.990839 0.486650
vt 0.990839 0.482520
vt 0.971541 0.482520
vt 0.908991 0.979749
vt 0.908991 0.975557
vt 0.904912 0.974877
vt 0.971541 0.482520
vt 0.971540 0.486650
vt 0.990839 0.486650
vt 0.990838 0.303821
vt 0.971544 0.300371
vt 0.971540 0.303821
vt 0.105665 0.993487
vt 0.108418 0.993487
vt 0.106349 0.974877
vt 0.010602 0.998971
vt 0.013358 0.996214
vt 0.010602 0.996214
vt 0.096080 0.974877
vt 0.096080 0.993491
vt 0.098837 0.974878
vt 0.971540 0.368302
vt 0.971543 0.372447
vt 0.990842 0.372447
vt 0.990842 0.372447
vt 0.990838 0.368302
vt 0.971540 0.368302
vt 0.108414 0.974877
vt 0.106349 0.974877
vt 0.108418 0.993487
vt 0.103629 0.974878
vt 0.100873 0.974877
vt 0.100873 0.993486
vt 0.013358 0.996214
vt 0.010602 0.998971
vt 0.013358 0.998971
vt 0.100873 0.993486
vt 0.103629 0.993487
vt 0.103629 0.974878
vt 0.997726 0.456005
vt 0.993590 0.456005
vt 0.994280 0.458762
vt 0.573229 0.942870
vt 0.573229 0.962830
vt 0.577364 0.962829
vt 0.994280 0.458762
vt 0.997726 0.458762
vt 0.997726 0.456005
vt 0.966748 0.497267
vt 0.969505 0.497267
vt 0.966748 0.477282
vt 0.577364 0.962829
vt 0.577364 0.942869
vt 0.573229 0.942870
vt 0.963402 0.021693
vt 0.966167 0.001699
vt 0.963402 0.001706
vt 0.880455 0.979750
vt 0.884421 0.978390
vt 0.884534 0.974877
vt 0.884534 0.974877
vt 0.880455 0.975558
vt 0.880455 0.979750
vt 0.180788 0.974883
vt 0.177342 0.974877
vt 0.177342 0.992923
vt 0.969505 0.477283
vt 0.966748 0.477282
vt 0.969505 0.497267
vt 0.177342 0.992923
vt 0.180788 0.992928
vt 0.180788 0.974883
vt 0.719202 0.755767
vt 0.719202 0.735807
vt 0.715767 0.755913
vt 0.904465 0.373779
vt 0.924450 0.337254
vt 0.904465 0.337248
vt 0.909432 0.190405
vt 0.906038 0.193227
vt 0.906637 0.224925
vt 0.909432 0.190405
vt 0.906637 0.224925
vt 0.909432 0.226941
vt 0.966167 0.001699
vt 0.963402 0.021693
vt 0.966167 0.021685
vt 0.248736 0.996214
vt 0.246668 0.996215
vt 0.246668 0.998971
vt 0.098837 0.993491
vt 0.098837 0.974878
vt 0.096080 0.993491
vt 0.246668 0.998971
vt 0.248736 0.998971
vt 0.248736 0.996214
vt 0.864632 0.410756
vt 0.853614 0.410767
vt 0.853614 0.454874
vt 0.864632 0.454863
vt 0.877727 0.455550
vt 0.864632 0.410756
vt 0.853614 0.454874
vt 0.864632 0.454863
vt 0.864632 0.410756
vt 0.994280 0.403290
vt 0.993591 0.406046
vt 0.997726 0.406046
vt 0.997726 0.406046
vt 0.997726 0.403290
vt 0.994280 0.403290
vt 0.716456 0.735953
vt 0.715767 0.755913
vt 0.719202 0.735807
vt 0.909974 0.862709
vt 0.912678 0.828985
vt 0.909974 0.826177
vt 0.924450 0.337254
vt 0.904465 0.373779
vt 0.924450 0.373785
vt 0.990844 0.635565
vt 0.971540 0.631831
vt 0.971546 0.635565
vt 0.111047 0.993487
vt 0.112942 0.974877
vt 0.110453 0.974877
vt 0.077690 0.998971
vt 0.080447 0.996214
vt 0.077690 0.996214
vt 0.990939 0.268851
vt 0.990847 0.266099
vt 0.971540 0.266099
vt 0.990843 0.877883
vt 0.971540 0.877883
vt 0.971540 0.880640
vt 0.971540 0.880640
vt 0.990843 0.879950
vt 0.990843 0.877883
vt 0.971540 0.266099
vt 0.971632 0.268851
vt 0.990939 0.268851
vt 0.971540 0.631831
vt 0.990844 0.635565
vt 0.990839 0.631831
vt 0.112942 0.974877
vt 0.111047 0.993487
vt 0.112913 0.993487
vt 0.080447 0.996214
vt 0.077690 0.998971
vt 0.080447 0.998971
vt 0.971540 0.863506
vt 0.971541 0.866263
vt 0.990843 0.866263
vt 0.990843 0.866263
vt 0.990842 0.864195
vt 0.971540 0.863506
vt 0.990848 0.463622
vt 0.971616 0.461134
vt 0.971540 0.463622
vt 0.971616 0.461134
vt 0.990848 0.463622
vt 0.990924 0.461134
vt 0.170779 0.998971
vt 0.170779 0.996215
vt 0.168711 0.996214
vt 0.168711 0.996214
vt 0.168711 0.998971
vt 0.170779 0.998971
vt 0.990841 0.834755
vt 0.971540 0.834755
vt 0.971543 0.836820
vt 0.211809 0.996214
vt 0.209742 0.996215
vt 0.211809 0.998971
vt 0.990843 0.899810
vt 0.990843 0.897742
vt 0.971540 0.897056
vt 0.971543 0.836820
vt 0.990846 0.837508
vt 0.990841 0.834755
vt 0.971540 0.899813
vt 0.990843 0.899810
vt 0.971540 0.897056
vt 0.971540 0.933358
vt 0.990838 0.932668
vt 0.990839 0.930601
vt 0.971540 0.933358
vt 0.990839 0.930601
vt 0.971540 0.930601
vt 0.209742 0.998971
vt 0.211809 0.998971
vt 0.209742 0.996215
vt 0.260315 0.002581
vt 0.259625 0.003271
vt 0.260315 0.031526
vt 0.700157 0.742021
vt 0.700157 0.790956
vt 0.700847 0.790266
vt 0.589227 0.322056
vt 0.594051 0.295865
vt 0.589227 0.293108
vt 0.125090 0.622419
vt 0.203579 0.561713
vt 0.203533 0.513470
vt 0.006675 0.703316
vt 0.001850 0.706073
vt 0.006675 0.730883
vt 0.807107 0.597388
vt 0.812648 0.548454
vt 0.807107 0.548453
vt 0.259625 0.003271
vt 0.259625 0.030837
vt 0.260315 0.031526
vt 0.594051 0.295865
vt 0.589227 0.322056
vt 0.594051 0.319299
vt 0.001850 0.728127
vt 0.006675 0.730883
vt 0.001850 0.706073
vt 0.851028 0.313277
vt 0.828973 0.358767
vt 0.851028 0.358766
vt 0.812648 0.548454
vt 0.807107 0.597388
vt 0.812648 0.593944
vt 0.897751 0.197852
vt 0.890170 0.198542
vt 0.897751 0.241958
vt 0.874390 0.261623
vt 0.862697 0.304870
vt 0.873722 0.305039
vt 0.890170 0.198542
vt 0.890170 0.241959
vt 0.897751 0.241958
vt 0.279492 0.998971
vt 0.281560 0.998971
vt 0.279492 0.996214
vt 0.281560 0.996214
vt 0.279492 0.996214
vt 0.281560 0.998971
vt 0.020764 0.994176
vt 0.022661 0.974877
vt 0.020172 0.974877
vt 0.015394 0.998971
vt 0.018150 0.996214
vt 0.015394 0.996214
vt 0.990948 0.259277
vt 0.990851 0.256525
vt 0.971638 0.259277
vt 0.990843 0.885432
vt 0.971540 0.882675
vt 0.971540 0.885432
vt 0.022661 0.974877
vt 0.020764 0.994176
vt 0.022631 0.994176
vt 0.018150 0.996214
vt 0.015394 0.998971
vt 0.018150 0.998971
vt 0.971540 0.868298
vt 0.971541 0.871055
vt 0.990843 0.871055
vt 0.971540 0.256525
vt 0.971638 0.259277
vt 0.990851 0.256525
vt 0.990843 0.871055
vt 0.990842 0.868298
vt 0.971540 0.868298
vt 0.990848 0.468145
vt 0.971616 0.465657
vt 0.971540 0.468145
vt 0.971540 0.882675
vt 0.990843 0.885432
vt 0.990843 0.882675
vt 0.990939 0.273638
vt 0.990847 0.270886
vt 0.971632 0.273638
vt 0.020186 0.998971
vt 0.022942 0.996214
vt 0.020186 0.996214
vt 0.971540 0.244905
vt 0.990855 0.244905
vt 0.971639 0.242150
vt 0.971616 0.465657
vt 0.990848 0.468145
vt 0.990924 0.465657
vt 0.971540 0.270886
vt 0.971632 0.273638
vt 0.990847 0.270886
vt 0.990954 0.240115
vt 0.990855 0.237360
vt 0.971540 0.237360
vt 0.022942 0.996214
vt 0.020186 0.998971
vt 0.022942 0.998971
vt 0.971540 0.237360
vt 0.971640 0.240115
vt 0.990954 0.240115
vt 0.993590 0.963077
vt 0.993591 0.965834
vt 0.996348 0.965834
vt 0.996348 0.965834
vt 0.996347 0.963077
vt 0.993590 0.963077
vt 0.993590 0.924739
vt 0.993591 0.927496
vt 0.996347 0.924739
vt 0.990954 0.242150
vt 0.971639 0.242150
vt 0.990855 0.244905
vt 0.996348 0.927496
vt 0.996347 0.924739
vt 0.993591 0.927496
vt 0.990861 0.220969
vt 0.971654 0.218483
vt 0.971540 0.220969
vt 0.285663 0.998971
vt 0.283595 0.996214
vt 0.283595 0.998971
vt 0.001018 0.994176
vt 0.003771 0.994176
vt 0.001702 0.974877
vt 0.990843 0.875847
vt 0.971540 0.873779
vt 0.971540 0.875847
vt 0.971654 0.218483
vt 0.990861 0.220969
vt 0.990976 0.218483
vt 0.283595 0.996214
vt 0.285663 0.998971
vt 0.285663 0.996214
vt 0.971540 0.959353
vt 0.971540 0.961420
vt 0.990838 0.962108
vt 0.003767 0.974877
vt 0.001702 0.974877
vt 0.003771 0.994176
vt 0.990838 0.962108
vt 0.990838 0.959351
vt 0.971540 0.959353
vt 0.990851 0.811529
vt 0.971574 0.809662
vt 0.971540 0.812151
vt 0.971540 0.873779
vt 0.990843 0.875847
vt 0.990843 0.873090
vt 0.990840 0.446696
vt 0.990838 0.442530
vt 0.971540 0.442530
vt 0.997783 0.109174
vt 0.993590 0.109174
vt 0.993590 0.113365
vt 0.971540 0.442530
vt 0.971542 0.446696
vt 0.990840 0.446696
vt 0.990842 0.337418
vt 0.971544 0.337418
vt 0.990838 0.341557
vt 0.993590 0.113365
vt 0.997783 0.113366
vt 0.997783 0.109174
vt 0.971574 0.809662
vt 0.990851 0.811529
vt 0.990877 0.809662
vt 0.971540 0.380663
vt 0.971543 0.384808
vt 0.990842 0.384808
vt 0.990842 0.384808
vt 0.990838 0.380663
vt 0.971540 0.380663
vt 0.215912 0.996214
vt 0.213845 0.996215
vt 0.215912 0.998971
vt 0.213845 0.998971
vt 0.215912 0.998971
vt 0.213845 0.996215
vt 0.993590 0.088455
vt 0.997783 0.088455
vt 0.997783 0.084263
vt 0.971540 0.341557
vt 0.990838 0.341557
vt 0.971544 0.337418
vt 0.997783 0.084263
vt 0.993591 0.084263
vt 0.993590 0.088455
vt 0.259625 0.058404
vt 0.260315 0.031526
vt 0.259625 0.030837
vt 0.812691 0.260315
vt 0.817655 0.260305
vt 0.817655 0.214816
vt 0.817655 0.214816
vt 0.812691 0.211379
vt 0.812691 0.260315
vt 0.576466 0.501652
vt 0.527531 0.501650
vt 0.527531 0.529219
vt 0.527531 0.529219
vt 0.576466 0.529221
vt 0.576466 0.501652
vt 0.828973 0.358767
vt 0.851028 0.313277
vt 0.828973 0.313278
vt 0.150181 0.911100
vt 0.130203 0.911112
vt 0.150181 0.942802
vt 0.130195 0.942806
vt 0.150181 0.942802
vt 0.130203 0.911112
vt 0.909974 0.862709
vt 0.912769 0.860694
vt 0.912678 0.828985
vt 0.734462 0.320387
vt 0.739226 0.295568
vt 0.734462 0.292818
vt 0.500756 0.732451
vt 0.527531 0.501650
vt 0.527531 0.474081
vt 0.017242 0.700685
vt 0.002672 0.779284
vt 0.275333 0.684492
vt 0.739226 0.295568
vt 0.734462 0.320387
vt 0.739226 0.317624
vt 0.087321 0.974877
vt 0.087321 0.992923
vt 0.090071 0.993816
vt 0.090071 0.993816
vt 0.090071 0.975771
vt 0.087321 0.974877
vt 0.500756 0.732451
vt 0.527531 0.529219
vt 0.527531 0.501650
vt 0.395478 0.865648
vt 0.387896 0.865013
vt 0.387896 0.906083
vt 0.387896 0.906083
vt 0.395478 0.906095
vt 0.395478 0.865648
vt 0.796718 0.510617
vt 0.803610 0.510617
vt 0.804305 0.461678
vt 0.804305 0.461678
vt 0.796714 0.460993
vt 0.796718 0.510617
vt 0.637437 0.460556
vt 0.637437 0.406301
vt 0.614717 0.417173
vt 0.780799 0.210254
vt 0.807642 0.210254
vt 0.781441 0.161321
vt 0.806908 0.161321
vt 0.781441 0.161321
vt 0.807642 0.210254
vt 0.053398 0.397146
vt 0.053398 0.347050
vt 0.045983 0.348776
vt 0.926882 0.355429
vt 0.934462 0.354752
vt 0.934462 0.329255
vt 0.934462 0.329255
vt 0.926882 0.329242
vt 0.926882 0.355429
vt 0.164998 0.561077
vt 0.138843 0.561077
vt 0.125090 0.622419
vt 0.013349 0.571967
vt 0.002125 0.572006
vt 0.002125 0.647449
vt 0.747269 0.712527
vt 0.757582 0.460912
vt 0.747269 0.460982
vt 0.002125 0.647449
vt 0.012861 0.646265
vt 0.013349 0.571967
vt 0.280252 0.737471
vt 0.277604 0.814317
vt 0.531801 0.738148
vt 0.479394 0.273471
vt 0.493930 0.290083
vt 0.479433 0.021921
vt 0.757582 0.460912
vt 0.747269 0.712527
vt 0.757582 0.712457
vt 0.025030 0.310964
vt 0.014714 0.310945
vt 0.025030 0.567352
vt 0.533978 0.814317
vt 0.531801 0.738148
vt 0.277604 0.814317
vt 0.401202 0.019468
vt 0.388045 0.001477
vt 0.388000 0.293688
vt 0.014714 0.567333
vt 0.025030 0.567352
vt 0.014714 0.310945
vt 0.388000 0.293688
vt 0.401852 0.275841
vt 0.401202 0.019468
vt 0.949553 0.715906
vt 0.957824 0.715921
vt 0.957824 0.705016
vt 0.957824 0.705016
vt 0.949553 0.704379
vt 0.949553 0.715906
vt 0.957824 0.715921
vt 0.949553 0.715906
vt 0.957822 0.725877
vt 0.081765 0.936128
vt 0.081764 0.923051
vt 0.073495 0.936131
vt 0.864366 0.144677
vt 0.865044 0.100571
vt 0.851952 0.100370
vt 0.872721 0.592633
vt 0.864450 0.592633
vt 0.872718 0.637437
vt 0.851952 0.100370
vt 0.851952 0.145175
vt 0.864366 0.144677
vt 0.073493 0.923054
vt 0.073495 0.936131
vt 0.081764 0.923051
vt 0.074181 0.912041
vt 0.073493 0.923054
vt 0.081764 0.923051
vt 0.081764 0.923051
vt 0.081765 0.912075
vt 0.074181 0.912041
vt 0.864366 0.144677
vt 0.876058 0.101429
vt 0.865044 0.100571
vt 0.990846 0.697952
vt 0.971540 0.694514
vt 0.971548 0.697952
vt 0.971540 0.694514
vt 0.990846 0.697952
vt 0.990839 0.694514
vt 0.997726 0.316265
vt 0.994280 0.316265
vt 0.993590 0.319711
vt 0.957026 0.615808
vt 0.957711 0.635768
vt 0.961157 0.635768
vt 0.993590 0.319711
vt 0.997726 0.319711
vt 0.997726 0.316265
vt 0.138392 0.966167
vt 0.141838 0.966167
vt 0.138392 0.946182
vt 0.961157 0.635768
vt 0.961161 0.615808
vt 0.957026 0.615808
vt 0.962830 0.270327
vt 0.962827 0.250340
vt 0.959390 0.250332
vt 0.959390 0.250332
vt 0.959384 0.270327
vt 0.962830 0.270327
vt 0.136941 0.974884
vt 0.132805 0.974877
vt 0.132805 0.992923
vt 0.141838 0.946182
vt 0.138392 0.946182
vt 0.141838 0.966167
vt 0.132805 0.992923
vt 0.136941 0.992930
vt 0.136941 0.974884
vt 0.950240 0.725864
vt 0.957822 0.725877
vt 0.949553 0.715906
vt 0.993591 0.255970
vt 0.993590 0.259416
vt 0.997726 0.259416
vt 0.997726 0.259416
vt 0.997726 0.255970
vt 0.993591 0.255970
vt 0.877727 0.148771
vt 0.864632 0.148773
vt 0.877727 0.193567
vt 0.864452 0.637433
vt 0.872718 0.637437
vt 0.864450 0.592633
vt 0.990839 0.492815
vt 0.990839 0.488685
vt 0.971541 0.488685
vt 0.997725 0.017462
vt 0.994280 0.020908
vt 0.998414 0.020908
vt 0.971541 0.488685
vt 0.971540 0.492815
vt 0.990839 0.492815
vt 0.990843 0.281848
vt 0.971544 0.281848
vt 0.990838 0.285297
vt 0.971540 0.787727
vt 0.971543 0.791182
vt 0.990842 0.791182
vt 0.994280 0.020908
vt 0.997725 0.017462
vt 0.993590 0.017462
vt 0.990842 0.791182
vt 0.990838 0.787727
vt 0.971540 0.787727
vt 0.997726 0.427251
vt 0.993590 0.427251
vt 0.994280 0.430007
vt 0.885273 0.941201
vt 0.885273 0.961161
vt 0.889408 0.961160
vt 0.994280 0.430007
vt 0.997726 0.430007
vt 0.997726 0.427251
vt 0.960072 0.849359
vt 0.962829 0.849359
vt 0.960072 0.829375
vt 0.889408 0.961160
vt 0.889408 0.941200
vt 0.885273 0.941201
vt 0.537887 0.967836
vt 0.540653 0.947842
vt 0.537887 0.947849
vt 0.202715 0.974877
vt 0.199269 0.974877
vt 0.199297 0.992923
vt 0.962830 0.829363
vt 0.960072 0.829375
vt 0.962829 0.849359
vt 0.199297 0.992923
vt 0.202053 0.992923
vt 0.202715 0.974877
vt 0.993590 0.046898
vt 0.994271 0.050977
vt 0.997783 0.051090
vt 0.971540 0.285297
vt 0.990838 0.285297
vt 0.971544 0.281848
vt 0.997783 0.051090
vt 0.997103 0.047011
vt 0.993590 0.046898
vt 0.033374 0.961015
vt 0.033374 0.941055
vt 0.030627 0.961161
vt 0.847730 0.916107
vt 0.867715 0.878887
vt 0.847730 0.878888
vt 0.906095 0.536809
vt 0.903338 0.539565
vt 0.903338 0.571959
vt 0.903338 0.571959
vt 0.906095 0.574027
vt 0.906095 0.536809
vt 0.540653 0.947842
vt 0.537887 0.967836
vt 0.540653 0.967828
vt 0.864632 0.148773
vt 0.853614 0.148783
vt 0.853614 0.192891
vt 0.864632 0.192880
vt 0.877727 0.193567
vt 0.864632 0.148773
vt 0.853614 0.192891
vt 0.864632 0.192880
vt 0.864632 0.148773
vt 0.994280 0.470381
vt 0.993590 0.473138
vt 0.997726 0.473138
vt 0.997726 0.473138
vt 0.997037 0.470381
vt 0.994280 0.470381
vt 0.030627 0.941201
vt 0.030627 0.961161
vt 0.033374 0.941055
vt 0.074002 0.390472
vt 0.076759 0.356013
vt 0.074002 0.353257
vt 0.867715 0.878887
vt 0.847730 0.916107
vt 0.867715 0.916106
vt 0.899420 0.191898
vt 0.899420 0.147791
vt 0.891838 0.148481
vt 0.876058 0.101429
vt 0.864366 0.144677
vt 0.875391 0.144846
vt 0.891838 0.148481
vt 0.891838 0.191899
vt 0.899420 0.191898
vt 0.990838 0.649168
vt 0.971540 0.649138
vt 0.971540 0.652872
vt 0.971540 0.652872
vt 0.990841 0.652605
vt 0.990838 0.649168
vt 0.808776 0.542322
vt 0.814317 0.493388
vt 0.808776 0.493386
vt 0.437195 0.696641
vt 0.432371 0.699399
vt 0.432371 0.720763
vt 0.437195 0.696641
vt 0.432371 0.720763
vt 0.437195 0.724208
vt 0.814317 0.493388
vt 0.808776 0.542322
vt 0.814317 0.538877
vt 0.300363 0.864377
vt 0.300363 0.818888
vt 0.278997 0.864378
vt 0.116026 0.996214
vt 0.116716 0.998971
vt 0.118783 0.998971
vt 0.971540 0.251731
vt 0.990949 0.254490
vt 0.990855 0.251731
vt 0.118783 0.998971
vt 0.118783 0.996214
vt 0.116026 0.996214
vt 0.990957 0.225756
vt 0.990855 0.223005
vt 0.971643 0.225756
vt 0.056368 0.994173
vt 0.058561 0.974877
vt 0.056694 0.974877
vt 0.990949 0.254490
vt 0.971540 0.251731
vt 0.971638 0.254486
vt 0.990854 0.249696
vt 0.990951 0.246941
vt 0.971637 0.246941
vt 0.971540 0.223005
vt 0.971643 0.225756
vt 0.990855 0.223005
vt 0.971637 0.246941
vt 0.971540 0.249696
vt 0.990854 0.249696
vt 0.058561 0.974877
vt 0.056368 0.994173
vt 0.058857 0.994173
vt 0.425513 0.996214
vt 0.425513 0.998282
vt 0.427580 0.998282
vt 0.971540 0.935393
vt 0.990838 0.938150
vt 0.990838 0.936082
vt 0.427580 0.998282
vt 0.427580 0.996214
vt 0.425513 0.996214
vt 0.990846 0.847085
vt 0.990842 0.845020
vt 0.971545 0.847085
vt 0.024697 0.994176
vt 0.026593 0.974877
vt 0.024727 0.974877
vt 0.990838 0.938150
vt 0.971540 0.935393
vt 0.971540 0.938150
vt 0.971540 0.912113
vt 0.971540 0.914181
vt 0.990842 0.914189
vt 0.971540 0.844332
vt 0.971545 0.847085
vt 0.990842 0.845020
vt 0.990842 0.914189
vt 0.990842 0.911432
vt 0.971540 0.912113
vt 0.026593 0.974877
vt 0.024697 0.994176
vt 0.027186 0.994176
vt 0.996348 0.932288
vt 0.996347 0.929532
vt 0.993590 0.929532
vt 0.993590 0.929532
vt 0.993591 0.932288
vt 0.996348 0.932288
vt 0.996347 0.980211
vt 0.996347 0.977454
vt 0.993590 0.977454
vt 0.993590 0.977454
vt 0.993591 0.980211
vt 0.996347 0.980211
vt 0.936131 0.828646
vt 0.916145 0.828649
vt 0.936131 0.861037
vt 0.076759 0.356013
vt 0.074002 0.390472
vt 0.076759 0.388404
vt 0.916145 0.861040
vt 0.936131 0.861037
vt 0.916145 0.828649
vt 0.340653 0.932794
vt 0.345417 0.908664
vt 0.340653 0.905913
vt 0.500756 0.732451
vt 0.527531 0.556099
vt 0.527531 0.529219
vt 0.278997 0.818889
vt 0.278997 0.864378
vt 0.300363 0.818888
vt 0.340653 0.932794
vt 0.345417 0.930030
vt 0.345417 0.908664
vt 0.947884 0.837720
vt 0.956155 0.837735
vt 0.956155 0.826830
vt 0.956155 0.826830
vt 0.947884 0.826193
vt 0.947884 0.837720
vt 0.956155 0.837735
vt 0.947884 0.837720
vt 0.956153 0.847691
vt 0.269251 0.998971
vt 0.269251 0.996214
vt 0.267183 0.996214
vt 0.010599 0.994176
vt 0.012664 0.994176
vt 0.010595 0.974877
vt 0.267183 0.996214
vt 0.267183 0.998971
vt 0.269251 0.998971
vt 0.971540 0.940185
vt 0.990838 0.942942
vt 0.990838 0.940185
vt 0.971540 0.858714
vt 0.971541 0.861471
vt 0.990843 0.861471
vt 0.013348 0.974877
vt 0.010595 0.974877
vt 0.012664 0.994176
vt 0.990843 0.861471
vt 0.990842 0.858714
vt 0.971540 0.858714
vt 0.029221 0.994176
vt 0.031118 0.974877
vt 0.029251 0.974877
vt 0.990838 0.942942
vt 0.971540 0.940185
vt 0.971540 0.942942
vt 0.031118 0.974877
vt 0.029221 0.994176
vt 0.031710 0.994176
vt 0.996348 0.958285
vt 0.993591 0.958285
vt 0.993590 0.961042
vt 0.993590 0.961042
vt 0.996347 0.961042
vt 0.996348 0.958285
vt 0.814283 0.603612
vt 0.809318 0.649118
vt 0.814317 0.649102
vt 0.527531 0.582979
vt 0.576466 0.582980
vt 0.576466 0.556790
vt 0.809318 0.649118
vt 0.814283 0.603612
vt 0.809318 0.600180
vt 0.576466 0.556790
vt 0.527531 0.556099
vt 0.527531 0.582979
vt 0.993590 0.125820
vt 0.997103 0.125707
vt 0.997783 0.121629
vt 0.971544 0.343593
vt 0.990838 0.347042
vt 0.990842 0.343593
vt 0.997783 0.121629
vt 0.993590 0.121629
vt 0.993590 0.125820
vt 0.990840 0.452897
vt 0.990839 0.448731
vt 0.971540 0.448731
vt 0.971540 0.448731
vt 0.971542 0.452897
vt 0.990840 0.452897
vt 0.990841 0.664144
vt 0.971540 0.660676
vt 0.971540 0.664410
vt 0.990838 0.347042
vt 0.971544 0.343593
vt 0.971540 0.347732
vt 0.990842 0.409529
vt 0.990838 0.405384
vt 0.971540 0.405384
vt 0.971540 0.405384
vt 0.971543 0.409529
vt 0.990842 0.409529
vt 0.971540 0.660676
vt 0.990841 0.664144
vt 0.990839 0.660706
vt 0.997783 0.057317
vt 0.997783 0.053125
vt 0.993590 0.053125
vt 0.993590 0.053125
vt 0.993591 0.057317
vt 0.997783 0.057317
vt 0.997037 0.556979
vt 0.993590 0.556979
vt 0.993591 0.560425
vt 0.961052 0.704248
vt 0.961052 0.724208
vt 0.964499 0.724208
vt 0.993591 0.560425
vt 0.997037 0.560425
vt 0.997037 0.556979
vt 0.131717 0.966167
vt 0.135163 0.966167
vt 0.131717 0.946182
vt 0.964499 0.724208
vt 0.964499 0.704247
vt 0.961052 0.704248
vt 0.077751 0.974877
vt 0.080501 0.993816
vt 0.080501 0.975771
vt 0.962830 0.699178
vt 0.962830 0.679192
vt 0.959384 0.679191
vt 0.959384 0.679191
vt 0.959384 0.699178
vt 0.962830 0.699178
vt 0.153380 0.974883
vt 0.149934 0.974877
vt 0.149934 0.992923
vt 0.135163 0.946182
vt 0.131717 0.946182
vt 0.135163 0.966167
vt 0.149934 0.992923
vt 0.153380 0.992928
vt 0.153380 0.974883
vt 0.948571 0.847677
vt 0.956153 0.847691
vt 0.947884 0.837720
vt 0.997037 0.631685
vt 0.997037 0.628239
vt 0.993590 0.628240
vt 0.993590 0.628240
vt 0.993590 0.631685
vt 0.997037 0.631685
vt 0.080501 0.993816
vt 0.077751 0.974877
vt 0.077751 0.992923
vt 0.115136 0.936129
vt 0.115139 0.923088
vt 0.106866 0.936131
vt 0.865031 0.255308
vt 0.865032 0.211197
vt 0.851939 0.210508
vt 0.887739 0.359018
vt 0.879468 0.359018
vt 0.887736 0.403821
vt 0.851939 0.210508
vt 0.852626 0.255308
vt 0.865031 0.255308
vt 0.106866 0.923054
vt 0.106866 0.936131
vt 0.115139 0.923088
vt 0.107558 0.912077
vt 0.106866 0.923054
vt 0.115139 0.923088
vt 0.115139 0.923088
vt 0.115139 0.912076
vt 0.107558 0.912077
vt 0.865031 0.255308
vt 0.876058 0.211197
vt 0.865032 0.211197
vt 0.876058 0.360691
vt 0.862964 0.360693
vt 0.876058 0.405488
vt 0.879470 0.403818
vt 0.887736 0.403821
vt 0.879468 0.359018
vt 0.993590 0.132048
vt 0.997103 0.131935
vt 0.997783 0.127856
vt 0.971544 0.760277
vt 0.990838 0.763727
vt 0.990842 0.760277
vt 0.997783 0.127856
vt 0.993590 0.127856
vt 0.993590 0.132048
vt 0.990840 0.428091
vt 0.990838 0.423925
vt 0.971540 0.423925
vt 0.971540 0.423925
vt 0.971542 0.428091
vt 0.990840 0.428091
vt 0.990844 0.641334
vt 0.971540 0.637600
vt 0.971546 0.641334
vt 0.990838 0.763727
vt 0.971544 0.760277
vt 0.971540 0.763727
vt 0.990842 0.403349
vt 0.990838 0.399204
vt 0.971540 0.399204
vt 0.971540 0.399204
vt 0.971543 0.403349
vt 0.990842 0.403349
vt 0.971540 0.637600
vt 0.990844 0.641334
vt 0.990839 0.637600
vt 0.997726 0.261451
vt 0.993590 0.261451
vt 0.994280 0.264208
vt 0.124357 0.941201
vt 0.124353 0.961161
vt 0.128489 0.961161
vt 0.997726 0.261451
vt 0.994280 0.264208
vt 0.997726 0.264897
vt 0.557340 0.941164
vt 0.553894 0.941164
vt 0.557340 0.961161
vt 0.128489 0.961161
vt 0.127803 0.941201
vt 0.124357 0.941201
vt 0.963402 0.093446
vt 0.966167 0.073452
vt 0.963402 0.073460
vt 0.121146 0.992910
vt 0.123910 0.975047
vt 0.120457 0.974877
vt 0.966167 0.073452
vt 0.963402 0.093446
vt 0.966167 0.093438
vt 0.997783 0.063545
vt 0.997103 0.059466
vt 0.993590 0.059353
vt 0.993590 0.059353
vt 0.993591 0.063545
vt 0.997783 0.063545
vt 0.553894 0.961161
vt 0.557340 0.961161
vt 0.553894 0.941164
vt 0.123910 0.975047
vt 0.121146 0.992910
vt 0.123910 0.993105
vt 0.180218 0.961052
vt 0.180218 0.941092
vt 0.177469 0.961161
vt 0.901128 0.492261
vt 0.921113 0.455042
vt 0.901128 0.455043
vt 0.907763 0.001162
vt 0.905006 0.003229
vt 0.905006 0.035623
vt 0.905006 0.035623
vt 0.907763 0.038380
vt 0.907763 0.001162
vt 0.862964 0.360693
vt 0.851945 0.361393
vt 0.851945 0.404811
vt 0.862964 0.405490
vt 0.876058 0.405488
vt 0.862964 0.360693
vt 0.851945 0.404811
vt 0.862964 0.405490
vt 0.862964 0.360693
vt 0.994280 0.634410
vt 0.993590 0.637167
vt 0.997037 0.637166
vt 0.997037 0.633721
vt 0.994280 0.634410
vt 0.997037 0.637166
vt 0.177469 0.941201
vt 0.177469 0.961161
vt 0.180218 0.941092
vt 0.359347 0.185224
vt 0.362104 0.150076
vt 0.359347 0.148009
vt 0.921113 0.455042
vt 0.901128 0.492261
vt 0.921113 0.492261
vt 0.217948 0.996214
vt 0.217948 0.998971
vt 0.220015 0.998971
vt 0.220015 0.998971
vt 0.220015 0.996215
vt 0.217948 0.996214
vt 0.807107 0.488924
vt 0.812648 0.439990
vt 0.807107 0.439988
vt 0.453882 0.694973
vt 0.449057 0.697730
vt 0.449057 0.719784
vt 0.576466 0.610549
vt 0.611616 0.610551
vt 0.576466 0.582980
vt 0.453882 0.694973
vt 0.449057 0.719784
vt 0.453882 0.722540
vt 0.812648 0.439990
vt 0.807107 0.488924
vt 0.812648 0.485479
vt 0.770931 0.859371
vt 0.770931 0.813882
vt 0.748876 0.859372
vt 0.899420 0.450544
vt 0.899420 0.407126
vt 0.891838 0.407127
vt 0.876058 0.211197
vt 0.865031 0.255308
vt 0.876057 0.254619
vt 0.891838 0.407127
vt 0.891838 0.450544
vt 0.899420 0.450544
vt 0.500756 0.732451
vt 0.527531 0.582979
vt 0.527531 0.556099
vt 0.839320 0.899278
vt 0.819334 0.899278
vt 0.839315 0.931670
vt 0.362104 0.150076
vt 0.359347 0.185224
vt 0.362104 0.182467
vt 0.819329 0.931670
vt 0.839315 0.931670
vt 0.819334 0.899278
vt 0.751149 0.320387
vt 0.755913 0.295568
vt 0.751149 0.292818
vt 0.500756 0.732451
vt 0.527531 0.610548
vt 0.527531 0.582979
vt 0.748876 0.813883
vt 0.748876 0.859372
vt 0.770931 0.813882
vt 0.751149 0.320387
vt 0.755913 0.317624
vt 0.755913 0.295568
vt 0.179100 0.049811
vt 0.181698 0.002926
vt 0.141693 0.002928
vt 0.141914 0.078765
vt 0.179100 0.049811
vt 0.141693 0.002928
vt 0.536237 0.974877
vt 0.535614 0.975626
vt 0.536237 0.982490
vt 0.615744 0.142455
vt 0.608852 0.142455
vt 0.615744 0.165200
vt 0.300363 0.580702
vt 0.300363 0.557959
vt 0.292778 0.557950
vt 0.292778 0.557950
vt 0.292778 0.580692
vt 0.300363 0.580702
vt 0.635768 0.930075
vt 0.635071 0.930066
vt 0.635768 0.952818
vt 0.608852 0.165199
vt 0.615744 0.165200
vt 0.608852 0.142455
vt 0.941501 0.061741
vt 0.951149 0.038996
vt 0.941501 0.038997
vt 0.635071 0.952809
vt 0.635768 0.952818
vt 0.635071 0.930066
vt 0.320387 0.559629
vt 0.313504 0.559620
vt 0.313504 0.582361
vt 0.597388 0.498926
vt 0.597388 0.476183
vt 0.590503 0.476204
vt 0.951149 0.038996
vt 0.941501 0.061741
vt 0.950460 0.061741
vt 0.313504 0.582361
vt 0.320387 0.582370
vt 0.320387 0.559629
vt 0.590503 0.476204
vt 0.590500 0.498936
vt 0.597388 0.498926
vt 0.950460 0.113470
vt 0.951149 0.090725
vt 0.942190 0.090726
vt 0.701827 0.951128
vt 0.702515 0.951149
vt 0.702515 0.928396
vt 0.942190 0.090726
vt 0.942190 0.113470
vt 0.950460 0.113470
vt 0.602181 0.476190
vt 0.609069 0.498936
vt 0.609069 0.476195
vt 0.561439 0.531270
vt 0.561439 0.554003
vt 0.569021 0.554001
vt 0.544160 0.974877
vt 0.543472 0.975566
vt 0.544160 0.982459
vt 0.569021 0.554001
vt 0.569021 0.531268
vt 0.561439 0.531270
vt 0.212170 0.085646
vt 0.221574 0.013940
vt 0.181698 0.002926
vt 0.181698 0.002926
vt 0.179100 0.049811
vt 0.212170 0.085646
vt 0.221574 0.013940
vt 0.212170 0.085646
vt 0.260907 0.074593
vt 0.260907 0.074593
vt 0.248475 0.024967
vt 0.221574 0.013940
vt 0.179100 0.049811
vt 0.141914 0.078765
vt 0.219066 0.134581
vt 0.219066 0.134581
vt 0.212170 0.085646
vt 0.179100 0.049811
vt 0.141914 0.078765
vt 0.146729 0.123564
vt 0.181952 0.184909
vt 0.181952 0.184909
vt 0.219066 0.134581
vt 0.141914 0.078765
vt 0.538837 0.974877
vt 0.538273 0.981747
vt 0.538837 0.982483
vt 0.565081 0.981883
vt 0.565081 0.974877
vt 0.564469 0.974989
vt 0.609069 0.498936
vt 0.602181 0.476190
vt 0.602181 0.498931
vt 0.546818 0.974877
vt 0.546195 0.981771
vt 0.546818 0.982459
vt 0.269133 0.123522
vt 0.260907 0.074593
vt 0.212170 0.085646
vt 0.212170 0.085646
vt 0.219066 0.134581
vt 0.266477 0.177982
vt 0.266477 0.177982
vt 0.269133 0.123522
vt 0.212170 0.085646
vt 0.697509 0.111598
vt 0.697509 0.088154
vt 0.690633 0.088358
vt 0.944474 0.342012
vt 0.937582 0.342010
vt 0.944474 0.365442
vt 0.510617 0.946141
vt 0.510617 0.922720
vt 0.503725 0.922721
vt 0.503725 0.922721
vt 0.503725 0.946143
vt 0.510617 0.946141
vt 0.941137 0.917775
vt 0.941137 0.894341
vt 0.934246 0.894341
vt 0.937582 0.365440
vt 0.944474 0.365442
vt 0.937582 0.342010
vt 0.934246 0.894341
vt 0.933557 0.917775
vt 0.941137 0.917775
vt 0.575062 0.974877
vt 0.574377 0.974946
vt 0.575062 0.981804
vt 0.942806 0.450472
vt 0.935913 0.450472
vt 0.942806 0.473906
vt 0.935913 0.620750
vt 0.942806 0.597327
vt 0.935910 0.597318
vt 0.938783 0.096713
vt 0.938094 0.096713
vt 0.939468 0.120145
vt 0.935918 0.473902
vt 0.942806 0.473906
vt 0.935913 0.450472
vt 0.523966 0.942805
vt 0.523966 0.919371
vt 0.517075 0.919372
vt 0.942806 0.597327
vt 0.935913 0.620750
vt 0.942806 0.620748
vt 0.938779 0.120145
vt 0.939468 0.120145
vt 0.938094 0.096713
vt 0.517075 0.919372
vt 0.516386 0.942806
vt 0.523966 0.942805
vt 0.501033 0.974877
vt 0.500345 0.975566
vt 0.501033 0.984527
vt 0.387134 0.912697
vt 0.378179 0.912693
vt 0.387134 0.936131
vt 0.874390 0.542321
vt 0.874390 0.518890
vt 0.864740 0.518890
vt 0.864740 0.518890
vt 0.864740 0.542322
vt 0.874390 0.542321
vt 0.993630 0.887577
vt 0.996387 0.887577
vt 0.996347 0.884835
vt 0.996347 0.884835
vt 0.993590 0.884835
vt 0.993630 0.887577
vt 0.139987 0.996214
vt 0.139987 0.998971
vt 0.142042 0.998982
vt 0.450230 0.989413
vt 0.452984 0.974998
vt 0.450230 0.974877
vt 0.142042 0.998982
vt 0.142042 0.996225
vt 0.139987 0.996214
vt 0.444874 0.989875
vt 0.447431 0.988459
vt 0.448195 0.975791
vt 0.444874 0.989875
vt 0.448195 0.975791
vt 0.444874 0.974877
vt 0.468050 0.987846
vt 0.467285 0.976052
vt 0.464757 0.974877
vt 0.452984 0.974998
vt 0.450230 0.989413
vt 0.452984 0.989534
vt 0.464757 0.988861
vt 0.468050 0.987846
vt 0.464757 0.974877
vt 0.488690 0.974877
vt 0.485933 0.974878
vt 0.485244 0.987331
vt 0.485244 0.987331
vt 0.488690 0.987329
vt 0.488690 0.974877
vt 0.937778 0.038309
vt 0.937080 0.038301
vt 0.937800 0.061741
vt 0.378179 0.936127
vt 0.387134 0.936131
vt 0.378179 0.912693
vt 0.248634 0.910922
vt 0.225925 0.910984
vt 0.248634 0.934462
vt 0.937102 0.061733
vt 0.937800 0.061741
vt 0.937080 0.038301
vt 0.929521 0.061741
vt 0.937102 0.061733
vt 0.937080 0.038301
vt 0.927683 0.932793
vt 0.931125 0.932794
vt 0.927683 0.905913
vt 0.997036 0.786772
vt 0.993590 0.789529
vt 0.997036 0.789529
vt 0.040048 0.028368
vt 0.040048 0.001488
vt 0.037291 0.028368
vt 0.783773 0.942806
vt 0.787912 0.920063
vt 0.783777 0.919374
vt 0.931125 0.905914
vt 0.927683 0.905913
vt 0.931125 0.932794
vt 0.767594 0.322056
vt 0.764837 0.295176
vt 0.764837 0.322055
vt 0.993590 0.789529
vt 0.997036 0.786772
vt 0.993591 0.786772
vt 0.700847 0.034970
vt 0.690510 0.035659
vt 0.700847 0.058404
vt 0.225925 0.910984
vt 0.225886 0.934416
vt 0.248634 0.934462
vt 0.997045 0.676550
vt 0.993599 0.676550
vt 0.993590 0.678609
vt 0.037291 0.001488
vt 0.037291 0.028368
vt 0.040048 0.001488
vt 0.993590 0.678609
vt 0.997045 0.679306
vt 0.997045 0.676550
vt 0.993590 0.664574
vt 0.997037 0.661817
vt 0.993590 0.661128
vt 0.997037 0.661817
vt 0.993590 0.664574
vt 0.997037 0.664573
vt 0.764837 0.295176
vt 0.767594 0.322056
vt 0.766905 0.294487
vt 0.208585 0.910040
vt 0.207888 0.910010
vt 0.208585 0.932794
vt 0.207888 0.932764
vt 0.208585 0.932794
vt 0.207888 0.910010
vt 0.690510 0.035659
vt 0.689821 0.058404
vt 0.700847 0.058404
vt 0.612722 0.974877
vt 0.612034 0.974877
vt 0.612034 0.981080
vt 0.330399 0.557961
vt 0.324196 0.557959
vt 0.330399 0.580702
vt 0.334205 0.582362
vt 0.340411 0.559638
vt 0.334205 0.559629
vt 0.772311 0.677267
vt 0.769489 0.704184
vt 0.772600 0.704146
vt 0.788601 0.920063
vt 0.787912 0.920063
vt 0.789287 0.942806
vt 0.324196 0.580700
vt 0.330399 0.580702
vt 0.324196 0.557959
vt 0.340411 0.559638
vt 0.334205 0.582362
vt 0.340411 0.582370
vt 0.788598 0.942806
vt 0.789287 0.942806
vt 0.787912 0.920063
vt 0.783773 0.942806
vt 0.788598 0.942806
vt 0.787912 0.920063
vt 0.024978 0.998971
vt 0.027734 0.996214
vt 0.024978 0.996214
vt 0.436110 0.140169
vt 0.438863 0.140169
vt 0.436794 0.119492
vt 0.954483 0.524978
vt 0.951730 0.545659
vt 0.954486 0.545659
vt 0.027734 0.996214
vt 0.024978 0.998971
vt 0.027734 0.998971
vt 0.225853 0.957824
vt 0.228610 0.957824
vt 0.225853 0.937147
vt 0.438859 0.119492
vt 0.436794 0.119492
vt 0.438863 0.140169
vt 0.650260 0.607400
vt 0.652455 0.586726
vt 0.649966 0.586726
vt 0.951730 0.545659
vt 0.954483 0.524978
vt 0.952416 0.524978
vt 0.082482 0.998971
vt 0.085239 0.996214
vt 0.082482 0.996214
vt 0.614659 0.110132
vt 0.617413 0.110133
vt 0.615348 0.089456
vt 0.951730 0.492261
vt 0.954486 0.471580
vt 0.951730 0.471580
vt 0.227920 0.937147
vt 0.225853 0.937147
vt 0.228610 0.957824
vt 0.652455 0.586726
vt 0.650260 0.607400
vt 0.652126 0.607400
vt 0.085239 0.996214
vt 0.082482 0.998971
vt 0.085239 0.998971
vt 0.531222 0.554002
vt 0.533979 0.554003
vt 0.533979 0.532637
vt 0.617413 0.088767
vt 0.615348 0.089456
vt 0.617413 0.110133
vt 0.533979 0.532637
vt 0.531222 0.532636
vt 0.531222 0.554002
vt 0.769489 0.704184
vt 0.772311 0.677267
vt 0.769489 0.676615
vt 0.530411 0.606711
vt 0.532310 0.586034
vt 0.529821 0.586034
vt 0.954486 0.471580
vt 0.951730 0.492261
vt 0.954486 0.492261
vt 0.532310 0.586034
vt 0.530411 0.606711
vt 0.532277 0.607400
vt 0.087274 0.996214
vt 0.087274 0.998282
vt 0.090031 0.996214
vt 0.954486 0.498279
vt 0.951733 0.518960
vt 0.953800 0.518960
vt 0.928372 0.825998
vt 0.931125 0.825994
vt 0.929060 0.805317
vt 0.090031 0.998971
vt 0.090031 0.996214
vt 0.087274 0.998282
vt 0.953978 0.246965
vt 0.956155 0.226289
vt 0.953370 0.226289
vt 0.951733 0.518960
vt 0.954486 0.498279
vt 0.951730 0.498279
vt 0.704766 0.216837
vt 0.707521 0.216929
vt 0.707521 0.196240
vt 0.931125 0.805314
vt 0.929060 0.805317
vt 0.931125 0.825994
vt 0.707521 0.196240
vt 0.704766 0.196148
vt 0.704766 0.216837
vt 0.029770 0.998971
vt 0.032526 0.996214
vt 0.029770 0.996214
vt 0.648033 0.110133
vt 0.650786 0.110133
vt 0.648717 0.089456
vt 0.956152 0.092789
vt 0.953398 0.113470
vt 0.956155 0.113470
vt 0.956155 0.226289
vt 0.953978 0.246965
vt 0.955845 0.246963
vt 0.032526 0.996214
vt 0.029770 0.998971
vt 0.032526 0.998971
vt 0.953398 0.345417
vt 0.956155 0.345417
vt 0.953398 0.324740
vt 0.650782 0.089456
vt 0.648717 0.089456
vt 0.650786 0.110133
vt 0.650260 0.554000
vt 0.652455 0.533326
vt 0.649966 0.533326
vt 0.953398 0.113470
vt 0.956152 0.092789
vt 0.954084 0.092789
vt 0.120818 0.998282
vt 0.123575 0.996214
vt 0.120818 0.996214
vt 0.457803 0.193567
vt 0.460556 0.193563
vt 0.458493 0.172887
vt 0.956155 0.039392
vt 0.953401 0.060073
vt 0.955469 0.060073
vt 0.956155 0.324741
vt 0.953398 0.324740
vt 0.956155 0.345417
vt 0.652455 0.533326
vt 0.650260 0.554000
vt 0.652423 0.554003
vt 0.123575 0.996214
vt 0.120818 0.998282
vt 0.123575 0.998971
vt 0.948394 0.924361
vt 0.951149 0.924450
vt 0.951149 0.903073
vt 0.460556 0.172194
vt 0.458493 0.172887
vt 0.460556 0.193563
vt 0.951149 0.903073
vt 0.948394 0.902984
vt 0.948394 0.924361
vt 0.074182 0.484905
vt 0.072306 0.505611
vt 0.075091 0.505570
vt 0.953401 0.060073
vt 0.956155 0.039392
vt 0.953398 0.039392
vt 0.072306 0.505611
vt 0.074182 0.484905
vt 0.072306 0.484245
vt 0.619666 0.110132
vt 0.622419 0.110133
vt 0.620354 0.089456
vt 0.996359 0.910379
vt 0.993602 0.913136
vt 0.996359 0.913136
vt 0.956155 0.140169
vt 0.956152 0.119488
vt 0.954084 0.119488
vt 0.956155 0.140169
vt 0.954084 0.119488
vt 0.953398 0.140169
vt 0.622419 0.088767
vt 0.620354 0.089456
vt 0.622419 0.110133
vt 0.575696 0.475902
vt 0.572939 0.475901
vt 0.572939 0.497267
vt 0.993602 0.913136
vt 0.996359 0.910379
vt 0.993590 0.910378
vt 0.572939 0.497267
vt 0.575696 0.496578
vt 0.575696 0.475902
vt 0.409101 0.998282
vt 0.411169 0.998282
vt 0.411169 0.996214
vt 0.411169 0.996214
vt 0.409101 0.996215
vt 0.409101 0.998282
vt 0.146153 0.996223
vt 0.144077 0.996214
vt 0.146153 0.998980
vt 0.144077 0.998971
vt 0.146153 0.998980
vt 0.144077 0.996214
vt 0.187191 0.996214
vt 0.185123 0.996215
vt 0.187191 0.998971
vt 0.185123 0.998971
vt 0.187191 0.998971
vt 0.185123 0.996215
vt 0.191294 0.996214
vt 0.189226 0.996215
vt 0.191294 0.998282
vt 0.189226 0.998971
vt 0.191294 0.998282
vt 0.189226 0.996215
vt 0.150264 0.996223
vt 0.148188 0.996214
vt 0.150264 0.998980
vt 0.148188 0.998971
vt 0.150264 0.998980
vt 0.148188 0.996214
vt 0.160497 0.996214
vt 0.162573 0.998290
vt 0.162573 0.996223
vt 0.162573 0.998290
vt 0.160497 0.996214
vt 0.160497 0.998971
vt 0.435200 0.045054
vt 0.433048 0.023656
vt 0.433048 0.044332
vt 0.577717 0.981799
vt 0.577717 0.974877
vt 0.577097 0.974934
vt 0.614767 0.974877
vt 0.614757 0.981080
vt 0.615380 0.981080
vt 0.503691 0.974877
vt 0.503068 0.983838
vt 0.503691 0.984527
vt 0.993630 0.892355
vt 0.996387 0.892355
vt 0.996347 0.889613
vt 0.996347 0.889613
vt 0.993590 0.889613
vt 0.993630 0.892355
vt 0.152300 0.996214
vt 0.152300 0.998971
vt 0.154359 0.998979
vt 0.473529 0.974877
vt 0.470755 0.988717
vt 0.473511 0.988710
vt 0.154359 0.998979
vt 0.154359 0.996222
vt 0.152300 0.996214
vt 0.455020 0.989250
vt 0.457396 0.988526
vt 0.458320 0.975868
vt 0.455020 0.989250
vt 0.458320 0.975868
vt 0.455020 0.974877
vt 0.483209 0.987158
vt 0.482105 0.975390
vt 0.479745 0.974877
vt 0.479745 0.987678
vt 0.483209 0.987158
vt 0.479745 0.974877
vt 0.470755 0.988717
vt 0.473529 0.974877
vt 0.470085 0.975575
vt 0.494172 0.974877
vt 0.491415 0.974878
vt 0.494172 0.987329
vt 0.490726 0.987331
vt 0.494172 0.987329
vt 0.491415 0.974878
vt 0.997036 0.784737
vt 0.997036 0.781980
vt 0.993590 0.784737
vt 0.007255 0.163350
vt 0.007255 0.190230
vt 0.010012 0.190230
vt 0.762484 0.705852
vt 0.765925 0.705853
vt 0.762484 0.678972
vt 0.010012 0.190230
vt 0.010012 0.163350
vt 0.007255 0.163350
vt 0.993590 0.781980
vt 0.993590 0.784737
vt 0.997036 0.781980
vt 0.760602 0.408606
vt 0.757808 0.435526
vt 0.760919 0.435485
vt 0.435200 0.045054
vt 0.435526 0.024380
vt 0.433048 0.023656
vt 0.710750 0.760919
vt 0.713507 0.760919
vt 0.714186 0.733354
vt 0.765925 0.678283
vt 0.762484 0.678972
vt 0.765925 0.705853
vt 0.714186 0.733354
vt 0.710750 0.733350
vt 0.710750 0.760919
vt 0.757808 0.435526
vt 0.760602 0.408606
vt 0.757808 0.407952
vt 0.470085 0.975575
vt 0.470773 0.978338
vt 0.473529 0.978331
vt 0.473529 0.978331
vt 0.473529 0.974877
vt 0.470085 0.975575
vt 0.710750 0.736796
vt 0.714196 0.736796
vt 0.714186 0.733354
vt 0.714186 0.733354
vt 0.710750 0.733350
vt 0.710750 0.736796
vt 0.178620 0.672027
vt 0.179311 0.685829
vt 0.186892 0.685828
vt 0.896083 0.743508
vt 0.888501 0.743508
vt 0.896083 0.786929
vt 0.186892 0.685828
vt 0.186891 0.672026
vt 0.178620 0.672027
vt 0.589847 0.877039
vt 0.603630 0.832927
vt 0.589847 0.833617
vt 0.355421 0.818593
vt 0.341629 0.817897
vt 0.355429 0.862709
vt 0.889190 0.787618
vt 0.896083 0.786929
vt 0.888501 0.743508
vt 0.723789 0.406883
vt 0.723789 0.457219
vt 0.730883 0.407736
vt 0.594365 0.730738
vt 0.626443 0.779954
vt 0.627425 0.729574
vt 0.856034 0.788359
vt 0.849098 0.790295
vt 0.848579 0.819236
vt 0.856034 0.788359
vt 0.848579 0.819236
vt 0.855440 0.821434
vt 0.588128 0.729574
vt 0.594365 0.730738
vt 0.627425 0.729574
vt 0.156632 0.615844
vt 0.156632 0.644112
vt 0.163464 0.642563
vt 0.594365 0.730738
vt 0.598215 0.780943
vt 0.626443 0.779954
vt 0.730635 0.455996
vt 0.730883 0.407736
vt 0.723789 0.457219
vt 0.163464 0.642563
vt 0.163531 0.617052
vt 0.156632 0.615844
vt 0.770607 0.163266
vt 0.777606 0.212976
vt 0.777546 0.164721
vt 0.770607 0.213591
vt 0.777606 0.212976
vt 0.770607 0.163266
vt 0.605343 0.060202
vt 0.605343 0.031257
vt 0.523307 0.018119
vt 0.523307 0.018119
vt 0.605343 0.031257
vt 0.765236 0.018131
vt 0.605343 0.085012
vt 0.605343 0.060202
vt 0.523307 0.018119
vt 0.605343 0.113957
vt 0.605343 0.085012
vt 0.523307 0.018119
vt 0.605343 0.138767
vt 0.605343 0.113957
vt 0.523307 0.018119
vt 0.605343 0.168401
vt 0.605343 0.138767
vt 0.523307 0.018119
vt 0.039737 0.588646
vt 0.069969 0.511455
vt 0.041752 0.346726
vt 0.605343 0.191143
vt 0.605343 0.168401
vt 0.523307 0.018119
vt 0.523307 0.290339
vt 0.605343 0.168401
vt 0.523307 0.018119
vt 0.523307 0.290339
vt 0.605343 0.191143
vt 0.523307 0.018119
vt 0.179311 0.658261
vt 0.178620 0.672027
vt 0.186891 0.672026
vt 0.186891 0.672026
vt 0.186892 0.658260
vt 0.179311 0.658261
vt 0.617413 0.877727
vt 0.617413 0.832927
vt 0.603630 0.832927
vt 0.603630 0.832927
vt 0.589847 0.877039
vt 0.603630 0.877038
vt 0.603630 0.832927
vt 0.603630 0.877038
vt 0.617413 0.877727
vt 0.341629 0.817897
vt 0.327854 0.817908
vt 0.341637 0.862702
vt 0.341637 0.862702
vt 0.355429 0.862709
vt 0.341629 0.817897
vt 0.742092 0.979847
vt 0.746283 0.979750
vt 0.746283 0.974877
vt 0.639973 0.089452
vt 0.639973 0.110129
vt 0.644112 0.110133
vt 0.746283 0.974877
vt 0.742092 0.974975
vt 0.742092 0.979847
vt 0.622570 0.270327
vt 0.627425 0.270325
vt 0.627425 0.249648
vt 0.644112 0.110133
vt 0.644112 0.089456
vt 0.639973 0.089452
vt 0.627425 0.249648
vt 0.622570 0.249650
vt 0.622570 0.270327
vt 0.605343 0.031257
vt 0.653589 0.033321
vt 0.765236 0.018131
vt 0.636715 0.056735
vt 0.640774 0.036049
vt 0.636715 0.036058
vt 0.173543 0.649117
vt 0.173543 0.604321
vt 0.165962 0.604322
vt 0.165962 0.604322
vt 0.165962 0.649118
vt 0.173543 0.649117
vt 0.327854 0.862704
vt 0.341637 0.862702
vt 0.327854 0.817908
vt 0.711720 0.270327
vt 0.715865 0.270323
vt 0.715865 0.249647
vt 0.715865 0.249647
vt 0.711720 0.249650
vt 0.711720 0.270327
vt 0.640774 0.036049
vt 0.636715 0.056735
vt 0.640774 0.056726
vt 0.605343 0.085012
vt 0.653585 0.058810
vt 0.605343 0.060202
vt 0.856034 0.827667
vt 0.855440 0.821434
vt 0.848579 0.819236
vt 0.833513 0.662467
vt 0.837679 0.662465
vt 0.837679 0.641788
vt 0.828145 0.974877
vt 0.823839 0.975557
vt 0.823839 0.979749
vt 0.837679 0.641788
vt 0.833513 0.641790
vt 0.833513 0.662467
vt 0.380460 0.645780
vt 0.380460 0.625103
vt 0.376321 0.645776
vt 0.823839 0.979749
vt 0.828032 0.979749
vt 0.828145 0.974877
vt 0.550665 0.586717
vt 0.546511 0.586724
vt 0.546511 0.607400
vt 0.546511 0.607400
vt 0.550665 0.607394
vt 0.550665 0.586717
vt 0.969003 0.975567
vt 0.969003 0.979702
vt 0.971760 0.979702
vt 0.688078 0.662467
vt 0.690835 0.662467
vt 0.690835 0.639726
vt 0.972449 0.974877
vt 0.969003 0.975567
vt 0.971760 0.979702
vt 0.627425 0.476187
vt 0.622597 0.498900
vt 0.627425 0.498936
vt 0.690835 0.639726
vt 0.687388 0.639726
vt 0.688078 0.662467
vt 0.725877 0.089598
vt 0.721742 0.089592
vt 0.725877 0.110133
vt 0.616332 0.194216
vt 0.616332 0.216929
vt 0.619081 0.216819
vt 0.470568 0.232812
vt 0.467772 0.234826
vt 0.470568 0.268658
vt 0.619081 0.216819
vt 0.619081 0.194106
vt 0.616332 0.194216
vt 0.927787 0.323724
vt 0.927787 0.287884
vt 0.905046 0.287885
vt 0.905046 0.287885
vt 0.905034 0.323724
vt 0.927787 0.323724
vt 0.303700 0.623029
vt 0.300245 0.623037
vt 0.303700 0.645772
vt 0.721742 0.110127
vt 0.725877 0.110133
vt 0.721742 0.089592
vt 0.622597 0.498900
vt 0.627425 0.476187
vt 0.622600 0.476187
vt 0.300245 0.645780
vt 0.303700 0.645772
vt 0.300245 0.623037
vt 0.679826 0.974877
vt 0.679826 0.979751
vt 0.684017 0.979849
vt 0.684017 0.979849
vt 0.684017 0.974975
vt 0.679826 0.974877
vt 0.939468 0.377122
vt 0.916725 0.377125
vt 0.939468 0.408824
vt 0.467163 0.266524
vt 0.470568 0.268658
vt 0.467772 0.234826
vt 0.653589 0.033321
vt 0.653585 0.058810
vt 0.687357 0.031930
vt 0.653589 0.033321
vt 0.687357 0.031930
vt 0.765236 0.018131
vt 0.947078 0.979702
vt 0.950524 0.979702
vt 0.950524 0.975567
vt 0.947078 0.979702
vt 0.950524 0.975567
vt 0.947078 0.974877
vt 0.532310 0.440133
vt 0.532310 0.408432
vt 0.529553 0.406364
vt 0.529553 0.406364
vt 0.529553 0.442201
vt 0.532310 0.440133
vt 0.916725 0.408827
vt 0.939468 0.408824
vt 0.916725 0.377125
vt 0.783758 0.979750
vt 0.783758 0.975558
vt 0.779452 0.974877
vt 0.376321 0.625099
vt 0.376321 0.645776
vt 0.380460 0.625103
vt 0.779452 0.974877
vt 0.779566 0.979749
vt 0.783758 0.979750
vt 0.653585 0.058810
vt 0.605343 0.085012
vt 0.653585 0.087066
vt 0.653585 0.058810
vt 0.653585 0.087066
vt 0.687354 0.061554
vt 0.687354 0.061554
vt 0.687357 0.031930
vt 0.653585 0.058810
vt 0.146729 0.123564
vt 0.142008 0.202836
vt 0.181952 0.184909
vt 0.219066 0.134581
vt 0.181952 0.184909
vt 0.221879 0.237281
vt 0.219066 0.134581
vt 0.221879 0.237281
vt 0.271995 0.241391
vt 0.271995 0.241391
vt 0.266477 0.177982
vt 0.219066 0.134581
vt 0.934460 0.568864
vt 0.927565 0.569151
vt 0.934462 0.581309
vt 0.889408 0.409194
vt 0.881827 0.409077
vt 0.888740 0.452610
vt 0.046794 0.677033
vt 0.047485 0.690835
vt 0.055067 0.690834
vt 0.848493 0.546604
vt 0.848493 0.590025
vt 0.862276 0.545914
vt 0.055067 0.690834
vt 0.055065 0.677032
vt 0.046794 0.677033
vt 0.926878 0.581595
vt 0.934462 0.581309
vt 0.927565 0.569151
vt 0.881827 0.453882
vt 0.888740 0.452610
vt 0.881827 0.409077
vt 0.835567 0.001219
vt 0.849359 0.046723
vt 0.849359 0.001918
vt 0.763294 0.510617
vt 0.791550 0.510617
vt 0.794293 0.460307
vt 0.281578 0.683894
vt 0.281578 0.734220
vt 0.288682 0.684659
vt 0.899420 0.785023
vt 0.898256 0.818085
vt 0.899420 0.824329
vt 0.794293 0.460307
vt 0.761213 0.460307
vt 0.763294 0.510617
vt 0.398034 0.895995
vt 0.404896 0.898194
vt 0.405490 0.865119
vt 0.405490 0.865119
vt 0.398554 0.867054
vt 0.398034 0.895995
vt 0.646567 0.293797
vt 0.646567 0.322056
vt 0.654124 0.320675
vt 0.288409 0.732913
vt 0.288682 0.684659
vt 0.281578 0.734220
vt 0.654124 0.320675
vt 0.653434 0.295173
vt 0.646567 0.293797
vt 0.193565 0.910658
vt 0.186668 0.911241
vt 0.193567 0.923103
vt 0.862276 0.590025
vt 0.862276 0.545914
vt 0.848493 0.590025
vt 0.398034 0.895995
vt 0.405490 0.904426
vt 0.404896 0.898194
vt 0.182927 0.403206
vt 0.175928 0.353496
vt 0.175928 0.403821
vt 0.849359 0.046723
vt 0.835567 0.001219
vt 0.835568 0.046025
vt 0.185983 0.923389
vt 0.193567 0.923103
vt 0.186668 0.911241
vt 0.031778 0.678738
vt 0.032464 0.692503
vt 0.040046 0.692503
vt 0.742564 0.846388
vt 0.734983 0.846272
vt 0.741896 0.889804
vt 0.040046 0.692503
vt 0.040048 0.678738
vt 0.031778 0.678738
vt 0.514757 0.875370
vt 0.528539 0.831948
vt 0.514757 0.831948
vt 0.357090 0.689415
vt 0.343298 0.689408
vt 0.357098 0.734220
vt 0.734983 0.891077
vt 0.741896 0.889804
vt 0.734983 0.846272
vt 0.734056 0.406891
vt 0.734056 0.457219
vt 0.740859 0.407695
vt 0.792212 0.513705
vt 0.763966 0.513701
vt 0.761902 0.564015
vt 0.490593 0.867476
vt 0.483669 0.868720
vt 0.483127 0.898350
vt 0.433858 0.211685
vt 0.432698 0.244057
vt 0.433858 0.250302
vt 0.761902 0.564015
vt 0.794293 0.564015
vt 0.792212 0.513705
vt 0.483127 0.898350
vt 0.490001 0.899862
vt 0.490593 0.867476
vt 0.175928 0.353496
vt 0.182927 0.403206
vt 0.183555 0.354959
vt 0.740895 0.455956
vt 0.740859 0.407695
vt 0.734056 0.457219
vt 0.193567 0.639209
vt 0.192945 0.613715
vt 0.186046 0.612507
vt 0.186046 0.612507
vt 0.186046 0.640774
vt 0.193567 0.639209
vt 0.934462 0.581309
vt 0.926878 0.581595
vt 0.926881 0.594041
vt 0.926881 0.594041
vt 0.934462 0.594051
vt 0.934462 0.581309
vt 0.046796 0.663267
vt 0.046794 0.677033
vt 0.055065 0.677032
vt 0.055065 0.677032
vt 0.055067 0.663266
vt 0.046796 0.663267
vt 0.876058 0.590714
vt 0.876058 0.545913
vt 0.862276 0.545914
vt 0.862276 0.545914
vt 0.862276 0.590025
vt 0.876058 0.590714
vt 0.625756 0.607392
vt 0.625756 0.586715
vt 0.621697 0.586723
vt 0.621697 0.586723
vt 0.621697 0.607400
vt 0.625756 0.607392
vt 0.835567 0.001219
vt 0.821784 0.001219
vt 0.835568 0.046025
vt 0.764963 0.974877
vt 0.760772 0.974974
vt 0.760772 0.979847
vt 0.537468 0.712527
vt 0.542322 0.712526
vt 0.542322 0.691849
vt 0.760772 0.979847
vt 0.764963 0.979750
vt 0.764963 0.974877
vt 0.647449 0.036059
vt 0.643310 0.056731
vt 0.647449 0.056735
vt 0.542322 0.691849
vt 0.537468 0.691851
vt 0.537468 0.712527
vt 0.629093 0.884402
vt 0.629093 0.838912
vt 0.620824 0.839038
vt 0.620824 0.839038
vt 0.621502 0.883828
vt 0.629093 0.884402
vt 0.821784 0.046713
vt 0.835568 0.046025
vt 0.821784 0.001219
vt 0.536508 0.554003
vt 0.540653 0.553999
vt 0.536508 0.533326
vt 0.634099 0.215251
vt 0.634099 0.194574
vt 0.630040 0.194583
vt 0.643310 0.056731
vt 0.647449 0.036059
vt 0.643310 0.036054
vt 0.630040 0.194583
vt 0.630040 0.215260
vt 0.634099 0.215251
vt 0.540653 0.533323
vt 0.536508 0.533326
vt 0.540653 0.553999
vt 0.997037 0.562460
vt 0.993590 0.562460
vt 0.997037 0.565906
vt 0.550665 0.918423
vt 0.547219 0.941137
vt 0.550665 0.941136
vt 0.702407 0.498936
vt 0.705853 0.498936
vt 0.705853 0.476195
vt 0.705853 0.476195
vt 0.702407 0.476195
vt 0.702407 0.498936
vt 0.916107 0.865537
vt 0.912668 0.864642
vt 0.912668 0.885177
vt 0.912668 0.885177
vt 0.915417 0.886070
vt 0.916107 0.865537
vt 0.993591 0.565906
vt 0.997037 0.565906
vt 0.993590 0.562460
vt 0.687389 0.498936
vt 0.690835 0.476193
vt 0.687389 0.476192
vt 0.547219 0.941137
vt 0.550665 0.918423
vt 0.547219 0.918424
vt 0.166868 0.938958
vt 0.163422 0.938952
vt 0.166868 0.959493
vt 0.690835 0.476193
vt 0.687389 0.498936
vt 0.690835 0.498936
vt 0.163422 0.959487
vt 0.166868 0.959493
vt 0.163422 0.938952
vt 0.994280 0.030493
vt 0.998415 0.030493
vt 0.998415 0.027736
vt 0.940049 0.647449
vt 0.942806 0.647449
vt 0.942806 0.624707
vt 0.993590 0.027736
vt 0.994280 0.030493
vt 0.998415 0.027736
vt 0.637618 0.476223
vt 0.637618 0.498936
vt 0.642443 0.498935
vt 0.942806 0.624707
vt 0.940049 0.624707
vt 0.940049 0.647449
vt 0.642443 0.498935
vt 0.642443 0.476222
vt 0.637618 0.476223
vt 0.533978 0.640264
vt 0.529843 0.640257
vt 0.533978 0.660798
vt 0.609658 0.247613
vt 0.609658 0.270327
vt 0.612407 0.270217
vt 0.907763 0.827842
vt 0.904968 0.829857
vt 0.907763 0.864378
vt 0.612407 0.270217
vt 0.612407 0.247504
vt 0.609658 0.247613
vt 0.924450 0.824329
vt 0.924450 0.787800
vt 0.901709 0.787800
vt 0.901709 0.787800
vt 0.901697 0.824329
vt 0.924450 0.824329
vt 0.148513 0.659740
vt 0.145747 0.659748
vt 0.148513 0.682483
vt 0.529843 0.660792
vt 0.533978 0.660798
vt 0.529843 0.640257
vt 0.145747 0.682491
vt 0.148513 0.682483
vt 0.145747 0.659748
vt 0.941137 0.166868
vt 0.918394 0.166871
vt 0.941137 0.198570
vt 0.904968 0.829857
vt 0.904370 0.861556
vt 0.907763 0.864378
vt 0.690244 0.979849
vt 0.690244 0.974975
vt 0.686053 0.974877
vt 0.686053 0.974877
vt 0.686053 0.979751
vt 0.690244 0.979849
vt 0.993590 0.598796
vt 0.997037 0.595350
vt 0.993590 0.595350
vt 0.997037 0.595350
vt 0.993590 0.598796
vt 0.997037 0.598796
vt 0.998415 0.025701
vt 0.998415 0.022944
vt 0.994280 0.022944
vt 0.998415 0.025701
vt 0.994280 0.022944
vt 0.993590 0.025701
vt 0.914438 0.409408
vt 0.914438 0.377706
vt 0.911681 0.375639
vt 0.911681 0.412165
vt 0.914438 0.409408
vt 0.911681 0.375639
vt 0.918394 0.198573
vt 0.941137 0.198570
vt 0.918394 0.166871
vt 0.653585 0.087066
vt 0.653589 0.112575
vt 0.687350 0.084976
vt 0.687350 0.084976
vt 0.687354 0.061554
vt 0.653585 0.087066
vt 0.193567 0.923103
vt 0.185983 0.923389
vt 0.185983 0.936131
vt 0.185983 0.936131
vt 0.193567 0.935845
vt 0.193567 0.923103
vt 0.605343 0.113957
vt 0.605343 0.138767
vt 0.653589 0.112575
vt 0.830180 0.975557
vt 0.830181 0.979749
vt 0.834486 0.974877
vt 0.842685 0.471583
vt 0.838519 0.492261
vt 0.842685 0.492260
vt 0.623270 0.712527
vt 0.627425 0.712521
vt 0.623270 0.691851
vt 0.830181 0.979749
vt 0.834373 0.979749
vt 0.834486 0.974877
vt 0.387134 0.625103
vt 0.382995 0.645776
vt 0.387134 0.645780
vt 0.838519 0.492261
vt 0.842685 0.471583
vt 0.838519 0.471584
vt 0.639105 0.552325
vt 0.639105 0.531648
vt 0.635046 0.531657
vt 0.382995 0.645776
vt 0.387134 0.625103
vt 0.382995 0.625099
vt 0.635046 0.531657
vt 0.635046 0.552334
vt 0.639105 0.552325
vt 0.627425 0.691844
vt 0.623270 0.691851
vt 0.627425 0.712521
vt 0.032470 0.664972
vt 0.031778 0.678738
vt 0.040048 0.678738
vt 0.040048 0.678738
vt 0.040048 0.664936
vt 0.032470 0.664972
vt 0.542322 0.876058
vt 0.542322 0.831258
vt 0.528539 0.831948
vt 0.528539 0.831948
vt 0.514757 0.875370
vt 0.528539 0.875370
vt 0.528539 0.831948
vt 0.528539 0.875370
vt 0.542322 0.876058
vt 0.343298 0.689408
vt 0.329522 0.689419
vt 0.343306 0.733524
vt 0.343306 0.733524
vt 0.357098 0.734220
vt 0.343298 0.689408
vt 0.653589 0.140830
vt 0.653589 0.112575
vt 0.605343 0.138767
vt 0.661501 0.979945
vt 0.665010 0.979750
vt 0.665010 0.974877
vt 0.951037 0.730226
vt 0.951037 0.750903
vt 0.954486 0.750907
vt 0.665010 0.974877
vt 0.661501 0.975072
vt 0.661501 0.979945
vt 0.630914 0.270327
vt 0.635768 0.270325
vt 0.635768 0.249648
vt 0.954486 0.750907
vt 0.954486 0.730231
vt 0.951037 0.730226
vt 0.635768 0.249648
vt 0.630914 0.249650
vt 0.630914 0.270327
vt 0.636715 0.607400
vt 0.640774 0.586715
vt 0.636715 0.586723
vt 0.884402 0.303700
vt 0.884402 0.258905
vt 0.876820 0.258216
vt 0.876820 0.258216
vt 0.876820 0.303012
vt 0.884402 0.303700
vt 0.329522 0.734216
vt 0.343306 0.733524
vt 0.329522 0.689419
vt 0.951031 0.777606
vt 0.954486 0.777603
vt 0.954486 0.756926
vt 0.954486 0.756926
vt 0.951031 0.756929
vt 0.951031 0.777606
vt 0.640774 0.586715
vt 0.636715 0.607400
vt 0.640774 0.607392
vt 0.231848 0.957824
vt 0.235284 0.938480
vt 0.231848 0.937289
vt 0.798475 0.974877
vt 0.802781 0.979750
vt 0.802781 0.975558
vt 0.798475 0.974877
vt 0.798589 0.979749
vt 0.802781 0.979750
vt 0.997037 0.724472
vt 0.993590 0.724472
vt 0.997037 0.727229
vt 0.862709 0.920092
vt 0.859263 0.942806
vt 0.862709 0.942805
vt 0.940049 0.877727
vt 0.942806 0.877727
vt 0.942806 0.854986
vt 0.942806 0.854986
vt 0.940049 0.854986
vt 0.940049 0.877727
vt 0.570689 0.487255
vt 0.570689 0.464300
vt 0.567922 0.464673
vt 0.993591 0.727229
vt 0.997037 0.727229
vt 0.993590 0.724472
vt 0.466143 0.939468
vt 0.468900 0.916725
vt 0.466143 0.916725
vt 0.859263 0.942806
vt 0.862709 0.920092
vt 0.859263 0.920092
vt 0.957824 0.279828
vt 0.954378 0.279823
vt 0.957824 0.300363
vt 0.468900 0.916725
vt 0.466143 0.939468
vt 0.468900 0.939468
vt 0.954378 0.300358
vt 0.957824 0.300363
vt 0.954378 0.279823
vt 0.653589 0.112575
vt 0.653589 0.140830
vt 0.687346 0.114600
vt 0.687346 0.114600
vt 0.687350 0.084976
vt 0.653589 0.112575
vt 0.997037 0.690926
vt 0.993590 0.693683
vt 0.997037 0.693683
vt 0.993590 0.693683
vt 0.997037 0.690926
vt 0.993591 0.690926
vt 0.977931 0.979702
vt 0.977931 0.974877
vt 0.974485 0.975567
vt 0.292201 0.623067
vt 0.292201 0.645780
vt 0.297026 0.645779
vt 0.974485 0.975567
vt 0.975174 0.979702
vt 0.977931 0.979702
vt 0.941717 0.393809
vt 0.944474 0.393809
vt 0.944474 0.371068
vt 0.297026 0.645779
vt 0.297026 0.623066
vt 0.292201 0.623067
vt 0.944474 0.371068
vt 0.941717 0.371068
vt 0.941717 0.393809
vt 0.120145 0.378783
vt 0.120145 0.356040
vt 0.116690 0.356048
vt 0.116690 0.356048
vt 0.116690 0.378791
vt 0.120145 0.378783
vt 0.385466 0.561546
vt 0.381328 0.561836
vt 0.385466 0.582080
vt 0.621338 0.439512
vt 0.621338 0.462225
vt 0.624087 0.462116
vt 0.909432 0.414009
vt 0.906637 0.416024
vt 0.909432 0.450544
vt 0.624087 0.462116
vt 0.624087 0.439402
vt 0.621338 0.439512
vt 0.926119 0.085103
vt 0.926119 0.048573
vt 0.903377 0.048574
vt 0.903377 0.048574
vt 0.903365 0.085102
vt 0.926119 0.085103
vt 0.381328 0.582370
vt 0.385466 0.582080
vt 0.381328 0.561836
vt 0.937800 0.533289
vt 0.915056 0.533292
vt 0.937800 0.565680
vt 0.906026 0.448412
vt 0.909432 0.450544
vt 0.906637 0.416024
vt 0.644868 0.974877
vt 0.644868 0.979751
vt 0.648377 0.979946
vt 0.648377 0.979946
vt 0.648377 0.975073
vt 0.644868 0.974877
vt 0.687350 0.139420
vt 0.687346 0.114600
vt 0.653589 0.140830
vt 0.653589 0.166329
vt 0.687350 0.139420
vt 0.653589 0.140830
vt 0.988894 0.975567
vt 0.985448 0.974877
vt 0.985448 0.979702
vt 0.985448 0.979702
vt 0.988205 0.979702
vt 0.988894 0.975567
vt 0.909432 0.410097
vt 0.909432 0.377706
vt 0.906675 0.375639
vt 0.906675 0.375639
vt 0.906675 0.412165
vt 0.909432 0.410097
vt 0.915056 0.565683
vt 0.937800 0.565680
vt 0.915056 0.533292
vt 0.538984 0.481815
vt 0.538984 0.466653
vt 0.530714 0.466654
vt 0.530714 0.466654
vt 0.530714 0.481815
vt 0.538984 0.481815
vt 0.065079 0.941174
vt 0.060944 0.941173
vt 0.060944 0.961161
vt 0.060944 0.961161
vt 0.065079 0.961161
vt 0.065079 0.941174
vt 0.587376 0.907869
vt 0.579105 0.907181
vt 0.579108 0.922344
vt 0.670810 0.840608
vt 0.662537 0.886035
vt 0.670810 0.886070
vt 0.579108 0.922344
vt 0.587374 0.922346
vt 0.587376 0.907869
vt 0.817078 0.639105
vt 0.831560 0.638636
vt 0.832239 0.593848
vt 0.832239 0.593848
vt 0.817078 0.593617
vt 0.817078 0.639105
vt 0.730739 0.842685
vt 0.730739 0.797198
vt 0.715577 0.797196
vt 0.662537 0.886035
vt 0.670810 0.840608
vt 0.662540 0.840609
vt 0.715577 0.797196
vt 0.715577 0.842682
vt 0.730739 0.842685
vt 0.997726 0.037321
vt 0.994968 0.040074
vt 0.998415 0.040074
vt 0.951149 0.226579
vt 0.947703 0.226579
vt 0.947704 0.248634
vt 0.947812 0.820992
vt 0.947812 0.798936
vt 0.945043 0.798935
vt 0.947704 0.248634
vt 0.950461 0.248634
vt 0.951149 0.226579
vt 0.945043 0.798935
vt 0.945055 0.820992
vt 0.947812 0.820992
vt 0.994968 0.040074
vt 0.997726 0.037321
vt 0.993590 0.037321
vt 0.946707 0.351714
vt 0.949480 0.373785
vt 0.949480 0.351731
vt 0.529843 0.692143
vt 0.529843 0.714196
vt 0.533978 0.692143
vt 0.996348 0.919951
vt 0.993590 0.922704
vt 0.996347 0.922704
vt 0.949480 0.446845
vt 0.946723 0.446845
vt 0.946034 0.468900
vt 0.594051 0.831004
vt 0.593363 0.808948
vt 0.590606 0.808948
vt 0.946034 0.468900
vt 0.949480 0.468900
vt 0.949480 0.446845
vt 0.590606 0.808948
vt 0.590605 0.831004
vt 0.594051 0.831004
vt 0.993590 0.922704
vt 0.996348 0.919951
vt 0.993591 0.919951
vt 0.949480 0.475212
vt 0.946724 0.475213
vt 0.949480 0.497257
vt 0.953402 0.273663
vt 0.956155 0.273664
vt 0.953402 0.252986
vt 0.997726 0.270378
vt 0.993590 0.266933
vt 0.993591 0.270378
vt 0.475575 0.956155
vt 0.475575 0.935478
vt 0.471439 0.956155
vt 0.956155 0.252987
vt 0.953402 0.252986
vt 0.956155 0.273664
vt 0.058404 0.941174
vt 0.054259 0.941175
vt 0.054259 0.961159
vt 0.993590 0.266933
vt 0.997726 0.270378
vt 0.997726 0.266933
vt 0.054259 0.961159
vt 0.058394 0.961161
vt 0.058404 0.941174
vt 0.945055 0.792624
vt 0.947812 0.770561
vt 0.945055 0.770561
vt 0.993590 0.201157
vt 0.993594 0.203905
vt 0.997735 0.201157
vt 0.471439 0.936168
vt 0.471439 0.956155
vt 0.475575 0.935478
vt 0.428851 0.731428
vt 0.406763 0.734220
vt 0.428816 0.734218
vt 0.206917 0.868471
vt 0.184861 0.868471
vt 0.184861 0.907763
vt 0.901089 0.743374
vt 0.898380 0.779812
vt 0.901089 0.782612
vt 0.184861 0.907763
vt 0.206917 0.907763
vt 0.206917 0.868471
vt 0.946043 0.497267
vt 0.949480 0.497257
vt 0.946724 0.475213
vt 0.947812 0.770561
vt 0.945055 0.792624
vt 0.947812 0.792624
vt 0.997728 0.204603
vt 0.997735 0.201157
vt 0.993594 0.203905
vt 0.530714 0.495599
vt 0.538984 0.481815
vt 0.530714 0.481815
vt 0.538984 0.481815
vt 0.530714 0.495599
vt 0.538295 0.495598
vt 0.587374 0.922346
vt 0.579108 0.922344
vt 0.587376 0.936131
vt 0.846022 0.594057
vt 0.832239 0.593848
vt 0.831560 0.638636
vt 0.831560 0.638636
vt 0.845343 0.638845
vt 0.846022 0.594057
vt 0.730739 0.842685
vt 0.739009 0.803402
vt 0.730739 0.797198
vt 0.730739 0.797198
vt 0.739009 0.803402
vt 0.744532 0.797192
vt 0.579799 0.936128
vt 0.587376 0.936131
vt 0.579108 0.922344
vt 0.427407 0.992104
vt 0.429764 0.991056
vt 0.427407 0.974877
vt 0.026699 0.021450
vt 0.025636 0.002158
vt 0.023253 0.021394
vt 0.993594 0.496825
vt 0.996351 0.496825
vt 0.997726 0.494336
vt 0.997726 0.494336
vt 0.993590 0.494336
vt 0.993594 0.496825
vt 0.156394 0.998975
vt 0.158462 0.998975
vt 0.156404 0.996214
vt 0.158462 0.998975
vt 0.157772 0.997596
vt 0.156404 0.996214
vt 0.949480 0.373785
vt 0.946707 0.351714
vt 0.946707 0.373767
vt 0.533978 0.714196
vt 0.533978 0.692143
vt 0.529843 0.714196
vt 0.993595 0.669721
vt 0.997041 0.669721
vt 0.993590 0.666609
vt 0.996347 0.666609
vt 0.993590 0.666609
vt 0.997041 0.669721
vt 0.961387 0.216929
vt 0.964499 0.196936
vt 0.961387 0.196941
vt 0.964499 0.196936
vt 0.961387 0.216929
vt 0.964499 0.216924
vt 0.037318 0.998971
vt 0.037318 0.996214
vt 0.034562 0.996214
vt 0.966751 0.365441
vt 0.969505 0.365441
vt 0.969500 0.345454
vt 0.034562 0.996214
vt 0.034562 0.998971
vt 0.037318 0.998971
vt 0.779855 0.967835
vt 0.782612 0.947844
vt 0.779855 0.947844
vt 0.969500 0.345454
vt 0.967436 0.345454
vt 0.966751 0.365441
vt 0.965079 0.315381
vt 0.967836 0.315381
vt 0.967836 0.295393
vt 0.967836 0.295393
vt 0.965079 0.295393
vt 0.965079 0.315381
vt 0.991528 0.011965
vt 0.971540 0.010067
vt 0.971540 0.012556
vt 0.782612 0.947844
vt 0.779855 0.967835
vt 0.782612 0.967836
vt 0.971540 0.010067
vt 0.991528 0.011965
vt 0.991528 0.010098
vt 0.092066 0.996214
vt 0.092066 0.998971
vt 0.094823 0.998971
vt 0.969505 0.048428
vt 0.966748 0.068416
vt 0.969505 0.068416
vt 0.094823 0.998971
vt 0.094823 0.996214
vt 0.092066 0.996214
vt 0.965083 0.178548
vt 0.967836 0.178549
vt 0.967148 0.158561
vt 0.967148 0.158561
vt 0.965083 0.158561
vt 0.965083 0.178548
vt 0.498116 0.971173
vt 0.500605 0.951182
vt 0.498116 0.951186
vt 0.966748 0.068416
vt 0.969505 0.048428
vt 0.966748 0.048429
vt 0.844934 0.492260
vt 0.847691 0.492261
vt 0.844934 0.472276
vt 0.967836 0.403858
vt 0.965079 0.423845
vt 0.967836 0.423845
vt 0.039354 0.996214
vt 0.039354 0.998971
vt 0.042110 0.998971
vt 0.505611 0.949517
vt 0.502858 0.949516
vt 0.502858 0.969504
vt 0.042110 0.998971
vt 0.042110 0.996214
vt 0.039354 0.996214
vt 0.502858 0.969504
vt 0.505611 0.969505
vt 0.505611 0.949517
vt 0.500605 0.951182
vt 0.498116 0.971173
vt 0.499982 0.971170
vt 0.847691 0.472277
vt 0.844934 0.472276
vt 0.847691 0.492261
vt 0.965079 0.423845
vt 0.967836 0.403858
vt 0.965079 0.403858
vt 0.508128 0.951186
vt 0.508128 0.971173
vt 0.510617 0.951182
vt 0.696822 0.784281
vt 0.697509 0.784253
vt 0.697509 0.734590
vt 0.797406 0.355843
vt 0.797122 0.375829
vt 0.804305 0.355950
vt 0.697509 0.734590
vt 0.696005 0.764310
vt 0.696822 0.784281
vt 0.739009 0.803402
vt 0.730739 0.842685
vt 0.739009 0.837862
vt 0.230278 0.878820
vt 0.223386 0.873307
vt 0.223386 0.907763
vt 0.744532 0.842679
vt 0.744532 0.797192
vt 0.739009 0.803402
vt 0.223386 0.907763
vt 0.230278 0.906385
vt 0.228899 0.868495
vt 0.223386 0.907763
vt 0.230278 0.906385
vt 0.230278 0.878820
vt 0.543774 0.882337
vt 0.543774 0.916107
vt 0.550665 0.883716
vt 0.804305 0.516043
vt 0.797394 0.516150
vt 0.797404 0.565094
vt 0.797404 0.565094
vt 0.804305 0.565683
vt 0.804305 0.516043
vt 0.997265 0.532206
vt 0.994591 0.532877
vt 0.993590 0.534550
vt 0.900302 0.197977
vt 0.901669 0.238549
vt 0.904426 0.238549
vt 0.993590 0.534550
vt 0.997265 0.535052
vt 0.997265 0.532206
vt 0.902757 0.002662
vt 0.900011 0.003410
vt 0.902757 0.043339
vt 0.904426 0.238549
vt 0.903748 0.197977
vt 0.900302 0.197977
vt 0.900302 0.197977
vt 0.900296 0.238622
vt 0.901669 0.238549
vt 0.995250 0.538500
vt 0.997302 0.537087
vt 0.993590 0.537087
vt 0.023571 0.002161
vt 0.023253 0.021394
vt 0.025636 0.002158
vt 0.005006 0.060693
vt 0.001565 0.059473
vt 0.004320 0.096784
vt 0.900689 0.043386
vt 0.902757 0.043339
vt 0.900011 0.003410
vt 0.256942 0.996214
vt 0.254875 0.996215
vt 0.254875 0.998971
vt 0.254875 0.998971
vt 0.256942 0.998971
vt 0.256942 0.996214
vt 0.222051 0.998971
vt 0.224118 0.998971
vt 0.224118 0.996214
vt 0.224118 0.996214
vt 0.222051 0.996215
vt 0.222051 0.998971
vt 0.996348 0.946665
vt 0.996347 0.943908
vt 0.993590 0.943908
vt 0.993590 0.943908
vt 0.993591 0.946665
vt 0.996348 0.946665
vt 0.510617 0.971169
vt 0.510617 0.951182
vt 0.508128 0.971173
vt 0.995048 0.840165
vt 0.994566 0.842602
vt 0.996514 0.842610
vt 0.993590 0.842610
vt 0.994566 0.842602
vt 0.995048 0.840165
vt 0.863288 0.827667
vt 0.866046 0.826276
vt 0.866045 0.787697
vt 0.699178 0.796090
vt 0.696424 0.835359
vt 0.699178 0.836010
vt 0.866045 0.787697
vt 0.863288 0.787697
vt 0.863288 0.827667
vt 0.684481 0.827667
vt 0.685829 0.789104
vt 0.684481 0.787694
vt 0.860814 0.593440
vt 0.860107 0.594129
vt 0.859644 0.634099
vt 0.108751 0.468900
vt 0.110133 0.468602
vt 0.108751 0.431883
vt 0.859644 0.634099
vt 0.861040 0.634099
vt 0.860814 0.593440
vt 0.406763 0.734220
vt 0.428851 0.731428
vt 0.406798 0.731431
vt 0.914438 0.677053
vt 0.911730 0.679591
vt 0.911645 0.710710
vt 0.911645 0.710710
vt 0.914438 0.712527
vt 0.914438 0.677053
vt 0.804305 0.404899
vt 0.804305 0.355950
vt 0.797122 0.375829
vt 0.797122 0.375829
vt 0.797404 0.405490
vt 0.804305 0.404899
vt 0.428851 0.696961
vt 0.406798 0.731431
vt 0.428851 0.731428
vt 0.898380 0.779812
vt 0.901089 0.743374
vt 0.898296 0.745391
vt 0.001563 0.096780
vt 0.004320 0.096784
vt 0.001565 0.059473
vt 0.902757 0.332068
vt 0.902757 0.291400
vt 0.900690 0.291435
vt 0.696424 0.835359
vt 0.699178 0.796090
vt 0.696424 0.795438
vt 0.406798 0.731431
vt 0.428851 0.696961
vt 0.406798 0.696963
vt 0.550665 0.309941
vt 0.550665 0.294779
vt 0.542395 0.294780
vt 0.542395 0.294780
vt 0.542395 0.309941
vt 0.550665 0.309941
vt 0.492846 0.969504
vt 0.495599 0.969505
vt 0.495599 0.949517
vt 0.997726 0.281341
vt 0.993590 0.277895
vt 0.993591 0.280652
vt 0.495599 0.949517
vt 0.492846 0.949516
vt 0.492846 0.969504
vt 0.564015 0.659125
vt 0.564015 0.639138
vt 0.559883 0.659130
vt 0.382128 0.939505
vt 0.377993 0.939505
vt 0.377993 0.959492
vt 0.993590 0.277895
vt 0.997726 0.281341
vt 0.997726 0.277895
vt 0.377993 0.959492
vt 0.382128 0.959493
vt 0.382128 0.939505
vt 0.997726 0.042109
vt 0.994968 0.044862
vt 0.998414 0.044862
vt 0.103458 0.929094
vt 0.100012 0.929094
vt 0.100013 0.951149
vt 0.949480 0.525635
vt 0.949480 0.503579
vt 0.946712 0.503578
vt 0.100013 0.951149
vt 0.102770 0.951149
vt 0.103458 0.929094
vt 0.946712 0.503578
vt 0.946724 0.525635
vt 0.949480 0.525635
vt 0.993590 0.355314
vt 0.993590 0.358071
vt 0.997726 0.354625
vt 0.559883 0.639142
vt 0.559883 0.659130
vt 0.564015 0.639138
vt 0.220857 0.927427
vt 0.220857 0.949480
vt 0.223603 0.927397
vt 0.994968 0.044862
vt 0.997726 0.042109
vt 0.993590 0.042109
vt 0.945039 0.742185
vt 0.947812 0.764257
vt 0.947812 0.742203
vt 0.698380 0.194876
vt 0.698380 0.216929
vt 0.702515 0.194875
vt 0.997726 0.358071
vt 0.997726 0.354625
vt 0.993590 0.358071
vt 0.965079 0.340411
vt 0.967836 0.340411
vt 0.965079 0.320423
vt 0.044146 0.996214
vt 0.044146 0.998971
vt 0.046902 0.998971
vt 0.963410 0.615743
vt 0.966167 0.595752
vt 0.963410 0.595752
vt 0.046902 0.998971
vt 0.046902 0.996214
vt 0.044146 0.996214
vt 0.965083 0.689166
vt 0.967836 0.689166
vt 0.967832 0.669178
vt 0.967832 0.669178
vt 0.965767 0.669178
vt 0.965083 0.689166
vt 0.967836 0.320424
vt 0.965079 0.320423
vt 0.967836 0.340411
vt 0.991528 0.016489
vt 0.971540 0.014591
vt 0.971540 0.017080
vt 0.966167 0.595752
vt 0.963410 0.615743
vt 0.966167 0.615744
vt 0.935043 0.969504
vt 0.937800 0.969505
vt 0.935043 0.949517
vt 0.937800 0.949517
vt 0.935043 0.949517
vt 0.937800 0.969505
vt 0.971540 0.014591
vt 0.991528 0.016489
vt 0.991528 0.014622
vt 0.051694 0.998971
vt 0.051694 0.996214
vt 0.048938 0.996214
vt 0.966751 0.472237
vt 0.969505 0.472237
vt 0.969500 0.452250
vt 0.048938 0.996214
vt 0.048938 0.998971
vt 0.051694 0.998971
vt 0.853277 0.967836
vt 0.856034 0.947844
vt 0.853277 0.947844
vt 0.969500 0.452250
vt 0.967436 0.452250
vt 0.966751 0.472237
vt 0.965079 0.969504
vt 0.967836 0.969505
vt 0.965079 0.949517
vt 0.991528 0.021014
vt 0.971540 0.019116
vt 0.971540 0.021605
vt 0.856034 0.947844
vt 0.853277 0.967836
vt 0.856034 0.967836
vt 0.967836 0.949517
vt 0.965079 0.949517
vt 0.967836 0.969505
vt 0.971540 0.019116
vt 0.991528 0.021014
vt 0.991528 0.019147
vt 0.412391 0.966167
vt 0.415502 0.946175
vt 0.412391 0.946180
vt 0.415502 0.946175
vt 0.412391 0.966167
vt 0.415502 0.966162
vt 0.542395 0.323724
vt 0.550665 0.309941
vt 0.542395 0.309941
vt 0.744532 0.842679
vt 0.739009 0.837862
vt 0.730739 0.842685
vt 0.550665 0.309941
vt 0.542395 0.323724
vt 0.549976 0.323724
vt 0.378791 0.580112
vt 0.372310 0.561204
vt 0.372310 0.582370
vt 0.039737 0.588646
vt 0.069973 0.531443
vt 0.069969 0.511455
vt 0.550665 0.910594
vt 0.550665 0.883716
vt 0.543774 0.916107
vt 0.228221 0.996214
vt 0.226154 0.996215
vt 0.226154 0.998971
vt 0.226154 0.998971
vt 0.228221 0.998971
vt 0.228221 0.996214
vt 0.252839 0.996214
vt 0.250771 0.996215
vt 0.250771 0.998971
vt 0.250771 0.998971
vt 0.252839 0.998971
vt 0.252839 0.996214
vt 0.997037 0.822119
vt 0.996347 0.820051
vt 0.993590 0.822119
vt 0.993591 0.820051
vt 0.993590 0.822119
vt 0.996347 0.820051
vt 0.996438 0.847318
vt 0.995762 0.844646
vt 0.993590 0.847318
vt 0.993594 0.501349
vt 0.996351 0.501349
vt 0.997726 0.498860
vt 0.997726 0.498860
vt 0.993591 0.498860
vt 0.993594 0.501349
vt 0.076210 0.561077
vt 0.075838 0.511429
vt 0.069973 0.531443
vt 0.039737 0.588646
vt 0.076210 0.561077
vt 0.069973 0.531443
vt 0.223603 0.949451
vt 0.223603 0.927397
vt 0.220857 0.949480
vt 0.990929 0.978392
vt 0.991398 0.976770
vt 0.990929 0.974877
vt 0.947812 0.764257
vt 0.945039 0.742185
vt 0.945039 0.764239
vt 0.702515 0.216928
vt 0.702515 0.194875
vt 0.698380 0.216929
vt 0.337074 0.867316
vt 0.329492 0.866682
vt 0.329492 0.907752
vt 0.329492 0.907752
vt 0.337074 0.907763
vt 0.337074 0.867316
vt 0.779415 0.268112
vt 0.780879 0.317050
vt 0.804305 0.268112
vt 0.807642 0.263652
vt 0.781441 0.214719
vt 0.780799 0.263652
vt 0.173327 0.936119
vt 0.180218 0.936131
vt 0.180218 0.910633
vt 0.180218 0.910633
vt 0.173327 0.910621
vt 0.173327 0.936119
vt 0.101676 0.561077
vt 0.076210 0.561077
vt 0.125090 0.622419
vt 0.781441 0.214719
vt 0.807642 0.263652
vt 0.806908 0.214719
vt 0.447207 0.160194
vt 0.447207 0.110187
vt 0.440454 0.111727
vt 0.689238 0.308290
vt 0.689928 0.322056
vt 0.697509 0.322054
vt 0.230278 0.482504
vt 0.222697 0.482504
vt 0.230278 0.526615
vt 0.697509 0.322054
vt 0.697509 0.308289
vt 0.689238 0.308290
vt 0.448009 0.862021
vt 0.461792 0.817909
vt 0.448009 0.817910
vt 0.385466 0.819581
vt 0.371674 0.819574
vt 0.385466 0.864378
vt 0.222697 0.527304
vt 0.230278 0.526615
vt 0.222697 0.482504
vt 0.483144 0.673880
vt 0.483144 0.724208
vt 0.489946 0.674684
vt 0.663919 0.780254
vt 0.633592 0.730630
vt 0.631528 0.780943
vt 0.480581 0.866812
vt 0.473681 0.868182
vt 0.474370 0.897816
vt 0.480581 0.866812
vt 0.474370 0.897816
vt 0.480572 0.899194
vt 0.670810 0.780943
vt 0.663919 0.780254
vt 0.631528 0.780943
vt 0.039737 0.588646
vt 0.125090 0.622419
vt 0.076210 0.561077
vt 0.624831 0.293789
vt 0.624831 0.322056
vt 0.632363 0.320492
vt 0.663919 0.780254
vt 0.661838 0.730634
vt 0.633592 0.730630
vt 0.490593 0.723644
vt 0.489946 0.674684
vt 0.483144 0.724208
vt 0.632363 0.320492
vt 0.632431 0.294981
vt 0.624831 0.293789
vt 0.291051 0.684587
vt 0.297865 0.734220
vt 0.298694 0.685278
vt 0.291598 0.734220
vt 0.297865 0.734220
vt 0.291051 0.684587
vt 0.430227 0.131955
vt 0.430242 0.128550
vt 0.407473 0.135358
vt 0.523966 0.429422
vt 0.231731 0.425300
vt 0.231042 0.428745
vt 0.406820 0.125032
vt 0.407473 0.135358
vt 0.430242 0.128550
vt 0.447171 0.023624
vt 0.406820 0.125032
vt 0.430242 0.128550
vt 0.430242 0.128550
vt 0.470568 0.033300
vt 0.447171 0.023624
vt 0.523966 0.425976
vt 0.237167 0.330200
vt 0.231731 0.425300
vt 0.231731 0.425300
vt 0.523966 0.429422
vt 0.523966 0.425976
vt 0.388045 0.001477
vt 0.377699 0.001468
vt 0.378351 0.293688
vt 0.378351 0.293688
vt 0.388000 0.293688
vt 0.388045 0.001477
vt 0.276174 0.008192
vt 0.365365 0.018778
vt 0.377699 0.001468
vt 0.377699 0.001468
vt 0.365365 0.018778
vt 0.378351 0.293688
vt 0.002672 0.779284
vt 0.003117 0.864341
vt 0.274897 0.779312
vt 0.274897 0.779312
vt 0.275333 0.684492
vt 0.002672 0.779284
vt 0.216458 0.433407
vt 0.205717 0.432359
vt 0.216929 0.510513
vt 0.001324 0.537267
vt 0.011681 0.280257
vt 0.001324 0.280209
vt 0.520543 0.327674
vt 0.525765 0.403821
vt 0.777606 0.327674
vt 0.365365 0.018778
vt 0.276174 0.008192
vt 0.287839 0.023989
vt 0.205717 0.510617
vt 0.216929 0.510513
vt 0.205717 0.432359
vt 0.011681 0.280257
vt 0.001324 0.537267
vt 0.011681 0.537316
vt 0.365365 0.018778
vt 0.365325 0.275841
vt 0.378351 0.293688
vt 0.537316 0.301907
vt 0.256815 0.301907
vt 0.256047 0.325393
vt 0.237167 0.330200
vt 0.523966 0.425976
vt 0.518373 0.329511
vt 0.256047 0.325393
vt 0.537237 0.325391
vt 0.537316 0.301907
vt 0.689238 0.294525
vt 0.689238 0.308290
vt 0.697509 0.308289
vt 0.697509 0.308289
vt 0.697509 0.294523
vt 0.689238 0.294525
vt 0.475575 0.862709
vt 0.475575 0.817909
vt 0.461792 0.817909
vt 0.461792 0.817909
vt 0.448009 0.862021
vt 0.461792 0.862020
vt 0.461792 0.817909
vt 0.461792 0.862020
vt 0.475575 0.862709
vt 0.371674 0.819574
vt 0.357890 0.819576
vt 0.371674 0.864371
vt 0.371674 0.864371
vt 0.385466 0.864378
vt 0.371674 0.819574
vt 0.687357 0.031930
vt 0.736296 0.034004
vt 0.765236 0.018131
vt 0.643310 0.531653
vt 0.643310 0.552330
vt 0.647449 0.552334
vt 0.748318 0.979847
vt 0.752510 0.979750
vt 0.752510 0.974877
vt 0.647449 0.552334
vt 0.647449 0.531657
vt 0.643310 0.531653
vt 0.709190 0.249648
vt 0.704336 0.249650
vt 0.704336 0.270327
vt 0.752510 0.974877
vt 0.748318 0.974975
vt 0.748318 0.979847
vt 0.704336 0.270327
vt 0.709190 0.270325
vt 0.709190 0.249648
vt 0.628371 0.531657
vt 0.628371 0.552334
vt 0.632431 0.552325
vt 0.632431 0.552325
vt 0.632431 0.531648
vt 0.628371 0.531657
vt 0.994280 0.292304
vt 0.997726 0.292304
vt 0.997726 0.288858
vt 0.633991 0.662467
vt 0.637437 0.662467
vt 0.636747 0.639726
vt 0.993590 0.288858
vt 0.994280 0.292304
vt 0.997726 0.288858
vt 0.636747 0.639726
vt 0.633991 0.639726
vt 0.633991 0.662467
vt 0.347086 0.644111
vt 0.347086 0.621397
vt 0.342951 0.644112
vt 0.191896 0.938963
vt 0.188450 0.938958
vt 0.191898 0.959201
vt 0.347086 0.582261
vt 0.347086 0.559547
vt 0.343648 0.559657
vt 0.705853 0.922781
vt 0.705853 0.886251
vt 0.683111 0.886252
vt 0.343648 0.559657
vt 0.343648 0.582370
vt 0.347086 0.582261
vt 0.909432 0.495781
vt 0.905986 0.497848
vt 0.909432 0.532310
vt 0.683111 0.886252
vt 0.683111 0.922781
vt 0.705853 0.922781
vt 0.188450 0.959493
vt 0.191898 0.959201
vt 0.188450 0.938958
vt 0.326944 0.621368
vt 0.330399 0.644104
vt 0.330399 0.621361
vt 0.692279 0.974877
vt 0.692279 0.979751
vt 0.696470 0.979849
vt 0.696470 0.979849
vt 0.696470 0.974975
vt 0.692279 0.974877
vt 0.889408 0.191898
vt 0.889408 0.147102
vt 0.881137 0.147103
vt 0.881137 0.147103
vt 0.881137 0.191898
vt 0.889408 0.191898
vt 0.357890 0.864373
vt 0.371674 0.864371
vt 0.357890 0.819576
vt 0.718395 0.216929
vt 0.722540 0.216925
vt 0.718395 0.196252
vt 0.722540 0.196249
vt 0.718395 0.196252
vt 0.722540 0.216925
vt 0.997726 0.308748
vt 0.997726 0.305991
vt 0.994280 0.305302
vt 0.997726 0.308748
vt 0.994280 0.305302
vt 0.993590 0.308748
vt 0.342951 0.621398
vt 0.342951 0.644112
vt 0.347086 0.621397
vt 0.912080 0.571959
vt 0.912769 0.539568
vt 0.909323 0.537501
vt 0.909323 0.537501
vt 0.909323 0.574027
vt 0.912080 0.571959
vt 0.330399 0.644104
vt 0.326944 0.621368
vt 0.326944 0.644111
vt 0.687350 0.084976
vt 0.736292 0.059493
vt 0.687354 0.061554
vt 0.480581 0.906095
vt 0.480572 0.899194
vt 0.474370 0.897816
vt 0.216929 0.959488
vt 0.216929 0.939500
vt 0.212726 0.959493
vt 0.820992 0.937829
vt 0.816837 0.937836
vt 0.816837 0.957824
vt 0.673436 0.975066
vt 0.673625 0.979421
vt 0.677790 0.979894
vt 0.673436 0.975066
vt 0.677790 0.979894
vt 0.677790 0.974877
vt 0.816837 0.957824
vt 0.820992 0.957817
vt 0.820992 0.937829
vt 0.212726 0.939505
vt 0.212726 0.959493
vt 0.216929 0.939500
vt 0.667045 0.974877
vt 0.671211 0.979422
vt 0.671400 0.975067
vt 0.939468 0.002642
vt 0.916725 0.002640
vt 0.939468 0.035042
vt 0.906675 0.530242
vt 0.909432 0.532310
vt 0.905986 0.497848
vt 0.736296 0.034004
vt 0.736292 0.059493
vt 0.765236 0.018131
vt 0.916725 0.035040
vt 0.939468 0.035042
vt 0.916725 0.002640
vt 0.736289 0.087049
vt 0.765236 0.018131
vt 0.736292 0.059493
vt 0.736292 0.059493
vt 0.687350 0.084976
vt 0.736289 0.087049
vt 0.275450 0.288696
vt 0.287839 0.023989
vt 0.276174 0.008192
vt 0.765236 0.018131
vt 0.736289 0.087049
vt 0.736281 0.113218
vt 0.765236 0.018131
vt 0.736281 0.113218
vt 0.736289 0.140804
vt 0.765236 0.018131
vt 0.736289 0.140804
vt 0.736289 0.166993
vt 0.765236 0.018131
vt 0.736289 0.166993
vt 0.736292 0.193191
vt 0.765236 0.018131
vt 0.736292 0.193191
vt 0.736292 0.218690
vt 0.765236 0.018131
vt 0.736292 0.218690
vt 0.736292 0.246946
vt 0.275333 0.864378
vt 0.274897 0.779312
vt 0.003117 0.864341
vt 0.765236 0.018131
vt 0.736292 0.246946
vt 0.736292 0.272445
vt 0.765236 0.018131
vt 0.736292 0.272445
vt 0.765925 0.290351
vt 0.340411 0.023849
vt 0.330042 0.023874
vt 0.340411 0.271970
vt 0.773869 0.403821
vt 0.777606 0.327674
vt 0.525765 0.403821
vt 0.330042 0.271995
vt 0.340411 0.271970
vt 0.330042 0.023874
vt 0.275450 0.288696
vt 0.287800 0.272093
vt 0.287839 0.023989
vt 0.922779 0.568864
vt 0.915195 0.569150
vt 0.922781 0.581309
vt 0.914508 0.581595
vt 0.922781 0.581309
vt 0.915195 0.569150
vt 0.892745 0.457474
vt 0.885164 0.457474
vt 0.892745 0.500895
vt 0.166940 0.672027
vt 0.167630 0.685829
vt 0.175212 0.685828
vt 0.478046 0.820267
vt 0.478046 0.863689
vt 0.491828 0.819578
vt 0.175212 0.685828
vt 0.175210 0.672026
vt 0.166940 0.672027
vt 0.885164 0.502273
vt 0.892745 0.500895
vt 0.885164 0.457474
vt 0.835567 0.109695
vt 0.849359 0.155187
vt 0.849359 0.110391
vt 0.799932 0.108871
vt 0.771703 0.108269
vt 0.768590 0.158525
vt 0.687353 0.733959
vt 0.687353 0.784281
vt 0.692920 0.734674
vt 0.467268 0.211923
vt 0.468900 0.205774
vt 0.468900 0.173363
vt 0.768590 0.158525
vt 0.800968 0.158525
vt 0.799932 0.108871
vt 0.462761 0.204136
vt 0.468900 0.205774
vt 0.468900 0.173363
vt 0.259170 0.867532
vt 0.259170 0.899956
vt 0.265321 0.898318
vt 0.463325 0.174499
vt 0.467268 0.211923
vt 0.468900 0.173363
vt 0.468900 0.173363
vt 0.463325 0.174499
vt 0.462761 0.204136
vt 0.265321 0.898318
vt 0.264748 0.868677
vt 0.259170 0.867532
vt 0.635504 0.293764
vt 0.635504 0.322056
vt 0.642308 0.320342
vt 0.694172 0.783622
vt 0.692920 0.734674
vt 0.687353 0.784281
vt 0.642308 0.320342
vt 0.642443 0.294804
vt 0.635504 0.293764
vt 0.807538 0.330399
vt 0.800724 0.280766
vt 0.801271 0.330399
vt 0.810980 0.051729
vt 0.810980 0.002087
vt 0.805954 0.051206
vt 0.168534 0.910659
vt 0.160948 0.911241
vt 0.168537 0.923104
vt 0.491828 0.863689
vt 0.491828 0.819578
vt 0.478046 0.863689
vt 0.849359 0.155187
vt 0.835567 0.109695
vt 0.835567 0.154491
vt 0.160264 0.923389
vt 0.168537 0.923104
vt 0.160948 0.911241
vt 0.190302 0.672063
vt 0.190989 0.685829
vt 0.198571 0.685829
vt 0.844353 0.851283
vt 0.836772 0.851283
vt 0.844353 0.894704
vt 0.198571 0.685829
vt 0.198573 0.672063
vt 0.190302 0.672063
vt 0.773402 0.872033
vt 0.787185 0.828610
vt 0.773402 0.828611
vt 0.415502 0.817912
vt 0.401710 0.817906
vt 0.415502 0.862709
vt 0.836772 0.896082
vt 0.844353 0.894704
vt 0.836772 0.851283
vt 0.032175 0.423578
vt 0.032175 0.473906
vt 0.038029 0.424369
vt 0.800968 0.051729
vt 0.770992 0.001470
vt 0.767881 0.051729
vt 0.070085 0.355215
vt 0.064563 0.357275
vt 0.064563 0.386909
vt 0.038380 0.353544
vt 0.037690 0.386627
vt 0.038380 0.392140
vt 0.064563 0.386909
vt 0.070076 0.388287
vt 0.070085 0.355215
vt 0.800724 0.280766
vt 0.807538 0.330399
vt 0.807642 0.281459
vt 0.809311 0.437195
vt 0.809311 0.387779
vt 0.802518 0.435552
vt 0.038380 0.473321
vt 0.038029 0.424369
vt 0.032175 0.473906
vt 0.548997 0.494056
vt 0.548373 0.467872
vt 0.542152 0.466643
vt 0.770992 0.001470
vt 0.800968 0.051729
vt 0.799921 0.002076
vt 0.542152 0.466643
vt 0.542152 0.495599
vt 0.548997 0.494056
vt 0.922781 0.581309
vt 0.914508 0.581595
vt 0.914511 0.594040
vt 0.914511 0.594040
vt 0.922781 0.594051
vt 0.922781 0.581309
vt 0.389670 0.624120
vt 0.389670 0.644107
vt 0.393809 0.644112
vt 0.393809 0.644112
vt 0.393809 0.624124
vt 0.389670 0.624120
vt 0.445113 0.939505
vt 0.445113 0.959493
vt 0.448876 0.959482
vt 0.448876 0.959482
vt 0.448876 0.939494
vt 0.445113 0.939505
vt 0.166941 0.658261
vt 0.166940 0.672027
vt 0.175210 0.672026
vt 0.175210 0.672026
vt 0.175212 0.658260
vt 0.166941 0.658261
vt 0.505611 0.864378
vt 0.505611 0.819577
vt 0.491828 0.819578
vt 0.491828 0.819578
vt 0.491828 0.863689
vt 0.505611 0.864378
vt 0.835567 0.109695
vt 0.821784 0.109697
vt 0.835567 0.154491
vt 0.620750 0.692538
vt 0.615896 0.691851
vt 0.615896 0.712527
vt 0.650786 0.216929
vt 0.650786 0.196252
vt 0.646647 0.216924
vt 0.615896 0.712527
vt 0.620750 0.712526
vt 0.620750 0.692538
vt 0.733830 0.974877
vt 0.729638 0.974975
vt 0.729638 0.979847
vt 0.729638 0.979847
vt 0.733830 0.979750
vt 0.733830 0.974877
vt 0.993591 0.729264
vt 0.993590 0.732021
vt 0.997037 0.729264
vt 0.946143 0.147492
vt 0.943386 0.170206
vt 0.946143 0.170205
vt 0.700738 0.111802
vt 0.704184 0.111802
vt 0.704184 0.089060
vt 0.704184 0.089060
vt 0.700738 0.089060
vt 0.700738 0.111802
vt 0.297613 0.248898
vt 0.300363 0.270327
vt 0.300363 0.249792
vt 0.997037 0.732021
vt 0.997037 0.729264
vt 0.993590 0.732021
vt 0.356990 0.644111
vt 0.360435 0.621368
vt 0.356990 0.621368
vt 0.943386 0.170206
vt 0.946143 0.147492
vt 0.943386 0.147492
vt 0.240290 0.937289
vt 0.237533 0.937285
vt 0.240290 0.957824
vt 0.360435 0.621368
vt 0.356990 0.644111
vt 0.360435 0.644112
vt 0.237533 0.957820
vt 0.240290 0.957824
vt 0.237533 0.937285
vt 0.667045 0.974877
vt 0.667045 0.979895
vt 0.671211 0.979422
vt 0.994280 0.434800
vt 0.997726 0.434800
vt 0.997726 0.432043
vt 0.738138 0.944474
vt 0.740895 0.944474
vt 0.740895 0.921733
vt 0.993590 0.432043
vt 0.994280 0.434800
vt 0.997726 0.432043
vt 0.740895 0.921733
vt 0.738138 0.921733
vt 0.738138 0.944474
vt 0.353761 0.644111
vt 0.353761 0.621397
vt 0.349625 0.644112
vt 0.121814 0.938958
vt 0.118368 0.938952
vt 0.121814 0.959493
vt 0.614075 0.216819
vt 0.614075 0.194106
vt 0.610637 0.194216
vt 0.793244 0.924450
vt 0.815986 0.887920
vt 0.793244 0.887921
vt 0.610637 0.194216
vt 0.610637 0.216929
vt 0.614075 0.216819
vt 0.909432 0.675999
vt 0.905986 0.678066
vt 0.909432 0.712527
vt 0.118368 0.959487
vt 0.121814 0.959493
vt 0.118368 0.938952
vt 0.504514 0.621368
vt 0.507280 0.644104
vt 0.507280 0.621361
vt 0.702697 0.979849
vt 0.702689 0.974985
vt 0.698506 0.974877
vt 0.646647 0.196248
vt 0.646647 0.216924
vt 0.650786 0.196252
vt 0.698506 0.974877
vt 0.698506 0.979751
vt 0.702697 0.979849
vt 0.647449 0.884402
vt 0.647449 0.838917
vt 0.639178 0.838918
vt 0.639178 0.838918
vt 0.639178 0.883713
vt 0.647449 0.884402
vt 0.821784 0.155183
vt 0.835567 0.154491
vt 0.821784 0.109697
vt 0.654124 0.714193
vt 0.649979 0.694209
vt 0.649979 0.714196
vt 0.997036 0.751190
vt 0.993590 0.748433
vt 0.993591 0.751190
vt 0.300363 0.270327
vt 0.297613 0.248898
vt 0.297613 0.269433
vt 0.993590 0.748433
vt 0.997036 0.751190
vt 0.997036 0.748433
vt 0.997726 0.410839
vt 0.997726 0.408082
vt 0.994280 0.408082
vt 0.997726 0.410839
vt 0.994280 0.408082
vt 0.993591 0.410839
vt 0.349625 0.621398
vt 0.349625 0.644112
vt 0.353761 0.621397
vt 0.649979 0.694209
vt 0.654124 0.714193
vt 0.654124 0.693516
vt 0.910411 0.612987
vt 0.911101 0.581285
vt 0.907655 0.579218
vt 0.815986 0.887920
vt 0.793244 0.924450
vt 0.815986 0.924449
vt 0.907655 0.579218
vt 0.907655 0.615744
vt 0.910411 0.612987
vt 0.507280 0.644104
vt 0.504514 0.621368
vt 0.504514 0.644112
vt 0.630040 0.586723
vt 0.630040 0.607400
vt 0.634099 0.607392
vt 0.634099 0.607392
vt 0.634099 0.586715
vt 0.630040 0.586723
vt 0.892713 0.903296
vt 0.869970 0.903293
vt 0.892713 0.935007
vt 0.906675 0.709771
vt 0.909432 0.712527
vt 0.905986 0.678066
vt 0.869970 0.935005
vt 0.892713 0.935007
vt 0.869970 0.903293
vt 0.687346 0.114600
vt 0.687350 0.139420
vt 0.736281 0.113218
vt 0.730883 0.036746
vt 0.726717 0.056735
vt 0.730883 0.056733
vt 0.836521 0.975557
vt 0.836522 0.979749
vt 0.840827 0.974877
vt 0.201911 0.959486
vt 0.197756 0.939505
vt 0.197756 0.959493
vt 0.649118 0.143543
vt 0.644978 0.163527
vt 0.649118 0.163531
vt 0.836522 0.979749
vt 0.840714 0.979749
vt 0.840827 0.974877
vt 0.726717 0.056735
vt 0.730883 0.036746
vt 0.726717 0.036748
vt 0.168537 0.923104
vt 0.160264 0.923389
vt 0.160264 0.936131
vt 0.160264 0.936131
vt 0.168537 0.935846
vt 0.168537 0.923104
vt 0.644978 0.163527
vt 0.649118 0.143543
vt 0.644979 0.143539
vt 0.543268 0.534015
vt 0.543268 0.554003
vt 0.547328 0.553994
vt 0.547328 0.553994
vt 0.547328 0.534006
vt 0.543268 0.534015
vt 0.785793 0.974877
vt 0.790099 0.979750
vt 0.790099 0.975558
vt 0.197756 0.939505
vt 0.201911 0.959486
vt 0.201911 0.939498
vt 0.785793 0.974877
vt 0.785907 0.979749
vt 0.790099 0.979750
vt 0.070863 0.998971
vt 0.070863 0.996214
vt 0.068106 0.998971
vt 0.669142 0.925098
vt 0.666385 0.947812
vt 0.669142 0.947811
vt 0.940049 0.762588
vt 0.942806 0.762588
vt 0.942806 0.739847
vt 0.942806 0.739847
vt 0.940049 0.739846
vt 0.940049 0.762588
vt 0.892713 0.935007
vt 0.870002 0.937797
vt 0.892745 0.937800
vt 0.068106 0.996214
vt 0.068106 0.998971
vt 0.070863 0.996214
vt 0.264232 0.934462
vt 0.266989 0.911719
vt 0.264232 0.911719
vt 0.666385 0.947812
vt 0.669142 0.925098
vt 0.666385 0.925099
vt 0.008343 0.938958
vt 0.005587 0.938954
vt 0.008343 0.959493
vt 0.266989 0.911719
vt 0.264232 0.934462
vt 0.266989 0.934462
vt 0.005587 0.959488
vt 0.008343 0.959493
vt 0.005587 0.938954
vt 0.125611 0.998971
vt 0.128367 0.996214
vt 0.125611 0.996214
vt 0.870002 0.937797
vt 0.892713 0.935007
vt 0.869970 0.935005
vt 0.128367 0.996214
vt 0.125611 0.998971
vt 0.128367 0.998971
vt 0.190305 0.658297
vt 0.190302 0.672063
vt 0.198573 0.672063
vt 0.198573 0.672063
vt 0.198573 0.658261
vt 0.190305 0.658297
vt 0.800968 0.872721
vt 0.800968 0.827921
vt 0.787185 0.828610
vt 0.787185 0.828610
vt 0.773402 0.872033
vt 0.787185 0.872032
vt 0.787185 0.828610
vt 0.787185 0.872032
vt 0.800968 0.872721
vt 0.401710 0.817906
vt 0.387926 0.817908
vt 0.401710 0.862013
vt 0.401710 0.862013
vt 0.415502 0.862709
vt 0.401710 0.817906
vt 0.952705 0.446550
vt 0.952705 0.467227
vt 0.956155 0.467231
vt 0.655956 0.979945
vt 0.659465 0.979750
vt 0.659465 0.974877
vt 0.956155 0.467231
vt 0.956155 0.446554
vt 0.952705 0.446550
vt 0.710859 0.144521
vt 0.706005 0.144523
vt 0.706005 0.165200
vt 0.659465 0.974877
vt 0.655956 0.975072
vt 0.655956 0.979945
vt 0.706005 0.165200
vt 0.710859 0.165198
vt 0.710859 0.144521
vt 0.736289 0.140804
vt 0.736281 0.113218
vt 0.687350 0.139420
vt 0.687350 0.139420
vt 0.653589 0.166329
vt 0.687350 0.169054
vt 0.638383 0.249650
vt 0.638383 0.270327
vt 0.642443 0.249641
vt 0.997645 0.503385
vt 0.994131 0.503385
vt 0.993590 0.506088
vt 0.941717 0.674148
vt 0.944474 0.674148
vt 0.944474 0.651406
vt 0.997645 0.506899
vt 0.997645 0.503385
vt 0.993590 0.506088
vt 0.944474 0.651406
vt 0.941717 0.651406
vt 0.941717 0.674148
vt 0.151850 0.515622
vt 0.151850 0.492909
vt 0.147715 0.515623
vt 0.619081 0.249501
vt 0.615633 0.249792
vt 0.619081 0.270036
vt 0.624087 0.165090
vt 0.624087 0.142377
vt 0.620649 0.142486
vt 0.635768 0.926118
vt 0.635768 0.889589
vt 0.613027 0.889589
vt 0.620649 0.142486
vt 0.620649 0.165200
vt 0.624087 0.165090
vt 0.911101 0.232129
vt 0.907655 0.234196
vt 0.911101 0.268658
vt 0.613027 0.889589
vt 0.613027 0.926119
vt 0.635768 0.926118
vt 0.615633 0.270327
vt 0.619081 0.270036
vt 0.615633 0.249792
vt 0.306920 0.623037
vt 0.310375 0.645773
vt 0.310375 0.623029
vt 0.650412 0.974877
vt 0.650412 0.979751
vt 0.653921 0.979946
vt 0.653921 0.979946
vt 0.653921 0.975073
vt 0.650412 0.974877
vt 0.642443 0.270318
vt 0.642443 0.249641
vt 0.638383 0.270327
vt 0.659130 0.886070
vt 0.659130 0.841275
vt 0.650859 0.840586
vt 0.650859 0.840586
vt 0.650859 0.885382
vt 0.659130 0.886070
vt 0.387926 0.862704
vt 0.401710 0.862013
vt 0.387926 0.817908
vt 0.897633 0.956155
vt 0.901089 0.956152
vt 0.901089 0.935475
vt 0.901089 0.935475
vt 0.897633 0.935478
vt 0.897633 0.956155
vt 0.997726 0.314229
vt 0.997726 0.311472
vt 0.994280 0.310783
vt 0.997726 0.314229
vt 0.994280 0.310783
vt 0.993590 0.314229
vt 0.147715 0.492910
vt 0.147715 0.515623
vt 0.151850 0.492909
vt 0.913749 0.036312
vt 0.914438 0.003921
vt 0.910992 0.001854
vt 0.910992 0.001854
vt 0.910992 0.038380
vt 0.913749 0.036312
vt 0.310375 0.645773
vt 0.306920 0.623037
vt 0.306920 0.645780
vt 0.575696 0.905399
vt 0.552952 0.905397
vt 0.575696 0.937800
vt 0.908344 0.266590
vt 0.911101 0.268658
vt 0.907655 0.234196
vt 0.552952 0.937797
vt 0.575696 0.937800
vt 0.552952 0.905397
vt 0.002450 0.251062
vt 0.040455 0.339979
vt 0.070825 0.349629
vt 0.002450 0.251062
vt 0.070825 0.349629
vt 0.073745 0.313806
vt 0.632721 0.861369
vt 0.632032 0.862058
vt 0.632721 0.862747
vt 0.273664 0.042044
vt 0.273664 0.011028
vt 0.272745 0.011027
vt 0.632721 0.861369
vt 0.632721 0.862747
vt 0.634099 0.882733
vt 0.071391 0.660798
vt 0.073459 0.629783
vt 0.071391 0.629783
vt 0.272745 0.011027
vt 0.272745 0.042043
vt 0.273664 0.042044
vt 0.300363 0.212610
vt 0.299638 0.243628
vt 0.300363 0.243625
vt 0.632721 0.882044
vt 0.634099 0.882733
vt 0.632721 0.862747
vt 0.715466 0.427872
vt 0.698235 0.458888
vt 0.717533 0.458887
vt 0.299638 0.243628
vt 0.300363 0.212610
vt 0.299638 0.212612
vt 0.717533 0.458887
vt 0.717533 0.427872
vt 0.715466 0.427872
vt 0.152976 0.629312
vt 0.149529 0.654124
vt 0.154353 0.652745
vt 0.634099 0.882733
vt 0.632721 0.882044
vt 0.632721 0.882733
vt 0.819615 0.206917
vt 0.820992 0.206909
vt 0.820792 0.183482
vt 0.820792 0.183482
vt 0.819416 0.183489
vt 0.819615 0.206917
vt 0.345936 0.224848
vt 0.347547 0.250302
vt 0.353761 0.249972
vt 0.149529 0.654124
vt 0.152976 0.629312
vt 0.148840 0.628622
vt 0.353761 0.249972
vt 0.352150 0.224517
vt 0.345936 0.224848
vt 0.696167 0.435454
vt 0.697546 0.458888
vt 0.698235 0.458888
vt 0.698235 0.458888
vt 0.715466 0.427872
vt 0.698235 0.427873
vt 0.698235 0.427873
vt 0.696167 0.435454
vt 0.698235 0.458888
vt 0.016038 0.602903
vt 0.015350 0.628405
vt 0.016040 0.638743
vt 0.016038 0.602903
vt 0.016040 0.638743
vt 0.017419 0.647703
vt 0.016038 0.602903
vt 0.017419 0.647703
vt 0.041541 0.660798
vt 0.269935 0.100374
vt 0.269930 0.102442
vt 0.271308 0.102445
vt 0.175032 0.596229
vt 0.175721 0.600364
vt 0.177789 0.600364
vt 0.271308 0.102445
vt 0.271313 0.100378
vt 0.269935 0.100374
vt 0.177789 0.600364
vt 0.178478 0.596229
vt 0.175032 0.596229
vt 0.269930 0.102442
vt 0.269928 0.103131
vt 0.271308 0.102445
vt 0.175032 0.596229
vt 0.175032 0.600364
vt 0.175721 0.600364
vt 0.269928 0.103131
vt 0.269926 0.103820
vt 0.271304 0.103824
vt 0.175032 0.596229
vt 0.174343 0.600364
vt 0.175032 0.600364
vt 0.271995 0.103136
vt 0.271308 0.102445
vt 0.269928 0.103131
vt 0.271304 0.103824
vt 0.271995 0.103136
vt 0.269928 0.103131
vt 0.269926 0.103820
vt 0.269921 0.105888
vt 0.271304 0.103824
vt 0.171586 0.596229
vt 0.172275 0.600364
vt 0.174343 0.600364
vt 0.174343 0.600364
vt 0.175032 0.596229
vt 0.171586 0.596229
vt 0.271299 0.105891
vt 0.271304 0.103824
vt 0.269921 0.105888
vt 0.269877 0.113467
vt 0.271299 0.105891
vt 0.269921 0.105888
vt 0.162626 0.598297
vt 0.164693 0.601743
vt 0.172275 0.600364
vt 0.172275 0.600364
vt 0.171586 0.596229
vt 0.162626 0.598297
vt 0.065121 0.994176
vt 0.067186 0.994176
vt 0.065121 0.974877
vt 0.073459 0.610485
vt 0.071391 0.629783
vt 0.073459 0.629783
vt 0.067186 0.974878
vt 0.065121 0.974877
vt 0.067186 0.994176
vt 0.273664 0.061342
vt 0.273664 0.042044
vt 0.272745 0.042043
vt 0.071391 0.629783
vt 0.073459 0.610485
vt 0.071391 0.610485
vt 0.272745 0.042043
vt 0.272745 0.061341
vt 0.273664 0.061342
vt 0.300363 0.193311
vt 0.299638 0.212612
vt 0.300363 0.212610
vt 0.715466 0.408574
vt 0.715466 0.427872
vt 0.717533 0.427872
vt 0.299638 0.212612
vt 0.300363 0.193311
vt 0.299638 0.193314
vt 0.717533 0.427872
vt 0.717533 0.408574
vt 0.715466 0.408574
vt 0.069221 0.994179
vt 0.071088 0.974877
vt 0.069221 0.974880
vt 0.433867 0.974877
vt 0.431799 0.974878
vt 0.431799 0.992107
vt 0.431799 0.992107
vt 0.433867 0.992107
vt 0.433867 0.974877
vt 0.071088 0.974877
vt 0.069221 0.994179
vt 0.071088 0.994176
vt 0.295357 0.962829
vt 0.295357 0.943531
vt 0.288465 0.944910
vt 0.295357 0.962829
vt 0.288465 0.944910
vt 0.282951 0.949045
vt 0.295357 0.962829
vt 0.282951 0.949045
vt 0.279505 0.954559
vt 0.278126 0.961451
vt 0.278126 0.962830
vt 0.295357 0.962829
vt 0.279505 0.954559
vt 0.278126 0.961451
vt 0.295357 0.962829
vt 0.073459 0.610485
vt 0.073459 0.608417
vt 0.071391 0.610485
vt 0.071391 0.608417
vt 0.071391 0.610485
vt 0.073459 0.608417
vt 0.272745 0.061341
vt 0.272745 0.063409
vt 0.273664 0.063410
vt 0.273664 0.063410
vt 0.273664 0.061342
vt 0.272745 0.061341
vt 0.300363 0.193311
vt 0.300363 0.191244
vt 0.299638 0.193314
vt 0.299638 0.191246
vt 0.299638 0.193314
vt 0.300363 0.191244
vt 0.717533 0.408574
vt 0.717533 0.406506
vt 0.715466 0.406506
vt 0.715466 0.406506
vt 0.715466 0.408574
vt 0.717533 0.408574
vt 0.715466 0.408574
vt 0.715466 0.406506
vt 0.707884 0.407885
vt 0.567117 0.981774
vt 0.569184 0.974877
vt 0.567117 0.974885
vt 0.707884 0.407885
vt 0.708574 0.409953
vt 0.715466 0.408574
vt 0.271299 0.105891
vt 0.269877 0.113467
vt 0.271255 0.113470
vt 0.569184 0.974877
vt 0.567117 0.981774
vt 0.569184 0.981767
vt 0.571220 0.974877
vt 0.571220 0.981724
vt 0.572341 0.974970
vt 0.162626 0.598297
vt 0.159179 0.605878
vt 0.164693 0.601743
vt 0.572341 0.981816
vt 0.572341 0.974970
vt 0.571220 0.981724
vt 0.820808 0.166243
vt 0.820992 0.160022
vt 0.819615 0.160030
vt 0.150909 0.609324
vt 0.155044 0.612081
vt 0.159179 0.605878
vt 0.819615 0.160030
vt 0.819431 0.166250
vt 0.820808 0.166243
vt 0.159179 0.605878
vt 0.155733 0.602432
vt 0.150909 0.609324
vt 0.162626 0.598297
vt 0.155733 0.602432
vt 0.159179 0.605878
vt 0.560751 0.981724
vt 0.562434 0.975016
vt 0.560751 0.974877
vt 0.708574 0.409953
vt 0.707884 0.407885
vt 0.702371 0.412020
vt 0.702371 0.412020
vt 0.703060 0.414088
vt 0.708574 0.409953
vt 0.562434 0.975016
vt 0.560751 0.981724
vt 0.562434 0.981862
vt 0.477629 0.980407
vt 0.477709 0.974877
vt 0.475645 0.974915
vt 0.703060 0.414088
vt 0.702371 0.412020
vt 0.698235 0.418224
vt 0.698235 0.418224
vt 0.699614 0.419602
vt 0.703060 0.414088
vt 0.475645 0.974915
vt 0.475565 0.980444
vt 0.477629 0.980407
vt 0.153665 0.619662
vt 0.148840 0.628622
vt 0.152976 0.629312
vt 0.819416 0.183489
vt 0.820792 0.183482
vt 0.820776 0.173830
vt 0.820776 0.173830
vt 0.819400 0.173837
vt 0.819416 0.183489
vt 0.345699 0.214510
vt 0.345936 0.224848
vt 0.352150 0.224517
vt 0.148840 0.628622
vt 0.153665 0.619662
vt 0.149530 0.618284
vt 0.352150 0.224517
vt 0.351913 0.214180
vt 0.345699 0.214510
vt 0.696167 0.435454
vt 0.698235 0.427873
vt 0.696857 0.425805
vt 0.153665 0.619662
vt 0.155044 0.612081
vt 0.149530 0.618284
vt 0.820808 0.166243
vt 0.819431 0.166250
vt 0.819400 0.173837
vt 0.819400 0.173837
vt 0.820776 0.173830
vt 0.820808 0.166243
vt 0.150909 0.609324
vt 0.149530 0.618284
vt 0.155044 0.612081
vt 0.351913 0.214180
vt 0.352043 0.205205
vt 0.345830 0.205535
vt 0.345830 0.205535
vt 0.345699 0.214510
vt 0.351913 0.214180
vt 0.345830 0.205535
vt 0.352043 0.205205
vt 0.353761 0.198229
vt 0.353761 0.198229
vt 0.347547 0.198559
vt 0.345830 0.205535
vt 0.218548 0.900817
vt 0.211706 0.907763
vt 0.218597 0.907762
vt 0.477684 0.987305
vt 0.475619 0.987342
vt 0.475645 0.988720
vt 0.698235 0.427873
vt 0.698235 0.426494
vt 0.696857 0.425805
vt 0.475645 0.988720
vt 0.477709 0.988683
vt 0.477684 0.987305
vt 0.475619 0.987342
vt 0.477684 0.987305
vt 0.477629 0.980407
vt 0.698235 0.418224
vt 0.696857 0.425805
vt 0.698235 0.426494
vt 0.698235 0.426494
vt 0.699614 0.419602
vt 0.698235 0.418224
vt 0.477629 0.980407
vt 0.475565 0.980444
vt 0.475619 0.987342
vt 0.041541 0.660798
vt 0.017419 0.647703
vt 0.022244 0.654595
vt 0.029136 0.658731
vt 0.041541 0.660798
vt 0.022244 0.654595
vt 0.211706 0.907763
vt 0.218548 0.900817
vt 0.211656 0.900818
vt 0.477243 0.635879
vt 0.472394 0.638610
vt 0.472394 0.660664
vt 0.561811 0.322056
vt 0.567352 0.295177
vt 0.561811 0.293108
vt 0.477243 0.635879
vt 0.472394 0.660664
vt 0.477243 0.664136
vt 0.713621 0.636745
vt 0.713621 0.665003
vt 0.742564 0.732552
vt 0.463894 0.936130
vt 0.463894 0.912697
vt 0.441839 0.936131
vt 0.561811 0.322056
vt 0.567352 0.318611
vt 0.567352 0.295177
vt 0.061382 0.241443
vt 0.073745 0.313806
vt 0.141979 0.287608
vt 0.141979 0.287608
vt 0.142008 0.202836
vt 0.061382 0.241443
vt 0.441839 0.912697
vt 0.441839 0.936131
vt 0.463894 0.912697
vt 0.152092 0.685829
vt 0.156856 0.682376
vt 0.156856 0.660321
vt 0.156856 0.660321
vt 0.152092 0.657570
vt 0.152092 0.685829
vt 0.565683 0.468416
vt 0.560684 0.493930
vt 0.565683 0.491850
vt 0.560684 0.493930
vt 0.565683 0.468416
vt 0.560684 0.464982
vt 0.713621 0.665003
vt 0.684673 0.665002
vt 0.657105 0.689124
vt 0.657105 0.716693
vt 0.742564 0.732552
vt 0.713621 0.665003
vt 0.713621 0.665003
vt 0.657105 0.689124
vt 0.657105 0.716693
vt 0.211632 0.884940
vt 0.218524 0.888385
vt 0.218524 0.884939
vt 0.211632 0.891831
vt 0.218524 0.891830
vt 0.218524 0.888385
vt 0.218524 0.888385
vt 0.211632 0.884940
vt 0.211632 0.888386
vt 0.218524 0.888385
vt 0.211632 0.888386
vt 0.211632 0.891831
vt 0.218524 0.891830
vt 0.211632 0.891831
vt 0.211656 0.900818
vt 0.211656 0.900818
vt 0.218548 0.900817
vt 0.218524 0.891830
vt 0.029136 0.658731
vt 0.038095 0.660798
vt 0.041541 0.660798
vt 0.997783 0.140310
vt 0.994270 0.140423
vt 0.993590 0.144502
vt 0.990839 0.542136
vt 0.990839 0.538007
vt 0.971541 0.538007
vt 0.993590 0.144502
vt 0.997783 0.144502
vt 0.997783 0.140310
vt 0.971544 0.306546
vt 0.990838 0.310685
vt 0.990843 0.306546
vt 0.971541 0.538007
vt 0.971540 0.542136
vt 0.990839 0.542136
vt 0.990842 0.780200
vt 0.990838 0.776744
vt 0.971540 0.776744
vt 0.971540 0.776744
vt 0.971543 0.780200
vt 0.990842 0.780200
vt 0.882733 0.598721
vt 0.877770 0.640774
vt 0.882733 0.640764
vt 0.877770 0.640774
vt 0.882733 0.598721
vt 0.877770 0.595285
vt 0.657105 0.610552
vt 0.611616 0.610551
vt 0.657794 0.636743
vt 0.948864 0.157192
vt 0.957824 0.157208
vt 0.957824 0.146304
vt 0.957824 0.146304
vt 0.948866 0.145369
vt 0.948864 0.157192
vt 0.957824 0.157208
vt 0.948864 0.157192
vt 0.957824 0.166868
vt 0.011681 0.936129
vt 0.011681 0.923052
vt 0.002721 0.936131
vt 0.838332 0.415502
vt 0.838333 0.370013
vt 0.825240 0.370013
vt 0.554003 0.832234
vt 0.545043 0.832234
vt 0.554000 0.877727
vt 0.825240 0.370013
vt 0.825927 0.415502
vt 0.838332 0.415502
vt 0.002721 0.923054
vt 0.002721 0.936131
vt 0.011681 0.923052
vt 0.004099 0.912041
vt 0.002721 0.923054
vt 0.011681 0.923052
vt 0.011681 0.923052
vt 0.011681 0.912039
vt 0.004099 0.912041
vt 0.838332 0.415502
vt 0.849359 0.370013
vt 0.838333 0.370013
vt 0.990846 0.708897
vt 0.971540 0.705460
vt 0.971548 0.708897
vt 0.990838 0.310685
vt 0.971544 0.306546
vt 0.971540 0.310685
vt 0.971540 0.705460
vt 0.990846 0.708897
vt 0.990838 0.705460
vt 0.949553 0.166853
vt 0.957824 0.166868
vt 0.948864 0.157192
vt 0.587376 0.807209
vt 0.574282 0.807211
vt 0.587376 0.852695
vt 0.545044 0.877723
vt 0.554000 0.877727
vt 0.545043 0.832234
vt 0.935482 0.974877
vt 0.935482 0.979070
vt 0.939561 0.979749
vt 0.971544 0.349767
vt 0.990838 0.353906
vt 0.990842 0.349767
vt 0.939561 0.979749
vt 0.939561 0.975557
vt 0.935482 0.974877
vt 0.990838 0.548302
vt 0.990839 0.544172
vt 0.971541 0.544172
vt 0.971541 0.544172
vt 0.971540 0.548302
vt 0.990838 0.548302
vt 0.990844 0.647103
vt 0.971540 0.643369
vt 0.971546 0.647103
vt 0.990838 0.353906
vt 0.971544 0.349767
vt 0.971540 0.353906
vt 0.990842 0.397169
vt 0.990838 0.393024
vt 0.971540 0.393024
vt 0.971540 0.393024
vt 0.971543 0.397169
vt 0.990842 0.397169
vt 0.971540 0.643369
vt 0.990844 0.647103
vt 0.990839 0.643369
vt 0.574282 0.807211
vt 0.563271 0.807231
vt 0.563263 0.852018
vt 0.574282 0.852697
vt 0.587376 0.852695
vt 0.574282 0.807211
vt 0.563263 0.852018
vt 0.574282 0.852697
vt 0.574282 0.807211
vt 0.846022 0.588356
vt 0.845336 0.543560
vt 0.837755 0.543560
vt 0.849359 0.370013
vt 0.838332 0.415502
vt 0.849358 0.415502
vt 0.837755 0.543560
vt 0.837751 0.589045
vt 0.846022 0.588356
vt 0.993590 0.071808
vt 0.994271 0.075887
vt 0.997783 0.076000
vt 0.997783 0.076000
vt 0.997783 0.071808
vt 0.993590 0.071808
vt 0.730859 0.928341
vt 0.710873 0.928339
vt 0.710897 0.931123
vt 0.710897 0.931123
vt 0.730883 0.931125
vt 0.730859 0.928341
vt 0.611616 0.636741
vt 0.657794 0.636743
vt 0.611616 0.610551
vt 0.576466 0.636740
vt 0.611616 0.636741
vt 0.611616 0.610551
vt 0.611616 0.610551
vt 0.576466 0.610549
vt 0.576466 0.636740
vt 0.997037 0.604277
vt 0.997037 0.600831
vt 0.993590 0.600832
vt 0.961052 0.068416
vt 0.964499 0.068416
vt 0.961052 0.048431
vt 0.993590 0.600832
vt 0.993590 0.603588
vt 0.997037 0.604277
vt 0.971541 0.109855
vt 0.991501 0.109855
vt 0.991500 0.107098
vt 0.991500 0.107098
vt 0.971540 0.107098
vt 0.971541 0.109855
vt 0.158862 0.974883
vt 0.155415 0.974877
vt 0.155415 0.992923
vt 0.964499 0.048431
vt 0.961052 0.048431
vt 0.964499 0.068416
vt 0.155415 0.992923
vt 0.158862 0.992928
vt 0.158862 0.974883
vt 0.962830 0.245296
vt 0.962830 0.225310
vt 0.959393 0.225301
vt 0.959393 0.225301
vt 0.959393 0.245288
vt 0.962830 0.245296
vt 0.997036 0.659092
vt 0.997037 0.655647
vt 0.994279 0.659092
vt 0.993590 0.655647
vt 0.994279 0.659092
vt 0.997037 0.655647
vt 0.997037 0.719680
vt 0.993590 0.719680
vt 0.994280 0.722437
vt 0.513845 0.946207
vt 0.513845 0.966167
vt 0.517292 0.966166
vt 0.994280 0.722437
vt 0.997037 0.722437
vt 0.997037 0.719680
vt 0.965079 0.822660
vt 0.967836 0.822661
vt 0.965079 0.802676
vt 0.517292 0.966166
vt 0.517292 0.946206
vt 0.513845 0.946207
vt 0.961733 0.518960
vt 0.964499 0.498966
vt 0.961733 0.498974
vt 0.207507 0.974882
vt 0.204750 0.974877
vt 0.204750 0.992923
vt 0.967836 0.802676
vt 0.965079 0.802676
vt 0.967836 0.822661
vt 0.204750 0.992923
vt 0.207507 0.992927
vt 0.207507 0.974882
vt 0.261983 0.939387
vt 0.259237 0.959492
vt 0.261983 0.959347
vt 0.904426 0.380932
vt 0.901669 0.383689
vt 0.901669 0.416082
vt 0.350463 0.907763
vt 0.370448 0.869855
vt 0.350463 0.869855
vt 0.904426 0.380932
vt 0.901669 0.416082
vt 0.904426 0.418839
vt 0.886570 0.979750
vt 0.890648 0.979070
vt 0.890648 0.974877
vt 0.890648 0.974877
vt 0.886570 0.975558
vt 0.886570 0.979750
vt 0.964499 0.498966
vt 0.961733 0.518960
vt 0.964499 0.518952
vt 0.259237 0.959492
vt 0.261983 0.939387
vt 0.259237 0.939532
vt 0.932766 0.415360
vt 0.912780 0.415360
vt 0.932761 0.447752
vt 0.994280 0.695718
vt 0.993591 0.698475
vt 0.997037 0.698475
vt 0.997037 0.698475
vt 0.997037 0.695718
vt 0.994280 0.695718
vt 0.267570 0.906095
vt 0.270327 0.870947
vt 0.267570 0.868191
vt 0.370448 0.869855
vt 0.350463 0.907763
vt 0.370448 0.907763
vt 0.912775 0.447752
vt 0.932761 0.447752
vt 0.912780 0.415360
vt 0.267570 0.906095
vt 0.270327 0.903338
vt 0.270327 0.870947
vt 0.684673 0.636744
vt 0.657794 0.636743
vt 0.657794 0.665001
vt 0.657794 0.665001
vt 0.684673 0.665002
vt 0.684673 0.636744
vt 0.068416 0.654235
vt 0.063583 0.657673
vt 0.063583 0.679037
vt 0.828504 0.590714
vt 0.834341 0.545228
vt 0.828504 0.544535
vt 0.068416 0.654235
vt 0.063583 0.679037
vt 0.068416 0.682491
vt 0.023362 0.867389
vt 0.001996 0.909432
vt 0.023362 0.909431
vt 0.834341 0.545228
vt 0.828504 0.590714
vt 0.834341 0.587271
vt 0.684673 0.665002
vt 0.657794 0.665001
vt 0.657105 0.689124
vt 0.615127 0.650828
vt 0.624087 0.650842
vt 0.624087 0.639641
vt 0.624087 0.639641
vt 0.615127 0.639005
vt 0.615127 0.650828
vt 0.624087 0.650842
vt 0.615127 0.650828
vt 0.624087 0.660798
vt 0.921219 0.979749
vt 0.921219 0.975557
vt 0.917140 0.974877
vt 0.990839 0.560632
vt 0.990839 0.556502
vt 0.971541 0.556502
vt 0.917140 0.974877
vt 0.917140 0.979070
vt 0.921219 0.979749
vt 0.971544 0.312720
vt 0.990838 0.316859
vt 0.990843 0.312720
vt 0.971541 0.556502
vt 0.971540 0.560632
vt 0.990839 0.560632
vt 0.990842 0.415710
vt 0.990838 0.411565
vt 0.971540 0.411565
vt 0.971540 0.411565
vt 0.971543 0.415710
vt 0.990842 0.415710
vt 0.694139 0.789924
vt 0.689173 0.832673
vt 0.694172 0.831967
vt 0.001996 0.909432
vt 0.023362 0.867389
vt 0.001996 0.867390
vt 0.689173 0.832673
vt 0.694139 0.789924
vt 0.689173 0.786491
vt 0.657794 0.665001
vt 0.611616 0.664310
vt 0.611616 0.689812
vt 0.611616 0.689812
vt 0.657105 0.689124
vt 0.657794 0.665001
vt 0.990844 0.595181
vt 0.971540 0.591448
vt 0.971546 0.595181
vt 0.990838 0.316859
vt 0.971544 0.312720
vt 0.971540 0.316859
vt 0.971540 0.591448
vt 0.990844 0.595181
vt 0.990839 0.591448
vt 0.615819 0.660489
vt 0.624087 0.660798
vt 0.615127 0.650828
vt 0.702757 0.760919
vt 0.707521 0.736790
vt 0.702757 0.733350
vt 0.576466 0.664309
vt 0.611616 0.664310
vt 0.611616 0.636741
vt 0.611616 0.636741
vt 0.576466 0.636740
vt 0.576466 0.664309
vt 0.702757 0.760919
vt 0.707521 0.758156
vt 0.707521 0.736790
vt 0.872306 0.974877
vt 0.868227 0.975558
vt 0.868227 0.979750
vt 0.868227 0.979750
vt 0.872306 0.979070
vt 0.872306 0.974877
vt 0.932761 0.447752
vt 0.912775 0.447752
vt 0.912807 0.450544
vt 0.912807 0.450544
vt 0.932794 0.450544
vt 0.932761 0.447752
vt 0.964499 0.468900
vt 0.961739 0.448904
vt 0.961739 0.468864
vt 0.405381 0.944512
vt 0.405381 0.964498
vt 0.408827 0.964499
vt 0.997037 0.708059
vt 0.994280 0.705302
vt 0.993590 0.708059
vt 0.408827 0.964499
vt 0.408827 0.944512
vt 0.405381 0.944512
vt 0.961739 0.448904
vt 0.964499 0.468900
vt 0.964499 0.448940
vt 0.993590 0.753226
vt 0.994280 0.755983
vt 0.997036 0.755983
vt 0.993590 0.753226
vt 0.997036 0.755983
vt 0.997036 0.753226
vt 0.997037 0.708059
vt 0.997037 0.705302
vt 0.994280 0.705302
vt 0.965079 0.847691
vt 0.967836 0.847691
vt 0.965079 0.827706
vt 0.212299 0.974882
vt 0.209542 0.974877
vt 0.209542 0.992923
vt 0.967836 0.827706
vt 0.965079 0.827706
vt 0.967836 0.847691
vt 0.209542 0.992923
vt 0.212299 0.992927
vt 0.212299 0.974882
vt 0.576466 0.664309
vt 0.611616 0.689812
vt 0.611616 0.664310
vt 0.742564 0.732552
vt 0.657105 0.716693
vt 0.576466 0.718069
vt 0.206557 0.676571
vt 0.289267 0.648401
vt 0.288578 0.619154
vt 0.371286 0.648528
vt 0.289267 0.648401
vt 0.206557 0.676571
vt 0.206557 0.676571
vt 0.288578 0.619154
vt 0.289267 0.584930
vt 0.307038 0.055778
vt 0.291667 0.027792
vt 0.291667 0.270327
vt 0.206557 0.676571
vt 0.448477 0.692503
vt 0.371286 0.648528
vt 0.742564 0.732552
vt 0.576466 0.718069
vt 0.527531 0.717378
vt 0.206557 0.676571
vt 0.289267 0.584930
vt 0.206557 0.531583
vt 0.125980 0.353761
vt 0.073745 0.313806
vt 0.070825 0.349629
vt 0.073745 0.313806
vt 0.125980 0.353761
vt 0.141979 0.287608
vt 0.181728 0.349611
vt 0.141979 0.287608
vt 0.125980 0.353761
vt 0.035040 0.936129
vt 0.035042 0.923088
vt 0.026769 0.936131
vt 0.720848 0.892251
vt 0.721527 0.849524
vt 0.708446 0.848627
vt 0.896083 0.853507
vt 0.887813 0.853635
vt 0.887813 0.897751
vt 0.708446 0.892745
vt 0.720848 0.892251
vt 0.708446 0.848627
vt 0.887813 0.897751
vt 0.896078 0.897626
vt 0.896083 0.853507
vt 0.026080 0.923054
vt 0.026769 0.936131
vt 0.035042 0.923088
vt 0.027458 0.912041
vt 0.026080 0.923054
vt 0.035042 0.923088
vt 0.035042 0.923088
vt 0.035042 0.912076
vt 0.027458 0.912041
vt 0.720848 0.892251
vt 0.732552 0.849699
vt 0.721527 0.849524
vt 0.902757 0.101077
vt 0.889654 0.101073
vt 0.902757 0.145175
vt 0.997037 0.177278
vt 0.993590 0.177278
vt 0.993590 0.181413
vt 0.990839 0.498980
vt 0.990839 0.494851
vt 0.971541 0.494851
vt 0.971541 0.470200
vt 0.990838 0.473630
vt 0.990839 0.470181
vt 0.971541 0.494851
vt 0.971540 0.498980
vt 0.990839 0.498980
vt 0.990838 0.796664
vt 0.990839 0.793218
vt 0.971540 0.793218
vt 0.971540 0.793218
vt 0.971540 0.796664
vt 0.990838 0.796664
vt 0.990838 0.473630
vt 0.971541 0.470200
vt 0.971540 0.473650
vt 0.990839 0.814186
vt 0.971540 0.814186
vt 0.971547 0.817001
vt 0.971547 0.817001
vt 0.990843 0.817297
vt 0.990839 0.814186
vt 0.889654 0.101073
vt 0.878644 0.101094
vt 0.878644 0.143814
vt 0.878644 0.143814
vt 0.889663 0.144491
vt 0.889654 0.101073
vt 0.889654 0.101073
vt 0.889663 0.144491
vt 0.902757 0.145175
vt 0.762588 0.294489
vt 0.758453 0.297935
vt 0.758453 0.319300
vt 0.850819 0.639105
vt 0.856034 0.593651
vt 0.850819 0.593613
vt 0.758453 0.319300
vt 0.762588 0.322056
vt 0.762588 0.294489
vt 0.053730 0.996214
vt 0.053730 0.998971
vt 0.056486 0.998971
vt 0.005006 0.138907
vt 0.002249 0.220266
vt 0.005006 0.220243
vt 0.056486 0.998971
vt 0.056486 0.996214
vt 0.053730 0.996214
vt 0.324309 0.105127
vt 0.327062 0.105103
vt 0.324309 0.023792
vt 0.221114 0.420502
vt 0.223603 0.339181
vt 0.221114 0.339175
vt 0.002249 0.220266
vt 0.005006 0.138907
vt 0.002249 0.138931
vt 0.340388 0.297026
vt 0.340411 0.294269
vt 0.259076 0.294269
vt 0.327062 0.023768
vt 0.324309 0.023792
vt 0.327062 0.105103
vt 0.259076 0.294269
vt 0.259053 0.297026
vt 0.340388 0.297026
vt 0.223603 0.339181
vt 0.221114 0.420502
vt 0.223603 0.420508
vt 0.470568 0.865720
vt 0.449202 0.907763
vt 0.470568 0.907763
vt 0.856034 0.593651
vt 0.850819 0.639105
vt 0.855760 0.635694
vt 0.901089 0.091221
vt 0.901089 0.048488
vt 0.893497 0.049055
vt 0.732552 0.849699
vt 0.720848 0.892251
vt 0.731873 0.892426
vt 0.893497 0.049055
vt 0.892808 0.091778
vt 0.901089 0.091221
vt 0.957824 0.210310
vt 0.948864 0.210294
vt 0.957822 0.220266
vt 0.957134 0.199404
vt 0.948864 0.210294
vt 0.957824 0.210310
vt 0.096858 0.996214
vt 0.096858 0.998971
vt 0.099615 0.996214
vt 0.027279 0.403821
vt 0.030036 0.322489
vt 0.027279 0.322489
vt 0.354345 0.191898
vt 0.357098 0.191876
vt 0.357098 0.110544
vt 0.357098 0.110544
vt 0.354345 0.110566
vt 0.354345 0.191898
vt 0.099615 0.998971
vt 0.099615 0.996214
vt 0.096858 0.998971
vt 0.226616 0.417171
vt 0.228610 0.335841
vt 0.226120 0.335841
vt 0.030036 0.322489
vt 0.027279 0.403821
vt 0.030036 0.403821
vt 0.058522 0.998971
vt 0.061278 0.996214
vt 0.058522 0.996214
vt 0.411080 0.240290
vt 0.413833 0.240290
vt 0.411752 0.158961
vt 0.404402 0.103458
vt 0.407159 0.022126
vt 0.404402 0.022126
vt 0.404402 0.223603
vt 0.407159 0.223603
vt 0.407152 0.142275
vt 0.407152 0.142275
vt 0.404406 0.142271
vt 0.404402 0.223603
vt 0.228610 0.335841
vt 0.226616 0.417171
vt 0.228483 0.417171
vt 0.061278 0.996214
vt 0.058522 0.998971
vt 0.061278 0.998971
vt 0.032286 0.417170
vt 0.035042 0.417171
vt 0.035042 0.335842
vt 0.413817 0.158961
vt 0.411752 0.158961
vt 0.413833 0.240290
vt 0.035042 0.335842
vt 0.032286 0.335842
vt 0.032286 0.417170
vt 0.271671 0.208585
vt 0.273664 0.127256
vt 0.271175 0.127256
vt 0.407159 0.022126
vt 0.404402 0.103458
vt 0.407159 0.103458
vt 0.273664 0.127256
vt 0.271671 0.208585
vt 0.273537 0.208585
vt 0.994271 0.152652
vt 0.993590 0.156731
vt 0.997782 0.156731
vt 0.990840 0.459099
vt 0.990839 0.454933
vt 0.971540 0.454933
vt 0.997782 0.156731
vt 0.997669 0.153219
vt 0.994271 0.152652
vt 0.971544 0.743821
vt 0.990838 0.747271
vt 0.990843 0.743821
vt 0.971540 0.454933
vt 0.971542 0.459099
vt 0.990840 0.459099
vt 0.990838 0.566802
vt 0.990839 0.562667
vt 0.971540 0.562667
vt 0.971540 0.562667
vt 0.971540 0.566802
vt 0.990838 0.566802
vt 0.990843 0.822444
vt 0.971540 0.819333
vt 0.971545 0.822444
vt 0.990838 0.747271
vt 0.971544 0.743821
vt 0.971540 0.747271
vt 0.971540 0.819333
vt 0.990843 0.822444
vt 0.990838 0.819333
vt 0.508011 0.864378
vt 0.512286 0.864368
vt 0.512286 0.822325
vt 0.512286 0.822325
vt 0.508011 0.818888
vt 0.508011 0.864378
vt 0.657105 0.716693
vt 0.611616 0.716691
vt 0.576466 0.718069
vt 0.449202 0.907763
vt 0.470568 0.865720
vt 0.449202 0.865721
vt 0.949553 0.219955
vt 0.957822 0.220266
vt 0.948864 0.210294
vt 0.948864 0.210294
vt 0.957134 0.199404
vt 0.948864 0.198767
vt 0.994280 0.463554
vt 0.997726 0.463554
vt 0.997726 0.460797
vt 0.965079 0.899420
vt 0.967836 0.899420
vt 0.965079 0.879435
vt 0.997726 0.460797
vt 0.993590 0.460797
vt 0.994280 0.463554
vt 0.958694 0.171938
vt 0.958694 0.191898
vt 0.962830 0.191898
vt 0.962830 0.191898
vt 0.962830 0.171938
vt 0.958694 0.171938
vt 0.993590 0.215565
vt 0.997726 0.215565
vt 0.997726 0.212119
vt 0.997726 0.212119
vt 0.994280 0.212119
vt 0.993590 0.215565
vt 0.164343 0.974883
vt 0.160897 0.974877
vt 0.160897 0.992923
vt 0.967836 0.879435
vt 0.965079 0.879435
vt 0.967836 0.899420
vt 0.160897 0.992923
vt 0.164343 0.992928
vt 0.164343 0.974883
vt 0.963402 0.118476
vt 0.966167 0.098482
vt 0.963402 0.098490
vt 0.680823 0.942852
vt 0.678093 0.962804
vt 0.680823 0.962830
vt 0.161862 0.440025
vt 0.159795 0.442782
vt 0.159795 0.474486
vt 0.515662 0.916107
vt 0.535636 0.878887
vt 0.515663 0.878888
vt 0.161862 0.440025
vt 0.159795 0.474486
vt 0.161862 0.477243
vt 0.966167 0.098482
vt 0.963402 0.118476
vt 0.966167 0.118469
vt 0.018356 0.959493
vt 0.018356 0.939200
vt 0.015654 0.939716
vt 0.932774 0.596276
vt 0.912788 0.596276
vt 0.932769 0.627978
vt 0.997726 0.420423
vt 0.997726 0.417666
vt 0.994280 0.417666
vt 0.994280 0.417666
vt 0.993590 0.420423
vt 0.997726 0.420423
vt 0.374315 0.904426
vt 0.377020 0.870012
vt 0.374315 0.867205
vt 0.535636 0.878887
vt 0.515662 0.916107
vt 0.535647 0.916107
vt 0.912775 0.627969
vt 0.932769 0.627978
vt 0.912788 0.596276
vt 0.374315 0.904426
vt 0.377122 0.901721
vt 0.377020 0.870012
vt 0.473168 0.931125
vt 0.477243 0.906995
vt 0.473168 0.904245
vt 0.576466 0.688432
vt 0.611616 0.716691
vt 0.611616 0.689812
vt 0.611616 0.689812
vt 0.576466 0.664309
vt 0.576466 0.688432
vt 0.477243 0.906995
vt 0.473168 0.931125
vt 0.477243 0.928362
vt 0.997782 0.146538
vt 0.993590 0.146538
vt 0.994270 0.150617
vt 0.994270 0.150617
vt 0.997669 0.150050
vt 0.997782 0.146538
vt 0.912807 0.630762
vt 0.932794 0.630762
vt 0.932769 0.627978
vt 0.932769 0.627978
vt 0.912775 0.627969
vt 0.912807 0.630762
vt 0.993591 0.582351
vt 0.997037 0.582351
vt 0.997037 0.578905
vt 0.774160 0.964498
vt 0.777606 0.964499
vt 0.774160 0.944514
vt 0.997037 0.578905
vt 0.993590 0.578905
vt 0.993591 0.582351
vt 0.964499 0.779338
vt 0.961052 0.799299
vt 0.964499 0.799298
vt 0.186270 0.974883
vt 0.182824 0.974877
vt 0.182824 0.992923
vt 0.777606 0.944514
vt 0.774160 0.944514
vt 0.777606 0.964499
vt 0.182824 0.992923
vt 0.186270 0.992928
vt 0.186270 0.974883
vt 0.962830 0.660798
vt 0.962830 0.640812
vt 0.959384 0.640811
vt 0.961052 0.799299
vt 0.964499 0.779338
vt 0.961052 0.779339
vt 0.959384 0.640811
vt 0.959384 0.660798
vt 0.962830 0.660798
vt 0.993590 0.622758
vt 0.993590 0.626204
vt 0.997037 0.622758
vt 0.997037 0.626203
vt 0.997037 0.622758
vt 0.993590 0.626204
vt 0.611616 0.716691
vt 0.576466 0.688432
vt 0.576466 0.718069
vt 0.946909 0.393447
vt 0.954486 0.403789
vt 0.954486 0.393454
vt 0.668779 0.459177
vt 0.679118 0.459867
vt 0.679118 0.408871
vt 0.105127 0.423660
vt 0.097545 0.473906
vt 0.105127 0.473216
vt 0.679118 0.408871
vt 0.668779 0.409560
vt 0.668779 0.459177
vt 0.954486 0.403789
vt 0.946909 0.393447
vt 0.946216 0.403785
vt 0.954486 0.403789
vt 0.946216 0.403785
vt 0.954486 0.415502
vt 0.679118 0.459867
vt 0.690835 0.460556
vt 0.690835 0.408182
vt 0.690835 0.408182
vt 0.679118 0.408871
vt 0.679118 0.459867
vt 0.102625 0.634064
vt 0.106760 0.625794
vt 0.096432 0.625785
vt 0.096432 0.625785
vt 0.096423 0.636131
vt 0.102625 0.634064
vt 0.097545 0.473906
vt 0.105127 0.423660
vt 0.097545 0.422973
vt 0.946216 0.415499
vt 0.954486 0.415502
vt 0.946216 0.403785
vt 0.106760 0.676794
vt 0.118476 0.625107
vt 0.106760 0.625794
vt 0.106760 0.625794
vt 0.102625 0.634064
vt 0.102634 0.666447
vt 0.106760 0.625794
vt 0.102634 0.666447
vt 0.106760 0.676794
vt 0.993591 0.549462
vt 0.997037 0.549462
vt 0.997037 0.546017
vt 0.990843 0.741786
vt 0.971541 0.738340
vt 0.971540 0.741786
vt 0.997037 0.546017
vt 0.993590 0.546017
vt 0.993591 0.549462
vt 0.990997 0.189379
vt 0.990875 0.185940
vt 0.971540 0.185252
vt 0.971540 0.185252
vt 0.971686 0.189379
vt 0.990997 0.189379
vt 0.712527 0.778706
vt 0.704257 0.778693
vt 0.712527 0.825998
vt 0.118476 0.625107
vt 0.106760 0.676794
vt 0.118476 0.677485
vt 0.704257 0.825985
vt 0.712527 0.825998
vt 0.704257 0.778693
vt 0.990848 0.211955
vt 0.971635 0.208845
vt 0.971540 0.211955
vt 0.971541 0.738340
vt 0.990843 0.741786
vt 0.990843 0.738340
vt 0.380862 0.992797
vt 0.380858 0.974881
vt 0.378105 0.974877
vt 0.997721 0.492300
vt 0.997032 0.489543
vt 0.993591 0.492300
vt 0.378105 0.992797
vt 0.380862 0.992797
vt 0.378105 0.974877
vt 0.281544 0.992796
vt 0.284990 0.992796
vt 0.284992 0.974877
vt 0.284992 0.974877
vt 0.280857 0.974877
vt 0.281544 0.992796
vt 0.256865 0.974877
vt 0.256176 0.992798
vt 0.260311 0.974877
vt 0.997032 0.489543
vt 0.993591 0.489543
vt 0.993591 0.492300
vt 0.993595 0.517828
vt 0.993590 0.520585
vt 0.996702 0.520585
vt 0.260311 0.992797
vt 0.260311 0.974877
vt 0.256176 0.992798
vt 0.996702 0.520585
vt 0.997328 0.517828
vt 0.993595 0.517828
vt 0.097121 0.665068
vt 0.102625 0.634064
vt 0.096423 0.636131
vt 0.008845 0.083423
vt 0.015018 0.083434
vt 0.008845 0.001405
vt 0.093446 0.479853
vt 0.093446 0.397834
vt 0.067015 0.398562
vt 0.096432 0.676784
vt 0.097121 0.665068
vt 0.096423 0.636131
vt 0.067015 0.398562
vt 0.067015 0.480581
vt 0.093446 0.479853
vt 0.102625 0.634064
vt 0.097121 0.665068
vt 0.102634 0.666447
vt 0.015018 0.001416
vt 0.008845 0.001405
vt 0.015018 0.083434
vt 0.971540 0.716414
vt 0.971540 0.719860
vt 0.990846 0.719189
vt 0.990846 0.719189
vt 0.990846 0.716432
vt 0.971540 0.716414
vt 0.289766 0.996903
vt 0.287698 0.996214
vt 0.287698 0.998971
vt 0.965083 0.664136
vt 0.967836 0.664136
vt 0.967796 0.644151
vt 0.287698 0.998971
vt 0.289766 0.998971
vt 0.289766 0.996903
vt 0.991532 0.138553
vt 0.971540 0.136485
vt 0.971540 0.138553
vt 0.967796 0.644151
vt 0.965767 0.644148
vt 0.965083 0.664136
vt 0.961161 0.024984
vt 0.959105 0.025051
vt 0.959095 0.045054
vt 0.959095 0.045054
vt 0.961161 0.044983
vt 0.961161 0.024984
vt 0.461732 0.959426
vt 0.463598 0.939485
vt 0.461732 0.939430
vt 0.971540 0.136485
vt 0.991532 0.138553
vt 0.991532 0.136485
vt 0.310282 0.996214
vt 0.308903 0.996214
vt 0.308214 0.998282
vt 0.966167 0.729247
vt 0.964103 0.749238
vt 0.965481 0.749238
vt 0.308214 0.998282
vt 0.310282 0.998971
vt 0.310282 0.996214
vt 0.372702 0.959493
vt 0.375454 0.959398
vt 0.375454 0.939399
vt 0.375454 0.939399
vt 0.372738 0.939489
vt 0.372702 0.959493
vt 0.463598 0.939485
vt 0.461732 0.959426
vt 0.463894 0.959493
vt 0.068219 0.961106
vt 0.070085 0.941165
vt 0.067923 0.941098
vt 0.964103 0.749238
vt 0.966167 0.729247
vt 0.963410 0.729247
vt 0.971543 0.124200
vt 0.971540 0.126257
vt 0.991531 0.126257
vt 0.991531 0.126257
vt 0.991534 0.124200
vt 0.971543 0.124200
vt 0.996075 0.869939
vt 0.993972 0.868027
vt 0.993590 0.869939
vt 0.957720 0.750907
vt 0.959169 0.750902
vt 0.958440 0.730917
vt 0.300787 0.964498
vt 0.302032 0.944509
vt 0.299572 0.944508
vt 0.971540 0.038035
vt 0.991544 0.038035
vt 0.991473 0.035969
vt 0.996075 0.869939
vt 0.996457 0.868027
vt 0.993972 0.868027
vt 0.959169 0.750902
vt 0.961161 0.750907
vt 0.958440 0.730917
vt 0.991524 0.174321
vt 0.991531 0.172963
vt 0.971544 0.172963
vt 0.960469 0.730919
vt 0.958440 0.730917
vt 0.961161 0.750907
vt 0.971544 0.172963
vt 0.971540 0.174331
vt 0.991524 0.174321
vt 0.270327 0.001417
vt 0.264805 0.083426
vt 0.270327 0.083434
vt 0.096432 0.676784
vt 0.102634 0.666447
vt 0.097121 0.665068
vt 0.264805 0.083426
vt 0.270327 0.001417
vt 0.264802 0.001404
vt 0.288578 0.619154
vt 0.370596 0.618659
vt 0.289267 0.584930
vt 0.102634 0.666447
vt 0.096432 0.676784
vt 0.106760 0.676794
vt 0.276078 0.998971
vt 0.277456 0.996214
vt 0.275389 0.996214
vt 0.957429 0.492190
vt 0.959493 0.492261
vt 0.959493 0.472262
vt 0.275389 0.996214
vt 0.275389 0.998282
vt 0.276078 0.998971
vt 0.971540 0.156952
vt 0.991524 0.159019
vt 0.991523 0.156952
vt 0.959493 0.472262
vt 0.957429 0.472190
vt 0.957429 0.492190
vt 0.858303 0.967827
vt 0.861040 0.967836
vt 0.860371 0.947844
vt 0.860371 0.947844
vt 0.858303 0.947843
vt 0.858303 0.967827
vt 0.314385 0.997593
vt 0.312317 0.996214
vt 0.312317 0.998971
vt 0.367696 0.957824
vt 0.370448 0.957730
vt 0.368384 0.937801
vt 0.312317 0.998971
vt 0.314385 0.998282
vt 0.314385 0.997593
vt 0.991536 0.087264
vt 0.971545 0.085197
vt 0.971540 0.087268
vt 0.971546 0.048262
vt 0.971540 0.050309
vt 0.991538 0.050329
vt 0.370448 0.937730
vt 0.368384 0.937801
vt 0.370448 0.957730
vt 0.991538 0.050329
vt 0.991538 0.048262
vt 0.971546 0.048262
vt 0.996423 0.874154
vt 0.996423 0.871975
vt 0.993590 0.872192
vt 0.264274 0.959493
vt 0.266989 0.959397
vt 0.266989 0.939394
vt 0.993590 0.872192
vt 0.994244 0.874154
vt 0.996423 0.874154
vt 0.991536 0.074948
vt 0.971541 0.072880
vt 0.971540 0.074948
vt 0.266989 0.939394
vt 0.264926 0.939468
vt 0.264274 0.959493
vt 0.521617 0.946176
vt 0.519559 0.946172
vt 0.519541 0.966167
vt 0.519541 0.966167
vt 0.522298 0.966167
vt 0.521617 0.946176
vt 0.997725 0.360107
vt 0.993590 0.363553
vt 0.997725 0.363553
vt 0.830212 0.957823
vt 0.834341 0.957824
vt 0.834341 0.937836
vt 0.340411 0.944511
vt 0.336965 0.964499
vt 0.340411 0.964498
vt 0.834341 0.937836
vt 0.830212 0.937835
vt 0.830212 0.957823
vt 0.993590 0.363553
vt 0.997725 0.360107
vt 0.993591 0.360107
vt 0.959384 0.350423
vt 0.962830 0.350423
vt 0.962830 0.330436
vt 0.962830 0.330436
vt 0.959384 0.330436
vt 0.959384 0.350423
vt 0.971635 0.208845
vt 0.990848 0.211955
vt 0.990951 0.208520
vt 0.070085 0.941165
vt 0.068219 0.961106
vt 0.070085 0.961161
vt 0.302032 0.944509
vt 0.300787 0.964498
vt 0.302032 0.964496
vt 0.991528 0.170927
vt 0.971543 0.169355
vt 0.971540 0.170274
vt 0.991524 0.159019
vt 0.971540 0.156952
vt 0.971540 0.159019
vt 0.971543 0.169355
vt 0.991528 0.170927
vt 0.991528 0.169060
vt 0.001471 0.276946
vt 0.002093 0.256968
vt 0.001471 0.256950
vt 0.971545 0.085197
vt 0.991536 0.087264
vt 0.991536 0.085197
vt 0.002093 0.256968
vt 0.001471 0.276946
vt 0.003337 0.277001
vt 0.538494 0.660665
vt 0.540653 0.640774
vt 0.538494 0.640640
vt 0.971541 0.072880
vt 0.991536 0.074948
vt 0.991537 0.072880
vt 0.540653 0.640774
vt 0.538494 0.660665
vt 0.540653 0.660798
vt 0.089713 0.961161
vt 0.093446 0.941168
vt 0.089713 0.941173
vt 0.336965 0.964499
vt 0.340411 0.944511
vt 0.336965 0.944511
vt 0.093446 0.941168
vt 0.089713 0.961161
vt 0.093446 0.961155
vt 0.392482 0.992796
vt 0.395239 0.974877
vt 0.392482 0.974878
vt 0.897751 0.293420
vt 0.894994 0.332653
vt 0.897751 0.335405
vt 0.377087 0.732552
vt 0.377122 0.729762
vt 0.359195 0.729770
vt 0.043386 0.867395
vt 0.025466 0.867394
vt 0.025466 0.909431
vt 0.359195 0.729770
vt 0.359168 0.732552
vt 0.377087 0.732552
vt 0.025466 0.909431
vt 0.043386 0.909432
vt 0.043386 0.867395
vt 0.395239 0.974877
vt 0.392482 0.992796
vt 0.395235 0.992786
vt 0.894994 0.332653
vt 0.897751 0.293420
vt 0.894994 0.295486
vt 0.377122 0.729762
vt 0.377117 0.692546
vt 0.359195 0.729770
vt 0.997726 0.338181
vt 0.993590 0.338182
vt 0.997726 0.341627
vt 0.993590 0.340939
vt 0.997726 0.341627
vt 0.993590 0.338182
vt 0.993590 0.896352
vt 0.995770 0.896352
vt 0.996424 0.894391
vt 0.996424 0.894391
vt 0.994244 0.894391
vt 0.993590 0.896352
vt 0.993590 0.852028
vt 0.996432 0.852028
vt 0.996265 0.849855
vt 0.996265 0.849855
vt 0.994259 0.849353
vt 0.993590 0.852028
vt 0.364074 0.996214
vt 0.364074 0.998394
vt 0.366035 0.996868
vt 0.365599 0.998176
vt 0.366035 0.996868
vt 0.364074 0.998394
vt 0.368071 0.996214
vt 0.368071 0.998282
vt 0.370138 0.998282
vt 0.370138 0.998282
vt 0.370138 0.996215
vt 0.368071 0.996214
vt 0.302117 0.974881
vt 0.298676 0.974877
vt 0.299365 0.992797
vt 0.997726 0.321746
vt 0.994279 0.325188
vt 0.997725 0.324499
vt 0.299365 0.992797
vt 0.302117 0.992801
vt 0.302117 0.974881
vt 0.315133 0.974877
vt 0.315132 0.992797
vt 0.318578 0.992797
vt 0.318578 0.992797
vt 0.317889 0.974877
vt 0.315133 0.974877
vt 0.358979 0.992826
vt 0.361725 0.974877
vt 0.358979 0.974907
vt 0.359198 0.692546
vt 0.359195 0.729770
vt 0.377117 0.692546
vt 0.361725 0.974877
vt 0.358979 0.992826
vt 0.361725 0.992796
vt 0.244425 0.974883
vt 0.247962 0.992805
vt 0.247879 0.974877
vt 0.994279 0.325188
vt 0.997726 0.321746
vt 0.993590 0.321746
vt 0.376277 0.998282
vt 0.378344 0.998282
vt 0.378344 0.996214
vt 0.378344 0.996214
vt 0.376277 0.996215
vt 0.376277 0.998282
vt 0.232324 0.996214
vt 0.230257 0.996215
vt 0.230257 0.998971
vt 0.230257 0.998971
vt 0.232324 0.998282
vt 0.232324 0.996214
vt 0.993590 0.221047
vt 0.997726 0.221047
vt 0.993591 0.217601
vt 0.997726 0.217601
vt 0.993591 0.217601
vt 0.997726 0.221047
vt 0.904426 0.244049
vt 0.902358 0.246535
vt 0.904426 0.282007
vt 0.901669 0.280136
vt 0.904426 0.282007
vt 0.902358 0.246535
vt 0.993595 0.198499
vt 0.996353 0.199121
vt 0.997726 0.195388
vt 0.997726 0.195388
vt 0.993590 0.195388
vt 0.993595 0.198499
vt 0.247962 0.992805
vt 0.244425 0.974883
vt 0.243810 0.992805
vt 0.429616 0.996214
vt 0.429616 0.998282
vt 0.431683 0.998282
vt 0.745901 0.941087
vt 0.743835 0.961161
vt 0.745901 0.961090
vt 0.431683 0.998282
vt 0.431683 0.996214
vt 0.429616 0.996214
vt 0.456824 0.959493
vt 0.458888 0.959418
vt 0.456824 0.939489
vt 0.991527 0.033934
vt 0.971568 0.032067
vt 0.971540 0.033934
vt 0.743835 0.961161
vt 0.745901 0.941087
vt 0.743835 0.941158
vt 0.957426 0.397076
vt 0.959492 0.397146
vt 0.959492 0.377144
vt 0.458888 0.939415
vt 0.456824 0.939489
vt 0.458888 0.959418
vt 0.959492 0.377144
vt 0.957426 0.377073
vt 0.957426 0.397076
vt 0.971568 0.032067
vt 0.991527 0.033934
vt 0.991555 0.032067
vt 0.238463 0.996214
vt 0.238463 0.998971
vt 0.240530 0.996214
vt 0.710856 0.639138
vt 0.708102 0.659130
vt 0.710859 0.659130
vt 0.959098 0.106796
vt 0.961161 0.106725
vt 0.961161 0.086726
vt 0.961161 0.086726
vt 0.959098 0.086796
vt 0.959098 0.106796
vt 0.240530 0.998971
vt 0.240530 0.996214
vt 0.238463 0.998971
vt 0.991527 0.030031
vt 0.971568 0.028165
vt 0.971540 0.030031
vt 0.708102 0.659130
vt 0.710856 0.639138
vt 0.708788 0.639138
vt 0.966167 0.854398
vt 0.963411 0.854398
vt 0.966159 0.874390
vt 0.971568 0.028165
vt 0.991527 0.030031
vt 0.991555 0.028165
vt 0.964091 0.874390
vt 0.966159 0.874390
vt 0.963411 0.854398
vt 0.390653 0.996214
vt 0.388586 0.996215
vt 0.388586 0.998282
vt 0.388586 0.998282
vt 0.390653 0.998282
vt 0.390653 0.996214
vt 0.392689 0.998282
vt 0.394756 0.998282
vt 0.394756 0.996214
vt 0.394756 0.996214
vt 0.392689 0.996215
vt 0.392689 0.998282
vt 0.421410 0.996214
vt 0.421410 0.998282
vt 0.423477 0.998282
vt 0.193567 0.349771
vt 0.190810 0.370448
vt 0.192878 0.370447
vt 0.423477 0.998282
vt 0.423477 0.996214
vt 0.421410 0.996214
vt 0.950065 0.804305
vt 0.952130 0.804302
vt 0.952818 0.783621
vt 0.952818 0.783621
vt 0.950065 0.783625
vt 0.950065 0.804305
vt 0.651635 0.497267
vt 0.653534 0.476591
vt 0.651667 0.476591
vt 0.190810 0.370448
vt 0.193567 0.349771
vt 0.190810 0.349771
vt 0.953806 0.551678
vt 0.951738 0.551678
vt 0.951730 0.572358
vt 0.951730 0.572358
vt 0.954486 0.572358
vt 0.953806 0.551678
vt 0.653534 0.476591
vt 0.651635 0.497267
vt 0.654124 0.497267
vt 0.990839 0.523641
vt 0.990839 0.519511
vt 0.971541 0.519511
vt 0.997783 0.134083
vt 0.994270 0.134196
vt 0.993590 0.138275
vt 0.971541 0.519511
vt 0.971540 0.523641
vt 0.990839 0.523641
vt 0.990843 0.288022
vt 0.971544 0.288022
vt 0.990838 0.292161
vt 0.993590 0.138275
vt 0.997783 0.138275
vt 0.997783 0.134083
vt 0.971540 0.782236
vt 0.971543 0.785691
vt 0.990842 0.785691
vt 0.990842 0.785691
vt 0.990838 0.782236
vt 0.971540 0.782236
vt 0.993591 0.951457
vt 0.996347 0.951457
vt 0.996348 0.948700
vt 0.996348 0.948700
vt 0.993591 0.948700
vt 0.993591 0.951457
vt 0.993591 0.094683
vt 0.997669 0.094003
vt 0.997783 0.090491
vt 0.971540 0.292161
vt 0.990838 0.292161
vt 0.971544 0.288022
vt 0.997783 0.090491
vt 0.993591 0.090491
vt 0.993591 0.094683
vt 0.815986 0.268214
vt 0.811023 0.313712
vt 0.815986 0.313703
vt 0.811023 0.313712
vt 0.815986 0.268214
vt 0.811023 0.264777
vt 0.576466 0.610549
vt 0.527531 0.610548
vt 0.576466 0.636740
vt 0.949552 0.863047
vt 0.957823 0.863061
vt 0.957824 0.851860
vt 0.957824 0.851860
vt 0.949553 0.851224
vt 0.949552 0.863047
vt 0.957823 0.863061
vt 0.949552 0.863047
vt 0.957824 0.872721
vt 0.488924 0.934461
vt 0.488924 0.921383
vt 0.480653 0.934462
vt 0.864355 0.046224
vt 0.865034 0.002119
vt 0.851942 0.001918
vt 0.886070 0.744484
vt 0.877800 0.744484
vt 0.886068 0.789287
vt 0.851942 0.001918
vt 0.851942 0.046723
vt 0.864355 0.046224
vt 0.480653 0.921385
vt 0.480653 0.934462
vt 0.488924 0.921383
vt 0.481342 0.910372
vt 0.480653 0.921385
vt 0.488924 0.921383
vt 0.488924 0.921383
vt 0.488924 0.910371
vt 0.481342 0.910372
vt 0.864355 0.046224
vt 0.876058 0.002288
vt 0.865034 0.002119
vt 0.990847 0.687006
vt 0.971540 0.683569
vt 0.971548 0.687006
vt 0.971540 0.683569
vt 0.990847 0.687006
vt 0.990839 0.683569
vt 0.997037 0.734057
vt 0.993590 0.734057
vt 0.993591 0.736813
vt 0.600621 0.947876
vt 0.600617 0.967836
vt 0.604063 0.967836
vt 0.993591 0.736813
vt 0.997037 0.736813
vt 0.997037 0.734057
vt 0.964498 0.353788
vt 0.961742 0.353788
vt 0.964498 0.373785
vt 0.604063 0.967836
vt 0.603378 0.947876
vt 0.600621 0.947876
vt 0.839315 0.931670
vt 0.819361 0.934462
vt 0.839347 0.934462
vt 0.734220 0.215260
vt 0.734220 0.195274
vt 0.731464 0.195273
vt 0.731464 0.195273
vt 0.731464 0.215260
vt 0.734220 0.215260
vt 0.197233 0.974877
vt 0.193787 0.974877
vt 0.193815 0.992923
vt 0.961742 0.373785
vt 0.964498 0.373785
vt 0.961742 0.353788
vt 0.193815 0.992923
vt 0.196572 0.992923
vt 0.197233 0.974877
vt 0.950242 0.872708
vt 0.957824 0.872721
vt 0.949552 0.863047
vt 0.106442 0.996214
vt 0.109199 0.998971
vt 0.109199 0.996214
vt 0.819361 0.934462
vt 0.839315 0.931670
vt 0.819329 0.931670
vt 0.109199 0.998971
vt 0.106442 0.996214
vt 0.106442 0.998971
vt 0.580702 0.856979
vt 0.567607 0.856981
vt 0.580702 0.901087
vt 0.877801 0.788594
vt 0.886068 0.789287
vt 0.877800 0.744484
vt 0.923254 0.974877
vt 0.923254 0.979070
vt 0.927333 0.979749
vt 0.971544 0.325069
vt 0.990838 0.329208
vt 0.990842 0.325069
vt 0.927333 0.979749
vt 0.927333 0.975557
vt 0.923254 0.974877
vt 0.990839 0.505145
vt 0.990839 0.501016
vt 0.971541 0.501016
vt 0.971541 0.501016
vt 0.971540 0.505145
vt 0.990839 0.505145
vt 0.990844 0.606719
vt 0.971540 0.602986
vt 0.971546 0.606719
vt 0.990838 0.329208
vt 0.971544 0.325069
vt 0.971540 0.329208
vt 0.990842 0.378628
vt 0.990838 0.374483
vt 0.971540 0.374483
vt 0.971540 0.374483
vt 0.971543 0.378628
vt 0.990842 0.378628
vt 0.971540 0.602986
vt 0.990844 0.606719
vt 0.990839 0.602986
vt 0.997726 0.436835
vt 0.993590 0.436835
vt 0.994280 0.439592
vt 0.871923 0.941201
vt 0.871923 0.961161
vt 0.876058 0.961160
vt 0.994280 0.439592
vt 0.997726 0.439592
vt 0.997726 0.436835
vt 0.966748 0.712527
vt 0.969505 0.712527
vt 0.966748 0.692543
vt 0.876058 0.961160
vt 0.876058 0.941200
vt 0.871923 0.941201
vt 0.592954 0.967836
vt 0.595720 0.947842
vt 0.592954 0.947850
vt 0.169825 0.974883
vt 0.166379 0.974877
vt 0.166379 0.992923
vt 0.969505 0.692543
vt 0.966748 0.692543
vt 0.969505 0.712527
vt 0.166379 0.992923
vt 0.169825 0.992928
vt 0.169825 0.974883
vt 0.892684 0.979750
vt 0.896762 0.979070
vt 0.896762 0.974877
vt 0.896762 0.974877
vt 0.892684 0.975558
vt 0.892684 0.979750
vt 0.075088 0.961016
vt 0.075091 0.941056
vt 0.072342 0.961161
vt 0.590753 0.917775
vt 0.610738 0.880556
vt 0.590753 0.880557
vt 0.256977 0.001162
vt 0.254220 0.003918
vt 0.254220 0.036312
vt 0.254220 0.036312
vt 0.256977 0.038380
vt 0.256977 0.001162
vt 0.595720 0.947842
vt 0.592954 0.967836
vt 0.595720 0.967828
vt 0.567607 0.856981
vt 0.556588 0.856992
vt 0.556588 0.900410
vt 0.567607 0.901089
vt 0.580702 0.901087
vt 0.567607 0.856981
vt 0.556588 0.900410
vt 0.567607 0.901089
vt 0.567607 0.856981
vt 0.994280 0.422458
vt 0.993590 0.425215
vt 0.997726 0.425215
vt 0.997726 0.425215
vt 0.997726 0.422458
vt 0.994280 0.422458
vt 0.072342 0.941165
vt 0.072342 0.961161
vt 0.075091 0.941056
vt 0.185804 0.390472
vt 0.188561 0.355324
vt 0.185804 0.353257
vt 0.610738 0.880556
vt 0.590753 0.917775
vt 0.610738 0.917775
vt 0.897751 0.548996
vt 0.897751 0.505579
vt 0.890170 0.505579
vt 0.876058 0.002288
vt 0.864355 0.046224
vt 0.875390 0.045704
vt 0.890170 0.505579
vt 0.890170 0.548997
vt 0.897751 0.548996
vt 0.527531 0.637428
vt 0.576466 0.636740
vt 0.527531 0.610548
vt 0.500756 0.732451
vt 0.527531 0.637428
vt 0.527531 0.610548
vt 0.932794 0.496143
vt 0.912807 0.495457
vt 0.932794 0.528535
vt 0.188561 0.355324
vt 0.185804 0.390472
vt 0.188561 0.387715
vt 0.912807 0.527848
vt 0.932794 0.528535
vt 0.912807 0.495457
vt 0.990948 0.264064
vt 0.990851 0.261312
vt 0.971638 0.264064
vt 0.104407 0.998971
vt 0.104407 0.996214
vt 0.101650 0.996214
vt 0.971540 0.890228
vt 0.990843 0.890225
vt 0.971544 0.887467
vt 0.101650 0.996214
vt 0.102339 0.998971
vt 0.104407 0.998971
vt 0.971540 0.261312
vt 0.971638 0.264064
vt 0.990851 0.261312
vt 0.971540 0.904605
vt 0.990842 0.901857
vt 0.971540 0.901848
vt 0.133159 0.996214
vt 0.130403 0.996215
vt 0.130403 0.998282
vt 0.990843 0.887468
vt 0.971544 0.887467
vt 0.990843 0.890225
vt 0.130403 0.998282
vt 0.133159 0.998971
vt 0.133159 0.996214
vt 0.990842 0.901857
vt 0.971540 0.904605
vt 0.990842 0.903924
vt 0.445538 0.696641
vt 0.440714 0.700088
vt 0.440714 0.721452
vt 0.808480 0.156856
vt 0.814317 0.107957
vt 0.808480 0.107918
vt 0.445538 0.696641
vt 0.440714 0.721452
vt 0.445538 0.724208
vt 0.325393 0.817220
vt 0.304027 0.862709
vt 0.325393 0.862708
vt 0.814317 0.107957
vt 0.808480 0.156856
vt 0.814042 0.153445
vt 0.060893 0.994176
vt 0.062811 0.974879
vt 0.060945 0.974877
vt 0.273354 0.998971
vt 0.273354 0.996214
vt 0.271286 0.996214
vt 0.015387 0.994176
vt 0.017452 0.994176
vt 0.015383 0.974877
vt 0.271286 0.996214
vt 0.271286 0.998971
vt 0.273354 0.998971
vt 0.971540 0.944978
vt 0.990838 0.947735
vt 0.990838 0.944978
vt 0.062811 0.974879
vt 0.060893 0.994176
vt 0.063085 0.994176
vt 0.971540 0.916225
vt 0.971540 0.918981
vt 0.990842 0.918300
vt 0.018137 0.974877
vt 0.015383 0.974877
vt 0.017452 0.994176
vt 0.990842 0.918300
vt 0.990842 0.916233
vt 0.971540 0.916225
vt 0.051844 0.994173
vt 0.054037 0.974877
vt 0.052170 0.974877
vt 0.990838 0.947735
vt 0.971540 0.944978
vt 0.971540 0.947046
vt 0.054037 0.974877
vt 0.051844 0.994173
vt 0.054333 0.994173
vt 0.172814 0.996214
vt 0.172814 0.998971
vt 0.174882 0.998971
vt 0.174882 0.998971
vt 0.174882 0.996215
vt 0.172814 0.996214
vt 0.947884 0.689503
vt 0.956155 0.689518
vt 0.956155 0.678614
vt 0.956155 0.678614
vt 0.947887 0.677680
vt 0.947884 0.689503
vt 0.956155 0.689518
vt 0.947884 0.689503
vt 0.956155 0.699178
vt 0.417307 0.996214
vt 0.417307 0.998282
vt 0.419374 0.998282
vt 0.971540 0.964143
vt 0.990838 0.966900
vt 0.990838 0.964832
vt 0.419374 0.998282
vt 0.419374 0.996214
vt 0.417307 0.996214
vt 0.990846 0.842297
vt 0.990842 0.840232
vt 0.971545 0.842297
vt 0.033746 0.994176
vt 0.035642 0.974877
vt 0.033776 0.974877
vt 0.990838 0.966900
vt 0.971540 0.964143
vt 0.971540 0.966900
vt 0.971540 0.907321
vt 0.971540 0.909389
vt 0.990842 0.909397
vt 0.971540 0.839543
vt 0.971545 0.842297
vt 0.990842 0.840232
vt 0.990842 0.909397
vt 0.990842 0.906640
vt 0.971540 0.907321
vt 0.035642 0.974877
vt 0.033746 0.994176
vt 0.036235 0.994176
vt 0.990839 0.511311
vt 0.990839 0.507181
vt 0.971541 0.507181
vt 0.933447 0.979749
vt 0.933447 0.975557
vt 0.929368 0.974877
vt 0.971541 0.507181
vt 0.971540 0.511311
vt 0.990839 0.511311
vt 0.990843 0.294197
vt 0.971544 0.294197
vt 0.990838 0.298336
vt 0.929368 0.974877
vt 0.929368 0.979070
vt 0.933447 0.979749
vt 0.971540 0.362122
vt 0.971543 0.366267
vt 0.990842 0.366267
vt 0.990842 0.366267
vt 0.990838 0.362122
vt 0.971540 0.362122
vt 0.996348 0.937081
vt 0.996347 0.934324
vt 0.993590 0.934324
vt 0.993590 0.934324
vt 0.993591 0.937081
vt 0.996348 0.937081
vt 0.902877 0.974877
vt 0.898798 0.975558
vt 0.898798 0.979750
vt 0.971540 0.298336
vt 0.990838 0.298336
vt 0.971544 0.294197
vt 0.898798 0.979750
vt 0.902877 0.979070
vt 0.902877 0.974877
vt 0.814317 0.338298
vt 0.809354 0.383797
vt 0.814317 0.383787
vt 0.304027 0.862709
vt 0.325393 0.817220
vt 0.304027 0.817220
vt 0.809354 0.383797
vt 0.814317 0.338298
vt 0.809354 0.334862
vt 0.576466 0.664309
vt 0.527531 0.664307
vt 0.576466 0.688432
vt 0.990844 0.612489
vt 0.971540 0.608755
vt 0.971546 0.612489
vt 0.971540 0.608755
vt 0.990844 0.612489
vt 0.990839 0.608755
vt 0.997037 0.584387
vt 0.993590 0.584387
vt 0.993591 0.587833
vt 0.527195 0.946207
vt 0.527195 0.966167
vt 0.530641 0.966167
vt 0.993591 0.587833
vt 0.997037 0.587833
vt 0.997037 0.584387
vt 0.587267 0.964498
vt 0.590714 0.964499
vt 0.587267 0.944514
vt 0.530641 0.966167
vt 0.530641 0.946206
vt 0.527195 0.946207
vt 0.073123 0.974877
vt 0.073123 0.994015
vt 0.075716 0.976157
vt 0.042295 0.944512
vt 0.041609 0.964499
vt 0.045054 0.964499
vt 0.045054 0.964499
vt 0.045051 0.944512
vt 0.042295 0.944512
vt 0.414409 0.974883
vt 0.410962 0.974877
vt 0.410962 0.992627
vt 0.590024 0.944514
vt 0.587267 0.944514
vt 0.590714 0.964499
vt 0.410962 0.992627
vt 0.414409 0.992632
vt 0.414409 0.974883
vt 0.948574 0.699164
vt 0.956155 0.699178
vt 0.947884 0.689503
vt 0.993591 0.700510
vt 0.993590 0.703267
vt 0.997037 0.703267
vt 0.997037 0.703267
vt 0.997037 0.700510
vt 0.993591 0.700510
vt 0.912840 0.530641
vt 0.932794 0.528535
vt 0.912807 0.527848
vt 0.734462 0.921113
vt 0.739226 0.896983
vt 0.734462 0.894233
vt 0.500756 0.732451
vt 0.527531 0.664307
vt 0.527531 0.637428
vt 0.734462 0.921113
vt 0.739226 0.918350
vt 0.739226 0.896983
vt 0.527531 0.664307
vt 0.500756 0.732451
vt 0.527531 0.689119
vt 0.527531 0.689119
vt 0.576466 0.688432
vt 0.527531 0.664307
vt 0.079728 0.540763
vt 0.103200 0.550665
vt 0.120753 0.451151
vt 0.527531 0.717378
vt 0.527531 0.689119
vt 0.500756 0.732451
vt 0.420910 0.646739
vt 0.371286 0.648528
vt 0.448477 0.692503
vt 0.482249 0.607306
vt 0.420910 0.646739
vt 0.448477 0.692503
vt 0.493930 0.290083
vt 0.479394 0.273471
vt 0.401852 0.275841
vt 0.493930 0.290083
vt 0.401852 0.275841
vt 0.388000 0.293688
vt 0.143507 0.453588
vt 0.120753 0.451151
vt 0.103200 0.550665
vt 0.780941 0.941135
vt 0.780943 0.928783
vt 0.772670 0.941137
vt 0.694827 0.881354
vt 0.694827 0.838622
vt 0.682422 0.837933
vt 0.887739 0.507534
vt 0.879468 0.507534
vt 0.879468 0.551645
vt 0.682422 0.882733
vt 0.694827 0.881354
vt 0.682422 0.837933
vt 0.879468 0.551645
vt 0.887739 0.552334
vt 0.887739 0.507534
vt 0.772670 0.928748
vt 0.772670 0.941137
vt 0.780943 0.928783
vt 0.773359 0.917735
vt 0.772670 0.928748
vt 0.780943 0.928783
vt 0.780943 0.928783
vt 0.780943 0.917770
vt 0.773359 0.917735
vt 0.694827 0.881354
vt 0.705853 0.838621
vt 0.694827 0.838622
vt 0.901089 0.646725
vt 0.888683 0.646727
vt 0.901089 0.690833
vt 0.997726 0.171108
vt 0.993590 0.171108
vt 0.993591 0.175242
vt 0.990839 0.529806
vt 0.990839 0.525676
vt 0.971541 0.525676
vt 0.993591 0.175242
vt 0.997726 0.175242
vt 0.997726 0.171108
vt 0.971540 0.575008
vt 0.990838 0.579144
vt 0.990838 0.575008
vt 0.971541 0.525676
vt 0.971540 0.529806
vt 0.990839 0.529806
vt 0.990838 0.572973
vt 0.990839 0.568838
vt 0.971540 0.568838
vt 0.971540 0.568838
vt 0.971540 0.572973
vt 0.990838 0.572973
vt 0.990844 0.600951
vt 0.971540 0.597217
vt 0.971546 0.600951
vt 0.990838 0.579144
vt 0.971540 0.575008
vt 0.971540 0.579144
vt 0.971540 0.597217
vt 0.990844 0.600951
vt 0.990839 0.597217
vt 0.997726 0.441628
vt 0.993590 0.441628
vt 0.994280 0.444385
vt 0.971541 0.681534
vt 0.990813 0.681534
vt 0.990812 0.677398
vt 0.994280 0.444385
vt 0.997726 0.444385
vt 0.997726 0.441628
vt 0.990848 0.827237
vt 0.990848 0.824480
vt 0.971552 0.827238
vt 0.990812 0.677398
vt 0.971540 0.677398
vt 0.971541 0.681534
vt 0.990845 0.851886
vt 0.971540 0.849121
vt 0.971548 0.851886
vt 0.993590 0.158767
vt 0.993591 0.162902
vt 0.997726 0.158767
vt 0.425372 0.974877
vt 0.421926 0.974877
vt 0.421953 0.992301
vt 0.971540 0.824480
vt 0.971552 0.827238
vt 0.990848 0.824480
vt 0.421953 0.992301
vt 0.424710 0.992301
vt 0.425372 0.974877
vt 0.492990 0.919444
vt 0.512286 0.882225
vt 0.492990 0.882225
vt 0.990812 0.232578
vt 0.971540 0.232578
vt 0.990958 0.235324
vt 0.359347 0.142418
vt 0.362104 0.145175
vt 0.362104 0.107957
vt 0.362104 0.107957
vt 0.359347 0.110714
vt 0.359347 0.142418
vt 0.971540 0.849121
vt 0.990845 0.851886
vt 0.990837 0.849121
vt 0.997726 0.162902
vt 0.997726 0.158767
vt 0.993591 0.162902
vt 0.888683 0.646727
vt 0.877665 0.646738
vt 0.877665 0.690156
vt 0.888683 0.646727
vt 0.877665 0.690156
vt 0.888683 0.690835
vt 0.888683 0.690835
vt 0.901089 0.690833
vt 0.888683 0.646727
vt 0.669142 0.891478
vt 0.665007 0.894236
vt 0.665007 0.918357
vt 0.811046 0.206917
vt 0.815965 0.158010
vt 0.811046 0.157978
vt 0.665007 0.918357
vt 0.669142 0.921113
vt 0.669142 0.891478
vt 0.850340 0.421742
vt 0.826905 0.467231
vt 0.851028 0.467231
vt 0.815965 0.158010
vt 0.811046 0.206917
vt 0.815986 0.203503
vt 0.994280 0.465589
vt 0.993590 0.468346
vt 0.997726 0.468346
vt 0.997726 0.468346
vt 0.997037 0.465589
vt 0.994280 0.465589
vt 0.512286 0.882225
vt 0.492990 0.919444
vt 0.512286 0.919444
vt 0.406070 0.229774
vt 0.406070 0.266989
vt 0.408827 0.232531
vt 0.971686 0.235324
vt 0.990958 0.235324
vt 0.971540 0.232578
vt 0.993590 0.953493
vt 0.993591 0.956249
vt 0.996348 0.956249
vt 0.996348 0.956249
vt 0.996347 0.953493
vt 0.993590 0.953493
vt 0.897751 0.402152
vt 0.897751 0.358734
vt 0.890170 0.359424
vt 0.705853 0.838621
vt 0.694827 0.881354
vt 0.705853 0.881354
vt 0.890170 0.359424
vt 0.890170 0.402152
vt 0.897751 0.402152
vt 0.535717 0.597728
vt 0.543991 0.607400
vt 0.543991 0.597444
vt 0.543991 0.597444
vt 0.543986 0.586836
vt 0.535717 0.597728
vt 0.137952 0.998282
vt 0.137952 0.996215
vt 0.135195 0.996214
vt 0.135195 0.996214
vt 0.135195 0.998971
vt 0.137952 0.998282
vt 0.195397 0.996214
vt 0.193329 0.996215
vt 0.193329 0.998971
vt 0.193329 0.998971
vt 0.195397 0.998971
vt 0.195397 0.996214
vt 0.997037 0.164937
vt 0.993590 0.164937
vt 0.993591 0.169072
vt 0.990839 0.517476
vt 0.990839 0.513346
vt 0.971541 0.513346
vt 0.993591 0.169072
vt 0.997726 0.169072
vt 0.997037 0.164937
vt 0.971540 0.581179
vt 0.990838 0.585314
vt 0.990838 0.581179
vt 0.971541 0.513346
vt 0.971540 0.517476
vt 0.990839 0.517476
vt 0.990838 0.802145
vt 0.990839 0.798699
vt 0.971540 0.798699
vt 0.971540 0.798699
vt 0.971540 0.802145
vt 0.990838 0.802145
vt 0.990846 0.703424
vt 0.971540 0.699987
vt 0.971548 0.703424
vt 0.990838 0.585314
vt 0.971540 0.581179
vt 0.971540 0.585314
vt 0.971540 0.699987
vt 0.990846 0.703424
vt 0.990838 0.699987
vt 0.997726 0.183448
vt 0.993590 0.183449
vt 0.993590 0.186895
vt 0.993590 0.186895
vt 0.997726 0.187583
vt 0.997726 0.183448
vt 0.971540 0.832716
vt 0.990812 0.832719
vt 0.990812 0.829273
vt 0.997037 0.589868
vt 0.993591 0.589868
vt 0.993591 0.593314
vt 0.990812 0.829273
vt 0.971540 0.829959
vt 0.971540 0.832716
vt 0.971540 0.675363
vt 0.990848 0.671917
vt 0.971540 0.671917
vt 0.993591 0.593314
vt 0.997037 0.593314
vt 0.997037 0.589868
vt 0.934430 0.277546
vt 0.915165 0.280339
vt 0.934462 0.280339
vt 0.971540 0.807626
vt 0.990837 0.807626
vt 0.971541 0.804181
vt 0.815046 0.050061
vt 0.819321 0.050048
vt 0.819323 0.004556
vt 0.819323 0.004556
vt 0.815046 0.001123
vt 0.815046 0.050061
vt 0.826905 0.467231
vt 0.850340 0.421742
vt 0.827596 0.421742
vt 0.997036 0.777188
vt 0.993590 0.777188
vt 0.993591 0.779945
vt 0.971540 0.675363
vt 0.990848 0.674674
vt 0.990848 0.671917
vt 0.993591 0.779945
vt 0.996347 0.779945
vt 0.997036 0.777188
vt 0.408827 0.264232
vt 0.408827 0.232531
vt 0.406070 0.266989
vt 0.915165 0.280339
vt 0.934430 0.277546
vt 0.915133 0.277546
vt 0.990838 0.804181
vt 0.971541 0.804181
vt 0.990837 0.807626
vt 0.419203 0.992009
vt 0.419890 0.974883
vt 0.416444 0.992301
vt 0.535717 0.597728
vt 0.536409 0.607389
vt 0.543991 0.607400
vt 0.934435 0.245844
vt 0.915138 0.245844
vt 0.934430 0.277546
vt 0.915133 0.277546
vt 0.934430 0.277546
vt 0.915138 0.245844
vt 0.159456 0.684160
vt 0.163531 0.658652
vt 0.159456 0.655901
vt 0.163531 0.658652
vt 0.159456 0.684160
vt 0.163531 0.681397
vt 0.543986 0.586836
vt 0.535717 0.586527
vt 0.535717 0.597728
vt 0.419890 0.974883
vt 0.416444 0.974877
vt 0.416444 0.992301
vt 0.952817 0.877372
vt 0.945240 0.877365
vt 0.952818 0.887707
vt 0.226941 0.430335
vt 0.219359 0.480581
vt 0.226941 0.479891
vt 0.458525 0.726167
vt 0.468864 0.726856
vt 0.468864 0.675860
vt 0.468864 0.675860
vt 0.458525 0.676549
vt 0.458525 0.726167
vt 0.944547 0.887703
vt 0.952818 0.887707
vt 0.945240 0.877365
vt 0.127656 0.637401
vt 0.131791 0.629132
vt 0.121462 0.629122
vt 0.898223 0.602702
vt 0.904426 0.604769
vt 0.904426 0.594420
vt 0.121453 0.667035
vt 0.127656 0.637401
vt 0.121462 0.629122
vt 0.219359 0.480581
vt 0.226941 0.430335
vt 0.219359 0.429648
vt 0.952818 0.887707
vt 0.944547 0.887703
vt 0.944547 0.899417
vt 0.944547 0.899417
vt 0.952818 0.899420
vt 0.952818 0.887707
vt 0.468864 0.726856
vt 0.480581 0.727546
vt 0.480581 0.675171
vt 0.480581 0.675171
vt 0.468864 0.675860
vt 0.468864 0.726856
vt 0.131791 0.680132
vt 0.143507 0.628444
vt 0.131791 0.629132
vt 0.131791 0.629132
vt 0.127656 0.637401
vt 0.126966 0.667725
vt 0.131791 0.629132
vt 0.126966 0.667725
vt 0.131791 0.680132
vt 0.990843 0.736304
vt 0.971541 0.732858
vt 0.971540 0.736304
vt 0.993591 0.543981
vt 0.997037 0.543981
vt 0.997037 0.540535
vt 0.990997 0.183217
vt 0.990875 0.179778
vt 0.971540 0.179090
vt 0.997037 0.540535
vt 0.993590 0.540535
vt 0.993591 0.543981
vt 0.971540 0.179090
vt 0.971686 0.183217
vt 0.990997 0.183217
vt 0.385654 0.992797
vt 0.385650 0.974881
vt 0.382898 0.974877
vt 0.997721 0.487508
vt 0.997032 0.484751
vt 0.993591 0.487508
vt 0.382897 0.992797
vt 0.385654 0.992797
vt 0.382898 0.974877
vt 0.287714 0.992796
vt 0.291160 0.992796
vt 0.291163 0.974877
vt 0.291163 0.974877
vt 0.287028 0.974877
vt 0.287714 0.992796
vt 0.275376 0.974877
vt 0.274687 0.992797
vt 0.278822 0.974877
vt 0.997032 0.484751
vt 0.993590 0.484751
vt 0.993591 0.487508
vt 0.822661 0.388234
vt 0.814390 0.388221
vt 0.822661 0.435526
vt 0.143507 0.628444
vt 0.131791 0.680132
vt 0.143507 0.680823
vt 0.814390 0.435513
vt 0.822661 0.435526
vt 0.814390 0.388221
vt 0.971541 0.732858
vt 0.990843 0.736304
vt 0.990843 0.732858
vt 0.990848 0.201013
vt 0.971636 0.197903
vt 0.971540 0.201013
vt 0.993595 0.522621
vt 0.993590 0.525378
vt 0.996702 0.525378
vt 0.278822 0.992797
vt 0.278822 0.974877
vt 0.274687 0.992797
vt 0.996702 0.525378
vt 0.997328 0.522621
vt 0.993595 0.522621
vt 0.904426 0.604769
vt 0.898223 0.602702
vt 0.898915 0.633023
vt 0.898915 0.633023
vt 0.903741 0.633700
vt 0.904426 0.604769
vt 0.121453 0.667035
vt 0.127656 0.637401
vt 0.121453 0.640157
vt 0.498928 0.672916
vt 0.492765 0.672904
vt 0.498936 0.720480
vt 0.684160 0.293941
vt 0.679565 0.320433
vt 0.684160 0.322056
vt 0.558742 0.828646
vt 0.560677 0.781778
vt 0.536113 0.781778
vt 0.536113 0.781778
vt 0.537288 0.829335
vt 0.558742 0.828646
vt 0.127656 0.637401
vt 0.121453 0.667035
vt 0.126966 0.667725
vt 0.492765 0.722540
vt 0.498936 0.720480
vt 0.492765 0.672904
vt 0.990846 0.724670
vt 0.990846 0.721913
vt 0.971540 0.721895
vt 0.971540 0.721895
vt 0.971540 0.725341
vt 0.990846 0.724670
vt 0.966751 0.447207
vt 0.969505 0.447207
vt 0.969500 0.427219
vt 0.293869 0.997593
vt 0.291801 0.996214
vt 0.291801 0.998971
vt 0.969500 0.427219
vt 0.967436 0.427219
vt 0.966751 0.447207
vt 0.971540 0.142656
vt 0.991532 0.142656
vt 0.971540 0.140588
vt 0.291801 0.998971
vt 0.293869 0.998971
vt 0.293869 0.997593
vt 0.172460 0.961161
vt 0.175212 0.961067
vt 0.175212 0.941068
vt 0.297972 0.996903
vt 0.295905 0.996214
vt 0.295905 0.998971
vt 0.991535 0.113958
vt 0.991535 0.111891
vt 0.971547 0.111892
vt 0.175212 0.941068
vt 0.172496 0.941158
vt 0.172460 0.961161
vt 0.092760 0.503942
vt 0.093446 0.483950
vt 0.090692 0.503942
vt 0.971547 0.111892
vt 0.971540 0.113940
vt 0.991535 0.113958
vt 0.295905 0.998971
vt 0.297972 0.998971
vt 0.297972 0.996903
vt 0.991535 0.122164
vt 0.991534 0.120097
vt 0.971543 0.120097
vt 0.971543 0.120097
vt 0.971540 0.122154
vt 0.991535 0.122164
vt 0.338785 0.998611
vt 0.340964 0.996432
vt 0.339438 0.996214
vt 0.971540 0.133036
vt 0.971542 0.134411
vt 0.991533 0.132386
vt 0.183357 0.962802
vt 0.185224 0.942843
vt 0.182765 0.942801
vt 0.957429 0.517292
vt 0.959456 0.517225
vt 0.957429 0.497292
vt 0.338785 0.998611
vt 0.340964 0.998611
vt 0.340964 0.996432
vt 0.971542 0.134411
vt 0.991533 0.134450
vt 0.991533 0.132386
vt 0.959493 0.497222
vt 0.957429 0.497292
vt 0.959456 0.517225
vt 0.872721 0.879417
vt 0.870665 0.879343
vt 0.870665 0.899346
vt 0.870665 0.899346
vt 0.872721 0.899420
vt 0.872721 0.879417
vt 0.397275 0.992796
vt 0.400032 0.974877
vt 0.397275 0.974878
vt 0.063410 0.869064
vt 0.045490 0.869063
vt 0.045490 0.911100
vt 0.897751 0.497267
vt 0.897751 0.455282
vt 0.894994 0.494515
vt 0.045490 0.911100
vt 0.063410 0.911101
vt 0.063410 0.869064
vt 0.107224 0.906651
vt 0.107197 0.909432
vt 0.125116 0.909432
vt 0.125116 0.909432
vt 0.125151 0.906642
vt 0.107224 0.906651
vt 0.400032 0.974877
vt 0.397275 0.992796
vt 0.400028 0.992786
vt 0.997726 0.343663
vt 0.993590 0.343663
vt 0.997726 0.347109
vt 0.993590 0.346420
vt 0.997726 0.347109
vt 0.993590 0.343663
vt 0.400895 0.998282
vt 0.402962 0.998282
vt 0.402962 0.996214
vt 0.991532 0.140588
vt 0.971540 0.140588
vt 0.991532 0.142656
vt 0.402962 0.996214
vt 0.400895 0.996215
vt 0.400895 0.998282
vt 0.993590 0.982246
vt 0.994280 0.985003
vt 0.996347 0.985003
vt 0.090689 0.483950
vt 0.090692 0.503942
vt 0.093446 0.483950
vt 0.996347 0.985003
vt 0.996347 0.982246
vt 0.993590 0.982246
vt 0.994244 0.906381
vt 0.993590 0.908342
vt 0.995770 0.908342
vt 0.995770 0.908342
vt 0.996423 0.906381
vt 0.994244 0.906381
vt 0.021298 0.941090
vt 0.021298 0.961090
vt 0.023362 0.941162
vt 0.991524 0.163123
vt 0.991523 0.161055
vt 0.971540 0.161055
vt 0.396792 0.998282
vt 0.398859 0.998282
vt 0.398859 0.996214
vt 0.971540 0.161055
vt 0.971541 0.163123
vt 0.991524 0.163123
vt 0.398859 0.996214
vt 0.396792 0.996215
vt 0.396792 0.998282
vt 0.121462 0.680122
vt 0.126966 0.667725
vt 0.121453 0.667035
vt 0.471761 0.082262
vt 0.477243 0.035483
vt 0.472415 0.035412
vt 0.903741 0.633700
vt 0.898915 0.633023
vt 0.898228 0.635768
vt 0.420910 0.622470
vt 0.370596 0.618659
vt 0.371283 0.621445
vt 0.477243 0.035483
vt 0.471761 0.082262
vt 0.477243 0.085103
vt 0.126966 0.667725
vt 0.121462 0.680122
vt 0.131791 0.680132
vt 0.370596 0.618659
vt 0.420910 0.622470
vt 0.371286 0.585058
vt 0.371286 0.585058
vt 0.289267 0.584930
vt 0.370596 0.618659
vt 0.021298 0.961090
vt 0.023362 0.961161
vt 0.023362 0.941162
vt 0.996673 0.828258
vt 0.993590 0.828258
vt 0.994515 0.830107
vt 0.994515 0.830107
vt 0.996364 0.829182
vt 0.996673 0.828258
vt 0.591713 0.732584
vt 0.589645 0.732583
vt 0.589645 0.752567
vt 0.589645 0.752567
vt 0.592382 0.752576
vt 0.591713 0.732584
vt 0.154105 0.959493
vt 0.156856 0.959398
vt 0.154792 0.939470
vt 0.318488 0.997593
vt 0.316420 0.996214
vt 0.316420 0.998971
vt 0.971540 0.091375
vt 0.991536 0.091371
vt 0.971545 0.089304
vt 0.316420 0.998971
vt 0.318488 0.998282
vt 0.318488 0.997593
vt 0.156856 0.939399
vt 0.154792 0.939470
vt 0.156856 0.959398
vt 0.991539 0.054432
vt 0.991538 0.052364
vt 0.971546 0.052364
vt 0.971546 0.052364
vt 0.971540 0.054412
vt 0.991539 0.054432
vt 0.105749 0.961161
vt 0.108464 0.961066
vt 0.108464 0.941063
vt 0.996423 0.878369
vt 0.996423 0.876189
vt 0.993591 0.876407
vt 0.108464 0.941063
vt 0.106401 0.941137
vt 0.105749 0.961161
vt 0.971540 0.058535
vt 0.991536 0.058535
vt 0.971541 0.056467
vt 0.993591 0.876407
vt 0.994244 0.878369
vt 0.996423 0.878369
vt 0.961742 0.493930
vt 0.964499 0.493930
vt 0.963818 0.473939
vt 0.963818 0.473939
vt 0.961760 0.473935
vt 0.961742 0.493930
vt 0.322932 0.959492
vt 0.327062 0.959493
vt 0.327062 0.939505
vt 0.997725 0.365588
vt 0.993590 0.369035
vt 0.997725 0.369035
vt 0.327062 0.939505
vt 0.322932 0.939504
vt 0.322932 0.959492
vt 0.962830 0.445538
vt 0.962830 0.425551
vt 0.959384 0.445538
vt 0.961161 0.755950
vt 0.957715 0.755950
vt 0.957715 0.775937
vt 0.993590 0.369035
vt 0.997725 0.365588
vt 0.993591 0.365588
vt 0.957715 0.775937
vt 0.961161 0.775937
vt 0.961161 0.755950
vt 0.296640 0.974881
vt 0.293198 0.974877
vt 0.293198 0.992797
vt 0.997726 0.327223
vt 0.994279 0.330665
vt 0.997725 0.329976
vt 0.293198 0.992797
vt 0.296640 0.992801
vt 0.296640 0.974881
vt 0.320614 0.974877
vt 0.320613 0.992797
vt 0.324059 0.992797
vt 0.324059 0.992797
vt 0.323370 0.974877
vt 0.320614 0.974877
vt 0.250650 0.974877
vt 0.254141 0.992797
vt 0.254105 0.974879
vt 0.994279 0.330665
vt 0.997726 0.327223
vt 0.993590 0.327223
vt 0.363761 0.974907
vt 0.363761 0.992826
vt 0.366507 0.974877
vt 0.894994 0.457348
vt 0.894994 0.494515
vt 0.897751 0.455282
vt 0.374241 0.996214
vt 0.372174 0.996215
vt 0.372174 0.998282
vt 0.991536 0.089304
vt 0.971545 0.089304
vt 0.991536 0.091371
vt 0.372174 0.998282
vt 0.374241 0.998282
vt 0.374241 0.996214
vt 0.236427 0.996214
vt 0.234360 0.996215
vt 0.234360 0.998971
vt 0.991537 0.056467
vt 0.971541 0.056467
vt 0.991536 0.058535
vt 0.234360 0.998971
vt 0.236427 0.998282
vt 0.236427 0.996214
vt 0.993590 0.226528
vt 0.997726 0.226528
vt 0.993591 0.223082
vt 0.959384 0.425551
vt 0.959384 0.445538
vt 0.962830 0.425551
vt 0.997726 0.223082
vt 0.993591 0.223082
vt 0.997726 0.226528
vt 0.971636 0.197903
vt 0.990848 0.201013
vt 0.990951 0.197577
vt 0.036514 0.961106
vt 0.037758 0.941146
vt 0.036514 0.941110
vt 0.037758 0.941146
vt 0.036514 0.961106
vt 0.038380 0.961161
vt 0.418020 0.959419
vt 0.419886 0.939478
vt 0.418020 0.939422
vt 0.419886 0.939478
vt 0.418020 0.959419
vt 0.420508 0.959493
vt 0.185224 0.942843
vt 0.183357 0.962802
vt 0.185224 0.962830
vt 0.900690 0.498506
vt 0.902757 0.533978
vt 0.902757 0.496020
vt 0.971542 0.165453
vt 0.971540 0.166372
vt 0.991528 0.167025
vt 0.991528 0.165158
vt 0.971542 0.165453
vt 0.991528 0.167025
vt 0.123285 0.392085
vt 0.123907 0.372107
vt 0.123285 0.372089
vt 0.123907 0.372107
vt 0.123285 0.392085
vt 0.125151 0.392140
vt 0.571868 0.712394
vt 0.574027 0.692503
vt 0.571868 0.692369
vt 0.574027 0.692503
vt 0.571868 0.712394
vt 0.574027 0.712527
vt 0.330003 0.962830
vt 0.333736 0.942836
vt 0.330003 0.942842
vt 0.333736 0.942836
vt 0.330003 0.962830
vt 0.333736 0.962824
vt 0.993595 0.192730
vt 0.997042 0.193352
vt 0.997726 0.189619
vt 0.997726 0.189619
vt 0.993590 0.189619
vt 0.993595 0.192730
vt 0.254141 0.992797
vt 0.250650 0.974877
vt 0.249997 0.992797
vt 0.366507 0.992796
vt 0.366507 0.974877
vt 0.363761 0.992826
vt 0.902757 0.533978
vt 0.900690 0.498506
vt 0.900000 0.532107
vt 0.125151 0.906642
vt 0.125145 0.869426
vt 0.107224 0.906651
vt 0.818122 0.667110
vt 0.824329 0.669142
vt 0.818810 0.643691
vt 0.824329 0.642265
vt 0.818810 0.643691
vt 0.824329 0.669142
vt 0.482249 0.607306
vt 0.420910 0.622470
vt 0.420910 0.646739
vt 0.107227 0.869426
vt 0.107224 0.906651
vt 0.125145 0.869426
vt 0.420910 0.583268
vt 0.371286 0.585058
vt 0.420910 0.622470
vt 0.482249 0.607306
vt 0.420910 0.583268
vt 0.420910 0.622470
vt 0.323724 0.193567
vt 0.323724 0.111124
vt 0.312344 0.111907
vt 0.312344 0.111907
vt 0.312839 0.193066
vt 0.323724 0.193567
vt 0.614075 0.462225
vt 0.611779 0.418505
vt 0.526512 0.462225
vt 0.142008 0.202836
vt 0.141979 0.287608
vt 0.181925 0.280709
vt 0.611779 0.418505
vt 0.546914 0.406865
vt 0.526512 0.462225
vt 0.248619 0.320661
vt 0.271995 0.241391
vt 0.221879 0.237281
vt 0.221879 0.237281
vt 0.181925 0.280709
vt 0.214841 0.339962
vt 0.221879 0.237281
vt 0.214841 0.339962
vt 0.248619 0.320661
vt 0.483127 0.898350
vt 0.490593 0.906095
vt 0.490001 0.899862
vt 0.037715 0.543378
vt 0.030752 0.493665
vt 0.030752 0.543991
vt 0.924448 0.710416
vt 0.917551 0.710999
vt 0.924450 0.722861
vt 0.822661 0.839023
vt 0.815080 0.838908
vt 0.821992 0.883128
vt 0.700919 0.308290
vt 0.701609 0.322056
vt 0.709190 0.322054
vt 0.846824 0.831259
vt 0.846824 0.875370
vt 0.860607 0.831259
vt 0.709190 0.322054
vt 0.709190 0.308289
vt 0.700919 0.308290
vt 0.916866 0.723147
vt 0.924450 0.722861
vt 0.917551 0.710999
vt 0.815080 0.884402
vt 0.821992 0.883128
vt 0.815080 0.838908
vt 0.833899 0.495149
vt 0.847691 0.540653
vt 0.847691 0.495158
vt 0.792212 0.567103
vt 0.763966 0.567099
vt 0.761902 0.617413
vt 0.770767 0.216661
vt 0.770767 0.266989
vt 0.777570 0.217465
vt 0.901089 0.337816
vt 0.899949 0.370189
vt 0.901089 0.377122
vt 0.761902 0.617413
vt 0.794293 0.617413
vt 0.792212 0.567103
vt 0.339630 0.897664
vt 0.346505 0.899173
vt 0.347086 0.866787
vt 0.347086 0.866787
vt 0.340162 0.868034
vt 0.339630 0.897664
vt 0.030752 0.493665
vt 0.037715 0.543378
vt 0.038380 0.495128
vt 0.176018 0.605832
vt 0.176018 0.634099
vt 0.183555 0.633223
vt 0.777606 0.265726
vt 0.777570 0.217465
vt 0.770767 0.266989
vt 0.183555 0.633223
vt 0.182917 0.607040
vt 0.176018 0.605832
vt 0.218595 0.910944
vt 0.211698 0.911527
vt 0.218597 0.923389
vt 0.860607 0.875370
vt 0.860607 0.831259
vt 0.846824 0.875370
vt 0.073495 0.677069
vt 0.074181 0.690835
vt 0.081763 0.690835
vt 0.884402 0.791211
vt 0.876820 0.791210
vt 0.884402 0.834632
vt 0.081763 0.690835
vt 0.081765 0.677069
vt 0.073495 0.677069
vt 0.846824 0.735201
vt 0.860607 0.691778
vt 0.846824 0.691779
vt 0.339630 0.897664
vt 0.347086 0.906095
vt 0.346505 0.899173
vt 0.011053 0.700234
vt 0.004090 0.650521
vt 0.004090 0.700847
vt 0.847691 0.540653
vt 0.833899 0.495149
vt 0.833899 0.539955
vt 0.211013 0.923675
vt 0.218597 0.923389
vt 0.211698 0.911527
vt 0.849351 0.210503
vt 0.835559 0.210496
vt 0.849360 0.255308
vt 0.877510 0.836010
vt 0.884402 0.834632
vt 0.876820 0.791210
vt 0.004090 0.650521
vt 0.011053 0.700234
vt 0.011681 0.651986
vt 0.605343 0.168401
vt 0.605343 0.191143
vt 0.653589 0.166329
vt 0.523307 0.290339
vt 0.605343 0.191143
vt 0.605343 0.168401
vt 0.847168 0.974877
vt 0.842862 0.975557
vt 0.842863 0.979749
vt 0.841856 0.954486
vt 0.846022 0.954485
vt 0.846022 0.933808
vt 0.847055 0.979749
vt 0.847168 0.974877
vt 0.842863 0.979749
vt 0.373785 0.625103
vt 0.369646 0.645776
vt 0.373785 0.645780
vt 0.846022 0.933808
vt 0.841856 0.933810
vt 0.841856 0.954486
vt 0.614927 0.607400
vt 0.619081 0.607394
vt 0.619081 0.586717
vt 0.619081 0.586717
vt 0.614927 0.586724
vt 0.614927 0.607400
vt 0.635768 0.142845
vt 0.631709 0.142854
vt 0.635768 0.163522
vt 0.924450 0.722861
vt 0.916866 0.723147
vt 0.916866 0.735889
vt 0.916866 0.735889
vt 0.924450 0.735603
vt 0.924450 0.722861
vt 0.700919 0.294525
vt 0.700919 0.308290
vt 0.709190 0.308289
vt 0.709190 0.308289
vt 0.709190 0.294523
vt 0.700919 0.294525
vt 0.874390 0.876058
vt 0.874390 0.831258
vt 0.860607 0.831259
vt 0.860607 0.831259
vt 0.860607 0.875370
vt 0.874390 0.876058
vt 0.369646 0.645776
vt 0.373785 0.625103
vt 0.369646 0.625099
vt 0.631709 0.163531
vt 0.635768 0.163522
vt 0.631709 0.142854
vt 0.833899 0.495149
vt 0.820115 0.495149
vt 0.833899 0.539955
vt 0.653589 0.193207
vt 0.653589 0.166329
vt 0.605343 0.191143
vt 0.523307 0.290339
vt 0.605343 0.220777
vt 0.605343 0.191143
vt 0.754545 0.979847
vt 0.758736 0.979750
vt 0.758736 0.974877
vt 0.629960 0.691847
vt 0.629960 0.712523
vt 0.634099 0.712528
vt 0.758736 0.974877
vt 0.754545 0.974975
vt 0.754545 0.979847
vt 0.629245 0.056735
vt 0.634099 0.056733
vt 0.634099 0.036057
vt 0.634099 0.712528
vt 0.634099 0.691851
vt 0.629960 0.691847
vt 0.634099 0.036057
vt 0.629245 0.036058
vt 0.629245 0.056735
vt 0.559955 0.607400
vt 0.564015 0.586715
vt 0.559955 0.586724
vt 0.890387 0.091777
vt 0.891077 0.046981
vt 0.882806 0.046982
vt 0.882806 0.046982
vt 0.882806 0.091778
vt 0.890387 0.091777
vt 0.820115 0.539954
vt 0.833899 0.539955
vt 0.820115 0.495149
vt 0.713389 0.165200
vt 0.717534 0.165196
vt 0.717534 0.144519
vt 0.717534 0.144519
vt 0.713389 0.144523
vt 0.713389 0.165200
vt 0.564015 0.586715
vt 0.559955 0.607400
vt 0.564015 0.607392
vt 0.789287 0.676464
vt 0.785841 0.699178
vt 0.789287 0.699177
vt 0.993591 0.606313
vt 0.993590 0.609759
vt 0.996347 0.606313
vt 0.709081 0.111802
vt 0.712527 0.111802
vt 0.712527 0.089060
vt 0.712527 0.089060
vt 0.709770 0.089060
vt 0.709081 0.111802
vt 0.952818 0.933953
vt 0.949379 0.933058
vt 0.949379 0.953593
vt 0.949379 0.953593
vt 0.952129 0.954486
vt 0.952818 0.933953
vt 0.785841 0.699178
vt 0.789287 0.676464
vt 0.785841 0.676465
vt 0.692395 0.142456
vt 0.692395 0.165199
vt 0.695841 0.165200
vt 0.997037 0.609759
vt 0.996347 0.606313
vt 0.993590 0.609759
vt 0.695841 0.165200
vt 0.695841 0.142456
vt 0.692395 0.142456
vt 0.809122 0.979750
vt 0.809122 0.975558
vt 0.804816 0.974877
vt 0.809122 0.979750
vt 0.804816 0.974877
vt 0.804929 0.979749
vt 0.653589 0.166329
vt 0.653589 0.193207
vt 0.687354 0.191117
vt 0.687354 0.191117
vt 0.687350 0.169054
vt 0.653589 0.166329
vt 0.993590 0.642648
vt 0.997037 0.639202
vt 0.993590 0.639202
vt 0.997037 0.639202
vt 0.993590 0.642648
vt 0.997037 0.642648
vt 0.630762 0.089302
vt 0.627313 0.089593
vt 0.630762 0.110133
vt 0.627316 0.110128
vt 0.630762 0.110133
vt 0.627313 0.089593
vt 0.963522 0.975567
vt 0.963522 0.979702
vt 0.966968 0.979702
vt 0.694063 0.498936
vt 0.697509 0.498936
vt 0.697509 0.476195
vt 0.966968 0.974877
vt 0.963522 0.975567
vt 0.966968 0.979702
vt 0.340411 0.621397
vt 0.335587 0.644112
vt 0.340411 0.644110
vt 0.697509 0.476195
vt 0.694063 0.476195
vt 0.694063 0.498936
vt 0.730883 0.142996
vt 0.726748 0.142990
vt 0.730883 0.163531
vt 0.626344 0.142486
vt 0.626344 0.165200
vt 0.629093 0.165090
vt 0.468900 0.049256
vt 0.466104 0.051271
vt 0.468900 0.085103
vt 0.629093 0.165090
vt 0.629093 0.142377
vt 0.626344 0.142486
vt 0.926119 0.774269
vt 0.926119 0.738428
vt 0.903377 0.738429
vt 0.903377 0.738429
vt 0.903366 0.774268
vt 0.926119 0.774269
vt 0.271995 0.260925
vt 0.268540 0.260933
vt 0.268540 0.283676
vt 0.726748 0.163525
vt 0.730883 0.163531
vt 0.726748 0.142990
vt 0.268540 0.283676
vt 0.271995 0.283668
vt 0.271995 0.260925
vt 0.335587 0.644112
vt 0.340411 0.621397
vt 0.335587 0.621398
vt 0.941137 0.205247
vt 0.918394 0.205251
vt 0.941137 0.236949
vt 0.465494 0.082969
vt 0.468900 0.085103
vt 0.466104 0.051271
vt 0.704732 0.974877
vt 0.704732 0.979751
vt 0.708923 0.979849
vt 0.708923 0.979849
vt 0.708923 0.974975
vt 0.704732 0.974877
vt 0.653589 0.193207
vt 0.653589 0.219395
vt 0.687354 0.220751
vt 0.687354 0.220751
vt 0.687354 0.191117
vt 0.653589 0.193207
vt 0.958040 0.979702
vt 0.961486 0.979702
vt 0.961486 0.975567
vt 0.958040 0.979702
vt 0.961486 0.975567
vt 0.958040 0.974877
vt 0.203579 0.601995
vt 0.203579 0.570294
vt 0.200822 0.568227
vt 0.200822 0.568227
vt 0.200822 0.604063
vt 0.203579 0.601995
vt 0.918394 0.236953
vt 0.941137 0.236949
vt 0.918394 0.205251
vt 0.218597 0.923389
vt 0.211013 0.923675
vt 0.211016 0.936121
vt 0.211016 0.936121
vt 0.218597 0.936131
vt 0.218597 0.923389
vt 0.074184 0.663267
vt 0.073495 0.677069
vt 0.081765 0.677069
vt 0.081765 0.677069
vt 0.081765 0.663267
vt 0.074184 0.663267
vt 0.874390 0.735889
vt 0.874390 0.691089
vt 0.860607 0.691778
vt 0.860607 0.691778
vt 0.846824 0.735201
vt 0.860607 0.735200
vt 0.860607 0.691778
vt 0.860607 0.735200
vt 0.874390 0.735889
vt 0.605343 0.244898
vt 0.653589 0.219395
vt 0.605343 0.220777
vt 0.605343 0.220777
vt 0.523307 0.290339
vt 0.605343 0.244898
vt 0.622243 0.979895
vt 0.622243 0.974877
vt 0.617888 0.975067
vt 0.621554 0.216929
vt 0.625756 0.216924
vt 0.625756 0.196247
vt 0.617888 0.975067
vt 0.617415 0.979233
vt 0.622243 0.979895
vt 0.710859 0.531657
vt 0.706720 0.552330
vt 0.710859 0.552334
vt 0.625756 0.196247
vt 0.621554 0.196252
vt 0.621554 0.216929
vt 0.614237 0.554003
vt 0.619081 0.553996
vt 0.614237 0.533326
vt 0.625756 0.552325
vt 0.625756 0.531648
vt 0.621696 0.531657
vt 0.706720 0.552330
vt 0.710859 0.531657
vt 0.706720 0.531653
vt 0.621696 0.531657
vt 0.621696 0.552334
vt 0.625756 0.552325
vt 0.835559 0.210496
vt 0.821784 0.209818
vt 0.835568 0.254612
vt 0.835568 0.254612
vt 0.849360 0.255308
vt 0.835559 0.210496
vt 0.884402 0.886070
vt 0.884402 0.840586
vt 0.876820 0.840586
vt 0.876820 0.840586
vt 0.876820 0.885382
vt 0.884402 0.886070
vt 0.619081 0.533319
vt 0.614237 0.533326
vt 0.619081 0.553996
vt 0.821784 0.255304
vt 0.835568 0.254612
vt 0.821784 0.209818
vt 0.997037 0.567942
vt 0.993590 0.567942
vt 0.997037 0.571388
vt 0.831004 0.643090
vt 0.827558 0.665804
vt 0.831004 0.665804
vt 0.640665 0.662467
vt 0.644112 0.662467
vt 0.644112 0.639726
vt 0.644112 0.639726
vt 0.640665 0.639726
vt 0.640665 0.662467
vt 0.734220 0.935622
vt 0.730782 0.934727
vt 0.730782 0.955262
vt 0.730782 0.955262
vt 0.733531 0.956155
vt 0.734220 0.935622
vt 0.993591 0.571388
vt 0.997037 0.571388
vt 0.993590 0.567942
vt 0.320278 0.645780
vt 0.323724 0.623037
vt 0.320278 0.623036
vt 0.827558 0.665804
vt 0.831004 0.643090
vt 0.827558 0.643091
vt 0.635496 0.975066
vt 0.631141 0.974877
vt 0.631141 0.979895
vt 0.631141 0.979895
vt 0.635969 0.979231
vt 0.635496 0.975066
vt 0.752576 0.937289
vt 0.749130 0.937284
vt 0.752576 0.957824
vt 0.323724 0.623037
vt 0.320278 0.645780
vt 0.323724 0.645780
vt 0.749130 0.957818
vt 0.752576 0.957824
vt 0.749130 0.937284
vt 0.653589 0.219395
vt 0.605343 0.244898
vt 0.653585 0.246952
vt 0.653589 0.219395
vt 0.653585 0.246952
vt 0.687354 0.220751
vt 0.993590 0.648130
vt 0.997037 0.644684
vt 0.993590 0.644684
vt 0.997037 0.644684
vt 0.993590 0.648130
vt 0.997037 0.648130
vt 0.181728 0.349611
vt 0.181925 0.280709
vt 0.141979 0.287608
vt 0.181925 0.280709
vt 0.181728 0.349611
vt 0.214841 0.339962
vt 0.794293 0.622169
vt 0.761902 0.622169
vt 0.763983 0.672479
vt 0.672254 0.919037
vt 0.679154 0.921113
vt 0.679154 0.888721
vt 0.763983 0.672479
vt 0.792239 0.672479
vt 0.794293 0.622169
vt 0.677337 0.730622
vt 0.677337 0.780943
vt 0.684149 0.731341
vt 0.679154 0.888721
vt 0.672254 0.890092
vt 0.672254 0.919037
vt 0.276999 0.908989
vt 0.270102 0.909573
vt 0.277001 0.921435
vt 0.034414 0.596773
vt 0.027415 0.547063
vt 0.027415 0.597388
vt 0.658248 0.293797
vt 0.658248 0.322056
vt 0.665804 0.320675
vt 0.684160 0.779595
vt 0.684149 0.731341
vt 0.677337 0.780943
vt 0.665804 0.320675
vt 0.665115 0.295173
vt 0.658248 0.293797
vt 0.027415 0.547063
vt 0.034414 0.596773
vt 0.035042 0.548526
vt 0.917848 0.930743
vt 0.917848 0.941090
vt 0.926119 0.941092
vt 0.926119 0.941092
vt 0.925433 0.930755
vt 0.917848 0.930743
vt 0.946901 0.420149
vt 0.954482 0.430488
vt 0.954478 0.420153
vt 0.536953 0.776227
vt 0.547292 0.776917
vt 0.547292 0.726610
vt 0.156856 0.437009
vt 0.149275 0.487255
vt 0.156856 0.486565
vt 0.547292 0.726610
vt 0.536953 0.726610
vt 0.536953 0.776227
vt 0.917848 0.952816
vt 0.926119 0.941092
vt 0.917848 0.941090
vt 0.954482 0.430488
vt 0.946901 0.420149
vt 0.946216 0.430484
vt 0.954482 0.430488
vt 0.946216 0.430484
vt 0.954486 0.442201
vt 0.547292 0.776917
vt 0.559009 0.777606
vt 0.559009 0.725232
vt 0.559009 0.725232
vt 0.547292 0.726610
vt 0.547292 0.776917
vt 0.648285 0.417824
vt 0.652420 0.408176
vt 0.642091 0.408856
vt 0.642091 0.408856
vt 0.642082 0.419891
vt 0.648285 0.417824
vt 0.149275 0.487255
vt 0.156856 0.437009
vt 0.149275 0.436323
vt 0.926119 0.941092
vt 0.917848 0.952816
vt 0.926119 0.952818
vt 0.652420 0.408176
vt 0.648285 0.417824
vt 0.648294 0.450208
vt 0.946216 0.442201
vt 0.954486 0.442201
vt 0.946216 0.430484
vt 0.652420 0.459865
vt 0.664136 0.408178
vt 0.652420 0.408176
vt 0.652420 0.408176
vt 0.648294 0.450208
vt 0.652420 0.459865
vt 0.642780 0.448140
vt 0.648285 0.417824
vt 0.642082 0.419891
vt 0.310356 0.125334
vt 0.304184 0.125324
vt 0.310375 0.207352
vt 0.642091 0.459856
vt 0.642780 0.448140
vt 0.642082 0.419891
vt 0.450807 0.088186
vt 0.450807 0.170206
vt 0.476621 0.169675
vt 0.476621 0.169675
vt 0.477243 0.087658
vt 0.450807 0.088186
vt 0.648285 0.417824
vt 0.642780 0.448140
vt 0.648294 0.450208
vt 0.289267 0.584930
vt 0.288578 0.555683
vt 0.206557 0.531583
vt 0.304202 0.207342
vt 0.310375 0.207352
vt 0.304184 0.125324
vt 0.994280 0.371070
vt 0.993590 0.374516
vt 0.997725 0.374516
vt 0.077646 0.959493
vt 0.081766 0.959210
vt 0.081126 0.939910
vt 0.997725 0.374516
vt 0.997725 0.371070
vt 0.994280 0.371070
vt 0.385357 0.962829
vt 0.388803 0.942834
vt 0.385357 0.942833
vt 0.081126 0.939910
vt 0.077646 0.939458
vt 0.077646 0.959493
vt 0.971542 0.666445
vt 0.971540 0.669881
vt 0.990849 0.669212
vt 0.990849 0.669212
vt 0.990844 0.666445
vt 0.971542 0.666445
vt 0.993590 0.880620
vt 0.993590 0.882799
vt 0.995770 0.882799
vt 0.971617 0.589412
vt 0.990936 0.589412
vt 0.990859 0.587350
vt 0.995770 0.882799
vt 0.996412 0.880404
vt 0.993590 0.880620
vt 0.955158 0.586508
vt 0.957824 0.587376
vt 0.957824 0.567340
vt 0.990859 0.587350
vt 0.971540 0.587350
vt 0.971617 0.589412
vt 0.990858 0.216447
vt 0.971645 0.214287
vt 0.971540 0.216447
vt 0.971540 0.148795
vt 0.972223 0.150842
vt 0.991528 0.150852
vt 0.442839 0.974887
vt 0.440386 0.974877
vt 0.440386 0.991313
vt 0.991528 0.150852
vt 0.991531 0.148795
vt 0.971540 0.148795
vt 0.994280 0.824154
vt 0.993590 0.826222
vt 0.996347 0.826222
vt 0.110719 0.961161
vt 0.113470 0.961067
vt 0.113470 0.941068
vt 0.996347 0.826222
vt 0.997036 0.824154
vt 0.994280 0.824154
vt 0.960077 0.295357
vt 0.962830 0.275357
vt 0.960766 0.275361
vt 0.113470 0.941068
vt 0.111443 0.941134
vt 0.110719 0.961161
vt 0.971543 0.115994
vt 0.971540 0.118051
vt 0.991535 0.118061
vt 0.991535 0.118061
vt 0.991534 0.115994
vt 0.971543 0.115994
vt 0.328407 0.998699
vt 0.326305 0.996787
vt 0.325922 0.998699
vt 0.085331 0.946143
vt 0.086771 0.945989
vt 0.085331 0.926049
vt 0.249814 0.959324
vt 0.251971 0.939448
vt 0.249519 0.939254
vt 0.328407 0.998699
vt 0.328407 0.996214
vt 0.326305 0.996787
vt 0.991543 0.042123
vt 0.991473 0.040096
vt 0.971540 0.042123
vt 0.971540 0.146073
vt 0.991532 0.146759
vt 0.991532 0.144692
vt 0.670433 0.972767
vt 0.672479 0.972842
vt 0.672479 0.952833
vt 0.972158 0.040071
vt 0.971540 0.042123
vt 0.991473 0.040096
vt 0.672479 0.952833
vt 0.670390 0.953453
vt 0.670433 0.972767
vt 0.824329 0.056166
vt 0.816058 0.056153
vt 0.824329 0.103458
vt 0.664136 0.408178
vt 0.652420 0.459865
vt 0.664136 0.460556
vt 0.816058 0.103445
vt 0.824329 0.103458
vt 0.816058 0.056153
vt 0.567216 0.660798
vt 0.570321 0.640962
vt 0.567216 0.640774
vt 0.388803 0.942834
vt 0.385357 0.962829
vt 0.388803 0.962830
vt 0.570321 0.640962
vt 0.567216 0.660798
vt 0.570689 0.660316
vt 0.971645 0.214287
vt 0.990858 0.216447
vt 0.990980 0.213991
vt 0.025883 0.961010
vt 0.028368 0.941137
vt 0.025883 0.940986
vt 0.962830 0.275357
vt 0.960077 0.295357
vt 0.962830 0.295353
vt 0.028368 0.941137
vt 0.025883 0.961010
vt 0.028368 0.961161
vt 0.251971 0.939448
vt 0.249814 0.959324
vt 0.251971 0.959493
vt 0.231469 0.992806
vt 0.235604 0.974878
vt 0.231469 0.974877
vt 0.235604 0.974878
vt 0.231469 0.992806
vt 0.235604 0.992806
vt 0.993591 0.803907
vt 0.997032 0.803907
vt 0.997032 0.801150
vt 0.356939 0.974877
vt 0.354182 0.974877
vt 0.356944 0.992794
vt 0.997032 0.801150
vt 0.993590 0.801150
vt 0.993591 0.803907
vt 0.262346 0.992798
vt 0.266481 0.974877
vt 0.263036 0.974877
vt 0.147898 0.975008
vt 0.144455 0.974877
vt 0.144455 0.992800
vt 0.353498 0.992794
vt 0.356944 0.992794
vt 0.354182 0.974877
vt 0.144455 0.992800
vt 0.147898 0.992930
vt 0.147898 0.975008
vt 0.348020 0.992796
vt 0.350778 0.974877
vt 0.348021 0.974877
vt 0.266481 0.974877
vt 0.262346 0.992798
vt 0.266481 0.992797
vt 0.146810 0.907763
vt 0.146844 0.904974
vt 0.128925 0.904982
vt 0.896083 0.602126
vt 0.893326 0.641359
vt 0.896083 0.644112
vt 0.128925 0.904982
vt 0.128900 0.907763
vt 0.146810 0.907763
vt 0.087206 0.911101
vt 0.105127 0.911090
vt 0.105127 0.869065
vt 0.105127 0.869065
vt 0.087207 0.869063
vt 0.087206 0.911101
vt 0.348020 0.992796
vt 0.351462 0.992786
vt 0.350778 0.974877
vt 0.146821 0.867758
vt 0.128925 0.904982
vt 0.146844 0.904974
vt 0.893326 0.641359
vt 0.896083 0.602126
vt 0.893326 0.604192
vt 0.997717 0.387515
vt 0.994280 0.387524
vt 0.997717 0.390961
vt 0.996076 0.838129
vt 0.994164 0.836027
vt 0.993590 0.838129
vt 0.993591 0.390281
vt 0.997717 0.390961
vt 0.994280 0.387524
vt 0.994164 0.836027
vt 0.996076 0.838129
vt 0.996649 0.836027
vt 0.993590 0.858773
vt 0.993758 0.860946
vt 0.995764 0.861447
vt 0.995764 0.861447
vt 0.996432 0.858773
vt 0.993590 0.858773
vt 0.996424 0.898387
vt 0.994244 0.898387
vt 0.993590 0.900349
vt 0.993590 0.900349
vt 0.995765 0.900338
vt 0.996424 0.898387
vt 0.993596 0.512347
vt 0.993590 0.515793
vt 0.996702 0.515793
vt 0.993596 0.512347
vt 0.996702 0.515793
vt 0.997329 0.512347
vt 0.904426 0.150596
vt 0.902314 0.153044
vt 0.904426 0.188561
vt 0.128925 0.904982
vt 0.146821 0.867758
vt 0.128903 0.867766
vt 0.901703 0.186640
vt 0.904426 0.188561
vt 0.902314 0.153044
vt 0.642091 0.459856
vt 0.648294 0.450208
vt 0.642780 0.448140
vt 0.350420 0.024774
vt 0.344899 0.106783
vt 0.350423 0.106796
vt 0.648294 0.450208
vt 0.642091 0.459856
vt 0.652420 0.459865
vt 0.370596 0.555810
vt 0.206557 0.531583
vt 0.288578 0.555683
vt 0.344899 0.106783
vt 0.350420 0.024774
vt 0.344899 0.024765
vt 0.332534 0.998699
vt 0.332534 0.996214
vt 0.330443 0.996782
vt 0.571954 0.553455
vt 0.574027 0.554003
vt 0.574027 0.533963
vt 0.330443 0.996782
vt 0.331579 0.998508
vt 0.332534 0.998699
vt 0.991535 0.095478
vt 0.971540 0.093410
vt 0.972229 0.095478
vt 0.574027 0.533963
vt 0.571967 0.534108
vt 0.571954 0.553455
vt 0.451835 0.959419
vt 0.453882 0.959493
vt 0.453882 0.939480
vt 0.453882 0.939480
vt 0.451815 0.939413
vt 0.451835 0.959419
vt 0.434408 0.998282
vt 0.435786 0.996214
vt 0.433718 0.996214
vt 0.248242 0.021693
vt 0.250302 0.021551
vt 0.250302 0.001517
vt 0.433718 0.996214
vt 0.433718 0.998282
vt 0.434408 0.998282
vt 0.991536 0.070845
vt 0.971541 0.068777
vt 0.971540 0.070845
vt 0.250302 0.001517
vt 0.248242 0.001658
vt 0.248242 0.021693
vt 0.971545 0.044159
vt 0.971540 0.046206
vt 0.991542 0.046226
vt 0.991542 0.046226
vt 0.991540 0.044159
vt 0.971545 0.044159
vt 0.353609 0.998394
vt 0.353609 0.996214
vt 0.351429 0.996214
vt 0.460165 0.083434
vt 0.462189 0.083298
vt 0.462225 0.063258
vt 0.351429 0.996214
vt 0.352083 0.998176
vt 0.353609 0.998394
vt 0.991536 0.062638
vt 0.971541 0.060571
vt 0.971540 0.062638
vt 0.462225 0.063258
vt 0.460165 0.063399
vt 0.460165 0.083434
vt 0.468229 0.944504
vt 0.466171 0.944500
vt 0.466143 0.964499
vt 0.466143 0.964499
vt 0.468900 0.964499
vt 0.468229 0.944504
vt 0.997725 0.376552
vt 0.993590 0.379998
vt 0.997725 0.379998
vt 0.047599 0.961160
vt 0.051729 0.961161
vt 0.051729 0.941174
vt 0.962830 0.400520
vt 0.959384 0.420508
vt 0.962830 0.420508
vt 0.051729 0.941174
vt 0.047599 0.941173
vt 0.047599 0.961160
vt 0.652527 0.932411
vt 0.652524 0.942749
vt 0.660798 0.942761
vt 0.660798 0.942761
vt 0.660112 0.932423
vt 0.652527 0.932411
vt 0.660798 0.954486
vt 0.660798 0.942761
vt 0.652524 0.942749
vt 0.652524 0.942749
vt 0.652528 0.954484
vt 0.660798 0.954486
vt 0.269417 0.921721
vt 0.277001 0.921435
vt 0.270102 0.909573
vt 0.993590 0.379998
vt 0.997725 0.376552
vt 0.993591 0.376552
vt 0.957715 0.897751
vt 0.961161 0.897751
vt 0.961161 0.877764
vt 0.961161 0.877764
vt 0.957715 0.877764
vt 0.957715 0.897751
vt 0.255121 0.959292
vt 0.256977 0.939391
vt 0.256064 0.939289
vt 0.971540 0.093410
vt 0.991535 0.095478
vt 0.991536 0.093410
vt 0.256977 0.939391
vt 0.255121 0.959292
vt 0.256977 0.959493
vt 0.954302 0.954259
vt 0.956155 0.934348
vt 0.955537 0.934272
vt 0.971541 0.068777
vt 0.991536 0.070845
vt 0.991537 0.068777
vt 0.956155 0.934348
vt 0.954302 0.954259
vt 0.956155 0.954486
vt 0.708700 0.497134
vt 0.710238 0.477205
vt 0.708700 0.477109
vt 0.971541 0.060571
vt 0.991536 0.062638
vt 0.991537 0.060571
vt 0.710238 0.477205
vt 0.708700 0.497134
vt 0.710859 0.497267
vt 0.580305 0.959493
vt 0.584039 0.939499
vt 0.580305 0.939505
vt 0.959384 0.420508
vt 0.962830 0.400520
vt 0.959384 0.400521
vt 0.584039 0.939499
vt 0.580305 0.959493
vt 0.584039 0.959487
vt 0.380380 0.998282
vt 0.382447 0.998282
vt 0.382447 0.996214
vt 0.382447 0.996214
vt 0.380380 0.996215
vt 0.380380 0.998282
vt 0.404998 0.998282
vt 0.407065 0.998282
vt 0.407065 0.996214
vt 0.407065 0.996214
vt 0.404998 0.996215
vt 0.404998 0.998282
vt 0.199500 0.996214
vt 0.197432 0.996215
vt 0.197432 0.998971
vt 0.197432 0.998971
vt 0.199500 0.998282
vt 0.199500 0.996214
vt 0.993590 0.253935
vt 0.997726 0.253935
vt 0.993591 0.250489
vt 0.997726 0.475174
vt 0.994279 0.477927
vt 0.997725 0.477927
vt 0.340503 0.974877
vt 0.337057 0.974877
vt 0.337057 0.992797
vt 0.329540 0.992797
vt 0.328851 0.974877
vt 0.326095 0.974877
vt 0.337057 0.992797
vt 0.340503 0.992797
vt 0.340503 0.974877
vt 0.326095 0.974877
vt 0.326094 0.992797
vt 0.329540 0.992797
vt 0.368542 0.992826
vt 0.371288 0.974877
vt 0.368542 0.974907
vt 0.371288 0.974877
vt 0.368542 0.992826
vt 0.371288 0.992796
vt 0.994279 0.477927
vt 0.997726 0.475174
vt 0.993590 0.475174
vt 0.313053 0.974879
vt 0.310288 0.974877
vt 0.313097 0.992798
vt 0.219127 0.992806
vt 0.223263 0.974878
vt 0.219127 0.974877
vt 0.309642 0.992798
vt 0.313097 0.992798
vt 0.310288 0.974877
vt 0.223263 0.974878
vt 0.219127 0.992806
vt 0.223263 0.992806
vt 0.997726 0.250489
vt 0.993591 0.250489
vt 0.997726 0.253935
vt 0.993595 0.396108
vt 0.997041 0.396108
vt 0.997726 0.392996
vt 0.997726 0.392996
vt 0.993590 0.392996
vt 0.993595 0.396108
vt 0.605343 0.273843
vt 0.605343 0.244898
vt 0.523307 0.290339
vt 0.653589 0.272461
vt 0.605343 0.273843
vt 0.523307 0.290339
vt 0.765925 0.290351
vt 0.653589 0.272461
vt 0.523307 0.290339
vt 0.206557 0.531583
vt 0.370596 0.555810
vt 0.449166 0.530094
vt 0.766999 0.979847
vt 0.771190 0.979750
vt 0.771190 0.974877
vt 0.636635 0.691847
vt 0.636635 0.712523
vt 0.640774 0.712528
vt 0.771190 0.974877
vt 0.766999 0.974974
vt 0.766999 0.979847
vt 0.564166 0.712527
vt 0.569021 0.712526
vt 0.569021 0.691849
vt 0.640774 0.712528
vt 0.640774 0.691851
vt 0.636635 0.691847
vt 0.569021 0.691849
vt 0.564166 0.691851
vt 0.564166 0.712527
vt 0.566630 0.607400
vt 0.570689 0.586715
vt 0.566630 0.586724
vt 0.715057 0.110133
vt 0.719202 0.110130
vt 0.719202 0.089453
vt 0.719202 0.089453
vt 0.715057 0.089456
vt 0.715057 0.110133
vt 0.570689 0.586715
vt 0.566630 0.607400
vt 0.570689 0.607392
vt 0.277001 0.921435
vt 0.269417 0.921721
vt 0.269417 0.934462
vt 0.269417 0.934462
vt 0.277001 0.934176
vt 0.277001 0.921435
vt 0.866191 0.974877
vt 0.861886 0.975557
vt 0.861886 0.979749
vt 0.951989 0.373785
vt 0.956155 0.373783
vt 0.956155 0.353106
vt 0.861886 0.979749
vt 0.866079 0.979749
vt 0.866191 0.974877
vt 0.647449 0.693519
vt 0.643310 0.714192
vt 0.647449 0.714196
vt 0.956155 0.353106
vt 0.951989 0.353108
vt 0.951989 0.373785
vt 0.553185 0.607400
vt 0.557340 0.607394
vt 0.553185 0.586724
vt 0.637437 0.110124
vt 0.637437 0.089447
vt 0.633377 0.089456
vt 0.643310 0.714192
vt 0.647449 0.693519
vt 0.643310 0.693515
vt 0.633377 0.089456
vt 0.633377 0.110133
vt 0.637437 0.110124
vt 0.557340 0.586717
vt 0.553185 0.586724
vt 0.557340 0.607394
vt 0.994280 0.035285
vt 0.998415 0.035285
vt 0.998415 0.032528
vt 0.701427 0.554003
vt 0.704184 0.554003
vt 0.704184 0.531261
vt 0.993590 0.032528
vt 0.994280 0.035285
vt 0.998415 0.032528
vt 0.357280 0.559621
vt 0.357280 0.582370
vt 0.362104 0.582370
vt 0.704184 0.531261
vt 0.700738 0.531261
vt 0.701427 0.554003
vt 0.362104 0.582370
vt 0.362104 0.559620
vt 0.357280 0.559621
vt 0.732552 0.089598
vt 0.728416 0.089592
vt 0.732552 0.110133
vt 0.364361 0.557988
vt 0.364361 0.580701
vt 0.367110 0.580592
vt 0.515623 0.531512
vt 0.512866 0.533580
vt 0.515623 0.567352
vt 0.367110 0.580592
vt 0.367110 0.557879
vt 0.364361 0.557988
vt 0.662467 0.927787
vt 0.662467 0.891947
vt 0.639726 0.891947
vt 0.639726 0.891947
vt 0.639726 0.927787
vt 0.662467 0.927787
vt 0.430520 0.033984
vt 0.427754 0.033992
vt 0.430520 0.056728
vt 0.728416 0.110127
vt 0.732552 0.110133
vt 0.728416 0.089592
vt 0.427065 0.056735
vt 0.430520 0.056728
vt 0.427754 0.033992
vt 0.939468 0.675816
vt 0.916725 0.675819
vt 0.939468 0.707518
vt 0.512866 0.533580
vt 0.512866 0.565284
vt 0.515623 0.567352
vt 0.710959 0.974877
vt 0.710959 0.979751
vt 0.715150 0.979849
vt 0.715150 0.979849
vt 0.715150 0.974975
vt 0.710959 0.974877
vt 0.653585 0.246952
vt 0.653589 0.272461
vt 0.687354 0.244872
vt 0.687354 0.244872
vt 0.687354 0.220751
vt 0.653585 0.246952
vt 0.952559 0.979702
vt 0.956005 0.979702
vt 0.956005 0.975567
vt 0.952559 0.979702
vt 0.956005 0.975567
vt 0.952559 0.974877
vt 0.619081 0.463495
vt 0.619081 0.431793
vt 0.616324 0.429726
vt 0.616324 0.465562
vt 0.619081 0.463495
vt 0.616324 0.429726
vt 0.916725 0.707521
vt 0.939468 0.707518
vt 0.916725 0.675819
vt 0.342668 0.271102
vt 0.345417 0.251461
vt 0.342668 0.250567
vt 0.997037 0.573424
vt 0.993590 0.573424
vt 0.997037 0.576870
vt 0.799299 0.409475
vt 0.795853 0.432189
vt 0.799299 0.432188
vt 0.694063 0.554003
vt 0.697509 0.554003
vt 0.697509 0.531261
vt 0.697509 0.531261
vt 0.694063 0.531261
vt 0.694063 0.554003
vt 0.345417 0.251461
vt 0.342668 0.271102
vt 0.345417 0.271995
vt 0.993591 0.576870
vt 0.997037 0.576870
vt 0.993590 0.573424
vt 0.687389 0.554002
vt 0.690835 0.531259
vt 0.687389 0.531259
vt 0.795853 0.432189
vt 0.799299 0.409475
vt 0.795853 0.409476
vt 0.005006 0.733710
vt 0.001560 0.733704
vt 0.005006 0.754245
vt 0.690835 0.531259
vt 0.687389 0.554002
vt 0.690835 0.554003
vt 0.001560 0.754239
vt 0.005006 0.754245
vt 0.001560 0.733704
vt 0.815463 0.979750
vt 0.815463 0.975558
vt 0.811157 0.974877
vt 0.811157 0.974877
vt 0.811270 0.979749
vt 0.815463 0.979750
vt 0.687357 0.274516
vt 0.687354 0.244872
vt 0.653589 0.272461
vt 0.765925 0.290351
vt 0.687357 0.274516
vt 0.653589 0.272461
vt 0.993590 0.615241
vt 0.997037 0.611795
vt 0.993590 0.611795
vt 0.997037 0.611795
vt 0.993590 0.615241
vt 0.997037 0.615240
vt 0.064563 0.386909
vt 0.070085 0.393809
vt 0.070076 0.388287
vt 0.803471 0.619081
vt 0.797350 0.569448
vt 0.797892 0.619081
vt 0.754242 0.908990
vt 0.746656 0.909573
vt 0.754245 0.921435
vt 0.745971 0.921721
vt 0.754245 0.921435
vt 0.746656 0.909573
vt 0.894414 0.247220
vt 0.886832 0.247220
vt 0.894414 0.291330
vt 0.712600 0.308290
vt 0.713289 0.322056
vt 0.720871 0.322054
vt 0.846824 0.641029
vt 0.846824 0.685140
vt 0.860607 0.641029
vt 0.720871 0.322054
vt 0.720871 0.308289
vt 0.712600 0.308290
vt 0.886832 0.292019
vt 0.894414 0.291330
vt 0.886832 0.247220
vt 0.431746 0.819574
vt 0.445538 0.864378
vt 0.445538 0.819581
vt 0.794765 0.456530
vt 0.764438 0.406906
vt 0.762374 0.457219
vt 0.747418 0.406891
vt 0.747418 0.457219
vt 0.753598 0.407685
vt 0.800968 0.457219
vt 0.794765 0.456530
vt 0.762374 0.457219
vt 0.407622 0.898506
vt 0.413825 0.899883
vt 0.413833 0.867501
vt 0.413833 0.867501
vt 0.407622 0.868871
vt 0.407622 0.898506
vt 0.797350 0.569448
vt 0.803471 0.619081
vt 0.804305 0.570139
vt 0.764438 0.406906
vt 0.794765 0.456530
vt 0.792684 0.406909
vt 0.015829 0.570790
vt 0.015829 0.599057
vt 0.023362 0.597493
vt 0.754245 0.456645
vt 0.753598 0.407685
vt 0.747418 0.457219
vt 0.023362 0.597493
vt 0.022740 0.571999
vt 0.015829 0.570790
vt 0.407622 0.898506
vt 0.413833 0.906095
vt 0.413825 0.899883
vt 0.593222 0.804305
vt 0.586408 0.754672
vt 0.586955 0.804305
vt 0.205246 0.910944
vt 0.197662 0.911230
vt 0.205248 0.923389
vt 0.860607 0.685140
vt 0.860607 0.641029
vt 0.846824 0.685140
vt 0.445538 0.864378
vt 0.431746 0.819574
vt 0.431746 0.864371
vt 0.196975 0.923674
vt 0.205248 0.923389
vt 0.197662 0.911230
vt 0.011679 0.553549
vt 0.004099 0.567352
vt 0.011681 0.567351
vt 0.892745 0.555926
vt 0.885164 0.555926
vt 0.892745 0.599348
vt 0.860607 0.785261
vt 0.860607 0.741150
vt 0.846824 0.741839
vt 0.846824 0.741839
vt 0.846824 0.785261
vt 0.860607 0.785261
vt 0.004099 0.567352
vt 0.011679 0.553549
vt 0.003409 0.553550
vt 0.851028 0.160451
vt 0.837236 0.159755
vt 0.851028 0.205248
vt 0.885164 0.600726
vt 0.892745 0.599348
vt 0.885164 0.555926
vt 0.586408 0.754672
vt 0.593222 0.804305
vt 0.594051 0.755362
vt 0.687350 0.169054
vt 0.687354 0.191117
vt 0.736289 0.166993
vt 0.828507 0.490593
vt 0.832673 0.490591
vt 0.832673 0.470603
vt 0.853509 0.974877
vt 0.849204 0.975557
vt 0.849204 0.979749
vt 0.832673 0.470603
vt 0.828507 0.470605
vt 0.828507 0.490593
vt 0.557340 0.659130
vt 0.557340 0.639142
vt 0.553201 0.659125
vt 0.853396 0.979749
vt 0.853509 0.974877
vt 0.849204 0.979749
vt 0.208585 0.939498
vt 0.204431 0.939505
vt 0.204431 0.959493
vt 0.204431 0.959493
vt 0.208585 0.959486
vt 0.208585 0.939498
vt 0.946143 0.200890
vt 0.943386 0.223603
vt 0.946143 0.223603
vt 0.993590 0.743641
vt 0.993590 0.746398
vt 0.996347 0.743641
vt 0.704075 0.058404
vt 0.707521 0.058404
vt 0.707521 0.035662
vt 0.707521 0.035662
vt 0.704764 0.035662
vt 0.704075 0.058404
vt 0.411084 0.245561
vt 0.413833 0.266989
vt 0.413833 0.246455
vt 0.943386 0.223603
vt 0.946143 0.200890
vt 0.943386 0.200890
vt 0.363664 0.621368
vt 0.363664 0.644111
vt 0.367110 0.644112
vt 0.997037 0.746398
vt 0.996347 0.743641
vt 0.993590 0.746398
vt 0.367110 0.644112
vt 0.367110 0.621368
vt 0.363664 0.621368
vt 0.796440 0.979750
vt 0.796440 0.975558
vt 0.792134 0.974877
vt 0.796440 0.979750
vt 0.792134 0.974877
vt 0.792248 0.979749
vt 0.553201 0.639138
vt 0.553201 0.659125
vt 0.557340 0.639142
vt 0.304647 0.939505
vt 0.308706 0.959484
vt 0.308706 0.939496
vt 0.308706 0.959484
vt 0.304647 0.939505
vt 0.304647 0.959493
vt 0.997036 0.760775
vt 0.993590 0.758018
vt 0.993591 0.760775
vt 0.413833 0.266989
vt 0.411084 0.245561
vt 0.411084 0.266096
vt 0.993590 0.758018
vt 0.997036 0.760775
vt 0.997036 0.758018
vt 0.754245 0.921435
vt 0.745971 0.921721
vt 0.745971 0.934462
vt 0.745971 0.934462
vt 0.754245 0.934177
vt 0.754245 0.921435
vt 0.712600 0.294525
vt 0.712600 0.308290
vt 0.720871 0.308289
vt 0.720871 0.308289
vt 0.720871 0.294523
vt 0.712600 0.294525
vt 0.874390 0.685829
vt 0.874390 0.641028
vt 0.860607 0.641029
vt 0.860607 0.641029
vt 0.860607 0.685140
vt 0.874390 0.685829
vt 0.431746 0.819574
vt 0.417963 0.819576
vt 0.431746 0.864371
vt 0.736292 0.193191
vt 0.736289 0.166993
vt 0.687354 0.191117
vt 0.638304 0.142850
vt 0.638304 0.163527
vt 0.642443 0.163531
vt 0.773225 0.979847
vt 0.777417 0.979750
vt 0.777417 0.974877
vt 0.642443 0.163531
vt 0.642443 0.142854
vt 0.638304 0.142850
vt 0.560677 0.693518
vt 0.555823 0.693519
vt 0.555823 0.714196
vt 0.777417 0.974877
vt 0.773225 0.974975
vt 0.773225 0.979847
vt 0.555823 0.714196
vt 0.560677 0.714194
vt 0.560677 0.693518
vt 0.638383 0.196252
vt 0.638383 0.216929
vt 0.642443 0.196243
vt 0.624087 0.035904
vt 0.621328 0.036197
vt 0.624087 0.056735
vt 0.621330 0.056731
vt 0.624087 0.056735
vt 0.621328 0.036197
vt 0.994280 0.297785
vt 0.997726 0.297785
vt 0.997726 0.294339
vt 0.647340 0.662467
vt 0.650786 0.662467
vt 0.650786 0.639726
vt 0.993590 0.294339
vt 0.994280 0.297785
vt 0.997726 0.294339
vt 0.650786 0.639726
vt 0.647340 0.639726
vt 0.647340 0.662467
vt 0.649117 0.498935
vt 0.649117 0.476222
vt 0.644982 0.498936
vt 0.729214 0.249792
vt 0.725768 0.249786
vt 0.729214 0.270327
vt 0.617413 0.498827
vt 0.617413 0.476113
vt 0.613974 0.476223
vt 0.927787 0.125151
vt 0.927787 0.089310
vt 0.905046 0.089311
vt 0.613974 0.476223
vt 0.613974 0.498936
vt 0.617413 0.498827
vt 0.145175 0.464765
vt 0.141729 0.466833
vt 0.145175 0.500605
vt 0.905046 0.089311
vt 0.905046 0.125151
vt 0.927787 0.125151
vt 0.725768 0.270321
vt 0.729214 0.270327
vt 0.725768 0.249786
vt 0.445421 0.268658
vt 0.448876 0.268650
vt 0.448876 0.245907
vt 0.448876 0.245907
vt 0.445421 0.245915
vt 0.445421 0.268658
vt 0.717185 0.974877
vt 0.717185 0.979751
vt 0.721376 0.979849
vt 0.721376 0.979849
vt 0.721376 0.974975
vt 0.717185 0.974877
vt 0.642443 0.216920
vt 0.642443 0.196243
vt 0.638383 0.216929
vt 0.834341 0.889407
vt 0.834341 0.844611
vt 0.826071 0.844612
vt 0.826071 0.844612
vt 0.826071 0.889408
vt 0.834341 0.889407
vt 0.417963 0.864373
vt 0.431746 0.864371
vt 0.417963 0.819576
vt 0.718395 0.270327
vt 0.722540 0.270323
vt 0.722540 0.249647
vt 0.722540 0.249647
vt 0.718395 0.249650
vt 0.718395 0.270327
vt 0.997726 0.248453
vt 0.997726 0.245007
vt 0.994280 0.245007
vt 0.997726 0.248453
vt 0.994280 0.245007
vt 0.993590 0.248453
vt 0.644982 0.476223
vt 0.644982 0.498936
vt 0.649117 0.476222
vt 0.087751 0.516893
vt 0.088440 0.485191
vt 0.084994 0.483124
vt 0.084994 0.483124
vt 0.084994 0.518960
vt 0.087751 0.516893
vt 0.413833 0.909426
vt 0.391090 0.909424
vt 0.413833 0.941137
vt 0.142419 0.498537
vt 0.145175 0.500605
vt 0.141729 0.466833
vt 0.391090 0.941135
vt 0.413833 0.941137
vt 0.391090 0.909424
vt 0.687354 0.244872
vt 0.736292 0.218690
vt 0.687354 0.220751
vt 0.758386 0.957824
vt 0.762588 0.957819
vt 0.762588 0.937832
vt 0.629106 0.979895
vt 0.629106 0.974877
vt 0.624752 0.975067
vt 0.649118 0.250339
vt 0.644978 0.270322
vt 0.649118 0.270327
vt 0.624752 0.975067
vt 0.624278 0.979233
vt 0.629106 0.979895
vt 0.762588 0.937832
vt 0.758386 0.937836
vt 0.758386 0.957824
vt 0.358767 0.957817
vt 0.353923 0.937836
vt 0.353923 0.957824
vt 0.644978 0.270322
vt 0.649118 0.250339
vt 0.644978 0.250335
vt 0.388081 0.560714
vt 0.388081 0.580702
vt 0.392140 0.580693
vt 0.392140 0.580693
vt 0.392140 0.560705
vt 0.388081 0.560714
vt 0.205248 0.923389
vt 0.196975 0.923674
vt 0.196977 0.936120
vt 0.196977 0.936120
vt 0.205248 0.936131
vt 0.205248 0.923389
vt 0.003410 0.539785
vt 0.003409 0.553550
vt 0.011679 0.553549
vt 0.011679 0.553549
vt 0.011681 0.539784
vt 0.003410 0.539785
vt 0.874390 0.785950
vt 0.874390 0.741149
vt 0.860607 0.741150
vt 0.860607 0.741150
vt 0.860607 0.785261
vt 0.874390 0.785950
vt 0.837236 0.159755
vt 0.823452 0.159758
vt 0.837236 0.204552
vt 0.837236 0.204552
vt 0.851028 0.205248
vt 0.837236 0.159755
vt 0.993591 0.710095
vt 0.993590 0.712852
vt 0.997037 0.710095
vt 0.944474 0.679802
vt 0.941717 0.702515
vt 0.944474 0.702515
vt 0.694063 0.662467
vt 0.697509 0.662467
vt 0.697509 0.639726
vt 0.697509 0.639726
vt 0.694063 0.639726
vt 0.694063 0.662467
vt 0.079016 0.372381
vt 0.081765 0.393809
vt 0.081765 0.373274
vt 0.997037 0.712852
vt 0.997037 0.710095
vt 0.993590 0.712852
vt 0.627316 0.662466
vt 0.630762 0.639724
vt 0.627316 0.639723
vt 0.941717 0.702515
vt 0.944474 0.679802
vt 0.941717 0.679802
vt 0.642359 0.975066
vt 0.638005 0.974877
vt 0.638005 0.979895
vt 0.638005 0.979895
vt 0.642832 0.979231
vt 0.642359 0.975066
vt 0.353923 0.937836
vt 0.358767 0.957817
vt 0.358767 0.937829
vt 0.956155 0.902247
vt 0.953398 0.902242
vt 0.956155 0.922781
vt 0.630762 0.639724
vt 0.627316 0.662466
vt 0.630762 0.662467
vt 0.953398 0.922777
vt 0.956155 0.922781
vt 0.953398 0.902242
vt 0.891077 0.353760
vt 0.891077 0.308964
vt 0.882806 0.308965
vt 0.882806 0.308965
vt 0.882806 0.353761
vt 0.891077 0.353760
vt 0.823452 0.204554
vt 0.837236 0.204552
vt 0.823452 0.159758
vt 0.997036 0.770360
vt 0.993590 0.767603
vt 0.993591 0.770360
vt 0.081765 0.393809
vt 0.079016 0.372381
vt 0.079016 0.392916
vt 0.993590 0.767603
vt 0.997036 0.770360
vt 0.997036 0.767603
vt 0.736292 0.218690
vt 0.687354 0.244872
vt 0.736292 0.246946
vt 0.768570 0.105127
vt 0.800968 0.105127
vt 0.771703 0.054869
vt 0.925901 0.485880
vt 0.932793 0.487255
vt 0.932793 0.454873
vt 0.770780 0.273397
vt 0.770780 0.323724
vt 0.776960 0.274190
vt 0.932793 0.454873
vt 0.926583 0.456245
vt 0.925901 0.485880
vt 0.799953 0.055470
vt 0.771703 0.054869
vt 0.800968 0.105127
vt 0.804305 0.625185
vt 0.797348 0.624515
vt 0.797348 0.674148
vt 0.797348 0.674148
vt 0.804304 0.674129
vt 0.804305 0.625185
vt 0.765923 0.909275
vt 0.758336 0.909858
vt 0.765925 0.921721
vt 0.668937 0.293797
vt 0.668937 0.322056
vt 0.675816 0.320676
vt 0.777606 0.323150
vt 0.776960 0.274190
vt 0.770780 0.323724
vt 0.675816 0.320676
vt 0.675816 0.295174
vt 0.668937 0.293797
vt 0.954486 0.183510
vt 0.953801 0.173172
vt 0.946215 0.173161
vt 0.946215 0.173161
vt 0.946216 0.183508
vt 0.954486 0.183510
vt 0.946215 0.195234
vt 0.954486 0.183510
vt 0.946216 0.183508
vt 0.954486 0.183510
vt 0.946215 0.195234
vt 0.954486 0.195236
vt 0.225298 0.974877
vt 0.225298 0.992806
vt 0.229433 0.974878
vt 0.714196 0.934107
vt 0.706614 0.934104
vt 0.714192 0.944446
vt 0.787618 0.330214
vt 0.780037 0.380460
vt 0.787618 0.380458
vt 0.561983 0.776227
vt 0.572322 0.776227
vt 0.572322 0.725921
vt 0.572322 0.725921
vt 0.561983 0.725920
vt 0.561983 0.776227
vt 0.480229 0.619799
vt 0.480220 0.628767
vt 0.486422 0.626700
vt 0.480229 0.619799
vt 0.486422 0.626700
vt 0.490557 0.619120
vt 0.705926 0.944439
vt 0.714192 0.944446
vt 0.706614 0.934104
vt 0.780037 0.380460
vt 0.787618 0.330214
vt 0.780037 0.330215
vt 0.310375 0.207352
vt 0.304202 0.207342
vt 0.310356 0.254919
vt 0.480220 0.656334
vt 0.486422 0.626700
vt 0.480220 0.628767
vt 0.480909 0.656334
vt 0.486422 0.626700
vt 0.480220 0.628767
vt 0.301875 0.686664
vt 0.303672 0.734220
vt 0.325127 0.733532
vt 0.325127 0.733532
vt 0.327062 0.686664
vt 0.301875 0.686664
vt 0.490557 0.670119
vt 0.490557 0.619120
vt 0.486422 0.626700
vt 0.304202 0.207342
vt 0.304184 0.256977
vt 0.310356 0.254919
vt 0.486422 0.626700
vt 0.480220 0.656334
vt 0.485733 0.657024
vt 0.486422 0.626700
vt 0.480220 0.656334
vt 0.480229 0.670110
vt 0.486422 0.626700
vt 0.480909 0.656334
vt 0.485733 0.657024
vt 0.480229 0.670110
vt 0.485733 0.657024
vt 0.486422 0.626700
vt 0.486422 0.626700
vt 0.480229 0.670110
vt 0.490557 0.670119
vt 0.714192 0.944446
vt 0.705926 0.944439
vt 0.714196 0.956155
vt 0.572322 0.776227
vt 0.584039 0.777606
vt 0.584039 0.725232
vt 0.584039 0.725232
vt 0.572322 0.725921
vt 0.572322 0.776227
vt 0.705926 0.956152
vt 0.714196 0.956155
vt 0.705926 0.944439
vt 0.490557 0.670119
vt 0.502273 0.618432
vt 0.490557 0.619120
vt 0.990997 0.195542
vt 0.990875 0.192103
vt 0.971540 0.191415
vt 0.997037 0.551498
vt 0.993590 0.551498
vt 0.993591 0.554943
vt 0.971540 0.191415
vt 0.971686 0.195542
vt 0.990997 0.195542
vt 0.971540 0.730822
vt 0.990843 0.730822
vt 0.971541 0.727376
vt 0.993591 0.554943
vt 0.997037 0.554943
vt 0.997037 0.551498
vt 0.990846 0.713708
vt 0.990846 0.710951
vt 0.971540 0.710933
vt 0.971540 0.710933
vt 0.971540 0.714378
vt 0.990846 0.713708
vt 0.345179 0.996214
vt 0.343000 0.996214
vt 0.344525 0.998611
vt 0.058014 0.662468
vt 0.058014 0.682491
vt 0.060073 0.682344
vt 0.435902 0.991304
vt 0.438350 0.991457
vt 0.438350 0.974877
vt 0.060073 0.682344
vt 0.060073 0.662321
vt 0.058014 0.662468
vt 0.971540 0.152888
vt 0.971541 0.154916
vt 0.991530 0.152888
vt 0.011174 0.939346
vt 0.011174 0.959493
vt 0.013349 0.959216
vt 0.013349 0.959216
vt 0.013321 0.939078
vt 0.011174 0.939346
vt 0.362690 0.959493
vt 0.365442 0.959398
vt 0.365442 0.939399
vt 0.302075 0.996903
vt 0.300008 0.996214
vt 0.300008 0.998971
vt 0.365442 0.939399
vt 0.362726 0.939489
vt 0.362690 0.959493
vt 0.965481 0.774269
vt 0.966167 0.754277
vt 0.963413 0.774269
vt 0.300008 0.998971
vt 0.302075 0.998971
vt 0.302075 0.996903
vt 0.839347 0.937956
vt 0.837301 0.937737
vt 0.837301 0.957824
vt 0.991531 0.130350
vt 0.991534 0.128293
vt 0.971543 0.128293
vt 0.971543 0.128293
vt 0.971540 0.130350
vt 0.991531 0.130350
vt 0.334570 0.996214
vt 0.334570 0.998394
vt 0.336096 0.998612
vt 0.767594 0.939406
vt 0.765528 0.959493
vt 0.767590 0.959418
vt 0.334570 0.996214
vt 0.336096 0.998612
vt 0.336749 0.996214
vt 0.955806 0.083434
vt 0.957824 0.083225
vt 0.957824 0.063125
vt 0.957824 0.063125
vt 0.955806 0.063334
vt 0.955806 0.083434
vt 0.993591 0.813491
vt 0.997032 0.813491
vt 0.997032 0.810735
vt 0.404824 0.974878
vt 0.402067 0.974877
vt 0.404824 0.992794
vt 0.997032 0.810735
vt 0.993590 0.810735
vt 0.993591 0.813491
vt 0.268517 0.992798
vt 0.272652 0.974877
vt 0.269206 0.974877
vt 0.142420 0.975009
vt 0.138976 0.974877
vt 0.138976 0.992809
vt 0.402067 0.992794
vt 0.404824 0.992794
vt 0.402067 0.974877
vt 0.138976 0.992809
vt 0.142420 0.992941
vt 0.142420 0.975009
vt 0.387690 0.992796
vt 0.390447 0.974877
vt 0.387690 0.974878
vt 0.272652 0.974877
vt 0.268517 0.992798
vt 0.272652 0.992797
vt 0.382556 0.731439
vt 0.382530 0.734220
vt 0.400448 0.734220
vt 0.067183 0.909431
vt 0.085103 0.909432
vt 0.085103 0.867395
vt 0.400448 0.734220
vt 0.400484 0.731431
vt 0.382556 0.731439
vt 0.585708 0.857435
vt 0.582951 0.896667
vt 0.585708 0.899420
vt 0.085103 0.867395
vt 0.067183 0.867394
vt 0.067183 0.909431
vt 0.387690 0.992796
vt 0.390443 0.992786
vt 0.390447 0.974877
vt 0.997726 0.332700
vt 0.993590 0.332701
vt 0.997726 0.336146
vt 0.990843 0.727376
vt 0.971541 0.727376
vt 0.990843 0.730822
vt 0.347215 0.998394
vt 0.349394 0.996214
vt 0.347215 0.996214
vt 0.993590 0.335457
vt 0.997726 0.336146
vt 0.993590 0.332701
vt 0.349394 0.996214
vt 0.347215 0.998394
vt 0.349394 0.998394
vt 0.993590 0.856737
vt 0.996432 0.856737
vt 0.996265 0.854564
vt 0.963410 0.754277
vt 0.963413 0.774269
vt 0.966167 0.754277
vt 0.996265 0.854564
vt 0.994259 0.854063
vt 0.993590 0.856737
vt 0.824329 0.441632
vt 0.816058 0.441619
vt 0.824329 0.488924
vt 0.502273 0.618432
vt 0.490557 0.670119
vt 0.502273 0.670810
vt 0.816058 0.488911
vt 0.824329 0.488924
vt 0.816058 0.441619
vt 0.229433 0.992806
vt 0.229433 0.974878
vt 0.225298 0.992806
vt 0.990848 0.206484
vt 0.971635 0.203374
vt 0.971540 0.206484
vt 0.971635 0.203374
vt 0.990848 0.206484
vt 0.990951 0.203048
vt 0.892548 0.962775
vt 0.894414 0.942833
vt 0.892548 0.942778
vt 0.894414 0.942833
vt 0.892548 0.962775
vt 0.894414 0.962830
vt 0.955682 0.021392
vt 0.957824 0.001515
vt 0.956298 0.001300
vt 0.765528 0.959493
vt 0.767594 0.939406
vt 0.765528 0.939476
vt 0.932794 0.937808
vt 0.930747 0.957751
vt 0.932794 0.957824
vt 0.957824 0.001515
vt 0.955682 0.021392
vt 0.957824 0.021693
vt 0.993595 0.527413
vt 0.993590 0.530170
vt 0.996702 0.530170
vt 0.993595 0.527413
vt 0.996702 0.530170
vt 0.997328 0.527413
vt 0.882733 0.554424
vt 0.880665 0.556910
vt 0.882733 0.592382
vt 0.400478 0.694215
vt 0.382556 0.731439
vt 0.400484 0.731431
vt 0.582951 0.896667
vt 0.585708 0.857435
vt 0.582951 0.859500
vt 0.777748 0.676932
vt 0.776459 0.700325
vt 0.782612 0.702515
vt 0.782612 0.675630
vt 0.777748 0.676932
vt 0.782612 0.702515
vt 0.449166 0.530094
vt 0.420908 0.559296
vt 0.420910 0.583268
vt 0.420910 0.583268
vt 0.482249 0.607306
vt 0.449166 0.530094
vt 0.879976 0.590511
vt 0.882733 0.592382
vt 0.880665 0.556910
vt 0.382556 0.731439
vt 0.400478 0.694215
vt 0.382559 0.694215
vt 0.480229 0.670110
vt 0.485733 0.657024
vt 0.480220 0.656334
vt 0.809311 0.058273
vt 0.804479 0.105124
vt 0.809307 0.105127
vt 0.890569 0.014055
vt 0.895395 0.014732
vt 0.896083 0.012677
vt 0.420908 0.559296
vt 0.370596 0.555810
vt 0.371283 0.557974
vt 0.804479 0.105124
vt 0.809311 0.058273
vt 0.804479 0.055508
vt 0.370596 0.555810
vt 0.420908 0.559296
vt 0.449166 0.530094
vt 0.932794 0.937808
vt 0.930727 0.937742
vt 0.930747 0.957751
vt 0.164808 0.463894
vt 0.166832 0.463757
vt 0.166868 0.443718
vt 0.357824 0.998394
vt 0.357823 0.996214
vt 0.355644 0.996214
vt 0.166868 0.443718
vt 0.164808 0.443859
vt 0.164808 0.463894
vt 0.971540 0.066741
vt 0.991536 0.066741
vt 0.971541 0.064674
vt 0.355644 0.996214
vt 0.356298 0.998176
vt 0.357824 0.998394
vt 0.003337 0.941152
vt 0.001271 0.941084
vt 0.001281 0.961090
vt 0.001281 0.961090
vt 0.003337 0.961161
vt 0.003337 0.941152
vt 0.957429 0.543991
vt 0.959493 0.543920
vt 0.959493 0.523921
vt 0.996673 0.832142
vt 0.993590 0.832142
vt 0.994515 0.833991
vt 0.959493 0.523921
vt 0.957429 0.523991
vt 0.957429 0.543991
vt 0.971540 0.079054
vt 0.991532 0.079054
vt 0.971540 0.076987
vt 0.994515 0.833991
vt 0.996364 0.833067
vt 0.996673 0.832142
vt 0.960762 0.567352
vt 0.962830 0.567351
vt 0.962830 0.547360
vt 0.962830 0.547360
vt 0.960093 0.547354
vt 0.960762 0.567352
vt 0.959098 0.131826
vt 0.961125 0.131759
vt 0.961161 0.111756
vt 0.362038 0.998394
vt 0.362038 0.996214
vt 0.359859 0.996214
vt 0.961161 0.111756
vt 0.959098 0.111827
vt 0.959098 0.131826
vt 0.971540 0.083161
vt 0.991532 0.083161
vt 0.971540 0.081094
vt 0.359859 0.996214
vt 0.360513 0.998176
vt 0.362038 0.998394
vt 0.546240 0.966167
vt 0.548997 0.966167
vt 0.548316 0.946176
vt 0.548316 0.946176
vt 0.546258 0.946172
vt 0.546240 0.966167
vt 0.315381 0.939505
vt 0.311251 0.939504
vt 0.311251 0.959492
vt 0.395478 0.964498
vt 0.395478 0.944511
vt 0.392032 0.964499
vt 0.311251 0.959492
vt 0.315381 0.959492
vt 0.315381 0.939505
vt 0.997725 0.382033
vt 0.993590 0.385479
vt 0.997725 0.385479
vt 0.993590 0.904346
vt 0.995770 0.904346
vt 0.996424 0.902384
vt 0.996424 0.902384
vt 0.994244 0.902384
vt 0.993590 0.904346
vt 0.413204 0.998282
vt 0.415272 0.998282
vt 0.415272 0.996214
vt 0.991537 0.064674
vt 0.971541 0.064674
vt 0.991536 0.066741
vt 0.415272 0.996214
vt 0.413204 0.996214
vt 0.413204 0.998282
vt 0.384483 0.998282
vt 0.386550 0.998282
vt 0.386550 0.996214
vt 0.991537 0.076983
vt 0.971540 0.076987
vt 0.991532 0.079054
vt 0.386550 0.996214
vt 0.385172 0.996214
vt 0.384483 0.998282
vt 0.203603 0.996214
vt 0.201536 0.996215
vt 0.201536 0.998971
vt 0.991536 0.081090
vt 0.971540 0.081094
vt 0.991532 0.083161
vt 0.201536 0.998971
vt 0.202914 0.998282
vt 0.203603 0.996214
vt 0.993590 0.232009
vt 0.997726 0.232009
vt 0.993591 0.228563
vt 0.392032 0.944511
vt 0.392032 0.964499
vt 0.395478 0.944511
vt 0.952818 0.308661
vt 0.952132 0.298324
vt 0.944550 0.298322
vt 0.944550 0.298322
vt 0.944547 0.308659
vt 0.952818 0.308661
vt 0.757652 0.922006
vt 0.765925 0.921721
vt 0.758336 0.909858
vt 0.952818 0.320387
vt 0.952818 0.308661
vt 0.944547 0.308659
vt 0.944547 0.308659
vt 0.944547 0.320385
vt 0.952818 0.320387
vt 0.962830 0.305405
vt 0.959384 0.305405
vt 0.959384 0.325393
vt 0.993590 0.385479
vt 0.997725 0.382033
vt 0.993591 0.382033
vt 0.959384 0.325393
vt 0.962830 0.325393
vt 0.962830 0.305405
vt 0.997726 0.479962
vt 0.994279 0.482715
vt 0.997725 0.482715
vt 0.345984 0.974877
vt 0.342538 0.974877
vt 0.342538 0.992797
vt 0.335021 0.992797
vt 0.334333 0.974877
vt 0.331576 0.974877
vt 0.342538 0.992797
vt 0.345984 0.992797
vt 0.345984 0.974877
vt 0.331576 0.974877
vt 0.331576 0.992797
vt 0.335021 0.992797
vt 0.373324 0.974907
vt 0.373324 0.992826
vt 0.376070 0.974877
vt 0.994279 0.482715
vt 0.997726 0.479962
vt 0.993590 0.479962
vt 0.304798 0.974877
vt 0.307607 0.992798
vt 0.307563 0.974879
vt 0.237640 0.974877
vt 0.237640 0.992806
vt 0.241775 0.974878
vt 0.997726 0.228563
vt 0.993591 0.228563
vt 0.997726 0.232009
vt 0.318524 0.959379
vt 0.320062 0.939451
vt 0.318524 0.939355
vt 0.320062 0.939451
vt 0.318524 0.959379
vt 0.320387 0.959492
vt 0.347514 0.934367
vt 0.348755 0.914418
vt 0.347839 0.914345
vt 0.348755 0.914418
vt 0.347514 0.934367
vt 0.348755 0.934462
vt 0.489055 0.959397
vt 0.490593 0.939468
vt 0.489055 0.939372
vt 0.490593 0.939468
vt 0.489055 0.959397
vt 0.490593 0.959493
vt 0.783885 0.383834
vt 0.783885 0.403821
vt 0.787618 0.383828
vt 0.787618 0.403815
vt 0.787618 0.383828
vt 0.783885 0.403821
vt 0.993595 0.401254
vt 0.997041 0.401254
vt 0.997726 0.398143
vt 0.997726 0.398143
vt 0.993590 0.398143
vt 0.993595 0.401254
vt 0.376070 0.992796
vt 0.376070 0.974877
vt 0.373324 0.992826
vt 0.307607 0.992798
vt 0.304798 0.974877
vt 0.304153 0.992798
vt 0.241775 0.992806
vt 0.241775 0.974878
vt 0.237640 0.992806
vt 0.320387 0.025862
vt 0.309012 0.108464
vt 0.319898 0.108009
vt 0.275450 0.288696
vt 0.378351 0.293688
vt 0.365325 0.275841
vt 0.309012 0.108464
vt 0.320387 0.025862
vt 0.309012 0.025030
vt 0.365325 0.275841
vt 0.287800 0.272093
vt 0.275450 0.288696
vt 0.143507 0.453588
vt 0.120741 0.448040
vt 0.120753 0.451151
vt 0.120741 0.448040
vt 0.143507 0.453588
vt 0.143473 0.444877
vt 0.120741 0.448040
vt 0.143473 0.444877
vt 0.103128 0.354000
vt 0.103128 0.354000
vt 0.079728 0.362766
vt 0.120741 0.448040
vt 0.711726 0.194579
vt 0.711726 0.215256
vt 0.715865 0.215260
vt 0.735865 0.979847
vt 0.740056 0.979750
vt 0.740056 0.974877
vt 0.715865 0.215260
vt 0.715865 0.194583
vt 0.711726 0.194579
vt 0.717534 0.036057
vt 0.712679 0.036058
vt 0.712679 0.056735
vt 0.740056 0.974877
vt 0.735865 0.974975
vt 0.735865 0.979847
vt 0.712679 0.056735
vt 0.717534 0.056734
vt 0.717534 0.036057
vt 0.643389 0.586724
vt 0.643389 0.607400
vt 0.647449 0.586715
vt 0.994280 0.449177
vt 0.997726 0.449177
vt 0.997726 0.446420
vt 0.699758 0.165199
vt 0.702515 0.165200
vt 0.702515 0.142458
vt 0.993590 0.446420
vt 0.994280 0.449177
vt 0.997726 0.446420
vt 0.702515 0.142458
vt 0.699069 0.142458
vt 0.699758 0.165199
vt 0.634099 0.498936
vt 0.634099 0.476186
vt 0.629964 0.498936
vt 0.275333 0.937289
vt 0.271886 0.937284
vt 0.275333 0.957824
vt 0.903377 0.672479
vt 0.926119 0.636638
vt 0.903377 0.636639
vt 0.353761 0.582261
vt 0.353761 0.559547
vt 0.350323 0.559657
vt 0.078319 0.485188
vt 0.081765 0.518960
vt 0.081765 0.483121
vt 0.350323 0.559657
vt 0.350323 0.582370
vt 0.353761 0.582261
vt 0.271886 0.957818
vt 0.275333 0.957824
vt 0.271886 0.937284
vt 0.135735 0.481199
vt 0.138501 0.503934
vt 0.138501 0.481191
vt 0.723412 0.974877
vt 0.723412 0.979751
vt 0.727603 0.979849
vt 0.727603 0.979849
vt 0.727603 0.974975
vt 0.723412 0.974877
vt 0.647449 0.607392
vt 0.647449 0.586715
vt 0.643389 0.607400
vt 0.720063 0.165200
vt 0.724208 0.165196
vt 0.724208 0.144519
vt 0.724208 0.144519
vt 0.720063 0.144523
vt 0.720063 0.165200
vt 0.997726 0.237491
vt 0.997726 0.234045
vt 0.994280 0.234045
vt 0.997726 0.237491
vt 0.994280 0.234045
vt 0.993590 0.237491
vt 0.629964 0.476187
vt 0.629964 0.498936
vt 0.634099 0.476186
vt 0.926119 0.636638
vt 0.903377 0.672479
vt 0.926119 0.672478
vt 0.141729 0.504817
vt 0.141729 0.540653
vt 0.144486 0.538585
vt 0.144486 0.538585
vt 0.145175 0.506884
vt 0.141729 0.504817
vt 0.138501 0.503934
vt 0.135735 0.481199
vt 0.135046 0.503942
vt 0.765925 0.290351
vt 0.736292 0.272445
vt 0.687357 0.274516
vt 0.765925 0.921721
vt 0.757652 0.922006
vt 0.757655 0.934451
vt 0.757655 0.934451
vt 0.765925 0.934462
vt 0.765925 0.921721
vt 0.823501 0.957824
vt 0.827667 0.957822
vt 0.827667 0.937834
vt 0.859850 0.974877
vt 0.855545 0.975557
vt 0.855545 0.979749
vt 0.400484 0.624124
vt 0.396345 0.644107
vt 0.400484 0.644111
vt 0.855545 0.979749
vt 0.859737 0.979749
vt 0.859850 0.974877
vt 0.827667 0.937834
vt 0.823501 0.937836
vt 0.823501 0.957824
vt 0.485587 0.957817
vt 0.481432 0.937836
vt 0.481432 0.957824
vt 0.396345 0.644107
vt 0.400484 0.624124
vt 0.396345 0.624120
vt 0.551612 0.532346
vt 0.551612 0.552334
vt 0.555671 0.552325
vt 0.555671 0.552325
vt 0.555671 0.532337
vt 0.551612 0.532346
vt 0.993590 0.738849
vt 0.993590 0.741606
vt 0.997037 0.738849
vt 0.946143 0.925098
vt 0.943386 0.947812
vt 0.946143 0.947811
vt 0.702407 0.662467
vt 0.705853 0.662467
vt 0.705853 0.639726
vt 0.705853 0.639726
vt 0.702407 0.639726
vt 0.702407 0.662467
vt 0.230866 0.334001
vt 0.233616 0.355429
vt 0.233616 0.334895
vt 0.081765 0.518960
vt 0.078319 0.485188
vt 0.079009 0.516892
vt 0.997037 0.741606
vt 0.997037 0.738849
vt 0.993590 0.741606
vt 0.695841 0.216929
vt 0.695841 0.194186
vt 0.692395 0.194185
vt 0.943386 0.947812
vt 0.946143 0.925098
vt 0.943386 0.925098
vt 0.692395 0.194185
vt 0.692395 0.216928
vt 0.695841 0.216929
vt 0.245296 0.937289
vt 0.242539 0.937285
vt 0.245296 0.957824
vt 0.242539 0.957820
vt 0.245296 0.957824
vt 0.242539 0.937285
vt 0.821804 0.979750
vt 0.821804 0.975558
vt 0.817498 0.974877
vt 0.817498 0.974877
vt 0.817611 0.979749
vt 0.821804 0.979750
vt 0.481432 0.937836
vt 0.485587 0.957817
vt 0.485587 0.937829
vt 0.997036 0.765568
vt 0.993590 0.762811
vt 0.993591 0.765568
vt 0.233616 0.355429
vt 0.230866 0.334001
vt 0.230866 0.354536
vt 0.993590 0.762811
vt 0.997036 0.765568
vt 0.997036 0.762811
vt 0.939468 0.130151
vt 0.916725 0.130149
vt 0.939468 0.161862
vt 0.916725 0.161860
vt 0.939468 0.161862
vt 0.916725 0.130149
vt 0.108132 0.049820
vt 0.073701 0.078775
vt 0.141914 0.078765
vt 0.073701 0.078775
vt 0.146729 0.123564
vt 0.141914 0.078765
vt 0.939468 0.069015
vt 0.932554 0.068344
vt 0.939468 0.091759
vt 0.932554 0.068344
vt 0.932554 0.091778
vt 0.939468 0.091759
vt 0.530920 0.974877
vt 0.525157 0.979970
vt 0.530920 0.982316
vt 0.023362 0.912699
vt 0.015772 0.912691
vt 0.023362 0.936131
vt 0.015772 0.912691
vt 0.015772 0.936123
vt 0.023362 0.936131
vt 0.937110 0.635696
vt 0.929529 0.635698
vt 0.937110 0.659128
vt 0.929529 0.635698
vt 0.929529 0.659130
vt 0.937110 0.659128
vt 0.937102 0.283596
vt 0.930218 0.283606
vt 0.937102 0.307028
vt 0.930218 0.283606
vt 0.930218 0.307038
vt 0.937102 0.307028
vt 0.935434 0.710779
vt 0.928542 0.710781
vt 0.935434 0.734211
vt 0.928542 0.710781
vt 0.928542 0.734213
vt 0.935434 0.734211
vt 0.937102 0.740816
vt 0.930210 0.740817
vt 0.937102 0.764248
vt 0.930210 0.740817
vt 0.930900 0.764249
vt 0.937102 0.764248
vt 0.119234 0.935900
vt 0.126123 0.936101
vt 0.119234 0.912458
vt 0.126123 0.936101
vt 0.126123 0.912659
vt 0.119234 0.912458
vt 0.952818 0.002285
vt 0.943170 0.025030
vt 0.952818 0.025030
vt 0.952818 0.002285
vt 0.943170 0.002286
vt 0.943170 0.025030
vt 0.649118 0.930073
vt 0.638781 0.930073
vt 0.649118 0.952817
vt 0.638781 0.930073
vt 0.638781 0.952818
vt 0.649118 0.952817
vt 0.941501 0.270943
vt 0.951149 0.293688
vt 0.951149 0.270943
vt 0.941501 0.270943
vt 0.941501 0.293688
vt 0.951149 0.293688
vt 0.933765 0.802607
vt 0.926884 0.778973
vt 0.926884 0.802415
vt 0.933765 0.802607
vt 0.933765 0.779165
vt 0.926884 0.778973
vt 0.430520 0.202636
vt 0.423629 0.253640
vt 0.430520 0.253640
vt 0.430520 0.202636
vt 0.423629 0.202636
vt 0.423629 0.253640
vt 0.990838 0.279123
vt 0.971540 0.279123
vt 0.971540 0.279812
vt 0.997103 0.065694
vt 0.997783 0.069772
vt 0.997783 0.065580
vt 0.321188 0.996214
vt 0.320524 0.998613
vt 0.321188 0.998798
vt 0.990838 0.285297
vt 0.971540 0.285297
vt 0.971540 0.285987
vt 0.997103 0.047011
vt 0.997783 0.051090
vt 0.997783 0.046898
vt 0.635071 0.930066
vt 0.626111 0.952810
vt 0.635071 0.952809
vt 0.635071 0.930066
vt 0.625422 0.930068
vt 0.626111 0.952810
vt 0.702515 0.928396
vt 0.693560 0.928126
vt 0.701827 0.951128
vt 0.693560 0.928126
vt 0.693560 0.950879
vt 0.701827 0.951128
vt 0.533293 0.919374
vt 0.526401 0.919374
vt 0.533978 0.942806
vt 0.526401 0.919374
vt 0.526397 0.942806
vt 0.533978 0.942806
vt 0.938094 0.096713
vt 0.931202 0.096713
vt 0.938779 0.120145
vt 0.931202 0.096713
vt 0.931198 0.120145
vt 0.938779 0.120145
vt 0.901089 0.907691
vt 0.896265 0.931125
vt 0.901089 0.931125
vt 0.901089 0.907691
vt 0.896954 0.908380
vt 0.896265 0.931125
vt 0.991516 0.177054
vt 0.991540 0.176366
vt 0.971540 0.176366
vt 0.323887 0.998798
vt 0.323887 0.996214
vt 0.323223 0.998613
vt 0.805078 0.002968
vt 0.805954 0.051206
vt 0.810980 0.002087
vt 0.790956 0.355561
vt 0.790267 0.355531
vt 0.790267 0.403821
vt 0.642342 0.321031
vt 0.642443 0.294804
vt 0.642308 0.320342
vt 0.259170 0.867532
vt 0.259170 0.899956
vt 0.264748 0.868677
vt 0.259170 0.899956
vt 0.260796 0.906095
vt 0.264748 0.868677
vt 0.435056 0.271995
vt 0.440532 0.271995
vt 0.437681 0.221733
vt 0.483918 0.530019
vt 0.458653 0.545503
vt 0.483918 0.587376
vt 0.868865 0.789069
vt 0.868865 0.827667
vt 0.874390 0.820775
vt 0.997037 0.177278
vt 0.997037 0.180724
vt 0.997726 0.180724
vt 0.997037 0.177278
vt 0.993590 0.181413
vt 0.997037 0.180724
vt 0.990838 0.473630
vt 0.971540 0.473650
vt 0.990839 0.474320
vt 0.218670 0.442725
vt 0.219359 0.480581
vt 0.219359 0.429648
vt 0.023096 0.685829
vt 0.028368 0.684071
vt 0.023096 0.657717
vt 0.181952 0.184909
vt 0.142008 0.202836
vt 0.221879 0.237281
vt 0.142008 0.202836
vt 0.181925 0.280709
vt 0.221879 0.237281
vt 0.148585 0.476243
vt 0.149275 0.487255
vt 0.149275 0.436323
vt 0.890569 0.014055
vt 0.889880 0.042987
vt 0.895395 0.014732
vt 0.889880 0.042987
vt 0.896083 0.045054
vt 0.895395 0.014732
vt 0.486422 0.626700
vt 0.480220 0.628767
vt 0.480229 0.670110
vt 0.779347 0.371512
vt 0.780037 0.380460
vt 0.780037 0.330215
vt 0.779347 0.371512
vt 0.780037 0.330215
vt 0.779347 0.343981
vt 0.889880 0.042987
vt 0.895395 0.014732
vt 0.889880 0.001650
vt 0.509447 0.984448
vt 0.509447 0.974877
vt 0.508951 0.976761
vt 0.952818 0.088440
vt 0.943170 0.065695
vt 0.943170 0.088440
vt 0.952818 0.088440
vt 0.952818 0.065695
vt 0.943170 0.065695
vt 0.153207 0.896452
vt 0.156856 0.907763
vt 0.150123 0.869052
vt 0.680822 0.822628
vt 0.673242 0.829518
vt 0.678764 0.834335
vt 0.904912 0.974877
vt 0.905025 0.978390
vt 0.908991 0.979749
vt 0.905025 0.978390
vt 0.904912 0.979070
vt 0.908991 0.979749
vt 0.990838 0.303821
vt 0.971540 0.304510
vt 0.990838 0.304510
vt 0.990838 0.303821
vt 0.971540 0.303821
vt 0.971540 0.304510
vt 0.884421 0.978390
vt 0.880455 0.979750
vt 0.884534 0.979070
vt 0.927788 0.887739
vt 0.927788 0.863975
vt 0.917871 0.884739
vt 0.304291 0.912697
vt 0.304291 0.936131
vt 0.327057 0.913369
vt 0.304291 0.936131
vt 0.327062 0.936110
vt 0.327057 0.913369
vt 0.683992 0.949304
vt 0.690835 0.926728
vt 0.680882 0.926471
vt 0.683992 0.949304
vt 0.690835 0.949480
vt 0.690835 0.926728
vt 0.739009 0.837862
vt 0.745901 0.804782
vt 0.739009 0.803402
vt 0.739009 0.837862
vt 0.744532 0.842679
vt 0.745901 0.804782
vt 0.096856 0.463582
vt 0.097545 0.473906
vt 0.097545 0.422973
f 1/1 2/2 3/3
f 4/4 5/5 6/6
f 7/7 8/8 9/9
f 10/10 11/11 12/12
f 13/13 14/14 15/15
f 16/16 17/17 18/18
f 19/19 20/20 21/21
f 22/22 23/23 24/24
f 25/25 26/26 27/27
f 28/28 29/29 30/30
f 31/31 32/32 33/33
f 34/34 35/35 36/36
f 37/37 38/38 39/39
f 40/40 41/41 42/42
f 43/43 44/44 45/45
f 46/46 47/47 48/48
f 49/49 50/50 51/51
f 52/52 53/53 54/54
f 55/55 56/56 57/57
f 58/58 59/59 60/60
f 61/61 62/62 63/63
f 64/64 65/65 66/66
f 67/67 68/68 69/69
f 70/70 71/71 72/72
f 73/73 74/74 75/75
f 76/76 77/77 78/78
f 79/79 80/80 81/81
f 82/82 83/83 84/84
f 85/85 86/86 87/87
f 88/88 89/89 90/90
f 91/91 92/92 93/93
f 94/94 95/95 96/96
f 97/97 98/98 99/99
f 100/100 101/101 102/102
f 103/103 104/104 105/105
f 106/106 107/107 108/108
f 109/109 110/110 111/111
f 112/112 113/113 114/114
f 115/115 116/116 117/117
f 118/118 119/119 120/120
f 121/121 122/122 123/123
f 124/124 125/125 126/126
f 127/127 128/128 129/129
f 130/130 131/131 132/132
f 133/133 134/134 135/135
f 136/136 137/137 138/138
f 139/139 140/140 141/141
f 142/142 143/143 144/144
f 145/145 146/146 147/147
f 148/148 149/149 150/150
f 151/151 152/152 153/153
f 154/154 155/155 156/156
f 157/157 158/158 159/159
f 160/160 161/161 162/162
f 163/163 164/164 165/165
f 166/166 167/167 168/168
f 169/169 170/170 171/171
f 172/172 173/173 174/174
f 175/175 176/176 177/177
f 178/178 179/179 180/180
f 181/181 182/182 183/183
f 184/184 185/185 186/186
f 187/187 188/188 189/189
f 190/190 191/191 192/192
f 193/193 194/194 195/195
f 196/196 197/197 198/198
f 199/199 200/200 201/201
f 202/202 203/203 204/204
f 205/205 206/206 207/207
f 208/208 209/209 210/210
f 211/211 212/212 213/213
f 214/214 215/215 216/216
f 217/217 218/218 219/219
f 220/220 221/221 222/222
f 223/223 224/224 225/225
f 226/226 227/227 228/228
f 229/229 230/230 231/231
f 232/232 233/233 234/234
f 235/235 236/236 237/237
f 238/238 239/239 240/240
f 241/241 242/242 243/243
f 244/244 245/245 246/246
f 247/247 248/248 249/249
f 250/250 251/251 252/252
f 253/253 254/254 255/255
f 256/256 257/257 258/258
f 259/259 260/260 261/261
f 262/262 263/263 264/264
f 265/265 266/266 267/267
f 268/268 269/269 270/270
f 271/271 272/272 273/273
f 274/274 275/275 276/276
f 277/277 278/278 279/279
f 280/280 281/281 282/282
f 283/283 284/284 285/285
f 286/286 287/287 288/288
f 289/289 290/290 291/291
f 292/292 293/293 294/294
f 295/295 296/296 297/297
f 298/298 299/299 300/300
f 301/301 302/302 303/303
f 304/304 305/305 306/306
f 307/307 308/308 309/309
f 310/310 311/311 312/312
f 313/313 314/314 315/315
f 316/316 317/317 318/318
f 319/319 320/320 321/321
f 322/322 323/323 324/324
f 325/325 326/326 327/327
f 328/328 329/329 330/330
f 331/331 332/332 333/333
f 334/334 335/335 336/336
f 337/337 338/338 339/339
f 340/340 341/341 342/342
f 343/343 344/344 345/345
f 346/346 347/347 348/348
f 349/349 350/350 351/351
f 352/352 353/353 354/354
f 355/355 356/356 357/357
f 358/358 359/359 360/360
f 361/361 362/362 363/363
f 364/364 365/365 366/366
f 367/367 368/368 369/369
f 370/370 371/371 372/372
f 373/373 374/374 375/375
f 376/376 377/377 378/378
f 379/379 380/380 381/381
f 382/382 383/383 384/384
f 385/385 386/386 387/387
f 388/388 389/389 390/390
f 391/391 392/392 393/393
f 394/394 395/395 396/396
f 397/397 398/398 399/399
f 400/400 401/401 402/402
f 403/403 404/404 405/405
f 406/406 407/407 408/408
f 409/409 410/410 411/411
f 412/412 413/413 414/414
f 415/415 416/416 417/417
f 418/418 419/419 420/420
f 421/421 422/422 423/423
f 424/424 425/425 426/426
f 427/427 428/428 429/429
f 430/430 431/431 432/432
f 433/433 434/434 435/435
f 436/436 437/437 438/438
f 439/439 440/440 441/441
f 442/442 443/443 444/444
f 445/445 446/446 447/447
f 448/448 449/449 450/450
f 451/451 452/452 453/453
f 454/454 455/455 456/456
f 457/457 458/458 459/459
f 460/460 461/461 462/462
f 463/463 464/464 465/465
f 466/466 467/467 468/468
f 469/469 470/470 471/471
f 472/472 473/473 474/474
f 475/475 476/476 477/477
f 478/478 479/479 480/480
f 481/481 482/482 483/483
f 484/484 485/485 486/486
f 487/487 488/488 489/489
f 490/490 491/491 492/492
f 493/493 494/494 495/495
f 496/496 497/497 498/498
f 499/499 500/500 501/501
f 502/502 503/503 504/504
f 505/505 506/506 507/507
f 508/508 509/509 510/510
f 511/511 512/512 513/513
f 514/514 515/515 516/516
f 517/517 518/518 519/519
f 520/520 521/521 522/522
f 523/523 524/524 525/525
f 526/526 527/527 528/528
f 529/529 530/530 531/531
f 532/532 533/533 534/534
f 535/535 536/536 537/537
f 538/538 539/539 540/540
f 541/541 542/542 543/543
f 544/544 545/545 546/546
f 547/547 548/548 549/549
f 550/550 551/551 552/552
f 553/553 554/554 555/555
f 556/556 557/557 558/558
f 559/559 560/560 561/561
f 562/562 563/563 564/564
f 565/565 566/566 567/567
f 568/568 569/569 570/570
f 571/571 572/572 573/573
f 574/574 575/575 576/576
f 577/577 578/578 579/579
f 580/580 581/581 582/582
f 583/583 584/584 585/585
f 586/586 587/587 588/588
f 589/589 590/590 591/591
f 592/592 593/593 594/594
f 595/595 596/596 597/597
f 598/598 599/599 600/600
f 601/601 602/602 603/603
f 604/604 605/605 606/606
f 607/607 608/608 609/609
f 610/610 611/611 612/612
f 613/613 614/614 615/615
f 616/616 617/617 618/618
f 619/619 620/620 621/621
f 622/622 623/623 624/624
f 625/625 626/626 627/627
f 628/628 629/629 630/630
f 631/631 632/632 633/633
f 634/634 635/635 636/636
f 637/637 638/638 639/639
f 640/640 641/641 642/642
f 643/643 644/644 645/645
f 646/646 647/647 648/648
f 649/649 650/650 651/651
f 652/652 653/653 654/654
f 655/655 656/656 657/657
f 658/658 659/659 660/660
f 661/661 662/662 663/663
f 664/664 665/665 666/666
f 667/667 668/668 669/669
f 670/670 671/671 672/672
f 673/673 674/674 675/675
f 676/676 677/677 678/678
f 679/679 680/680 681/681
f 682/682 683/683 684/684
f 685/685 686/686 687/687
f 688/688 689/689 690/690
f 691/691 692/692 693/693
f 694/694 695/695 696/696
f 697/697 698/698 699/699
f 700/700 701/701 702/702
f 703/703 704/704 705/705
f 706/706 707/707 708/708
f 709/709 710/710 711/711
f 712/712 713/713 714/714
f 715/715 716/716 717/717
f 718/718 719/719 720/720
f 721/721 722/722 723/723
f 724/724 725/725 726/726
f 727/727 728/728 729/729
f 730/730 731/731 732/732
f 733/733 734/734 735/735
f 736/736 737/737 738/738
f 739/739 740/740 741/741
f 742/742 743/743 744/744
f 745/745 746/746 747/747
f 748/748 749/749 750/750
f 751/751 752/752 753/753
f 754/754 755/755 756/756
f 757/757 758/758 759/759
f 760/760 761/761 762/762
f 763/763 764/764 765/765
f 766/766 767/767 768/768
f 769/769 770/770 771/771
f 772/772 773/773 774/774
f 775/775 776/776 777/777
f 778/778 779/779 780/780
f 781/781 782/782 783/783
f 784/784 785/785 786/786
f 787/787 788/788 789/789
f 790/790 791/791 792/792
f 793/793 794/794 795/795
f 796/796 797/797 798/798
f 799/799 800/800 801/801
f 802/802 803/803 804/804
f 805/805 806/806 807/807
f 808/808 809/809 810/810
f 811/811 812/812 813/813
f 814/814 815/815 816/816
f 817/817 818/818 819/819
f 820/820 821/821 822/822
f 823/823 824/824 825/825
f 826/826 827/827 828/828
f 829/829 830/830 831/831
f 832/832 833/833 834/834
f 835/835 836/836 837/837
f 838/838 839/839 840/840
f 841/841 842/842 843/843
f 844/844 845/845 846/846
f 847/847 848/848 849/849
f 850/850 851/851 852/852
f 853/853 854/854 855/855
f 856/856 857/857 858/858
f 859/859 860/860 861/861
f 862/862 863/863 864/864
f 865/865 866/866 867/867
f 868/868 869/869 870/870
f 871/871 872/872 873/873
f 874/874 875/875 876/876
f 877/877 878/878 879/879
f 880/880 881/881 882/882
f 883/883 884/884 885/885
f 886/886 887/887 888/888
f 889/889 890/890 891/891
f 892/892 893/893 894/894
f 895/895 896/896 897/897
f 898/898 899/899 900/900
f 901/901 902/902 903/903
f 904/904 905/905 906/906
f 907/907 908/908 909/909
f 910/910 911/911 912/912
f 913/913 914/914 915/915
f 916/916 917/917 918/918
f 919/919 920/920 921/921
f 922/922 923/923 924/924
f 925/925 926/926 927/927
f 928/928 929/929 930/930
f 931/931 932/932 933/933
f 934/934 935/935 936/936
f 937/937 938/938 939/939
f 940/940 941/941 942/942
f 943/943 944/944 945/945
f 946/946 947/947 948/948
f 949/949 950/950 951/951
f 952/952 953/953 954/954
f 955/955 956/956 957/957
f 958/958 959/959 960/960
f 961/961 962/962 963/963
f 964/964 965/965 966/966
f 967/967 968/968 969/969
f 970/970 971/971 972/972
f 973/973 974/974 975/975
f 976/976 977/977 978/978
f 979/979 980/980 981/981
f 982/982 983/983 984/984
f 985/985 986/986 987/987
f 988/988 989/989 990/990
f 991/991 992/992 993/993
f 994/994 995/995 996/996
f 997/997 998/998 999/999
f 1000/1000 1001/1001 1002/1002
f 1003/1003 1004/1004 1005/1005
f 1006/1006 1007/1007 1008/1008
f 1009/1009 1010/1010 1011/1011
f 1012/1012 1013/1013 1014/1014
f 1015/1015 1016/1016 1017/1017
f 1018/1018 1019/1019 1020/1020
f 1021/1021 1022/1022 1023/1023
f 1024/1024 1025/1025 1026/1026
f 1027/1027 1028/1028 1029/1029
f 1030/1030 1031/1031 1032/1032
f 1033/1033 1034/1034 1035/1035
f 1036/1036 1037/1037 1038/1038
f 1039/1039 1040/1040 1041/1041
f 1042/1042 1043/1043 1044/1044
f 1045/1045 1046/1046 1047/1047
f 1048/1048 1049/1049 1050/1050
f 1051/1051 1052/1052 1053/1053
f 1054/1054 1055/1055 1056/1056
f 1057/1057 1058/1058 1059/1059
f 1060/1060 1061/1061 1062/1062
f 1063/1063 1064/1064 1065/1065
f 1066/1066 1067/1067 1068/1068
f 1069/1069 1070/1070 1071/1071
f 1072/1072 1073/1073 1074/1074
f 1075/1075 1076/1076 1077/1077
f 1078/1078 1079/1079 1080/1080
f 1081/1081 1082/1082 1083/1083
f 1084/1084 1085/1085 1086/1086
f 1087/1087 1088/1088 1089/1089
f 1090/1090 1091/1091 1092/1092
f 1093/1093 1094/1094 1095/1095
f 1096/1096 1097/1097 1098/1098
f 1099/1099 1100/1100 1101/1101
f 1102/1102 1103/1103 1104/1104
f 1105/1105 1106/1106 1107/1107
f 1108/1108 1109/1109 1110/1110
f 1111/1111 1112/1112 1113/1113
f 1114/1114 1115/1115 1116/1116
f 1117/1117 1118/1118 1119/1119
f 1120/1120 1121/1121 1122/1122
f 1123/1123 1124/1124 1125/1125
f 1126/1126 1127/1127 1128/1128
f 1129/1129 1130/1130 1131/1131
f 1132/1132 1133/1133 1134/1134
f 1135/1135 1136/1136 1137/1137
f 1138/1138 1139/1139 1140/1140
f 1141/1141 1142/1142 1143/1143
f 1144/1144 1145/1145 1146/1146
f 1147/1147 1148/1148 1149/1149
f 1150/1150 1151/1151 1152/1152
f 1153/1153 1154/1154 1155/1155
f 1156/1156 1157/1157 1158/1158
f 1159/1159 1160/1160 1161/1161
f 1162/1162 1163/1163 1164/1164
f 1165/1165 1166/1166 1167/1167
f 1168/1168 1169/1169 1170/1170
f 1171/1171 1172/1172 1173/1173
f 1174/1174 1175/1175 1176/1176
f 1177/1177 1178/1178 1179/1179
f 1180/1180 1181/1181 1182/1182
f 1183/1183 1184/1184 1185/1185
f 1186/1186 1187/1187 1188/1188
f 1189/1189 1190/1190 1191/1191
f 1192/1192 1193/1193 1194/1194
f 1195/1195 1196/1196 1197/1197
f 1198/1198 1199/1199 1200/1200
f 1201/1201 1202/1202 1203/1203
f 1204/1204 1205/1205 1206/1206
f 1207/1207 1208/1208 1209/1209
f 1210/1210 1211/1211 1212/1212
f 1213/1213 1214/1214 1215/1215
f 1216/1216 1217/1217 1218/1218
f 1219/1219 1220/1220 1221/1221
f 1222/1222 1223/1223 1224/1224
f 1225/1225 1226/1226 1227/1227
f 1228/1228 1229/1229 1230/1230
f 1231/1231 1232/1232 1233/1233
f 1234/1234 1235/1235 1236/1236
f 1237/1237 1238/1238 1239/1239
f 1240/1240 1241/1241 1242/1242
f 1243/1243 1244/1244 1245/1245
f 1246/1246 1247/1247 1248/1248
f 1249/1249 1250/1250 1251/1251
f 1252/1252 1253/1253 1254/1254
f 1255/1255 1256/1256 1257/1257
f 1258/1258 1259/1259 1260/1260
f 1261/1261 1262/1262 1263/1263
f 1264/1264 1265/1265 1266/1266
f 1267/1267 1268/1268 1269/1269
f 1270/1270 1271/1271 1272/1272
f 1273/1273 1274/1274 1275/1275
f 1276/1276 1277/1277 1278/1278
f 1279/1279 1280/1280 1281/1281
f 1282/1282 1283/1283 1284/1284
f 1285/1285 1286/1286 1287/1287
f 1288/1288 1289/1289 1290/1290
f 1291/1291 1292/1292 1293/1293
f 1294/1294 1295/1295 1296/1296
f 1297/1297 1298/1298 1299/1299
f 1300/1300 1301/1301 1302/1302
f 1303/1303 1304/1304 1305/1305
f 1306/1306 1307/1307 1308/1308
f 1309/1309 1310/1310 1311/1311
f 1312/1312 1313/1313 1314/1314
f 1315/1315 1316/1316 1317/1317
f 1318/1318 1319/1319 1320/1320
f 1321/1321 1322/1322 1323/1323
f 1324/1324 1325/1325 1326/1326
f 1327/1327 1328/1328 1329/1329
f 1330/1330 1331/1331 1332/1332
f 1333/1333 1334/1334 1335/1335
f 1336/1336 1337/1337 1338/1338
f 1339/1339 1340/1340 1341/1341
f 1342/1342 1343/1343 1344/1344
f 1345/1345 1346/1346 1347/1347
f 1348/1348 1349/1349 1350/1350
f 1351/1351 1352/1352 1353/1353
f 1354/1354 1355/1355 1356/1356
f 1357/1357 1358/1358 1359/1359
f 1360/1360 1361/1361 1362/1362
f 1363/1363 1364/1364 1365/1365
f 1366/1366 1367/1367 1368/1368
f 1369/1369 1370/1370 1371/1371
f 1372/1372 1373/1373 1374/1374
f 1375/1375 1376/1376 1377/1377
f 1378/1378 1379/1379 1380/1380
f 1381/1381 1382/1382 1383/1383
f 1384/1384 1385/1385 1386/1386
f 1387/1387 1388/1388 1389/1389
f 1390/1390 1391/1391 1392/1392
f 1393/1393 1394/1394 1395/1395
f 1396/1396 1397/1397 1398/1398
f 1399/1399 1400/1400 1401/1401
f 1402/1402 1403/1403 1404/1404
f 1405/1405 1406/1406 1407/1407
f 1408/1408 1409/1409 1410/1410
f 1411/1411 1412/1412 1413/1413
f 1414/1414 1415/1415 1416/1416
f 1417/1417 1418/1418 1419/1419
f 1420/1420 1421/1421 1422/1422
f 1423/1423 1424/1424 1425/1425
f 1426/1426 1427/1427 1428/1428
f 1429/1429 1430/1430 1431/1431
f 1432/1432 1433/1433 1434/1434
f 1435/1435 1436/1436 1437/1437
f 1438/1438 1439/1439 1440/1440
f 1441/1441 1442/1442 1443/1443
f 1444/1444 1445/1445 1446/1446
f 1447/1447 1448/1448 1449/1449
f 1450/1450 1451/1451 1452/1452
f 1453/1453 1454/1454 1455/1455
f 1456/1456 1457/1457 1458/1458
f 1459/1459 1460/1460 1461/1461
f 1462/1462 1463/1463 1464/1464
f 1465/1465 1466/1466 1467/1467
f 1468/1468 1469/1469 1470/1470
f 1471/1471 1472/1472 1473/1473
f 1474/1474 1475/1475 1476/1476
f 1477/1477 1478/1478 1479/1479
f 1480/1480 1481/1481 1482/1482
f 1483/1483 1484/1484 1485/1485
f 1486/1486 1487/1487 1488/1488
f 1489/1489 1490/1490 1491/1491
f 1492/1492 1493/1493 1494/1494
f 1495/1495 1496/1496 1497/1497
f 1498/1498 1499/1499 1500/1500
f 1501/1501 1502/1502 1503/1503
f 1504/1504 1505/1505 1506/1506
f 1507/1507 1508/1508 1509/1509
f 1510/1510 1511/1511 1512/1512
f 1513/1513 1514/1514 1515/1515
f 1516/1516 1517/1517 1518/1518
f 1519/1519 1520/1520 1521/1521
f 1522/1522 1523/1523 1524/1524
f 1525/1525 1526/1526 1527/1527
f 1528/1528 1529/1529 1530/1530
f 1531/1531 1532/1532 1533/1533
f 1534/1534 1535/1535 1536/1536
f 1537/1537 1538/1538 1539/1539
f 1540/1540 1541/1541 1542/1542
f 1543/1543 1544/1544 1545/1545
f 1546/1546 1547/1547 1548/1548
f 1549/1549 1550/1550 1551/1551
f 1552/1552 1553/1553 1554/1554
f 1555/1555 1556/1556 1557/1557
f 1558/1558 1559/1559 1560/1560
f 1561/1561 1562/1562 1563/1563
f 1564/1564 1565/1565 1566/1566
f 1567/1567 1568/1568 1569/1569
f 1570/1570 1571/1571 1572/1572
f 1573/1573 1574/1574 1575/1575
f 1576/1576 1577/1577 1578/1578
f 1579/1579 1580/1580 1581/1581
f 1582/1582 1583/1583 1584/1584
f 1585/1585 1586/1586 1587/1587
f 1588/1588 1589/1589 1590/1590
f 1591/1591 1592/1592 1593/1593
f 1594/1594 1595/1595 1596/1596
f 1597/1597 1598/1598 1599/1599
f 1600/1600 1601/1601 1602/1602
f 1603/1603 1604/1604 1605/1605
f 1606/1606 1607/1607 1608/1608
f 1609/1609 1610/1610 1611/1611
f 1612/1612 1613/1613 1614/1614
f 1615/1615 1616/1616 1617/1617
f 1618/1618 1619/1619 1620/1620
f 1621/1621 1622/1622 1623/1623
f 1624/1624 1625/1625 1626/1626
f 1627/1627 1628/1628 1629/1629
f 1630/1630 1631/1631 1632/1632
f 1633/1633 1634/1634 1635/1635
f 1636/1636 1637/1637 1638/1638
f 1639/1639 1640/1640 1641/1641
f 1642/1642 1643/1643 1644/1644
f 1645/1645 1646/1646 1647/1647
f 1648/1648 1649/1649 1650/1650
f 1651/1651 1652/1652 1653/1653
f 1654/1654 1655/1655 1656/1656
f 1657/1657 1658/1658 1659/1659
f 1660/1660 1661/1661 1662/1662
f 1663/1663 1664/1664 1665/1665
f 1666/1666 1667/1667 1668/1668
f 1669/1669 1670/1670 1671/1671
f 1672/1672 1673/1673 1674/1674
f 1675/1675 1676/1676 1677/1677
f 1678/1678 1679/1679 1680/1680
f 1681/1681 1682/1682 1683/1683
f 1684/1684 1685/1685 1686/1686
f 1687/1687 1688/1688 1689/1689
f 1690/1690 1691/1691 1692/1692
f 1693/1693 1694/1694 1695/1695
f 1696/1696 1697/1697 1698/1698
f 1699/1699 1700/1700 1701/1701
f 1702/1702 1703/1703 1704/1704
f 1705/1705 1706/1706 1707/1707
f 1708/1708 1709/1709 1710/1710
f 1711/1711 1712/1712 1713/1713
f 1714/1714 1715/1715 1716/1716
f 1717/1717 1718/1718 1719/1719
f 1720/1720 1721/1721 1722/1722
f 1723/1723 1724/1724 1725/1725
f 1726/1726 1727/1727 1728/1728
f 1729/1729 1730/1730 1731/1731
f 1732/1732 1733/1733 1734/1734
f 1735/1735 1736/1736 1737/1737
f 1738/1738 1739/1739 1740/1740
f 1741/1741 1742/1742 1743/1743
f 1744/1744 1745/1745 1746/1746
f 1747/1747 1748/1748 1749/1749
f 1750/1750 1751/1751 1752/1752
f 1753/1753 1754/1754 1755/1755
f 1756/1756 1757/1757 1758/1758
f 1759/1759 1760/1760 1761/1761
f 1762/1762 1763/1763 1764/1764
f 1765/1765 1766/1766 1767/1767
f 1768/1768 1769/1769 1770/1770
f 1771/1771 1772/1772 1773/1773
f 1774/1774 1775/1775 1776/1776
f 1777/1777 1778/1778 1779/1779
f 1780/1780 1781/1781 1782/1782
f 1783/1783 1784/1784 1785/1785
f 1786/1786 1787/1787 1788/1788
f 1789/1789 1790/1790 1791/1791
f 1792/1792 1793/1793 1794/1794
f 1795/1795 1796/1796 1797/1797
f 1798/1798 1799/1799 1800/1800
f 1801/1801 1802/1802 1803/1803
f 1804/1804 1805/1805 1806/1806
f 1807/1807 1808/1808 1809/1809
f 1810/1810 1811/1811 1812/1812
f 1813/1813 1814/1814 1815/1815
f 1816/1816 1817/1817 1818/1818
f 1819/1819 1820/1820 1821/1821
f 1822/1822 1823/1823 1824/1824
f 1825/1825 1826/1826 1827/1827
f 1828/1828 1829/1829 1830/1830
f 1831/1831 1832/1832 1833/1833
f 1834/1834 1835/1835 1836/1836
f 1837/1837 1838/1838 1839/1839
f 1840/1840 1841/1841 1842/1842
f 1843/1843 1844/1844 1845/1845
f 1846/1846 1847/1847 1848/1848
f 1849/1849 1850/1850 1851/1851
f 1852/1852 1853/1853 1854/1854
f 1855/1855 1856/1856 1857/1857
f 1858/1858 1859/1859 1860/1860
f 1861/1861 1862/1862 1863/1863
f 1864/1864 1865/1865 1866/1866
f 1867/1867 1868/1868 1869/1869
f 1870/1870 1871/1871 1872/1872
f 1873/1873 1874/1874 1875/1875
f 1876/1876 1877/1877 1878/1878
f 1879/1879 1880/1880 1881/1881
f 1882/1882 1883/1883 1884/1884
f 1885/1885 1886/1886 1887/1887
f 1888/1888 1889/1889 1890/1890
f 1891/1891 1892/1892 1893/1893
f 1894/1894 1895/1895 1896/1896
f 1897/1897 1898/1898 1899/1899
f 1900/1900 1901/1901 1902/1902
f 1903/1903 1904/1904 1905/1905
f 1906/1906 1907/1907 1908/1908
f 1909/1909 1910/1910 1911/1911
f 1912/1912 1913/1913 1914/1914
f 1915/1915 1916/1916 1917/1917
f 1918/1918 1919/1919 1920/1920
f 1921/1921 1922/1922 1923/1923
f 1924/1924 1925/1925 1926/1926
f 1927/1927 1928/1928 1929/1929
f 1930/1930 1931/1931 1932/1932
f 1933/1933 1934/1934 1935/1935
f 1936/1936 1937/1937 1938/1938
f 1939/1939 1940/1940 1941/1941
f 1942/1942 1943/1943 1944/1944
f 1945/1945 1946/1946 1947/1947
f 1948/1948 1949/1949 1950/1950
f 1951/1951 1952/1952 1953/1953
f 1954/1954 1955/1955 1956/1956
f 1957/1957 1958/1958 1959/1959
f 1960/1960 1961/1961 1962/1962
f 1963/1963 1964/1964 1965/1965
f 1966/1966 1967/1967 1968/1968
f 1969/1969 1970/1970 1971/1971
f 1972/1972 1973/1973 1974/1974
f 1975/1975 1976/1976 1977/1977
f 1978/1978 1979/1979 1980/1980
f 1981/1981 1982/1982 1983/1983
f 1984/1984 1985/1985 1986/1986
f 1987/1987 1988/1988 1989/1989
f 1990/1990 1991/1991 1992/1992
f 1993/1993 1994/1994 1995/1995
f 1996/1996 1997/1997 1998/1998
f 1999/1999 2000/2000 2001/2001
f 2002/2002 2003/2003 2004/2004
f 2005/2005 2006/2006 2007/2007
f 2008/2008 2009/2009 2010/2010
f 2011/2011 2012/2012 2013/2013
f 2014/2014 2015/2015 2016/2016
f 2017/2017 2018/2018 2019/2019
f 2020/2020 2021/2021 2022/2022
f 2023/2023 2024/2024 2025/2025
f 2026/2026 2027/2027 2028/2028
f 2029/2029 2030/2030 2031/2031
f 2032/2032 2033/2033 2034/2034
f 2035/2035 2036/2036 2037/2037
f 2038/2038 2039/2039 2040/2040
f 2041/2041 2042/2042 2043/2043
f 2044/2044 2045/2045 2046/2046
f 2047/2047 2048/2048 2049/2049
f 2050/2050 2051/2051 2052/2052
f 2053/2053 2054/2054 2055/2055
f 2056/2056 2057/2057 2058/2058
f 2059/2059 2060/2060 2061/2061
f 2062/2062 2063/2063 2064/2064
f 2065/2065 2066/2066 2067/2067
f 2068/2068 2069/2069 2070/2070
f 2071/2071 2072/2072 2073/2073
f 2074/2074 2075/2075 2076/2076
f 2077/2077 2078/2078 2079/2079
f 2080/2080 2081/2081 2082/2082
f 2083/2083 2084/2084 2085/2085
f 2086/2086 2087/2087 2088/2088
f 2089/2089 2090/2090 2091/2091
f 2092/2092 2093/2093 2094/2094
f 2095/2095 2096/2096 2097/2097
f 2098/2098 2099/2099 2100/2100
f 2101/2101 2102/2102 2103/2103
f 2104/2104 2105/2105 2106/2106
f 2107/2107 2108/2108 2109/2109
f 2110/2110 2111/2111 2112/2112
f 2113/2113 2114/2114 2115/2115
f 2116/2116 2117/2117 2118/2118
f 2119/2119 2120/2120 2121/2121
f 2122/2122 2123/2123 2124/2124
f 2125/2125 2126/2126 2127/2127
f 2128/2128 2129/2129 2130/2130
f 2131/2131 2132/2132 2133/2133
f 2134/2134 2135/2135 2136/2136
f 2137/2137 2138/2138 2139/2139
f 2140/2140 2141/2141 2142/2142
f 2143/2143 2144/2144 2145/2145
f 2146/2146 2147/2147 2148/2148
f 2149/2149 2150/2150 2151/2151
f 2152/2152 2153/2153 2154/2154
f 2155/2155 2156/2156 2157/2157
f 2158/2158 2159/2159 2160/2160
f 2161/2161 2162/2162 2163/2163
f 2164/2164 2165/2165 2166/2166
f 2167/2167 2168/2168 2169/2169
f 2170/2170 2171/2171 2172/2172
f 2173/2173 2174/2174 2175/2175
f 2176/2176 2177/2177 2178/2178
f 2179/2179 2180/2180 2181/2181
f 2182/2182 2183/2183 2184/2184
f 2185/2185 2186/2186 2187/2187
f 2188/2188 2189/2189 2190/2190
f 2191/2191 2192/2192 2193/2193
f 2194/2194 2195/2195 2196/2196
f 2197/2197 2198/2198 2199/2199
f 2200/2200 2201/2201 2202/2202
f 2203/2203 2204/2204 2205/2205
f 2206/2206 2207/2207 2208/2208
f 2209/2209 2210/2210 2211/2211
f 2212/2212 2213/2213 2214/2214
f 2215/2215 2216/2216 2217/2217
f 2218/2218 2219/2219 2220/2220
f 2221/2221 2222/2222 2223/2223
f 2224/2224 2225/2225 2226/2226
f 2227/2227 2228/2228 2229/2229
f 2230/2230 2231/2231 2232/2232
f 2233/2233 2234/2234 2235/2235
f 2236/2236 2237/2237 2238/2238
f 2239/2239 2240/2240 2241/2241
f 2242/2242 2243/2243 2244/2244
f 2245/2245 2246/2246 2247/2247
f 2248/2248 2249/2249 2250/2250
f 2251/2251 2252/2252 2253/2253
f 2254/2254 2255/2255 2256/2256
f 2257/2257 2258/2258 2259/2259
f 2260/2260 2261/2261 2262/2262
f 2263/2263 2264/2264 2265/2265
f 2266/2266 2267/2267 2268/2268
f 2269/2269 2270/2270 2271/2271
f 2272/2272 2273/2273 2274/2274
f 2275/2275 2276/2276 2277/2277
f 2278/2278 2279/2279 2280/2280
f 2281/2281 2282/2282 2283/2283
f 2284/2284 2285/2285 2286/2286
f 2287/2287 2288/2288 2289/2289
f 2290/2290 2291/2291 2292/2292
f 2293/2293 2294/2294 2295/2295
f 2296/2296 2297/2297 2298/2298
f 2299/2299 2300/2300 2301/2301
f 2302/2302 2303/2303 2304/2304
f 2305/2305 2306/2306 2307/2307
f 2308/2308 2309/2309 2310/2310
f 2311/2311 2312/2312 2313/2313
f 2314/2314 2315/2315 2316/2316
f 2317/2317 2318/2318 2319/2319
f 2320/2320 2321/2321 2322/2322
f 2323/2323 2324/2324 2325/2325
f 2326/2326 2327/2327 2328/2328
f 2329/2329 2330/2330 2331/2331
f 2332/2332 2333/2333 2334/2334
f 2335/2335 2336/2336 2337/2337
f 2338/2338 2339/2339 2340/2340
f 2341/2341 2342/2342 2343/2343
f 2344/2344 2345/2345 2346/2346
f 2347/2347 2348/2348 2349/2349
f 2350/2350 2351/2351 2352/2352
f 2353/2353 2354/2354 2355/2355
f 2356/2356 2357/2357 2358/2358
f 2359/2359 2360/2360 2361/2361
f 2362/2362 2363/2363 2364/2364
f 2365/2365 2366/2366 2367/2367
f 2368/2368 2369/2369 2370/2370
f 2371/2371 2372/2372 2373/2373
f 2374/2374 2375/2375 2376/2376
f 2377/2377 2378/2378 2379/2379
f 2380/2380 2381/2381 2382/2382
f 2383/2383 2384/2384 2385/2385
f 2386/2386 2387/2387 2388/2388
f 2389/2389 2390/2390 2391/2391
f 2392/2392 2393/2393 2394/2394
f 2395/2395 2396/2396 2397/2397
f 2398/2398 2399/2399 2400/2400
f 2401/2401 2402/2402 2403/2403
f 2404/2404 2405/2405 2406/2406
f 2407/2407 2408/2408 2409/2409
f 2410/2410 2411/2411 2412/2412
f 2413/2413 2414/2414 2415/2415
f 2416/2416 2417/2417 2418/2418
f 2419/2419 2420/2420 2421/2421
f 2422/2422 2423/2423 2424/2424
f 2425/2425 2426/2426 2427/2427
f 2428/2428 2429/2429 2430/2430
f 2431/2431 2432/2432 2433/2433
f 2434/2434 2435/2435 2436/2436
f 2437/2437 2438/2438 2439/2439
f 2440/2440 2441/2441 2442/2442
f 2443/2443 2444/2444 2445/2445
f 2446/2446 2447/2447 2448/2448
f 2449/2449 2450/2450 2451/2451
f 2452/2452 2453/2453 2454/2454
f 2455/2455 2456/2456 2457/2457
f 2458/2458 2459/2459 2460/2460
f 2461/2461 2462/2462 2463/2463
f 2464/2464 2465/2465 2466/2466
f 2467/2467 2468/2468 2469/2469
f 2470/2470 2471/2471 2472/2472
f 2473/2473 2474/2474 2475/2475
f 2476/2476 2477/2477 2478/2478
f 2479/2479 2480/2480 2481/2481
f 2482/2482 2483/2483 2484/2484
f 2485/2485 2486/2486 2487/2487
f 2488/2488 2489/2489 2490/2490
f 2491/2491 2492/2492 2493/2493
f 2494/2494 2495/2495 2496/2496
f 2497/2497 2498/2498 2499/2499
f 2500/2500 2501/2501 2502/2502
f 2503/2503 2504/2504 2505/2505
f 2506/2506 2507/2507 2508/2508
f 2509/2509 2510/2510 2511/2511
f 2512/2512 2513/2513 2514/2514
f 2515/2515 2516/2516 2517/2517
f 2518/2518 2519/2519 2520/2520
f 2521/2521 2522/2522 2523/2523
f 2524/2524 2525/2525 2526/2526
f 2527/2527 2528/2528 2529/2529
f 2530/2530 2531/2531 2532/2532
f 2533/2533 2534/2534 2535/2535
f 2536/2536 2537/2537 2538/2538
f 2539/2539 2540/2540 2541/2541
f 2542/2542 2543/2543 2544/2544
f 2545/2545 2546/2546 2547/2547
f 2548/2548 2549/2549 2550/2550
f 2551/2551 2552/2552 2553/2553
f 2554/2554 2555/2555 2556/2556
f 2557/2557 2558/2558 2559/2559
f 2560/2560 2561/2561 2562/2562
f 2563/2563 2564/2564 2565/2565
f 2566/2566 2567/2567 2568/2568
f 2569/2569 2570/2570 2571/2571
f 2572/2572 2573/2573 2574/2574
f 2575/2575 2576/2576 2577/2577
f 2578/2578 2579/2579 2580/2580
f 2581/2581 2582/2582 2583/2583
f 2584/2584 2585/2585 2586/2586
f 2587/2587 2588/2588 2589/2589
f 2590/2590 2591/2591 2592/2592
f 2593/2593 2594/2594 2595/2595
f 2596/2596 2597/2597 2598/2598
f 2599/2599 2600/2600 2601/2601
f 2602/2602 2603/2603 2604/2604
f 2605/2605 2606/2606 2607/2607
f 2608/2608 2609/2609 2610/2610
f 2611/2611 2612/2612 2613/2613
f 2614/2614 2615/2615 2616/2616
f 2617/2617 2618/2618 2619/2619
f 2620/2620 2621/2621 2622/2622
f 2623/2623 2624/2624 2625/2625
f 2626/2626 2627/2627 2628/2628
f 2629/2629 2630/2630 2631/2631
f 2632/2632 2633/2633 2634/2634
f 2635/2635 2636/2636 2637/2637
f 2638/2638 2639/2639 2640/2640
f 2641/2641 2642/2642 2643/2643
f 2644/2644 2645/2645 2646/2646
f 2647/2647 2648/2648 2649/2649
f 2650/2650 2651/2651 2652/2652
f 2653/2653 2654/2654 2655/2655
f 2656/2656 2657/2657 2658/2658
f 2659/2659 2660/2660 2661/2661
f 2662/2662 2663/2663 2664/2664
f 2665/2665 2666/2666 2667/2667
f 2668/2668 2669/2669 2670/2670
f 2671/2671 2672/2672 2673/2673
f 2674/2674 2675/2675 2676/2676
f 2677/2677 2678/2678 2679/2679
f 2680/2680 2681/2681 2682/2682
f 2683/2683 2684/2684 2685/2685
f 2686/2686 2687/2687 2688/2688
f 2689/2689 2690/2690 2691/2691
f 2692/2692 2693/2693 2694/2694
f 2695/2695 2696/2696 2697/2697
f 2698/2698 2699/2699 2700/2700
f 2701/2701 2702/2702 2703/2703
f 2704/2704 2705/2705 2706/2706
f 2707/2707 2708/2708 2709/2709
f 2710/2710 2711/2711 2712/2712
f 2713/2713 2714/2714 2715/2715
f 2716/2716 2717/2717 2718/2718
f 2719/2719 2720/2720 2721/2721
f 2722/2722 2723/2723 2724/2724
f 2725/2725 2726/2726 2727/2727
f 2728/2728 2729/2729 2730/2730
f 2731/2731 2732/2732 2733/2733
f 2734/2734 2735/2735 2736/2736
f 2737/2737 2738/2738 2739/2739
f 2740/2740 2741/2741 2742/2742
f 2743/2743 2744/2744 2745/2745
f 2746/2746 2747/2747 2748/2748
f 2749/2749 2750/2750 2751/2751
f 2752/2752 2753/2753 2754/2754
f 2755/2755 2756/2756 2757/2757
f 2758/2758 2759/2759 2760/2760
f 2761/2761 2762/2762 2763/2763
f 2764/2764 2765/2765 2766/2766
f 2767/2767 2768/2768 2769/2769
f 2770/2770 2771/2771 2772/2772
f 2773/2773 2774/2774 2775/2775
f 2776/2776 2777/2777 2778/2778
f 2779/2779 2780/2780 2781/2781
f 2782/2782 2783/2783 2784/2784
f 2785/2785 2786/2786 2787/2787
f 2788/2788 2789/2789 2790/2790
f 2791/2791 2792/2792 2793/2793
f 2794/2794 2795/2795 2796/2796
f 2797/2797 2798/2798 2799/2799
f 2800/2800 2801/2801 2802/2802
f 2803/2803 2804/2804 2805/2805
f 2806/2806 2807/2807 2808/2808
f 2809/2809 2810/2810 2811/2811
f 2812/2812 2813/2813 2814/2814
f 2815/2815 2816/2816 2817/2817
f 2818/2818 2819/2819 2820/2820
f 2821/2821 2822/2822 2823/2823
f 2824/2824 2825/2825 2826/2826
f 2827/2827 2828/2828 2829/2829
f 2830/2830 2831/2831 2832/2832
f 2833/2833 2834/2834 2835/2835
f 2836/2836 2837/2837 2838/2838
f 2839/2839 2840/2840 2841/2841
f 2842/2842 2843/2843 2844/2844
f 2845/2845 2846/2846 2847/2847
f 2848/2848 2849/2849 2850/2850
f 2851/2851 2852/2852 2853/2853
f 2854/2854 2855/2855 2856/2856
f 2857/2857 2858/2858 2859/2859
f 2860/2860 2861/2861 2862/2862
f 2863/2863 2864/2864 2865/2865
f 2866/2866 2867/2867 2868/2868
f 2869/2869 2870/2870 2871/2871
f 2872/2872 2873/2873 2874/2874
f 2875/2875 2876/2876 2877/2877
f 2878/2878 2879/2879 2880/2880
f 2881/2881 2882/2882 2883/2883
f 2884/2884 2885/2885 2886/2886
f 2887/2887 2888/2888 2889/2889
f 2890/2890 2891/2891 2892/2892
f 2893/2893 2894/2894 2895/2895
f 2896/2896 2897/2897 2898/2898
f 2899/2899 2900/2900 2901/2901
f 2902/2902 2903/2903 2904/2904
f 2905/2905 2906/2906 2907/2907
f 2908/2908 2909/2909 2910/2910
f 2911/2911 2912/2912 2913/2913
f 2914/2914 2915/2915 2916/2916
f 2917/2917 2918/2918 2919/2919
f 2920/2920 2921/2921 2922/2922
f 2923/2923 2924/2924 2925/2925
f 2926/2926 2927/2927 2928/2928
f 2929/2929 2930/2930 2931/2931
f 2932/2932 2933/2933 2934/2934
f 2935/2935 2936/2936 2937/2937
f 2938/2938 2939/2939 2940/2940
f 2941/2941 2942/2942 2943/2943
f 2944/2944 2945/2945 2946/2946
f 2947/2947 2948/2948 2949/2949
f 2950/2950 2951/2951 2952/2952
f 2953/2953 2954/2954 2955/2955
f 2956/2956 2957/2957 2958/2958
f 2959/2959 2960/2960 2961/2961
f 2962/2962 2963/2963 2964/2964
f 2965/2965 2966/2966 2967/2967
f 2968/2968 2969/2969 2970/2970
f 2971/2971 2972/2972 2973/2973
f 2974/2974 2975/2975 2976/2976
f 2977/2977 2978/2978 2979/2979
f 2980/2980 2981/2981 2982/2982
f 2983/2983 2984/2984 2985/2985
f 2986/2986 2987/2987 2988/2988
f 2989/2989 2990/2990 2991/2991
f 2992/2992 2993/2993 2994/2994
f 2995/2995 2996/2996 2997/2997
f 2998/2998 2999/2999 3000/3000
f 3001/3001 3002/3002 3003/3003
f 3004/3004 3005/3005 3006/3006
f 3007/3007 3008/3008 3009/3009
f 3010/3010 3011/3011 3012/3012
f 3013/3013 3014/3014 3015/3015
f 3016/3016 3017/3017 3018/3018
f 3019/3019 3020/3020 3021/3021
f 3022/3022 3023/3023 3024/3024
f 3025/3025 3026/3026 3027/3027
f 3028/3028 3029/3029 3030/3030
f 3031/3031 3032/3032 3033/3033
f 3034/3034 3035/3035 3036/3036
f 3037/3037 3038/3038 3039/3039
f 3040/3040 3041/3041 3042/3042
f 3043/3043 3044/3044 3045/3045
f 3046/3046 3047/3047 3048/3048
f 3049/3049 3050/3050 3051/3051
f 3052/3052 3053/3053 3054/3054
f 3055/3055 3056/3056 3057/3057
f 3058/3058 3059/3059 3060/3060
f 3061/3061 3062/3062 3063/3063
f 3064/3064 3065/3065 3066/3066
f 3067/3067 3068/3068 3069/3069
f 3070/3070 3071/3071 3072/3072
f 3073/3073 3074/3074 3075/3075
f 3076/3076 3077/3077 3078/3078
f 3079/3079 3080/3080 3081/3081
f 3082/3082 3083/3083 3084/3084
f 3085/3085 3086/3086 3087/3087
f 3088/3088 3089/3089 3090/3090
f 3091/3091 3092/3092 3093/3093
f 3094/3094 3095/3095 3096/3096
f 3097/3097 3098/3098 3099/3099
f 3100/3100 3101/3101 3102/3102
f 3103/3103 3104/3104 3105/3105
f 3106/3106 3107/3107 3108/3108
f 3109/3109 3110/3110 3111/3111
f 3112/3112 3113/3113 3114/3114
f 3115/3115 3116/3116 3117/3117
f 3118/3118 3119/3119 3120/3120
f 3121/3121 3122/3122 3123/3123
f 3124/3124 3125/3125 3126/3126
f 3127/3127 3128/3128 3129/3129
f 3130/3130 3131/3131 3132/3132
f 3133/3133 3134/3134 3135/3135
f 3136/3136 3137/3137 3138/3138
f 3139/3139 3140/3140 3141/3141
f 3142/3142 3143/3143 3144/3144
f 3145/3145 3146/3146 3147/3147
f 3148/3148 3149/3149 3150/3150
f 3151/3151 3152/3152 3153/3153
f 3154/3154 3155/3155 3156/3156
f 3157/3157 3158/3158 3159/3159
f 3160/3160 3161/3161 3162/3162
f 3163/3163 3164/3164 3165/3165
f 3166/3166 3167/3167 3168/3168
f 3169/3169 3170/3170 3171/3171
f 3172/3172 3173/3173 3174/3174
f 3175/3175 3176/3176 3177/3177
f 3178/3178 3179/3179 3180/3180
f 3181/3181 3182/3182 3183/3183
f 3184/3184 3185/3185 3186/3186
f 3187/3187 3188/3188 3189/3189
f 3190/3190 3191/3191 3192/3192
f 3193/3193 3194/3194 3195/3195
f 3196/3196 3197/3197 3198/3198
f 3199/3199 3200/3200 3201/3201
f 3202/3202 3203/3203 3204/3204
f 3205/3205 3206/3206 3207/3207
f 3208/3208 3209/3209 3210/3210
f 3211/3211 3212/3212 3213/3213
f 3214/3214 3215/3215 3216/3216
f 3217/3217 3218/3218 3219/3219
f 3220/3220 3221/3221 3222/3222
f 3223/3223 3224/3224 3225/3225
f 3226/3226 3227/3227 3228/3228
f 3229/3229 3230/3230 3231/3231
f 3232/3232 3233/3233 3234/3234
f 3235/3235 3236/3236 3237/3237
f 3238/3238 3239/3239 3240/3240
f 3241/3241 3242/3242 3243/3243
f 3244/3244 3245/3245 3246/3246
f 3247/3247 3248/3248 3249/3249
f 3250/3250 3251/3251 3252/3252
f 3253/3253 3254/3254 3255/3255
f 3256/3256 3257/3257 3258/3258
f 3259/3259 3260/3260 3261/3261
f 3262/3262 3263/3263 3264/3264
f 3265/3265 3266/3266 3267/3267
f 3268/3268 3269/3269 3270/3270
f 3271/3271 3272/3272 3273/3273
f 3274/3274 3275/3275 3276/3276
f 3277/3277 3278/3278 3279/3279
f 3280/3280 3281/3281 3282/3282
f 3283/3283 3284/3284 3285/3285
f 3286/3286 3287/3287 3288/3288
f 3289/3289 3290/3290 3291/3291
f 3292/3292 3293/3293 3294/3294
f 3295/3295 3296/3296 3297/3297
f 3298/3298 3299/3299 3300/3300
f 3301/3301 3302/3302 3303/3303
f 3304/3304 3305/3305 3306/3306
f 3307/3307 3308/3308 3309/3309
f 3310/3310 3311/3311 3312/3312
f 3313/3313 3314/3314 3315/3315
f 3316/3316 3317/3317 3318/3318
f 3319/3319 3320/3320 3321/3321
f 3322/3322 3323/3323 3324/3324
f 3325/3325 3326/3326 3327/3327
f 3328/3328 3329/3329 3330/3330
f 3331/3331 3332/3332 3333/3333
f 3334/3334 3335/3335 3336/3336
f 3337/3337 3338/3338 3339/3339
f 3340/3340 3341/3341 3342/3342
f 3343/3343 3344/3344 3345/3345
f 3346/3346 3347/3347 3348/3348
f 3349/3349 3350/3350 3351/3351
f 3352/3352 3353/3353 3354/3354
f 3355/3355 3356/3356 3357/3357
f 3358/3358 3359/3359 3360/3360
f 3361/3361 3362/3362 3363/3363
f 3364/3364 3365/3365 3366/3366
f 3367/3367 3368/3368 3369/3369
f 3370/3370 3371/3371 3372/3372
f 3373/3373 3374/3374 3375/3375
f 3376/3376 3377/3377 3378/3378
f 3379/3379 3380/3380 3381/3381
f 3382/3382 3383/3383 3384/3384
f 3385/3385 3386/3386 3387/3387
f 3388/3388 3389/3389 3390/3390
f 3391/3391 3392/3392 3393/3393
f 3394/3394 3395/3395 3396/3396
f 3397/3397 3398/3398 3399/3399
f 3400/3400 3401/3401 3402/3402
f 3403/3403 3404/3404 3405/3405
f 3406/3406 3407/3407 3408/3408
f 3409/3409 3410/3410 3411/3411
f 3412/3412 3413/3413 3414/3414
f 3415/3415 3416/3416 3417/3417
f 3418/3418 3419/3419 3420/3420
f 3421/3421 3422/3422 3423/3423
f 3424/3424 3425/3425 3426/3426
f 3427/3427 3428/3428 3429/3429
f 3430/3430 3431/3431 3432/3432
f 3433/3433 3434/3434 3435/3435
f 3436/3436 3437/3437 3438/3438
f 3439/3439 3440/3440 3441/3441
f 3442/3442 3443/3443 3444/3444
f 3445/3445 3446/3446 3447/3447
f 3448/3448 3449/3449 3450/3450
f 3451/3451 3452/3452 3453/3453
f 3454/3454 3455/3455 3456/3456
f 3457/3457 3458/3458 3459/3459
f 3460/3460 3461/3461 3462/3462
f 3463/3463 3464/3464 3465/3465
f 3466/3466 3467/3467 3468/3468
f 3469/3469 3470/3470 3471/3471
f 3472/3472 3473/3473 3474/3474
f 3475/3475 3476/3476 3477/3477
f 3478/3478 3479/3479 3480/3480
f 3481/3481 3482/3482 3483/3483
f 3484/3484 3485/3485 3486/3486
f 3487/3487 3488/3488 3489/3489
f 3490/3490 3491/3491 3492/3492
f 3493/3493 3494/3494 3495/3495
f 3496/3496 3497/3497 3498/3498
f 3499/3499 3500/3500 3501/3501
f 3502/3502 3503/3503 3504/3504
f 3505/3505 3506/3506 3507/3507
f 3508/3508 3509/3509 3510/3510
f 3511/3511 3512/3512 3513/3513
f 3514/3514 3515/3515 3516/3516
f 3517/3517 3518/3518 3519/3519
f 3520/3520 3521/3521 3522/3522
f 3523/3523 3524/3524 3525/3525
f 3526/3526 3527/3527 3528/3528
f 3529/3529 3530/3530 3531/3531
f 3532/3532 3533/3533 3534/3534
f 3535/3535 3536/3536 3537/3537
f 3538/3538 3539/3539 3540/3540
f 3541/3541 3542/3542 3543/3543
f 3544/3544 3545/3545 3546/3546
f 3547/3547 3548/3548 3549/3549
f 3550/3550 3551/3551 3552/3552
f 3553/3553 3554/3554 3555/3555
f 3556/3556 3557/3557 3558/3558
f 3559/3559 3560/3560 3561/3561
f 3562/3562 3563/3563 3564/3564
f 3565/3565 3566/3566 3567/3567
f 3568/3568 3569/3569 3570/3570
f 3571/3571 3572/3572 3573/3573
f 3574/3574 3575/3575 3576/3576
f 3577/3577 3578/3578 3579/3579
f 3580/3580 3581/3581 3582/3582
f 3583/3583 3584/3584 3585/3585
f 3586/3586 3587/3587 3588/3588
f 3589/3589 3590/3590 3591/3591
f 3592/3592 3593/3593 3594/3594
f 3595/3595 3596/3596 3597/3597
f 3598/3598 3599/3599 3600/3600
f 3601/3601 3602/3602 3603/3603
f 3604/3604 3605/3605 3606/3606
f 3607/3607 3608/3608 3609/3609
f 3610/3610 3611/3611 3612/3612
f 3613/3613 3614/3614 3615/3615
f 3616/3616 3617/3617 3618/3618
f 3619/3619 3620/3620 3621/3621
f 3622/3622 3623/3623 3624/3624
f 3625/3625 3626/3626 3627/3627
f 3628/3628 3629/3629 3630/3630
f 3631/3631 3632/3632 3633/3633
f 3634/3634 3635/3635 3636/3636
f 3637/3637 3638/3638 3639/3639
f 3640/3640 3641/3641 3642/3642
f 3643/3643 3644/3644 3645/3645
f 3646/3646 3647/3647 3648/3648
f 3649/3649 3650/3650 3651/3651
f 3652/3652 3653/3653 3654/3654
f 3655/3655 3656/3656 3657/3657
f 3658/3658 3659/3659 3660/3660
f 3661/3661 3662/3662 3663/3663
f 3664/3664 3665/3665 3666/3666
f 3667/3667 3668/3668 3669/3669
f 3670/3670 3671/3671 3672/3672
f 3673/3673 3674/3674 3675/3675
f 3676/3676 3677/3677 3678/3678
f 3679/3679 3680/3680 3681/3681
f 3682/3682 3683/3683 3684/3684
f 3685/3685 3686/3686 3687/3687
f 3688/3688 3689/3689 3690/3690
f 3691/3691 3692/3692 3693/3693
f 3694/3694 3695/3695 3696/3696
f 3697/3697 3698/3698 3699/3699
f 3700/3700 3701/3701 3702/3702
f 3703/3703 3704/3704 3705/3705
f 3706/3706 3707/3707 3708/3708
f 3709/3709 3710/3710 3711/3711
f 3712/3712 3713/3713 3714/3714
f 3715/3715 3716/3716 3717/3717
f 3718/3718 3719/3719 3720/3720
f 3721/3721 3722/3722 3723/3723
f 3724/3724 3725/3725 3726/3726
f 3727/3727 3728/3728 3729/3729
f 3730/3730 3731/3731 3732/3732
f 3733/3733 3734/3734 3735/3735
f 3736/3736 3737/3737 3738/3738
f 3739/3739 3740/3740 3741/3741
f 3742/3742 3743/3743 3744/3744
f 3745/3745 3746/3746 3747/3747
f 3748/3748 3749/3749 3750/3750
f 3751/3751 3752/3752 3753/3753
f 3754/3754 3755/3755 3756/3756
f 3757/3757 3758/3758 3759/3759
f 3760/3760 3761/3761 3762/3762
f 3763/3763 3764/3764 3765/3765
f 3766/3766 3767/3767 3768/3768
f 3769/3769 3770/3770 3771/3771
f 3772/3772 3773/3773 3774/3774
f 3775/3775 3776/3776 3777/3777
f 3778/3778 3779/3779 3780/3780
f 3781/3781 3782/3782 3783/3783
f 3784/3784 3785/3785 3786/3786
f 3787/3787 3788/3788 3789/3789
f 3790/3790 3791/3791 3792/3792
f 3793/3793 3794/3794 3795/3795
f 3796/3796 3797/3797 3798/3798
f 3799/3799 3800/3800 3801/3801
f 3802/3802 3803/3803 3804/3804
f 3805/3805 3806/3806 3807/3807
f 3808/3808 3809/3809 3810/3810
f 3811/3811 3812/3812 3813/3813
f 3814/3814 3815/3815 3816/3816
f 3817/3817 3818/3818 3819/3819
f 3820/3820 3821/3821 3822/3822
f 3823/3823 3824/3824 3825/3825
f 3826/3826 3827/3827 3828/3828
f 3829/3829 3830/3830 3831/3831
f 3832/3832 3833/3833 3834/3834
f 3835/3835 3836/3836 3837/3837
f 3838/3838 3839/3839 3840/3840
f 3841/3841 3842/3842 3843/3843
f 3844/3844 3845/3845 3846/3846
f 3847/3847 3848/3848 3849/3849
f 3850/3850 3851/3851 3852/3852
f 3853/3853 3854/3854 3855/3855
f 3856/3856 3857/3857 3858/3858
f 3859/3859 3860/3860 3861/3861
f 3862/3862 3863/3863 3864/3864
f 3865/3865 3866/3866 3867/3867
f 3868/3868 3869/3869 3870/3870
f 3871/3871 3872/3872 3873/3873
f 3874/3874 3875/3875 3876/3876
f 3877/3877 3878/3878 3879/3879
f 3880/3880 3881/3881 3882/3882
f 3883/3883 3884/3884 3885/3885
f 3886/3886 3887/3887 3888/3888
f 3889/3889 3890/3890 3891/3891
f 3892/3892 3893/3893 3894/3894
f 3895/3895 3896/3896 3897/3897
f 3898/3898 3899/3899 3900/3900
f 3901/3901 3902/3902 3903/3903
f 3904/3904 3905/3905 3906/3906
f 3907/3907 3908/3908 3909/3909
f 3910/3910 3911/3911 3912/3912
f 3913/3913 3914/3914 3915/3915
f 3916/3916 3917/3917 3918/3918
f 3919/3919 3920/3920 3921/3921
f 3922/3922 3923/3923 3924/3924
f 3925/3925 3926/3926 3927/3927
f 3928/3928 3929/3929 3930/3930
f 3931/3931 3932/3932 3933/3933
f 3934/3934 3935/3935 3936/3936
f 3937/3937 3938/3938 3939/3939
f 3940/3940 3941/3941 3942/3942
f 3943/3943 3944/3944 3945/3945
f 3946/3946 3947/3947 3948/3948
f 3949/3949 3950/3950 3951/3951
f 3952/3952 3953/3953 3954/3954
f 3955/3955 3956/3956 3957/3957
f 3958/3958 3959/3959 3960/3960
f 3961/3961 3962/3962 3963/3963
f 3964/3964 3965/3965 3966/3966
f 3967/3967 3968/3968 3969/3969
f 3970/3970 3971/3971 3972/3972
f 3973/3973 3974/3974 3975/3975
f 3976/3976 3977/3977 3978/3978
f 3979/3979 3980/3980 3981/3981
f 3982/3982 3983/3983 3984/3984
f 3985/3985 3986/3986 3987/3987
f 3988/3988 3989/3989 3990/3990
f 3991/3991 3992/3992 3993/3993
f 3994/3994 3995/3995 3996/3996
f 3997/3997 3998/3998 3999/3999
f 4000/4000 4001/4001 4002/4002
f 4003/4003 4004/4004 4005/4005
f 4006/4006 4007/4007 4008/4008
f 4009/4009 4010/4010 4011/4011
f 4012/4012 4013/4013 4014/4014
f 4015/4015 4016/4016 4017/4017
f 4018/4018 4019/4019 4020/4020
f 4021/4021 4022/4022 4023/4023
f 4024/4024 4025/4025 4026/4026
f 4027/4027 4028/4028 4029/4029
f 4030/4030 4031/4031 4032/4032
f 4033/4033 4034/4034 4035/4035
f 4036/4036 4037/4037 4038/4038
f 4039/4039 4040/4040 4041/4041
f 4042/4042 4043/4043 4044/4044
f 4045/4045 4046/4046 4047/4047
f 4048/4048 4049/4049 4050/4050
f 4051/4051 4052/4052 4053/4053
f 4054/4054 4055/4055 4056/4056
f 4057/4057 4058/4058 4059/4059
f 4060/4060 4061/4061 4062/4062
f 4063/4063 4064/4064 4065/4065
f 4066/4066 4067/4067 4068/4068
f 4069/4069 4070/4070 4071/4071
f 4072/4072 4073/4073 4074/4074
f 4075/4075 4076/4076 4077/4077
f 4078/4078 4079/4079 4080/4080
f 4081/4081 4082/4082 4083/4083
f 4084/4084 4085/4085 4086/4086
f 4087/4087 4088/4088 4089/4089
f 4090/4090 4091/4091 4092/4092
f 4093/4093 4094/4094 4095/4095
f 4096/4096 4097/4097 4098/4098
f 4099/4099 4100/4100 4101/4101
f 4102/4102 4103/4103 4104/4104
f 4105/4105 4106/4106 4107/4107
f 4108/4108 4109/4109 4110/4110
f 4111/4111 4112/4112 4113/4113
f 4114/4114 4115/4115 4116/4116
f 4117/4117 4118/4118 4119/4119
f 4120/4120 4121/4121 4122/4122
f 4123/4123 4124/4124 4125/4125
f 4126/4126 4127/4127 4128/4128
f 4129/4129 4130/4130 4131/4131
f 4132/4132 4133/4133 4134/4134
f 4135/4135 4136/4136 4137/4137
f 4138/4138 4139/4139 4140/4140
f 4141/4141 4142/4142 4143/4143
f 4144/4144 4145/4145 4146/4146
f 4147/4147 4148/4148 4149/4149
f 4150/4150 4151/4151 4152/4152
f 4153/4153 4154/4154 4155/4155
f 4156/4156 4157/4157 4158/4158
f 4159/4159 4160/4160 4161/4161
f 4162/4162 4163/4163 4164/4164
f 4165/4165 4166/4166 4167/4167
f 4168/4168 4169/4169 4170/4170
f 4171/4171 4172/4172 4173/4173
f 4174/4174 4175/4175 4176/4176
f 4177/4177 4178/4178 4179/4179
f 4180/4180 4181/4181 4182/4182
f 4183/4183 4184/4184 4185/4185
f 4186/4186 4187/4187 4188/4188
f 4189/4189 4190/4190 4191/4191
f 4192/4192 4193/4193 4194/4194
f 4195/4195 4196/4196 4197/4197
f 4198/4198 4199/4199 4200/4200
f 4201/4201 4202/4202 4203/4203
f 4204/4204 4205/4205 4206/4206
f 4207/4207 4208/4208 4209/4209
f 4210/4210 4211/4211 4212/4212
f 4213/4213 4214/4214 4215/4215
f 4216/4216 4217/4217 4218/4218
f 4219/4219 4220/4220 4221/4221
f 4222/4222 4223/4223 4224/4224
f 4225/4225 4226/4226 4227/4227
f 4228/4228 4229/4229 4230/4230
f 4231/4231 4232/4232 4233/4233
f 4234/4234 4235/4235 4236/4236
f 4237/4237 4238/4238 4239/4239
f 4240/4240 4241/4241 4242/4242
f 4243/4243 4244/4244 4245/4245
f 4246/4246 4247/4247 4248/4248
f 4249/4249 4250/4250 4251/4251
f 4252/4252 4253/4253 4254/4254
f 4255/4255 4256/4256 4257/4257
f 4258/4258 4259/4259 4260/4260
f 4261/4261 4262/4262 4263/4263
f 4264/4264 4265/4265 4266/4266
f 4267/4267 4268/4268 4269/4269
f 4270/4270 4271/4271 4272/4272
f 4273/4273 4274/4274 4275/4275
f 4276/4276 4277/4277 4278/4278
f 4279/4279 4280/4280 4281/4281
f 4282/4282 4283/4283 4284/4284
f 4285/4285 4286/4286 4287/4287
f 4288/4288 4289/4289 4290/4290
f 4291/4291 4292/4292 4293/4293
f 4294/4294 4295/4295 4296/4296
f 4297/4297 4298/4298 4299/4299
f 4300/4300 4301/4301 4302/4302
f 4303/4303 4304/4304 4305/4305
f 4306/4306 4307/4307 4308/4308
f 4309/4309 4310/4310 4311/4311
f 4312/4312 4313/4313 4314/4314
f 4315/4315 4316/4316 4317/4317
f 4318/4318 4319/4319 4320/4320
f 4321/4321 4322/4322 4323/4323
f 4324/4324 4325/4325 4326/4326
f 4327/4327 4328/4328 4329/4329
f 4330/4330 4331/4331 4332/4332
f 4333/4333 4334/4334 4335/4335
f 4336/4336 4337/4337 4338/4338
f 4339/4339 4340/4340 4341/4341
f 4342/4342 4343/4343 4344/4344
f 4345/4345 4346/4346 4347/4347
f 4348/4348 4349/4349 4350/4350
f 4351/4351 4352/4352 4353/4353
f 4354/4354 4355/4355 4356/4356
f 4357/4357 4358/4358 4359/4359
f 4360/4360 4361/4361 4362/4362
f 4363/4363 4364/4364 4365/4365
f 4366/4366 4367/4367 4368/4368
f 4369/4369 4370/4370 4371/4371
f 4372/4372 4373/4373 4374/4374
f 4375/4375 4376/4376 4377/4377
f 4378/4378 4379/4379 4380/4380
f 4381/4381 4382/4382 4383/4383
f 4384/4384 4385/4385 4386/4386
f 4387/4387 4388/4388 4389/4389
f 4390/4390 4391/4391 4392/4392
f 4393/4393 4394/4394 4395/4395
f 4396/4396 4397/4397 4398/4398
f 4399/4399 4400/4400 4401/4401
f 4402/4402 4403/4403 4404/4404
f 4405/4405 4406/4406 4407/4407
f 4408/4408 4409/4409 4410/4410
f 4411/4411 4412/4412 4413/4413
f 4414/4414 4415/4415 4416/4416
f 4417/4417 4418/4418 4419/4419
f 4420/4420 4421/4421 4422/4422
f 4423/4423 4424/4424 4425/4425
f 4426/4426 4427/4427 4428/4428
f 4429/4429 4430/4430 4431/4431
f 4432/4432 4433/4433 4434/4434
f 4435/4435 4436/4436 4437/4437
f 4438/4438 4439/4439 4440/4440
f 4441/4441 4442/4442 4443/4443
f 4444/4444 4445/4445 4446/4446
f 4447/4447 4448/4448 4449/4449
f 4450/4450 4451/4451 4452/4452
f 4453/4453 4454/4454 4455/4455
f 4456/4456 4457/4457 4458/4458
f 4459/4459 4460/4460 4461/4461
f 4462/4462 4463/4463 4464/4464
f 4465/4465 4466/4466 4467/4467
f 4468/4468 4469/4469 4470/4470
f 4471/4471 4472/4472 4473/4473
f 4474/4474 4475/4475 4476/4476
f 4477/4477 4478/4478 4479/4479
f 4480/4480 4481/4481 4482/4482
f 4483/4483 4484/4484 4485/4485
f 4486/4486 4487/4487 4488/4488
f 4489/4489 4490/4490 4491/4491
f 4492/4492 4493/4493 4494/4494
f 4495/4495 4496/4496 4497/4497
f 4498/4498 4499/4499 4500/4500
f 4501/4501 4502/4502 4503/4503
f 4504/4504 4505/4505 4506/4506
f 4507/4507 4508/4508 4509/4509
f 4510/4510 4511/4511 4512/4512
f 4513/4513 4514/4514 4515/4515
f 4516/4516 4517/4517 4518/4518
f 4519/4519 4520/4520 4521/4521
f 4522/4522 4523/4523 4524/4524
f 4525/4525 4526/4526 4527/4527
f 4528/4528 4529/4529 4530/4530
f 4531/4531 4532/4532 4533/4533
f 4534/4534 4535/4535 4536/4536
f 4537/4537 4538/4538 4539/4539
f 4540/4540 4541/4541 4542/4542
f 4543/4543 4544/4544 4545/4545
f 4546/4546 4547/4547 4548/4548
f 4549/4549 4550/4550 4551/4551
f 4552/4552 4553/4553 4554/4554
f 4555/4555 4556/4556 4557/4557
f 4558/4558 4559/4559 4560/4560
f 4561/4561 4562/4562 4563/4563
f 4564/4564 4565/4565 4566/4566
f 4567/4567 4568/4568 4569/4569
f 4570/4570 4571/4571 4572/4572
f 4573/4573 4574/4574 4575/4575
f 4576/4576 4577/4577 4578/4578
f 4579/4579 4580/4580 4581/4581
f 4582/4582 4583/4583 4584/4584
f 4585/4585 4586/4586 4587/4587
f 4588/4588 4589/4589 4590/4590
f 4591/4591 4592/4592 4593/4593
f 4594/4594 4595/4595 4596/4596
f 4597/4597 4598/4598 4599/4599
f 4600/4600 4601/4601 4602/4602
f 4603/4603 4604/4604 4605/4605
f 4606/4606 4607/4607 4608/4608
f 4609/4609 4610/4610 4611/4611
f 4612/4612 4613/4613 4614/4614
f 4615/4615 4616/4616 4617/4617
f 4618/4618 4619/4619 4620/4620
f 4621/4621 4622/4622 4623/4623
f 4624/4624 4625/4625 4626/4626
f 4627/4627 4628/4628 4629/4629
f 4630/4630 4631/4631 4632/4632
f 4633/4633 4634/4634 4635/4635
f 4636/4636 4637/4637 4638/4638
f 4639/4639 4640/4640 4641/4641
f 4642/4642 4643/4643 4644/4644
f 4645/4645 4646/4646 4647/4647
f 4648/4648 4649/4649 4650/4650
f 4651/4651 4652/4652 4653/4653
f 4654/4654 4655/4655 4656/4656
f 4657/4657 4658/4658 4659/4659
f 4660/4660 4661/4661 4662/4662
f 4663/4663 4664/4664 4665/4665
f 4666/4666 4667/4667 4668/4668
f 4669/4669 4670/4670 4671/4671
f 4672/4672 4673/4673 4674/4674
f 4675/4675 4676/4676 4677/4677
f 4678/4678 4679/4679 4680/4680
f 4681/4681 4682/4682 4683/4683
f 4684/4684 4685/4685 4686/4686
f 4687/4687 4688/4688 4689/4689
f 4690/4690 4691/4691 4692/4692
f 4693/4693 4694/4694 4695/4695
f 4696/4696 4697/4697 4698/4698
f 4699/4699 4700/4700 4701/4701
f 4702/4702 4703/4703 4704/4704
f 4705/4705 4706/4706 4707/4707
f 4708/4708 4709/4709 4710/4710
f 4711/4711 4712/4712 4713/4713
f 4714/4714 4715/4715 4716/4716
f 4717/4717 4718/4718 4719/4719
f 4720/4720 4721/4721 4722/4722
f 4723/4723 4724/4724 4725/4725
f 4726/4726 4727/4727 4728/4728
f 4729/4729 4730/4730 4731/4731
f 4732/4732 4733/4733 4734/4734
f 4735/4735 4736/4736 4737/4737
f 4738/4738 4739/4739 4740/4740
f 4741/4741 4742/4742 4743/4743
f 4744/4744 4745/4745 4746/4746
f 4747/4747 4748/4748 4749/4749
f 4750/4750 4751/4751 4752/4752
f 4753/4753 4754/4754 4755/4755
f 4756/4756 4757/4757 4758/4758
f 4759/4759 4760/4760 4761/4761
f 4762/4762 4763/4763 4764/4764
f 4765/4765 4766/4766 4767/4767
f 4768/4768 4769/4769 4770/4770
f 4771/4771 4772/4772 4773/4773
f 4774/4774 4775/4775 4776/4776
f 4777/4777 4778/4778 4779/4779
f 4780/4780 4781/4781 4782/4782
f 4783/4783 4784/4784 4785/4785
f 4786/4786 4787/4787 4788/4788
f 4789/4789 4790/4790 4791/4791
f 4792/4792 4793/4793 4794/4794
f 4795/4795 4796/4796 4797/4797
f 4798/4798 4799/4799 4800/4800
f 4801/4801 4802/4802 4803/4803
f 4804/4804 4805/4805 4806/4806
f 4807/4807 4808/4808 4809/4809
f 4810/4810 4811/4811 4812/4812
f 4813/4813 4814/4814 4815/4815
f 4816/4816 4817/4817 4818/4818
f 4819/4819 4820/4820 4821/4821
f 4822/4822 4823/4823 4824/4824
f 4825/4825 4826/4826 4827/4827
f 4828/4828 4829/4829 4830/4830
f 4831/4831 4832/4832 4833/4833
f 4834/4834 4835/4835 4836/4836
f 4837/4837 4838/4838 4839/4839
f 4840/4840 4841/4841 4842/4842
f 4843/4843 4844/4844 4845/4845
f 4846/4846 4847/4847 4848/4848
f 4849/4849 4850/4850 4851/4851
f 4852/4852 4853/4853 4854/4854
f 4855/4855 4856/4856 4857/4857
f 4858/4858 4859/4859 4860/4860
f 4861/4861 4862/4862 4863/4863
f 4864/4864 4865/4865 4866/4866
f 4867/4867 4868/4868 4869/4869
f 4870/4870 4871/4871 4872/4872
f 4873/4873 4874/4874 4875/4875
f 4876/4876 4877/4877 4878/4878
f 4879/4879 4880/4880 4881/4881
f 4882/4882 4883/4883 4884/4884
f 4885/4885 4886/4886 4887/4887
f 4888/4888 4889/4889 4890/4890
f 4891/4891 4892/4892 4893/4893
f 4894/4894 4895/4895 4896/4896
f 4897/4897 4898/4898 4899/4899
f 4900/4900 4901/4901 4902/4902
f 4903/4903 4904/4904 4905/4905
f 4906/4906 4907/4907 4908/4908
f 4909/4909 4910/4910 4911/4911
f 4912/4912 4913/4913 4914/4914
f 4915/4915 4916/4916 4917/4917
f 4918/4918 4919/4919 4920/4920
f 4921/4921 4922/4922 4923/4923
f 4924/4924 4925/4925 4926/4926
f 4927/4927 4928/4928 4929/4929
f 4930/4930 4931/4931 4932/4932
f 4933/4933 4934/4934 4935/4935
f 4936/4936 4937/4937 4938/4938
f 4939/4939 4940/4940 4941/4941
f 4942/4942 4943/4943 4944/4944
f 4945/4945 4946/4946 4947/4947
f 4948/4948 4949/4949 4950/4950
f 4951/4951 4952/4952 4953/4953
f 4954/4954 4955/4955 4956/4956
f 4957/4957 4958/4958 4959/4959
f 4960/4960 4961/4961 4962/4962
f 4963/4963 4964/4964 4965/4965
f 4966/4966 4967/4967 4968/4968
f 4969/4969 4970/4970 4971/4971
f 4972/4972 4973/4973 4974/4974
f 4975/4975 4976/4976 4977/4977
f 4978/4978 4979/4979 4980/4980
f 4981/4981 4982/4982 4983/4983
f 4984/4984 4985/4985 4986/4986
f 4987/4987 4988/4988 4989/4989
f 4990/4990 4991/4991 4992/4992
f 4993/4993 4994/4994 4995/4995
f 4996/4996 4997/4997 4998/4998
f 4999/4999 5000/5000 5001/5001
f 5002/5002 5003/5003 5004/5004
f 5005/5005 5006/5006 5007/5007
f 5008/5008 5009/5009 5010/5010
f 5011/5011 5012/5012 5013/5013
f 5014/5014 5015/5015 5016/5016
f 5017/5017 5018/5018 5019/5019
f 5020/5020 5021/5021 5022/5022
f 5023/5023 5024/5024 5025/5025
f 5026/5026 5027/5027 5028/5028
f 5029/5029 5030/5030 5031/5031
f 5032/5032 5033/5033 5034/5034
f 5035/5035 5036/5036 5037/5037
f 5038/5038 5039/5039 5040/5040
f 5041/5041 5042/5042 5043/5043
f 5044/5044 5045/5045 5046/5046
f 5047/5047 5048/5048 5049/5049
f 5050/5050 5051/5051 5052/5052
f 5053/5053 5054/5054 5055/5055
f 5056/5056 5057/5057 5058/5058
f 5059/5059 5060/5060 5061/5061
f 5062/5062 5063/5063 5064/5064
f 5065/5065 5066/5066 5067/5067
f 5068/5068 5069/5069 5070/5070
f 5071/5071 5072/5072 5073/5073
f 5074/5074 5075/5075 5076/5076
f 5077/5077 5078/5078 5079/5079
f 5080/5080 5081/5081 5082/5082
f 5083/5083 5084/5084 5085/5085
f 5086/5086 5087/5087 5088/5088
f 5089/5089 5090/5090 5091/5091
f 5092/5092 5093/5093 5094/5094
f 5095/5095 5096/5096 5097/5097
f 5098/5098 5099/5099 5100/5100
f 5101/5101 5102/5102 5103/5103
f 5104/5104 5105/5105 5106/5106
f 5107/5107 5108/5108 5109/5109
f 5110/5110 5111/5111 5112/5112
f 5113/5113 5114/5114 5115/5115
f 5116/5116 5117/5117 5118/5118
f 5119/5119 5120/5120 5121/5121
f 5122/5122 5123/5123 5124/5124
f 5125/5125 5126/5126 5127/5127
f 5128/5128 5129/5129 5130/5130
f 5131/5131 5132/5132 5133/5133
f 5134/5134 5135/5135 5136/5136
f 5137/5137 5138/5138 5139/5139
f 5140/5140 5141/5141 5142/5142
f 5143/5143 5144/5144 5145/5145
f 5146/5146 5147/5147 5148/5148
f 5149/5149 5150/5150 5151/5151
f 5152/5152 5153/5153 5154/5154
f 5155/5155 5156/5156 5157/5157
f 5158/5158 5159/5159 5160/5160
f 5161/5161 5162/5162 5163/5163
f 5164/5164 5165/5165 5166/5166
f 5167/5167 5168/5168 5169/5169
f 5170/5170 5171/5171 5172/5172
f 5173/5173 5174/5174 5175/5175
f 5176/5176 5177/5177 5178/5178
f 5179/5179 5180/5180 5181/5181
f 5182/5182 5183/5183 5184/5184
f 5185/5185 5186/5186 5187/5187
f 5188/5188 5189/5189 5190/5190
f 5191/5191 5192/5192 5193/5193
f 5194/5194 5195/5195 5196/5196
f 5197/5197 5198/5198 5199/5199
f 5200/5200 5201/5201 5202/5202
f 5203/5203 5204/5204 5205/5205
f 5206/5206 5207/5207 5208/5208
f 5209/5209 5210/5210 5211/5211
f 5212/5212 5213/5213 5214/5214
f 5215/5215 5216/5216 5217/5217
f 5218/5218 5219/5219 5220/5220
f 5221/5221 5222/5222 5223/5223
f 5224/5224 5225/5225 5226/5226
f 5227/5227 5228/5228 5229/5229
f 5230/5230 5231/5231 5232/5232
f 5233/5233 5234/5234 5235/5235
f 5236/5236 5237/5237 5238/5238
f 5239/5239 5240/5240 5241/5241
f 5242/5242 5243/5243 5244/5244
f 5245/5245 5246/5246 5247/5247
f 5248/5248 5249/5249 5250/5250
f 5251/5251 5252/5252 5253/5253
f 5254/5254 5255/5255 5256/5256
f 5257/5257 5258/5258 5259/5259
f 5260/5260 5261/5261 5262/5262
f 5263/5263 5264/5264 5265/5265
f 5266/5266 5267/5267 5268/5268
f 5269/5269 5270/5270 5271/5271
f 5272/5272 5273/5273 5274/5274
f 5275/5275 5276/5276 5277/5277
f 5278/5278 5279/5279 5280/5280
f 5281/5281 5282/5282 5283/5283
f 5284/5284 5285/5285 5286/5286
f 5287/5287 5288/5288 5289/5289
f 5290/5290 5291/5291 5292/5292
f 5293/5293 5294/5294 5295/5295
f 5296/5296 5297/5297 5298/5298
f 5299/5299 5300/5300 5301/5301
f 5302/5302 5303/5303 5304/5304
f 5305/5305 5306/5306 5307/5307
f 5308/5308 5309/5309 5310/5310
f 5311/5311 5312/5312 5313/5313
f 5314/5314 5315/5315 5316/5316
f 5317/5317 5318/5318 5319/5319
f 5320/5320 5321/5321 5322/5322
f 5323/5323 5324/5324 5325/5325
f 5326/5326 5327/5327 5328/5328
f 5329/5329 5330/5330 5331/5331
f 5332/5332 5333/5333 5334/5334
f 5335/5335 5336/5336 5337/5337
f 5338/5338 5339/5339 5340/5340
f 5341/5341 5342/5342 5343/5343
f 5344/5344 5345/5345 5346/5346
f 5347/5347 5348/5348 5349/5349
f 5350/5350 5351/5351 5352/5352
f 5353/5353 5354/5354 5355/5355
f 5356/5356 5357/5357 5358/5358
f 5359/5359 5360/5360 5361/5361
f 5362/5362 5363/5363 5364/5364
f 5365/5365 5366/5366 5367/5367
f 5368/5368 5369/5369 5370/5370
f 5371/5371 5372/5372 5373/5373
f 5374/5374 5375/5375 5376/5376
f 5377/5377 5378/5378 5379/5379
f 5380/5380 5381/5381 5382/5382
f 5383/5383 5384/5384 5385/5385
f 5386/5386 5387/5387 5388/5388
f 5389/5389 5390/5390 5391/5391
f 5392/5392 5393/5393 5394/5394
f 5395/5395 5396/5396 5397/5397
f 5398/5398 5399/5399 5400/5400
f 5401/5401 5402/5402 5403/5403
f 5404/5404 5405/5405 5406/5406
f 5407/5407 5408/5408 5409/5409
f 5410/5410 5411/5411 5412/5412
f 5413/5413 5414/5414 5415/5415
f 5416/5416 5417/5417 5418/5418
f 5419/5419 5420/5420 5421/5421
f 5422/5422 5423/5423 5424/5424
f 5425/5425 5426/5426 5427/5427
f 5428/5428 5429/5429 5430/5430
f 5431/5431 5432/5432 5433/5433
f 5434/5434 5435/5435 5436/5436
f 5437/5437 5438/5438 5439/5439
f 5440/5440 5441/5441 5442/5442
f 5443/5443 5444/5444 5445/5445
f 5446/5446 5447/5447 5448/5448
f 5449/5449 5450/5450 5451/5451
f 5452/5452 5453/5453 5454/5454
f 5455/5455 5456/5456 5457/5457
f 5458/5458 5459/5459 5460/5460
f 5461/5461 5462/5462 5463/5463
f 5464/5464 5465/5465 5466/5466
f 5467/5467 5468/5468 5469/5469
f 5470/5470 5471/5471 5472/5472
f 5473/5473 5474/5474 5475/5475
f 5476/5476 5477/5477 5478/5478
f 5479/5479 5480/5480 5481/5481
f 5482/5482 5483/5483 5484/5484
f 5485/5485 5486/5486 5487/5487
f 5488/5488 5489/5489 5490/5490
f 5491/5491 5492/5492 5493/5493
f 5494/5494 5495/5495 5496/5496
f 5497/5497 5498/5498 5499/5499
f 5500/5500 5501/5501 5502/5502
f 5503/5503 5504/5504 5505/5505
f 5506/5506 5507/5507 5508/5508
f 5509/5509 5510/5510 5511/5511
f 5512/5512 5513/5513 5514/5514
f 5515/5515 5516/5516 5517/5517
f 5518/5518 5519/5519 5520/5520
f 5521/5521 5522/5522 5523/5523
f 5524/5524 5525/5525 5526/5526
f 5527/5527 5528/5528 5529/5529
f 5530/5530 5531/5531 5532/5532
f 5533/5533 5534/5534 5535/5535
f 5536/5536 5537/5537 5538/5538
f 5539/5539 5540/5540 5541/5541
f 5542/5542 5543/5543 5544/5544
f 5545/5545 5546/5546 5547/5547
f 5548/5548 5549/5549 5550/5550
f 5551/5551 5552/5552 5553/5553
f 5554/5554 5555/5555 5556/5556
f 5557/5557 5558/5558 5559/5559
f 5560/5560 5561/5561 5562/5562
f 5563/5563 5564/5564 5565/5565
f 5566/5566 5567/5567 5568/5568
f 5569/5569 5570/5570 5571/5571
f 5572/5572 5573/5573 5574/5574
f 5575/5575 5576/5576 5577/5577
f 5578/5578 5579/5579 5580/5580
f 5581/5581 5582/5582 5583/5583
f 5584/5584 5585/5585 5586/5586
f 5587/5587 5588/5588 5589/5589
f 5590/5590 5591/5591 5592/5592
f 5593/5593 5594/5594 5595/5595
f 5596/5596 5597/5597 5598/5598
f 5599/5599 5600/5600 5601/5601
f 5602/5602 5603/5603 5604/5604
f 5605/5605 5606/5606 5607/5607
f 5608/5608 5609/5609 5610/5610
f 5611/5611 5612/5612 5613/5613
f 5614/5614 5615/5615 5616/5616
f 5617/5617 5618/5618 5619/5619
f 5620/5620 5621/5621 5622/5622
f 5623/5623 5624/5624 5625/5625
f 5626/5626 5627/5627 5628/5628
f 5629/5629 5630/5630 5631/5631
f 5632/5632 5633/5633 5634/5634
f 5635/5635 5636/5636 5637/5637
f 5638/5638 5639/5639 5640/5640
f 5641/5641 5642/5642 5643/5643
f 5644/5644 5645/5645 5646/5646
f 5647/5647 5648/5648 5649/5649
f 5650/5650 5651/5651 5652/5652
f 5653/5653 5654/5654 5655/5655
f 5656/5656 5657/5657 5658/5658
f 5659/5659 5660/5660 5661/5661
f 5662/5662 5663/5663 5664/5664
f 5665/5665 5666/5666 5667/5667
f 5668/5668 5669/5669 5670/5670
f 5671/5671 5672/5672 5673/5673
f 5674/5674 5675/5675 5676/5676
f 5677/5677 5678/5678 5679/5679
f 5680/5680 5681/5681 5682/5682
f 5683/5683 5684/5684 5685/5685
f 5686/5686 5687/5687 5688/5688
f 5689/5689 5690/5690 5691/5691
f 5692/5692 5693/5693 5694/5694
f 5695/5695 5696/5696 5697/5697
f 5698/5698 5699/5699 5700/5700
f 5701/5701 5702/5702 5703/5703
f 5704/5704 5705/5705 5706/5706
f 5707/5707 5708/5708 5709/5709
f 5710/5710 5711/5711 5712/5712
f 5713/5713 5714/5714 5715/5715
f 5716/5716 5717/5717 5718/5718
f 5719/5719 5720/5720 5721/5721
f 5722/5722 5723/5723 5724/5724
f 5725/5725 5726/5726 5727/5727
f 5728/5728 5729/5729 5730/5730
f 5731/5731 5732/5732 5733/5733
f 5734/5734 5735/5735 5736/5736
f 5737/5737 5738/5738 5739/5739
f 5740/5740 5741/5741 5742/5742
f 5743/5743 5744/5744 5745/5745
f 5746/5746 5747/5747 5748/5748
f 5749/5749 5750/5750 5751/5751
f 5752/5752 5753/5753 5754/5754
f 5755/5755 5756/5756 5757/5757
f 5758/5758 5759/5759 5760/5760
f 5761/5761 5762/5762 5763/5763
f 5764/5764 5765/5765 5766/5766
f 5767/5767 5768/5768 5769/5769
f 5770/5770 5771/5771 5772/5772
f 5773/5773 5774/5774 5775/5775
f 5776/5776 5777/5777 5778/5778
f 5779/5779 5780/5780 5781/5781
f 5782/5782 5783/5783 5784/5784
f 5785/5785 5786/5786 5787/5787
f 5788/5788 5789/5789 5790/5790
f 5791/5791 5792/5792 5793/5793
f 5794/5794 5795/5795 5796/5796
f 5797/5797 5798/5798 5799/5799
f 5800/5800 5801/5801 5802/5802
f 5803/5803 5804/5804 5805/5805
f 5806/5806 5807/5807 5808/5808
f 5809/5809 5810/5810 5811/5811
f 5812/5812 5813/5813 5814/5814
f 5815/5815 5816/5816 5817/5817
f 5818/5818 5819/5819 5820/5820
f 5821/5821 5822/5822 5823/5823
f 5824/5824 5825/5825 5826/5826
f 5827/5827 5828/5828 5829/5829
f 5830/5830 5831/5831 5832/5832
f 5833/5833 5834/5834 5835/5835
f 5836/5836 5837/5837 5838/5838
f 5839/5839 5840/5840 5841/5841
f 5842/5842 5843/5843 5844/5844
f 5845/5845 5846/5846 5847/5847
f 5848/5848 5849/5849 5850/5850
f 5851/5851 5852/5852 5853/5853
f 5854/5854 5855/5855 5856/5856
f 5857/5857 5858/5858 5859/5859
f 5860/5860 5861/5861 5862/5862
f 5863/5863 5864/5864 5865/5865
f 5866/5866 5867/5867 5868/5868
f 5869/5869 5870/5870 5871/5871
f 5872/5872 5873/5873 5874/5874
f 5875/5875 5876/5876 5877/5877
f 5878/5878 5879/5879 5880/5880
f 5881/5881 5882/5882 5883/5883
f 5884/5884 5885/5885 5886/5886
f 5887/5887 5888/5888 5889/5889
f 5890/5890 5891/5891 5892/5892
f 5893/5893 5894/5894 5895/5895
f 5896/5896 5897/5897 5898/5898
f 5899/5899 5900/5900 5901/5901
f 5902/5902 5903/5903 5904/5904
f 5905/5905 5906/5906 5907/5907
f 5908/5908 5909/5909 5910/5910
f 5911/5911 5912/5912 5913/5913
f 5914/5914 5915/5915 5916/5916
f 5917/5917 5918/5918 5919/5919
f 5920/5920 5921/5921 5922/5922
f 5923/5923 5924/5924 5925/5925
f 5926/5926 5927/5927 5928/5928
f 5929/5929 5930/5930 5931/5931
f 5932/5932 5933/5933 5934/5934
f 5935/5935 5936/5936 5937/5937
f 5938/5938 5939/5939 5940/5940
f 5941/5941 5942/5942 5943/5943
f 5944/5944 5945/5945 5946/5946
f 5947/5947 5948/5948 5949/5949
f 5950/5950 5951/5951 5952/5952
f 5953/5953 5954/5954 5955/5955
f 5956/5956 5957/5957 5958/5958
f 5959/5959 5960/5960 5961/5961
f 5962/5962 5963/5963 5964/5964
f 5965/5965 5966/5966 5967/5967
f 5968/5968 5969/5969 5970/5970
f 5971/5971 5972/5972 5973/5973
f 5974/5974 5975/5975 5976/5976
f 5977/5977 5978/5978 5979/5979
f 5980/5980 5981/5981 5982/5982
f 5983/5983 5984/5984 5985/5985
f 5986/5986 5987/5987 5988/5988
f 5989/5989 5990/5990 5991/5991
f 5992/5992 5993/5993 5994/5994
f 5995/5995 5996/5996 5997/5997
f 5998/5998 5999/5999 6000/6000
f 6001/6001 6002/6002 6003/6003
f 6004/6004 6005/6005 6006/6006
f 6007/6007 6008/6008 6009/6009
f 6010/6010 6011/6011 6012/6012
f 6013/6013 6014/6014 6015/6015
f 6016/6016 6017/6017 6018/6018
f 6019/6019 6020/6020 6021/6021
f 6022/6022 6023/6023 6024/6024
f 6025/6025 6026/6026 6027/6027
f 6028/6028 6029/6029 6030/6030
f 6031/6031 6032/6032 6033/6033
f 6034/6034 6035/6035 6036/6036
f 6037/6037 6038/6038 6039/6039
f 6040/6040 6041/6041 6042/6042
f 6043/6043 6044/6044 6045/6045
f 6046/6046 6047/6047 6048/6048
f 6049/6049 6050/6050 6051/6051
f 6052/6052 6053/6053 6054/6054
f 6055/6055 6056/6056 6057/6057
f 6058/6058 6059/6059 6060/6060
f 6061/6061 6062/6062 6063/6063
f 6064/6064 6065/6065 6066/6066
f 6067/6067 6068/6068 6069/6069
f 6070/6070 6071/6071 6072/6072
f 6073/6073 6074/6074 6075/6075
f 6076/6076 6077/6077 6078/6078
f 6079/6079 6080/6080 6081/6081
f 6082/6082 6083/6083 6084/6084
f 6085/6085 6086/6086 6087/6087
f 6088/6088 6089/6089 6090/6090
f 6091/6091 6092/6092 6093/6093
f 6094/6094 6095/6095 6096/6096
f 6097/6097 6098/6098 6099/6099
f 6100/6100 6101/6101 6102/6102
f 6103/6103 6104/6104 6105/6105
f 6106/6106 6107/6107 6108/6108
f 6109/6109 6110/6110 6111/6111
f 6112/6112 6113/6113 6114/6114
f 6115/6115 6116/6116 6117/6117
f 6118/6118 6119/6119 6120/6120
f 6121/6121 6122/6122 6123/6123
f 6124/6124 6125/6125 6126/6126
f 6127/6127 6128/6128 6129/6129
f 6130/6130 6131/6131 6132/6132
f 6133/6133 6134/6134 6135/6135
f 6136/6136 6137/6137 6138/6138
f 6139/6139 6140/6140 6141/6141
f 6142/6142 6143/6143 6144/6144
f 6145/6145 6146/6146 6147/6147
f 6148/6148 6149/6149 6150/6150
f 6151/6151 6152/6152 6153/6153
f 6154/6154 6155/6155 6156/6156
f 6157/6157 6158/6158 6159/6159
f 6160/6160 6161/6161 6162/6162
f 6163/6163 6164/6164 6165/6165
f 6166/6166 6167/6167 6168/6168
f 6169/6169 6170/6170 6171/6171
f 6172/6172 6173/6173 6174/6174
f 6175/6175 6176/6176 6177/6177
f 6178/6178 6179/6179 6180/6180
f 6181/6181 6182/6182 6183/6183
f 6184/6184 6185/6185 6186/6186
f 6187/6187 6188/6188 6189/6189
f 6190/6190 6191/6191 6192/6192
f 6193/6193 6194/6194 6195/6195
f 6196/6196 6197/6197 6198/6198
f 6199/6199 6200/6200 6201/6201
f 6202/6202 6203/6203 6204/6204
f 6205/6205 6206/6206 6207/6207
f 6208/6208 6209/6209 6210/6210
f 6211/6211 6212/6212 6213/6213
f 6214/6214 6215/6215 6216/6216
f 6217/6217 6218/6218 6219/6219
f 6220/6220 6221/6221 6222/6222
f 6223/6223 6224/6224 6225/6225
f 6226/6226 6227/6227 6228/6228
f 6229/6229 6230/6230 6231/6231
f 6232/6232 6233/6233 6234/6234
f 6235/6235 6236/6236 6237/6237
f 6238/6238 6239/6239 6240/6240
f 6241/6241 6242/6242 6243/6243
f 6244/6244 6245/6245 6246/6246
f 6247/6247 6248/6248 6249/6249
f 6250/6250 6251/6251 6252/6252
f 6253/6253 6254/6254 6255/6255
f 6256/6256 6257/6257 6258/6258
f 6259/6259 6260/6260 6261/6261
f 6262/6262 6263/6263 6264/6264
f 6265/6265 6266/6266 6267/6267
f 6268/6268 6269/6269 6270/6270
f 6271/6271 6272/6272 6273/6273
f 6274/6274 6275/6275 6276/6276
f 6277/6277 6278/6278 6279/6279
f 6280/6280 6281/6281 6282/6282
f 6283/6283 6284/6284 6285/6285
f 6286/6286 6287/6287 6288/6288
f 6289/6289 6290/6290 6291/6291
f 6292/6292 6293/6293 6294/6294
f 6295/6295 6296/6296 6297/6297
f 6298/6298 6299/6299 6300/6300
f 6301/6301 6302/6302 6303/6303
f 6304/6304 6305/6305 6306/6306
f 6307/6307 6308/6308 6309/6309
f 6310/6310 6311/6311 6312/6312
f 6313/6313 6314/6314 6315/6315
f 6316/6316 6317/6317 6318/6318
f 6319/6319 6320/6320 6321/6321
f 6322/6322 6323/6323 6324/6324
f 6325/6325 6326/6326 6327/6327
f 6328/6328 6329/6329 6330/6330
f 6331/6331 6332/6332 6333/6333
f 6334/6334 6335/6335 6336/6336
f 6337/6337 6338/6338 6339/6339
f 6340/6340 6341/6341 6342/6342
f 6343/6343 6344/6344 6345/6345
f 6346/6346 6347/6347 6348/6348
f 6349/6349 6350/6350 6351/6351
f 6352/6352 6353/6353 6354/6354
f 6355/6355 6356/6356 6357/6357
f 6358/6358 6359/6359 6360/6360
f 6361/6361 6362/6362 6363/6363
f 6364/6364 6365/6365 6366/6366
f 6367/6367 6368/6368 6369/6369
f 6370/6370 6371/6371 6372/6372
f 6373/6373 6374/6374 6375/6375
f 6376/6376 6377/6377 6378/6378
f 6379/6379 6380/6380 6381/6381
f 6382/6382 6383/6383 6384/6384
f 6385/6385 6386/6386 6387/6387
f 6388/6388 6389/6389 6390/6390
f 6391/6391 6392/6392 6393/6393
f 6394/6394 6395/6395 6396/6396
f 6397/6397 6398/6398 6399/6399
f 6400/6400 6401/6401 6402/6402
f 6403/6403 6404/6404 6405/6405
f 6406/6406 6407/6407 6408/6408
f 6409/6409 6410/6410 6411/6411
f 6412/6412 6413/6413 6414/6414
f 6415/6415 6416/6416 6417/6417
f 6418/6418 6419/6419 6420/6420
f 6421/6421 6422/6422 6423/6423
f 6424/6424 6425/6425 6426/6426
f 6427/6427 6428/6428 6429/6429
f 6430/6430 6431/6431 6432/6432
f 6433/6433 6434/6434 6435/6435
f 6436/6436 6437/6437 6438/6438
f 6439/6439 6440/6440 6441/6441
f 6442/6442 6443/6443 6444/6444
f 6445/6445 6446/6446 6447/6447
f 6448/6448 6449/6449 6450/6450
f 6451/6451 6452/6452 6453/6453
f 6454/6454 6455/6455 6456/6456
f 6457/6457 6458/6458 6459/6459
f 6460/6460 6461/6461 6462/6462
f 6463/6463 6464/6464 6465/6465
f 6466/6466 6467/6467 6468/6468
f 6469/6469 6470/6470 6471/6471
f 6472/6472 6473/6473 6474/6474
f 6475/6475 6476/6476 6477/6477
f 6478/6478 6479/6479 6480/6480
f 6481/6481 6482/6482 6483/6483
f 6484/6484 6485/6485 6486/6486
f 6487/6487 6488/6488 6489/6489
f 6490/6490 6491/6491 6492/6492
f 6493/6493 6494/6494 6495/6495
f 6496/6496 6497/6497 6498/6498
f 6499/6499 6500/6500 6501/6501
f 6502/6502 6503/6503 6504/6504
f 6505/6505 6506/6506 6507/6507
f 6508/6508 6509/6509 6510/6510
f 6511/6511 6512/6512 6513/6513
f 6514/6514 6515/6515 6516/6516
f 6517/6517 6518/6518 6519/6519
f 6520/6520 6521/6521 6522/6522
f 6523/6523 6524/6524 6525/6525
f 6526/6526 6527/6527 6528/6528
f 6529/6529 6530/6530 6531/6531
f 6532/6532 6533/6533 6534/6534
f 6535/6535 6536/6536 6537/6537
f 6538/6538 6539/6539 6540/6540
f 6541/6541 6542/6542 6543/6543
f 6544/6544 6545/6545 6546/6546
f 6547/6547 6548/6548 6549/6549
f 6550/6550 6551/6551 6552/6552
f 6553/6553 6554/6554 6555/6555
f 6556/6556 6557/6557 6558/6558
f 6559/6559 6560/6560 6561/6561
f 6562/6562 6563/6563 6564/6564
f 6565/6565 6566/6566 6567/6567
f 6568/6568 6569/6569 6570/6570
f 6571/6571 6572/6572 6573/6573
f 6574/6574 6575/6575 6576/6576
f 6577/6577 6578/6578 6579/6579
f 6580/6580 6581/6581 6582/6582
f 6583/6583 6584/6584 6585/6585
f 6586/6586 6587/6587 6588/6588
f 6589/6589 6590/6590 6591/6591
f 6592/6592 6593/6593 6594/6594
f 6595/6595 6596/6596 6597/6597
f 6598/6598 6599/6599 6600/6600
f 6601/6601 6602/6602 6603/6603
f 6604/6604 6605/6605 6606/6606
f 6607/6607 6608/6608 6609/6609
f 6610/6610 6611/6611 6612/6612
f 6613/6613 6614/6614 6615/6615
f 6616/6616 6617/6617 6618/6618
f 6619/6619 6620/6620 6621/6621
f 6622/6622 6623/6623 6624/6624
f 6625/6625 6626/6626 6627/6627
f 6628/6628 6629/6629 6630/6630
f 6631/6631 6632/6632 6633/6633
f 6634/6634 6635/6635 6636/6636
f 6637/6637 6638/6638 6639/6639
f 6640/6640 6641/6641 6642/6642
f 6643/6643 6644/6644 6645/6645
f 6646/6646 6647/6647 6648/6648
f 6649/6649 6650/6650 6651/6651
f 6652/6652 6653/6653 6654/6654
f 6655/6655 6656/6656 6657/6657
f 6658/6658 6659/6659 6660/6660
f 6661/6661 6662/6662 6663/6663
f 6664/6664 6665/6665 6666/6666
f 6667/6667 6668/6668 6669/6669
f 6670/6670 6671/6671 6672/6672
f 6673/6673 6674/6674 6675/6675
f 6676/6676 6677/6677 6678/6678
f 6679/6679 6680/6680 6681/6681
f 6682/6682 6683/6683 6684/6684
f 6685/6685 6686/6686 6687/6687
f 6688/6688 6689/6689 6690/6690
f 6691/6691 6692/6692 6693/6693
f 6694/6694 6695/6695 6696/6696
f 6697/6697 6698/6698 6699/6699
f 6700/6700 6701/6701 6702/6702
f 6703/6703 6704/6704 6705/6705
f 6706/6706 6707/6707 6708/6708
f 6709/6709 6710/6710 6711/6711
f 6712/6712 6713/6713 6714/6714
f 6715/6715 6716/6716 6717/6717
f 6718/6718 6719/6719 6720/6720
f 6721/6721 6722/6722 6723/6723
f 6724/6724 6725/6725 6726/6726
f 6727/6727 6728/6728 6729/6729
f 6730/6730 6731/6731 6732/6732
f 6733/6733 6734/6734 6735/6735
f 6736/6736 6737/6737 6738/6738
f 6739/6739 6740/6740 6741/6741
f 6742/6742 6743/6743 6744/6744
f 6745/6745 6746/6746 6747/6747
f 6748/6748 6749/6749 6750/6750
f 6751/6751 6752/6752 6753/6753
f 6754/6754 6755/6755 6756/6756
f 6757/6757 6758/6758 6759/6759
f 6760/6760 6761/6761 6762/6762
f 6763/6763 6764/6764 6765/6765
f 6766/6766 6767/6767 6768/6768
f 6769/6769 6770/6770 6771/6771
f 6772/6772 6773/6773 6774/6774
f 6775/6775 6776/6776 6777/6777
f 6778/6778 6779/6779 6780/6780
f 6781/6781 6782/6782 6783/6783
f 6784/6784 6785/6785 6786/6786
f 6787/6787 6788/6788 6789/6789
f 6790/6790 6791/6791 6792/6792
f 6793/6793 6794/6794 6795/6795
f 6796/6796 6797/6797 6798/6798
f 6799/6799 6800/6800 6801/6801
f 6802/6802 6803/6803 6804/6804
f 6805/6805 6806/6806 6807/6807
f 6808/6808 6809/6809 6810/6810
f 6811/6811 6812/6812 6813/6813
f 6814/6814 6815/6815 6816/6816
f 6817/6817 6818/6818 6819/6819
f 6820/6820 6821/6821 6822/6822
f 6823/6823 6824/6824 6825/6825
f 6826/6826 6827/6827 6828/6828
f 6829/6829 6830/6830 6831/6831
f 6832/6832 6833/6833 6834/6834
f 6835/6835 6836/6836 6837/6837
f 6838/6838 6839/6839 6840/6840
f 6841/6841 6842/6842 6843/6843
f 6844/6844 6845/6845 6846/6846
f 6847/6847 6848/6848 6849/6849
f 6850/6850 6851/6851 6852/6852
f 6853/6853 6854/6854 6855/6855
f 6856/6856 6857/6857 6858/6858
f 6859/6859 6860/6860 6861/6861
f 6862/6862 6863/6863 6864/6864
f 6865/6865 6866/6866 6867/6867
f 6868/6868 6869/6869 6870/6870
f 6871/6871 6872/6872 6873/6873
f 6874/6874 6875/6875 6876/6876
f 6877/6877 6878/6878 6879/6879
f 6880/6880 6881/6881 6882/6882
f 6883/6883 6884/6884 6885/6885
f 6886/6886 6887/6887 6888/6888
f 6889/6889 6890/6890 6891/6891
f 6892/6892 6893/6893 6894/6894
f 6895/6895 6896/6896 6897/6897
f 6898/6898 6899/6899 6900/6900
f 6901/6901 6902/6902 6903/6903
f 6904/6904 6905/6905 6906/6906
f 6907/6907 6908/6908 6909/6909
f 6910/6910 6911/6911 6912/6912
f 6913/6913 6914/6914 6915/6915
f 6916/6916 6917/6917 6918/6918
f 6919/6919 6920/6920 6921/6921
f 6922/6922 6923/6923 6924/6924
f 6925/6925 6926/6926 6927/6927
f 6928/6928 6929/6929 6930/6930
f 6931/6931 6932/6932 6933/6933
f 6934/6934 6935/6935 6936/6936
f 6937/6937 6938/6938 6939/6939
f 6940/6940 6941/6941 6942/6942
f 6943/6943 6944/6944 6945/6945
f 6946/6946 6947/6947 6948/6948
f 6949/6949 6950/6950 6951/6951
f 6952/6952 6953/6953 6954/6954
f 6955/6955 6956/6956 6957/6957
f 6958/6958 6959/6959 6960/6960
f 6961/6961 6962/6962 6963/6963
f 6964/6964 6965/6965 6966/6966
f 6967/6967 6968/6968 6969/6969
f 6970/6970 6971/6971 6972/6972
f 6973/6973 6974/6974 6975/6975
f 6976/6976 6977/6977 6978/6978
f 6979/6979 6980/6980 6981/6981
f 6982/6982 6983/6983 6984/6984
f 6985/6985 6986/6986 6987/6987
f 6988/6988 6989/6989 6990/6990
f 6991/6991 6992/6992 6993/6993
f 6994/6994 6995/6995 6996/6996
f 6997/6997 6998/6998 6999/6999
f 7000/7000 7001/7001 7002/7002
f 7003/7003 7004/7004 7005/7005
f 7006/7006 7007/7007 7008/7008
f 7009/7009 7010/7010 7011/7011
f 7012/7012 7013/7013 7014/7014
f 7015/7015 7016/7016 7017/7017
f 7018/7018 7019/7019 7020/7020
f 7021/7021 7022/7022 7023/7023
f 7024/7024 7025/7025 7026/7026
f 7027/7027 7028/7028 7029/7029
f 7030/7030 7031/7031 7032/7032
f 7033/7033 7034/7034 7035/7035
f 7036/7036 7037/7037 7038/7038
f 7039/7039 7040/7040 7041/7041
f 7042/7042 7043/7043 7044/7044
f 7045/7045 7046/7046 7047/7047
f 7048/7048 7049/7049 7050/7050
f 7051/7051 7052/7052 7053/7053
f 7054/7054 7055/7055 7056/7056
f 7057/7057 7058/7058 7059/7059
f 7060/7060 7061/7061 7062/7062
f 7063/7063 7064/7064 7065/7065
f 7066/7066 7067/7067 7068/7068
f 7069/7069 7070/7070 7071/7071
f 7072/7072 7073/7073 7074/7074
f 7075/7075 7076/7076 7077/7077
f 7078/7078 7079/7079 7080/7080
f 7081/7081 7082/7082 7083/7083
f 7084/7084 7085/7085 7086/7086
f 7087/7087 7088/7088 7089/7089
f 7090/7090 7091/7091 7092/7092
f 7093/7093 7094/7094 7095/7095
f 7096/7096 7097/7097 7098/7098
f 7099/7099 7100/7100 7101/7101
f 7102/7102 7103/7103 7104/7104
f 7105/7105 7106/7106 7107/7107
f 7108/7108 7109/7109 7110/7110
f 7111/7111 7112/7112 7113/7113
f 7114/7114 7115/7115 7116/7116
f 7117/7117 7118/7118 7119/7119
f 7120/7120 7121/7121 7122/7122
f 7123/7123 7124/7124 7125/7125
f 7126/7126 7127/7127 7128/7128
f 7129/7129 7130/7130 7131/7131
f 7132/7132 7133/7133 7134/7134
f 7135/7135 7136/7136 7137/7137
f 7138/7138 7139/7139 7140/7140
f 7141/7141 7142/7142 7143/7143
f 7144/7144 7145/7145 7146/7146
f 7147/7147 7148/7148 7149/7149
f 7150/7150 7151/7151 7152/7152
f 7153/7153 7154/7154 7155/7155
f 7156/7156 7157/7157 7158/7158
f 7159/7159 7160/7160 7161/7161
f 7162/7162 7163/7163 7164/7164
f 7165/7165 7166/7166 7167/7167
f 7168/7168 7169/7169 7170/7170
f 7171/7171 7172/7172 7173/7173
f 7174/7174 7175/7175 7176/7176
f 7177/7177 7178/7178 7179/7179
f 7180/7180 7181/7181 7182/7182
f 7183/7183 7184/7184 7185/7185
f 7186/7186 7187/7187 7188/7188
f 7189/7189 7190/7190 7191/7191
f 7192/7192 7193/7193 7194/7194
f 7195/7195 7196/7196 7197/7197
f 7198/7198 7199/7199 7200/7200
f 7201/7201 7202/7202 7203/7203
f 7204/7204 7205/7205 7206/7206
f 7207/7207 7208/7208 7209/7209
f 7210/7210 7211/7211 7212/7212
f 7213/7213 7214/7214 7215/7215
f 7216/7216 7217/7217 7218/7218
f 7219/7219 7220/7220 7221/7221
f 7222/7222 7223/7223 7224/7224
f 7225/7225 7226/7226 7227/7227
f 7228/7228 7229/7229 7230/7230
f 7231/7231 7232/7232 7233/7233
f 7234/7234 7235/7235 7236/7236
f 7237/7237 7238/7238 7239/7239
f 7240/7240 7241/7241 7242/7242
f 7243/7243 7244/7244 7245/7245
f 7246/7246 7247/7247 7248/7248
f 7249/7249 7250/7250 7251/7251
f 7252/7252 7253/7253 7254/7254
f 7255/7255 7256/7256 7257/7257
f 7258/7258 7259/7259 7260/7260
f 7261/7261 7262/7262 7263/7263
f 7264/7264 7265/7265 7266/7266
f 7267/7267 7268/7268 7269/7269
f 7270/7270 7271/7271 7272/7272
f 7273/7273 7274/7274 7275/7275
f 7276/7276 7277/7277 7278/7278
f 7279/7279 7280/7280 7281/7281
f 7282/7282 7283/7283 7284/7284
f 7285/7285 7286/7286 7287/7287
f 7288/7288 7289/7289 7290/7290
f 7291/7291 7292/7292 7293/7293
f 7294/7294 7295/7295 7296/7296
f 7297/7297 7298/7298 7299/7299
f 7300/7300 7301/7301 7302/7302
f 7303/7303 7304/7304 7305/7305
f 7306/7306 7307/7307 7308/7308
f 7309/7309 7310/7310 7311/7311
f 7312/7312 7313/7313 7314/7314
f 7315/7315 7316/7316 7317/7317
f 7318/7318 7319/7319 7320/7320
f 7321/7321 7322/7322 7323/7323
f 7324/7324 7325/7325 7326/7326
f 7327/7327 7328/7328 7329/7329
f 7330/7330 7331/7331 7332/7332
f 7333/7333 7334/7334 7335/7335
f 7336/7336 7337/7337 7338/7338
f 7339/7339 7340/7340 7341/7341
f 7342/7342 7343/7343 7344/7344
f 7345/7345 7346/7346 7347/7347
f 7348/7348 7349/7349 7350/7350
f 7351/7351 7352/7352 7353/7353
f 7354/7354 7355/7355 7356/7356
f 7357/7357 7358/7358 7359/7359
f 7360/7360 7361/7361 7362/7362
f 7363/7363 7364/7364 7365/7365
f 7366/7366 7367/7367 7368/7368
f 7369/7369 7370/7370 7371/7371
f 7372/7372 7373/7373 7374/7374
f 7375/7375 7376/7376 7377/7377
f 7378/7378 7379/7379 7380/7380
f 7381/7381 7382/7382 7383/7383
f 7384/7384 7385/7385 7386/7386
f 7387/7387 7388/7388 7389/7389
f 7390/7390 7391/7391 7392/7392
f 7393/7393 7394/7394 7395/7395
f 7396/7396 7397/7397 7398/7398
f 7399/7399 7400/7400 7401/7401
f 7402/7402 7403/7403 7404/7404
f 7405/7405 7406/7406 7407/7407
f 7408/7408 7409/7409 7410/7410
f 7411/7411 7412/7412 7413/7413
f 7414/7414 7415/7415 7416/7416
f 7417/7417 7418/7418 7419/7419
f 7420/7420 7421/7421 7422/7422
f 7423/7423 7424/7424 7425/7425
f 7426/7426 7427/7427 7428/7428
f 7429/7429 7430/7430 7431/7431
f 7432/7432 7433/7433 7434/7434
f 7435/7435 7436/7436 7437/7437
f 7438/7438 7439/7439 7440/7440
f 7441/7441 7442/7442 7443/7443
f 7444/7444 7445/7445 7446/7446
f 7447/7447 7448/7448 7449/7449
f 7450/7450 7451/7451 7452/7452
f 7453/7453 7454/7454 7455/7455
f 7456/7456 7457/7457 7458/7458
f 7459/7459 7460/7460 7461/7461
f 7462/7462 7463/7463 7464/7464
f 7465/7465 7466/7466 7467/7467
f 7468/7468 7469/7469 7470/7470
f 7471/7471 7472/7472 7473/7473
f 7474/7474 7475/7475 7476/7476
f 7477/7477 7478/7478 7479/7479
f 7480/7480 7481/7481 7482/7482
f 7483/7483 7484/7484 7485/7485
f 7486/7486 7487/7487 7488/7488
f 7489/7489 7490/7490 7491/7491
f 7492/7492 7493/7493 7494/7494
f 7495/7495 7496/7496 7497/7497
f 7498/7498 7499/7499 7500/7500
f 7501/7501 7502/7502 7503/7503
f 7504/7504 7505/7505 7506/7506
f 7507/7507 7508/7508 7509/7509
f 7510/7510 7511/7511 7512/7512
f 7513/7513 7514/7514 7515/7515
f 7516/7516 7517/7517 7518/7518
f 7519/7519 7520/7520 7521/7521
f 7522/7522 7523/7523 7524/7524
f 7525/7525 7526/7526 7527/7527
f 7528/7528 7529/7529 7530/7530
f 7531/7531 7532/7532 7533/7533
f 7534/7534 7535/7535 7536/7536
f 7537/7537 7538/7538 7539/7539
f 7540/7540 7541/7541 7542/7542
f 7543/7543 7544/7544 7545/7545
f 7546/7546 7547/7547 7548/7548
f 7549/7549 7550/7550 7551/7551
f 7552/7552 7553/7553 7554/7554
f 7555/7555 7556/7556 7557/7557
f 7558/7558 7559/7559 7560/7560
f 7561/7561 7562/7562 7563/7563
f 7564/7564 7565/7565 7566/7566
f 7567/7567 7568/7568 7569/7569
f 7570/7570 7571/7571 7572/7572
f 7573/7573 7574/7574 7575/7575
f 7576/7576 7577/7577 7578/7578
f 7579/7579 7580/7580 7581/7581
f 7582/7582 7583/7583 7584/7584
f 7585/7585 7586/7586 7587/7587
f 7588/7588 7589/7589 7590/7590
f 7591/7591 7592/7592 7593/7593
f 7594/7594 7595/7595 7596/7596
f 7597/7597 7598/7598 7599/7599
f 7600/7600 7601/7601 7602/7602
f 7603/7603 7604/7604 7605/7605
f 7606/7606 7607/7607 7608/7608
f 7609/7609 7610/7610 7611/7611
f 7612/7612 7613/7613 7614/7614
f 7615/7615 7616/7616 7617/7617
f 7618/7618 7619/7619 7620/7620
f 7621/7621 7622/7622 7623/7623
f 7624/7624 7625/7625 7626/7626
f 7627/7627 7628/7628 7629/7629
f 7630/7630 7631/7631 7632/7632
f 7633/7633 7634/7634 7635/7635
f 7636/7636 7637/7637 7638/7638
f 7639/7639 7640/7640 7641/7641
f 7642/7642 7643/7643 7644/7644
f 7645/7645 7646/7646 7647/7647
f 7648/7648 7649/7649 7650/7650
f 7651/7651 7652/7652 7653/7653
f 7654/7654 7655/7655 7656/7656
f 7657/7657 7658/7658 7659/7659
f 7660/7660 7661/7661 7662/7662
f 7663/7663 7664/7664 7665/7665
f 7666/7666 7667/7667 7668/7668
f 7669/7669 7670/7670 7671/7671
f 7672/7672 7673/7673 7674/7674
f 7675/7675 7676/7676 7677/7677
f 7678/7678 7679/7679 7680/7680
f 7681/7681 7682/7682 7683/7683
f 7684/7684 7685/7685 7686/7686
f 7687/7687 7688/7688 7689/7689
f 7690/7690 7691/7691 7692/7692
f 7693/7693 7694/7694 7695/7695
f 7696/7696 7697/7697 7698/7698
f 7699/7699 7700/7700 7701/7701
f 7702/7702 7703/7703 7704/7704
f 7705/7705 7706/7706 7707/7707
f 7708/7708 7709/7709 7710/7710
f 7711/7711 7712/7712 7713/7713
f 7714/7714 7715/7715 7716/7716
f 7717/7717 7718/7718 7719/7719
f 7720/7720 7721/7721 7722/7722
f 7723/7723 7724/7724 7725/7725
f 7726/7726 7727/7727 7728/7728
f 7729/7729 7730/7730 7731/7731
f 7732/7732 7733/7733 7734/7734
f 7735/7735 7736/7736 7737/7737
f 7738/7738 7739/7739 7740/7740
f 7741/7741 7742/7742 7743/7743
f 7744/7744 7745/7745 7746/7746
f 7747/7747 7748/7748 7749/7749
f 7750/7750 7751/7751 7752/7752
f 7753/7753 7754/7754 7755/7755
f 7756/7756 7757/7757 7758/7758
f 7759/7759 7760/7760 7761/7761
f 7762/7762 7763/7763 7764/7764
f 7765/7765 7766/7766 7767/7767
f 7768/7768 7769/7769 7770/7770
f 7771/7771 7772/7772 7773/7773
f 7774/7774 7775/7775 7776/7776
f 7777/7777 7778/7778 7779/7779
f 7780/7780 7781/7781 7782/7782
f 7783/7783 7784/7784 7785/7785
f 7786/7786 7787/7787 7788/7788
f 7789/7789 7790/7790 7791/7791
f 7792/7792 7793/7793 7794/7794
f 7795/7795 7796/7796 7797/7797
f 7798/7798 7799/7799 7800/7800
f 7801/7801 7802/7802 7803/7803
f 7804/7804 7805/7805 7806/7806
f 7807/7807 7808/7808 7809/7809
f 7810/7810 7811/7811 7812/7812
f 7813/7813 7814/7814 7815/7815
f 7816/7816 7817/7817 7818/7818
f 7819/7819 7820/7820 7821/7821
f 7822/7822 7823/7823 7824/7824
f 7825/7825 7826/7826 7827/7827
f 7828/7828 7829/7829 7830/7830
f 7831/7831 7832/7832 7833/7833
f 7834/7834 7835/7835 7836/7836
f 7837/7837 7838/7838 7839/7839
f 7840/7840 7841/7841 7842/7842
f 7843/7843 7844/7844 7845/7845
f 7846/7846 7847/7847 7848/7848
f 7849/7849 7850/7850 7851/7851
f 7852/7852 7853/7853 7854/7854
f 7855/7855 7856/7856 7857/7857
f 7858/7858 7859/7859 7860/7860
f 7861/7861 7862/7862 7863/7863
f 7864/7864 7865/7865 7866/7866
f 7867/7867 7868/7868 7869/7869
f 7870/7870 7871/7871 7872/7872
f 7873/7873 7874/7874 7875/7875
f 7876/7876 7877/7877 7878/7878
f 7879/7879 7880/7880 7881/7881
f 7882/7882 7883/7883 7884/7884
f 7885/7885 7886/7886 7887/7887
f 7888/7888 7889/7889 7890/7890
f 7891/7891 7892/7892 7893/7893
f 7894/7894 7895/7895 7896/7896
f 7897/7897 7898/7898 7899/7899
f 7900/7900 7901/7901 7902/7902
f 7903/7903 7904/7904 7905/7905
f 7906/7906 7907/7907 7908/7908
f 7909/7909 7910/7910 7911/7911
f 7912/7912 7913/7913 7914/7914
f 7915/7915 7916/7916 7917/7917
f 7918/7918 7919/7919 7920/7920
f 7921/7921 7922/7922 7923/7923
f 7924/7924 7925/7925 7926/7926
f 7927/7927 7928/7928 7929/7929
f 7930/7930 7931/7931 7932/7932
f 7933/7933 7934/7934 7935/7935
f 7936/7936 7937/7937 7938/7938
f 7939/7939 7940/7940 7941/7941
f 7942/7942 7943/7943 7944/7944
f 7945/7945 7946/7946 7947/7947
f 7948/7948 7949/7949 7950/7950
f 7951/7951 7952/7952 7953/7953
f 7954/7954 7955/7955 7956/7956
f 7957/7957 7958/7958 7959/7959
f 7960/7960 7961/7961 7962/7962
f 7963/7963 7964/7964 7965/7965
f 7966/7966 7967/7967 7968/7968
f 7969/7969 7970/7970 7971/7971
f 7972/7972 7973/7973 7974/7974
f 7975/7975 7976/7976 7977/7977
f 7978/7978 7979/7979 7980/7980
f 7981/7981 7982/7982 7983/7983
f 7984/7984 7985/7985 7986/7986
f 7987/7987 7988/7988 7989/7989
f 7990/7990 7991/7991 7992/7992
f 7993/7993 7994/7994 7995/7995
f 7996/7996 7997/7997 7998/7998
f 7999/7999 8000/8000 8001/8001
f 8002/8002 8003/8003 8004/8004
f 8005/8005 8006/8006 8007/8007
f 8008/8008 8009/8009 8010/8010
f 8011/8011 8012/8012 8013/8013
f 8014/8014 8015/8015 8016/8016
f 8017/8017 8018/8018 8019/8019
f 8020/8020 8021/8021 8022/8022
f 8023/8023 8024/8024 8025/8025
f 8026/8026 8027/8027 8028/8028
f 8029/8029 8030/8030 8031/8031
f 8032/8032 8033/8033 8034/8034
f 8035/8035 8036/8036 8037/8037
f 8038/8038 8039/8039 8040/8040
f 8041/8041 8042/8042 8043/8043
f 8044/8044 8045/8045 8046/8046
f 8047/8047 8048/8048 8049/8049
f 8050/8050 8051/8051 8052/8052
f 8053/8053 8054/8054 8055/8055
f 8056/8056 8057/8057 8058/8058
f 8059/8059 8060/8060 8061/8061
f 8062/8062 8063/8063 8064/8064
f 8065/8065 8066/8066 8067/8067
f 8068/8068 8069/8069 8070/8070
f 8071/8071 8072/8072 8073/8073
f 8074/8074 8075/8075 8076/8076
f 8077/8077 8078/8078 8079/8079
f 8080/8080 8081/8081 8082/8082
f 8083/8083 8084/8084 8085/8085
f 8086/8086 8087/8087 8088/8088
f 8089/8089 8090/8090 8091/8091
f 8092/8092 8093/8093 8094/8094
f 8095/8095 8096/8096 8097/8097
f 8098/8098 8099/8099 8100/8100
f 8101/8101 8102/8102 8103/8103
f 8104/8104 8105/8105 8106/8106
f 8107/8107 8108/8108 8109/8109
f 8110/8110 8111/8111 8112/8112
f 8113/8113 8114/8114 8115/8115
f 8116/8116 8117/8117 8118/8118
f 8119/8119 8120/8120 8121/8121
f 8122/8122 8123/8123 8124/8124
f 8125/8125 8126/8126 8127/8127
f 8128/8128 8129/8129 8130/8130
f 8131/8131 8132/8132 8133/8133
f 8134/8134 8135/8135 8136/8136
f 8137/8137 8138/8138 8139/8139
f 8140/8140 8141/8141 8142/8142
f 8143/8143 8144/8144 8145/8145
f 8146/8146 8147/8147 8148/8148
f 8149/8149 8150/8150 8151/8151
f 8152/8152 8153/8153 8154/8154
f 8155/8155 8156/8156 8157/8157
f 8158/8158 8159/8159 8160/8160
f 8161/8161 8162/8162 8163/8163
f 8164/8164 8165/8165 8166/8166
f 8167/8167 8168/8168 8169/8169
f 8170/8170 8171/8171 8172/8172
f 8173/8173 8174/8174 8175/8175
f 8176/8176 8177/8177 8178/8178
f 8179/8179 8180/8180 8181/8181
f 8182/8182 8183/8183 8184/8184
f 8185/8185 8186/8186 8187/8187
f 8188/8188 8189/8189 8190/8190
f 8191/8191 8192/8192 8193/8193
f 8194/8194 8195/8195 8196/8196
f 8197/8197 8198/8198 8199/8199
f 8200/8200 8201/8201 8202/8202
f 8203/8203 8204/8204 8205/8205
f 8206/8206 8207/8207 8208/8208
f 8209/8209 8210/8210 8211/8211
f 8212/8212 8213/8213 8214/8214
f 8215/8215 8216/8216 8217/8217
f 8218/8218 8219/8219 8220/8220
f 8221/8221 8222/8222 8223/8223
f 8224/8224 8225/8225 8226/8226
f 8227/8227 8228/8228 8229/8229
f 8230/8230 8231/8231 8232/8232
f 8233/8233 8234/8234 8235/8235
f 8236/8236 8237/8237 8238/8238
f 8239/8239 8240/8240 8241/8241
f 8242/8242 8243/8243 8244/8244
f 8245/8245 8246/8246 8247/8247
f 8248/8248 8249/8249 8250/8250
f 8251/8251 8252/8252 8253/8253
f 8254/8254 8255/8255 8256/8256
f 8257/8257 8258/8258 8259/8259
f 8260/8260 8261/8261 8262/8262
f 8263/8263 8264/8264 8265/8265
f 8266/8266 8267/8267 8268/8268
f 8269/8269 8270/8270 8271/8271
f 8272/8272 8273/8273 8274/8274
f 8275/8275 8276/8276 8277/8277
f 8278/8278 8279/8279 8280/8280
f 8281/8281 8282/8282 8283/8283
f 8284/8284 8285/8285 8286/8286
f 8287/8287 8288/8288 8289/8289
f 8290/8290 8291/8291 8292/8292
f 8293/8293 8294/8294 8295/8295
f 8296/8296 8297/8297 8298/8298
f 8299/8299 8300/8300 8301/8301
f 8302/8302 8303/8303 8304/8304
f 8305/8305 8306/8306 8307/8307
f 8308/8308 8309/8309 8310/8310
f 8311/8311 8312/8312 8313/8313
f 8314/8314 8315/8315 8316/8316
f 8317/8317 8318/8318 8319/8319
f 8320/8320 8321/8321 8322/8322
f 8323/8323 8324/8324 8325/8325
f 8326/8326 8327/8327 8328/8328
f 8329/8329 8330/8330 8331/8331
f 8332/8332 8333/8333 8334/8334
f 8335/8335 8336/8336 8337/8337
f 8338/8338 8339/8339 8340/8340
f 8341/8341 8342/8342 8343/8343
f 8344/8344 8345/8345 8346/8346
f 8347/8347 8348/8348 8349/8349
f 8350/8350 8351/8351 8352/8352
f 8353/8353 8354/8354 8355/8355
f 8356/8356 8357/8357 8358/8358
f 8359/8359 8360/8360 8361/8361
f 8362/8362 8363/8363 8364/8364
f 8365/8365 8366/8366 8367/8367
f 8368/8368 8369/8369 8370/8370
f 8371/8371 8372/8372 8373/8373
f 8374/8374 8375/8375 8376/8376
f 8377/8377 8378/8378 8379/8379
f 8380/8380 8381/8381 8382/8382
f 8383/8383 8384/8384 8385/8385
f 8386/8386 8387/8387 8388/8388
f 8389/8389 8390/8390 8391/8391
f 8392/8392 8393/8393 8394/8394
f 8395/8395 8396/8396 8397/8397
f 8398/8398 8399/8399 8400/8400
f 8401/8401 8402/8402 8403/8403
f 8404/8404 8405/8405 8406/8406
f 8407/8407 8408/8408 8409/8409
f 8410/8410 8411/8411 8412/8412
f 8413/8413 8414/8414 8415/8415
f 8416/8416 8417/8417 8418/8418
f 8419/8419 8420/8420 8421/8421
f 8422/8422 8423/8423 8424/8424
f 8425/8425 8426/8426 8427/8427
f 8428/8428 8429/8429 8430/8430
f 8431/8431 8432/8432 8433/8433
f 8434/8434 8435/8435 8436/8436
f 8437/8437 8438/8438 8439/8439
f 8440/8440 8441/8441 8442/8442
f 8443/8443 8444/8444 8445/8445
f 8446/8446 8447/8447 8448/8448
f 8449/8449 8450/8450 8451/8451
f 8452/8452 8453/8453 8454/8454
f 8455/8455 8456/8456 8457/8457
f 8458/8458 8459/8459 8460/8460
f 8461/8461 8462/8462 8463/8463
f 8464/8464 8465/8465 8466/8466
f 8467/8467 8468/8468 8469/8469
f 8470/8470 8471/8471 8472/8472
f 8473/8473 8474/8474 8475/8475
f 8476/8476 8477/8477 8478/8478
f 8479/8479 8480/8480 8481/8481
f 8482/8482 8483/8483 8484/8484
f 8485/8485 8486/8486 8487/8487
f 8488/8488 8489/8489 8490/8490
f 8491/8491 8492/8492 8493/8493
f 8494/8494 8495/8495 8496/8496
f 8497/8497 8498/8498 8499/8499
f 8500/8500 8501/8501 8502/8502
f 8503/8503 8504/8504 8505/8505
f 8506/8506 8507/8507 8508/8508
f 8509/8509 8510/8510 8511/8511
f 8512/8512 8513/8513 8514/8514
f 8515/8515 8516/8516 8517/8517
f 8518/8518 8519/8519 8520/8520
f 8521/8521 8522/8522 8523/8523
f 8524/8524 8525/8525 8526/8526
f 8527/8527 8528/8528 8529/8529
f 8530/8530 8531/8531 8532/8532
f 8533/8533 8534/8534 8535/8535
f 8536/8536 8537/8537 8538/8538
f 8539/8539 8540/8540 8541/8541
f 8542/8542 8543/8543 8544/8544
f 8545/8545 8546/8546 8547/8547
f 8548/8548 8549/8549 8550/8550
f 8551/8551 8552/8552 8553/8553
f 8554/8554 8555/8555 8556/8556
f 8557/8557 8558/8558 8559/8559
f 8560/8560 8561/8561 8562/8562
f 8563/8563 8564/8564 8565/8565
f 8566/8566 8567/8567 8568/8568
f 8569/8569 8570/8570 8571/8571
f 8572/8572 8573/8573 8574/8574
f 8575/8575 8576/8576 8577/8577
f 8578/8578 8579/8579 8580/8580
f 8581/8581 8582/8582 8583/8583
f 8584/8584 8585/8585 8586/8586
f 8587/8587 8588/8588 8589/8589
f 8590/8590 8591/8591 8592/8592
f 8593/8593 8594/8594 8595/8595
f 8596/8596 8597/8597 8598/8598
f 8599/8599 8600/8600 8601/8601
f 8602/8602 8603/8603 8604/8604
f 8605/8605 8606/8606 8607/8607
f 8608/8608 8609/8609 8610/8610
f 8611/8611 8612/8612 8613/8613
f 8614/8614 8615/8615 8616/8616
f 8617/8617 8618/8618 8619/8619
f 8620/8620 8621/8621 8622/8622
f 8623/8623 8624/8624 8625/8625
f 8626/8626 8627/8627 8628/8628
f 8629/8629 8630/8630 8631/8631
f 8632/8632 8633/8633 8634/8634
f 8635/8635 8636/8636 8637/8637
f 8638/8638 8639/8639 8640/8640
f 8641/8641 8642/8642 8643/8643
f 8644/8644 8645/8645 8646/8646
f 8647/8647 8648/8648 8649/8649
f 8650/8650 8651/8651 8652/8652
f 8653/8653 8654/8654 8655/8655
f 8656/8656 8657/8657 8658/8658
f 8659/8659 8660/8660 8661/8661
f 8662/8662 8663/8663 8664/8664
f 8665/8665 8666/8666 8667/8667
f 8668/8668 8669/8669 8670/8670
f 8671/8671 8672/8672 8673/8673
f 8674/8674 8675/8675 8676/8676
f 8677/8677 8678/8678 8679/8679
f 8680/8680 8681/8681 8682/8682
f 8683/8683 8684/8684 8685/8685
f 8686/8686 8687/8687 8688/8688
f 8689/8689 8690/8690 8691/8691
f 8692/8692 8693/8693 8694/8694
f 8695/8695 8696/8696 8697/8697
f 8698/8698 8699/8699 8700/8700
f 8701/8701 8702/8702 8703/8703
f 8704/8704 8705/8705 8706/8706
f 8707/8707 8708/8708 8709/8709
f 8710/8710 8711/8711 8712/8712
f 8713/8713 8714/8714 8715/8715
f 8716/8716 8717/8717 8718/8718
f 8719/8719 8720/8720 8721/8721
f 8722/8722 8723/8723 8724/8724
f 8725/8725 8726/8726 8727/8727
f 8728/8728 8729/8729 8730/8730
f 8731/8731 8732/8732 8733/8733
f 8734/8734 8735/8735 8736/8736
f 8737/8737 8738/8738 8739/8739
f 8740/8740 8741/8741 8742/8742
f 8743/8743 8744/8744 8745/8745
f 8746/8746 8747/8747 8748/8748
f 8749/8749 8750/8750 8751/8751
f 8752/8752 8753/8753 8754/8754
f 8755/8755 8756/8756 8757/8757
f 8758/8758 8759/8759 8760/8760
f 8761/8761 8762/8762 8763/8763
f 8764/8764 8765/8765 8766/8766
f 8767/8767 8768/8768 8769/8769
f 8770/8770 8771/8771 8772/8772
f 8773/8773 8774/8774 8775/8775
f 8776/8776 8777/8777 8778/8778
f 8779/8779 8780/8780 8781/8781
f 8782/8782 8783/8783 8784/8784
f 8785/8785 8786/8786 8787/8787
f 8788/8788 8789/8789 8790/8790
f 8791/8791 8792/8792 8793/8793
f 8794/8794 8795/8795 8796/8796
f 8797/8797 8798/8798 8799/8799
f 8800/8800 8801/8801 8802/8802
f 8803/8803 8804/8804 8805/8805
f 8806/8806 8807/8807 8808/8808
f 8809/8809 8810/8810 8811/8811
f 8812/8812 8813/8813 8814/8814
f 8815/8815 8816/8816 8817/8817
f 8818/8818 8819/8819 8820/8820
f 8821/8821 8822/8822 8823/8823
f 8824/8824 8825/8825 8826/8826
f 8827/8827 8828/8828 8829/8829
f 8830/8830 8831/8831 8832/8832
f 8833/8833 8834/8834 8835/8835
f 8836/8836 8837/8837 8838/8838
f 8839/8839 8840/8840 8841/8841
f 8842/8842 8843/8843 8844/8844
f 8845/8845 8846/8846 8847/8847
f 8848/8848 8849/8849 8850/8850
f 8851/8851 8852/8852 8853/8853
f 8854/8854 8855/8855 8856/8856
f 8857/8857 8858/8858 8859/8859
f 8860/8860 8861/8861 8862/8862
f 8863/8863 8864/8864 8865/8865
f 8866/8866 8867/8867 8868/8868
f 8869/8869 8870/8870 8871/8871
f 8872/8872 8873/8873 8874/8874
f 8875/8875 8876/8876 8877/8877
f 8878/8878 8879/8879 8880/8880
f 8881/8881 8882/8882 8883/8883
f 8884/8884 8885/8885 8886/8886
f 8887/8887 8888/8888 8889/8889
f 8890/8890 8891/8891 8892/8892
f 8893/8893 8894/8894 8895/8895
f 8896/8896 8897/8897 8898/8898
f 8899/8899 8900/8900 8901/8901
f 8902/8902 8903/8903 8904/8904
f 8905/8905 8906/8906 8907/8907
f 8908/8908 8909/8909 8910/8910
f 8911/8911 8912/8912 8913/8913
f 8914/8914 8915/8915 8916/8916
f 8917/8917 8918/8918 8919/8919
f 8920/8920 8921/8921 8922/8922
f 8923/8923 8924/8924 8925/8925
f 8926/8926 8927/8927 8928/8928
f 8929/8929 8930/8930 8931/8931
f 8932/8932 8933/8933 8934/8934
f 8935/8935 8936/8936 8937/8937
f 8938/8938 8939/8939 8940/8940
f 8941/8941 8942/8942 8943/8943
f 8944/8944 8945/8945 8946/8946
f 8947/8947 8948/8948 8949/8949
f 8950/8950 8951/8951 8952/8952
f 8953/8953 8954/8954 8955/8955
f 8956/8956 8957/8957 8958/8958
f 8959/8959 8960/8960 8961/8961
f 8962/8962 8963/8963 8964/8964
f 8965/8965 8966/8966 8967/8967
f 8968/8968 8969/8969 8970/8970
f 8971/8971 8972/8972 8973/8973
f 8974/8974 8975/8975 8976/8976
f 8977/8977 8978/8978 8979/8979
f 8980/8980 8981/8981 8982/8982
f 8983/8983 8984/8984 8985/8985
f 8986/8986 8987/8987 8988/8988
f 8989/8989 8990/8990 8991/8991
f 8992/8992 8993/8993 8994/8994
f 8995/8995 8996/8996 8997/8997
f 8998/8998 8999/8999 9000/9000
f 9001/9001 9002/9002 9003/9003
f 9004/9004 9005/9005 9006/9006
f 9007/9007 9008/9008 9009/9009
f 9010/9010 9011/9011 9012/9012
f 9013/9013 9014/9014 9015/9015
f 9016/9016 9017/9017 9018/9018
f 9019/9019 9020/9020 9021/9021
f 9022/9022 9023/9023 9024/9024
f 9025/9025 9026/9026 9027/9027
f 9028/9028 9029/9029 9030/9030
f 9031/9031 9032/9032 9033/9033
f 9034/9034 9035/9035 9036/9036
f 9037/9037 9038/9038 9039/9039
f 9040/9040 9041/9041 9042/9042
f 9043/9043 9044/9044 9045/9045
f 9046/9046 9047/9047 9048/9048
f 9049/9049 9050/9050 9051/9051
f 9052/9052 9053/9053 9054/9054
f 9055/9055 9056/9056 9057/9057
f 9058/9058 9059/9059 9060/9060
f 9061/9061 9062/9062 9063/9063
f 9064/9064 9065/9065 9066/9066
f 9067/9067 9068/9068 9069/9069
f 9070/9070 9071/9071 9072/9072
f 9073/9073 9074/9074 9075/9075
f 9076/9076 9077/9077 9078/9078
f 9079/9079 9080/9080 9081/9081
f 9082/9082 9083/9083 9084/9084
f 9085/9085 9086/9086 9087/9087
f 9088/9088 9089/9089 9090/9090
f 9091/9091 9092/9092 9093/9093
f 9094/9094 9095/9095 9096/9096
f 9097/9097 9098/9098 9099/9099
f 9100/9100 9101/9101 9102/9102
f 9103/9103 9104/9104 9105/9105
f 9106/9106 9107/9107 9108/9108
f 9109/9109 9110/9110 9111/9111
f 9112/9112 9113/9113 9114/9114
f 9115/9115 9116/9116 9117/9117
f 9118/9118 9119/9119 9120/9120
f 9121/9121 9122/9122 9123/9123
f 9124/9124 9125/9125 9126/9126
f 9127/9127 9128/9128 9129/9129
f 9130/9130 9131/9131 9132/9132
f 9133/9133 9134/9134 9135/9135
f 9136/9136 9137/9137 9138/9138
f 9139/9139 9140/9140 9141/9141
f 9142/9142 9143/9143 9144/9144
f 9145/9145 9146/9146 9147/9147
f 9148/9148 9149/9149 9150/9150
f 9151/9151 9152/9152 9153/9153
f 9154/9154 9155/9155 9156/9156
f 9157/9157 9158/9158 9159/9159
f 9160/9160 9161/9161 9162/9162
f 9163/9163 9164/9164 9165/9165
f 9166/9166 9167/9167 9168/9168
f 9169/9169 9170/9170 9171/9171
f 9172/9172 9173/9173 9174/9174
f 9175/9175 9176/9176 9177/9177
f 9178/9178 9179/9179 9180/9180
f 9181/9181 9182/9182 9183/9183
f 9184/9184 9185/9185 9186/9186
f 9187/9187 9188/9188 9189/9189
f 9190/9190 9191/9191 9192/9192
f 9193/9193 9194/9194 9195/9195
f 9196/9196 9197/9197 9198/9198
f 9199/9199 9200/9200 9201/9201
f 9202/9202 9203/9203 9204/9204
f 9205/9205 9206/9206 9207/9207
f 9208/9208 9209/9209 9210/9210
f 9211/9211 9212/9212 9213/9213
f 9214/9214 9215/9215 9216/9216
f 9217/9217 9218/9218 9219/9219
f 9220/9220 9221/9221 9222/9222
f 9223/9223 9224/9224 9225/9225
f 9226/9226 9227/9227 9228/9228
f 9229/9229 9230/9230 9231/9231
f 9232/9232 9233/9233 9234/9234
f 9235/9235 9236/9236 9237/9237
f 9238/9238 9239/9239 9240/9240
f 9241/9241 9242/9242 9243/9243
f 9244/9244 9245/9245 9246/9246
f 9247/9247 9248/9248 9249/9249
f 9250/9250 9251/9251 9252/9252
f 9253/9253 9254/9254 9255/9255
f 9256/9256 9257/9257 9258/9258
f 9259/9259 9260/9260 9261/9261
f 9262/9262 9263/9263 9264/9264
f 9265/9265 9266/9266 9267/9267
f 9268/9268 9269/9269 9270/9270
f 9271/9271 9272/9272 9273/9273
f 9274/9274 9275/9275 9276/9276
f 9277/9277 9278/9278 9279/9279
f 9280/9280 9281/9281 9282/9282
f 9283/9283 9284/9284 9285/9285
f 9286/9286 9287/9287 9288/9288
f 9289/9289 9290/9290 9291/9291
f 9292/9292 9293/9293 9294/9294
f 9295/9295 9296/9296 9297/9297
f 9298/9298 9299/9299 9300/9300
f 9301/9301 9302/9302 9303/9303
f 9304/9304 9305/9305 9306/9306
f 9307/9307 9308/9308 9309/9309
f 9310/9310 9311/9311 9312/9312
f 9313/9313 9314/9314 9315/9315
f 9316/9316 9317/9317 9318/9318
f 9319/9319 9320/9320 9321/9321
f 9322/9322 9323/9323 9324/9324
f 9325/9325 9326/9326 9327/9327
f 9328/9328 9329/9329 9330/9330
f 9331/9331 9332/9332 9333/9333
f 9334/9334 9335/9335 9336/9336
f 9337/9337 9338/9338 9339/9339
f 9340/9340 9341/9341 9342/9342
f 9343/9343 9344/9344 9345/9345
f 9346/9346 9347/9347 9348/9348
f 9349/9349 9350/9350 9351/9351
f 9352/9352 9353/9353 9354/9354
f 9355/9355 9356/9356 9357/9357
f 9358/9358 9359/9359 9360/9360
f 9361/9361 9362/9362 9363/9363
f 9364/9364 9365/9365 9366/9366
f 9367/9367 9368/9368 9369/9369
f 9370/9370 9371/9371 9372/9372
f 9373/9373 9374/9374 9375/9375
f 9376/9376 9377/9377 9378/9378
f 9379/9379 9380/9380 9381/9381
f 9382/9382 9383/9383 9384/9384
f 9385/9385 9386/9386 9387/9387
f 9388/9388 9389/9389 9390/9390
f 9391/9391 9392/9392 9393/9393
f 9394/9394 9395/9395 9396/9396
f 9397/9397 9398/9398 9399/9399
f 9400/9400 9401/9401 9402/9402
f 9403/9403 9404/9404 9405/9405
f 9406/9406 9407/9407 9408/9408
f 9409/9409 9410/9410 9411/9411
f 9412/9412 9413/9413 9414/9414
f 9415/9415 9416/9416 9417/9417
f 9418/9418 9419/9419 9420/9420
f 9421/9421 9422/9422 9423/9423
f 9424/9424 9425/9425 9426/9426
f 9427/9427 9428/9428 9429/9429
f 9430/9430 9431/9431 9432/9432
f 9433/9433 9434/9434 9435/9435
f 9436/9436 9437/9437 9438/9438
f 9439/9439 9440/9440 9441/9441
f 9442/9442 9443/9443 9444/9444
f 9445/9445 9446/9446 9447/9447
f 9448/9448 9449/9449 9450/9450
f 9451/9451 9452/9452 9453/9453
f 9454/9454 9455/9455 9456/9456
f 9457/9457 9458/9458 9459/9459
f 9460/9460 9461/9461 9462/9462
f 9463/9463 9464/9464 9465/9465
f 9466/9466 9467/9467 9468/9468
f 9469/9469 9470/9470 9471/9471
f 9472/9472 9473/9473 9474/9474
f 9475/9475 9476/9476 9477/9477
f 9478/9478 9479/9479 9480/9480
f 9481/9481 9482/9482 9483/9483
f 9484/9484 9485/9485 9486/9486
f 9487/9487 9488/9488 9489/9489
f 9490/9490 9491/9491 9492/9492
f 9493/9493 9494/9494 9495/9495
f 9496/9496 9497/9497 9498/9498
f 9499/9499 9500/9500 9501/9501
f 9502/9502 9503/9503 9504/9504
f 9505/9505 9506/9506 9507/9507
f 9508/9508 9509/9509 9510/9510
f 9511/9511 9512/9512 9513/9513
f 9514/9514 9515/9515 9516/9516
f 9517/9517 9518/9518 9519/9519
f 9520/9520 9521/9521 9522/9522
f 9523/9523 9524/9524 9525/9525
f 9526/9526 9527/9527 9528/9528
f 9529/9529 9530/9530 9531/9531
f 9532/9532 9533/9533 9534/9534
f 9535/9535 9536/9536 9537/9537
f 9538/9538 9539/9539 9540/9540
f 9541/9541 9542/9542 9543/9543
f 9544/9544 9545/9545 9546/9546
f 9547/9547 9548/9548 9549/9549
f 9550/9550 9551/9551 9552/9552
f 9553/9553 9554/9554 9555/9555
f 9556/9556 9557/9557 9558/9558
f 9559/9559 9560/9560 9561/9561
f 9562/9562 9563/9563 9564/9564
f 9565/9565 9566/9566 9567/9567
f 9568/9568 9569/9569 9570/9570
f 9571/9571 9572/9572 9573/9573
f 9574/9574 9575/9575 9576/9576
f 9577/9577 9578/9578 9579/9579
f 9580/9580 9581/9581 9582/9582
f 9583/9583 9584/9584 9585/9585
f 9586/9586 9587/9587 9588/9588
f 9589/9589 9590/9590 9591/9591
f 9592/9592 9593/9593 9594/9594
f 9595/9595 9596/9596 9597/9597
f 9598/9598 9599/9599 9600/9600
f 9601/9601 9602/9602 9603/9603
f 9604/9604 9605/9605 9606/9606
f 9607/9607 9608/9608 9609/9609
f 9610/9610 9611/9611 9612/9612
f 9613/9613 9614/9614 9615/9615
f 9616/9616 9617/9617 9618/9618
f 9619/9619 9620/9620 9621/9621
f 9622/9622 9623/9623 9624/9624
f 9625/9625 9626/9626 9627/9627
f 9628/9628 9629/9629 9630/9630
f 9631/9631 9632/9632 9633/9633
f 9634/9634 9635/9635 9636/9636
f 9637/9637 9638/9638 9639/9639
f 9640/9640 9641/9641 9642/9642
f 9643/9643 9644/9644 9645/9645
f 9646/9646 9647/9647 9648/9648
f 9649/9649 9650/9650 9651/9651
f 9652/9652 9653/9653 9654/9654
f 9655/9655 9656/9656 9657/9657
f 9658/9658 9659/9659 9660/9660
f 9661/9661 9662/9662 9663/9663
f 9664/9664 9665/9665 9666/9666
f 9667/9667 9668/9668 9669/9669
f 9670/9670 9671/9671 9672/9672
f 9673/9673 9674/9674 9675/9675
f 9676/9676 9677/9677 9678/9678
f 9679/9679 9680/9680 9681/9681
f 9682/9682 9683/9683 9684/9684
f 9685/9685 9686/9686 9687/9687
f 9688/9688 9689/9689 9690/9690
f 9691/9691 9692/9692 9693/9693
f 9694/9694 9695/9695 9696/9696
f 9697/9697 9698/9698 9699/9699
f 9700/9700 9701/9701 9702/9702
f 9703/9703 9704/9704 9705/9705
f 9706/9706 9707/9707 9708/9708
f 9709/9709 9710/9710 9711/9711
f 9712/9712 9713/9713 9714/9714
f 9715/9715 9716/9716 9717/9717
f 9718/9718 9719/9719 9720/9720
f 9721/9721 9722/9722 9723/9723
f 9724/9724 9725/9725 9726/9726
f 9727/9727 9728/9728 9729/9729
f 9730/9730 9731/9731 9732/9732
f 9733/9733 9734/9734 9735/9735
f 9736/9736 9737/9737 9738/9738
f 9739/9739 9740/9740 9741/9741
f 9742/9742 9743/9743 9744/9744
f 9745/9745 9746/9746 9747/9747
f 9748/9748 9749/9749 9750/9750
f 9751/9751 9752/9752 9753/9753
f 9754/9754 9755/9755 9756/9756
f 9757/9757 9758/9758 9759/9759
f 9760/9760 9761/9761 9762/9762
f 9763/9763 9764/9764 9765/9765
f 9766/9766 9767/9767 9768/9768
f 9769/9769 9770/9770 9771/9771
f 9772/9772 9773/9773 9774/9774
f 9775/9775 9776/9776 9777/9777
f 9778/9778 9779/9779 9780/9780
f 9781/9781 9782/9782 9783/9783
f 9784/9784 9785/9785 9786/9786
f 9787/9787 9788/9788 9789/9789
f 9790/9790 9791/9791 9792/9792
f 9793/9793 9794/9794 9795/9795
f 9796/9796 9797/9797 9798/9798
f 9799/9799 9800/9800 9801/9801
f 9802/9802 9803/9803 9804/9804
f 9805/9805 9806/9806 9807/9807
f 9808/9808 9809/9809 9810/9810
f 9811/9811 9812/9812 9813/9813
f 9814/9814 9815/9815 9816/9816
f 9817/9817 9818/9818 9819/9819
f 9820/9820 9821/9821 9822/9822
f 9823/9823 9824/9824 9825/9825
f 9826/9826 9827/9827 9828/9828
f 9829/9829 9830/9830 9831/9831
f 9832/9832 9833/9833 9834/9834
f 9835/9835 9836/9836 9837/9837
f 9838/9838 9839/9839 9840/9840
f 9841/9841 9842/9842 9843/9843
f 9844/9844 9845/9845 9846/9846
f 9847/9847 9848/9848 9849/9849
f 9850/9850 9851/9851 9852/9852
f 9853/9853 9854/9854 9855/9855
f 9856/9856 9857/9857 9858/9858
f 9859/9859 9860/9860 9861/9861
f 9862/9862 9863/9863 9864/9864
f 9865/9865 9866/9866 9867/9867
f 9868/9868 9869/9869 9870/9870
f 9871/9871 9872/9872 9873/9873
f 9874/9874 9875/9875 9876/9876
f 9877/9877 9878/9878 9879/9879
f 9880/9880 9881/9881 9882/9882
f 9883/9883 9884/9884 9885/9885
f 9886/9886 9887/9887 9888/9888
f 9889/9889 9890/9890 9891/9891
f 9892/9892 9893/9893 9894/9894
f 9895/9895 9896/9896 9897/9897
f 9898/9898 9899/9899 9900/9900
f 9901/9901 9902/9902 9903/9903
f 9904/9904 9905/9905 9906/9906
f 9907/9907 9908/9908 9909/9909
f 9910/9910 9911/9911 9912/9912
f 9913/9913 9914/9914 9915/9915
f 9916/9916 9917/9917 9918/9918
f 9919/9919 9920/9920 9921/9921
f 9922/9922 9923/9923 9924/9924
f 9925/9925 9926/9926 9927/9927
f 9928/9928 9929/9929 9930/9930
f 9931/9931 9932/9932 9933/9933
f 9934/9934 9935/9935 9936/9936
f 9937/9937 9938/9938 9939/9939
f 9940/9940 9941/9941 9942/9942
f 9943/9943 9944/9944 9945/9945
f 9946/9946 9947/9947 9948/9948
f 9949/9949 9950/9950 9951/9951
f 9952/9952 9953/9953 9954/9954
f 9955/9955 9956/9956 9957/9957
f 9958/9958 9959/9959 9960/9960
f 9961/9961 9962/9962 9963/9963
f 9964/9964 9965/9965 9966/9966
f 9967/9967 9968/9968 9969/9969
f 9970/9970 9971/9971 9972/9972
f 9973/9973 9974/9974 9975/9975
f 9976/9976 9977/9977 9978/9978
f 9979/9979 9980/9980 9981/9981
f 9982/9982 9983/9983 9984/9984
f 9985/9985 9986/9986 9987/9987
f 9988/9988 9989/9989 9990/9990
f 9991/9991 9992/9992 9993/9993
f 9994/9994 9995/9995 9996/9996
f 9997/9997 9998/9998 9999/9999
f 10000/10000 10001/10001 10002/10002
f 10003/10003 10004/10004 10005/10005
f 10006/10006 10007/10007 10008/10008
f 10009/10009 10010/10010 10011/10011
f 10012/10012 10013/10013 10014/10014
f 10015/10015 10016/10016 10017/10017
f 10018/10018 10019/10019 10020/10020
f 10021/10021 10022/10022 10023/10023
f 10024/10024 10025/10025 10026/10026
f 10027/10027 10028/10028 10029/10029
f 10030/10030 10031/10031 10032/10032
f 10033/10033 10034/10034 10035/10035
f 10036/10036 10037/10037 10038/10038
f 10039/10039 10040/10040 10041/10041
f 10042/10042 10043/10043 10044/10044
f 10045/10045 10046/10046 10047/10047
f 10048/10048 10049/10049 10050/10050
f 10051/10051 10052/10052 10053/10053
f 10054/10054 10055/10055 10056/10056
f 10057/10057 10058/10058 10059/10059
f 10060/10060 10061/10061 10062/10062
f 10063/10063 10064/10064 10065/10065
f 10066/10066 10067/10067 10068/10068
f 10069/10069 10070/10070 10071/10071
f 10072/10072 10073/10073 10074/10074
f 10075/10075 10076/10076 10077/10077
f 10078/10078 10079/10079 10080/10080
f 10081/10081 10082/10082 10083/10083
f 10084/10084 10085/10085 10086/10086
f 10087/10087 10088/10088 10089/10089
f 10090/10090 10091/10091 10092/10092
f 10093/10093 10094/10094 10095/10095
f 10096/10096 10097/10097 10098/10098
f 10099/10099 10100/10100 10101/10101
f 10102/10102 10103/10103 10104/10104
f 10105/10105 10106/10106 10107/10107
f 10108/10108 10109/10109 10110/10110
f 10111/10111 10112/10112 10113/10113
f 10114/10114 10115/10115 10116/10116
f 10117/10117 10118/10118 10119/10119
f 10120/10120 10121/10121 10122/10122
f 10123/10123 10124/10124 10125/10125
f 10126/10126 10127/10127 10128/10128
f 10129/10129 10130/10130 10131/10131
f 10132/10132 10133/10133 10134/10134
f 10135/10135 10136/10136 10137/10137
f 10138/10138 10139/10139 10140/10140
f 10141/10141 10142/10142 10143/10143
f 10144/10144 10145/10145 10146/10146
f 10147/10147 10148/10148 10149/10149
f 10150/10150 10151/10151 10152/10152
f 10153/10153 10154/10154 10155/10155
f 10156/10156 10157/10157 10158/10158
f 10159/10159 10160/10160 10161/10161
f 10162/10162 10163/10163 10164/10164
f 10165/10165 10166/10166 10167/10167
f 10168/10168 10169/10169 10170/10170
f 10171/10171 10172/10172 10173/10173
f 10174/10174 10175/10175 10176/10176
f 10177/10177 10178/10178 10179/10179
f 10180/10180 10181/10181 10182/10182
f 10183/10183 10184/10184 10185/10185
f 10186/10186 10187/10187 10188/10188
f 10189/10189 10190/10190 10191/10191
f 10192/10192 10193/10193 10194/10194
f 10195/10195 10196/10196 10197/10197
f 10198/10198 10199/10199 10200/10200
f 10201/10201 10202/10202 10203/10203
f 10204/10204 10205/10205 10206/10206
f 10207/10207 10208/10208 10209/10209
f 10210/10210 10211/10211 10212/10212
f 10213/10213 10214/10214 10215/10215
f 10216/10216 10217/10217 10218/10218
f 10219/10219 10220/10220 10221/10221
f 10222/10222 10223/10223 10224/10224
f 10225/10225 10226/10226 10227/10227
f 10228/10228 10229/10229 10230/10230
f 10231/10231 10232/10232 10233/10233
f 10234/10234 10235/10235 10236/10236
f 10237/10237 10238/10238 10239/10239
f 10240/10240 10241/10241 10242/10242
f 10243/10243 10244/10244 10245/10245
f 10246/10246 10247/10247 10248/10248
f 10249/10249 10250/10250 10251/10251
f 10252/10252 10253/10253 10254/10254
f 10255/10255 10256/10256 10257/10257
f 10258/10258 10259/10259 10260/10260
f 10261/10261 10262/10262 10263/10263
f 10264/10264 10265/10265 10266/10266
f 10267/10267 10268/10268 10269/10269
f 10270/10270 10271/10271 10272/10272
f 10273/10273 10274/10274 10275/10275
f 10276/10276 10277/10277 10278/10278
f 10279/10279 10280/10280 10281/10281
f 10282/10282 10283/10283 10284/10284
f 10285/10285 10286/10286 10287/10287
f 10288/10288 10289/10289 10290/10290
f 10291/10291 10292/10292 10293/10293
f 10294/10294 10295/10295 10296/10296
f 10297/10297 10298/10298 10299/10299
f 10300/10300 10301/10301 10302/10302
f 10303/10303 10304/10304 10305/10305
f 10306/10306 10307/10307 10308/10308
f 10309/10309 10310/10310 10311/10311
f 10312/10312 10313/10313 10314/10314
f 10315/10315 10316/10316 10317/10317
f 10318/10318 10319/10319 10320/10320
f 10321/10321 10322/10322 10323/10323
f 10324/10324 10325/10325 10326/10326
f 10327/10327 10328/10328 10329/10329
f 10330/10330 10331/10331 10332/10332
f 10333/10333 10334/10334 10335/10335
f 10336/10336 10337/10337 10338/10338
f 10339/10339 10340/10340 10341/10341
f 10342/10342 10343/10343 10344/10344
f 10345/10345 10346/10346 10347/10347
f 10348/10348 10349/10349 10350/10350
f 10351/10351 10352/10352 10353/10353
f 10354/10354 10355/10355 10356/10356
f 10357/10357 10358/10358 10359/10359
f 10360/10360 10361/10361 10362/10362
f 10363/10363 10364/10364 10365/10365
f 10366/10366 10367/10367 10368/10368
f 10369/10369 10370/10370 10371/10371
f 10372/10372 10373/10373 10374/10374
f 10375/10375 10376/10376 10377/10377
f 10378/10378 10379/10379 10380/10380
f 10381/10381 10382/10382 10383/10383
f 10384/10384 10385/10385 10386/10386
f 10387/10387 10388/10388 10389/10389
f 10390/10390 10391/10391 10392/10392
f 10393/10393 10394/10394 10395/10395
f 10396/10396 10397/10397 10398/10398
f 10399/10399 10400/10400 10401/10401
f 10402/10402 10403/10403 10404/10404
f 10405/10405 10406/10406 10407/10407
f 10408/10408 10409/10409 10410/10410
f 10411/10411 10412/10412 10413/10413
f 10414/10414 10415/10415 10416/10416
f 10417/10417 10418/10418 10419/10419
f 10420/10420 10421/10421 10422/10422
f 10423/10423 10424/10424 10425/10425
f 10426/10426 10427/10427 10428/10428
f 10429/10429 10430/10430 10431/10431
f 10432/10432 10433/10433 10434/10434
f 10435/10435 10436/10436 10437/10437
f 10438/10438 10439/10439 10440/10440
f 10441/10441 10442/10442 10443/10443
f 10444/10444 10445/10445 10446/10446
f 10447/10447 10448/10448 10449/10449
f 10450/10450 10451/10451 10452/10452
f 10453/10453 10454/10454 10455/10455
f 10456/10456 10457/10457 10458/10458
f 10459/10459 10460/10460 10461/10461
f 10462/10462 10463/10463 10464/10464
f 10465/10465 10466/10466 10467/10467
f 10468/10468 10469/10469 10470/10470
f 10471/10471 10472/10472 10473/10473
f 10474/10474 10475/10475 10476/10476
f 10477/10477 10478/10478 10479/10479
f 10480/10480 10481/10481 10482/10482
f 10483/10483 10484/10484 10485/10485
f 10486/10486 10487/10487 10488/10488
f 10489/10489 10490/10490 10491/10491
f 10492/10492 10493/10493 10494/10494
f 10495/10495 10496/10496 10497/10497
f 10498/10498 10499/10499 10500/10500
f 10501/10501 10502/10502 10503/10503
f 10504/10504 10505/10505 10506/10506
f 10507/10507 10508/10508 10509/10509
f 10510/10510 10511/10511 10512/10512
f 10513/10513 10514/10514 10515/10515
f 10516/10516 10517/10517 10518/10518
f 10519/10519 10520/10520 10521/10521
f 10522/10522 10523/10523 10524/10524
f 10525/10525 10526/10526 10527/10527
f 10528/10528 10529/10529 10530/10530
f 10531/10531 10532/10532 10533/10533
f 10534/10534 10535/10535 10536/10536
f 10537/10537 10538/10538 10539/10539
f 10540/10540 10541/10541 10542/10542
f 10543/10543 10544/10544 10545/10545
f 10546/10546 10547/10547 10548/10548
f 10549/10549 10550/10550 10551/10551
f 10552/10552 10553/10553 10554/10554
f 10555/10555 10556/10556 10557/10557
f 10558/10558 10559/10559 10560/10560
f 10561/10561 10562/10562 10563/10563
f 10564/10564 10565/10565 10566/10566
f 10567/10567 10568/10568 10569/10569
f 10570/10570 10571/10571 10572/10572
f 10573/10573 10574/10574 10575/10575
f 10576/10576 10577/10577 10578/10578
f 10579/10579 10580/10580 10581/10581
f 10582/10582 10583/10583 10584/10584
f 10585/10585 10586/10586 10587/10587
f 10588/10588 10589/10589 10590/10590
f 10591/10591 10592/10592 10593/10593
f 10594/10594 10595/10595 10596/10596
f 10597/10597 10598/10598 10599/10599
f 10600/10600 10601/10601 10602/10602
f 10603/10603 10604/10604 10605/10605
f 10606/10606 10607/10607 10608/10608
f 10609/10609 10610/10610 10611/10611
f 10612/10612 10613/10613 10614/10614
f 10615/10615 10616/10616 10617/10617
f 10618/10618 10619/10619 10620/10620
f 10621/10621 10622/10622 10623/10623
f 10624/10624 10625/10625 10626/10626
f 10627/10627 10628/10628 10629/10629
f 10630/10630 10631/10631 10632/10632
f 10633/10633 10634/10634 10635/10635
f 10636/10636 10637/10637 10638/10638
f 10639/10639 10640/10640 10641/10641
f 10642/10642 10643/10643 10644/10644
f 10645/10645 10646/10646 10647/10647
f 10648/10648 10649/10649 10650/10650
f 10651/10651 10652/10652 10653/10653
f 10654/10654 10655/10655 10656/10656
f 10657/10657 10658/10658 10659/10659
f 10660/10660 10661/10661 10662/10662
f 10663/10663 10664/10664 10665/10665
f 10666/10666 10667/10667 10668/10668
f 10669/10669 10670/10670 10671/10671
f 10672/10672 10673/10673 10674/10674
f 10675/10675 10676/10676 10677/10677
f 10678/10678 10679/10679 10680/10680
f 10681/10681 10682/10682 10683/10683
f 10684/10684 10685/10685 10686/10686
f 10687/10687 10688/10688 10689/10689
f 10690/10690 10691/10691 10692/10692
f 10693/10693 10694/10694 10695/10695
f 10696/10696 10697/10697 10698/10698
f 10699/10699 10700/10700 10701/10701
f 10702/10702 10703/10703 10704/10704
f 10705/10705 10706/10706 10707/10707
f 10708/10708 10709/10709 10710/10710
f 10711/10711 10712/10712 10713/10713
f 10714/10714 10715/10715 10716/10716
f 10717/10717 10718/10718 10719/10719
f 10720/10720 10721/10721 10722/10722
f 10723/10723 10724/10724 10725/10725
f 10726/10726 10727/10727 10728/10728
f 10729/10729 10730/10730 10731/10731
f 10732/10732 10733/10733 10734/10734
f 10735/10735 10736/10736 10737/10737
f 10738/10738 10739/10739 10740/10740
f 10741/10741 10742/10742 10743/10743
f 10744/10744 10745/10745 10746/10746
f 10747/10747 10748/10748 10749/10749
f 10750/10750 10751/10751 10752/10752
f 10753/10753 10754/10754 10755/10755
f 10756/10756 10757/10757 10758/10758
f 10759/10759 10760/10760 10761/10761
f 10762/10762 10763/10763 10764/10764
f 10765/10765 10766/10766 10767/10767
f 10768/10768 10769/10769 10770/10770
f 10771/10771 10772/10772 10773/10773
f 10774/10774 10775/10775 10776/10776
f 10777/10777 10778/10778 10779/10779
f 10780/10780 10781/10781 10782/10782
f 10783/10783 10784/10784 10785/10785
f 10786/10786 10787/10787 10788/10788
f 10789/10789 10790/10790 10791/10791
f 10792/10792 10793/10793 10794/10794
f 10795/10795 10796/10796 10797/10797
f 10798/10798 10799/10799 10800/10800
f 10801/10801 10802/10802 10803/10803
f 10804/10804 10805/10805 10806/10806
f 10807/10807 10808/10808 10809/10809
f 10810/10810 10811/10811 10812/10812
f 10813/10813 10814/10814 10815/10815
f 10816/10816 10817/10817 10818/10818
f 10819/10819 10820/10820 10821/10821
f 10822/10822 10823/10823 10824/10824
f 10825/10825 10826/10826 10827/10827
f 10828/10828 10829/10829 10830/10830
f 10831/10831 10832/10832 10833/10833
f 10834/10834 10835/10835 10836/10836
f 10837/10837 10838/10838 10839/10839
f 10840/10840 10841/10841 10842/10842
f 10843/10843 10844/10844 10845/10845
f 10846/10846 10847/10847 10848/10848
f 10849/10849 10850/10850 10851/10851
f 10852/10852 10853/10853 10854/10854
f 10855/10855 10856/10856 10857/10857
f 10858/10858 10859/10859 10860/10860
f 10861/10861 10862/10862 10863/10863
f 10864/10864 10865/10865 10866/10866
f 10867/10867 10868/10868 10869/10869
f 10870/10870 10871/10871 10872/10872
f 10873/10873 10874/10874 10875/10875
f 10876/10876 10877/10877 10878/10878
f 10879/10879 10880/10880 10881/10881
f 10882/10882 10883/10883 10884/10884
f 10885/10885 10886/10886 10887/10887
f 10888/10888 10889/10889 10890/10890
f 10891/10891 10892/10892 10893/10893
f 10894/10894 10895/10895 10896/10896
f 10897/10897 10898/10898 10899/10899
f 10900/10900 10901/10901 10902/10902
f 10903/10903 10904/10904 10905/10905
f 10906/10906 10907/10907 10908/10908
f 10909/10909 10910/10910 10911/10911
f 10912/10912 10913/10913 10914/10914
f 10915/10915 10916/10916 10917/10917
f 10918/10918 10919/10919 10920/10920
f 10921/10921 10922/10922 10923/10923
f 10924/10924 10925/10925 10926/10926
f 10927/10927 10928/10928 10929/10929
f 10930/10930 10931/10931 10932/10932
f 10933/10933 10934/10934 10935/10935
f 10936/10936 10937/10937 10938/10938
f 10939/10939 10940/10940 10941/10941
f 10942/10942 10943/10943 10944/10944
f 10945/10945 10946/10946 10947/10947
f 10948/10948 10949/10949 10950/10950
f 10951/10951 10952/10952 10953/10953
f 10954/10954 10955/10955 10956/10956
f 10957/10957 10958/10958 10959/10959
f 10960/10960 10961/10961 10962/10962
f 10963/10963 10964/10964 10965/10965
f 10966/10966 10967/10967 10968/10968
f 10969/10969 10970/10970 10971/10971
f 10972/10972 10973/10973 10974/10974
f 10975/10975 10976/10976 10977/10977
f 10978/10978 10979/10979 10980/10980
f 10981/10981 10982/10982 10983/10983
f 10984/10984 10985/10985 10986/10986
f 10987/10987 10988/10988 10989/10989
f 10990/10990 10991/10991 10992/10992
f 10993/10993 10994/10994 10995/10995
f 10996/10996 10997/10997 10998/10998
f 10999/10999 11000/11000 11001/11001
f 11002/11002 11003/11003 11004/11004
f 11005/11005 11006/11006 11007/11007
f 11008/11008 11009/11009 11010/11010
f 11011/11011 11012/11012 11013/11013
f 11014/11014 11015/11015 11016/11016
f 11017/11017 11018/11018 11019/11019
f 11020/11020 11021/11021 11022/11022
f 11023/11023 11024/11024 11025/11025
f 11026/11026 11027/11027 11028/11028
f 11029/11029 11030/11030 11031/11031
f 11032/11032 11033/11033 11034/11034
f 11035/11035 11036/11036 11037/11037
f 11038/11038 11039/11039 11040/11040
f 11041/11041 11042/11042 11043/11043
f 11044/11044 11045/11045 11046/11046
f 11047/11047 11048/11048 11049/11049
f 11050/11050 11051/11051 11052/11052
f 11053/11053 11054/11054 11055/11055
f 11056/11056 11057/11057 11058/11058
f 11059/11059 11060/11060 11061/11061
f 11062/11062 11063/11063 11064/11064
f 11065/11065 11066/11066 11067/11067
f 11068/11068 11069/11069 11070/11070
f 11071/11071 11072/11072 11073/11073
f 11074/11074 11075/11075 11076/11076
f 11077/11077 11078/11078 11079/11079
f 11080/11080 11081/11081 11082/11082
f 11083/11083 11084/11084 11085/11085
f 11086/11086 11087/11087 11088/11088
f 11089/11089 11090/11090 11091/11091
f 11092/11092 11093/11093 11094/11094
f 11095/11095 11096/11096 11097/11097
f 11098/11098 11099/11099 11100/11100
f 11101/11101 11102/11102 11103/11103
f 11104/11104 11105/11105 11106/11106
f 11107/11107 11108/11108 11109/11109
f 11110/11110 11111/11111 11112/11112
f 11113/11113 11114/11114 11115/11115
f 11116/11116 11117/11117 11118/11118
f 11119/11119 11120/11120 11121/11121
f 11122/11122 11123/11123 11124/11124
f 11125/11125 11126/11126 11127/11127
f 11128/11128 11129/11129 11130/11130
f 11131/11131 11132/11132 11133/11133
f 11134/11134 11135/11135 11136/11136
f 11137/11137 11138/11138 11139/11139
f 11140/11140 11141/11141 11142/11142
f 11143/11143 11144/11144 11145/11145
f 11146/11146 11147/11147 11148/11148
f 11149/11149 11150/11150 11151/11151
f 11152/11152 11153/11153 11154/11154
f 11155/11155 11156/11156 11157/11157
f 11158/11158 11159/11159 11160/11160
f 11161/11161 11162/11162 11163/11163
f 11164/11164 11165/11165 11166/11166
f 11167/11167 11168/11168 11169/11169
f 11170/11170 11171/11171 11172/11172
f 11173/11173 11174/11174 11175/11175
f 11176/11176 11177/11177 11178/11178
f 11179/11179 11180/11180 11181/11181
f 11182/11182 11183/11183 11184/11184
f 11185/11185 11186/11186 11187/11187
f 11188/11188 11189/11189 11190/11190
f 11191/11191 11192/11192 11193/11193
f 11194/11194 11195/11195 11196/11196
f 11197/11197 11198/11198 11199/11199
f 11200/11200 11201/11201 11202/11202
f 11203/11203 11204/11204 11205/11205
f 11206/11206 11207/11207 11208/11208
f 11209/11209 11210/11210 11211/11211
f 11212/11212 11213/11213 11214/11214
f 11215/11215 11216/11216 11217/11217
f 11218/11218 11219/11219 11220/11220
f 11221/11221 11222/11222 11223/11223
f 11224/11224 11225/11225 11226/11226
f 11227/11227 11228/11228 11229/11229
f 11230/11230 11231/11231 11232/11232
f 11233/11233 11234/11234 11235/11235
f 11236/11236 11237/11237 11238/11238
f 11239/11239 11240/11240 11241/11241
f 11242/11242 11243/11243 11244/11244
f 11245/11245 11246/11246 11247/11247
f 11248/11248 11249/11249 11250/11250
f 11251/11251 11252/11252 11253/11253
f 11254/11254 11255/11255 11256/11256
f 11257/11257 11258/11258 11259/11259
f 11260/11260 11261/11261 11262/11262
f 11263/11263 11264/11264 11265/11265
f 11266/11266 11267/11267 11268/11268
f 11269/11269 11270/11270 11271/11271
f 11272/11272 11273/11273 11274/11274
f 11275/11275 11276/11276 11277/11277
f 11278/11278 11279/11279 11280/11280
f 11281/11281 11282/11282 11283/11283
f 11284/11284 11285/11285 11286/11286
f 11287/11287 11288/11288 11289/11289
f 11290/11290 11291/11291 11292/11292
f 11293/11293 11294/11294 11295/11295
f 11296/11296 11297/11297 11298/11298
f 11299/11299 11300/11300 11301/11301
f 11302/11302 11303/11303 11304/11304
f 11305/11305 11306/11306 11307/11307
f 11308/11308 11309/11309 11310/11310
f 11311/11311 11312/11312 11313/11313
f 11314/11314 11315/11315 11316/11316
f 11317/11317 11318/11318 11319/11319
f 11320/11320 11321/11321 11322/11322
f 11323/11323 11324/11324 11325/11325
f 11326/11326 11327/11327 11328/11328
f 11329/11329 11330/11330 11331/11331
f 11332/11332 11333/11333 11334/11334
f 11335/11335 11336/11336 11337/11337
f 11338/11338 11339/11339 11340/11340
f 11341/11341 11342/11342 11343/11343
f 11344/11344 11345/11345 11346/11346
f 11347/11347 11348/11348 11349/11349
f 11350/11350 11351/11351 11352/11352
f 11353/11353 11354/11354 11355/11355
f 11356/11356 11357/11357 11358/11358
f 11359/11359 11360/11360 11361/11361
f 11362/11362 11363/11363 11364/11364
f 11365/11365 11366/11366 11367/11367
f 11368/11368 11369/11369 11370/11370
f 11371/11371 11372/11372 11373/11373
f 11374/11374 11375/11375 11376/11376
f 11377/11377 11378/11378 11379/11379
f 11380/11380 11381/11381 11382/11382
f 11383/11383 11384/11384 11385/11385
f 11386/11386 11387/11387 11388/11388
f 11389/11389 11390/11390 11391/11391
f 11392/11392 11393/11393 11394/11394
f 11395/11395 11396/11396 11397/11397
f 11398/11398 11399/11399 11400/11400
f 11401/11401 11402/11402 11403/11403
f 11404/11404 11405/11405 11406/11406
f 11407/11407 11408/11408 11409/11409
f 11410/11410 11411/11411 11412/11412
f 11413/11413 11414/11414 11415/11415
f 11416/11416 11417/11417 11418/11418
f 11419/11419 11420/11420 11421/11421
f 11422/11422 11423/11423 11424/11424
f 11425/11425 11426/11426 11427/11427
f 11428/11428 11429/11429 11430/11430
f 11431/11431 11432/11432 11433/11433
f 11434/11434 11435/11435 11436/11436
f 11437/11437 11438/11438 11439/11439
f 11440/11440 11441/11441 11442/11442
f 11443/11443 11444/11444 11445/11445
f 11446/11446 11447/11447 11448/11448
f 11449/11449 11450/11450 11451/11451
f 11452/11452 11453/11453 11454/11454
f 11455/11455 11456/11456 11457/11457
f 11458/11458 11459/11459 11460/11460
f 11461/11461 11462/11462 11463/11463
f 11464/11464 11465/11465 11466/11466
f 11467/11467 11468/11468 11469/11469
f 11470/11470 11471/11471 11472/11472
f 11473/11473 11474/11474 11475/11475
f 11476/11476 11477/11477 11478/11478
f 11479/11479 11480/11480 11481/11481
f 11482/11482 11483/11483 11484/11484
f 11485/11485 11486/11486 11487/11487
f 11488/11488 11489/11489 11490/11490
f 11491/11491 11492/11492 11493/11493
f 11494/11494 11495/11495 11496/11496
f 11497/11497 11498/11498 11499/11499
f 11500/11500 11501/11501 11502/11502
f 11503/11503 11504/11504 11505/11505
f 11506/11506 11507/11507 11508/11508
f 11509/11509 11510/11510 11511/11511
f 11512/11512 11513/11513 11514/11514
f 11515/11515 11516/11516 11517/11517
f 11518/11518 11519/11519 11520/11520
f 11521/11521 11522/11522 11523/11523
f 11524/11524 11525/11525 11526/11526
f 11527/11527 11528/11528 11529/11529
f 11530/11530 11531/11531 11532/11532
f 11533/11533 11534/11534 11535/11535
f 11536/11536 11537/11537 11538/11538
f 11539/11539 11540/11540 11541/11541
f 11542/11542 11543/11543 11544/11544
f 11545/11545 11546/11546 11547/11547
f 11548/11548 11549/11549 11550/11550
f 11551/11551 11552/11552 11553/11553
f 11554/11554 11555/11555 11556/11556
f 11557/11557 11558/11558 11559/11559
f 11560/11560 11561/11561 11562/11562
f 11563/11563 11564/11564 11565/11565
f 11566/11566 11567/11567 11568/11568
f 11569/11569 11570/11570 11571/11571
f 11572/11572 11573/11573 11574/11574
f 11575/11575 11576/11576 11577/11577
f 11578/11578 11579/11579 11580/11580
f 11581/11581 11582/11582 11583/11583
f 11584/11584 11585/11585 11586/11586
f 11587/11587 11588/11588 11589/11589
f 11590/11590 11591/11591 11592/11592
f 11593/11593 11594/11594 11595/11595
f 11596/11596 11597/11597 11598/11598
f 11599/11599 11600/11600 11601/11601
f 11602/11602 11603/11603 11604/11604
f 11605/11605 11606/11606 11607/11607
f 11608/11608 11609/11609 11610/11610
f 11611/11611 11612/11612 11613/11613
f 11614/11614 11615/11615 11616/11616
f 11617/11617 11618/11618 11619/11619
f 11620/11620 11621/11621 11622/11622
f 11623/11623 11624/11624 11625/11625
f 11626/11626 11627/11627 11628/11628
f 11629/11629 11630/11630 11631/11631
f 11632/11632 11633/11633 11634/11634
f 11635/11635 11636/11636 11637/11637
f 11638/11638 11639/11639 11640/11640
f 11641/11641 11642/11642 11643/11643
f 11644/11644 11645/11645 11646/11646
f 11647/11647 11648/11648 11649/11649
f 11650/11650 11651/11651 11652/11652
f 11653/11653 11654/11654 11655/11655
f 11656/11656 11657/11657 11658/11658
f 11659/11659 11660/11660 11661/11661
f 11662/11662 11663/11663 11664/11664
f 11665/11665 11666/11666 11667/11667
f 11668/11668 11669/11669 11670/11670
f 11671/11671 11672/11672 11673/11673
f 11674/11674 11675/11675 11676/11676
f 11677/11677 11678/11678 11679/11679
f 11680/11680 11681/11681 11682/11682
f 11683/11683 11684/11684 11685/11685
f 11686/11686 11687/11687 11688/11688
f 11689/11689 11690/11690 11691/11691
f 11692/11692 11693/11693 11694/11694
f 11695/11695 11696/11696 11697/11697
f 11698/11698 11699/11699 11700/11700
f 11701/11701 11702/11702 11703/11703
f 11704/11704 11705/11705 11706/11706
f 11707/11707 11708/11708 11709/11709
f 11710/11710 11711/11711 11712/11712
f 11713/11713 11714/11714 11715/11715
f 11716/11716 11717/11717 11718/11718
f 11719/11719 11720/11720 11721/11721
f 11722/11722 11723/11723 11724/11724
f 11725/11725 11726/11726 11727/11727
f 11728/11728 11729/11729 11730/11730
f 11731/11731 11732/11732 11733/11733
f 11734/11734 11735/11735 11736/11736
f 11737/11737 11738/11738 11739/11739
f 11740/11740 11741/11741 11742/11742
f 11743/11743 11744/11744 11745/11745
f 11746/11746 11747/11747 11748/11748
f 11749/11749 11750/11750 11751/11751
f 11752/11752 11753/11753 11754/11754
f 11755/11755 11756/11756 11757/11757
f 11758/11758 11759/11759 11760/11760
f 11761/11761 11762/11762 11763/11763
f 11764/11764 11765/11765 11766/11766
f 11767/11767 11768/11768 11769/11769
f 11770/11770 11771/11771 11772/11772
f 11773/11773 11774/11774 11775/11775
f 11776/11776 11777/11777 11778/11778
f 11779/11779 11780/11780 11781/11781
f 11782/11782 11783/11783 11784/11784
f 11785/11785 11786/11786 11787/11787
f 11788/11788 11789/11789 11790/11790
f 11791/11791 11792/11792 11793/11793
f 11794/11794 11795/11795 11796/11796
f 11797/11797 11798/11798 11799/11799
f 11800/11800 11801/11801 11802/11802
f 11803/11803 11804/11804 11805/11805
f 11806/11806 11807/11807 11808/11808
f 11809/11809 11810/11810 11811/11811
f 11812/11812 11813/11813 11814/11814
f 11815/11815 11816/11816 11817/11817
f 11818/11818 11819/11819 11820/11820
f 11821/11821 11822/11822 11823/11823
f 11824/11824 11825/11825 11826/11826
f 11827/11827 11828/11828 11829/11829
f 11830/11830 11831/11831 11832/11832
f 11833/11833 11834/11834 11835/11835
f 11836/11836 11837/11837 11838/11838
f 11839/11839 11840/11840 11841/11841
f 11842/11842 11843/11843 11844/11844
f 11845/11845 11846/11846 11847/11847
f 11848/11848 11849/11849 11850/11850
f 11851/11851 11852/11852 11853/11853
f 11854/11854 11855/11855 11856/11856
f 11857/11857 11858/11858 11859/11859
f 11860/11860 11861/11861 11862/11862
f 11863/11863 11864/11864 11865/11865
f 11866/11866 11867/11867 11868/11868
f 11869/11869 11870/11870 11871/11871
f 11872/11872 11873/11873 11874/11874
f 11875/11875 11876/11876 11877/11877
f 11878/11878 11879/11879 11880/11880
f 11881/11881 11882/11882 11883/11883
f 11884/11884 11885/11885 11886/11886
f 11887/11887 11888/11888 11889/11889
f 11890/11890 11891/11891 11892/11892
f 11893/11893 11894/11894 11895/11895
f 11896/11896 11897/11897 11898/11898
f 11899/11899 11900/11900 11901/11901
f 11902/11902 11903/11903 11904/11904
f 11905/11905 11906/11906 11907/11907
f 11908/11908 11909/11909 11910/11910
f 11911/11911 11912/11912 11913/11913
f 11914/11914 11915/11915 11916/11916
f 11917/11917 11918/11918 11919/11919
f 11920/11920 11921/11921 11922/11922
f 11923/11923 11924/11924 11925/11925
f 11926/11926 11927/11927 11928/11928
f 11929/11929 11930/11930 11931/11931
f 11932/11932 11933/11933 11934/11934
f 11935/11935 11936/11936 11937/11937
f 11938/11938 11939/11939 11940/11940
f 11941/11941 11942/11942 11943/11943
f 11944/11944 11945/11945 11946/11946
f 11947/11947 11948/11948 11949/11949
f 11950/11950 11951/11951 11952/11952
f 11953/11953 11954/11954 11955/11955
f 11956/11956 11957/11957 11958/11958
f 11959/11959 11960/11960 11961/11961
f 11962/11962 11963/11963 11964/11964
f 11965/11965 11966/11966 11967/11967
f 11968/11968 11969/11969 11970/11970
f 11971/11971 11972/11972 11973/11973
f 11974/11974 11975/11975 11976/11976
f 11977/11977 11978/11978 11979/11979
f 11980/11980 11981/11981 11982/11982
f 11983/11983 11984/11984 11985/11985
f 11986/11986 11987/11987 11988/11988
f 11989/11989 11990/11990 11991/11991
f 11992/11992 11993/11993 11994/11994
f 11995/11995 11996/11996 11997/11997
f 11998/11998 11999/11999 12000/12000
f 12001/12001 12002/12002 12003/12003
f 12004/12004 12005/12005 12006/12006
f 12007/12007 12008/12008 12009/12009
f 12010/12010 12011/12011 12012/12012
f 12013/12013 12014/12014 12015/12015
f 12016/12016 12017/12017 12018/12018
f 12019/12019 12020/12020 12021/12021
f 12022/12022 12023/12023 12024/12024
f 12025/12025 12026/12026 12027/12027
f 12028/12028 12029/12029 12030/12030
f 12031/12031 12032/12032 12033/12033
f 12034/12034 12035/12035 12036/12036
f 12037/12037 12038/12038 12039/12039
f 12040/12040 12041/12041 12042/12042
f 12043/12043 12044/12044 12045/12045
f 12046/12046 12047/12047 12048/12048
f 12049/12049 12050/12050 12051/12051
f 12052/12052 12053/12053 12054/12054
f 12055/12055 12056/12056 12057/12057
f 12058/12058 12059/12059 12060/12060
f 12061/12061 12062/12062 12063/12063
f 12064/12064 12065/12065 12066/12066
f 12067/12067 12068/12068 12069/12069
f 12070/12070 12071/12071 12072/12072
f 12073/12073 12074/12074 12075/12075
f 12076/12076 12077/12077 12078/12078
f 12079/12079 12080/12080 12081/12081
f 12082/12082 12083/12083 12084/12084
f 12085/12085 12086/12086 12087/12087
f 12088/12088 12089/12089 12090/12090
f 12091/12091 12092/12092 12093/12093
f 12094/12094 12095/12095 12096/12096
f 12097/12097 12098/12098 12099/12099
f 12100/12100 12101/12101 12102/12102
f 12103/12103 12104/12104 12105/12105
f 12106/12106 12107/12107 12108/12108
f 12109/12109 12110/12110 12111/12111
f 12112/12112 12113/12113 12114/12114
f 12115/12115 12116/12116 12117/12117
f 12118/12118 12119/12119 12120/12120
f 12121/12121 12122/12122 12123/12123
f 12124/12124 12125/12125 12126/12126
f 12127/12127 12128/12128 12129/12129
f 12130/12130 12131/12131 12132/12132
f 12133/12133 12134/12134 12135/12135
f 12136/12136 12137/12137 12138/12138
f 12139/12139 12140/12140 12141/12141
f 12142/12142 12143/12143 12144/12144
f 12145/12145 12146/12146 12147/12147
f 12148/12148 12149/12149 12150/12150
f 12151/12151 12152/12152 12153/12153
f 12154/12154 12155/12155 12156/12156
f 12157/12157 12158/12158 12159/12159
f 12160/12160 12161/12161 12162/12162
f 12163/12163 12164/12164 12165/12165
f 12166/12166 12167/12167 12168/12168
f 12169/12169 12170/12170 12171/12171
f 12172/12172 12173/12173 12174/12174
f 12175/12175 12176/12176 12177/12177
f 12178/12178 12179/12179 12180/12180
f 12181/12181 12182/12182 12183/12183
f 12184/12184 12185/12185 12186/12186
f 12187/12187 12188/12188 12189/12189
f 12190/12190 12191/12191 12192/12192
f 12193/12193 12194/12194 12195/12195
f 12196/12196 12197/12197 12198/12198
f 12199/12199 12200/12200 12201/12201
f 12202/12202 12203/12203 12204/12204
f 12205/12205 12206/12206 12207/12207
f 12208/12208 12209/12209 12210/12210
f 12211/12211 12212/12212 12213/12213
f 12214/12214 12215/12215 12216/12216
f 12217/12217 12218/12218 12219/12219
f 12220/12220 12221/12221 12222/12222
f 12223/12223 12224/12224 12225/12225
f 12226/12226 12227/12227 12228/12228
f 12229/12229 12230/12230 12231/12231
f 12232/12232 12233/12233 12234/12234
f 12235/12235 12236/12236 12237/12237
f 12238/12238 12239/12239 12240/12240
f 12241/12241 12242/12242 12243/12243
