# converted from UMD2 by mdl_to_obj.py
v 0.161133 -0.483398 -0.290039
v 0.161133 -0.499023 -0.387695
v 0.274414 -0.499023 -0.354492
v 0.362305 -0.499023 -0.223633
v 0.161133 -0.483398 -0.290039
v 0.274414 -0.499023 -0.354492
v 0.161133 -0.483398 -0.290039
v 0.041992 -0.499023 -0.446289
v 0.161133 -0.499023 -0.387695
v 0.041992 -0.499023 -0.446289
v 0.161133 -0.483398 -0.290039
v -0.155273 -0.499023 -0.446289
v 0.086914 -0.495117 -0.379883
v 0.106445 -0.489258 -0.377930
v 0.106445 -0.495117 -0.377930
v 0.106445 -0.495117 -0.377930
v 0.106445 -0.489258 -0.377930
v 0.104492 -0.489258 -0.358398
v 0.104492 -0.489258 -0.358398
v 0.104492 -0.495117 -0.358398
v 0.106445 -0.495117 -0.377930
v 0.106445 -0.489258 -0.377930
v 0.086914 -0.495117 -0.379883
v 0.086914 -0.489258 -0.379883
v 0.106445 -0.489258 -0.377930
v 0.086914 -0.489258 -0.379883
v 0.100586 -0.485352 -0.374023
v 0.106445 -0.489258 -0.377930
v 0.100586 -0.485352 -0.374023
v 0.100586 -0.485352 -0.362305
v 0.106445 -0.489258 -0.377930
v 0.100586 -0.485352 -0.362305
v 0.104492 -0.489258 -0.358398
v 0.084961 -0.495117 -0.358398
v 0.086914 -0.489258 -0.379883
v 0.086914 -0.495117 -0.379883
v 0.090820 -0.485352 -0.374023
v 0.100586 -0.485352 -0.374023
v 0.086914 -0.489258 -0.379883
v 0.084961 -0.489258 -0.358398
v 0.090820 -0.485352 -0.374023
v 0.086914 -0.489258 -0.379883
v 0.086914 -0.489258 -0.379883
v 0.084961 -0.495117 -0.358398
v 0.084961 -0.489258 -0.358398
v 0.012695 -0.495117 -0.409180
v 0.012695 -0.489258 -0.409180
v 0.010742 -0.489258 -0.387695
v -0.006836 -0.495117 -0.409180
v 0.012695 -0.489258 -0.409180
v 0.012695 -0.495117 -0.409180
v 0.010742 -0.489258 -0.387695
v 0.010742 -0.495117 -0.387695
v 0.012695 -0.495117 -0.409180
v 0.012695 -0.489258 -0.409180
v 0.008789 -0.485352 -0.405273
v 0.006836 -0.485352 -0.393555
v -0.006836 -0.489258 -0.409180
v 0.008789 -0.485352 -0.405273
v 0.012695 -0.489258 -0.409180
v 0.012695 -0.489258 -0.409180
v 0.006836 -0.485352 -0.393555
v 0.010742 -0.489258 -0.387695
v 0.012695 -0.489258 -0.409180
v -0.006836 -0.495117 -0.409180
v -0.006836 -0.489258 -0.409180
v 0.006836 -0.463867 -0.393555
v 0.006836 -0.485352 -0.393555
v 0.008789 -0.485352 -0.405273
v 0.008789 -0.485352 -0.405273
v 0.008789 -0.459961 -0.405273
v 0.006836 -0.463867 -0.393555
v -0.002930 -0.485352 -0.405273
v 0.008789 -0.459961 -0.405273
v 0.008789 -0.485352 -0.405273
v 0.008789 -0.485352 -0.405273
v -0.006836 -0.489258 -0.409180
v -0.002930 -0.485352 -0.405273
v -0.002930 -0.485352 -0.393555
v 0.010742 -0.489258 -0.387695
v 0.006836 -0.485352 -0.393555
v 0.006836 -0.485352 -0.393555
v 0.006836 -0.463867 -0.393555
v -0.002930 -0.463867 -0.393555
v -0.002930 -0.463867 -0.393555
v -0.002930 -0.485352 -0.393555
v 0.006836 -0.485352 -0.393555
v 0.010742 -0.495117 -0.387695
v 0.010742 -0.489258 -0.387695
v -0.008789 -0.489258 -0.389648
v -0.008789 -0.489258 -0.389648
v -0.008789 -0.495117 -0.389648
v 0.010742 -0.495117 -0.387695
v 0.010742 -0.489258 -0.387695
v -0.002930 -0.485352 -0.393555
v -0.008789 -0.489258 -0.389648
v 0.010742 -0.452148 -0.391602
v 0.006836 -0.463867 -0.393555
v 0.008789 -0.459961 -0.405273
v 0.006836 -0.446289 -0.393555
v 0.010742 -0.452148 -0.391602
v 0.008789 -0.459961 -0.405273
v -0.002930 -0.459961 -0.405273
v 0.006836 -0.446289 -0.393555
v 0.008789 -0.459961 -0.405273
v 0.008789 -0.459961 -0.405273
v -0.002930 -0.485352 -0.405273
v -0.002930 -0.459961 -0.405273
v 0.006836 -0.463867 -0.393555
v 0.010742 -0.452148 -0.391602
v 0.006836 -0.458008 -0.389648
v 0.006836 -0.463867 -0.393555
v 0.006836 -0.458008 -0.389648
v -0.002930 -0.458008 -0.389648
v -0.002930 -0.458008 -0.389648
v -0.002930 -0.463867 -0.393555
v 0.006836 -0.463867 -0.393555
v 0.010742 -0.452148 -0.391602
v 0.006836 -0.446289 -0.393555
v 0.000977 -0.444336 -0.344727
v 0.004883 -0.452148 -0.344727
v 0.006836 -0.458008 -0.389648
v 0.010742 -0.452148 -0.391602
v 0.000977 -0.444336 -0.344727
v 0.004883 -0.452148 -0.344727
v 0.010742 -0.452148 -0.391602
v -0.002930 -0.446289 -0.395508
v 0.000977 -0.444336 -0.344727
v 0.006836 -0.446289 -0.393555
v 0.006836 -0.446289 -0.393555
v -0.002930 -0.459961 -0.405273
v -0.002930 -0.446289 -0.395508
v 0.004883 -0.452148 -0.344727
v 0.000977 -0.458008 -0.344727
v 0.006836 -0.458008 -0.389648
v 0.006836 -0.458008 -0.389648
v 0.000977 -0.458008 -0.344727
v -0.006836 -0.458008 -0.346680
v -0.006836 -0.458008 -0.346680
v -0.002930 -0.458008 -0.389648
v 0.006836 -0.458008 -0.389648
v 0.237305 -0.485352 -0.247070
v 0.245117 -0.461914 -0.260742
v 0.247070 -0.477539 -0.250977
v 0.249023 -0.483398 -0.243164
v 0.237305 -0.485352 -0.247070
v 0.247070 -0.477539 -0.250977
v 0.237305 -0.471680 -0.256836
v 0.245117 -0.461914 -0.260742
v 0.237305 -0.485352 -0.247070
v 0.233398 -0.483398 -0.250977
v 0.225586 -0.467773 -0.252930
v 0.233398 -0.481445 -0.247070
v 0.233398 -0.481445 -0.247070
v 0.239258 -0.499023 -0.249023
v 0.233398 -0.483398 -0.250977
v 0.225586 -0.467773 -0.252930
v 0.231445 -0.485352 -0.239258
v 0.233398 -0.481445 -0.247070
v 0.225586 -0.473633 -0.241211
v 0.231445 -0.485352 -0.239258
v 0.225586 -0.467773 -0.252930
v 0.143555 -0.471680 -0.297852
v 0.170898 -0.469727 -0.288086
v 0.170898 -0.489258 -0.288086
v 0.170898 -0.489258 -0.288086
v 0.170898 -0.469727 -0.288086
v 0.170898 -0.471680 -0.270508
v 0.020508 -0.489258 -0.321289
v 0.143555 -0.471680 -0.297852
v 0.170898 -0.489258 -0.288086
v 0.170898 -0.489258 -0.288086
v 0.170898 -0.471680 -0.270508
v 0.196289 -0.489258 -0.184570
v 0.161133 -0.483398 -0.290039
v 0.362305 -0.499023 -0.223633
v 0.262695 -0.487305 0.041992
v 0.161133 -0.483398 -0.290039
v 0.030273 -0.475586 -0.184570
v -0.155273 -0.487305 -0.315430
v 0.262695 -0.487305 0.041992
v 0.030273 -0.475586 -0.184570
v 0.161133 -0.483398 -0.290039
v -0.155273 -0.487305 -0.315430
v -0.155273 -0.499023 -0.446289
v 0.161133 -0.483398 -0.290039
v 0.170898 -0.469727 -0.288086
v 0.143555 -0.471680 -0.297852
v 0.170898 -0.471680 -0.270508
v 0.143555 -0.471680 -0.297852
v 0.143555 -0.450195 -0.295898
v 0.145508 -0.469727 -0.280273
v 0.020508 -0.450195 -0.319336
v 0.143555 -0.450195 -0.295898
v 0.143555 -0.471680 -0.297852
v 0.145508 -0.469727 -0.280273
v 0.170898 -0.471680 -0.270508
v 0.143555 -0.471680 -0.297852
v 0.143555 -0.471680 -0.297852
v 0.020508 -0.489258 -0.321289
v 0.020508 -0.450195 -0.319336
v 0.145508 -0.452148 -0.280273
v 0.145508 -0.469727 -0.280273
v 0.143555 -0.450195 -0.295898
v 0.170898 -0.352539 -0.293945
v 0.145508 -0.452148 -0.280273
v 0.143555 -0.450195 -0.295898
v 0.020508 -0.450195 -0.319336
v 0.170898 -0.352539 -0.293945
v 0.143555 -0.450195 -0.295898
v 0.145508 -0.469727 -0.280273
v 0.170898 -0.450195 -0.270508
v 0.170898 -0.471680 -0.270508
v 0.170898 -0.471680 -0.270508
v 0.170898 -0.450195 -0.270508
v 0.188477 -0.440430 -0.178711
v 0.196289 -0.448242 -0.184570
v 0.196289 -0.489258 -0.184570
v 0.170898 -0.471680 -0.270508
v 0.188477 -0.440430 -0.178711
v 0.196289 -0.448242 -0.184570
v 0.170898 -0.471680 -0.270508
v 0.170898 -0.450195 -0.270508
v 0.145508 -0.469727 -0.280273
v 0.145508 -0.452148 -0.280273
v 0.170898 -0.450195 -0.270508
v 0.145508 -0.452148 -0.280273
v 0.170898 -0.352539 -0.293945
v 0.170898 -0.450195 -0.270508
v 0.170898 -0.352539 -0.293945
v 0.157227 -0.291992 -0.166992
v 0.157227 -0.291992 -0.166992
v 0.188477 -0.440430 -0.178711
v 0.170898 -0.450195 -0.270508
v 0.161133 -0.422852 -0.258789
v 0.178711 -0.415039 -0.258789
v 0.178711 -0.422852 -0.256836
v 0.178711 -0.422852 -0.256836
v 0.178711 -0.415039 -0.258789
v 0.168945 -0.374023 -0.217773
v 0.178711 -0.415039 -0.258789
v 0.161133 -0.422852 -0.258789
v 0.161133 -0.415039 -0.260742
v 0.178711 -0.415039 -0.258789
v 0.161133 -0.415039 -0.260742
v 0.168945 -0.413086 -0.252930
v 0.178711 -0.415039 -0.258789
v 0.168945 -0.413086 -0.252930
v 0.166992 -0.374023 -0.221680
v 0.178711 -0.415039 -0.258789
v 0.166992 -0.374023 -0.221680
v 0.168945 -0.374023 -0.217773
v 0.161133 -0.415039 -0.260742
v 0.161133 -0.413086 -0.258789
v 0.168945 -0.413086 -0.252930
v 0.163086 -0.379883 -0.262695
v 0.168945 -0.413086 -0.252930
v 0.161133 -0.413086 -0.258789
v 0.163086 -0.379883 -0.262695
v 0.170898 -0.379883 -0.258789
v 0.168945 -0.413086 -0.252930
v 0.168945 -0.413086 -0.252930
v 0.170898 -0.379883 -0.258789
v 0.166992 -0.374023 -0.221680
v 0.174805 -0.379883 -0.262695
v 0.170898 -0.379883 -0.258789
v 0.163086 -0.379883 -0.262695
v 0.168945 -0.374023 -0.217773
v 0.170898 -0.379883 -0.258789
v 0.174805 -0.379883 -0.262695
v 0.163086 -0.379883 -0.262695
v 0.163086 -0.379883 -0.264648
v 0.174805 -0.379883 -0.262695
v 0.174805 -0.379883 -0.262695
v 0.163086 -0.379883 -0.264648
v 0.174805 -0.372070 -0.264648
v 0.174805 -0.379883 -0.262695
v 0.174805 -0.372070 -0.264648
v 0.168945 -0.366211 -0.217773
v 0.168945 -0.366211 -0.217773
v 0.168945 -0.374023 -0.217773
v 0.174805 -0.379883 -0.262695
v 0.168945 -0.374023 -0.217773
v 0.166992 -0.374023 -0.221680
v 0.170898 -0.379883 -0.258789
v 0.163086 -0.379883 -0.264648
v 0.163086 -0.372070 -0.266602
v 0.174805 -0.372070 -0.264648
v 0.190430 -0.344727 -0.315430
v 0.190430 -0.358398 -0.307617
v 0.026367 -0.364258 -0.333008
v 0.180664 -0.291992 -0.166992
v 0.190430 -0.358398 -0.307617
v 0.190430 -0.344727 -0.315430
v 0.190430 -0.344727 -0.315430
v 0.026367 -0.364258 -0.333008
v 0.026367 -0.350586 -0.340820
v 0.190430 -0.344727 -0.315430
v 0.026367 -0.350586 -0.340820
v 0.014648 -0.276367 -0.186523
v 0.180664 -0.274414 -0.166992
v 0.180664 -0.291992 -0.166992
v 0.190430 -0.344727 -0.315430
v 0.014648 -0.276367 -0.186523
v 0.180664 -0.274414 -0.166992
v 0.190430 -0.344727 -0.315430
v 0.190430 -0.358398 -0.307617
v 0.170898 -0.352539 -0.293945
v 0.024414 -0.358398 -0.321289
v 0.180664 -0.291992 -0.166992
v 0.170898 -0.352539 -0.293945
v 0.190430 -0.358398 -0.307617
v 0.024414 -0.358398 -0.321289
v 0.026367 -0.364258 -0.333008
v 0.190430 -0.358398 -0.307617
v 0.170898 -0.352539 -0.293945
v 0.020508 -0.450195 -0.319336
v 0.024414 -0.358398 -0.321289
v 0.170898 -0.352539 -0.293945
v 0.180664 -0.291992 -0.166992
v 0.157227 -0.291992 -0.166992
v 0.168945 -0.366211 -0.217773
v 0.174805 -0.372070 -0.264648
v 0.163086 -0.372070 -0.266602
v 0.163086 -0.372070 -0.266602
v 0.157227 -0.366211 -0.219727
v 0.168945 -0.366211 -0.217773
v 0.165039 -0.315430 -0.266602
v 0.186523 -0.313477 -0.264648
v 0.165039 -0.319336 -0.264648
v 0.184570 -0.305664 -0.241211
v 0.186523 -0.313477 -0.264648
v 0.165039 -0.315430 -0.266602
v 0.163086 -0.303711 -0.243164
v 0.184570 -0.305664 -0.241211
v 0.165039 -0.315430 -0.266602
v 0.165039 -0.319336 -0.264648
v 0.186523 -0.313477 -0.264648
v 0.186523 -0.321289 -0.260742
v 0.186523 -0.321289 -0.260742
v 0.186523 -0.313477 -0.264648
v 0.184570 -0.311523 -0.237305
v 0.186523 -0.313477 -0.264648
v 0.184570 -0.305664 -0.241211
v 0.184570 -0.311523 -0.237305
v 0.131836 -0.317383 -0.268555
v 0.104492 -0.317383 -0.280273
v 0.122070 -0.297852 -0.264648
v 0.131836 -0.317383 -0.268555
v 0.122070 -0.297852 -0.264648
v 0.129883 -0.291992 -0.249023
v 0.129883 -0.291992 -0.249023
v 0.143555 -0.309570 -0.245117
v 0.131836 -0.317383 -0.268555
v 0.100586 -0.463867 -0.362305
v 0.100586 -0.485352 -0.362305
v 0.100586 -0.485352 -0.374023
v 0.100586 -0.485352 -0.374023
v 0.100586 -0.459961 -0.374023
v 0.100586 -0.463867 -0.362305
v 0.090820 -0.485352 -0.374023
v 0.100586 -0.459961 -0.374023
v 0.100586 -0.485352 -0.374023
v 0.090820 -0.485352 -0.362305
v 0.104492 -0.489258 -0.358398
v 0.100586 -0.485352 -0.362305
v 0.100586 -0.485352 -0.362305
v 0.100586 -0.463867 -0.362305
v 0.090820 -0.463867 -0.362305
v 0.090820 -0.463867 -0.362305
v 0.090820 -0.485352 -0.362305
v 0.100586 -0.485352 -0.362305
v 0.104492 -0.495117 -0.358398
v 0.104492 -0.489258 -0.358398
v 0.084961 -0.489258 -0.358398
v 0.084961 -0.489258 -0.358398
v 0.084961 -0.495117 -0.358398
v 0.104492 -0.495117 -0.358398
v 0.104492 -0.489258 -0.358398
v 0.090820 -0.485352 -0.362305
v 0.084961 -0.489258 -0.358398
v 0.102539 -0.452148 -0.362305
v 0.100586 -0.463867 -0.362305
v 0.100586 -0.459961 -0.374023
v 0.098633 -0.446289 -0.364258
v 0.102539 -0.452148 -0.362305
v 0.100586 -0.459961 -0.374023
v 0.090820 -0.459961 -0.374023
v 0.098633 -0.446289 -0.364258
v 0.100586 -0.459961 -0.374023
v 0.100586 -0.459961 -0.374023
v 0.090820 -0.485352 -0.374023
v 0.090820 -0.459961 -0.374023
v 0.100586 -0.463867 -0.362305
v 0.102539 -0.452148 -0.362305
v 0.098633 -0.458008 -0.358398
v 0.100586 -0.463867 -0.362305
v 0.098633 -0.458008 -0.358398
v 0.090820 -0.458008 -0.358398
v 0.090820 -0.458008 -0.358398
v 0.090820 -0.463867 -0.362305
v 0.100586 -0.463867 -0.362305
v 0.102539 -0.452148 -0.362305
v 0.098633 -0.446289 -0.364258
v 0.094727 -0.444336 -0.315430
v 0.098633 -0.452148 -0.315430
v 0.098633 -0.458008 -0.358398
v 0.102539 -0.452148 -0.362305
v 0.094727 -0.444336 -0.315430
v 0.098633 -0.452148 -0.315430
v 0.102539 -0.452148 -0.362305
v 0.098633 -0.446289 -0.364258
v 0.090820 -0.459961 -0.374023
v 0.090820 -0.446289 -0.364258
v 0.098633 -0.446289 -0.364258
v 0.090820 -0.446289 -0.364258
v 0.094727 -0.444336 -0.315430
v 0.084961 -0.458008 -0.315430
v 0.090820 -0.458008 -0.358398
v 0.098633 -0.458008 -0.358398
v 0.098633 -0.452148 -0.315430
v 0.094727 -0.458008 -0.315430
v 0.098633 -0.458008 -0.358398
v 0.098633 -0.458008 -0.358398
v 0.094727 -0.458008 -0.315430
v 0.084961 -0.458008 -0.315430
v 0.084961 -0.489258 -0.358398
v 0.090820 -0.485352 -0.362305
v 0.090820 -0.485352 -0.374023
v 0.090820 -0.485352 -0.374023
v 0.090820 -0.485352 -0.362305
v 0.090820 -0.459961 -0.374023
v 0.090820 -0.463867 -0.362305
v 0.090820 -0.459961 -0.374023
v 0.090820 -0.485352 -0.362305
v 0.090820 -0.459961 -0.374023
v 0.090820 -0.463867 -0.362305
v 0.086914 -0.452148 -0.362305
v 0.086914 -0.452148 -0.362305
v 0.090820 -0.446289 -0.364258
v 0.090820 -0.459961 -0.374023
v 0.090820 -0.458008 -0.358398
v 0.086914 -0.452148 -0.362305
v 0.090820 -0.463867 -0.362305
v 0.090820 -0.446289 -0.364258
v 0.086914 -0.452148 -0.362305
v 0.084961 -0.444336 -0.315430
v 0.084961 -0.444336 -0.315430
v 0.094727 -0.444336 -0.315430
v 0.090820 -0.446289 -0.364258
v 0.086914 -0.452148 -0.362305
v 0.090820 -0.458008 -0.358398
v 0.084961 -0.458008 -0.315430
v 0.086914 -0.452148 -0.362305
v 0.084961 -0.458008 -0.315430
v 0.081055 -0.452148 -0.315430
v 0.086914 -0.452148 -0.362305
v 0.081055 -0.452148 -0.315430
v 0.084961 -0.444336 -0.315430
v 0.096680 -0.463867 -0.313477
v 0.094727 -0.458008 -0.315430
v 0.098633 -0.452148 -0.315430
v 0.083008 -0.463867 -0.313477
v 0.094727 -0.458008 -0.315430
v 0.096680 -0.463867 -0.313477
v 0.096680 -0.463867 -0.313477
v 0.098633 -0.452148 -0.315430
v 0.102539 -0.452148 -0.311523
v 0.083008 -0.463867 -0.303711
v 0.083008 -0.463867 -0.313477
v 0.096680 -0.463867 -0.313477
v 0.102539 -0.452148 -0.301758
v 0.094727 -0.463867 -0.301758
v 0.096680 -0.463867 -0.313477
v 0.096680 -0.463867 -0.313477
v 0.094727 -0.463867 -0.301758
v 0.083008 -0.463867 -0.303711
v 0.096680 -0.463867 -0.313477
v 0.102539 -0.452148 -0.311523
v 0.102539 -0.452148 -0.301758
v 0.094727 -0.458008 -0.315430
v 0.083008 -0.463867 -0.313477
v 0.084961 -0.458008 -0.315430
v 0.098633 -0.452148 -0.315430
v 0.094727 -0.444336 -0.315430
v 0.102539 -0.452148 -0.311523
v 0.084961 -0.444336 -0.315430
v 0.096680 -0.440430 -0.313477
v 0.094727 -0.444336 -0.315430
v 0.094727 -0.444336 -0.315430
v 0.096680 -0.440430 -0.313477
v 0.102539 -0.452148 -0.311523
v 0.096680 -0.440430 -0.313477
v 0.084961 -0.444336 -0.315430
v 0.083008 -0.440430 -0.313477
v 0.096680 -0.440430 -0.313477
v 0.083008 -0.440430 -0.313477
v 0.094727 -0.440430 -0.301758
v 0.094727 -0.440430 -0.301758
v 0.102539 -0.452148 -0.311523
v 0.096680 -0.440430 -0.313477
v 0.081055 -0.452148 -0.315430
v 0.084961 -0.458008 -0.315430
v 0.083008 -0.463867 -0.313477
v 0.077148 -0.452148 -0.313477
v 0.081055 -0.452148 -0.315430
v 0.083008 -0.463867 -0.313477
v 0.083008 -0.463867 -0.303711
v 0.077148 -0.452148 -0.313477
v 0.083008 -0.463867 -0.313477
v 0.083008 -0.440430 -0.313477
v 0.084961 -0.444336 -0.315430
v 0.081055 -0.452148 -0.315430
v 0.077148 -0.452148 -0.313477
v 0.083008 -0.440430 -0.313477
v 0.081055 -0.452148 -0.315430
v 0.083008 -0.440430 -0.313477
v 0.077148 -0.452148 -0.313477
v 0.083008 -0.440430 -0.303711
v 0.083008 -0.440430 -0.303711
v 0.094727 -0.440430 -0.301758
v 0.083008 -0.440430 -0.313477
v 0.077148 -0.452148 -0.313477
v 0.083008 -0.463867 -0.303711
v 0.077148 -0.452148 -0.303711
v 0.077148 -0.452148 -0.303711
v 0.083008 -0.440430 -0.303711
v 0.077148 -0.452148 -0.313477
v 0.000977 -0.458008 -0.344727
v 0.004883 -0.452148 -0.344727
v 0.002930 -0.463867 -0.342773
v 0.000977 -0.458008 -0.344727
v 0.002930 -0.463867 -0.342773
v -0.008789 -0.463867 -0.344727
v -0.008789 -0.463867 -0.344727
v -0.006836 -0.458008 -0.346680
v 0.000977 -0.458008 -0.344727
v 0.004883 -0.452148 -0.344727
v 0.000977 -0.444336 -0.344727
v 0.008789 -0.452148 -0.342773
v 0.008789 -0.452148 -0.342773
v 0.002930 -0.463867 -0.342773
v 0.004883 -0.452148 -0.344727
v 0.002930 -0.440430 -0.342773
v 0.008789 -0.452148 -0.342773
v 0.000977 -0.444336 -0.344727
v -0.006836 -0.444336 -0.346680
v 0.002930 -0.440430 -0.342773
v 0.000977 -0.444336 -0.344727
v 0.000977 -0.444336 -0.344727
v -0.002930 -0.446289 -0.395508
v -0.006836 -0.444336 -0.346680
v -0.106445 -0.467773 -0.323242
v 0.020508 -0.450195 -0.319336
v 0.020508 -0.489258 -0.321289
v -0.131836 -0.489258 -0.323242
v -0.106445 -0.467773 -0.323242
v 0.020508 -0.489258 -0.321289
v 0.026367 -0.465820 -0.333008
v 0.026367 -0.456055 -0.333008
v 0.026367 -0.456055 -0.319336
v -0.024414 -0.454102 -0.334961
v 0.026367 -0.456055 -0.333008
v 0.026367 -0.465820 -0.333008
v 0.026367 -0.456055 -0.319336
v 0.026367 -0.465820 -0.319336
v 0.026367 -0.465820 -0.333008
v 0.026367 -0.465820 -0.333008
v -0.024414 -0.463867 -0.334961
v -0.024414 -0.454102 -0.334961
v 0.016602 -0.456055 -0.329102
v 0.022461 -0.456055 -0.329102
v 0.026367 -0.456055 -0.333008
v 0.026367 -0.456055 -0.333008
v 0.022461 -0.456055 -0.329102
v 0.026367 -0.456055 -0.319336
v -0.024414 -0.454102 -0.334961
v 0.016602 -0.456055 -0.329102
v 0.026367 -0.456055 -0.333008
v 0.022461 -0.456055 -0.329102
v 0.016602 -0.456055 -0.329102
v 0.022461 -0.397461 -0.329102
v 0.022461 -0.397461 -0.319336
v 0.026367 -0.456055 -0.319336
v 0.022461 -0.456055 -0.329102
v 0.022461 -0.456055 -0.329102
v 0.022461 -0.397461 -0.329102
v 0.022461 -0.397461 -0.319336
v 0.016602 -0.456055 -0.329102
v 0.016602 -0.456055 -0.325195
v 0.016602 -0.395508 -0.325195
v -0.022461 -0.454102 -0.331055
v 0.016602 -0.456055 -0.325195
v 0.016602 -0.456055 -0.329102
v 0.016602 -0.395508 -0.329102
v 0.022461 -0.397461 -0.329102
v 0.016602 -0.456055 -0.329102
v 0.016602 -0.395508 -0.325195
v 0.016602 -0.395508 -0.329102
v 0.016602 -0.456055 -0.329102
v -0.024414 -0.454102 -0.334961
v -0.022461 -0.454102 -0.331055
v 0.016602 -0.456055 -0.329102
v 0.008789 -0.452148 -0.331055
v 0.002930 -0.463867 -0.333008
v 0.002930 -0.463867 -0.342773
v 0.002930 -0.463867 -0.342773
v 0.002930 -0.463867 -0.333008
v -0.010742 -0.463867 -0.333008
v 0.002930 -0.463867 -0.342773
v 0.008789 -0.452148 -0.342773
v 0.008789 -0.452148 -0.331055
v -0.010742 -0.463867 -0.333008
v -0.008789 -0.463867 -0.344727
v 0.002930 -0.463867 -0.342773
v 0.002930 -0.463867 -0.333008
v 0.008789 -0.452148 -0.331055
v -0.010742 -0.463867 -0.333008
v 0.008789 -0.452148 -0.342773
v 0.002930 -0.440430 -0.342773
v 0.002930 -0.440430 -0.333008
v 0.002930 -0.440430 -0.333008
v 0.008789 -0.452148 -0.331055
v 0.008789 -0.452148 -0.342773
v -0.008789 -0.440430 -0.344727
v 0.002930 -0.440430 -0.333008
v 0.002930 -0.440430 -0.342773
v 0.002930 -0.440430 -0.342773
v -0.006836 -0.444336 -0.346680
v -0.008789 -0.440430 -0.344727
v 0.008789 -0.452148 -0.331055
v 0.002930 -0.440430 -0.333008
v -0.016602 -0.452148 -0.334961
v -0.016602 -0.452148 -0.334961
v -0.010742 -0.463867 -0.333008
v 0.008789 -0.452148 -0.331055
v 0.002930 -0.440430 -0.333008
v -0.008789 -0.440430 -0.344727
v -0.010742 -0.440430 -0.333008
v 0.002930 -0.440430 -0.333008
v -0.010742 -0.440430 -0.333008
v -0.016602 -0.452148 -0.334961
v -0.020508 -0.393555 -0.331055
v 0.016602 -0.395508 -0.325195
v 0.016602 -0.456055 -0.325195
v 0.016602 -0.456055 -0.325195
v -0.022461 -0.454102 -0.331055
v -0.020508 -0.393555 -0.331055
v -0.124023 -0.358398 -0.327148
v 0.024414 -0.358398 -0.321289
v 0.020508 -0.450195 -0.319336
v 0.020508 -0.450195 -0.319336
v -0.106445 -0.467773 -0.323242
v -0.102539 -0.444336 -0.323242
v 0.020508 -0.450195 -0.319336
v -0.102539 -0.444336 -0.323242
v -0.124023 -0.358398 -0.327148
v 0.026367 -0.397461 -0.333008
v 0.022461 -0.397461 -0.329102
v 0.016602 -0.395508 -0.329102
v 0.024414 -0.397461 -0.319336
v 0.022461 -0.397461 -0.329102
v 0.026367 -0.397461 -0.333008
v 0.026367 -0.397461 -0.333008
v 0.016602 -0.395508 -0.329102
v -0.024414 -0.393555 -0.334961
v 0.026367 -0.397461 -0.333008
v 0.026367 -0.387695 -0.333008
v 0.024414 -0.397461 -0.319336
v -0.024414 -0.393555 -0.334961
v 0.026367 -0.387695 -0.333008
v 0.026367 -0.397461 -0.333008
v 0.022461 -0.397461 -0.329102
v 0.024414 -0.397461 -0.319336
v 0.022461 -0.397461 -0.319336
v 0.016602 -0.395508 -0.329102
v 0.016602 -0.395508 -0.325195
v -0.020508 -0.393555 -0.331055
v 0.016602 -0.395508 -0.329102
v -0.020508 -0.393555 -0.331055
v -0.024414 -0.393555 -0.334961
v 0.024414 -0.387695 -0.319336
v 0.024414 -0.397461 -0.319336
v 0.026367 -0.387695 -0.333008
v -0.024414 -0.385742 -0.321289
v 0.024414 -0.387695 -0.319336
v 0.026367 -0.387695 -0.333008
v 0.026367 -0.387695 -0.333008
v -0.024414 -0.393555 -0.334961
v -0.022461 -0.385742 -0.334961
v 0.026367 -0.387695 -0.333008
v -0.022461 -0.385742 -0.334961
v -0.024414 -0.385742 -0.321289
v 0.094727 -0.440430 -0.301758
v 0.102539 -0.452148 -0.301758
v 0.102539 -0.452148 -0.311523
v 0.116211 -0.346680 -0.331055
v 0.112305 -0.346680 -0.327148
v 0.112305 -0.340820 -0.331055
v 0.112305 -0.340820 -0.331055
v 0.116211 -0.336914 -0.334961
v 0.116211 -0.346680 -0.331055
v 0.116211 -0.346680 -0.331055
v 0.116211 -0.336914 -0.334961
v 0.114258 -0.327148 -0.307617
v 0.114258 -0.327148 -0.307617
v 0.114258 -0.331055 -0.303711
v 0.116211 -0.346680 -0.331055
v 0.092773 -0.340820 -0.334961
v 0.112305 -0.340820 -0.331055
v 0.112305 -0.346680 -0.327148
v 0.112305 -0.346680 -0.327148
v 0.092773 -0.348633 -0.331055
v 0.092773 -0.340820 -0.334961
v 0.116211 -0.336914 -0.334961
v 0.112305 -0.340820 -0.331055
v 0.114258 -0.327148 -0.307617
v 0.112305 -0.340820 -0.331055
v 0.092773 -0.340820 -0.334961
v 0.092773 -0.329102 -0.309570
v 0.112305 -0.340820 -0.331055
v 0.112305 -0.331055 -0.305664
v 0.114258 -0.327148 -0.307617
v 0.092773 -0.329102 -0.309570
v 0.112305 -0.331055 -0.305664
v 0.112305 -0.340820 -0.331055
v 0.092773 -0.329102 -0.309570
v 0.092773 -0.340820 -0.334961
v 0.092773 -0.348633 -0.331055
v 0.090820 -0.333008 -0.307617
v 0.092773 -0.329102 -0.309570
v 0.092773 -0.348633 -0.331055
v 0.055664 -0.344727 -0.336914
v 0.065430 -0.338867 -0.338867
v 0.065430 -0.348633 -0.334961
v 0.065430 -0.348633 -0.334961
v 0.065430 -0.338867 -0.338867
v 0.063477 -0.329102 -0.311523
v 0.055664 -0.350586 -0.333008
v 0.055664 -0.344727 -0.336914
v 0.065430 -0.348633 -0.334961
v 0.063477 -0.329102 -0.311523
v 0.063477 -0.334961 -0.309570
v 0.065430 -0.348633 -0.334961
v 0.065430 -0.338867 -0.338867
v 0.055664 -0.344727 -0.336914
v 0.063477 -0.329102 -0.311523
v 0.055664 -0.344727 -0.336914
v 0.055664 -0.350586 -0.333008
v 0.040039 -0.348633 -0.338867
v 0.055664 -0.344727 -0.336914
v 0.040039 -0.348633 -0.338867
v 0.040039 -0.340820 -0.340820
v 0.055664 -0.344727 -0.336914
v 0.040039 -0.340820 -0.340820
v 0.038086 -0.329102 -0.315430
v 0.055664 -0.344727 -0.336914
v 0.038086 -0.329102 -0.315430
v 0.053711 -0.333008 -0.311523
v 0.053711 -0.333008 -0.311523
v 0.063477 -0.329102 -0.311523
v 0.055664 -0.344727 -0.336914
v 0.055664 -0.350586 -0.333008
v 0.040039 -0.352539 -0.336914
v 0.040039 -0.348633 -0.338867
v 0.038086 -0.334961 -0.313477
v 0.040039 -0.348633 -0.338867
v 0.040039 -0.352539 -0.336914
v 0.038086 -0.329102 -0.315430
v 0.040039 -0.340820 -0.340820
v 0.040039 -0.348633 -0.338867
v 0.040039 -0.348633 -0.338867
v 0.038086 -0.334961 -0.313477
v 0.038086 -0.329102 -0.315430
v 0.053711 -0.334961 -0.311523
v 0.038086 -0.329102 -0.315430
v 0.038086 -0.334961 -0.313477
v 0.038086 -0.329102 -0.315430
v 0.053711 -0.334961 -0.311523
v 0.053711 -0.333008 -0.311523
v -0.135742 -0.364258 -0.342773
v 0.026367 -0.350586 -0.340820
v 0.026367 -0.364258 -0.333008
v 0.026367 -0.364258 -0.333008
v 0.024414 -0.358398 -0.321289
v -0.124023 -0.358398 -0.327148
v 0.026367 -0.364258 -0.333008
v -0.124023 -0.358398 -0.327148
v -0.135742 -0.364258 -0.342773
v -0.149414 -0.282227 -0.209961
v 0.014648 -0.276367 -0.186523
v 0.026367 -0.350586 -0.340820
v -0.135742 -0.364258 -0.342773
v -0.135742 -0.350586 -0.350586
v 0.026367 -0.350586 -0.340820
v 0.026367 -0.350586 -0.340820
v -0.135742 -0.350586 -0.350586
v -0.149414 -0.282227 -0.209961
v 0.006836 -0.333008 -0.313477
v 0.006836 -0.303711 -0.315430
v 0.024414 -0.301758 -0.309570
v -0.018555 -0.329102 -0.303711
v 0.006836 -0.303711 -0.315430
v 0.006836 -0.333008 -0.313477
v 0.024414 -0.301758 -0.309570
v 0.030273 -0.329102 -0.303711
v 0.006836 -0.333008 -0.313477
v 0.012695 -0.247070 -0.338867
v 0.006836 -0.252930 -0.338867
v 0.006836 -0.250977 -0.344727
v 0.006836 -0.250977 -0.344727
v 0.006836 -0.252930 -0.338867
v 0.000977 -0.247070 -0.338867
v 0.006836 -0.250977 -0.344727
v 0.006836 -0.245117 -0.344727
v 0.012695 -0.247070 -0.338867
v 0.000977 -0.247070 -0.338867
v 0.006836 -0.245117 -0.344727
v 0.006836 -0.250977 -0.344727
v 0.012695 -0.286133 -0.303711
v 0.024414 -0.301758 -0.309570
v 0.006836 -0.303711 -0.315430
v 0.006836 -0.303711 -0.315430
v 0.006836 -0.286133 -0.305664
v 0.012695 -0.286133 -0.303711
v -0.012695 -0.301758 -0.309570
v 0.006836 -0.286133 -0.305664
v 0.006836 -0.303711 -0.315430
v 0.006836 -0.303711 -0.315430
v -0.018555 -0.329102 -0.303711
v -0.012695 -0.301758 -0.309570
v 0.012695 -0.247070 -0.338867
v 0.006836 -0.250977 -0.333008
v 0.006836 -0.252930 -0.338867
v 0.006836 -0.252930 -0.338867
v 0.006836 -0.250977 -0.333008
v 0.000977 -0.247070 -0.338867
v 0.006836 -0.250977 -0.333008
v 0.012695 -0.247070 -0.338867
v 0.006836 -0.245117 -0.333008
v 0.006836 -0.245117 -0.333008
v 0.000977 -0.247070 -0.338867
v 0.006836 -0.250977 -0.333008
v 0.006836 -0.276367 -0.313477
v 0.006836 -0.270508 -0.313477
v 0.012695 -0.268555 -0.309570
v -0.002930 -0.274414 -0.309570
v 0.006836 -0.270508 -0.313477
v 0.006836 -0.276367 -0.313477
v 0.012695 -0.268555 -0.309570
v 0.014648 -0.274414 -0.309570
v 0.006836 -0.276367 -0.313477
v 0.006836 -0.276367 -0.313477
v 0.014648 -0.274414 -0.309570
v 0.006836 -0.276367 -0.307617
v 0.006836 -0.276367 -0.313477
v 0.006836 -0.276367 -0.307617
v 0.000977 -0.276367 -0.305664
v 0.006836 -0.276367 -0.313477
v 0.000977 -0.276367 -0.305664
v -0.002930 -0.274414 -0.309570
v -0.000977 -0.268555 -0.309570
v 0.012695 -0.268555 -0.309570
v 0.006836 -0.270508 -0.313477
v 0.006836 -0.270508 -0.313477
v -0.002930 -0.274414 -0.309570
v -0.000977 -0.268555 -0.309570
v 0.063477 -0.334961 -0.309570
v 0.063477 -0.329102 -0.311523
v 0.053711 -0.333008 -0.311523
v 0.053711 -0.333008 -0.311523
v 0.053711 -0.334961 -0.311523
v 0.063477 -0.334961 -0.309570
v 0.104492 -0.317383 -0.280273
v 0.079102 -0.313477 -0.268555
v 0.106445 -0.297852 -0.270508
v 0.104492 -0.317383 -0.280273
v 0.106445 -0.297852 -0.270508
v 0.122070 -0.297852 -0.264648
v 0.088867 -0.293945 -0.264648
v 0.106445 -0.297852 -0.270508
v 0.079102 -0.313477 -0.268555
v 0.067383 -0.303711 -0.243164
v 0.088867 -0.293945 -0.264648
v 0.079102 -0.313477 -0.268555
v 0.112305 -0.276367 -0.258789
v 0.122070 -0.297852 -0.264648
v 0.106445 -0.297852 -0.270508
v 0.106445 -0.276367 -0.260742
v 0.112305 -0.276367 -0.258789
v 0.106445 -0.297852 -0.270508
v 0.088867 -0.293945 -0.264648
v 0.106445 -0.276367 -0.260742
v 0.106445 -0.297852 -0.270508
v 0.122070 -0.297852 -0.264648
v 0.112305 -0.276367 -0.258789
v 0.114258 -0.274414 -0.254883
v 0.122070 -0.297852 -0.264648
v 0.114258 -0.274414 -0.254883
v 0.129883 -0.291992 -0.249023
v 0.108398 -0.256836 -0.272461
v 0.116211 -0.250977 -0.270508
v 0.118164 -0.256836 -0.268555
v 0.118164 -0.256836 -0.268555
v 0.116211 -0.250977 -0.270508
v 0.120117 -0.249023 -0.262695
v 0.108398 -0.256836 -0.266602
v 0.108398 -0.256836 -0.272461
v 0.118164 -0.256836 -0.268555
v 0.114258 -0.256836 -0.264648
v 0.108398 -0.256836 -0.266602
v 0.118164 -0.256836 -0.268555
v 0.118164 -0.256836 -0.268555
v 0.122070 -0.254883 -0.260742
v 0.114258 -0.256836 -0.264648
v 0.120117 -0.249023 -0.262695
v 0.122070 -0.254883 -0.260742
v 0.118164 -0.256836 -0.268555
v 0.116211 -0.250977 -0.270508
v 0.108398 -0.256836 -0.272461
v 0.108398 -0.250977 -0.272461
v 0.116211 -0.250977 -0.270508
v 0.108398 -0.250977 -0.272461
v 0.110352 -0.250977 -0.260742
v 0.116211 -0.250977 -0.270508
v 0.110352 -0.250977 -0.260742
v 0.120117 -0.249023 -0.262695
v 0.100586 -0.254883 -0.268555
v 0.108398 -0.250977 -0.272461
v 0.108398 -0.256836 -0.272461
v 0.108398 -0.256836 -0.272461
v 0.108398 -0.256836 -0.266602
v 0.104492 -0.256836 -0.264648
v 0.104492 -0.256836 -0.264648
v 0.100586 -0.254883 -0.268555
v 0.108398 -0.256836 -0.272461
v 0.108398 -0.250977 -0.272461
v 0.100586 -0.254883 -0.268555
v 0.102539 -0.249023 -0.270508
v 0.102539 -0.249023 -0.270508
v 0.110352 -0.250977 -0.260742
v 0.108398 -0.250977 -0.272461
v 0.114258 -0.256836 -0.264648
v 0.112305 -0.276367 -0.258789
v 0.108398 -0.256836 -0.266602
v 0.108398 -0.256836 -0.266602
v 0.112305 -0.276367 -0.258789
v 0.106445 -0.276367 -0.260742
v 0.108398 -0.256836 -0.266602
v 0.106445 -0.276367 -0.260742
v 0.104492 -0.256836 -0.264648
v 0.100586 -0.254883 -0.268555
v 0.104492 -0.256836 -0.264648
v 0.102539 -0.254883 -0.260742
v 0.100586 -0.254883 -0.268555
v 0.102539 -0.254883 -0.260742
v 0.096680 -0.252930 -0.260742
v 0.100586 -0.254883 -0.268555
v 0.096680 -0.252930 -0.260742
v 0.102539 -0.249023 -0.270508
v 0.114258 -0.256836 -0.264648
v 0.114258 -0.274414 -0.254883
v 0.112305 -0.276367 -0.258789
v 0.114258 -0.274414 -0.254883
v 0.114258 -0.256836 -0.264648
v 0.116211 -0.256836 -0.260742
v 0.114258 -0.274414 -0.254883
v 0.116211 -0.256836 -0.260742
v 0.114258 -0.254883 -0.254883
v 0.114258 -0.274414 -0.254883
v 0.114258 -0.254883 -0.254883
v 0.112305 -0.272461 -0.249023
v 0.112305 -0.272461 -0.249023
v 0.129883 -0.291992 -0.249023
v 0.114258 -0.274414 -0.254883
v 0.116211 -0.256836 -0.260742
v 0.114258 -0.256836 -0.264648
v 0.122070 -0.254883 -0.260742
v 0.118164 -0.250977 -0.252930
v 0.116211 -0.256836 -0.260742
v 0.122070 -0.254883 -0.260742
v 0.118164 -0.245117 -0.256836
v 0.118164 -0.250977 -0.252930
v 0.122070 -0.254883 -0.260742
v 0.122070 -0.254883 -0.260742
v 0.120117 -0.249023 -0.262695
v 0.118164 -0.245117 -0.256836
v 0.116211 -0.256836 -0.260742
v 0.118164 -0.250977 -0.252930
v 0.114258 -0.254883 -0.254883
v 0.110352 -0.250977 -0.260742
v 0.102539 -0.249023 -0.270508
v 0.098633 -0.247070 -0.262695
v 0.118164 -0.245117 -0.256836
v 0.120117 -0.249023 -0.262695
v 0.110352 -0.250977 -0.260742
v 0.110352 -0.245117 -0.252930
v 0.118164 -0.245117 -0.256836
v 0.110352 -0.250977 -0.260742
v 0.102539 -0.245117 -0.254883
v 0.110352 -0.245117 -0.252930
v 0.110352 -0.250977 -0.260742
v 0.110352 -0.250977 -0.260742
v 0.098633 -0.247070 -0.262695
v 0.102539 -0.245117 -0.254883
v 0.110352 -0.252930 -0.252930
v 0.114258 -0.254883 -0.254883
v 0.118164 -0.250977 -0.252930
v 0.110352 -0.249023 -0.249023
v 0.110352 -0.252930 -0.252930
v 0.118164 -0.250977 -0.252930
v 0.118164 -0.250977 -0.252930
v 0.118164 -0.245117 -0.256836
v 0.110352 -0.249023 -0.249023
v 0.114258 -0.254883 -0.254883
v 0.110352 -0.252930 -0.252930
v 0.108398 -0.272461 -0.247070
v 0.108398 -0.272461 -0.247070
v 0.112305 -0.272461 -0.249023
v 0.114258 -0.254883 -0.254883
v 0.100586 -0.249023 -0.252930
v 0.104492 -0.252930 -0.254883
v 0.110352 -0.252930 -0.252930
v 0.110352 -0.252930 -0.252930
v 0.104492 -0.252930 -0.254883
v 0.102539 -0.272461 -0.249023
v 0.110352 -0.249023 -0.249023
v 0.100586 -0.249023 -0.252930
v 0.110352 -0.252930 -0.252930
v 0.102539 -0.272461 -0.249023
v 0.108398 -0.272461 -0.247070
v 0.110352 -0.252930 -0.252930
v 0.106445 -0.276367 -0.260742
v 0.102539 -0.274414 -0.258789
v 0.104492 -0.256836 -0.264648
v 0.088867 -0.293945 -0.264648
v 0.102539 -0.274414 -0.258789
v 0.106445 -0.276367 -0.260742
v 0.102539 -0.274414 -0.258789
v 0.100586 -0.274414 -0.254883
v 0.102539 -0.254883 -0.260742
v 0.083008 -0.290039 -0.249023
v 0.100586 -0.274414 -0.254883
v 0.102539 -0.274414 -0.258789
v 0.102539 -0.254883 -0.260742
v 0.104492 -0.256836 -0.264648
v 0.102539 -0.274414 -0.258789
v 0.102539 -0.274414 -0.258789
v 0.088867 -0.293945 -0.264648
v 0.083008 -0.290039 -0.249023
v 0.104492 -0.252930 -0.254883
v 0.102539 -0.254883 -0.260742
v 0.100586 -0.274414 -0.254883
v 0.102539 -0.272461 -0.249023
v 0.104492 -0.252930 -0.254883
v 0.100586 -0.274414 -0.254883
v 0.090820 -0.284180 -0.233398
v 0.102539 -0.272461 -0.249023
v 0.100586 -0.274414 -0.254883
v 0.100586 -0.274414 -0.254883
v 0.083008 -0.290039 -0.249023
v 0.090820 -0.284180 -0.233398
v 0.104492 -0.252930 -0.254883
v 0.096680 -0.252930 -0.260742
v 0.102539 -0.254883 -0.260742
v 0.096680 -0.252930 -0.260742
v 0.104492 -0.252930 -0.254883
v 0.100586 -0.249023 -0.252930
v 0.098633 -0.247070 -0.262695
v 0.102539 -0.249023 -0.270508
v 0.096680 -0.252930 -0.260742
v 0.100586 -0.249023 -0.252930
v 0.098633 -0.247070 -0.262695
v 0.096680 -0.252930 -0.260742
v 0.067383 -0.303711 -0.243164
v 0.083008 -0.290039 -0.249023
v 0.088867 -0.293945 -0.264648
v 0.040039 -0.319336 -0.282227
v 0.030273 -0.329102 -0.303711
v 0.032227 -0.293945 -0.291992
v 0.040039 -0.319336 -0.282227
v 0.032227 -0.293945 -0.291992
v 0.030273 -0.309570 -0.258789
v 0.024414 -0.301758 -0.309570
v 0.032227 -0.293945 -0.291992
v 0.030273 -0.329102 -0.303711
v 0.032227 -0.293945 -0.291992
v 0.024414 -0.301758 -0.309570
v 0.016602 -0.282227 -0.295898
v 0.032227 -0.293945 -0.291992
v 0.016602 -0.282227 -0.295898
v 0.024414 -0.288086 -0.274414
v 0.032227 -0.293945 -0.291992
v 0.024414 -0.288086 -0.274414
v 0.030273 -0.309570 -0.258789
v 0.024414 -0.301758 -0.309570
v 0.012695 -0.286133 -0.303711
v 0.016602 -0.282227 -0.295898
v 0.006836 -0.280273 -0.305664
v 0.012695 -0.286133 -0.303711
v 0.006836 -0.286133 -0.305664
v 0.000977 -0.278320 -0.303711
v 0.006836 -0.280273 -0.305664
v 0.006836 -0.286133 -0.305664
v -0.000977 -0.286133 -0.303711
v 0.000977 -0.278320 -0.303711
v 0.006836 -0.286133 -0.305664
v 0.006836 -0.286133 -0.305664
v -0.012695 -0.301758 -0.309570
v -0.000977 -0.286133 -0.303711
v 0.012695 -0.278320 -0.303711
v 0.016602 -0.282227 -0.295898
v 0.012695 -0.286133 -0.303711
v 0.012695 -0.286133 -0.303711
v 0.006836 -0.280273 -0.305664
v 0.012695 -0.278320 -0.303711
v 0.016602 -0.282227 -0.295898
v 0.012695 -0.278320 -0.303711
v 0.014648 -0.276367 -0.299805
v 0.016602 -0.282227 -0.295898
v 0.014648 -0.276367 -0.299805
v 0.012695 -0.274414 -0.293945
v 0.016602 -0.282227 -0.295898
v 0.012695 -0.274414 -0.293945
v 0.012695 -0.280273 -0.290039
v 0.016602 -0.282227 -0.295898
v 0.012695 -0.280273 -0.290039
v 0.024414 -0.288086 -0.274414
v 0.014648 -0.274414 -0.309570
v 0.016602 -0.266602 -0.303711
v 0.018555 -0.272461 -0.301758
v 0.018555 -0.272461 -0.301758
v 0.016602 -0.266602 -0.303711
v 0.012695 -0.262695 -0.297852
v 0.012695 -0.276367 -0.305664
v 0.014648 -0.274414 -0.309570
v 0.018555 -0.272461 -0.301758
v 0.014648 -0.274414 -0.299805
v 0.012695 -0.276367 -0.305664
v 0.018555 -0.272461 -0.301758
v 0.014648 -0.268555 -0.293945
v 0.014648 -0.274414 -0.299805
v 0.018555 -0.272461 -0.301758
v 0.018555 -0.272461 -0.301758
v 0.012695 -0.262695 -0.297852
v 0.014648 -0.268555 -0.293945
v 0.016602 -0.266602 -0.303711
v 0.014648 -0.274414 -0.309570
v 0.012695 -0.268555 -0.309570
v 0.016602 -0.266602 -0.303711
v 0.012695 -0.268555 -0.309570
v -0.000977 -0.268555 -0.309570
v -0.000977 -0.268555 -0.309570
v 0.012695 -0.262695 -0.297852
v 0.016602 -0.266602 -0.303711
v 0.014648 -0.274414 -0.309570
v 0.012695 -0.276367 -0.305664
v 0.006836 -0.276367 -0.307617
v 0.012695 -0.278320 -0.303711
v 0.006836 -0.276367 -0.307617
v 0.012695 -0.276367 -0.305664
v 0.014648 -0.276367 -0.299805
v 0.012695 -0.278320 -0.303711
v 0.012695 -0.276367 -0.305664
v 0.014648 -0.274414 -0.299805
v 0.014648 -0.276367 -0.299805
v 0.012695 -0.276367 -0.305664
v 0.000977 -0.276367 -0.305664
v 0.006836 -0.276367 -0.307617
v 0.006836 -0.280273 -0.305664
v 0.006836 -0.280273 -0.305664
v 0.006836 -0.276367 -0.307617
v 0.012695 -0.278320 -0.303711
v 0.000977 -0.278320 -0.303711
v 0.000977 -0.276367 -0.305664
v 0.006836 -0.280273 -0.305664
v 0.000977 -0.276367 -0.305664
v 0.000977 -0.278320 -0.303711
v -0.000977 -0.274414 -0.299805
v -0.000977 -0.274414 -0.299805
v -0.002930 -0.274414 -0.309570
v 0.000977 -0.276367 -0.305664
v 0.014648 -0.276367 -0.299805
v 0.014648 -0.274414 -0.299805
v 0.012695 -0.272461 -0.295898
v 0.012695 -0.272461 -0.295898
v 0.012695 -0.274414 -0.293945
v 0.014648 -0.276367 -0.299805
v 0.014648 -0.268555 -0.293945
v 0.012695 -0.272461 -0.295898
v 0.014648 -0.274414 -0.299805
v 0.000977 -0.278320 -0.303711
v -0.000977 -0.286133 -0.303711
v -0.000977 -0.276367 -0.299805
v 0.000977 -0.278320 -0.303711
v -0.000977 -0.276367 -0.299805
v -0.000977 -0.274414 -0.299805
v 0.006836 -0.266602 -0.290039
v 0.014648 -0.268555 -0.293945
v 0.012695 -0.262695 -0.297852
v 0.006836 -0.262695 -0.293945
v 0.006836 -0.266602 -0.290039
v 0.012695 -0.262695 -0.297852
v -0.000977 -0.262695 -0.297852
v 0.006836 -0.262695 -0.293945
v 0.012695 -0.262695 -0.297852
v 0.012695 -0.262695 -0.297852
v -0.000977 -0.268555 -0.309570
v -0.000977 -0.262695 -0.297852
v 0.006836 -0.274414 -0.291992
v 0.012695 -0.280273 -0.290039
v 0.012695 -0.274414 -0.293945
v 0.012695 -0.274414 -0.293945
v 0.012695 -0.272461 -0.295898
v 0.006836 -0.270508 -0.291992
v 0.006836 -0.270508 -0.291992
v 0.006836 -0.274414 -0.291992
v 0.012695 -0.274414 -0.293945
v 0.012695 -0.280273 -0.290039
v 0.006836 -0.274414 -0.291992
v 0.006836 -0.278320 -0.288086
v 0.012695 -0.280273 -0.290039
v 0.006836 -0.278320 -0.288086
v 0.006836 -0.284180 -0.268555
v 0.006836 -0.284180 -0.268555
v 0.024414 -0.288086 -0.274414
v 0.012695 -0.280273 -0.290039
v 0.012695 -0.272461 -0.295898
v 0.014648 -0.268555 -0.293945
v 0.006836 -0.270508 -0.291992
v 0.006836 -0.266602 -0.290039
v 0.006836 -0.270508 -0.291992
v 0.014648 -0.268555 -0.293945
v 0.000977 -0.274414 -0.293945
v 0.006836 -0.274414 -0.291992
v 0.000977 -0.272461 -0.295898
v -0.000977 -0.280273 -0.290039
v 0.006836 -0.274414 -0.291992
v 0.000977 -0.274414 -0.293945
v 0.000977 -0.274414 -0.293945
v 0.000977 -0.272461 -0.295898
v -0.000977 -0.274414 -0.299805
v -0.000977 -0.274414 -0.299805
v -0.000977 -0.276367 -0.299805
v 0.000977 -0.274414 -0.293945
v 0.000977 -0.274414 -0.293945
v -0.000977 -0.276367 -0.299805
v -0.000977 -0.280273 -0.290039
v 0.006836 -0.270508 -0.291992
v 0.000977 -0.272461 -0.295898
v 0.006836 -0.274414 -0.291992
v -0.000977 -0.280273 -0.290039
v 0.006836 -0.278320 -0.288086
v 0.006836 -0.274414 -0.291992
v 0.000977 -0.272461 -0.295898
v 0.006836 -0.270508 -0.291992
v -0.002930 -0.268555 -0.293945
v -0.004883 -0.272461 -0.301758
v -0.000977 -0.274414 -0.299805
v 0.000977 -0.272461 -0.295898
v -0.002930 -0.268555 -0.293945
v -0.004883 -0.272461 -0.301758
v 0.000977 -0.272461 -0.295898
v 0.006836 -0.270508 -0.291992
v 0.006836 -0.266602 -0.290039
v -0.002930 -0.268555 -0.293945
v 0.006836 -0.266602 -0.290039
v 0.006836 -0.262695 -0.293945
v -0.000977 -0.262695 -0.297852
v 0.006836 -0.266602 -0.290039
v -0.000977 -0.262695 -0.297852
v -0.002930 -0.268555 -0.293945
v -0.012695 -0.288086 -0.274414
v 0.006836 -0.284180 -0.268555
v 0.006836 -0.278320 -0.288086
v 0.006836 -0.278320 -0.288086
v -0.000977 -0.280273 -0.290039
v -0.012695 -0.288086 -0.274414
v 0.024414 -0.288086 -0.274414
v 0.006836 -0.284180 -0.268555
v 0.006836 -0.305664 -0.250977
v 0.006836 -0.305664 -0.250977
v 0.030273 -0.309570 -0.258789
v 0.024414 -0.288086 -0.274414
v -0.018555 -0.309570 -0.258789
v 0.006836 -0.305664 -0.250977
v 0.006836 -0.284180 -0.268555
v 0.006836 -0.284180 -0.268555
v -0.012695 -0.288086 -0.274414
v -0.018555 -0.309570 -0.258789
v 0.018555 -0.252930 -0.254883
v 0.008789 -0.252930 -0.254883
v 0.008789 -0.233398 -0.270508
v 0.008789 -0.258789 -0.233398
v 0.008789 -0.252930 -0.254883
v 0.018555 -0.252930 -0.254883
v 0.008789 -0.233398 -0.270508
v 0.018555 -0.233398 -0.270508
v 0.018555 -0.252930 -0.254883
v 0.018555 -0.252930 -0.254883
v 0.018555 -0.233398 -0.270508
v 0.022461 -0.231445 -0.262695
v 0.022461 -0.231445 -0.262695
v 0.022461 -0.247070 -0.250977
v 0.018555 -0.252930 -0.254883
v 0.018555 -0.252930 -0.254883
v 0.022461 -0.247070 -0.250977
v 0.016602 -0.258789 -0.233398
v 0.018555 -0.252930 -0.254883
v 0.016602 -0.258789 -0.233398
v 0.008789 -0.258789 -0.233398
v 0.004883 -0.231445 -0.264648
v 0.008789 -0.233398 -0.270508
v 0.008789 -0.252930 -0.254883
v 0.008789 -0.252930 -0.254883
v 0.004883 -0.247070 -0.252930
v 0.004883 -0.231445 -0.264648
v 0.002930 -0.250977 -0.233398
v 0.004883 -0.247070 -0.252930
v 0.008789 -0.252930 -0.254883
v 0.008789 -0.252930 -0.254883
v 0.008789 -0.258789 -0.233398
v 0.002930 -0.250977 -0.233398
v 0.006836 -0.241211 -0.338867
v 0.012695 -0.247070 -0.338867
v 0.006836 -0.245117 -0.344727
v 0.006836 -0.245117 -0.344727
v 0.000977 -0.247070 -0.338867
v 0.006836 -0.241211 -0.338867
v 0.012695 -0.247070 -0.338867
v 0.006836 -0.241211 -0.338867
v 0.006836 -0.245117 -0.333008
v 0.006836 -0.245117 -0.333008
v 0.006836 -0.241211 -0.338867
v 0.000977 -0.247070 -0.338867
v 0.006836 -0.223633 -0.333008
v 0.012695 -0.219727 -0.327148
v 0.006836 -0.225586 -0.327148
v 0.006836 -0.217773 -0.333008
v 0.012695 -0.219727 -0.327148
v 0.006836 -0.223633 -0.333008
v 0.006836 -0.223633 -0.333008
v 0.006836 -0.225586 -0.327148
v 0.000977 -0.219727 -0.327148
v 0.006836 -0.223633 -0.333008
v 0.000977 -0.219727 -0.327148
v 0.006836 -0.217773 -0.333008
v 0.006836 -0.223633 -0.323242
v 0.006836 -0.225586 -0.327148
v 0.012695 -0.219727 -0.327148
v 0.006836 -0.217773 -0.323242
v 0.006836 -0.223633 -0.323242
v 0.012695 -0.219727 -0.327148
v 0.012695 -0.219727 -0.327148
v 0.006836 -0.217773 -0.333008
v 0.006836 -0.213867 -0.327148
v 0.012695 -0.219727 -0.327148
v 0.006836 -0.213867 -0.327148
v 0.006836 -0.217773 -0.323242
v 0.006836 -0.223633 -0.323242
v 0.000977 -0.219727 -0.327148
v 0.006836 -0.225586 -0.327148
v 0.000977 -0.219727 -0.327148
v 0.006836 -0.223633 -0.323242
v 0.006836 -0.217773 -0.323242
v 0.006836 -0.213867 -0.327148
v 0.006836 -0.217773 -0.333008
v 0.000977 -0.219727 -0.327148
v 0.006836 -0.217773 -0.323242
v 0.006836 -0.213867 -0.327148
v 0.000977 -0.219727 -0.327148
v 0.118164 -0.245117 -0.256836
v 0.110352 -0.245117 -0.252930
v 0.110352 -0.249023 -0.249023
v 0.110352 -0.245117 -0.252930
v 0.102539 -0.245117 -0.254883
v 0.110352 -0.249023 -0.249023
v 0.100586 -0.249023 -0.252930
v 0.102539 -0.245117 -0.254883
v 0.098633 -0.247070 -0.262695
v 0.102539 -0.245117 -0.254883
v 0.100586 -0.249023 -0.252930
v 0.110352 -0.249023 -0.249023
v 0.018555 -0.233398 -0.270508
v 0.008789 -0.233398 -0.270508
v 0.010742 -0.211914 -0.274414
v 0.022461 -0.211914 -0.264648
v 0.022461 -0.231445 -0.262695
v 0.018555 -0.233398 -0.270508
v 0.010742 -0.211914 -0.274414
v 0.018555 -0.211914 -0.272461
v 0.018555 -0.233398 -0.270508
v 0.018555 -0.233398 -0.270508
v 0.018555 -0.211914 -0.272461
v 0.022461 -0.211914 -0.264648
v 0.008789 -0.233398 -0.270508
v 0.004883 -0.231445 -0.264648
v 0.004883 -0.211914 -0.266602
v 0.004883 -0.211914 -0.266602
v 0.010742 -0.211914 -0.274414
v 0.008789 -0.233398 -0.270508
v 0.022461 -0.247070 -0.250977
v 0.022461 -0.231445 -0.262695
v 0.018555 -0.227539 -0.256836
v 0.022461 -0.247070 -0.250977
v 0.018555 -0.227539 -0.256836
v 0.018555 -0.239258 -0.247070
v 0.022461 -0.250977 -0.233398
v 0.016602 -0.258789 -0.233398
v 0.022461 -0.247070 -0.250977
v 0.018555 -0.239258 -0.247070
v 0.022461 -0.250977 -0.233398
v 0.022461 -0.247070 -0.250977
v 0.018555 -0.211914 -0.256836
v 0.018555 -0.227539 -0.256836
v 0.022461 -0.231445 -0.262695
v 0.022461 -0.231445 -0.262695
v 0.022461 -0.211914 -0.264648
v 0.018555 -0.211914 -0.256836
v 0.008789 -0.211914 -0.258789
v 0.008789 -0.227539 -0.256836
v 0.018555 -0.227539 -0.256836
v 0.018555 -0.227539 -0.256836
v 0.008789 -0.227539 -0.256836
v 0.018555 -0.239258 -0.247070
v 0.018555 -0.227539 -0.256836
v 0.018555 -0.211914 -0.256836
v 0.008789 -0.211914 -0.258789
v 0.008789 -0.239258 -0.249023
v 0.004883 -0.231445 -0.264648
v 0.004883 -0.247070 -0.252930
v 0.004883 -0.247070 -0.252930
v 0.002930 -0.250977 -0.233398
v 0.008789 -0.239258 -0.249023
v 0.004883 -0.231445 -0.264648
v 0.008789 -0.227539 -0.256836
v 0.004883 -0.211914 -0.266602
v 0.008789 -0.239258 -0.249023
v 0.008789 -0.227539 -0.256836
v 0.004883 -0.231445 -0.264648
v 0.008789 -0.211914 -0.258789
v 0.004883 -0.211914 -0.266602
v 0.008789 -0.227539 -0.256836
v 0.008789 -0.239258 -0.249023
v 0.018555 -0.239258 -0.247070
v 0.008789 -0.227539 -0.256836
v 0.018555 -0.211914 -0.272461
v 0.010742 -0.211914 -0.274414
v 0.010742 -0.186523 -0.274414
v 0.022461 -0.186523 -0.264648
v 0.022461 -0.211914 -0.264648
v 0.018555 -0.211914 -0.272461
v 0.010742 -0.186523 -0.274414
v 0.018555 -0.186523 -0.272461
v 0.018555 -0.211914 -0.272461
v 0.018555 -0.211914 -0.272461
v 0.018555 -0.186523 -0.272461
v 0.022461 -0.186523 -0.264648
v 0.010742 -0.211914 -0.274414
v 0.004883 -0.211914 -0.266602
v 0.004883 -0.186523 -0.266602
v 0.004883 -0.186523 -0.266602
v 0.010742 -0.186523 -0.274414
v 0.010742 -0.211914 -0.274414
v 0.004883 -0.211914 -0.266602
v 0.008789 -0.211914 -0.258789
v 0.008789 -0.186523 -0.256836
v 0.008789 -0.186523 -0.256836
v 0.004883 -0.186523 -0.266602
v 0.004883 -0.211914 -0.266602
v 0.022461 -0.186523 -0.264648
v 0.018555 -0.211914 -0.256836
v 0.022461 -0.211914 -0.264648
v 0.018555 -0.186523 -0.256836
v 0.008789 -0.211914 -0.258789
v 0.018555 -0.211914 -0.256836
v 0.018555 -0.211914 -0.256836
v 0.022461 -0.186523 -0.264648
v 0.018555 -0.186523 -0.256836
v 0.008789 -0.211914 -0.258789
v 0.018555 -0.186523 -0.256836
v 0.008789 -0.186523 -0.256836
v 0.020508 -0.182617 -0.276367
v 0.018555 -0.186523 -0.272461
v 0.008789 -0.182617 -0.276367
v 0.026367 -0.182617 -0.264648
v 0.018555 -0.186523 -0.272461
v 0.020508 -0.182617 -0.276367
v 0.008789 -0.159180 -0.276367
v 0.020508 -0.159180 -0.276367
v 0.020508 -0.182617 -0.276367
v 0.020508 -0.182617 -0.276367
v 0.020508 -0.159180 -0.276367
v 0.026367 -0.182617 -0.264648
v 0.020508 -0.182617 -0.276367
v 0.008789 -0.182617 -0.276367
v 0.008789 -0.159180 -0.276367
v 0.018555 -0.186523 -0.272461
v 0.010742 -0.186523 -0.274414
v 0.008789 -0.182617 -0.276367
v 0.018555 -0.186523 -0.272461
v 0.026367 -0.182617 -0.264648
v 0.022461 -0.186523 -0.264648
v 0.020508 -0.159180 -0.276367
v 0.008789 -0.159180 -0.276367
v 0.018555 -0.155273 -0.272461
v 0.026367 -0.159180 -0.264648
v 0.026367 -0.182617 -0.264648
v 0.020508 -0.159180 -0.276367
v 0.022461 -0.155273 -0.264648
v 0.026367 -0.159180 -0.264648
v 0.020508 -0.159180 -0.276367
v 0.020508 -0.159180 -0.276367
v 0.018555 -0.155273 -0.272461
v 0.022461 -0.155273 -0.264648
v 0.004883 -0.186523 -0.266602
v 0.008789 -0.182617 -0.276367
v 0.010742 -0.186523 -0.274414
v 0.008789 -0.182617 -0.276367
v 0.004883 -0.186523 -0.266602
v 0.000977 -0.182617 -0.266602
v 0.008789 -0.182617 -0.276367
v 0.000977 -0.182617 -0.266602
v 0.008789 -0.159180 -0.276367
v 0.008789 -0.186523 -0.256836
v 0.000977 -0.182617 -0.266602
v 0.004883 -0.186523 -0.266602
v 0.000977 -0.159180 -0.266602
v 0.008789 -0.159180 -0.276367
v 0.000977 -0.182617 -0.266602
v 0.006836 -0.159180 -0.254883
v 0.000977 -0.159180 -0.266602
v 0.000977 -0.182617 -0.266602
v 0.000977 -0.182617 -0.266602
v 0.008789 -0.186523 -0.256836
v 0.006836 -0.182617 -0.254883
v 0.000977 -0.182617 -0.266602
v 0.006836 -0.182617 -0.254883
v 0.006836 -0.159180 -0.254883
v 0.008789 -0.159180 -0.276367
v 0.000977 -0.159180 -0.266602
v 0.010742 -0.155273 -0.274414
v 0.010742 -0.155273 -0.274414
v 0.018555 -0.155273 -0.272461
v 0.008789 -0.159180 -0.276367
v 0.000977 -0.159180 -0.266602
v 0.006836 -0.159180 -0.254883
v 0.004883 -0.155273 -0.266602
v 0.004883 -0.155273 -0.266602
v 0.010742 -0.155273 -0.274414
v 0.000977 -0.159180 -0.266602
v 0.018555 -0.186523 -0.256836
v 0.022461 -0.186523 -0.264648
v 0.026367 -0.182617 -0.264648
v 0.026367 -0.182617 -0.264648
v 0.020508 -0.182617 -0.254883
v 0.018555 -0.186523 -0.256836
v 0.026367 -0.159180 -0.264648
v 0.020508 -0.182617 -0.254883
v 0.026367 -0.182617 -0.264648
v 0.006836 -0.182617 -0.254883
v 0.018555 -0.186523 -0.256836
v 0.020508 -0.182617 -0.254883
v 0.020508 -0.182617 -0.254883
v 0.026367 -0.159180 -0.264648
v 0.020508 -0.159180 -0.254883
v 0.020508 -0.182617 -0.254883
v 0.020508 -0.159180 -0.254883
v 0.006836 -0.182617 -0.254883
v 0.006836 -0.182617 -0.254883
v 0.008789 -0.186523 -0.256836
v 0.018555 -0.186523 -0.256836
v 0.018555 -0.155273 -0.256836
v 0.020508 -0.159180 -0.254883
v 0.026367 -0.159180 -0.264648
v 0.026367 -0.159180 -0.264648
v 0.022461 -0.155273 -0.264648
v 0.018555 -0.155273 -0.256836
v 0.006836 -0.159180 -0.254883
v 0.006836 -0.182617 -0.254883
v 0.020508 -0.159180 -0.254883
v 0.008789 -0.155273 -0.258789
v 0.006836 -0.159180 -0.254883
v 0.020508 -0.159180 -0.254883
v 0.020508 -0.159180 -0.254883
v 0.018555 -0.155273 -0.256836
v 0.008789 -0.155273 -0.258789
v 0.008789 -0.155273 -0.258789
v 0.004883 -0.155273 -0.266602
v 0.006836 -0.159180 -0.254883
v 0.008789 -0.137695 -0.270508
v 0.018555 -0.137695 -0.270508
v 0.018555 -0.155273 -0.272461
v 0.018555 -0.155273 -0.272461
v 0.018555 -0.137695 -0.270508
v 0.022461 -0.139648 -0.262695
v 0.018555 -0.155273 -0.272461
v 0.010742 -0.155273 -0.274414
v 0.008789 -0.137695 -0.270508
v 0.022461 -0.139648 -0.262695
v 0.022461 -0.155273 -0.264648
v 0.018555 -0.155273 -0.272461
v 0.018555 -0.137695 -0.270508
v 0.008789 -0.137695 -0.270508
v 0.018555 -0.118164 -0.256836
v 0.018555 -0.118164 -0.256836
v 0.022461 -0.139648 -0.262695
v 0.018555 -0.137695 -0.270508
v 0.010742 -0.155273 -0.274414
v 0.004883 -0.155273 -0.266602
v 0.004883 -0.139648 -0.264648
v 0.004883 -0.139648 -0.264648
v 0.008789 -0.137695 -0.270508
v 0.010742 -0.155273 -0.274414
v 0.004883 -0.155273 -0.266602
v 0.008789 -0.155273 -0.258789
v 0.004883 -0.139648 -0.264648
v 0.008789 -0.137695 -0.270508
v 0.004883 -0.139648 -0.264648
v 0.008789 -0.118164 -0.256836
v 0.008789 -0.118164 -0.256836
v 0.018555 -0.118164 -0.256836
v 0.008789 -0.137695 -0.270508
v 0.022461 -0.139648 -0.262695
v 0.018555 -0.155273 -0.256836
v 0.022461 -0.155273 -0.264648
v 0.022461 -0.139648 -0.262695
v 0.018555 -0.143555 -0.256836
v 0.018555 -0.155273 -0.256836
v 0.018555 -0.155273 -0.256836
v 0.018555 -0.143555 -0.256836
v 0.008789 -0.155273 -0.258789
v 0.018555 -0.143555 -0.256836
v 0.022461 -0.139648 -0.262695
v 0.018555 -0.131836 -0.247070
v 0.008789 -0.143555 -0.256836
v 0.008789 -0.155273 -0.258789
v 0.018555 -0.143555 -0.256836
v 0.008789 -0.131836 -0.249023
v 0.008789 -0.143555 -0.256836
v 0.018555 -0.143555 -0.256836
v 0.018555 -0.143555 -0.256836
v 0.018555 -0.131836 -0.247070
v 0.008789 -0.131836 -0.249023
v 0.018555 -0.118164 -0.256836
v 0.022461 -0.125977 -0.250977
v 0.022461 -0.139648 -0.262695
v 0.022461 -0.139648 -0.262695
v 0.022461 -0.125977 -0.250977
v 0.018555 -0.131836 -0.247070
v 0.022461 -0.125977 -0.250977
v 0.018555 -0.118164 -0.256836
v 0.016602 -0.112305 -0.235352
v 0.016602 -0.127930 -0.233398
v 0.018555 -0.131836 -0.247070
v 0.022461 -0.125977 -0.250977
v 0.022461 -0.120117 -0.235352
v 0.016602 -0.127930 -0.233398
v 0.022461 -0.125977 -0.250977
v 0.016602 -0.112305 -0.235352
v 0.022461 -0.120117 -0.235352
v 0.022461 -0.125977 -0.250977
v 0.008789 -0.155273 -0.258789
v 0.008789 -0.143555 -0.256836
v 0.004883 -0.139648 -0.264648
v 0.008789 -0.131836 -0.249023
v 0.004883 -0.139648 -0.264648
v 0.008789 -0.143555 -0.256836
v 0.004883 -0.139648 -0.264648
v 0.004883 -0.125977 -0.252930
v 0.008789 -0.118164 -0.256836
v 0.008789 -0.131836 -0.249023
v 0.004883 -0.125977 -0.252930
v 0.004883 -0.139648 -0.264648
v 0.008789 -0.112305 -0.235352
v 0.008789 -0.118164 -0.256836
v 0.004883 -0.125977 -0.252930
v 0.004883 -0.125977 -0.252930
v 0.008789 -0.131836 -0.249023
v 0.008789 -0.127930 -0.233398
v 0.004883 -0.125977 -0.252930
v 0.008789 -0.127930 -0.233398
v 0.002930 -0.120117 -0.235352
v 0.002930 -0.120117 -0.235352
v 0.008789 -0.112305 -0.235352
v 0.004883 -0.125977 -0.252930
v 0.018555 -0.118164 -0.256836
v 0.008789 -0.118164 -0.256836
v 0.016602 -0.112305 -0.235352
v 0.008789 -0.112305 -0.235352
v 0.016602 -0.112305 -0.235352
v 0.008789 -0.118164 -0.256836
v 0.362305 -0.499023 -0.223633
v 0.391602 -0.499023 -0.114258
v 0.262695 -0.487305 0.041992
v 0.319336 -0.493164 -0.188477
v 0.303711 -0.493164 -0.194336
v 0.313477 -0.483398 -0.184570
v 0.313477 -0.483398 -0.184570
v 0.323242 -0.493164 -0.178711
v 0.319336 -0.493164 -0.188477
v 0.250977 -0.481445 -0.237305
v 0.260742 -0.477539 -0.245117
v 0.250977 -0.485352 -0.247070
v 0.243164 -0.499023 -0.239258
v 0.250977 -0.481445 -0.237305
v 0.250977 -0.485352 -0.247070
v 0.250977 -0.485352 -0.247070
v 0.245117 -0.499023 -0.243164
v 0.243164 -0.499023 -0.239258
v 0.245117 -0.499023 -0.239258
v 0.245117 -0.499023 -0.243164
v 0.250977 -0.485352 -0.235352
v 0.250977 -0.485352 -0.235352
v 0.245117 -0.499023 -0.243164
v 0.249023 -0.483398 -0.243164
v 0.250977 -0.481445 -0.237305
v 0.262695 -0.473633 -0.237305
v 0.260742 -0.477539 -0.245117
v 0.250977 -0.461914 -0.227539
v 0.249023 -0.473633 -0.239258
v 0.239258 -0.473633 -0.229492
v 0.288086 -0.493164 -0.188477
v 0.303711 -0.483398 -0.188477
v 0.303711 -0.493164 -0.194336
v 0.303711 -0.493164 -0.194336
v 0.303711 -0.483398 -0.188477
v 0.313477 -0.483398 -0.184570
v 0.303711 -0.483398 -0.188477
v 0.288086 -0.493164 -0.188477
v 0.293945 -0.483398 -0.184570
v 0.303711 -0.477539 -0.176758
v 0.313477 -0.483398 -0.184570
v 0.303711 -0.483398 -0.188477
v 0.293945 -0.483398 -0.184570
v 0.303711 -0.477539 -0.176758
v 0.303711 -0.483398 -0.188477
v 0.288086 -0.493164 -0.188477
v 0.284180 -0.493164 -0.178711
v 0.290039 -0.483398 -0.178711
v 0.290039 -0.483398 -0.178711
v 0.293945 -0.483398 -0.184570
v 0.288086 -0.493164 -0.188477
v 0.323242 -0.493164 -0.178711
v 0.313477 -0.483398 -0.184570
v 0.317383 -0.483398 -0.178711
v 0.323242 -0.493164 -0.178711
v 0.317383 -0.483398 -0.178711
v 0.313477 -0.483398 -0.168945
v 0.313477 -0.483398 -0.168945
v 0.317383 -0.493164 -0.165039
v 0.323242 -0.493164 -0.178711
v 0.303711 -0.477539 -0.176758
v 0.317383 -0.483398 -0.178711
v 0.313477 -0.483398 -0.184570
v 0.303711 -0.477539 -0.176758
v 0.313477 -0.483398 -0.168945
v 0.317383 -0.483398 -0.178711
v 0.317383 -0.493164 -0.165039
v 0.313477 -0.483398 -0.168945
v 0.303711 -0.483398 -0.163086
v 0.303711 -0.483398 -0.163086
v 0.303711 -0.493164 -0.157227
v 0.317383 -0.493164 -0.165039
v 0.313477 -0.483398 -0.168945
v 0.303711 -0.477539 -0.176758
v 0.303711 -0.483398 -0.163086
v 0.303711 -0.477539 -0.176758
v 0.293945 -0.483398 -0.184570
v 0.290039 -0.483398 -0.178711
v 0.303711 -0.477539 -0.176758
v 0.290039 -0.483398 -0.178711
v 0.293945 -0.483398 -0.168945
v 0.293945 -0.483398 -0.168945
v 0.303711 -0.483398 -0.163086
v 0.303711 -0.477539 -0.176758
v 0.290039 -0.493164 -0.165039
v 0.290039 -0.483398 -0.178711
v 0.284180 -0.493164 -0.178711
v 0.290039 -0.483398 -0.178711
v 0.290039 -0.493164 -0.165039
v 0.293945 -0.483398 -0.168945
v 0.303711 -0.493164 -0.157227
v 0.303711 -0.483398 -0.163086
v 0.293945 -0.483398 -0.168945
v 0.293945 -0.483398 -0.168945
v 0.290039 -0.493164 -0.165039
v 0.303711 -0.493164 -0.157227
v 0.327148 -0.499023 0.122070
v 0.262695 -0.487305 0.041992
v 0.391602 -0.499023 -0.114258
v 0.266602 -0.463867 -0.038086
v 0.258789 -0.456055 -0.045898
v 0.264648 -0.452148 -0.038086
v 0.249023 -0.461914 -0.043945
v 0.258789 -0.456055 -0.045898
v 0.266602 -0.463867 -0.038086
v 0.258789 -0.458008 -0.020508
v 0.250977 -0.456055 -0.032227
v 0.266602 -0.463867 -0.038086
v 0.266602 -0.463867 -0.038086
v 0.250977 -0.456055 -0.032227
v 0.249023 -0.461914 -0.043945
v 0.266602 -0.463867 -0.038086
v 0.264648 -0.452148 -0.038086
v 0.266602 -0.456055 -0.030273
v 0.266602 -0.463867 -0.038086
v 0.266602 -0.456055 -0.030273
v 0.258789 -0.458008 -0.020508
v 0.258789 -0.456055 -0.045898
v 0.254883 -0.446289 -0.040039
v 0.260742 -0.444336 -0.034180
v 0.249023 -0.461914 -0.043945
v 0.254883 -0.446289 -0.040039
v 0.258789 -0.456055 -0.045898
v 0.260742 -0.444336 -0.034180
v 0.264648 -0.452148 -0.038086
v 0.258789 -0.456055 -0.045898
v 0.250977 -0.456055 -0.032227
v 0.258789 -0.458008 -0.020508
v 0.243164 -0.448242 -0.036133
v 0.243164 -0.448242 -0.036133
v 0.249023 -0.461914 -0.043945
v 0.250977 -0.456055 -0.032227
v 0.243164 -0.448242 -0.036133
v 0.260742 -0.444336 -0.034180
v 0.254883 -0.446289 -0.040039
v 0.254883 -0.446289 -0.040039
v 0.249023 -0.461914 -0.043945
v 0.243164 -0.448242 -0.036133
v 0.264648 -0.452148 -0.038086
v 0.260742 -0.444336 -0.034180
v 0.266602 -0.456055 -0.030273
v 0.256836 -0.438477 -0.026367
v 0.266602 -0.456055 -0.030273
v 0.260742 -0.444336 -0.034180
v 0.243164 -0.448242 -0.036133
v 0.256836 -0.438477 -0.026367
v 0.260742 -0.444336 -0.034180
v 0.235352 -0.465820 -0.051758
v 0.260742 -0.465820 -0.026367
v 0.254883 -0.489258 -0.022461
v 0.254883 -0.489258 -0.022461
v 0.260742 -0.465820 -0.026367
v 0.260742 -0.465820 0.016602
v 0.254883 -0.489258 -0.022461
v 0.233398 -0.489258 -0.043945
v 0.235352 -0.465820 -0.051758
v 0.260742 -0.465820 0.016602
v 0.254883 -0.489258 0.016602
v 0.254883 -0.489258 -0.022461
v 0.256836 -0.438477 -0.026367
v 0.258789 -0.458008 -0.020508
v 0.266602 -0.456055 -0.030273
v 0.235352 -0.465820 -0.051758
v 0.256836 -0.444336 -0.022461
v 0.260742 -0.465820 -0.026367
v 0.260742 -0.465820 -0.026367
v 0.256836 -0.444336 -0.022461
v 0.256836 -0.444336 0.016602
v 0.256836 -0.444336 0.016602
v 0.260742 -0.465820 0.016602
v 0.260742 -0.465820 -0.026367
v 0.258789 -0.458008 -0.020508
v 0.256836 -0.438477 -0.026367
v 0.243164 -0.448242 -0.036133
v 0.256836 -0.444336 -0.022461
v 0.235352 -0.465820 -0.051758
v 0.235352 -0.444336 -0.045898
v 0.256836 -0.444336 -0.022461
v 0.235352 -0.444336 -0.045898
v 0.243164 -0.426758 -0.010742
v 0.256836 -0.444336 -0.022461
v 0.243164 -0.426758 -0.010742
v 0.241211 -0.428711 0.012695
v 0.241211 -0.428711 0.012695
v 0.256836 -0.444336 0.016602
v 0.256836 -0.444336 -0.022461
v 0.245117 -0.499023 -0.243164
v 0.241211 -0.499023 -0.243164
v 0.249023 -0.483398 -0.243164
v 0.245117 -0.499023 -0.243164
v 0.239258 -0.499023 -0.243164
v 0.243164 -0.483398 -0.241211
v 0.245117 -0.499023 -0.243164
v 0.243164 -0.483398 -0.241211
v 0.249023 -0.473633 -0.239258
v 0.233398 -0.481445 -0.247070
v 0.237305 -0.499023 -0.239258
v 0.239258 -0.499023 -0.249023
v 0.241211 -0.499023 -0.243164
v 0.237305 -0.485352 -0.247070
v 0.249023 -0.483398 -0.243164
v 0.239258 -0.499023 -0.243164
v 0.237305 -0.487305 -0.235352
v 0.243164 -0.483398 -0.241211
v 0.233398 -0.481445 -0.247070
v 0.231445 -0.485352 -0.239258
v 0.237305 -0.499023 -0.239258
v 0.249023 -0.473633 -0.239258
v 0.243164 -0.483398 -0.241211
v 0.237305 -0.487305 -0.235352
v 0.239258 -0.473633 -0.229492
v 0.249023 -0.473633 -0.239258
v 0.237305 -0.487305 -0.235352
v 0.217773 -0.473633 -0.194336
v 0.221680 -0.477539 -0.198242
v 0.219727 -0.495117 -0.190430
v 0.213867 -0.495117 -0.182617
v 0.225586 -0.475586 -0.194336
v 0.219727 -0.495117 -0.190430
v 0.211914 -0.495117 -0.186523
v 0.217773 -0.473633 -0.194336
v 0.219727 -0.495117 -0.190430
v 0.206055 -0.479492 -0.196289
v 0.221680 -0.459961 -0.209961
v 0.221680 -0.477539 -0.198242
v 0.217773 -0.473633 -0.194336
v 0.206055 -0.479492 -0.196289
v 0.221680 -0.477539 -0.198242
v 0.223633 -0.471680 -0.180664
v 0.233398 -0.463867 -0.192383
v 0.225586 -0.475586 -0.194336
v 0.213867 -0.495117 -0.182617
v 0.223633 -0.471680 -0.180664
v 0.225586 -0.475586 -0.194336
v 0.221680 -0.459961 -0.209961
v 0.206055 -0.479492 -0.196289
v 0.208008 -0.467773 -0.206055
v 0.233398 -0.463867 -0.192383
v 0.223633 -0.471680 -0.180664
v 0.237305 -0.456055 -0.182617
v 0.208008 -0.495117 -0.190430
v 0.204102 -0.477539 -0.196289
v 0.202148 -0.473633 -0.188477
v 0.208008 -0.495117 -0.190430
v 0.202148 -0.473633 -0.188477
v 0.204102 -0.495117 -0.178711
v 0.206055 -0.479492 -0.196289
v 0.217773 -0.473633 -0.194336
v 0.211914 -0.495117 -0.186523
v 0.194336 -0.459961 -0.200195
v 0.202148 -0.473633 -0.188477
v 0.204102 -0.477539 -0.196289
v 0.202148 -0.473633 -0.188477
v 0.194336 -0.459961 -0.200195
v 0.194336 -0.475586 -0.178711
v 0.194336 -0.475586 -0.178711
v 0.204102 -0.495117 -0.178711
v 0.202148 -0.473633 -0.188477
v 0.180664 -0.459961 -0.180664
v 0.194336 -0.475586 -0.178711
v 0.194336 -0.459961 -0.200195
v 0.219727 -0.479492 -0.178711
v 0.215820 -0.495117 -0.180664
v 0.209961 -0.495117 -0.186523
v 0.219727 -0.479492 -0.178711
v 0.209961 -0.495117 -0.186523
v 0.202148 -0.483398 -0.178711
v 0.202148 -0.483398 -0.178711
v 0.215820 -0.469727 -0.174805
v 0.219727 -0.479492 -0.178711
v 0.215820 -0.469727 -0.174805
v 0.202148 -0.483398 -0.178711
v 0.204102 -0.469727 -0.170898
v 0.215820 -0.469727 -0.174805
v 0.204102 -0.469727 -0.170898
v 0.211914 -0.458008 -0.163086
v 0.196289 -0.489258 -0.184570
v 0.196289 -0.448242 -0.184570
v 0.170898 -0.489258 0.071289
v 0.196289 -0.448242 -0.184570
v 0.188477 -0.440430 -0.178711
v 0.163086 -0.440430 0.059570
v 0.196289 -0.448242 -0.184570
v 0.163086 -0.440430 0.059570
v 0.168945 -0.448242 0.067383
v 0.168945 -0.448242 0.067383
v 0.170898 -0.489258 0.071289
v 0.196289 -0.448242 -0.184570
v 0.157227 -0.291992 -0.166992
v 0.180664 -0.291992 -0.166992
v 0.188477 -0.440430 -0.178711
v 0.188477 -0.440430 -0.178711
v 0.180664 -0.291992 -0.166992
v 0.157227 -0.250977 0.040039
v 0.157227 -0.250977 0.040039
v 0.163086 -0.440430 0.059570
v 0.188477 -0.440430 -0.178711
v 0.180664 -0.489258 -0.139648
v 0.245117 -0.413086 -0.133789
v 0.237305 -0.489258 -0.133789
v 0.237305 -0.489258 -0.133789
v 0.245117 -0.413086 -0.133789
v 0.235352 -0.489258 -0.116211
v 0.188477 -0.413086 -0.141602
v 0.245117 -0.389648 -0.127930
v 0.245117 -0.413086 -0.133789
v 0.245117 -0.413086 -0.133789
v 0.245117 -0.389648 -0.127930
v 0.243164 -0.413086 -0.116211
v 0.180664 -0.489258 -0.139648
v 0.188477 -0.413086 -0.141602
v 0.245117 -0.413086 -0.133789
v 0.243164 -0.413086 -0.116211
v 0.235352 -0.489258 -0.116211
v 0.245117 -0.413086 -0.133789
v 0.245117 -0.389648 -0.127930
v 0.188477 -0.413086 -0.141602
v 0.188477 -0.389648 -0.133789
v 0.245117 -0.389648 -0.127930
v 0.188477 -0.389648 -0.133789
v 0.245117 -0.372070 -0.110352
v 0.243164 -0.397461 -0.114258
v 0.243164 -0.413086 -0.116211
v 0.245117 -0.389648 -0.127930
v 0.245117 -0.372070 -0.110352
v 0.243164 -0.397461 -0.114258
v 0.245117 -0.389648 -0.127930
v 0.186523 -0.372070 -0.118164
v 0.245117 -0.372070 -0.110352
v 0.188477 -0.389648 -0.133789
v 0.163086 -0.303711 -0.243164
v 0.184570 -0.311523 -0.237305
v 0.184570 -0.305664 -0.241211
v 0.184570 -0.311523 -0.237305
v 0.163086 -0.303711 -0.243164
v 0.163086 -0.309570 -0.241211
v 0.184570 -0.297852 -0.229492
v 0.182617 -0.305664 -0.225586
v 0.161133 -0.303711 -0.229492
v 0.180664 -0.295898 -0.202148
v 0.182617 -0.305664 -0.225586
v 0.184570 -0.297852 -0.229492
v 0.161133 -0.303711 -0.229492
v 0.163086 -0.297852 -0.231445
v 0.184570 -0.297852 -0.229492
v 0.184570 -0.297852 -0.229492
v 0.163086 -0.297852 -0.231445
v 0.182617 -0.290039 -0.206055
v 0.184570 -0.297852 -0.229492
v 0.182617 -0.290039 -0.206055
v 0.180664 -0.295898 -0.202148
v 0.161133 -0.288086 -0.209961
v 0.182617 -0.290039 -0.206055
v 0.163086 -0.297852 -0.231445
v 0.143555 -0.309570 -0.245117
v 0.129883 -0.291992 -0.249023
v 0.131836 -0.299805 -0.219727
v 0.124023 -0.286133 -0.233398
v 0.131836 -0.299805 -0.219727
v 0.129883 -0.291992 -0.249023
v 0.112305 -0.272461 -0.249023
v 0.124023 -0.286133 -0.233398
v 0.129883 -0.291992 -0.249023
v 0.131836 -0.299805 -0.219727
v 0.124023 -0.286133 -0.233398
v 0.106445 -0.293945 -0.208008
v 0.182617 -0.290039 -0.206055
v 0.161133 -0.288086 -0.209961
v 0.180664 -0.295898 -0.202148
v 0.180664 -0.295898 -0.202148
v 0.161133 -0.288086 -0.209961
v 0.159180 -0.293945 -0.206055
v 0.180664 -0.284180 -0.194336
v 0.186523 -0.282227 -0.192383
v 0.180664 -0.290039 -0.192383
v 0.180664 -0.290039 -0.192383
v 0.186523 -0.282227 -0.192383
v 0.186523 -0.288086 -0.190430
v 0.159180 -0.286133 -0.194336
v 0.180664 -0.284180 -0.194336
v 0.180664 -0.290039 -0.192383
v 0.180664 -0.290039 -0.192383
v 0.186523 -0.288086 -0.190430
v 0.178711 -0.278320 -0.168945
v 0.157227 -0.274414 -0.172852
v 0.159180 -0.286133 -0.194336
v 0.180664 -0.290039 -0.192383
v 0.178711 -0.278320 -0.168945
v 0.157227 -0.274414 -0.172852
v 0.180664 -0.290039 -0.192383
v 0.186523 -0.282227 -0.192383
v 0.180664 -0.284180 -0.194336
v 0.184570 -0.272461 -0.170898
v 0.182617 -0.278320 -0.168945
v 0.186523 -0.288086 -0.190430
v 0.186523 -0.282227 -0.192383
v 0.184570 -0.272461 -0.170898
v 0.182617 -0.278320 -0.168945
v 0.186523 -0.282227 -0.192383
v 0.159180 -0.286133 -0.194336
v 0.159180 -0.284180 -0.196289
v 0.180664 -0.284180 -0.194336
v 0.180664 -0.284180 -0.194336
v 0.159180 -0.284180 -0.196289
v 0.180664 -0.272461 -0.170898
v 0.180664 -0.272461 -0.170898
v 0.184570 -0.272461 -0.170898
v 0.180664 -0.284180 -0.194336
v 0.186523 -0.288086 -0.190430
v 0.182617 -0.278320 -0.168945
v 0.178711 -0.278320 -0.168945
v 0.159180 -0.284180 -0.196289
v 0.157227 -0.272461 -0.172852
v 0.180664 -0.272461 -0.170898
v 0.180664 -0.291992 -0.166992
v 0.180664 -0.274414 -0.166992
v 0.157227 -0.250977 0.040039
v 0.178711 -0.278320 -0.168945
v 0.157227 -0.272461 -0.172852
v 0.157227 -0.274414 -0.172852
v 0.178711 -0.278320 -0.168945
v 0.180664 -0.272461 -0.170898
v 0.157227 -0.272461 -0.172852
v 0.182617 -0.278320 -0.168945
v 0.184570 -0.272461 -0.170898
v 0.180664 -0.272461 -0.170898
v 0.182617 -0.278320 -0.168945
v 0.180664 -0.272461 -0.170898
v 0.178711 -0.278320 -0.168945
v 0.014648 -0.250977 -0.184570
v 0.180664 -0.250977 -0.170898
v 0.180664 -0.274414 -0.166992
v 0.180664 -0.274414 -0.166992
v 0.180664 -0.250977 -0.170898
v 0.157227 -0.250977 0.040039
v 0.180664 -0.274414 -0.166992
v 0.014648 -0.276367 -0.186523
v 0.014648 -0.250977 -0.184570
v 0.180664 -0.250977 -0.170898
v 0.014648 -0.250977 -0.184570
v 0.190430 -0.086914 -0.180664
v 0.180664 -0.250977 -0.170898
v 0.190430 -0.086914 -0.180664
v 0.163086 -0.084961 0.047852
v 0.163086 -0.084961 0.047852
v 0.157227 -0.250977 0.040039
v 0.180664 -0.250977 -0.170898
v -0.155273 -0.475586 -0.034180
v -0.155273 -0.487305 -0.315430
v 0.030273 -0.475586 -0.184570
v -0.010742 -0.475586 0.252930
v -0.155273 -0.475586 -0.034180
v 0.030273 -0.475586 -0.184570
v 0.030273 -0.475586 -0.184570
v 0.262695 -0.487305 0.041992
v -0.010742 -0.475586 0.252930
v 0.108398 -0.272461 -0.247070
v 0.106445 -0.284180 -0.227539
v 0.124023 -0.286133 -0.233398
v 0.124023 -0.286133 -0.233398
v 0.106445 -0.284180 -0.227539
v 0.106445 -0.293945 -0.208008
v 0.124023 -0.286133 -0.233398
v 0.112305 -0.272461 -0.249023
v 0.108398 -0.272461 -0.247070
v 0.106445 -0.284180 -0.227539
v 0.108398 -0.272461 -0.247070
v 0.102539 -0.272461 -0.249023
v 0.106445 -0.284180 -0.227539
v 0.102539 -0.272461 -0.249023
v 0.090820 -0.284180 -0.233398
v 0.106445 -0.284180 -0.227539
v 0.090820 -0.284180 -0.233398
v 0.079102 -0.295898 -0.217773
v 0.079102 -0.295898 -0.217773
v 0.106445 -0.293945 -0.208008
v 0.106445 -0.284180 -0.227539
v 0.083008 -0.290039 -0.249023
v 0.067383 -0.303711 -0.243164
v 0.090820 -0.284180 -0.233398
v 0.079102 -0.295898 -0.217773
v 0.090820 -0.284180 -0.233398
v 0.067383 -0.303711 -0.243164
v 0.016602 -0.258789 -0.233398
v 0.022461 -0.250977 -0.233398
v 0.020508 -0.250977 -0.188477
v 0.006836 -0.258789 -0.188477
v 0.008789 -0.258789 -0.233398
v 0.016602 -0.258789 -0.233398
v 0.020508 -0.250977 -0.188477
v 0.016602 -0.258789 -0.188477
v 0.016602 -0.258789 -0.233398
v 0.016602 -0.258789 -0.233398
v 0.016602 -0.258789 -0.188477
v 0.006836 -0.258789 -0.188477
v 0.016602 -0.245117 -0.233398
v 0.020508 -0.250977 -0.188477
v 0.022461 -0.250977 -0.233398
v 0.022461 -0.250977 -0.233398
v 0.018555 -0.239258 -0.247070
v 0.016602 -0.245117 -0.233398
v 0.002930 -0.250977 -0.188477
v 0.002930 -0.250977 -0.233398
v 0.008789 -0.258789 -0.233398
v 0.008789 -0.258789 -0.233398
v 0.006836 -0.258789 -0.188477
v 0.002930 -0.250977 -0.188477
v 0.002930 -0.250977 -0.233398
v 0.002930 -0.250977 -0.188477
v 0.008789 -0.245117 -0.233398
v 0.008789 -0.245117 -0.233398
v 0.008789 -0.239258 -0.249023
v 0.002930 -0.250977 -0.233398
v 0.020508 -0.250977 -0.188477
v 0.016602 -0.245117 -0.233398
v 0.016602 -0.245117 -0.188477
v 0.006836 -0.245117 -0.188477
v 0.008789 -0.245117 -0.233398
v 0.002930 -0.250977 -0.188477
v -0.170898 -0.280273 0.006836
v 0.157227 -0.250977 0.040039
v 0.010742 -0.311523 -0.157227
v -0.149414 -0.282227 -0.209961
v 0.014648 -0.250977 -0.184570
v 0.014648 -0.276367 -0.186523
v 0.012695 -0.094727 -0.204102
v 0.190430 -0.086914 -0.180664
v 0.014648 -0.250977 -0.184570
v -0.147461 -0.250977 -0.209961
v 0.012695 -0.094727 -0.204102
v 0.014648 -0.250977 -0.184570
v 0.014648 -0.250977 -0.184570
v -0.149414 -0.282227 -0.209961
v -0.147461 -0.250977 -0.209961
v 0.235352 -0.489258 -0.116211
v 0.243164 -0.413086 -0.116211
v 0.166992 -0.489258 -0.122070
v 0.243164 -0.413086 -0.116211
v 0.243164 -0.397461 -0.114258
v 0.172852 -0.413086 -0.124023
v 0.172852 -0.413086 -0.124023
v 0.166992 -0.489258 -0.122070
v 0.243164 -0.413086 -0.116211
v 0.243164 -0.397461 -0.114258
v 0.243164 -0.387695 -0.102539
v 0.174805 -0.397461 -0.120117
v 0.245117 -0.372070 -0.110352
v 0.243164 -0.387695 -0.102539
v 0.243164 -0.397461 -0.114258
v 0.174805 -0.397461 -0.120117
v 0.172852 -0.413086 -0.124023
v 0.243164 -0.397461 -0.114258
v 0.243164 -0.387695 -0.102539
v 0.241211 -0.383789 -0.088867
v 0.172852 -0.387695 -0.110352
v 0.241211 -0.366211 -0.088867
v 0.241211 -0.383789 -0.088867
v 0.243164 -0.387695 -0.102539
v 0.172852 -0.387695 -0.110352
v 0.174805 -0.397461 -0.120117
v 0.243164 -0.387695 -0.102539
v 0.243164 -0.387695 -0.102539
v 0.245117 -0.372070 -0.110352
v 0.241211 -0.366211 -0.088867
v 0.241211 -0.383789 -0.088867
v 0.239258 -0.387695 -0.073242
v 0.170898 -0.383789 -0.096680
v 0.241211 -0.366211 -0.088867
v 0.239258 -0.387695 -0.073242
v 0.241211 -0.383789 -0.088867
v 0.170898 -0.383789 -0.096680
v 0.172852 -0.387695 -0.110352
v 0.241211 -0.383789 -0.088867
v 0.170898 -0.387695 -0.083008
v 0.239258 -0.387695 -0.073242
v 0.239258 -0.397461 -0.063477
v 0.239258 -0.397461 -0.063477
v 0.239258 -0.387695 -0.073242
v 0.239258 -0.372070 -0.065430
v 0.168945 -0.397461 -0.071289
v 0.170898 -0.387695 -0.083008
v 0.239258 -0.397461 -0.063477
v 0.237305 -0.413086 -0.059570
v 0.168945 -0.397461 -0.071289
v 0.239258 -0.397461 -0.063477
v 0.237305 -0.389648 -0.047852
v 0.237305 -0.413086 -0.059570
v 0.239258 -0.397461 -0.063477
v 0.239258 -0.372070 -0.065430
v 0.237305 -0.389648 -0.047852
v 0.239258 -0.397461 -0.063477
v 0.170898 -0.387695 -0.083008
v 0.170898 -0.383789 -0.096680
v 0.239258 -0.387695 -0.073242
v 0.239258 -0.387695 -0.073242
v 0.241211 -0.366211 -0.088867
v 0.239258 -0.372070 -0.065430
v 0.161133 -0.489258 -0.065430
v 0.166992 -0.413086 -0.067383
v 0.237305 -0.413086 -0.059570
v 0.237305 -0.413086 -0.059570
v 0.229492 -0.489258 -0.057617
v 0.161133 -0.489258 -0.065430
v 0.166992 -0.413086 -0.067383
v 0.168945 -0.397461 -0.071289
v 0.237305 -0.413086 -0.059570
v 0.235352 -0.413086 -0.041992
v 0.227539 -0.489258 -0.040039
v 0.229492 -0.489258 -0.057617
v 0.229492 -0.489258 -0.057617
v 0.237305 -0.413086 -0.059570
v 0.235352 -0.413086 -0.041992
v 0.204102 -0.465820 -0.041992
v 0.235352 -0.465820 -0.051758
v 0.233398 -0.489258 -0.043945
v 0.233398 -0.489258 -0.043945
v 0.204102 -0.489258 -0.034180
v 0.204102 -0.465820 -0.041992
v 0.227539 -0.489258 -0.040039
v 0.235352 -0.413086 -0.041992
v 0.170898 -0.489258 -0.047852
v 0.204102 -0.465820 -0.041992
v 0.235352 -0.444336 -0.045898
v 0.235352 -0.465820 -0.051758
v 0.235352 -0.444336 -0.045898
v 0.204102 -0.465820 -0.041992
v 0.204102 -0.444336 -0.036133
v 0.235352 -0.444336 -0.045898
v 0.204102 -0.444336 -0.036133
v 0.227539 -0.428711 -0.022461
v 0.235352 -0.444336 -0.045898
v 0.227539 -0.428711 -0.022461
v 0.243164 -0.426758 -0.010742
v 0.184570 -0.489258 -0.002930
v 0.204102 -0.465820 -0.041992
v 0.204102 -0.489258 -0.034180
v 0.178711 -0.465820 -0.002930
v 0.204102 -0.444336 -0.036133
v 0.204102 -0.465820 -0.041992
v 0.204102 -0.465820 -0.041992
v 0.184570 -0.489258 -0.002930
v 0.178711 -0.465820 -0.002930
v 0.209961 -0.428711 -0.016602
v 0.227539 -0.428711 -0.022461
v 0.204102 -0.444336 -0.036133
v 0.182617 -0.444336 -0.002930
v 0.209961 -0.428711 -0.016602
v 0.204102 -0.444336 -0.036133
v 0.204102 -0.444336 -0.036133
v 0.178711 -0.465820 -0.002930
v 0.182617 -0.444336 -0.002930
v 0.204102 -0.446289 -0.016602
v 0.190430 -0.438477 -0.018555
v 0.188477 -0.428711 -0.012695
v 0.180664 -0.452148 -0.012695
v 0.190430 -0.438477 -0.018555
v 0.204102 -0.446289 -0.016602
v 0.204102 -0.446289 -0.016602
v 0.198242 -0.442383 -0.000977
v 0.180664 -0.452148 -0.012695
v 0.202148 -0.430664 0.008789
v 0.198242 -0.442383 -0.000977
v 0.204102 -0.446289 -0.016602
v 0.188477 -0.428711 -0.012695
v 0.200195 -0.424805 -0.012695
v 0.204102 -0.446289 -0.016602
v 0.204102 -0.446289 -0.016602
v 0.200195 -0.424805 -0.012695
v 0.202148 -0.430664 0.008789
v 0.182617 -0.440430 -0.010742
v 0.188477 -0.428711 -0.012695
v 0.190430 -0.438477 -0.018555
v 0.190430 -0.438477 -0.018555
v 0.180664 -0.452148 -0.012695
v 0.182617 -0.440430 -0.010742
v 0.186523 -0.446289 0.012695
v 0.180664 -0.452148 -0.012695
v 0.198242 -0.442383 -0.000977
v 0.198242 -0.442383 -0.000977
v 0.202148 -0.430664 0.008789
v 0.186523 -0.446289 0.012695
v 0.237305 -0.389648 -0.047852
v 0.235352 -0.413086 -0.041992
v 0.237305 -0.413086 -0.059570
v 0.235352 -0.413086 -0.041992
v 0.237305 -0.389648 -0.047852
v 0.178711 -0.413086 -0.047852
v 0.178711 -0.413086 -0.047852
v 0.170898 -0.489258 -0.047852
v 0.235352 -0.413086 -0.041992
v 0.178711 -0.389648 -0.055664
v 0.178711 -0.413086 -0.047852
v 0.237305 -0.389648 -0.047852
v 0.239258 -0.372070 -0.065430
v 0.178711 -0.389648 -0.055664
v 0.237305 -0.389648 -0.047852
v 0.241211 -0.432617 -0.026367
v 0.237305 -0.426758 -0.024414
v 0.235352 -0.428711 -0.018555
v 0.233398 -0.426758 -0.028320
v 0.237305 -0.426758 -0.024414
v 0.241211 -0.432617 -0.026367
v 0.241211 -0.432617 -0.026367
v 0.235352 -0.428711 -0.018555
v 0.225586 -0.428711 -0.030273
v 0.225586 -0.428711 -0.030273
v 0.233398 -0.426758 -0.028320
v 0.241211 -0.432617 -0.026367
v 0.229492 -0.424805 -0.024414
v 0.235352 -0.428711 -0.018555
v 0.237305 -0.426758 -0.024414
v 0.237305 -0.426758 -0.024414
v 0.233398 -0.426758 -0.028320
v 0.229492 -0.424805 -0.024414
v 0.243164 -0.432617 -0.020508
v 0.241211 -0.426758 -0.018555
v 0.249023 -0.436523 -0.004883
v 0.229492 -0.430664 -0.014648
v 0.241211 -0.426758 -0.018555
v 0.243164 -0.432617 -0.020508
v 0.243164 -0.432617 -0.020508
v 0.249023 -0.436523 -0.004883
v 0.229492 -0.430664 -0.014648
v 0.241211 -0.426758 -0.018555
v 0.235352 -0.422852 -0.012695
v 0.239258 -0.424805 -0.004883
v 0.229492 -0.430664 -0.014648
v 0.235352 -0.422852 -0.012695
v 0.241211 -0.426758 -0.018555
v 0.239258 -0.424805 -0.004883
v 0.249023 -0.436523 -0.004883
v 0.241211 -0.426758 -0.018555
v 0.229492 -0.418945 -0.020508
v 0.235352 -0.420898 -0.022461
v 0.235352 -0.428711 -0.018555
v 0.235352 -0.428711 -0.018555
v 0.235352 -0.420898 -0.022461
v 0.241211 -0.428711 -0.014648
v 0.235352 -0.428711 -0.018555
v 0.229492 -0.424805 -0.024414
v 0.223633 -0.424805 -0.026367
v 0.223633 -0.424805 -0.026367
v 0.225586 -0.428711 -0.030273
v 0.235352 -0.428711 -0.018555
v 0.223633 -0.416992 -0.016602
v 0.229492 -0.418945 -0.020508
v 0.235352 -0.428711 -0.018555
v 0.225586 -0.418945 -0.008789
v 0.223633 -0.416992 -0.016602
v 0.235352 -0.428711 -0.018555
v 0.235352 -0.428711 -0.018555
v 0.241211 -0.428711 -0.014648
v 0.225586 -0.418945 -0.008789
v 0.235352 -0.420898 -0.022461
v 0.229492 -0.418945 -0.020508
v 0.233398 -0.418945 -0.014648
v 0.239258 -0.424805 -0.014648
v 0.241211 -0.428711 -0.014648
v 0.235352 -0.420898 -0.022461
v 0.233398 -0.418945 -0.014648
v 0.239258 -0.424805 -0.014648
v 0.235352 -0.420898 -0.022461
v 0.225586 -0.428711 -0.030273
v 0.229492 -0.424805 -0.024414
v 0.233398 -0.426758 -0.028320
v 0.229492 -0.424805 -0.024414
v 0.225586 -0.428711 -0.030273
v 0.223633 -0.424805 -0.026367
v 0.219727 -0.420898 0.006836
v 0.243164 -0.426758 -0.010742
v 0.227539 -0.428711 -0.022461
v 0.227539 -0.428711 -0.022461
v 0.209961 -0.428711 -0.016602
v 0.219727 -0.420898 0.006836
v 0.229492 -0.418945 -0.020508
v 0.223633 -0.416992 -0.016602
v 0.233398 -0.418945 -0.014648
v 0.225586 -0.418945 -0.008789
v 0.233398 -0.418945 -0.014648
v 0.223633 -0.416992 -0.016602
v 0.219727 -0.420898 0.006836
v 0.241211 -0.428711 0.012695
v 0.243164 -0.426758 -0.010742
v 0.241211 -0.428711 -0.014648
v 0.239258 -0.424805 -0.014648
v 0.225586 -0.418945 -0.008789
v 0.239258 -0.424805 -0.014648
v 0.233398 -0.418945 -0.014648
v 0.225586 -0.418945 -0.008789
v 0.227539 -0.424805 -0.000977
v 0.239258 -0.424805 -0.004883
v 0.235352 -0.422852 -0.012695
v 0.235352 -0.422852 -0.012695
v 0.229492 -0.430664 -0.014648
v 0.227539 -0.424805 -0.000977
v 0.249023 -0.436523 -0.004883
v 0.239258 -0.424805 -0.004883
v 0.227539 -0.424805 -0.000977
v 0.227539 -0.424805 -0.000977
v 0.229492 -0.430664 -0.014648
v 0.249023 -0.436523 -0.004883
v 0.252930 -0.440430 0.004883
v 0.227539 -0.424805 -0.000977
v 0.249023 -0.436523 -0.004883
v 0.249023 -0.436523 -0.004883
v 0.227539 -0.424805 -0.000977
v 0.239258 -0.428711 0.004883
v 0.245117 -0.434570 0.012695
v 0.252930 -0.440430 0.004883
v 0.249023 -0.436523 -0.004883
v 0.249023 -0.436523 -0.004883
v 0.239258 -0.428711 0.004883
v 0.245117 -0.434570 0.012695
v 0.245117 -0.424805 -0.000977
v 0.241211 -0.430664 -0.004883
v 0.237305 -0.418945 -0.002930
v 0.249023 -0.430664 0.008789
v 0.241211 -0.430664 -0.004883
v 0.245117 -0.424805 -0.000977
v 0.245117 -0.424805 -0.000977
v 0.237305 -0.418945 -0.002930
v 0.241211 -0.420898 0.004883
v 0.245117 -0.424805 -0.000977
v 0.247070 -0.424805 0.006836
v 0.249023 -0.430664 0.008789
v 0.241211 -0.420898 0.004883
v 0.247070 -0.424805 0.006836
v 0.245117 -0.424805 -0.000977
v 0.235352 -0.434570 0.014648
v 0.237305 -0.418945 -0.002930
v 0.241211 -0.430664 -0.004883
v 0.241211 -0.430664 -0.004883
v 0.249023 -0.430664 0.008789
v 0.235352 -0.434570 0.014648
v 0.237305 -0.418945 -0.002930
v 0.235352 -0.434570 0.014648
v 0.237305 -0.422852 0.014648
v 0.237305 -0.418945 -0.002930
v 0.237305 -0.422852 0.014648
v 0.241211 -0.420898 0.004883
v 0.227539 -0.424805 -0.000977
v 0.252930 -0.440430 0.004883
v 0.235352 -0.434570 0.006836
v 0.227539 -0.424805 -0.000977
v 0.235352 -0.434570 0.006836
v 0.231445 -0.424805 0.016602
v 0.231445 -0.424805 0.016602
v 0.239258 -0.428711 0.004883
v 0.227539 -0.424805 -0.000977
v 0.209961 -0.428711 -0.016602
v 0.182617 -0.444336 -0.002930
v 0.198242 -0.428711 0.000977
v 0.198242 -0.428711 0.000977
v 0.219727 -0.420898 0.006836
v 0.209961 -0.428711 -0.016602
v 0.200195 -0.424805 -0.012695
v 0.188477 -0.428711 -0.012695
v 0.188477 -0.426758 -0.000977
v 0.200195 -0.424805 -0.012695
v 0.188477 -0.426758 -0.000977
v 0.202148 -0.430664 0.008789
v 0.182617 -0.440430 -0.010742
v 0.188477 -0.426758 -0.000977
v 0.188477 -0.428711 -0.012695
v 0.188477 -0.426758 -0.000977
v 0.182617 -0.440430 -0.010742
v 0.180664 -0.438477 0.002930
v 0.180664 -0.438477 0.002930
v 0.202148 -0.430664 0.008789
v 0.188477 -0.426758 -0.000977
v 0.184570 -0.489258 0.036133
v 0.178711 -0.465820 -0.002930
v 0.184570 -0.489258 -0.002930
v 0.178711 -0.465820 0.040039
v 0.182617 -0.444336 -0.002930
v 0.178711 -0.465820 -0.002930
v 0.178711 -0.465820 -0.002930
v 0.184570 -0.489258 0.036133
v 0.178711 -0.465820 0.040039
v 0.180664 -0.438477 0.002930
v 0.182617 -0.440430 -0.010742
v 0.180664 -0.452148 -0.012695
v 0.186523 -0.446289 0.012695
v 0.180664 -0.438477 0.002930
v 0.180664 -0.452148 -0.012695
v 0.182617 -0.444336 0.038086
v 0.198242 -0.428711 0.000977
v 0.182617 -0.444336 -0.002930
v 0.182617 -0.444336 -0.002930
v 0.178711 -0.465820 0.040039
v 0.182617 -0.444336 0.038086
v 0.178711 -0.389648 -0.055664
v 0.239258 -0.372070 -0.065430
v 0.180664 -0.372070 -0.071289
v 0.186523 -0.372070 -0.118164
v 0.241211 -0.366211 -0.088867
v 0.245117 -0.372070 -0.110352
v 0.180664 -0.372070 -0.071289
v 0.239258 -0.372070 -0.065430
v 0.241211 -0.366211 -0.088867
v 0.241211 -0.366211 -0.088867
v 0.186523 -0.372070 -0.118164
v 0.184570 -0.366211 -0.094727
v 0.241211 -0.366211 -0.088867
v 0.184570 -0.366211 -0.094727
v 0.180664 -0.372070 -0.071289
v 0.155273 -0.282227 -0.053711
v 0.178711 -0.268555 -0.049805
v 0.178711 -0.282227 -0.049805
v 0.178711 -0.282227 -0.049805
v 0.178711 -0.268555 -0.049805
v 0.172852 -0.268555 0.008789
v 0.149414 -0.280273 0.004883
v 0.155273 -0.282227 -0.053711
v 0.178711 -0.282227 -0.049805
v 0.172852 -0.268555 0.008789
v 0.172852 -0.282227 0.008789
v 0.178711 -0.282227 -0.049805
v 0.178711 -0.282227 -0.049805
v 0.172852 -0.282227 0.008789
v 0.149414 -0.280273 0.004883
v 0.178711 -0.268555 -0.049805
v 0.157227 -0.268555 -0.051758
v 0.168945 -0.268555 -0.045898
v 0.155273 -0.282227 -0.053711
v 0.157227 -0.268555 -0.051758
v 0.178711 -0.268555 -0.049805
v 0.178711 -0.268555 -0.049805
v 0.168945 -0.268555 -0.045898
v 0.166992 -0.268555 -0.038086
v 0.178711 -0.268555 -0.049805
v 0.166992 -0.268555 -0.038086
v 0.165039 -0.266602 -0.002930
v 0.178711 -0.268555 -0.049805
v 0.165039 -0.266602 -0.002930
v 0.172852 -0.268555 0.008789
v 0.157227 -0.268555 -0.051758
v 0.157227 -0.268555 -0.047852
v 0.168945 -0.268555 -0.045898
v 0.159180 -0.209961 -0.047852
v 0.168945 -0.268555 -0.045898
v 0.157227 -0.268555 -0.047852
v 0.172852 -0.209961 -0.043945
v 0.166992 -0.268555 -0.038086
v 0.168945 -0.268555 -0.045898
v 0.168945 -0.268555 -0.045898
v 0.159180 -0.209961 -0.047852
v 0.166992 -0.209961 -0.045898
v 0.166992 -0.209961 -0.045898
v 0.172852 -0.209961 -0.043945
v 0.168945 -0.268555 -0.045898
v 0.166992 -0.268555 -0.038086
v 0.163086 -0.268555 -0.038086
v 0.157227 -0.266602 -0.004883
v 0.166992 -0.211914 -0.036133
v 0.163086 -0.268555 -0.038086
v 0.166992 -0.268555 -0.038086
v 0.157227 -0.266602 -0.004883
v 0.165039 -0.266602 -0.002930
v 0.166992 -0.268555 -0.038086
v 0.166992 -0.268555 -0.038086
v 0.172852 -0.209961 -0.043945
v 0.170898 -0.211914 -0.036133
v 0.166992 -0.268555 -0.038086
v 0.170898 -0.211914 -0.036133
v 0.166992 -0.211914 -0.036133
v 0.159180 -0.213867 -0.000977
v 0.157227 -0.266602 -0.004883
v 0.163086 -0.268555 -0.038086
v 0.163086 -0.268555 -0.038086
v 0.166992 -0.211914 -0.036133
v 0.159180 -0.213867 -0.000977
v 0.165039 -0.266602 -0.002930
v 0.157227 -0.266602 -0.004883
v 0.166992 -0.215820 0.000977
v 0.163086 -0.266602 0.004883
v 0.172852 -0.268555 0.008789
v 0.165039 -0.266602 -0.002930
v 0.166992 -0.215820 0.000977
v 0.163086 -0.266602 0.004883
v 0.165039 -0.266602 -0.002930
v 0.157227 -0.266602 -0.004883
v 0.159180 -0.213867 -0.000977
v 0.166992 -0.215820 0.000977
v 0.170898 -0.192383 -0.141602
v 0.194336 -0.180664 -0.137695
v 0.192383 -0.194336 -0.137695
v 0.192383 -0.194336 -0.137695
v 0.194336 -0.180664 -0.137695
v 0.188477 -0.174805 -0.079102
v 0.165039 -0.188477 -0.083008
v 0.170898 -0.192383 -0.141602
v 0.192383 -0.194336 -0.137695
v 0.192383 -0.194336 -0.137695
v 0.188477 -0.174805 -0.079102
v 0.186523 -0.188477 -0.079102
v 0.192383 -0.194336 -0.137695
v 0.186523 -0.188477 -0.079102
v 0.165039 -0.188477 -0.083008
v 0.194336 -0.180664 -0.137695
v 0.170898 -0.192383 -0.141602
v 0.170898 -0.178711 -0.141602
v 0.194336 -0.180664 -0.137695
v 0.170898 -0.178711 -0.141602
v 0.182617 -0.178711 -0.135742
v 0.194336 -0.180664 -0.137695
v 0.182617 -0.178711 -0.135742
v 0.182617 -0.178711 -0.127930
v 0.194336 -0.180664 -0.137695
v 0.182617 -0.178711 -0.127930
v 0.188477 -0.174805 -0.079102
v 0.141602 -0.211914 -0.178711
v 0.182617 -0.209961 -0.172852
v 0.182617 -0.237305 -0.172852
v 0.182617 -0.237305 -0.172852
v 0.182617 -0.209961 -0.172852
v 0.180664 -0.211914 -0.155273
v 0.127930 -0.235352 -0.163086
v 0.129883 -0.237305 -0.178711
v 0.182617 -0.237305 -0.172852
v 0.182617 -0.237305 -0.172852
v 0.129883 -0.237305 -0.178711
v 0.141602 -0.211914 -0.178711
v 0.180664 -0.235352 -0.155273
v 0.127930 -0.235352 -0.163086
v 0.182617 -0.237305 -0.172852
v 0.180664 -0.211914 -0.155273
v 0.180664 -0.235352 -0.155273
v 0.182617 -0.237305 -0.172852
v 0.182617 -0.209961 -0.172852
v 0.141602 -0.211914 -0.178711
v 0.139648 -0.211914 -0.163086
v 0.182617 -0.209961 -0.172852
v 0.139648 -0.211914 -0.163086
v 0.180664 -0.211914 -0.155273
v 0.127930 -0.235352 -0.163086
v 0.180664 -0.235352 -0.155273
v 0.157227 -0.233398 -0.141602
v 0.157227 -0.213867 -0.141602
v 0.180664 -0.211914 -0.155273
v 0.139648 -0.211914 -0.163086
v 0.180664 -0.211914 -0.155273
v 0.157227 -0.233398 -0.141602
v 0.180664 -0.235352 -0.155273
v 0.157227 -0.233398 -0.141602
v 0.180664 -0.211914 -0.155273
v 0.157227 -0.213867 -0.141602
v 0.170898 -0.178711 -0.137695
v 0.182617 -0.178711 -0.135742
v 0.170898 -0.178711 -0.141602
v 0.188477 -0.120117 -0.139648
v 0.182617 -0.178711 -0.127930
v 0.182617 -0.178711 -0.135742
v 0.182617 -0.178711 -0.135742
v 0.170898 -0.178711 -0.137695
v 0.174805 -0.120117 -0.141602
v 0.182617 -0.120117 -0.139648
v 0.188477 -0.120117 -0.139648
v 0.182617 -0.178711 -0.135742
v 0.182617 -0.178711 -0.135742
v 0.174805 -0.120117 -0.141602
v 0.182617 -0.120117 -0.139648
v 0.182617 -0.145508 -0.129883
v 0.176758 -0.178711 -0.127930
v 0.182617 -0.178711 -0.127930
v 0.182617 -0.178711 -0.127930
v 0.176758 -0.178711 -0.127930
v 0.178711 -0.174805 -0.092773
v 0.186523 -0.120117 -0.131836
v 0.182617 -0.145508 -0.129883
v 0.182617 -0.178711 -0.127930
v 0.182617 -0.178711 -0.127930
v 0.188477 -0.120117 -0.139648
v 0.186523 -0.120117 -0.131836
v 0.178711 -0.174805 -0.092773
v 0.188477 -0.174805 -0.079102
v 0.182617 -0.178711 -0.127930
v 0.176758 -0.178711 -0.127930
v 0.182617 -0.145508 -0.129883
v 0.174805 -0.145508 -0.127930
v 0.176758 -0.178711 -0.127930
v 0.180664 -0.143555 -0.131836
v 0.174805 -0.141602 -0.092773
v 0.176758 -0.178711 -0.127930
v 0.180664 -0.120117 -0.131836
v 0.170898 -0.174805 -0.092773
v 0.170898 -0.174805 -0.092773
v 0.178711 -0.174805 -0.092773
v 0.176758 -0.178711 -0.127930
v 0.174805 -0.141602 -0.092773
v 0.170898 -0.174805 -0.092773
v 0.176758 -0.178711 -0.127930
v 0.186523 -0.120117 -0.131836
v 0.182617 -0.141602 -0.129883
v 0.182617 -0.145508 -0.129883
v 0.182617 -0.145508 -0.129883
v 0.182617 -0.141602 -0.129883
v 0.180664 -0.141602 -0.114258
v 0.172852 -0.145508 -0.114258
v 0.174805 -0.145508 -0.127930
v 0.182617 -0.145508 -0.129883
v 0.180664 -0.141602 -0.114258
v 0.180664 -0.145508 -0.114258
v 0.182617 -0.145508 -0.129883
v 0.182617 -0.145508 -0.129883
v 0.180664 -0.145508 -0.114258
v 0.172852 -0.145508 -0.114258
v 0.180664 -0.120117 -0.131836
v 0.174805 -0.141602 -0.129883
v 0.182617 -0.141602 -0.129883
v 0.182617 -0.141602 -0.129883
v 0.174805 -0.141602 -0.129883
v 0.180664 -0.141602 -0.114258
v 0.182617 -0.141602 -0.129883
v 0.186523 -0.120117 -0.131836
v 0.180664 -0.120117 -0.131836
v 0.172852 -0.141602 -0.114258
v 0.180664 -0.141602 -0.114258
v 0.174805 -0.141602 -0.129883
v 0.202148 -0.100586 -0.202148
v 0.204102 -0.084961 -0.209961
v 0.200195 -0.065430 -0.188477
v 0.020508 -0.094727 -0.233398
v 0.204102 -0.084961 -0.209961
v 0.202148 -0.100586 -0.202148
v 0.202148 -0.100586 -0.202148
v 0.200195 -0.065430 -0.188477
v 0.186523 0.000977 -0.079102
v 0.202148 -0.100586 -0.202148
v 0.190430 -0.086914 -0.180664
v 0.020508 -0.108398 -0.223633
v 0.186523 0.000977 -0.079102
v 0.190430 -0.086914 -0.180664
v 0.202148 -0.100586 -0.202148
v 0.020508 -0.108398 -0.223633
v 0.020508 -0.094727 -0.233398
v 0.202148 -0.100586 -0.202148
v 0.204102 -0.086914 -0.211914
v 0.208008 -0.079102 -0.215820
v 0.208008 -0.086914 -0.209961
v 0.190430 -0.079102 -0.213867
v 0.208008 -0.079102 -0.215820
v 0.204102 -0.086914 -0.211914
v 0.204102 -0.086914 -0.211914
v 0.208008 -0.086914 -0.209961
v 0.202148 -0.069336 -0.186523
v 0.202148 -0.069336 -0.186523
v 0.208008 -0.086914 -0.209961
v 0.208008 -0.079102 -0.215820
v 0.208008 -0.079102 -0.215820
v 0.190430 -0.079102 -0.213867
v 0.192383 -0.073242 -0.215820
v 0.208008 -0.079102 -0.215820
v 0.192383 -0.073242 -0.215820
v 0.186523 -0.061523 -0.190430
v 0.186523 -0.061523 -0.190430
v 0.204102 -0.063477 -0.188477
v 0.208008 -0.079102 -0.215820
v 0.208008 -0.079102 -0.215820
v 0.204102 -0.063477 -0.188477
v 0.202148 -0.069336 -0.186523
v 0.204102 -0.084961 -0.209961
v 0.198242 -0.079102 -0.208008
v 0.200195 -0.065430 -0.188477
v 0.020508 -0.094727 -0.233398
v 0.198242 -0.079102 -0.208008
v 0.204102 -0.084961 -0.209961
v -0.032227 -0.071289 -0.213867
v 0.192383 -0.073242 -0.215820
v 0.190430 -0.079102 -0.213867
v 0.188477 0.014648 -0.084961
v 0.200195 -0.065430 -0.188477
v 0.198242 -0.079102 -0.208008
v 0.198242 -0.079102 -0.208008
v 0.020508 -0.094727 -0.233398
v 0.020508 -0.088867 -0.229492
v 0.198242 -0.079102 -0.208008
v 0.020508 -0.088867 -0.229492
v 0.178711 0.016602 -0.084961
v 0.178711 0.016602 -0.084961
v 0.188477 0.014648 -0.084961
v 0.198242 -0.079102 -0.208008
v -0.032227 -0.071289 -0.213867
v 0.186523 -0.061523 -0.190430
v 0.192383 -0.073242 -0.215820
v 0.204102 -0.063477 -0.190430
v 0.204102 -0.069336 -0.184570
v 0.202148 -0.069336 -0.186523
v 0.204102 -0.043945 -0.165039
v 0.204102 -0.069336 -0.184570
v 0.204102 -0.063477 -0.190430
v 0.204102 -0.063477 -0.190430
v 0.202148 -0.069336 -0.186523
v 0.200195 -0.069336 -0.186523
v 0.204102 -0.063477 -0.190430
v 0.200195 -0.069336 -0.186523
v 0.110352 -0.065430 -0.198242
v 0.204102 -0.063477 -0.190430
v 0.110352 -0.065430 -0.198242
v 0.110352 -0.055664 -0.202148
v 0.204102 -0.063477 -0.190430
v 0.110352 -0.055664 -0.202148
v 0.108398 -0.040039 -0.170898
v 0.200195 -0.065430 -0.188477
v 0.188477 0.014648 -0.084961
v 0.186523 0.000977 -0.079102
v 0.194336 -0.032227 -0.135742
v 0.202148 -0.069336 -0.186523
v 0.204102 -0.069336 -0.184570
v 0.204102 -0.069336 -0.184570
v 0.204102 -0.043945 -0.165039
v 0.194336 -0.032227 -0.135742
v 0.012695 -0.094727 -0.204102
v 0.020508 -0.108398 -0.223633
v 0.190430 -0.086914 -0.180664
v 0.190430 -0.086914 -0.180664
v 0.186523 0.000977 -0.079102
v 0.176758 0.004883 -0.069336
v 0.190430 -0.086914 -0.180664
v 0.176758 0.004883 -0.069336
v 0.163086 -0.084961 0.047852
v 0.176758 -0.108398 -0.147461
v 0.190430 -0.108398 -0.145508
v 0.190430 -0.120117 -0.143555
v 0.190430 -0.120117 -0.143555
v 0.190430 -0.108398 -0.145508
v 0.184570 -0.106445 -0.081055
v 0.190430 -0.120117 -0.143555
v 0.188477 -0.120117 -0.139648
v 0.182617 -0.120117 -0.139648
v 0.186523 -0.120117 -0.131836
v 0.188477 -0.120117 -0.139648
v 0.190430 -0.120117 -0.143555
v 0.174805 -0.120117 -0.141602
v 0.174805 -0.120117 -0.145508
v 0.190430 -0.120117 -0.143555
v 0.190430 -0.120117 -0.143555
v 0.174805 -0.120117 -0.145508
v 0.176758 -0.108398 -0.147461
v 0.182617 -0.120117 -0.139648
v 0.174805 -0.120117 -0.141602
v 0.190430 -0.120117 -0.143555
v 0.184570 -0.120117 -0.083008
v 0.186523 -0.120117 -0.131836
v 0.190430 -0.120117 -0.143555
v 0.184570 -0.106445 -0.081055
v 0.184570 -0.120117 -0.083008
v 0.190430 -0.120117 -0.143555
v 0.190430 -0.108398 -0.145508
v 0.176758 -0.108398 -0.147461
v 0.184570 -0.106445 -0.081055
v 0.204102 -0.043945 -0.165039
v 0.202148 -0.051758 -0.159180
v 0.200195 -0.049805 -0.159180
v 0.198242 -0.032227 -0.135742
v 0.202148 -0.051758 -0.159180
v 0.204102 -0.043945 -0.165039
v 0.204102 -0.043945 -0.165039
v 0.200195 -0.049805 -0.159180
v 0.188477 -0.043945 -0.163086
v 0.188477 -0.043945 -0.163086
v 0.188477 -0.038086 -0.166992
v 0.204102 -0.043945 -0.165039
v 0.204102 -0.043945 -0.165039
v 0.188477 -0.038086 -0.166992
v 0.198242 -0.026367 -0.139648
v 0.198242 -0.026367 -0.139648
v 0.198242 -0.032227 -0.135742
v 0.204102 -0.043945 -0.165039
v 0.196289 -0.028320 -0.137695
v 0.194336 -0.032227 -0.135742
v 0.204102 -0.043945 -0.165039
v 0.198242 -0.032227 -0.135742
v 0.200195 -0.049805 -0.159180
v 0.202148 -0.051758 -0.159180
v 0.200195 -0.049805 -0.159180
v 0.198242 -0.032227 -0.135742
v 0.194336 -0.032227 -0.135742
v 0.188477 -0.038086 -0.166992
v 0.188477 -0.043945 -0.163086
v 0.069336 -0.043945 -0.174805
v 0.184570 -0.024414 -0.139648
v 0.198242 -0.026367 -0.139648
v 0.188477 -0.038086 -0.166992
v 0.069336 -0.034180 -0.178711
v 0.184570 -0.024414 -0.139648
v 0.188477 -0.038086 -0.166992
v 0.188477 -0.038086 -0.166992
v 0.069336 -0.043945 -0.174805
v 0.069336 -0.034180 -0.178711
v 0.198242 -0.028320 -0.133789
v 0.202148 -0.022461 -0.137695
v 0.200195 -0.030273 -0.131836
v 0.186523 -0.022461 -0.135742
v 0.202148 -0.022461 -0.137695
v 0.198242 -0.028320 -0.133789
v 0.198242 -0.028320 -0.133789
v 0.200195 -0.030273 -0.131836
v 0.194336 -0.010742 -0.108398
v 0.194336 -0.010742 -0.108398
v 0.200195 -0.030273 -0.131836
v 0.202148 -0.022461 -0.137695
v 0.186523 -0.022461 -0.135742
v 0.186523 -0.016602 -0.139648
v 0.202148 -0.022461 -0.137695
v 0.202148 -0.022461 -0.137695
v 0.186523 -0.016602 -0.139648
v 0.182617 -0.002930 -0.112305
v 0.202148 -0.022461 -0.137695
v 0.194336 -0.004883 -0.112305
v 0.194336 -0.010742 -0.108398
v 0.182617 -0.002930 -0.112305
v 0.194336 -0.004883 -0.112305
v 0.202148 -0.022461 -0.137695
v 0.168945 -0.106445 -0.083008
v 0.184570 -0.106445 -0.081055
v 0.176758 -0.108398 -0.147461
v 0.182617 -0.120117 -0.094727
v 0.180664 -0.120117 -0.131836
v 0.186523 -0.120117 -0.131836
v 0.184570 -0.120117 -0.083008
v 0.182617 -0.120117 -0.094727
v 0.186523 -0.120117 -0.131836
v 0.174805 -0.120117 -0.096680
v 0.170898 -0.174805 -0.092773
v 0.180664 -0.120117 -0.131836
v 0.180664 -0.120117 -0.131836
v 0.182617 -0.120117 -0.094727
v 0.174805 -0.120117 -0.096680
v 0.184570 -0.024414 -0.139648
v 0.069336 -0.034180 -0.178711
v 0.067383 -0.020508 -0.149414
v 0.186523 -0.016602 -0.139648
v 0.186523 -0.022461 -0.135742
v 0.030273 -0.018555 -0.153320
v 0.186523 -0.016602 -0.139648
v 0.030273 -0.018555 -0.153320
v 0.182617 -0.002930 -0.112305
v 0.186523 -0.022461 -0.135742
v 0.030273 -0.026367 -0.149414
v 0.030273 -0.018555 -0.153320
v 0.018555 -0.239258 -0.247070
v 0.008789 -0.239258 -0.249023
v 0.016602 -0.245117 -0.233398
v 0.008789 -0.245117 -0.233398
v 0.016602 -0.245117 -0.233398
v 0.008789 -0.239258 -0.249023
v 0.016602 -0.245117 -0.233398
v 0.008789 -0.245117 -0.233398
v 0.016602 -0.245117 -0.188477
v 0.006836 -0.245117 -0.188477
v 0.016602 -0.245117 -0.188477
v 0.008789 -0.245117 -0.233398
v 0.008789 -0.127930 -0.233398
v 0.008789 -0.131836 -0.249023
v 0.018555 -0.131836 -0.247070
v 0.018555 -0.131836 -0.247070
v 0.016602 -0.127930 -0.233398
v 0.008789 -0.127930 -0.233398
v 0.006836 -0.127930 -0.215820
v 0.008789 -0.127930 -0.233398
v 0.016602 -0.127930 -0.233398
v 0.016602 -0.127930 -0.233398
v 0.016602 -0.127930 -0.215820
v 0.006836 -0.127930 -0.215820
v 0.020508 -0.120117 -0.215820
v 0.016602 -0.127930 -0.215820
v 0.016602 -0.127930 -0.233398
v 0.016602 -0.127930 -0.233398
v 0.022461 -0.120117 -0.235352
v 0.020508 -0.120117 -0.215820
v 0.008789 -0.127930 -0.233398
v 0.006836 -0.127930 -0.215820
v 0.002930 -0.120117 -0.235352
v 0.016602 -0.127930 -0.215820
v 0.018555 -0.131836 -0.213867
v 0.004883 -0.131836 -0.213867
v 0.020508 -0.120117 -0.215820
v 0.018555 -0.131836 -0.213867
v 0.016602 -0.127930 -0.215820
v 0.004883 -0.131836 -0.213867
v 0.006836 -0.127930 -0.215820
v 0.016602 -0.127930 -0.215820
v 0.004883 -0.131836 -0.202148
v 0.004883 -0.131836 -0.213867
v 0.018555 -0.131836 -0.213867
v 0.018555 -0.131836 -0.213867
v 0.018555 -0.131836 -0.202148
v 0.004883 -0.131836 -0.202148
v 0.024414 -0.120117 -0.213867
v 0.018555 -0.131836 -0.202148
v 0.018555 -0.131836 -0.213867
v 0.020508 -0.120117 -0.215820
v 0.024414 -0.120117 -0.213867
v 0.018555 -0.131836 -0.213867
v 0.006836 -0.127930 -0.215820
v 0.004883 -0.131836 -0.213867
v 0.002930 -0.120117 -0.215820
v 0.002930 -0.120117 -0.215820
v 0.002930 -0.120117 -0.235352
v 0.006836 -0.127930 -0.215820
v 0.004883 -0.131836 -0.213867
v 0.004883 -0.131836 -0.202148
v -0.000977 -0.120117 -0.213867
v -0.000977 -0.120117 -0.213867
v 0.002930 -0.120117 -0.215820
v 0.004883 -0.131836 -0.213867
v 0.018555 -0.131836 -0.202148
v 0.024414 -0.120117 -0.213867
v 0.024414 -0.120117 -0.202148
v -0.000977 -0.120117 -0.202148
v -0.000977 -0.120117 -0.213867
v 0.004883 -0.131836 -0.202148
v 0.096680 -0.084961 -0.221680
v 0.118164 -0.075195 -0.223633
v 0.118164 -0.083008 -0.219727
v 0.118164 -0.083008 -0.219727
v 0.118164 -0.075195 -0.223633
v 0.116211 -0.065430 -0.196289
v 0.118164 -0.075195 -0.223633
v 0.096680 -0.084961 -0.221680
v 0.096680 -0.077148 -0.225586
v 0.118164 -0.075195 -0.223633
v 0.096680 -0.077148 -0.225586
v 0.116211 -0.061523 -0.198242
v 0.116211 -0.061523 -0.198242
v 0.116211 -0.065430 -0.196289
v 0.118164 -0.075195 -0.223633
v 0.094727 -0.065430 -0.198242
v 0.096680 -0.077148 -0.225586
v 0.096680 -0.084961 -0.221680
v 0.096680 -0.077148 -0.225586
v 0.094727 -0.065430 -0.198242
v 0.116211 -0.061523 -0.198242
v 0.110352 -0.065430 -0.198242
v 0.106445 -0.065430 -0.196289
v 0.106445 -0.057617 -0.200195
v 0.106445 -0.057617 -0.200195
v 0.110352 -0.055664 -0.202148
v 0.110352 -0.065430 -0.198242
v 0.106445 -0.065430 -0.196289
v 0.086914 -0.067383 -0.198242
v 0.106445 -0.057617 -0.200195
v 0.086914 -0.067383 -0.198242
v 0.083008 -0.067383 -0.200195
v 0.083008 -0.057617 -0.204102
v 0.086914 -0.061523 -0.202148
v 0.106445 -0.057617 -0.200195
v 0.086914 -0.067383 -0.198242
v 0.086914 -0.067383 -0.198242
v 0.083008 -0.057617 -0.204102
v 0.086914 -0.061523 -0.202148
v 0.059570 -0.067383 -0.202148
v 0.083008 -0.057617 -0.204102
v 0.083008 -0.067383 -0.200195
v 0.110352 -0.055664 -0.202148
v 0.106445 -0.057617 -0.200195
v 0.106445 -0.041992 -0.168945
v 0.106445 -0.041992 -0.168945
v 0.108398 -0.040039 -0.170898
v 0.110352 -0.055664 -0.202148
v 0.106445 -0.057617 -0.200195
v 0.086914 -0.061523 -0.202148
v 0.106445 -0.041992 -0.168945
v 0.081055 -0.043945 -0.172852
v 0.086914 -0.061523 -0.202148
v 0.083008 -0.057617 -0.204102
v 0.083008 -0.057617 -0.204102
v 0.059570 -0.067383 -0.202148
v 0.059570 -0.059570 -0.206055
v 0.083008 -0.057617 -0.204102
v 0.059570 -0.059570 -0.206055
v 0.081055 -0.043945 -0.172852
v 0.084961 -0.043945 -0.172852
v 0.106445 -0.041992 -0.168945
v 0.086914 -0.061523 -0.202148
v 0.084961 -0.043945 -0.170898
v 0.084961 -0.043945 -0.172852
v 0.086914 -0.061523 -0.202148
v 0.086914 -0.061523 -0.202148
v 0.081055 -0.043945 -0.172852
v 0.084961 -0.043945 -0.170898
v 0.045898 -0.086914 -0.227539
v 0.059570 -0.079102 -0.231445
v 0.057617 -0.086914 -0.227539
v 0.057617 -0.086914 -0.227539
v 0.059570 -0.079102 -0.231445
v 0.055664 -0.067383 -0.202148
v 0.059570 -0.079102 -0.231445
v 0.045898 -0.086914 -0.227539
v 0.045898 -0.079102 -0.231445
v 0.059570 -0.079102 -0.231445
v 0.045898 -0.079102 -0.231445
v 0.055664 -0.067383 -0.202148
v -0.018555 -0.079102 -0.241211
v 0.045898 -0.079102 -0.231445
v 0.045898 -0.086914 -0.227539
v 0.045898 -0.086914 -0.227539
v -0.018555 -0.086914 -0.237305
v -0.018555 -0.079102 -0.241211
v 0.045898 -0.079102 -0.231445
v 0.043945 -0.069336 -0.204102
v 0.055664 -0.067383 -0.202148
v -0.020508 -0.067383 -0.215820
v 0.043945 -0.069336 -0.204102
v 0.045898 -0.079102 -0.231445
v 0.045898 -0.079102 -0.231445
v -0.018555 -0.079102 -0.241211
v -0.020508 -0.067383 -0.215820
v 0.022461 -0.120117 -0.235352
v 0.016602 -0.112305 -0.235352
v 0.020508 -0.120117 -0.215820
v 0.016602 -0.112305 -0.235352
v 0.008789 -0.112305 -0.235352
v 0.006836 -0.112305 -0.215820
v 0.016602 -0.112305 -0.215820
v 0.020508 -0.120117 -0.215820
v 0.016602 -0.112305 -0.235352
v 0.006836 -0.112305 -0.215820
v 0.016602 -0.112305 -0.215820
v 0.016602 -0.112305 -0.235352
v 0.008789 -0.112305 -0.235352
v 0.002930 -0.120117 -0.235352
v 0.006836 -0.112305 -0.215820
v 0.002930 -0.120117 -0.235352
v 0.002930 -0.120117 -0.215820
v 0.006836 -0.112305 -0.215820
v 0.020508 -0.094727 -0.233398
v 0.020508 -0.108398 -0.223633
v -0.100586 -0.096680 -0.243164
v -0.100586 -0.096680 -0.243164
v 0.020508 -0.088867 -0.229492
v 0.020508 -0.094727 -0.233398
v 0.020508 -0.108398 -0.223633
v 0.012695 -0.094727 -0.204102
v -0.153320 -0.094727 -0.215820
v -0.100586 -0.108398 -0.233398
v -0.100586 -0.096680 -0.243164
v 0.020508 -0.108398 -0.223633
v -0.153320 -0.094727 -0.215820
v -0.100586 -0.108398 -0.233398
v 0.020508 -0.108398 -0.223633
v 0.006836 0.008789 -0.102539
v 0.178711 0.016602 -0.084961
v 0.020508 -0.088867 -0.229492
v -0.100586 -0.088867 -0.239258
v 0.006836 0.008789 -0.102539
v 0.020508 -0.088867 -0.229492
v 0.020508 -0.088867 -0.229492
v -0.100586 -0.096680 -0.243164
v -0.100586 -0.088867 -0.239258
v -0.026367 -0.069336 -0.213867
v 0.059570 -0.059570 -0.206055
v 0.059570 -0.067383 -0.202148
v 0.024414 -0.120117 -0.213867
v 0.020508 -0.120117 -0.215820
v 0.018555 -0.108398 -0.213867
v 0.024414 -0.120117 -0.213867
v 0.018555 -0.108398 -0.213867
v 0.018555 -0.108398 -0.202148
v 0.018555 -0.108398 -0.202148
v 0.024414 -0.120117 -0.202148
v 0.024414 -0.120117 -0.213867
v 0.020508 -0.120117 -0.215820
v 0.016602 -0.112305 -0.215820
v 0.018555 -0.108398 -0.213867
v 0.004883 -0.108398 -0.213867
v 0.018555 -0.108398 -0.213867
v 0.016602 -0.112305 -0.215820
v 0.016602 -0.112305 -0.215820
v 0.006836 -0.112305 -0.215820
v 0.004883 -0.108398 -0.213867
v 0.018555 -0.108398 -0.213867
v 0.004883 -0.108398 -0.213867
v 0.004883 -0.108398 -0.202148
v 0.004883 -0.108398 -0.202148
v 0.018555 -0.108398 -0.202148
v 0.018555 -0.108398 -0.213867
v 0.004883 -0.108398 -0.213867
v 0.006836 -0.112305 -0.215820
v 0.002930 -0.120117 -0.215820
v -0.000977 -0.120117 -0.213867
v 0.004883 -0.108398 -0.213867
v 0.002930 -0.120117 -0.215820
v -0.000977 -0.120117 -0.202148
v 0.004883 -0.108398 -0.202148
v 0.004883 -0.108398 -0.213867
v 0.004883 -0.108398 -0.213867
v -0.000977 -0.120117 -0.213867
v -0.000977 -0.120117 -0.202148
v 0.012695 -0.094727 -0.204102
v -0.147461 -0.250977 -0.209961
v -0.153320 -0.094727 -0.215820
v 0.055664 -0.045898 -0.174805
v 0.081055 -0.043945 -0.172852
v 0.059570 -0.059570 -0.206055
v -0.028320 -0.047852 -0.182617
v 0.055664 -0.045898 -0.174805
v 0.059570 -0.059570 -0.206055
v -0.026367 -0.069336 -0.213867
v -0.026367 -0.063477 -0.217773
v 0.059570 -0.059570 -0.206055
v 0.059570 -0.059570 -0.206055
v -0.026367 -0.063477 -0.217773
v -0.028320 -0.047852 -0.182617
v 0.106445 -0.041992 -0.168945
v 0.108398 -0.041992 -0.168945
v 0.108398 -0.040039 -0.170898
v 0.067383 -0.038086 -0.174805
v 0.069336 -0.034180 -0.178711
v 0.069336 -0.043945 -0.174805
v 0.067383 -0.043945 -0.170898
v 0.067383 -0.038086 -0.174805
v 0.069336 -0.043945 -0.174805
v 0.069336 -0.034180 -0.178711
v 0.067383 -0.038086 -0.174805
v 0.065430 -0.024414 -0.147461
v 0.065430 -0.024414 -0.147461
v 0.067383 -0.020508 -0.149414
v 0.069336 -0.034180 -0.178711
v 0.067383 -0.038086 -0.174805
v 0.067383 -0.043945 -0.170898
v 0.047852 -0.040039 -0.176758
v 0.047852 -0.040039 -0.176758
v 0.065430 -0.024414 -0.147461
v 0.067383 -0.038086 -0.174805
v 0.047852 -0.045898 -0.172852
v 0.047852 -0.040039 -0.176758
v 0.067383 -0.043945 -0.170898
v 0.065430 -0.024414 -0.147461
v 0.067383 -0.024414 -0.147461
v 0.067383 -0.020508 -0.149414
v 0.065430 -0.024414 -0.147461
v 0.047852 -0.040039 -0.176758
v 0.045898 -0.024414 -0.149414
v 0.047852 -0.040039 -0.176758
v 0.047852 -0.045898 -0.172852
v 0.041992 -0.047852 -0.176758
v 0.047852 -0.040039 -0.176758
v 0.041992 -0.047852 -0.176758
v 0.041992 -0.038086 -0.180664
v 0.047852 -0.040039 -0.176758
v 0.041992 -0.038086 -0.180664
v 0.040039 -0.024414 -0.149414
v 0.040039 -0.024414 -0.149414
v 0.045898 -0.024414 -0.149414
v 0.047852 -0.040039 -0.176758
v -0.028320 -0.047852 -0.182617
v 0.041992 -0.038086 -0.180664
v 0.041992 -0.047852 -0.176758
v -0.030273 -0.040039 -0.182617
v 0.040039 -0.024414 -0.149414
v 0.041992 -0.038086 -0.180664
v 0.041992 -0.038086 -0.180664
v -0.028320 -0.047852 -0.182617
v -0.030273 -0.040039 -0.182617
v 0.040039 -0.024414 -0.149414
v -0.030273 -0.040039 -0.182617
v -0.032227 -0.024414 -0.157227
v 0.014648 -0.026367 -0.151367
v 0.030273 -0.018555 -0.153320
v 0.030273 -0.026367 -0.149414
v 0.030273 -0.018555 -0.153320
v 0.014648 -0.026367 -0.151367
v 0.014648 -0.018555 -0.155273
v 0.030273 -0.018555 -0.153320
v 0.014648 -0.018555 -0.155273
v 0.028320 -0.006836 -0.125977
v 0.030273 -0.018555 -0.153320
v 0.028320 -0.006836 -0.125977
v 0.182617 -0.002930 -0.112305
v -0.032227 -0.028320 -0.155273
v 0.014648 -0.018555 -0.155273
v 0.014648 -0.026367 -0.151367
v 0.012695 -0.008789 -0.127930
v 0.028320 -0.006836 -0.125977
v 0.014648 -0.018555 -0.155273
v -0.032227 -0.022461 -0.159180
v 0.012695 -0.008789 -0.127930
v 0.014648 -0.018555 -0.155273
v -0.032227 -0.028320 -0.155273
v -0.032227 -0.022461 -0.159180
v 0.014648 -0.018555 -0.155273
v 0.012695 -0.008789 -0.127930
v -0.032227 -0.022461 -0.159180
v -0.096680 -0.010742 -0.139648
v 0.165039 -0.188477 -0.083008
v 0.186523 -0.188477 -0.079102
v 0.188477 -0.174805 -0.079102
v 0.165039 -0.174805 -0.083008
v 0.165039 -0.188477 -0.083008
v 0.188477 -0.174805 -0.079102
v 0.188477 -0.174805 -0.079102
v 0.178711 -0.174805 -0.092773
v 0.176758 -0.174805 -0.084961
v 0.188477 -0.174805 -0.079102
v 0.176758 -0.174805 -0.084961
v 0.165039 -0.174805 -0.086914
v 0.188477 -0.174805 -0.079102
v 0.165039 -0.174805 -0.086914
v 0.165039 -0.174805 -0.083008
v 0.180664 -0.145508 -0.114258
v 0.180664 -0.141602 -0.114258
v 0.178711 -0.141602 -0.110352
v 0.172852 -0.145508 -0.112305
v 0.172852 -0.145508 -0.114258
v 0.180664 -0.145508 -0.114258
v 0.178711 -0.141602 -0.110352
v 0.178711 -0.145508 -0.110352
v 0.180664 -0.145508 -0.114258
v 0.180664 -0.145508 -0.114258
v 0.178711 -0.145508 -0.110352
v 0.172852 -0.145508 -0.112305
v 0.180664 -0.141602 -0.114258
v 0.172852 -0.141602 -0.114258
v 0.178711 -0.141602 -0.110352
v 0.174805 -0.141602 -0.112305
v 0.178711 -0.141602 -0.110352
v 0.172852 -0.141602 -0.114258
v 0.178711 -0.145508 -0.110352
v 0.178711 -0.141602 -0.110352
v 0.178711 -0.145508 -0.106445
v 0.178711 -0.145508 -0.106445
v 0.172852 -0.145508 -0.112305
v 0.178711 -0.145508 -0.110352
v 0.178711 -0.141602 -0.110352
v 0.174805 -0.141602 -0.112305
v 0.172852 -0.139648 -0.108398
v 0.180664 -0.139648 -0.106445
v 0.178711 -0.145508 -0.106445
v 0.178711 -0.141602 -0.110352
v 0.172852 -0.139648 -0.108398
v 0.180664 -0.139648 -0.106445
v 0.178711 -0.141602 -0.110352
v 0.172852 -0.145508 -0.112305
v 0.178711 -0.145508 -0.106445
v 0.172852 -0.145508 -0.108398
v 0.176758 -0.143555 -0.092773
v 0.172852 -0.145508 -0.108398
v 0.178711 -0.145508 -0.106445
v 0.178711 -0.145508 -0.106445
v 0.180664 -0.139648 -0.106445
v 0.176758 -0.143555 -0.092773
v 0.176758 -0.143555 -0.092773
v 0.170898 -0.143555 -0.094727
v 0.172852 -0.145508 -0.108398
v 0.180664 -0.139648 -0.106445
v 0.172852 -0.139648 -0.108398
v 0.170898 -0.139648 -0.094727
v 0.180664 -0.139648 -0.106445
v 0.170898 -0.139648 -0.094727
v 0.178711 -0.139648 -0.092773
v 0.178711 -0.139648 -0.092773
v 0.176758 -0.143555 -0.092773
v 0.180664 -0.139648 -0.106445
v 0.176758 -0.143555 -0.092773
v 0.170898 -0.174805 -0.092773
v 0.170898 -0.143555 -0.094727
v 0.174805 -0.120117 -0.096680
v 0.178711 -0.139648 -0.092773
v 0.170898 -0.139648 -0.094727
v 0.182617 -0.120117 -0.086914
v 0.176758 -0.174805 -0.084961
v 0.178711 -0.174805 -0.092773
v 0.178711 -0.174805 -0.092773
v 0.170898 -0.174805 -0.092773
v 0.176758 -0.143555 -0.092773
v 0.178711 -0.174805 -0.092773
v 0.176758 -0.143555 -0.092773
v 0.182617 -0.120117 -0.094727
v 0.178711 -0.174805 -0.092773
v 0.182617 -0.120117 -0.094727
v 0.182617 -0.120117 -0.086914
v 0.168945 -0.120117 -0.088867
v 0.165039 -0.174805 -0.086914
v 0.176758 -0.174805 -0.084961
v 0.176758 -0.174805 -0.084961
v 0.182617 -0.120117 -0.086914
v 0.168945 -0.120117 -0.088867
v 0.176758 -0.143555 -0.092773
v 0.178711 -0.139648 -0.092773
v 0.182617 -0.120117 -0.094727
v 0.174805 -0.120117 -0.096680
v 0.182617 -0.120117 -0.094727
v 0.178711 -0.139648 -0.092773
v 0.161133 -0.209961 -0.051758
v 0.176758 -0.198242 -0.047852
v 0.174805 -0.209961 -0.049805
v 0.174805 -0.209961 -0.049805
v 0.176758 -0.198242 -0.047852
v 0.168945 -0.204102 0.014648
v 0.159180 -0.209961 -0.047852
v 0.161133 -0.209961 -0.051758
v 0.174805 -0.209961 -0.049805
v 0.166992 -0.209961 -0.045898
v 0.159180 -0.209961 -0.047852
v 0.174805 -0.209961 -0.049805
v 0.174805 -0.209961 -0.049805
v 0.172852 -0.209961 -0.043945
v 0.166992 -0.209961 -0.045898
v 0.170898 -0.211914 -0.036133
v 0.172852 -0.209961 -0.043945
v 0.174805 -0.209961 -0.049805
v 0.168945 -0.215820 0.012695
v 0.170898 -0.211914 -0.036133
v 0.174805 -0.209961 -0.049805
v 0.168945 -0.204102 0.014648
v 0.168945 -0.215820 0.012695
v 0.174805 -0.209961 -0.049805
v 0.176758 -0.198242 -0.047852
v 0.161133 -0.209961 -0.051758
v 0.161133 -0.198242 -0.049805
v 0.176758 -0.198242 -0.047852
v 0.161133 -0.198242 -0.049805
v 0.153320 -0.202148 0.012695
v 0.153320 -0.202148 0.012695
v 0.168945 -0.204102 0.014648
v 0.176758 -0.198242 -0.047852
v 0.166992 -0.215820 0.000977
v 0.166992 -0.211914 -0.036133
v 0.170898 -0.211914 -0.036133
v 0.168945 -0.215820 0.012695
v 0.166992 -0.215820 0.000977
v 0.170898 -0.211914 -0.036133
v 0.166992 -0.215820 0.000977
v 0.159180 -0.213867 -0.000977
v 0.166992 -0.211914 -0.036133
v 0.196289 -0.002930 -0.114258
v 0.196289 -0.010742 -0.108398
v 0.186523 -0.002930 -0.112305
v 0.192383 0.010742 -0.083008
v 0.196289 -0.010742 -0.108398
v 0.196289 -0.002930 -0.114258
v 0.196289 -0.002930 -0.114258
v 0.186523 -0.002930 -0.112305
v 0.186523 0.000977 -0.114258
v 0.192383 0.016602 -0.084961
v 0.192383 0.010742 -0.083008
v 0.196289 -0.002930 -0.114258
v 0.186523 0.000977 -0.114258
v 0.192383 0.016602 -0.084961
v 0.196289 -0.002930 -0.114258
v 0.196289 -0.010742 -0.108398
v 0.192383 -0.010742 -0.108398
v 0.186523 -0.002930 -0.112305
v 0.192383 0.010742 -0.083008
v 0.192383 -0.010742 -0.108398
v 0.196289 -0.010742 -0.108398
v 0.192383 -0.010742 -0.108398
v 0.192383 0.010742 -0.083008
v 0.188477 0.010742 -0.083008
v 0.184570 -0.120117 -0.083008
v 0.182617 -0.120117 -0.086914
v 0.182617 -0.120117 -0.094727
v 0.182617 -0.120117 -0.086914
v 0.184570 -0.120117 -0.083008
v 0.168945 -0.120117 -0.088867
v 0.184570 -0.120117 -0.083008
v 0.184570 -0.106445 -0.081055
v 0.168945 -0.106445 -0.083008
v 0.168945 -0.118164 -0.084961
v 0.168945 -0.120117 -0.088867
v 0.184570 -0.120117 -0.083008
v 0.168945 -0.106445 -0.083008
v 0.168945 -0.118164 -0.084961
v 0.184570 -0.120117 -0.083008
v 0.176758 -0.069336 -0.090820
v 0.176758 -0.065430 -0.086914
v 0.174805 -0.077148 -0.083008
v 0.178711 -0.055664 -0.094727
v 0.176758 -0.065430 -0.086914
v 0.176758 -0.069336 -0.090820
v 0.176758 -0.069336 -0.090820
v 0.174805 -0.077148 -0.083008
v 0.168945 -0.069336 -0.092773
v 0.176758 -0.069336 -0.090820
v 0.168945 -0.069336 -0.092773
v 0.170898 -0.055664 -0.096680
v 0.170898 -0.055664 -0.096680
v 0.178711 -0.055664 -0.094727
v 0.176758 -0.069336 -0.090820
v 0.174805 -0.073242 -0.079102
v 0.174805 -0.077148 -0.083008
v 0.176758 -0.065430 -0.086914
v 0.165039 -0.077148 -0.071289
v 0.174805 -0.073242 -0.079102
v 0.176758 -0.065430 -0.086914
v 0.168945 -0.055664 -0.090820
v 0.165039 -0.077148 -0.071289
v 0.176758 -0.065430 -0.086914
v 0.176758 -0.065430 -0.086914
v 0.178711 -0.055664 -0.094727
v 0.176758 -0.055664 -0.090820
v 0.176758 -0.065430 -0.086914
v 0.176758 -0.055664 -0.090820
v 0.168945 -0.055664 -0.090820
v 0.174805 -0.077148 -0.083008
v 0.174805 -0.073242 -0.079102
v 0.172852 -0.077148 -0.069336
v 0.166992 -0.077148 -0.083008
v 0.168945 -0.069336 -0.092773
v 0.174805 -0.077148 -0.083008
v 0.165039 -0.081055 -0.071289
v 0.166992 -0.077148 -0.083008
v 0.174805 -0.077148 -0.083008
v 0.172852 -0.077148 -0.069336
v 0.172852 -0.081055 -0.069336
v 0.174805 -0.077148 -0.083008
v 0.174805 -0.077148 -0.083008
v 0.172852 -0.081055 -0.069336
v 0.165039 -0.081055 -0.071289
v 0.165039 -0.077148 -0.071289
v 0.172852 -0.077148 -0.069336
v 0.174805 -0.073242 -0.079102
v 0.172852 -0.081055 -0.069336
v 0.172852 -0.077148 -0.069336
v 0.172852 -0.077148 -0.057617
v 0.165039 -0.077148 -0.057617
v 0.165039 -0.081055 -0.071289
v 0.172852 -0.081055 -0.069336
v 0.172852 -0.081055 -0.069336
v 0.172852 -0.077148 -0.057617
v 0.165039 -0.077148 -0.057617
v 0.172852 -0.077148 -0.069336
v 0.165039 -0.077148 -0.071289
v 0.172852 -0.073242 -0.059570
v 0.172852 -0.077148 -0.069336
v 0.172852 -0.073242 -0.059570
v 0.172852 -0.077148 -0.057617
v 0.168945 -0.077148 -0.073242
v 0.163086 -0.077148 -0.073242
v 0.165039 -0.057617 -0.073242
v 0.170898 -0.057617 -0.067383
v 0.168945 -0.077148 -0.067383
v 0.168945 -0.077148 -0.073242
v 0.165039 -0.057617 -0.073242
v 0.170898 -0.057617 -0.073242
v 0.168945 -0.077148 -0.073242
v 0.168945 -0.077148 -0.073242
v 0.170898 -0.057617 -0.073242
v 0.170898 -0.057617 -0.067383
v 0.165039 -0.077148 -0.071289
v 0.168945 -0.055664 -0.090820
v 0.166992 -0.055664 -0.071289
v 0.165039 -0.077148 -0.071289
v 0.166992 -0.055664 -0.071289
v 0.165039 -0.055664 -0.049805
v 0.172852 -0.065430 -0.051758
v 0.172852 -0.073242 -0.059570
v 0.165039 -0.077148 -0.071289
v 0.165039 -0.055664 -0.049805
v 0.172852 -0.065430 -0.051758
v 0.165039 -0.077148 -0.071289
v 0.165039 -0.057617 -0.067383
v 0.161133 -0.077148 -0.067383
v 0.168945 -0.077148 -0.067383
v 0.168945 -0.077148 -0.067383
v 0.170898 -0.057617 -0.067383
v 0.165039 -0.057617 -0.067383
v 0.178711 -0.055664 -0.094727
v 0.170898 -0.055664 -0.096680
v 0.178711 -0.043945 -0.090820
v 0.178711 -0.045898 -0.086914
v 0.176758 -0.055664 -0.090820
v 0.178711 -0.055664 -0.094727
v 0.178711 -0.055664 -0.094727
v 0.178711 -0.043945 -0.090820
v 0.178711 -0.045898 -0.086914
v 0.170898 -0.043945 -0.092773
v 0.178711 -0.043945 -0.090820
v 0.170898 -0.055664 -0.096680
v -0.108398 -0.006836 -0.141602
v 0.186523 0.000977 -0.114258
v 0.186523 -0.002930 -0.112305
v -0.108398 -0.012695 -0.137695
v -0.108398 -0.006836 -0.141602
v 0.186523 -0.002930 -0.112305
v 0.176758 -0.055664 -0.090820
v 0.178711 -0.045898 -0.086914
v 0.168945 -0.055664 -0.090820
v 0.172852 -0.057617 -0.090820
v 0.172852 -0.053711 -0.090820
v 0.170898 -0.057617 -0.073242
v 0.165039 -0.057617 -0.073242
v 0.166992 -0.057617 -0.090820
v 0.172852 -0.057617 -0.090820
v 0.172852 -0.057617 -0.090820
v 0.170898 -0.057617 -0.073242
v 0.165039 -0.057617 -0.073242
v 0.172852 -0.053711 -0.090820
v 0.166992 -0.053711 -0.090820
v 0.170898 -0.053711 -0.073242
v 0.170898 -0.053711 -0.073242
v 0.170898 -0.057617 -0.073242
v 0.172852 -0.053711 -0.090820
v 0.178711 -0.034180 -0.083008
v 0.178711 -0.045898 -0.086914
v 0.178711 -0.043945 -0.090820
v 0.170898 -0.043945 -0.092773
v 0.178711 -0.034180 -0.083008
v 0.178711 -0.043945 -0.090820
v 0.178711 -0.045898 -0.086914
v 0.178711 -0.034180 -0.083008
v 0.178711 -0.038086 -0.079102
v 0.178711 -0.045898 -0.086914
v 0.178711 -0.038086 -0.079102
v 0.168945 -0.036133 -0.071289
v 0.168945 -0.036133 -0.071289
v 0.168945 -0.055664 -0.090820
v 0.178711 -0.045898 -0.086914
v 0.176758 -0.036133 -0.069336
v 0.178711 -0.038086 -0.079102
v 0.178711 -0.034180 -0.083008
v 0.178711 -0.034180 -0.083008
v 0.170898 -0.043945 -0.092773
v 0.170898 -0.034180 -0.083008
v 0.178711 -0.034180 -0.083008
v 0.170898 -0.034180 -0.083008
v 0.170898 -0.032227 -0.071289
v 0.176758 -0.032227 -0.069336
v 0.176758 -0.036133 -0.069336
v 0.178711 -0.034180 -0.083008
v 0.170898 -0.032227 -0.071289
v 0.176758 -0.032227 -0.069336
v 0.178711 -0.034180 -0.083008
v 0.178711 -0.038086 -0.079102
v 0.176758 -0.036133 -0.069336
v 0.168945 -0.036133 -0.071289
v 0.168945 -0.036133 -0.071289
v 0.166992 -0.055664 -0.071289
v 0.168945 -0.055664 -0.090820
v 0.165039 -0.053711 -0.073242
v 0.170898 -0.053711 -0.073242
v 0.166992 -0.053711 -0.090820
v 0.172852 -0.034180 -0.073242
v 0.172852 -0.034180 -0.067383
v 0.170898 -0.053711 -0.073242
v 0.172852 -0.034180 -0.073242
v 0.170898 -0.053711 -0.073242
v 0.165039 -0.053711 -0.073242
v 0.172852 -0.034180 -0.073242
v 0.165039 -0.053711 -0.073242
v 0.166992 -0.034180 -0.073242
v 0.176758 -0.036133 -0.069336
v 0.176758 -0.032227 -0.069336
v 0.176758 -0.034180 -0.057617
v 0.176758 -0.038086 -0.059570
v 0.168945 -0.036133 -0.071289
v 0.176758 -0.036133 -0.069336
v 0.176758 -0.034180 -0.057617
v 0.176758 -0.038086 -0.059570
v 0.176758 -0.036133 -0.069336
v 0.176758 -0.032227 -0.069336
v 0.170898 -0.032227 -0.071289
v 0.168945 -0.034180 -0.057617
v 0.168945 -0.034180 -0.057617
v 0.176758 -0.034180 -0.057617
v 0.176758 -0.032227 -0.069336
v 0.170898 -0.053711 -0.067383
v 0.170898 -0.053711 -0.073242
v 0.172852 -0.034180 -0.067383
v 0.166992 -0.034180 -0.067383
v 0.170898 -0.053711 -0.067383
v 0.172852 -0.034180 -0.067383
v 0.170898 -0.057617 -0.073242
v 0.170898 -0.053711 -0.073242
v 0.170898 -0.057617 -0.067383
v 0.166992 -0.055664 -0.071289
v 0.168945 -0.036133 -0.071289
v 0.165039 -0.055664 -0.049805
v 0.170898 -0.053711 -0.067383
v 0.170898 -0.057617 -0.067383
v 0.170898 -0.053711 -0.073242
v 0.163086 -0.057617 -0.049805
v 0.165039 -0.057617 -0.067383
v 0.170898 -0.057617 -0.067383
v 0.170898 -0.057617 -0.067383
v 0.170898 -0.053711 -0.067383
v 0.168945 -0.057617 -0.049805
v 0.170898 -0.057617 -0.067383
v 0.168945 -0.057617 -0.049805
v 0.163086 -0.057617 -0.049805
v 0.166992 -0.034180 -0.067383
v 0.165039 -0.053711 -0.067383
v 0.170898 -0.053711 -0.067383
v 0.170898 -0.053711 -0.067383
v 0.165039 -0.053711 -0.067383
v 0.168945 -0.053711 -0.049805
v 0.168945 -0.053711 -0.049805
v 0.168945 -0.057617 -0.049805
v 0.170898 -0.053711 -0.067383
v 0.163086 -0.053711 -0.049805
v 0.168945 -0.053711 -0.049805
v 0.165039 -0.053711 -0.067383
v 0.168945 -0.036133 -0.071289
v 0.176758 -0.038086 -0.059570
v 0.174805 -0.045898 -0.051758
v 0.168945 -0.036133 -0.071289
v 0.174805 -0.045898 -0.051758
v 0.165039 -0.055664 -0.049805
v 0.172852 -0.065430 -0.051758
v 0.172852 -0.077148 -0.057617
v 0.172852 -0.073242 -0.059570
v 0.172852 -0.077148 -0.057617
v 0.172852 -0.065430 -0.051758
v 0.172852 -0.069336 -0.047852
v 0.172852 -0.077148 -0.057617
v 0.172852 -0.069336 -0.047852
v 0.165039 -0.077148 -0.057617
v 0.172852 -0.055664 -0.045898
v 0.172852 -0.069336 -0.047852
v 0.172852 -0.065430 -0.051758
v 0.165039 -0.055664 -0.049805
v 0.172852 -0.055664 -0.049805
v 0.172852 -0.065430 -0.051758
v 0.172852 -0.065430 -0.051758
v 0.172852 -0.055664 -0.049805
v 0.172852 -0.055664 -0.045898
v 0.165039 -0.069336 -0.049805
v 0.165039 -0.077148 -0.057617
v 0.172852 -0.069336 -0.047852
v 0.172852 -0.055664 -0.045898
v 0.165039 -0.069336 -0.049805
v 0.172852 -0.069336 -0.047852
v 0.165039 -0.069336 -0.049805
v 0.172852 -0.055664 -0.045898
v 0.165039 -0.055664 -0.045898
v 0.165039 -0.055664 -0.049805
v 0.174805 -0.045898 -0.051758
v 0.172852 -0.055664 -0.049805
v 0.172852 -0.055664 -0.049805
v 0.174805 -0.045898 -0.051758
v 0.172852 -0.055664 -0.045898
v 0.176758 -0.038086 -0.059570
v 0.176758 -0.034180 -0.057617
v 0.174805 -0.045898 -0.051758
v 0.174805 -0.043945 -0.047852
v 0.174805 -0.045898 -0.051758
v 0.176758 -0.034180 -0.057617
v 0.168945 -0.034180 -0.057617
v 0.174805 -0.043945 -0.047852
v 0.176758 -0.034180 -0.057617
v 0.174805 -0.045898 -0.051758
v 0.174805 -0.043945 -0.047852
v 0.172852 -0.055664 -0.045898
v 0.174805 -0.043945 -0.047852
v 0.168945 -0.034180 -0.057617
v 0.166992 -0.043945 -0.049805
v 0.174805 -0.043945 -0.047852
v 0.166992 -0.043945 -0.049805
v 0.172852 -0.055664 -0.045898
v 0.165039 -0.055664 -0.045898
v 0.172852 -0.055664 -0.045898
v 0.166992 -0.043945 -0.049805
v 0.182617 0.014648 -0.084961
v 0.188477 0.010742 -0.083008
v 0.192383 0.010742 -0.083008
v 0.192383 0.010742 -0.083008
v 0.192383 0.016602 -0.084961
v 0.182617 0.014648 -0.084961
v 0.188477 0.014648 -0.084961
v 0.192383 0.028320 -0.084961
v 0.192383 0.002930 -0.077148
v 0.178711 0.016602 -0.084961
v 0.192383 0.028320 -0.084961
v 0.188477 0.014648 -0.084961
v 0.188477 0.014648 -0.084961
v 0.192383 0.002930 -0.077148
v 0.186523 0.000977 -0.079102
v 0.192383 0.016602 -0.084961
v 0.186523 0.000977 -0.114258
v -0.110352 0.010742 -0.116211
v -0.110352 0.006836 -0.114258
v 0.182617 0.014648 -0.084961
v 0.192383 0.016602 -0.084961
v -0.110352 0.010742 -0.116211
v -0.110352 0.006836 -0.114258
v 0.192383 0.016602 -0.084961
v 0.190430 0.006836 -0.067383
v 0.192383 0.002930 -0.077148
v 0.192383 0.028320 -0.084961
v 0.190430 0.038086 -0.067383
v 0.190430 0.006836 -0.067383
v 0.192383 0.028320 -0.084961
v 0.006836 0.014648 -0.102539
v 0.190430 0.038086 -0.067383
v 0.192383 0.028320 -0.084961
v 0.192383 0.028320 -0.084961
v 0.178711 0.016602 -0.084961
v 0.006836 0.008789 -0.102539
v 0.192383 0.028320 -0.084961
v 0.006836 0.008789 -0.102539
v 0.006836 0.014648 -0.102539
v 0.192383 0.002930 -0.077148
v 0.190430 0.006836 -0.067383
v 0.186523 0.000977 -0.079102
v 0.190430 0.006836 -0.067383
v 0.190430 0.038086 -0.067383
v 0.188477 0.028320 -0.051758
v 0.186523 0.006836 -0.069336
v 0.186523 0.000977 -0.079102
v 0.190430 0.006836 -0.067383
v 0.190430 0.002930 -0.057617
v 0.186523 0.006836 -0.069336
v 0.190430 0.006836 -0.067383
v 0.188477 0.028320 -0.051758
v 0.190430 0.002930 -0.057617
v 0.190430 0.006836 -0.067383
v 0.002930 0.014648 -0.071289
v 0.188477 0.028320 -0.051758
v 0.190430 0.038086 -0.067383
v 0.190430 0.038086 -0.067383
v 0.006836 0.014648 -0.102539
v 0.004883 0.022461 -0.086914
v 0.190430 0.038086 -0.067383
v 0.004883 0.022461 -0.086914
v 0.002930 0.014648 -0.071289
v 0.186523 0.000977 -0.114258
v -0.108398 -0.006836 -0.141602
v -0.110352 0.010742 -0.116211
v 0.186523 0.000977 -0.079102
v 0.186523 0.006836 -0.069336
v 0.176758 0.004883 -0.069336
v 0.163086 -0.084961 0.047852
v 0.176758 0.004883 -0.069336
v 0.186523 0.006836 -0.069336
v 0.186523 0.006836 -0.069336
v 0.190430 0.002930 -0.057617
v 0.184570 0.000977 -0.057617
v 0.186523 0.006836 -0.069336
v 0.184570 0.000977 -0.057617
v 0.163086 -0.084961 0.047852
v 0.190430 0.002930 -0.057617
v 0.188477 0.028320 -0.051758
v 0.184570 0.012695 -0.053711
v 0.184570 0.012695 -0.053711
v 0.184570 0.000977 -0.057617
v 0.190430 0.002930 -0.057617
v 0.180664 0.016602 -0.053711
v 0.184570 0.012695 -0.053711
v 0.188477 0.028320 -0.051758
v 0.002930 0.014648 -0.071289
v 0.180664 0.016602 -0.053711
v 0.188477 0.028320 -0.051758
v 0.184570 0.000977 -0.057617
v 0.184570 0.012695 -0.053711
v 0.172852 -0.084961 0.079102
v 0.172852 -0.098633 0.069336
v 0.163086 -0.084961 0.047852
v 0.184570 0.000977 -0.057617
v 0.172852 -0.084961 0.079102
v 0.172852 -0.098633 0.069336
v 0.184570 0.000977 -0.057617
v 0.184570 0.012695 -0.053711
v 0.180664 0.016602 -0.053711
v 0.172852 -0.084961 0.079102
v 0.002930 0.014648 -0.071289
v 0.002930 0.008789 -0.071289
v 0.180664 0.016602 -0.053711
v 0.180664 0.016602 -0.053711
v 0.002930 0.008789 -0.071289
v 0.166992 -0.077148 0.073242
v 0.180664 0.016602 -0.053711
v 0.166992 -0.077148 0.073242
v 0.172852 -0.084961 0.079102
v -0.114258 0.016602 -0.114258
v 0.006836 0.014648 -0.102539
v 0.006836 0.008789 -0.102539
v 0.006836 0.008789 -0.102539
v -0.100586 -0.088867 -0.239258
v -0.114258 0.006836 -0.114258
v 0.006836 0.008789 -0.102539
v -0.114258 0.006836 -0.114258
v -0.114258 0.016602 -0.114258
v -0.116211 0.024414 -0.098633
v 0.004883 0.022461 -0.086914
v 0.006836 0.014648 -0.102539
v 0.006836 0.014648 -0.102539
v -0.114258 0.016602 -0.114258
v -0.116211 0.024414 -0.098633
v -0.118164 0.016602 -0.083008
v 0.002930 0.014648 -0.071289
v 0.004883 0.022461 -0.086914
v 0.004883 0.022461 -0.086914
v -0.116211 0.024414 -0.098633
v -0.118164 0.016602 -0.083008
v 0.002930 0.008789 -0.071289
v 0.002930 0.014648 -0.071289
v -0.174805 0.008789 -0.088867
v 0.002930 0.008789 -0.071289
v -0.174805 0.008789 -0.088867
v -0.188477 -0.084961 0.038086
v -0.010742 -0.086914 0.059570
v 0.166992 -0.077148 0.073242
v 0.002930 0.008789 -0.071289
v -0.188477 -0.084961 0.038086
v -0.010742 -0.086914 0.059570
v 0.002930 0.008789 -0.071289
v 0.002930 0.014648 -0.071289
v -0.118164 0.016602 -0.083008
v -0.174805 0.008789 -0.088867
v -0.008789 -0.495117 -0.389648
v -0.006836 -0.489258 -0.409180
v -0.006836 -0.495117 -0.409180
v -0.008789 -0.489258 -0.389648
v -0.002930 -0.485352 -0.405273
v -0.006836 -0.489258 -0.409180
v -0.006836 -0.489258 -0.409180
v -0.008789 -0.495117 -0.389648
v -0.008789 -0.489258 -0.389648
v -0.059570 -0.477539 -0.409180
v -0.055664 -0.483398 -0.391602
v -0.067383 -0.487305 -0.405273
v -0.067383 -0.487305 -0.405273
v -0.063477 -0.463867 -0.418945
v -0.059570 -0.477539 -0.409180
v -0.008789 -0.489258 -0.389648
v -0.002930 -0.485352 -0.393555
v -0.002930 -0.485352 -0.405273
v -0.002930 -0.485352 -0.405273
v -0.002930 -0.485352 -0.393555
v -0.002930 -0.459961 -0.405273
v -0.002930 -0.463867 -0.393555
v -0.002930 -0.459961 -0.405273
v -0.002930 -0.485352 -0.393555
v -0.002930 -0.459961 -0.405273
v -0.002930 -0.463867 -0.393555
v -0.006836 -0.452148 -0.391602
v -0.006836 -0.452148 -0.391602
v -0.002930 -0.446289 -0.395508
v -0.002930 -0.459961 -0.405273
v -0.002930 -0.458008 -0.389648
v -0.006836 -0.452148 -0.391602
v -0.002930 -0.463867 -0.393555
v -0.002930 -0.446289 -0.395508
v -0.006836 -0.452148 -0.391602
v -0.006836 -0.444336 -0.346680
v -0.006836 -0.452148 -0.391602
v -0.002930 -0.458008 -0.389648
v -0.006836 -0.458008 -0.346680
v -0.006836 -0.452148 -0.391602
v -0.006836 -0.458008 -0.346680
v -0.010742 -0.452148 -0.346680
v -0.010742 -0.452148 -0.346680
v -0.006836 -0.444336 -0.346680
v -0.006836 -0.452148 -0.391602
v -0.045898 -0.477539 -0.399414
v -0.043945 -0.473633 -0.391602
v -0.053711 -0.485352 -0.389648
v -0.053711 -0.485352 -0.389648
v -0.053711 -0.485352 -0.401367
v -0.045898 -0.477539 -0.399414
v -0.061523 -0.499023 -0.393555
v -0.059570 -0.499023 -0.399414
v -0.053711 -0.485352 -0.401367
v -0.053711 -0.485352 -0.389648
v -0.061523 -0.499023 -0.393555
v -0.053711 -0.485352 -0.401367
v -0.063477 -0.499023 -0.397461
v -0.055664 -0.483398 -0.391602
v -0.061523 -0.499023 -0.393555
v -0.063477 -0.499023 -0.397461
v -0.067383 -0.487305 -0.405273
v -0.055664 -0.483398 -0.391602
v -0.055664 -0.483398 -0.391602
v -0.063477 -0.499023 -0.397461
v -0.069336 -0.481445 -0.401367
v -0.067383 -0.473633 -0.387695
v -0.059570 -0.461914 -0.381836
v -0.059570 -0.473633 -0.391602
v -0.069336 -0.481445 -0.401367
v -0.071289 -0.487305 -0.393555
v -0.059570 -0.473633 -0.391602
v -0.059570 -0.473633 -0.391602
v -0.071289 -0.487305 -0.393555
v -0.067383 -0.473633 -0.387695
v -0.069336 -0.473633 -0.416992
v -0.063477 -0.463867 -0.418945
v -0.067383 -0.487305 -0.405273
v -0.071289 -0.483398 -0.405273
v -0.071289 -0.487305 -0.393555
v -0.079102 -0.467773 -0.407227
v -0.079102 -0.467773 -0.407227
v -0.071289 -0.487305 -0.393555
v -0.077148 -0.475586 -0.397461
v -0.065430 -0.499023 -0.403320
v -0.069336 -0.499023 -0.395508
v -0.071289 -0.483398 -0.405273
v -0.063477 -0.499023 -0.397461
v -0.069336 -0.499023 -0.395508
v -0.071289 -0.487305 -0.393555
v -0.063477 -0.499023 -0.397461
v -0.071289 -0.487305 -0.393555
v -0.069336 -0.481445 -0.401367
v -0.069336 -0.499023 -0.395508
v -0.071289 -0.487305 -0.393555
v -0.071289 -0.483398 -0.405273
v -0.155273 -0.499023 -0.446289
v -0.155273 -0.487305 -0.315430
v -0.260742 -0.499023 -0.360352
v -0.006836 -0.458008 -0.346680
v -0.008789 -0.463867 -0.344727
v -0.010742 -0.452148 -0.346680
v -0.014648 -0.452148 -0.344727
v -0.010742 -0.452148 -0.346680
v -0.008789 -0.463867 -0.344727
v -0.010742 -0.463867 -0.333008
v -0.014648 -0.452148 -0.344727
v -0.008789 -0.463867 -0.344727
v -0.006836 -0.444336 -0.346680
v -0.010742 -0.452148 -0.346680
v -0.008789 -0.440430 -0.344727
v -0.010742 -0.452148 -0.346680
v -0.014648 -0.452148 -0.344727
v -0.008789 -0.440430 -0.344727
v -0.010742 -0.440430 -0.333008
v -0.008789 -0.440430 -0.344727
v -0.014648 -0.452148 -0.344727
v -0.014648 -0.452148 -0.344727
v -0.010742 -0.463867 -0.333008
v -0.016602 -0.452148 -0.334961
v -0.016602 -0.452148 -0.334961
v -0.010742 -0.440430 -0.333008
v -0.014648 -0.452148 -0.344727
v -0.022461 -0.454102 -0.331055
v -0.022461 -0.454102 -0.321289
v -0.020508 -0.393555 -0.331055
v -0.022461 -0.393555 -0.323242
v -0.020508 -0.393555 -0.331055
v -0.022461 -0.454102 -0.321289
v -0.024414 -0.393555 -0.321289
v -0.024414 -0.393555 -0.334961
v -0.020508 -0.393555 -0.331055
v -0.020508 -0.393555 -0.331055
v -0.022461 -0.393555 -0.323242
v -0.024414 -0.393555 -0.321289
v -0.024414 -0.385742 -0.321289
v -0.022461 -0.385742 -0.334961
v -0.024414 -0.393555 -0.334961
v -0.024414 -0.393555 -0.334961
v -0.024414 -0.393555 -0.321289
v -0.024414 -0.385742 -0.321289
v -0.040039 -0.434570 -0.336914
v -0.040039 -0.424805 -0.336914
v -0.040039 -0.434570 -0.319336
v -0.094727 -0.434570 -0.336914
v -0.040039 -0.424805 -0.336914
v -0.040039 -0.434570 -0.336914
v -0.040039 -0.434570 -0.336914
v -0.040039 -0.434570 -0.319336
v -0.094727 -0.434570 -0.336914
v -0.040039 -0.424805 -0.336914
v -0.045898 -0.424805 -0.327148
v -0.040039 -0.424805 -0.319336
v -0.051758 -0.424805 -0.327148
v -0.045898 -0.424805 -0.327148
v -0.040039 -0.424805 -0.336914
v -0.040039 -0.424805 -0.319336
v -0.040039 -0.434570 -0.319336
v -0.040039 -0.424805 -0.336914
v -0.086914 -0.424805 -0.329102
v -0.051758 -0.424805 -0.327148
v -0.040039 -0.424805 -0.336914
v -0.094727 -0.424805 -0.336914
v -0.086914 -0.424805 -0.329102
v -0.040039 -0.424805 -0.336914
v -0.040039 -0.424805 -0.336914
v -0.094727 -0.434570 -0.336914
v -0.094727 -0.424805 -0.336914
v -0.047852 -0.385742 -0.319336
v -0.040039 -0.424805 -0.319336
v -0.045898 -0.424805 -0.327148
v -0.045898 -0.424805 -0.327148
v -0.051758 -0.424805 -0.327148
v -0.049805 -0.385742 -0.327148
v -0.045898 -0.424805 -0.327148
v -0.049805 -0.385742 -0.327148
v -0.047852 -0.385742 -0.319336
v -0.094727 -0.434570 -0.319336
v -0.094727 -0.434570 -0.336914
v -0.040039 -0.434570 -0.319336
v -0.051758 -0.424805 -0.327148
v -0.051758 -0.424805 -0.325195
v -0.053711 -0.385742 -0.323242
v -0.086914 -0.424805 -0.329102
v -0.051758 -0.424805 -0.325195
v -0.051758 -0.424805 -0.327148
v -0.053711 -0.385742 -0.327148
v -0.049805 -0.385742 -0.327148
v -0.051758 -0.424805 -0.327148
v -0.053711 -0.385742 -0.323242
v -0.053711 -0.385742 -0.327148
v -0.051758 -0.424805 -0.327148
v -0.086914 -0.424805 -0.329102
v -0.053711 -0.385742 -0.323242
v -0.051758 -0.424805 -0.325195
v -0.047852 -0.385742 -0.329102
v -0.047852 -0.377930 -0.329102
v -0.047852 -0.385742 -0.319336
v -0.094727 -0.377930 -0.331055
v -0.047852 -0.377930 -0.329102
v -0.047852 -0.385742 -0.329102
v -0.047852 -0.385742 -0.329102
v -0.049805 -0.385742 -0.327148
v -0.053711 -0.385742 -0.327148
v -0.047852 -0.385742 -0.319336
v -0.049805 -0.385742 -0.327148
v -0.047852 -0.385742 -0.329102
v -0.047852 -0.385742 -0.329102
v -0.053711 -0.385742 -0.327148
v -0.086914 -0.385742 -0.329102
v -0.047852 -0.385742 -0.329102
v -0.086914 -0.385742 -0.329102
v -0.094727 -0.385742 -0.331055
v -0.047852 -0.385742 -0.329102
v -0.094727 -0.385742 -0.331055
v -0.094727 -0.377930 -0.331055
v -0.047852 -0.377930 -0.319336
v -0.047852 -0.385742 -0.319336
v -0.047852 -0.377930 -0.329102
v -0.094727 -0.377930 -0.319336
v -0.047852 -0.377930 -0.319336
v -0.047852 -0.377930 -0.329102
v -0.047852 -0.377930 -0.329102
v -0.094727 -0.377930 -0.331055
v -0.094727 -0.377930 -0.319336
v -0.053711 -0.385742 -0.327148
v -0.053711 -0.385742 -0.323242
v -0.086914 -0.385742 -0.329102
v -0.053711 -0.385742 -0.323242
v -0.086914 -0.424805 -0.329102
v -0.086914 -0.385742 -0.329102
v -0.120117 -0.446289 -0.286133
v -0.102539 -0.444336 -0.323242
v -0.106445 -0.467773 -0.323242
v -0.106445 -0.467773 -0.323242
v -0.120117 -0.461914 -0.286133
v -0.120117 -0.446289 -0.286133
v -0.131836 -0.465820 -0.323242
v -0.120117 -0.461914 -0.286133
v -0.106445 -0.467773 -0.323242
v -0.106445 -0.467773 -0.323242
v -0.131836 -0.489258 -0.323242
v -0.131836 -0.465820 -0.323242
v -0.102539 -0.444336 -0.323242
v -0.120117 -0.446289 -0.286133
v -0.129883 -0.444336 -0.325195
v -0.129883 -0.444336 -0.325195
v -0.124023 -0.358398 -0.327148
v -0.102539 -0.444336 -0.323242
v -0.092773 -0.385742 -0.329102
v -0.086914 -0.385742 -0.329102
v -0.086914 -0.424805 -0.329102
v -0.094727 -0.424805 -0.319336
v -0.092773 -0.385742 -0.329102
v -0.086914 -0.424805 -0.329102
v -0.086914 -0.424805 -0.329102
v -0.094727 -0.424805 -0.336914
v -0.094727 -0.424805 -0.319336
v -0.086914 -0.385742 -0.329102
v -0.092773 -0.385742 -0.329102
v -0.094727 -0.385742 -0.331055
v -0.094727 -0.424805 -0.319336
v -0.092773 -0.385742 -0.319336
v -0.092773 -0.385742 -0.329102
v -0.092773 -0.385742 -0.329102
v -0.092773 -0.385742 -0.319336
v -0.094727 -0.385742 -0.319336
v -0.094727 -0.385742 -0.319336
v -0.094727 -0.385742 -0.331055
v -0.092773 -0.385742 -0.329102
v -0.094727 -0.424805 -0.319336
v -0.094727 -0.424805 -0.336914
v -0.094727 -0.434570 -0.336914
v -0.094727 -0.434570 -0.336914
v -0.094727 -0.434570 -0.319336
v -0.094727 -0.424805 -0.319336
v -0.094727 -0.385742 -0.319336
v -0.094727 -0.377930 -0.331055
v -0.094727 -0.385742 -0.331055
v -0.094727 -0.377930 -0.331055
v -0.094727 -0.385742 -0.319336
v -0.094727 -0.377930 -0.319336
v -0.131836 -0.465820 -0.323242
v -0.120117 -0.446289 -0.286133
v -0.120117 -0.461914 -0.286133
v -0.120117 -0.446289 -0.286133
v -0.131836 -0.465820 -0.323242
v -0.129883 -0.444336 -0.325195
v -0.139648 -0.424805 -0.293945
v -0.122070 -0.426758 -0.290039
v -0.122070 -0.436523 -0.290039
v -0.122070 -0.436523 -0.290039
v -0.139648 -0.436523 -0.291992
v -0.139648 -0.424805 -0.293945
v -0.127930 -0.428711 -0.237305
v -0.139648 -0.436523 -0.291992
v -0.122070 -0.436523 -0.290039
v -0.129883 -0.381836 -0.295898
v -0.120117 -0.383789 -0.293945
v -0.122070 -0.426758 -0.290039
v -0.122070 -0.426758 -0.290039
v -0.139648 -0.424805 -0.293945
v -0.131836 -0.424805 -0.282227
v -0.122070 -0.426758 -0.290039
v -0.131836 -0.424805 -0.282227
v -0.129883 -0.381836 -0.295898
v -0.131836 -0.381836 -0.297852
v -0.118164 -0.375977 -0.295898
v -0.120117 -0.383789 -0.293945
v -0.129883 -0.381836 -0.295898
v -0.131836 -0.381836 -0.297852
v -0.120117 -0.383789 -0.293945
v -0.118164 -0.375977 -0.295898
v -0.131836 -0.381836 -0.297852
v -0.129883 -0.374023 -0.297852
v -0.118164 -0.375977 -0.295898
v -0.129883 -0.374023 -0.297852
v -0.124023 -0.366211 -0.247070
v -0.059570 -0.350586 -0.346680
v -0.059570 -0.344727 -0.350586
v -0.045898 -0.350586 -0.346680
v -0.045898 -0.350586 -0.346680
v -0.059570 -0.344727 -0.350586
v -0.045898 -0.340820 -0.352539
v -0.045898 -0.350586 -0.346680
v -0.045898 -0.340820 -0.352539
v -0.047852 -0.336914 -0.321289
v -0.086914 -0.342773 -0.354492
v -0.061523 -0.344727 -0.350586
v -0.061523 -0.352539 -0.346680
v -0.061523 -0.352539 -0.346680
v -0.061523 -0.344727 -0.350586
v -0.063477 -0.338867 -0.323242
v -0.061523 -0.352539 -0.346680
v -0.086914 -0.350586 -0.350586
v -0.086914 -0.342773 -0.354492
v -0.063477 -0.338867 -0.323242
v -0.086914 -0.350586 -0.350586
v -0.061523 -0.352539 -0.346680
v -0.059570 -0.344727 -0.350586
v -0.059570 -0.350586 -0.346680
v -0.061523 -0.334961 -0.325195
v -0.047852 -0.331055 -0.325195
v -0.045898 -0.340820 -0.352539
v -0.059570 -0.344727 -0.350586
v -0.061523 -0.334961 -0.325195
v -0.047852 -0.331055 -0.325195
v -0.059570 -0.344727 -0.350586
v -0.086914 -0.342773 -0.354492
v -0.061523 -0.334961 -0.325195
v -0.061523 -0.344727 -0.350586
v -0.061523 -0.344727 -0.350586
v -0.061523 -0.334961 -0.325195
v -0.063477 -0.338867 -0.323242
v -0.059570 -0.350586 -0.346680
v -0.061523 -0.336914 -0.323242
v -0.061523 -0.334961 -0.325195
v -0.047852 -0.331055 -0.325195
v -0.047852 -0.336914 -0.321289
v -0.045898 -0.340820 -0.352539
v -0.053711 -0.333008 -0.323242
v -0.053711 -0.336914 -0.321289
v -0.047852 -0.336914 -0.321289
v -0.047852 -0.336914 -0.321289
v -0.047852 -0.331055 -0.325195
v -0.053711 -0.333008 -0.323242
v -0.053711 -0.336914 -0.321289
v -0.053711 -0.333008 -0.323242
v -0.061523 -0.276367 -0.194336
v -0.053711 -0.336914 -0.321289
v -0.061523 -0.276367 -0.194336
v -0.063477 -0.276367 -0.194336
v -0.061523 -0.334961 -0.325195
v -0.053711 -0.333008 -0.323242
v -0.047852 -0.331055 -0.325195
v -0.053711 -0.333008 -0.323242
v -0.061523 -0.334961 -0.325195
v -0.069336 -0.276367 -0.194336
v -0.061523 -0.272461 -0.194336
v -0.061523 -0.276367 -0.194336
v -0.053711 -0.333008 -0.323242
v -0.069336 -0.276367 -0.194336
v -0.061523 -0.272461 -0.194336
v -0.053711 -0.333008 -0.323242
v -0.069336 -0.276367 -0.194336
v -0.061523 -0.334961 -0.325195
v -0.061523 -0.336914 -0.323242
v -0.061523 -0.334961 -0.325195
v -0.086914 -0.342773 -0.354492
v -0.086914 -0.331055 -0.329102
v -0.061523 -0.334961 -0.325195
v -0.086914 -0.331055 -0.329102
v -0.088867 -0.336914 -0.325195
v -0.088867 -0.336914 -0.325195
v -0.063477 -0.338867 -0.323242
v -0.061523 -0.334961 -0.325195
v -0.086914 -0.331055 -0.329102
v -0.086914 -0.342773 -0.354492
v -0.086914 -0.350586 -0.350586
v -0.088867 -0.336914 -0.325195
v -0.086914 -0.331055 -0.329102
v -0.086914 -0.350586 -0.350586
v -0.086914 -0.350586 -0.350586
v -0.063477 -0.338867 -0.323242
v -0.088867 -0.336914 -0.325195
v -0.124023 -0.358398 -0.327148
v -0.129883 -0.444336 -0.325195
v -0.131836 -0.297852 -0.202148
v -0.149414 -0.299805 -0.209961
v -0.135742 -0.364258 -0.342773
v -0.124023 -0.358398 -0.327148
v -0.131836 -0.297852 -0.202148
v -0.149414 -0.299805 -0.209961
v -0.124023 -0.358398 -0.327148
v -0.018555 -0.329102 -0.303711
v -0.028320 -0.319336 -0.282227
v -0.012695 -0.301758 -0.309570
v -0.020508 -0.293945 -0.291992
v -0.012695 -0.301758 -0.309570
v -0.028320 -0.319336 -0.282227
v -0.012695 -0.288086 -0.274414
v -0.020508 -0.293945 -0.291992
v -0.028320 -0.319336 -0.282227
v -0.018555 -0.309570 -0.258789
v -0.012695 -0.288086 -0.274414
v -0.028320 -0.319336 -0.282227
v -0.020508 -0.293945 -0.291992
v -0.000977 -0.286133 -0.303711
v -0.012695 -0.301758 -0.309570
v -0.020508 -0.293945 -0.291992
v -0.002930 -0.282227 -0.295898
v -0.000977 -0.286133 -0.303711
v -0.000977 -0.286133 -0.303711
v -0.002930 -0.282227 -0.295898
v -0.000977 -0.276367 -0.299805
v -0.002930 -0.282227 -0.295898
v -0.020508 -0.293945 -0.291992
v -0.000977 -0.280273 -0.290039
v -0.000977 -0.280273 -0.290039
v -0.000977 -0.276367 -0.299805
v -0.002930 -0.282227 -0.295898
v -0.012695 -0.288086 -0.274414
v -0.000977 -0.280273 -0.290039
v -0.020508 -0.293945 -0.291992
v -0.004883 -0.272461 -0.301758
v -0.000977 -0.268555 -0.309570
v -0.002930 -0.274414 -0.309570
v -0.002930 -0.274414 -0.309570
v -0.000977 -0.274414 -0.299805
v -0.004883 -0.272461 -0.301758
v -0.004883 -0.272461 -0.301758
v -0.002930 -0.266602 -0.303711
v -0.000977 -0.268555 -0.309570
v -0.000977 -0.268555 -0.309570
v -0.002930 -0.266602 -0.303711
v -0.000977 -0.262695 -0.297852
v -0.002930 -0.266602 -0.303711
v -0.004883 -0.272461 -0.301758
v -0.002930 -0.268555 -0.293945
v -0.002930 -0.268555 -0.293945
v -0.000977 -0.262695 -0.297852
v -0.002930 -0.266602 -0.303711
v -0.159180 -0.448242 -0.221680
v -0.131836 -0.465820 -0.323242
v -0.131836 -0.489258 -0.323242
v -0.131836 -0.489258 -0.323242
v -0.161133 -0.489258 -0.223633
v -0.159180 -0.448242 -0.221680
v -0.155273 -0.475586 -0.034180
v -0.260742 -0.499023 -0.360352
v -0.155273 -0.487305 -0.315430
v -0.155273 -0.440430 -0.215820
v -0.129883 -0.444336 -0.325195
v -0.131836 -0.465820 -0.323242
v -0.131836 -0.465820 -0.323242
v -0.159180 -0.448242 -0.221680
v -0.155273 -0.440430 -0.215820
v -0.129883 -0.444336 -0.325195
v -0.155273 -0.440430 -0.215820
v -0.131836 -0.297852 -0.202148
v -0.145508 -0.416992 -0.241211
v -0.139648 -0.424805 -0.293945
v -0.139648 -0.436523 -0.291992
v -0.139648 -0.436523 -0.291992
v -0.127930 -0.428711 -0.237305
v -0.147461 -0.426758 -0.239258
v -0.139648 -0.436523 -0.291992
v -0.147461 -0.426758 -0.239258
v -0.145508 -0.416992 -0.241211
v -0.145508 -0.416992 -0.241211
v -0.131836 -0.424805 -0.282227
v -0.139648 -0.424805 -0.293945
v -0.129883 -0.381836 -0.290039
v -0.129883 -0.381836 -0.295898
v -0.131836 -0.424805 -0.282227
v -0.135742 -0.418945 -0.247070
v -0.129883 -0.381836 -0.290039
v -0.131836 -0.424805 -0.282227
v -0.145508 -0.416992 -0.241211
v -0.135742 -0.418945 -0.247070
v -0.131836 -0.424805 -0.282227
v -0.131836 -0.381836 -0.297852
v -0.129883 -0.381836 -0.295898
v -0.129883 -0.381836 -0.290039
v -0.131836 -0.381836 -0.297852
v -0.129883 -0.381836 -0.290039
v -0.137695 -0.374023 -0.249023
v -0.137695 -0.374023 -0.249023
v -0.129883 -0.374023 -0.297852
v -0.131836 -0.381836 -0.297852
v -0.135742 -0.418945 -0.247070
v -0.133789 -0.374023 -0.252930
v -0.129883 -0.381836 -0.290039
v -0.129883 -0.381836 -0.290039
v -0.133789 -0.374023 -0.252930
v -0.137695 -0.374023 -0.249023
v -0.200195 -0.473633 -0.252930
v -0.221680 -0.489258 -0.256836
v -0.221680 -0.473633 -0.260742
v -0.204102 -0.489258 -0.249023
v -0.221680 -0.489258 -0.256836
v -0.200195 -0.473633 -0.252930
v -0.200195 -0.473633 -0.252930
v -0.221680 -0.473633 -0.260742
v -0.204102 -0.459961 -0.249023
v -0.192383 -0.473633 -0.231445
v -0.204102 -0.489258 -0.249023
v -0.200195 -0.473633 -0.252930
v -0.196289 -0.459961 -0.231445
v -0.192383 -0.473633 -0.231445
v -0.200195 -0.473633 -0.252930
v -0.200195 -0.473633 -0.252930
v -0.204102 -0.459961 -0.249023
v -0.196289 -0.459961 -0.231445
v -0.241211 -0.489258 -0.249023
v -0.221680 -0.473633 -0.260742
v -0.221680 -0.489258 -0.256836
v -0.221680 -0.473633 -0.260742
v -0.243164 -0.473633 -0.252930
v -0.221680 -0.459961 -0.258789
v -0.241211 -0.489258 -0.249023
v -0.243164 -0.473633 -0.252930
v -0.221680 -0.473633 -0.260742
v -0.221680 -0.473633 -0.260742
v -0.221680 -0.459961 -0.258789
v -0.204102 -0.459961 -0.249023
v -0.241211 -0.459961 -0.249023
v -0.221680 -0.459961 -0.258789
v -0.243164 -0.473633 -0.252930
v -0.243164 -0.473633 -0.252930
v -0.241211 -0.489258 -0.249023
v -0.249023 -0.489258 -0.231445
v -0.243164 -0.473633 -0.252930
v -0.249023 -0.489258 -0.231445
v -0.252930 -0.473633 -0.231445
v -0.252930 -0.473633 -0.231445
v -0.241211 -0.459961 -0.249023
v -0.243164 -0.473633 -0.252930
v -0.221680 -0.448242 -0.247070
v -0.204102 -0.459961 -0.249023
v -0.221680 -0.459961 -0.258789
v -0.241211 -0.459961 -0.249023
v -0.221680 -0.448242 -0.247070
v -0.221680 -0.459961 -0.258789
v -0.135742 -0.350586 -0.350586
v -0.135742 -0.364258 -0.342773
v -0.149414 -0.282227 -0.209961
v -0.135742 -0.364258 -0.342773
v -0.149414 -0.299805 -0.209961
v -0.149414 -0.282227 -0.209961
v -0.135742 -0.366211 -0.249023
v -0.124023 -0.366211 -0.247070
v -0.129883 -0.374023 -0.297852
v -0.129883 -0.374023 -0.297852
v -0.137695 -0.374023 -0.249023
v -0.135742 -0.366211 -0.249023
v -0.133789 -0.374023 -0.252930
v -0.135742 -0.418945 -0.247070
v -0.127930 -0.416992 -0.239258
v -0.133789 -0.374023 -0.252930
v -0.127930 -0.416992 -0.239258
v -0.125977 -0.374023 -0.249023
v -0.133789 -0.374023 -0.252930
v -0.125977 -0.374023 -0.249023
v -0.137695 -0.374023 -0.249023
v -0.096680 -0.086914 -0.247070
v -0.104492 -0.094727 -0.247070
v -0.104492 -0.084961 -0.250977
v -0.104492 -0.084961 -0.250977
v -0.104492 -0.094727 -0.247070
v -0.106445 -0.069336 -0.225586
v -0.106445 -0.069336 -0.225586
v -0.096680 -0.086914 -0.247070
v -0.104492 -0.084961 -0.250977
v -0.260742 -0.499023 -0.360352
v -0.155273 -0.475586 -0.034180
v -0.366211 -0.499023 -0.184570
v -0.061523 -0.276367 -0.194336
v -0.061523 -0.272461 -0.194336
v -0.069336 -0.276367 -0.194336
v -0.135742 -0.366211 -0.249023
v -0.125977 -0.374023 -0.247070
v -0.124023 -0.366211 -0.247070
v -0.071289 -0.284180 -0.219727
v -0.071289 -0.290039 -0.217773
v -0.075195 -0.286133 -0.217773
v -0.069336 -0.278320 -0.194336
v -0.071289 -0.290039 -0.217773
v -0.071289 -0.284180 -0.219727
v -0.071289 -0.284180 -0.219727
v -0.075195 -0.286133 -0.217773
v -0.069336 -0.274414 -0.194336
v -0.069336 -0.274414 -0.194336
v -0.069336 -0.278320 -0.194336
v -0.071289 -0.284180 -0.219727
v -0.092773 -0.282227 -0.223633
v -0.079102 -0.282227 -0.221680
v -0.079102 -0.288086 -0.219727
v -0.079102 -0.288086 -0.219727
v -0.079102 -0.282227 -0.221680
v -0.081055 -0.276367 -0.196289
v -0.092773 -0.288086 -0.219727
v -0.092773 -0.282227 -0.223633
v -0.079102 -0.288086 -0.219727
v -0.081055 -0.276367 -0.196289
v -0.092773 -0.288086 -0.219727
v -0.079102 -0.288086 -0.219727
v -0.079102 -0.282227 -0.221680
v -0.092773 -0.282227 -0.223633
v -0.081055 -0.274414 -0.196289
v -0.081055 -0.274414 -0.196289
v -0.081055 -0.276367 -0.196289
v -0.079102 -0.282227 -0.221680
v -0.092773 -0.282227 -0.223633
v -0.092773 -0.288086 -0.219727
v -0.094727 -0.272461 -0.198242
v -0.094727 -0.272461 -0.198242
v -0.081055 -0.274414 -0.196289
v -0.092773 -0.282227 -0.223633
v -0.092773 -0.288086 -0.219727
v -0.081055 -0.276367 -0.196289
v -0.094727 -0.276367 -0.196289
v -0.092773 -0.288086 -0.219727
v -0.094727 -0.276367 -0.196289
v -0.094727 -0.272461 -0.198242
v -0.071289 -0.290039 -0.217773
v -0.075195 -0.290039 -0.215820
v -0.075195 -0.286133 -0.217773
v -0.069336 -0.278320 -0.194336
v -0.075195 -0.290039 -0.215820
v -0.071289 -0.290039 -0.217773
v -0.077148 -0.276367 -0.196289
v -0.075195 -0.286133 -0.217773
v -0.075195 -0.290039 -0.215820
v -0.077148 -0.276367 -0.194336
v -0.077148 -0.276367 -0.196289
v -0.075195 -0.290039 -0.215820
v -0.075195 -0.290039 -0.215820
v -0.069336 -0.278320 -0.194336
v -0.077148 -0.276367 -0.194336
v -0.075195 -0.286133 -0.217773
v -0.077148 -0.276367 -0.196289
v -0.069336 -0.274414 -0.194336
v -0.077148 -0.276367 -0.194336
v -0.069336 -0.274414 -0.194336
v -0.077148 -0.276367 -0.196289
v -0.069336 -0.278320 -0.194336
v -0.069336 -0.274414 -0.194336
v -0.077148 -0.276367 -0.194336
v -0.081055 -0.276367 -0.196289
v -0.081055 -0.274414 -0.196289
v -0.094727 -0.276367 -0.196289
v -0.094727 -0.272461 -0.198242
v -0.094727 -0.276367 -0.196289
v -0.081055 -0.274414 -0.196289
v -0.225586 -0.448242 0.219727
v -0.159180 -0.448242 -0.221680
v -0.161133 -0.489258 -0.223633
v -0.161133 -0.489258 -0.223633
v -0.227539 -0.489258 0.221680
v -0.225586 -0.448242 0.219727
v -0.219727 -0.440430 0.213867
v -0.155273 -0.440430 -0.215820
v -0.159180 -0.448242 -0.221680
v -0.225586 -0.448242 0.219727
v -0.219727 -0.440430 0.213867
v -0.159180 -0.448242 -0.221680
v -0.155273 -0.440430 -0.215820
v -0.149414 -0.299805 -0.209961
v -0.131836 -0.297852 -0.202148
v -0.186523 -0.305664 0.008789
v -0.149414 -0.299805 -0.209961
v -0.155273 -0.440430 -0.215820
v -0.219727 -0.440430 0.213867
v -0.186523 -0.305664 0.008789
v -0.155273 -0.440430 -0.215820
v -0.127930 -0.428711 -0.237305
v -0.127930 -0.416992 -0.239258
v -0.145508 -0.416992 -0.241211
v -0.145508 -0.416992 -0.241211
v -0.147461 -0.426758 -0.239258
v -0.127930 -0.428711 -0.237305
v -0.145508 -0.416992 -0.241211
v -0.127930 -0.416992 -0.239258
v -0.135742 -0.418945 -0.247070
v -0.192383 -0.473633 -0.231445
v -0.196289 -0.489258 -0.231445
v -0.204102 -0.489258 -0.249023
v -0.196289 -0.489258 -0.231445
v -0.192383 -0.473633 -0.231445
v -0.200195 -0.473633 -0.209961
v -0.196289 -0.489258 -0.231445
v -0.200195 -0.473633 -0.209961
v -0.204102 -0.489258 -0.211914
v -0.192383 -0.473633 -0.231445
v -0.196289 -0.459961 -0.231445
v -0.204102 -0.459961 -0.211914
v -0.204102 -0.459961 -0.211914
v -0.200195 -0.473633 -0.209961
v -0.192383 -0.473633 -0.231445
v -0.204102 -0.459961 -0.249023
v -0.211914 -0.448242 -0.241211
v -0.206055 -0.448242 -0.231445
v -0.221680 -0.448242 -0.247070
v -0.211914 -0.448242 -0.241211
v -0.204102 -0.459961 -0.249023
v -0.206055 -0.448242 -0.231445
v -0.196289 -0.459961 -0.231445
v -0.204102 -0.459961 -0.249023
v -0.221680 -0.442383 -0.231445
v -0.206055 -0.448242 -0.231445
v -0.211914 -0.448242 -0.241211
v -0.211914 -0.448242 -0.241211
v -0.221680 -0.448242 -0.247070
v -0.221680 -0.442383 -0.231445
v -0.196289 -0.459961 -0.231445
v -0.206055 -0.448242 -0.231445
v -0.211914 -0.448242 -0.219727
v -0.196289 -0.459961 -0.231445
v -0.211914 -0.448242 -0.219727
v -0.204102 -0.459961 -0.211914
v -0.221680 -0.442383 -0.231445
v -0.211914 -0.448242 -0.219727
v -0.206055 -0.448242 -0.231445
v -0.211914 -0.448242 -0.219727
v -0.221680 -0.442383 -0.231445
v -0.221680 -0.448242 -0.215820
v -0.221680 -0.448242 -0.215820
v -0.204102 -0.459961 -0.211914
v -0.211914 -0.448242 -0.219727
v -0.249023 -0.489258 -0.231445
v -0.241211 -0.489258 -0.211914
v -0.243164 -0.473633 -0.209961
v -0.249023 -0.489258 -0.231445
v -0.243164 -0.473633 -0.209961
v -0.252930 -0.473633 -0.231445
v -0.241211 -0.459961 -0.249023
v -0.233398 -0.448242 -0.241211
v -0.221680 -0.448242 -0.247070
v -0.221680 -0.448242 -0.247070
v -0.233398 -0.448242 -0.241211
v -0.221680 -0.442383 -0.231445
v -0.233398 -0.448242 -0.241211
v -0.241211 -0.459961 -0.249023
v -0.249023 -0.459961 -0.231445
v -0.237305 -0.448242 -0.231445
v -0.221680 -0.442383 -0.231445
v -0.233398 -0.448242 -0.241211
v -0.233398 -0.448242 -0.241211
v -0.249023 -0.459961 -0.231445
v -0.237305 -0.448242 -0.231445
v -0.252930 -0.473633 -0.231445
v -0.249023 -0.459961 -0.231445
v -0.241211 -0.459961 -0.249023
v -0.237305 -0.448242 -0.231445
v -0.233398 -0.448242 -0.219727
v -0.221680 -0.442383 -0.231445
v -0.221680 -0.442383 -0.231445
v -0.233398 -0.448242 -0.219727
v -0.221680 -0.448242 -0.215820
v -0.233398 -0.448242 -0.219727
v -0.237305 -0.448242 -0.231445
v -0.241211 -0.459961 -0.211914
v -0.233398 -0.448242 -0.219727
v -0.221680 -0.459961 -0.204102
v -0.221680 -0.448242 -0.215820
v -0.241211 -0.459961 -0.211914
v -0.221680 -0.459961 -0.204102
v -0.233398 -0.448242 -0.219727
v -0.241211 -0.459961 -0.211914
v -0.237305 -0.448242 -0.231445
v -0.249023 -0.459961 -0.231445
v -0.249023 -0.459961 -0.231445
v -0.243164 -0.473633 -0.209961
v -0.241211 -0.459961 -0.211914
v -0.252930 -0.473633 -0.231445
v -0.243164 -0.473633 -0.209961
v -0.249023 -0.459961 -0.231445
v -0.221680 -0.473633 -0.200195
v -0.204102 -0.489258 -0.211914
v -0.200195 -0.473633 -0.209961
v -0.200195 -0.473633 -0.209961
v -0.204102 -0.459961 -0.211914
v -0.221680 -0.459961 -0.204102
v -0.221680 -0.459961 -0.204102
v -0.221680 -0.473633 -0.200195
v -0.200195 -0.473633 -0.209961
v -0.221680 -0.473633 -0.200195
v -0.221680 -0.489258 -0.204102
v -0.204102 -0.489258 -0.211914
v -0.221680 -0.448242 -0.215820
v -0.221680 -0.459961 -0.204102
v -0.204102 -0.459961 -0.211914
v -0.221680 -0.473633 -0.200195
v -0.241211 -0.489258 -0.211914
v -0.221680 -0.489258 -0.204102
v -0.221680 -0.473633 -0.200195
v -0.243164 -0.473633 -0.209961
v -0.241211 -0.489258 -0.211914
v -0.243164 -0.473633 -0.209961
v -0.221680 -0.473633 -0.200195
v -0.241211 -0.459961 -0.211914
v -0.221680 -0.473633 -0.200195
v -0.221680 -0.459961 -0.204102
v -0.241211 -0.459961 -0.211914
v -0.125977 -0.374023 -0.249023
v -0.125977 -0.374023 -0.247070
v -0.137695 -0.374023 -0.249023
v -0.135742 -0.366211 -0.249023
v -0.137695 -0.374023 -0.249023
v -0.125977 -0.374023 -0.247070
v -0.186523 -0.305664 0.008789
v -0.149414 -0.282227 -0.209961
v -0.149414 -0.299805 -0.209961
v -0.174805 -0.250977 0.006836
v -0.147461 -0.250977 -0.209961
v -0.149414 -0.282227 -0.209961
v -0.149414 -0.282227 -0.209961
v -0.186523 -0.305664 0.008789
v -0.170898 -0.280273 0.006836
v -0.149414 -0.282227 -0.209961
v -0.170898 -0.280273 0.006836
v -0.174805 -0.250977 0.006836
v -0.174805 -0.250977 0.006836
v -0.153320 -0.094727 -0.215820
v -0.147461 -0.250977 -0.209961
v -0.391602 -0.499023 -0.034180
v -0.366211 -0.499023 -0.184570
v -0.155273 -0.475586 -0.034180
v -0.350586 -0.499023 0.110352
v -0.391602 -0.499023 -0.034180
v -0.155273 -0.475586 -0.034180
v -0.155273 -0.475586 0.252930
v -0.350586 -0.499023 0.110352
v -0.155273 -0.475586 -0.034180
v -0.155273 -0.475586 -0.034180
v -0.010742 -0.475586 0.252930
v -0.155273 -0.475586 0.252930
v -0.151367 -0.309570 -0.026367
v -0.151367 -0.325195 -0.026367
v -0.170898 -0.329102 -0.038086
v -0.170898 -0.329102 -0.038086
v -0.151367 -0.325195 -0.026367
v -0.174805 -0.327148 0.000977
v -0.170898 -0.329102 -0.038086
v -0.170898 -0.307617 -0.038086
v -0.151367 -0.309570 -0.026367
v -0.174805 -0.327148 0.000977
v -0.170898 -0.307617 -0.038086
v -0.170898 -0.329102 -0.038086
v -0.151367 -0.325195 -0.026367
v -0.141602 -0.323242 0.002930
v -0.174805 -0.327148 0.000977
v -0.174805 -0.307617 -0.000977
v -0.151367 -0.309570 -0.026367
v -0.170898 -0.307617 -0.038086
v -0.174805 -0.327148 0.000977
v -0.174805 -0.307617 -0.000977
v -0.170898 -0.307617 -0.038086
v -0.151367 -0.309570 -0.026367
v -0.174805 -0.307617 -0.000977
v -0.141602 -0.309570 0.000977
v -0.174805 -0.307617 -0.000977
v -0.174805 -0.327148 0.000977
v -0.141602 -0.309570 0.000977
v -0.036133 -0.206055 -0.213867
v -0.034180 -0.194336 -0.215820
v -0.038086 -0.204102 -0.194336
v -0.102539 -0.206055 -0.225586
v -0.034180 -0.194336 -0.215820
v -0.036133 -0.206055 -0.213867
v -0.036133 -0.206055 -0.213867
v -0.038086 -0.204102 -0.194336
v -0.102539 -0.206055 -0.225586
v -0.051758 -0.192383 -0.208008
v -0.045898 -0.192383 -0.208008
v -0.034180 -0.194336 -0.215820
v -0.034180 -0.194336 -0.215820
v -0.045898 -0.192383 -0.208008
v -0.045898 -0.192383 -0.196289
v -0.090820 -0.192383 -0.219727
v -0.051758 -0.192383 -0.208008
v -0.034180 -0.194336 -0.215820
v -0.038086 -0.192383 -0.196289
v -0.038086 -0.204102 -0.194336
v -0.034180 -0.194336 -0.215820
v -0.045898 -0.192383 -0.196289
v -0.038086 -0.192383 -0.196289
v -0.034180 -0.194336 -0.215820
v -0.102539 -0.194336 -0.225586
v -0.090820 -0.192383 -0.219727
v -0.034180 -0.194336 -0.215820
v -0.034180 -0.194336 -0.215820
v -0.102539 -0.206055 -0.225586
v -0.102539 -0.194336 -0.225586
v -0.045898 -0.192383 -0.208008
v -0.051758 -0.192383 -0.208008
v -0.053711 -0.145508 -0.213867
v -0.047852 -0.145508 -0.213867
v -0.045898 -0.192383 -0.196289
v -0.045898 -0.192383 -0.208008
v -0.053711 -0.145508 -0.213867
v -0.047852 -0.145508 -0.213867
v -0.045898 -0.192383 -0.208008
v -0.051758 -0.192383 -0.208008
v -0.053711 -0.192383 -0.204102
v -0.055664 -0.145508 -0.209961
v -0.090820 -0.192383 -0.219727
v -0.053711 -0.192383 -0.204102
v -0.051758 -0.192383 -0.208008
v -0.055664 -0.145508 -0.209961
v -0.053711 -0.145508 -0.213867
v -0.051758 -0.192383 -0.208008
v -0.092773 -0.145508 -0.208008
v -0.055664 -0.145508 -0.209961
v -0.053711 -0.192383 -0.204102
v -0.053711 -0.192383 -0.204102
v -0.090820 -0.192383 -0.219727
v -0.094727 -0.192383 -0.202148
v -0.053711 -0.192383 -0.204102
v -0.094727 -0.192383 -0.202148
v -0.092773 -0.145508 -0.208008
v -0.104492 -0.204102 -0.204102
v -0.102539 -0.206055 -0.225586
v -0.038086 -0.204102 -0.194336
v -0.045898 -0.192383 -0.196289
v -0.047852 -0.145508 -0.213867
v -0.049805 -0.145508 -0.202148
v -0.045898 -0.145508 -0.215820
v -0.043945 -0.135742 -0.215820
v -0.047852 -0.145508 -0.202148
v -0.098633 -0.135742 -0.223633
v -0.043945 -0.135742 -0.215820
v -0.045898 -0.145508 -0.215820
v -0.045898 -0.145508 -0.215820
v -0.047852 -0.145508 -0.213867
v -0.053711 -0.145508 -0.213867
v -0.047852 -0.145508 -0.202148
v -0.047852 -0.145508 -0.213867
v -0.045898 -0.145508 -0.215820
v -0.045898 -0.145508 -0.215820
v -0.053711 -0.145508 -0.213867
v -0.090820 -0.145508 -0.221680
v -0.045898 -0.145508 -0.215820
v -0.090820 -0.145508 -0.221680
v -0.098633 -0.145508 -0.223633
v -0.045898 -0.145508 -0.215820
v -0.098633 -0.145508 -0.223633
v -0.098633 -0.135742 -0.223633
v -0.043945 -0.135742 -0.215820
v -0.045898 -0.135742 -0.202148
v -0.047852 -0.145508 -0.202148
v -0.100586 -0.135742 -0.211914
v -0.045898 -0.135742 -0.202148
v -0.043945 -0.135742 -0.215820
v -0.043945 -0.135742 -0.215820
v -0.098633 -0.135742 -0.223633
v -0.100586 -0.135742 -0.211914
v -0.047852 -0.145508 -0.213867
v -0.047852 -0.145508 -0.202148
v -0.049805 -0.145508 -0.202148
v -0.053711 -0.145508 -0.213867
v -0.055664 -0.145508 -0.209961
v -0.090820 -0.145508 -0.221680
v -0.092773 -0.145508 -0.208008
v -0.090820 -0.145508 -0.221680
v -0.055664 -0.145508 -0.209961
v -0.102539 -0.194336 -0.225586
v -0.098633 -0.192383 -0.219727
v -0.090820 -0.192383 -0.219727
v -0.090820 -0.192383 -0.219727
v -0.098633 -0.192383 -0.219727
v -0.096680 -0.145508 -0.221680
v -0.092773 -0.145508 -0.208008
v -0.094727 -0.192383 -0.202148
v -0.090820 -0.192383 -0.219727
v -0.096680 -0.145508 -0.221680
v -0.090820 -0.145508 -0.221680
v -0.090820 -0.192383 -0.219727
v -0.090820 -0.192383 -0.219727
v -0.090820 -0.145508 -0.221680
v -0.092773 -0.145508 -0.208008
v -0.104492 -0.192383 -0.206055
v -0.102539 -0.194336 -0.225586
v -0.102539 -0.206055 -0.225586
v -0.102539 -0.206055 -0.225586
v -0.104492 -0.204102 -0.204102
v -0.104492 -0.192383 -0.206055
v -0.098633 -0.192383 -0.219727
v -0.102539 -0.194336 -0.225586
v -0.104492 -0.192383 -0.206055
v -0.098633 -0.192383 -0.219727
v -0.104492 -0.192383 -0.206055
v -0.098633 -0.145508 -0.209961
v -0.098633 -0.145508 -0.209961
v -0.096680 -0.145508 -0.221680
v -0.098633 -0.192383 -0.219727
v -0.149414 -0.233398 -0.211914
v -0.122070 -0.211914 -0.208008
v -0.122070 -0.235352 -0.208008
v -0.151367 -0.233398 -0.192383
v -0.149414 -0.233398 -0.211914
v -0.122070 -0.235352 -0.208008
v -0.122070 -0.235352 -0.208008
v -0.127930 -0.233398 -0.192383
v -0.151367 -0.233398 -0.192383
v -0.122070 -0.211914 -0.208008
v -0.149414 -0.233398 -0.211914
v -0.149414 -0.211914 -0.211914
v -0.122070 -0.211914 -0.208008
v -0.149414 -0.211914 -0.211914
v -0.127930 -0.213867 -0.192383
v -0.096680 -0.145508 -0.221680
v -0.098633 -0.145508 -0.223633
v -0.090820 -0.145508 -0.221680
v -0.098633 -0.145508 -0.223633
v -0.096680 -0.145508 -0.221680
v -0.100586 -0.145508 -0.211914
v -0.100586 -0.145508 -0.211914
v -0.098633 -0.135742 -0.223633
v -0.098633 -0.145508 -0.223633
v -0.098633 -0.145508 -0.209961
v -0.100586 -0.145508 -0.211914
v -0.096680 -0.145508 -0.221680
v -0.098633 -0.135742 -0.223633
v -0.100586 -0.145508 -0.211914
v -0.100586 -0.135742 -0.211914
v -0.034180 -0.084961 -0.239258
v -0.018555 -0.079102 -0.241211
v -0.018555 -0.086914 -0.237305
v -0.018555 -0.086914 -0.237305
v -0.018555 -0.079102 -0.241211
v -0.020508 -0.071289 -0.213867
v -0.018555 -0.086914 -0.237305
v -0.034180 -0.088867 -0.237305
v -0.034180 -0.084961 -0.239258
v -0.018555 -0.079102 -0.241211
v -0.034180 -0.084961 -0.239258
v -0.020508 -0.067383 -0.215820
v -0.020508 -0.067383 -0.215820
v -0.020508 -0.071289 -0.213867
v -0.018555 -0.079102 -0.241211
v -0.040039 -0.083008 -0.243164
v -0.034180 -0.084961 -0.239258
v -0.040039 -0.090820 -0.239258
v -0.041992 -0.071289 -0.215820
v -0.034180 -0.084961 -0.239258
v -0.040039 -0.083008 -0.243164
v -0.040039 -0.083008 -0.243164
v -0.040039 -0.090820 -0.239258
v -0.081055 -0.090820 -0.243164
v -0.081055 -0.083008 -0.249023
v -0.041992 -0.071289 -0.215820
v -0.040039 -0.083008 -0.243164
v -0.040039 -0.083008 -0.243164
v -0.081055 -0.090820 -0.243164
v -0.081055 -0.083008 -0.249023
v -0.040039 -0.090820 -0.239258
v -0.034180 -0.084961 -0.239258
v -0.034180 -0.088867 -0.237305
v -0.038086 -0.071289 -0.213867
v -0.020508 -0.067383 -0.215820
v -0.034180 -0.084961 -0.239258
v -0.041992 -0.071289 -0.215820
v -0.038086 -0.071289 -0.213867
v -0.034180 -0.084961 -0.239258
v -0.026367 -0.063477 -0.217773
v -0.026367 -0.069336 -0.213867
v -0.032227 -0.071289 -0.213867
v -0.026367 -0.063477 -0.217773
v -0.032227 -0.071289 -0.213867
v -0.032227 -0.065430 -0.215820
v -0.026367 -0.063477 -0.217773
v -0.032227 -0.065430 -0.215820
v -0.028320 -0.047852 -0.182617
v -0.028320 -0.047852 -0.182617
v -0.032227 -0.065430 -0.215820
v -0.032227 -0.071289 -0.213867
v -0.041992 -0.071289 -0.215820
v -0.081055 -0.083008 -0.249023
v -0.083008 -0.069336 -0.221680
v -0.057617 -0.040039 -0.188477
v -0.081055 -0.041992 -0.190430
v -0.059570 -0.026367 -0.159180
v -0.081055 -0.049805 -0.186523
v -0.081055 -0.041992 -0.190430
v -0.057617 -0.040039 -0.188477
v -0.059570 -0.026367 -0.159180
v -0.057617 -0.047852 -0.184570
v -0.057617 -0.040039 -0.188477
v -0.057617 -0.040039 -0.188477
v -0.057617 -0.047852 -0.184570
v -0.081055 -0.049805 -0.186523
v -0.096680 -0.094727 -0.243164
v -0.081055 -0.083008 -0.249023
v -0.081055 -0.090820 -0.243164
v -0.096680 -0.086914 -0.247070
v -0.083008 -0.069336 -0.221680
v -0.081055 -0.083008 -0.249023
v -0.081055 -0.083008 -0.249023
v -0.096680 -0.094727 -0.243164
v -0.096680 -0.086914 -0.247070
v -0.083008 -0.073242 -0.219727
v -0.083008 -0.069336 -0.221680
v -0.100586 -0.073242 -0.221680
v -0.100586 -0.073242 -0.221680
v -0.100586 -0.075195 -0.219727
v -0.083008 -0.073242 -0.219727
v -0.083008 -0.069336 -0.221680
v -0.096680 -0.086914 -0.247070
v -0.100586 -0.073242 -0.221680
v -0.096680 -0.094727 -0.243164
v -0.104492 -0.094727 -0.247070
v -0.096680 -0.086914 -0.247070
v -0.100586 -0.096680 -0.243164
v -0.100586 -0.108398 -0.233398
v -0.163086 -0.108398 -0.239258
v -0.163086 -0.094727 -0.249023
v -0.100586 -0.088867 -0.239258
v -0.100586 -0.096680 -0.243164
v -0.163086 -0.108398 -0.239258
v -0.163086 -0.094727 -0.249023
v -0.100586 -0.096680 -0.243164
v -0.104492 -0.094727 -0.247070
v -0.106445 -0.075195 -0.221680
v -0.106445 -0.069336 -0.225586
v -0.153320 -0.094727 -0.215820
v -0.163086 -0.108398 -0.239258
v -0.100586 -0.108398 -0.233398
v -0.106445 -0.069336 -0.225586
v -0.100586 -0.073242 -0.221680
v -0.096680 -0.086914 -0.247070
v -0.100586 -0.088867 -0.239258
v -0.163086 -0.094727 -0.249023
v -0.157227 -0.086914 -0.243164
v -0.100586 -0.088867 -0.239258
v -0.157227 -0.086914 -0.243164
v -0.114258 0.006836 -0.114258
v -0.100586 -0.075195 -0.219727
v -0.100586 -0.073242 -0.221680
v -0.106445 -0.075195 -0.221680
v -0.106445 -0.069336 -0.225586
v -0.106445 -0.075195 -0.221680
v -0.100586 -0.073242 -0.221680
v -0.083008 -0.028320 -0.163086
v -0.059570 -0.026367 -0.159180
v -0.081055 -0.041992 -0.190430
v -0.081055 -0.041992 -0.190430
v -0.081055 -0.049805 -0.186523
v -0.083008 -0.030273 -0.161133
v -0.083008 -0.030273 -0.161133
v -0.083008 -0.028320 -0.163086
v -0.081055 -0.041992 -0.190430
v -0.034180 -0.038086 -0.180664
v -0.030273 -0.040039 -0.182617
v -0.028320 -0.047852 -0.182617
v -0.032227 -0.024414 -0.157227
v -0.030273 -0.040039 -0.182617
v -0.028320 -0.047852 -0.182617
v -0.028320 -0.047852 -0.182617
v -0.034180 -0.045898 -0.180664
v -0.034180 -0.038086 -0.180664
v -0.034180 -0.026367 -0.157227
v -0.032227 -0.024414 -0.157227
v -0.028320 -0.047852 -0.182617
v -0.030273 -0.040039 -0.182617
v -0.034180 -0.038086 -0.180664
v -0.034180 -0.024414 -0.157227
v -0.053711 -0.047852 -0.180664
v -0.034180 -0.038086 -0.180664
v -0.034180 -0.045898 -0.180664
v -0.034180 -0.045898 -0.180664
v -0.034180 -0.038086 -0.180664
v -0.034180 -0.024414 -0.157227
v -0.034180 -0.024414 -0.157227
v -0.034180 -0.026367 -0.157227
v -0.034180 -0.045898 -0.180664
v -0.034180 -0.038086 -0.180664
v -0.053711 -0.047852 -0.180664
v -0.053711 -0.041992 -0.184570
v -0.034180 -0.038086 -0.180664
v -0.053711 -0.041992 -0.184570
v -0.034180 -0.024414 -0.157227
v -0.055664 -0.028320 -0.159180
v -0.053711 -0.041992 -0.184570
v -0.053711 -0.047852 -0.180664
v -0.059570 -0.026367 -0.159180
v -0.059570 -0.028320 -0.159180
v -0.057617 -0.047852 -0.184570
v -0.055664 -0.026367 -0.159180
v -0.034180 -0.024414 -0.157227
v -0.053711 -0.041992 -0.184570
v -0.053711 -0.041992 -0.184570
v -0.055664 -0.028320 -0.159180
v -0.055664 -0.026367 -0.159180
v -0.032227 -0.022461 -0.159180
v -0.032227 -0.028320 -0.155273
v -0.092773 -0.030273 -0.163086
v -0.092773 -0.030273 -0.163086
v -0.092773 -0.022461 -0.166992
v -0.032227 -0.022461 -0.159180
v -0.032227 -0.022461 -0.159180
v -0.092773 -0.022461 -0.166992
v -0.096680 -0.010742 -0.139648
v -0.092773 -0.022461 -0.166992
v -0.092773 -0.030273 -0.163086
v -0.114258 -0.032227 -0.165039
v -0.092773 -0.022461 -0.166992
v -0.114258 -0.032227 -0.165039
v -0.114258 -0.024414 -0.168945
v -0.092773 -0.022461 -0.166992
v -0.114258 -0.024414 -0.168945
v -0.108398 -0.012695 -0.137695
v -0.108398 -0.012695 -0.137695
v -0.096680 -0.010742 -0.139648
v -0.092773 -0.022461 -0.166992
v -0.108398 -0.012695 -0.137695
v -0.114258 -0.024414 -0.168945
v -0.114258 -0.032227 -0.165039
v -0.108398 -0.006836 -0.141602
v -0.116211 -0.012695 -0.141602
v -0.116211 -0.004883 -0.147461
v -0.108398 -0.012695 -0.137695
v -0.116211 -0.012695 -0.141602
v -0.108398 -0.006836 -0.141602
v -0.108398 -0.006836 -0.141602
v -0.116211 -0.004883 -0.147461
v -0.110352 0.010742 -0.116211
v -0.118164 0.006836 -0.114258
v -0.116211 -0.004883 -0.147461
v -0.116211 -0.012695 -0.141602
v -0.118164 0.010742 -0.116211
v -0.110352 0.010742 -0.116211
v -0.116211 -0.004883 -0.147461
v -0.116211 -0.004883 -0.147461
v -0.118164 0.006836 -0.114258
v -0.118164 0.010742 -0.116211
v -0.149414 -0.233398 -0.211914
v -0.151367 -0.233398 -0.192383
v -0.153320 -0.211914 -0.192383
v -0.153320 -0.211914 -0.192383
v -0.149414 -0.211914 -0.211914
v -0.149414 -0.233398 -0.211914
v -0.127930 -0.213867 -0.192383
v -0.151367 -0.233398 -0.192383
v -0.127930 -0.233398 -0.192383
v -0.151367 -0.233398 -0.192383
v -0.127930 -0.213867 -0.192383
v -0.153320 -0.211914 -0.192383
v -0.153320 -0.211914 -0.192383
v -0.127930 -0.213867 -0.192383
v -0.149414 -0.211914 -0.211914
v -0.170898 -0.194336 -0.151367
v -0.149414 -0.194336 -0.147461
v -0.147461 -0.206055 -0.147461
v -0.147461 -0.206055 -0.147461
v -0.170898 -0.206055 -0.149414
v -0.170898 -0.194336 -0.151367
v -0.178711 -0.204102 -0.083008
v -0.170898 -0.206055 -0.149414
v -0.147461 -0.206055 -0.147461
v -0.147461 -0.206055 -0.147461
v -0.157227 -0.204102 -0.081055
v -0.178711 -0.204102 -0.083008
v -0.170898 -0.194336 -0.151367
v -0.149414 -0.192383 -0.137695
v -0.149414 -0.194336 -0.147461
v -0.149414 -0.192383 -0.137695
v -0.170898 -0.194336 -0.151367
v -0.161133 -0.194336 -0.139648
v -0.149414 -0.192383 -0.137695
v -0.161133 -0.194336 -0.139648
v -0.166992 -0.145508 -0.139648
v -0.166992 -0.145508 -0.139648
v -0.155273 -0.145508 -0.137695
v -0.149414 -0.192383 -0.137695
v -0.157227 -0.145508 -0.129883
v -0.163086 -0.192383 -0.133789
v -0.151367 -0.192383 -0.129883
v -0.151367 -0.192383 -0.129883
v -0.163086 -0.192383 -0.133789
v -0.165039 -0.192383 -0.092773
v -0.159180 -0.145508 -0.094727
v -0.157227 -0.145508 -0.129883
v -0.151367 -0.192383 -0.129883
v -0.165039 -0.192383 -0.092773
v -0.153320 -0.192383 -0.090820
v -0.151367 -0.192383 -0.129883
v -0.151367 -0.192383 -0.129883
v -0.153320 -0.192383 -0.090820
v -0.159180 -0.145508 -0.094727
v -0.178711 -0.204102 -0.083008
v -0.170898 -0.194336 -0.151367
v -0.170898 -0.206055 -0.149414
v -0.163086 -0.192383 -0.133789
v -0.161133 -0.194336 -0.139648
v -0.170898 -0.194336 -0.151367
v -0.178711 -0.192383 -0.084961
v -0.163086 -0.192383 -0.133789
v -0.170898 -0.194336 -0.151367
v -0.170898 -0.194336 -0.151367
v -0.178711 -0.204102 -0.083008
v -0.178711 -0.192383 -0.084961
v -0.161133 -0.194336 -0.139648
v -0.163086 -0.192383 -0.133789
v -0.166992 -0.145508 -0.131836
v -0.166992 -0.145508 -0.131836
v -0.166992 -0.145508 -0.139648
v -0.161133 -0.194336 -0.139648
v -0.163086 -0.192383 -0.133789
v -0.157227 -0.145508 -0.129883
v -0.166992 -0.145508 -0.131836
v -0.178711 -0.192383 -0.084961
v -0.165039 -0.192383 -0.092773
v -0.163086 -0.192383 -0.133789
v -0.155273 -0.135742 -0.141602
v -0.155273 -0.145508 -0.139648
v -0.168945 -0.135742 -0.143555
v -0.155273 -0.135742 -0.141602
v -0.168945 -0.135742 -0.143555
v -0.163086 -0.135742 -0.086914
v -0.155273 -0.145508 -0.139648
v -0.155273 -0.145508 -0.137695
v -0.166992 -0.145508 -0.139648
v -0.155273 -0.145508 -0.139648
v -0.168945 -0.145508 -0.141602
v -0.168945 -0.135742 -0.143555
v -0.166992 -0.145508 -0.139648
v -0.168945 -0.145508 -0.141602
v -0.155273 -0.145508 -0.139648
v -0.174805 -0.135742 -0.088867
v -0.168945 -0.135742 -0.143555
v -0.168945 -0.145508 -0.141602
v -0.168945 -0.145508 -0.141602
v -0.166992 -0.145508 -0.139648
v -0.166992 -0.145508 -0.131836
v -0.168945 -0.145508 -0.141602
v -0.166992 -0.145508 -0.131836
v -0.168945 -0.145508 -0.096680
v -0.168945 -0.145508 -0.141602
v -0.168945 -0.145508 -0.096680
v -0.174805 -0.145508 -0.088867
v -0.168945 -0.145508 -0.141602
v -0.174805 -0.145508 -0.088867
v -0.174805 -0.135742 -0.088867
v -0.174805 -0.135742 -0.088867
v -0.163086 -0.135742 -0.086914
v -0.168945 -0.135742 -0.143555
v -0.159180 -0.145508 -0.094727
v -0.166992 -0.145508 -0.131836
v -0.157227 -0.145508 -0.129883
v -0.166992 -0.145508 -0.131836
v -0.159180 -0.145508 -0.094727
v -0.168945 -0.145508 -0.096680
v -0.163086 -0.094727 -0.249023
v -0.163086 -0.108398 -0.239258
v -0.176758 -0.006836 -0.114258
v -0.172852 0.008789 -0.120117
v -0.157227 -0.086914 -0.243164
v -0.163086 -0.094727 -0.249023
v -0.163086 -0.094727 -0.249023
v -0.176758 -0.006836 -0.114258
v -0.176758 0.004883 -0.118164
v -0.163086 -0.094727 -0.249023
v -0.176758 0.004883 -0.118164
v -0.172852 0.008789 -0.120117
v -0.163086 -0.108398 -0.239258
v -0.153320 -0.094727 -0.215820
v -0.176758 -0.000977 -0.104492
v -0.176758 -0.000977 -0.104492
v -0.176758 -0.006836 -0.114258
v -0.163086 -0.108398 -0.239258
v -0.172852 0.008789 -0.120117
v -0.114258 0.006836 -0.114258
v -0.157227 -0.086914 -0.243164
v -0.180664 -0.092773 0.014648
v -0.176758 -0.000977 -0.104492
v -0.153320 -0.094727 -0.215820
v -0.153320 -0.094727 -0.215820
v -0.174805 -0.250977 0.006836
v -0.180664 -0.092773 0.014648
v -0.131836 -0.061523 -0.022461
v -0.122070 -0.049805 -0.000977
v -0.116211 -0.055664 -0.002930
v -0.116211 -0.055664 -0.002930
v -0.122070 -0.049805 -0.000977
v -0.110352 -0.043945 0.012695
v -0.131836 -0.067383 -0.014648
v -0.131836 -0.063477 -0.018555
v -0.116211 -0.055664 -0.002930
v -0.116211 -0.055664 -0.002930
v -0.131836 -0.063477 -0.018555
v -0.131836 -0.061523 -0.022461
v -0.133789 -0.067383 -0.014648
v -0.131836 -0.067383 -0.014648
v -0.116211 -0.055664 -0.002930
v -0.118164 -0.063477 0.002930
v -0.133789 -0.067383 -0.014648
v -0.116211 -0.055664 -0.002930
v -0.104492 -0.049805 0.012695
v -0.118164 -0.063477 0.002930
v -0.116211 -0.055664 -0.002930
v -0.110352 -0.043945 0.012695
v -0.104492 -0.049805 0.012695
v -0.116211 -0.055664 -0.002930
v -0.131836 -0.061523 -0.022461
v -0.137695 -0.057617 -0.024414
v -0.122070 -0.049805 -0.000977
v -0.122070 -0.049805 -0.000977
v -0.137695 -0.057617 -0.024414
v -0.141602 -0.057617 -0.024414
v -0.122070 -0.049805 -0.000977
v -0.141602 -0.057617 -0.024414
v -0.147461 -0.059570 -0.018555
v -0.122070 -0.049805 -0.000977
v -0.147461 -0.059570 -0.018555
v -0.129883 -0.051758 0.004883
v -0.116211 -0.047852 0.020508
v -0.110352 -0.043945 0.012695
v -0.122070 -0.049805 -0.000977
v -0.129883 -0.051758 0.004883
v -0.116211 -0.047852 0.020508
v -0.122070 -0.049805 -0.000977
v -0.153320 -0.192383 -0.090820
v -0.165039 -0.192383 -0.092773
v -0.168945 -0.145508 -0.096680
v -0.168945 -0.145508 -0.096680
v -0.159180 -0.145508 -0.094727
v -0.153320 -0.192383 -0.090820
v -0.155273 -0.192383 -0.084961
v -0.170898 -0.192383 -0.086914
v -0.157227 -0.192383 -0.081055
v -0.161133 -0.145508 -0.088867
v -0.170898 -0.192383 -0.086914
v -0.155273 -0.192383 -0.084961
v -0.157227 -0.204102 -0.081055
v -0.157227 -0.192383 -0.081055
v -0.178711 -0.192383 -0.084961
v -0.178711 -0.192383 -0.084961
v -0.178711 -0.204102 -0.083008
v -0.157227 -0.204102 -0.081055
v -0.178711 -0.192383 -0.084961
v -0.170898 -0.192383 -0.086914
v -0.165039 -0.192383 -0.092773
v -0.165039 -0.192383 -0.092773
v -0.170898 -0.192383 -0.086914
v -0.172852 -0.145508 -0.090820
v -0.172852 -0.145508 -0.090820
v -0.168945 -0.145508 -0.096680
v -0.165039 -0.192383 -0.092773
v -0.178711 -0.192383 -0.084961
v -0.157227 -0.192383 -0.081055
v -0.170898 -0.192383 -0.086914
v -0.170898 -0.192383 -0.086914
v -0.161133 -0.145508 -0.088867
v -0.172852 -0.145508 -0.090820
v -0.168945 -0.145508 -0.096680
v -0.172852 -0.145508 -0.090820
v -0.174805 -0.145508 -0.088867
v -0.161133 -0.145508 -0.088867
v -0.163086 -0.145508 -0.086914
v -0.172852 -0.145508 -0.090820
v -0.163086 -0.145508 -0.086914
v -0.163086 -0.135742 -0.086914
v -0.174805 -0.135742 -0.088867
v -0.174805 -0.145508 -0.088867
v -0.172852 -0.145508 -0.090820
v -0.163086 -0.145508 -0.086914
v -0.174805 -0.135742 -0.088867
v -0.174805 -0.145508 -0.088867
v -0.163086 -0.145508 -0.086914
v -0.178711 -0.157227 -0.000977
v -0.206055 -0.278320 0.204102
v -0.166992 -0.157227 0.000977
v -0.168945 -0.131836 -0.000977
v -0.180664 -0.151367 -0.000977
v -0.180664 -0.131836 -0.002930
v -0.166992 -0.157227 0.000977
v -0.180664 -0.151367 -0.000977
v -0.168945 -0.131836 -0.000977
v -0.168945 -0.131836 -0.000977
v -0.180664 -0.131836 -0.002930
v -0.200195 -0.129883 0.196289
v -0.200195 -0.129883 0.196289
v -0.004883 -0.127930 0.012695
v -0.168945 -0.131836 -0.000977
v -0.219727 -0.129883 0.211914
v -0.180664 -0.131836 -0.002930
v -0.180664 -0.151367 -0.000977
v -0.180664 -0.151367 -0.000977
v -0.166992 -0.157227 0.000977
v -0.219727 -0.149414 0.211914
v -0.180664 -0.151367 -0.000977
v -0.219727 -0.149414 0.211914
v -0.219727 -0.129883 0.211914
v -0.219727 -0.129883 0.211914
v -0.200195 -0.129883 0.196289
v -0.180664 -0.131836 -0.002930
v -0.176758 -0.000977 -0.104492
v -0.182617 -0.004883 -0.116211
v -0.176758 -0.006836 -0.114258
v -0.176758 -0.006836 -0.114258
v -0.182617 -0.004883 -0.116211
v -0.176758 0.004883 -0.118164
v -0.182617 -0.004883 -0.116211
v -0.176758 -0.000977 -0.104492
v -0.182617 -0.000977 -0.104492
v -0.182617 -0.004883 -0.116211
v -0.182617 -0.000977 -0.104492
v -0.180664 0.020508 -0.122070
v -0.180664 0.020508 -0.122070
v -0.176758 0.004883 -0.118164
v -0.182617 -0.004883 -0.116211
v -0.178711 -0.004883 -0.094727
v -0.182617 -0.000977 -0.104492
v -0.176758 -0.000977 -0.104492
v -0.180664 -0.092773 0.014648
v -0.178711 -0.004883 -0.094727
v -0.176758 -0.000977 -0.104492
v -0.182617 -0.000977 -0.104492
v -0.178711 -0.004883 -0.094727
v -0.184570 -0.004883 -0.094727
v -0.182617 -0.000977 -0.104492
v -0.184570 -0.004883 -0.094727
v -0.184570 0.022461 -0.088867
v -0.182617 0.030273 -0.106445
v -0.180664 0.020508 -0.122070
v -0.182617 -0.000977 -0.104492
v -0.184570 0.022461 -0.088867
v -0.182617 0.030273 -0.106445
v -0.182617 -0.000977 -0.104492
v -0.180664 0.004883 -0.090820
v -0.184570 -0.004883 -0.094727
v -0.178711 -0.004883 -0.094727
v -0.192383 -0.106445 0.032227
v -0.180664 0.004883 -0.090820
v -0.178711 -0.004883 -0.094727
v -0.178711 -0.004883 -0.094727
v -0.180664 -0.092773 0.014648
v -0.192383 -0.106445 0.032227
v -0.184570 -0.004883 -0.094727
v -0.180664 0.004883 -0.090820
v -0.184570 0.022461 -0.088867
v -0.118164 -0.063477 0.002930
v -0.141602 -0.065430 -0.012695
v -0.133789 -0.067383 -0.014648
v -0.129883 -0.051758 0.004883
v -0.145508 -0.061523 -0.016602
v -0.141602 -0.065430 -0.012695
v -0.141602 -0.065430 -0.012695
v -0.118164 -0.063477 0.002930
v -0.125977 -0.061523 0.008789
v -0.125977 -0.061523 0.008789
v -0.129883 -0.051758 0.004883
v -0.141602 -0.065430 -0.012695
v -0.147461 -0.059570 -0.018555
v -0.145508 -0.061523 -0.016602
v -0.129883 -0.051758 0.004883
v -0.235352 -0.069336 0.004883
v -0.241211 -0.067383 -0.002930
v -0.227539 -0.065430 -0.004883
v -0.227539 -0.065430 -0.004883
v -0.241211 -0.067383 -0.002930
v -0.219727 -0.061523 0.002930
v -0.227539 -0.065430 -0.004883
v -0.231445 -0.067383 0.002930
v -0.235352 -0.069336 0.004883
v -0.219727 -0.061523 0.002930
v -0.231445 -0.067383 0.002930
v -0.227539 -0.065430 -0.004883
v -0.241211 -0.067383 -0.002930
v -0.235352 -0.069336 0.004883
v -0.237305 -0.069336 0.010742
v -0.237305 -0.069336 0.010742
v -0.247070 -0.069336 0.006836
v -0.241211 -0.067383 -0.002930
v -0.241211 -0.067383 -0.002930
v -0.247070 -0.069336 0.006836
v -0.219727 -0.061523 0.016602
v -0.219727 -0.061523 0.016602
v -0.219727 -0.061523 0.002930
v -0.241211 -0.067383 -0.002930
v -0.239258 -0.057617 -0.000977
v -0.239258 -0.055664 -0.002930
v -0.237305 -0.055664 -0.000977
v -0.237305 -0.055664 -0.000977
v -0.239258 -0.055664 -0.002930
v -0.237305 -0.053711 -0.002930
v -0.239258 -0.055664 0.000977
v -0.239258 -0.057617 -0.000977
v -0.237305 -0.055664 -0.000977
v -0.237305 -0.055664 -0.000977
v -0.237305 -0.053711 -0.002930
v -0.237305 -0.053711 -0.000977
v -0.237305 -0.055664 -0.000977
v -0.237305 -0.053711 -0.000977
v -0.237305 -0.053711 0.000977
v -0.237305 -0.053711 0.000977
v -0.239258 -0.055664 0.000977
v -0.237305 -0.055664 -0.000977
v -0.239258 -0.055664 -0.002930
v -0.239258 -0.057617 -0.000977
v -0.241211 -0.055664 -0.000977
v -0.239258 -0.055664 -0.002930
v -0.241211 -0.055664 -0.000977
v -0.241211 -0.053711 -0.002930
v -0.239258 -0.053711 -0.002930
v -0.237305 -0.053711 -0.002930
v -0.239258 -0.055664 -0.002930
v -0.241211 -0.053711 -0.002930
v -0.239258 -0.053711 -0.002930
v -0.239258 -0.055664 -0.002930
v -0.239258 -0.055664 0.000977
v -0.241211 -0.055664 -0.000977
v -0.239258 -0.057617 -0.000977
v -0.243164 -0.053711 -0.000977
v -0.241211 -0.053711 -0.002930
v -0.241211 -0.055664 -0.000977
v -0.241211 -0.053711 0.000977
v -0.243164 -0.053711 -0.000977
v -0.241211 -0.055664 -0.000977
v -0.241211 -0.055664 -0.000977
v -0.239258 -0.055664 0.000977
v -0.241211 -0.053711 0.000977
v -0.237305 -0.051758 -0.000977
v -0.237305 -0.053711 -0.000977
v -0.237305 -0.053711 -0.002930
v -0.239258 -0.051758 -0.002930
v -0.237305 -0.051758 -0.000977
v -0.237305 -0.053711 -0.002930
v -0.237305 -0.053711 -0.002930
v -0.239258 -0.053711 -0.002930
v -0.239258 -0.051758 -0.002930
v -0.237305 -0.053711 -0.000977
v -0.237305 -0.051758 -0.000977
v -0.237305 -0.053711 0.000977
v -0.237305 -0.051758 -0.000977
v -0.239258 -0.051758 -0.002930
v -0.239258 -0.051758 -0.000977
v -0.237305 -0.051758 -0.000977
v -0.239258 -0.051758 -0.000977
v -0.239258 -0.051758 0.000977
v -0.239258 -0.051758 0.000977
v -0.237305 -0.053711 0.000977
v -0.237305 -0.051758 -0.000977
v -0.241211 -0.053711 -0.002930
v -0.239258 -0.051758 -0.002930
v -0.239258 -0.053711 -0.002930
v -0.239258 -0.051758 -0.002930
v -0.241211 -0.053711 -0.002930
v -0.241211 -0.051758 -0.000977
v -0.241211 -0.051758 -0.000977
v -0.239258 -0.051758 -0.000977
v -0.239258 -0.051758 -0.002930
v -0.243164 -0.053711 -0.000977
v -0.241211 -0.051758 -0.000977
v -0.241211 -0.053711 -0.002930
v -0.239258 -0.051758 -0.000977
v -0.241211 -0.051758 -0.000977
v -0.239258 -0.051758 0.000977
v -0.241211 -0.051758 -0.000977
v -0.243164 -0.053711 -0.000977
v -0.241211 -0.053711 0.000977
v -0.241211 -0.053711 0.000977
v -0.239258 -0.051758 0.000977
v -0.241211 -0.051758 -0.000977
v -0.258789 -0.471680 -0.133789
v -0.272461 -0.485352 -0.133789
v -0.272461 -0.483398 -0.122070
v -0.268555 -0.477539 -0.124023
v -0.258789 -0.461914 -0.125977
v -0.258789 -0.471680 -0.133789
v -0.272461 -0.483398 -0.122070
v -0.268555 -0.477539 -0.124023
v -0.258789 -0.471680 -0.133789
v -0.274414 -0.481445 -0.137695
v -0.274414 -0.499023 -0.129883
v -0.270508 -0.499023 -0.133789
v -0.270508 -0.499023 -0.133789
v -0.270508 -0.483398 -0.139648
v -0.274414 -0.481445 -0.137695
v -0.272461 -0.485352 -0.133789
v -0.274414 -0.499023 -0.131836
v -0.272461 -0.483398 -0.122070
v -0.280273 -0.499023 -0.133789
v -0.274414 -0.499023 -0.129883
v -0.282227 -0.485352 -0.137695
v -0.280273 -0.499023 -0.133789
v -0.276367 -0.499023 -0.129883
v -0.282227 -0.487305 -0.135742
v -0.274414 -0.499023 -0.129883
v -0.274414 -0.481445 -0.137695
v -0.282227 -0.485352 -0.137695
v -0.276367 -0.499023 -0.129883
v -0.280273 -0.499023 -0.125977
v -0.278320 -0.485352 -0.129883
v -0.276367 -0.499023 -0.129883
v -0.278320 -0.485352 -0.129883
v -0.282227 -0.487305 -0.135742
v -0.268555 -0.485352 -0.122070
v -0.278320 -0.499023 -0.125977
v -0.274414 -0.499023 -0.125977
v -0.278320 -0.499023 -0.125977
v -0.268555 -0.485352 -0.122070
v -0.278320 -0.483398 -0.120117
v -0.280273 -0.485352 -0.120117
v -0.278320 -0.485352 -0.129883
v -0.280273 -0.499023 -0.125977
v -0.282227 -0.475586 -0.127930
v -0.282227 -0.487305 -0.135742
v -0.278320 -0.485352 -0.129883
v -0.280273 -0.485352 -0.120117
v -0.282227 -0.475586 -0.127930
v -0.278320 -0.485352 -0.129883
v -0.266602 -0.467773 -0.149414
v -0.274414 -0.481445 -0.137695
v -0.270508 -0.483398 -0.139648
v -0.274414 -0.481445 -0.137695
v -0.266602 -0.467773 -0.149414
v -0.282227 -0.475586 -0.149414
v -0.274414 -0.481445 -0.137695
v -0.282227 -0.475586 -0.149414
v -0.282227 -0.485352 -0.137695
v -0.282227 -0.475586 -0.127930
v -0.288086 -0.473633 -0.133789
v -0.282227 -0.487305 -0.135742
v -0.288086 -0.473633 -0.133789
v -0.282227 -0.475586 -0.127930
v -0.297852 -0.461914 -0.125977
v -0.288086 -0.473633 -0.122070
v -0.297852 -0.461914 -0.125977
v -0.282227 -0.475586 -0.127930
v -0.282227 -0.475586 -0.127930
v -0.280273 -0.485352 -0.120117
v -0.288086 -0.473633 -0.122070
v -0.268555 -0.477539 -0.112305
v -0.278320 -0.483398 -0.120117
v -0.268555 -0.485352 -0.122070
v -0.278320 -0.483398 -0.120117
v -0.268555 -0.477539 -0.112305
v -0.276367 -0.473633 -0.110352
v -0.110352 0.006836 -0.114258
v -0.110352 0.010742 -0.116211
v -0.118164 0.010742 -0.116211
v -0.118164 0.010742 -0.116211
v -0.118164 0.006836 -0.114258
v -0.110352 0.006836 -0.114258
v -0.172852 0.008789 -0.120117
v -0.114258 0.016602 -0.114258
v -0.114258 0.006836 -0.114258
v -0.182617 0.030273 -0.106445
v -0.116211 0.024414 -0.098633
v -0.114258 0.016602 -0.114258
v -0.114258 0.016602 -0.114258
v -0.172852 0.008789 -0.120117
v -0.180664 0.020508 -0.122070
v -0.114258 0.016602 -0.114258
v -0.180664 0.020508 -0.122070
v -0.182617 0.030273 -0.106445
v -0.182617 0.030273 -0.106445
v -0.118164 0.016602 -0.083008
v -0.116211 0.024414 -0.098633
v -0.118164 0.016602 -0.083008
v -0.182617 0.030273 -0.106445
v -0.184570 0.022461 -0.088867
v -0.184570 0.022461 -0.088867
v -0.174805 0.008789 -0.088867
v -0.118164 0.016602 -0.083008
v -0.180664 0.020508 -0.122070
v -0.172852 0.008789 -0.120117
v -0.176758 0.004883 -0.118164
v -0.184570 0.022461 -0.088867
v -0.180664 0.004883 -0.090820
v -0.174805 0.008789 -0.088867
v -0.174805 0.008789 -0.088867
v -0.180664 0.004883 -0.090820
v -0.188477 -0.084961 0.038086
v -0.180664 0.004883 -0.090820
v -0.192383 -0.106445 0.032227
v -0.194336 -0.092773 0.041992
v -0.194336 -0.092773 0.041992
v -0.188477 -0.084961 0.038086
v -0.180664 0.004883 -0.090820
v 0.254883 -0.489258 0.016602
v 0.260742 -0.465820 0.016602
v 0.237305 -0.465820 0.055664
v 0.237305 -0.465820 0.055664
v 0.235352 -0.489258 0.047852
v 0.254883 -0.489258 0.016602
v 0.245117 -0.434570 0.012695
v 0.235352 -0.434570 0.006836
v 0.252930 -0.440430 0.004883
v 0.260742 -0.465820 0.016602
v 0.256836 -0.444336 0.016602
v 0.235352 -0.444336 0.049805
v 0.235352 -0.444336 0.049805
v 0.237305 -0.465820 0.055664
v 0.260742 -0.465820 0.016602
v 0.256836 -0.452148 0.030273
v 0.256836 -0.454102 0.030273
v 0.258789 -0.454102 0.024414
v 0.258789 -0.454102 0.024414
v 0.256836 -0.450195 0.024414
v 0.256836 -0.452148 0.030273
v 0.256836 -0.454102 0.032227
v 0.260742 -0.461914 0.032227
v 0.260742 -0.458008 0.028320
v 0.254883 -0.446289 0.030273
v 0.256836 -0.452148 0.030273
v 0.256836 -0.446289 0.022461
v 0.227539 -0.428711 0.030273
v 0.235352 -0.444336 0.049805
v 0.256836 -0.444336 0.016602
v 0.256836 -0.444336 0.016602
v 0.241211 -0.428711 0.012695
v 0.227539 -0.428711 0.030273
v 0.256836 -0.452148 0.030273
v 0.254883 -0.446289 0.030273
v 0.252930 -0.450195 0.034180
v 0.254883 -0.456055 0.038086
v 0.256836 -0.459961 0.038086
v 0.256836 -0.452148 0.030273
v 0.252930 -0.450195 0.034180
v 0.252930 -0.454102 0.036133
v 0.256836 -0.452148 0.030273
v 0.254883 -0.442383 0.024414
v 0.250977 -0.438477 0.026367
v 0.254883 -0.444336 0.028320
v 0.252930 -0.444336 0.032227
v 0.254883 -0.444336 0.028320
v 0.250977 -0.438477 0.026367
v 0.250977 -0.438477 0.026367
v 0.250977 -0.440430 0.030273
v 0.252930 -0.444336 0.032227
v 0.262695 -0.487305 0.041992
v 0.327148 -0.499023 0.122070
v 0.161133 -0.487305 0.172852
v 0.262695 -0.487305 0.041992
v 0.161133 -0.487305 0.172852
v -0.010742 -0.475586 0.252930
v 0.260742 -0.461914 0.032227
v 0.256836 -0.454102 0.032227
v 0.256836 -0.458008 0.036133
v 0.252930 -0.454102 0.036133
v 0.252930 -0.450195 0.034180
v 0.249023 -0.454102 0.034180
v 0.250977 -0.452148 0.041992
v 0.252930 -0.456055 0.041992
v 0.250977 -0.454102 0.038086
v 0.249023 -0.454102 0.034180
v 0.250977 -0.452148 0.041992
v 0.250977 -0.454102 0.038086
v 0.254883 -0.461914 0.045898
v 0.254883 -0.458008 0.040039
v 0.252930 -0.456055 0.041992
v 0.254883 -0.461914 0.045898
v 0.252930 -0.456055 0.041992
v 0.250977 -0.458008 0.047852
v 0.250977 -0.456055 0.043945
v 0.250977 -0.452148 0.041992
v 0.249023 -0.454102 0.049805
v 0.249023 -0.452148 0.034180
v 0.249023 -0.454102 0.034180
v 0.252930 -0.450195 0.034180
v 0.250977 -0.448242 0.036133
v 0.250977 -0.444336 0.032227
v 0.249023 -0.444336 0.038086
v 0.249023 -0.444336 0.038086
v 0.249023 -0.454102 0.034180
v 0.250977 -0.448242 0.036133
v 0.250977 -0.444336 0.032227
v 0.247070 -0.438477 0.034180
v 0.249023 -0.444336 0.038086
v 0.250977 -0.452148 0.041992
v 0.249023 -0.454102 0.034180
v 0.249023 -0.452148 0.034180
v 0.250977 -0.452148 0.041992
v 0.249023 -0.444336 0.038086
v 0.249023 -0.446289 0.040039
v 0.250977 -0.452148 0.041992
v 0.249023 -0.446289 0.040039
v 0.245117 -0.448242 0.047852
v 0.247070 -0.450195 0.047852
v 0.249023 -0.454102 0.049805
v 0.250977 -0.452148 0.041992
v 0.245117 -0.499023 0.350586
v 0.161133 -0.487305 0.172852
v 0.327148 -0.499023 0.122070
v 0.291992 -0.483398 0.186523
v 0.293945 -0.465820 0.176758
v 0.288086 -0.481445 0.188477
v 0.288086 -0.481445 0.188477
v 0.291992 -0.499023 0.192383
v 0.291992 -0.483398 0.186523
v 0.293945 -0.465820 0.176758
v 0.278320 -0.473633 0.178711
v 0.288086 -0.481445 0.188477
v 0.278320 -0.485352 0.188477
v 0.288086 -0.481445 0.188477
v 0.278320 -0.473633 0.178711
v 0.301758 -0.471680 0.192383
v 0.290039 -0.485352 0.192383
v 0.293945 -0.475586 0.202148
v 0.301758 -0.471680 0.192383
v 0.293945 -0.475586 0.202148
v 0.303711 -0.461914 0.200195
v 0.288086 -0.481445 0.188477
v 0.286133 -0.497070 0.196289
v 0.291992 -0.499023 0.192383
v 0.290039 -0.485352 0.192383
v 0.286133 -0.499023 0.194336
v 0.288086 -0.483398 0.204102
v 0.288086 -0.483398 0.204102
v 0.293945 -0.475586 0.202148
v 0.290039 -0.485352 0.192383
v 0.286133 -0.499023 0.194336
v 0.288086 -0.499023 0.200195
v 0.288086 -0.483398 0.204102
v 0.278320 -0.487305 0.192383
v 0.286133 -0.499023 0.196289
v 0.282227 -0.499023 0.192383
v 0.282227 -0.499023 0.192383
v 0.286133 -0.497070 0.196289
v 0.278320 -0.485352 0.188477
v 0.284180 -0.485352 0.198242
v 0.282227 -0.499023 0.200195
v 0.286133 -0.499023 0.196289
v 0.278320 -0.487305 0.192383
v 0.284180 -0.485352 0.198242
v 0.286133 -0.499023 0.196289
v 0.286133 -0.497070 0.196289
v 0.288086 -0.481445 0.188477
v 0.278320 -0.485352 0.188477
v 0.288086 -0.499023 0.200195
v 0.282227 -0.497070 0.200195
v 0.291992 -0.483398 0.206055
v 0.282227 -0.499023 0.200195
v 0.284180 -0.485352 0.198242
v 0.282227 -0.485352 0.206055
v 0.282227 -0.481445 0.208008
v 0.291992 -0.483398 0.206055
v 0.282227 -0.497070 0.200195
v 0.280273 -0.473633 0.198242
v 0.282227 -0.485352 0.206055
v 0.284180 -0.485352 0.198242
v 0.284180 -0.485352 0.198242
v 0.278320 -0.487305 0.192383
v 0.280273 -0.473633 0.198242
v 0.282227 -0.485352 0.206055
v 0.280273 -0.473633 0.198242
v 0.278320 -0.473633 0.206055
v 0.291992 -0.483398 0.206055
v 0.282227 -0.481445 0.208008
v 0.293945 -0.477539 0.213867
v 0.284180 -0.473633 0.217773
v 0.293945 -0.477539 0.213867
v 0.282227 -0.481445 0.208008
v 0.278320 -0.487305 0.192383
v 0.272461 -0.473633 0.194336
v 0.280273 -0.473633 0.198242
v 0.268555 -0.461914 0.204102
v 0.280273 -0.473633 0.198242
v 0.272461 -0.473633 0.194336
v 0.268555 -0.461914 0.204102
v 0.278320 -0.473633 0.206055
v 0.280273 -0.473633 0.198242
v 0.235352 -0.489258 0.047852
v 0.237305 -0.465820 0.055664
v 0.204102 -0.489258 0.057617
v 0.247070 -0.440430 0.038086
v 0.249023 -0.444336 0.038086
v 0.247070 -0.438477 0.034180
v 0.245117 -0.442383 0.045898
v 0.247070 -0.446289 0.043945
v 0.249023 -0.444336 0.038086
v 0.249023 -0.444336 0.038086
v 0.245117 -0.438477 0.041992
v 0.245117 -0.442383 0.045898
v 0.211914 -0.426758 0.016602
v 0.229492 -0.426758 0.026367
v 0.219727 -0.438477 0.038086
v 0.219727 -0.438477 0.038086
v 0.229492 -0.426758 0.026367
v 0.223633 -0.418945 0.032227
v 0.209961 -0.430664 0.030273
v 0.211914 -0.426758 0.016602
v 0.219727 -0.438477 0.038086
v 0.204102 -0.430664 0.045898
v 0.209961 -0.430664 0.030273
v 0.219727 -0.438477 0.038086
v 0.223633 -0.418945 0.032227
v 0.223633 -0.424805 0.040039
v 0.219727 -0.438477 0.038086
v 0.219727 -0.438477 0.038086
v 0.223633 -0.424805 0.040039
v 0.209961 -0.420898 0.043945
v 0.209961 -0.420898 0.043945
v 0.204102 -0.430664 0.045898
v 0.219727 -0.438477 0.038086
v 0.237305 -0.465820 0.055664
v 0.235352 -0.444336 0.049805
v 0.204102 -0.444336 0.059570
v 0.202148 -0.465820 0.065430
v 0.204102 -0.489258 0.057617
v 0.237305 -0.465820 0.055664
v 0.237305 -0.465820 0.055664
v 0.204102 -0.444336 0.059570
v 0.202148 -0.465820 0.065430
v 0.211914 -0.428711 0.036133
v 0.204102 -0.444336 0.059570
v 0.235352 -0.444336 0.049805
v 0.235352 -0.444336 0.049805
v 0.227539 -0.428711 0.030273
v 0.211914 -0.428711 0.036133
v 0.202148 -0.465820 0.065430
v 0.184570 -0.489258 0.036133
v 0.204102 -0.489258 0.057617
v 0.211914 -0.428711 0.036133
v 0.198242 -0.428711 0.024414
v 0.204102 -0.444336 0.059570
v 0.204102 -0.444336 0.059570
v 0.198242 -0.428711 0.024414
v 0.182617 -0.444336 0.038086
v 0.204102 -0.444336 0.059570
v 0.182617 -0.444336 0.038086
v 0.202148 -0.465820 0.065430
v 0.235352 -0.434570 0.014648
v 0.249023 -0.430664 0.008789
v 0.247070 -0.424805 0.006836
v 0.247070 -0.424805 0.006836
v 0.243164 -0.426758 0.012695
v 0.235352 -0.434570 0.014648
v 0.241211 -0.420898 0.004883
v 0.243164 -0.426758 0.012695
v 0.247070 -0.424805 0.006836
v 0.235352 -0.434570 0.006836
v 0.245117 -0.434570 0.012695
v 0.231445 -0.424805 0.016602
v 0.231445 -0.424805 0.016602
v 0.245117 -0.434570 0.012695
v 0.239258 -0.428711 0.004883
v 0.237305 -0.422852 0.014648
v 0.235352 -0.434570 0.014648
v 0.243164 -0.426758 0.012695
v 0.241211 -0.420898 0.004883
v 0.237305 -0.422852 0.014648
v 0.243164 -0.426758 0.012695
v 0.241211 -0.428711 0.012695
v 0.219727 -0.420898 0.006836
v 0.227539 -0.428711 0.030273
v 0.211914 -0.428711 0.036133
v 0.227539 -0.428711 0.030273
v 0.219727 -0.420898 0.006836
v 0.219727 -0.420898 0.006836
v 0.198242 -0.428711 0.000977
v 0.198242 -0.428711 0.024414
v 0.219727 -0.420898 0.006836
v 0.198242 -0.428711 0.024414
v 0.211914 -0.428711 0.036133
v 0.211914 -0.426758 0.016602
v 0.219727 -0.416992 0.024414
v 0.229492 -0.426758 0.026367
v 0.229492 -0.426758 0.026367
v 0.219727 -0.416992 0.024414
v 0.223633 -0.418945 0.032227
v 0.219727 -0.416992 0.024414
v 0.211914 -0.426758 0.016602
v 0.204102 -0.413086 0.030273
v 0.219727 -0.416992 0.024414
v 0.204102 -0.413086 0.030273
v 0.213867 -0.415039 0.034180
v 0.213867 -0.415039 0.034180
v 0.223633 -0.418945 0.032227
v 0.219727 -0.416992 0.024414
v 0.182617 -0.444336 0.038086
v 0.198242 -0.428711 0.024414
v 0.198242 -0.428711 0.000977
v 0.202148 -0.430664 0.008789
v 0.180664 -0.438477 0.002930
v 0.186523 -0.446289 0.012695
v 0.211914 -0.426758 0.016602
v 0.209961 -0.430664 0.030273
v 0.204102 -0.413086 0.030273
v 0.204102 -0.430664 0.045898
v 0.204102 -0.413086 0.030273
v 0.209961 -0.430664 0.030273
v 0.204102 -0.413086 0.030273
v 0.204102 -0.430664 0.045898
v 0.209961 -0.420898 0.043945
v 0.209961 -0.420898 0.043945
v 0.213867 -0.415039 0.034180
v 0.204102 -0.413086 0.030273
v 0.223633 -0.424805 0.040039
v 0.223633 -0.418945 0.032227
v 0.213867 -0.415039 0.034180
v 0.223633 -0.424805 0.040039
v 0.213867 -0.415039 0.034180
v 0.209961 -0.420898 0.043945
v 0.202148 -0.465820 0.065430
v 0.178711 -0.465820 0.040039
v 0.184570 -0.489258 0.036133
v 0.202148 -0.465820 0.065430
v 0.182617 -0.444336 0.038086
v 0.178711 -0.465820 0.040039
v 0.022461 -0.448242 0.256836
v 0.168945 -0.448242 0.067383
v 0.163086 -0.440430 0.059570
v 0.163086 -0.440430 0.059570
v 0.157227 -0.250977 0.040039
v 0.032227 -0.440430 0.141602
v 0.163086 -0.440430 0.059570
v 0.032227 -0.440430 0.141602
v 0.018555 -0.440430 0.250977
v 0.018555 -0.440430 0.250977
v 0.022461 -0.448242 0.256836
v 0.163086 -0.440430 0.059570
v 0.112305 -0.479492 0.157227
v 0.127930 -0.477539 0.063477
v 0.127930 -0.467773 0.061523
v 0.127930 -0.467773 0.061523
v 0.102539 -0.469727 0.059570
v 0.088867 -0.467773 0.153320
v 0.127930 -0.467773 0.061523
v 0.088867 -0.467773 0.153320
v 0.112305 -0.467773 0.157227
v 0.112305 -0.467773 0.157227
v 0.112305 -0.479492 0.157227
v 0.127930 -0.467773 0.061523
v 0.170898 -0.489258 0.071289
v 0.168945 -0.448242 0.067383
v 0.024414 -0.489258 0.258789
v 0.022461 -0.448242 0.256836
v 0.024414 -0.489258 0.258789
v 0.168945 -0.448242 0.067383
v 0.153320 -0.489258 0.069336
v 0.153320 -0.477539 0.065430
v 0.137695 -0.489258 0.163086
v 0.153320 -0.477539 0.065430
v 0.127930 -0.477539 0.063477
v 0.112305 -0.479492 0.157227
v 0.137695 -0.477539 0.163086
v 0.137695 -0.489258 0.163086
v 0.153320 -0.477539 0.065430
v 0.112305 -0.479492 0.157227
v 0.137695 -0.477539 0.163086
v 0.153320 -0.477539 0.065430
v 0.137695 -0.338867 0.012695
v 0.165039 -0.336914 0.010742
v 0.166992 -0.362305 0.010742
v 0.166992 -0.362305 0.010742
v 0.165039 -0.336914 0.010742
v 0.161133 -0.364258 0.051758
v 0.166992 -0.362305 0.010742
v 0.137695 -0.362305 0.012695
v 0.137695 -0.338867 0.012695
v 0.161133 -0.364258 0.051758
v 0.137695 -0.362305 0.012695
v 0.166992 -0.362305 0.010742
v 0.165039 -0.336914 0.010742
v 0.137695 -0.338867 0.012695
v 0.161133 -0.336914 0.049805
v 0.161133 -0.336914 0.049805
v 0.161133 -0.364258 0.051758
v 0.165039 -0.336914 0.010742
v 0.137695 -0.362305 0.012695
v 0.161133 -0.364258 0.051758
v 0.131836 -0.362305 0.049805
v 0.131836 -0.338867 0.045898
v 0.161133 -0.336914 0.049805
v 0.137695 -0.338867 0.012695
v 0.161133 -0.364258 0.051758
v 0.161133 -0.336914 0.049805
v 0.131836 -0.338867 0.045898
v 0.131836 -0.338867 0.045898
v 0.131836 -0.362305 0.049805
v 0.161133 -0.364258 0.051758
v 0.172852 -0.282227 0.008789
v 0.172852 -0.268555 0.008789
v 0.149414 -0.280273 0.004883
v 0.172852 -0.268555 0.008789
v 0.163086 -0.266602 0.004883
v 0.151367 -0.266602 0.006836
v 0.151367 -0.266602 0.006836
v 0.149414 -0.280273 0.004883
v 0.172852 -0.268555 0.008789
v 0.163086 -0.266602 0.004883
v 0.151367 -0.266602 0.002930
v 0.151367 -0.266602 0.006836
v 0.155273 -0.215820 0.006836
v 0.151367 -0.266602 0.002930
v 0.163086 -0.266602 0.004883
v 0.163086 -0.266602 0.004883
v 0.166992 -0.215820 0.000977
v 0.166992 -0.215820 0.006836
v 0.163086 -0.266602 0.004883
v 0.166992 -0.215820 0.006836
v 0.155273 -0.215820 0.006836
v 0.157227 -0.250977 0.040039
v 0.163086 -0.084961 0.047852
v -0.180664 -0.092773 0.014648
v -0.174805 -0.250977 0.006836
v -0.170898 -0.280273 0.006836
v 0.157227 -0.250977 0.040039
v -0.180664 -0.092773 0.014648
v -0.174805 -0.250977 0.006836
v 0.157227 -0.250977 0.040039
v 0.102539 -0.469727 0.059570
v 0.102539 -0.456055 0.055664
v 0.088867 -0.467773 0.153320
v 0.102539 -0.456055 0.055664
v 0.079102 -0.458008 0.055664
v 0.063477 -0.458008 0.147461
v 0.088867 -0.456055 0.153320
v 0.088867 -0.467773 0.153320
v 0.102539 -0.456055 0.055664
v 0.063477 -0.458008 0.147461
v 0.088867 -0.456055 0.153320
v 0.102539 -0.456055 0.055664
v 0.079102 -0.458008 0.055664
v 0.079102 -0.446289 0.051758
v 0.063477 -0.458008 0.147461
v 0.079102 -0.446289 0.051758
v 0.053711 -0.448242 0.049805
v 0.040039 -0.448242 0.143555
v 0.063477 -0.446289 0.147461
v 0.063477 -0.458008 0.147461
v 0.079102 -0.446289 0.051758
v 0.040039 -0.448242 0.143555
v 0.063477 -0.446289 0.147461
v 0.079102 -0.446289 0.051758
v 0.032227 -0.440430 0.141602
v 0.053711 -0.448242 0.049805
v 0.045898 -0.440430 0.045898
v 0.045898 -0.440430 0.045898
v 0.045898 -0.299805 0.026367
v 0.032227 -0.440430 0.141602
v 0.032227 -0.440430 0.141602
v 0.040039 -0.448242 0.143555
v 0.053711 -0.448242 0.049805
v 0.055664 -0.448242 0.059570
v 0.038086 -0.448242 0.055664
v 0.036133 -0.333008 0.045898
v 0.053711 -0.333008 0.049805
v 0.051758 -0.448242 0.073242
v 0.055664 -0.448242 0.059570
v 0.055664 -0.448242 0.059570
v 0.036133 -0.333008 0.045898
v 0.053711 -0.333008 0.049805
v 0.051758 -0.344727 0.063477
v 0.040039 -0.448242 0.071289
v 0.051758 -0.448242 0.073242
v 0.051758 -0.448242 0.073242
v 0.053711 -0.333008 0.049805
v 0.051758 -0.344727 0.063477
v 0.028320 -0.344727 0.116211
v 0.030273 -0.448242 0.122070
v 0.040039 -0.448242 0.071289
v 0.051758 -0.344727 0.063477
v 0.038086 -0.344727 0.061523
v 0.040039 -0.448242 0.071289
v 0.040039 -0.448242 0.071289
v 0.038086 -0.344727 0.061523
v 0.028320 -0.344727 0.116211
v 0.030273 -0.448242 0.122070
v 0.028320 -0.344727 0.116211
v 0.043945 -0.448242 0.125977
v 0.036133 -0.405273 0.106445
v 0.036133 -0.385742 0.106445
v 0.034180 -0.405273 0.114258
v 0.020508 -0.385742 0.104492
v 0.036133 -0.385742 0.106445
v 0.036133 -0.405273 0.106445
v 0.036133 -0.405273 0.106445
v 0.034180 -0.405273 0.114258
v 0.020508 -0.405273 0.104492
v 0.036133 -0.405273 0.106445
v 0.020508 -0.405273 0.104492
v 0.020508 -0.385742 0.104492
v 0.034180 -0.385742 0.114258
v 0.034180 -0.405273 0.114258
v 0.036133 -0.385742 0.106445
v 0.020508 -0.385742 0.104492
v 0.034180 -0.385742 0.114258
v 0.036133 -0.385742 0.106445
v 0.034180 -0.405273 0.114258
v 0.034180 -0.385742 0.114258
v 0.018555 -0.385742 0.112305
v 0.020508 -0.405273 0.112305
v 0.020508 -0.405273 0.104492
v 0.034180 -0.405273 0.114258
v 0.018555 -0.385742 0.112305
v 0.020508 -0.405273 0.112305
v 0.034180 -0.405273 0.114258
v 0.034180 -0.385742 0.114258
v 0.020508 -0.385742 0.104492
v 0.018555 -0.385742 0.112305
v 0.069336 -0.293945 0.028320
v 0.069336 -0.272461 0.024414
v 0.030273 -0.272461 0.258789
v 0.014648 -0.301758 0.243164
v 0.045898 -0.299805 0.026367
v 0.069336 -0.293945 0.028320
v 0.030273 -0.293945 0.258789
v 0.014648 -0.301758 0.243164
v 0.069336 -0.293945 0.028320
v 0.030273 -0.272461 0.258789
v 0.030273 -0.293945 0.258789
v 0.069336 -0.293945 0.028320
v 0.069336 -0.272461 0.024414
v 0.034180 -0.274414 0.020508
v 0.002930 -0.274414 0.235352
v 0.069336 -0.272461 0.024414
v 0.002930 -0.274414 0.235352
v 0.030273 -0.272461 0.258789
v 0.038086 -0.344727 0.061523
v 0.051758 -0.344727 0.063477
v 0.041992 -0.344727 0.118164
v 0.038086 -0.344727 0.061523
v 0.041992 -0.344727 0.118164
v 0.028320 -0.344727 0.116211
v 0.022461 -0.334961 0.125977
v 0.053711 -0.333008 0.049805
v 0.036133 -0.333008 0.045898
v 0.040039 -0.334961 0.129883
v 0.051758 -0.344727 0.063477
v 0.053711 -0.333008 0.049805
v 0.022461 -0.334961 0.125977
v 0.040039 -0.334961 0.129883
v 0.053711 -0.333008 0.049805
v 0.014648 -0.301758 0.243164
v 0.032227 -0.440430 0.141602
v 0.045898 -0.299805 0.026367
v 0.059570 -0.274414 0.022461
v 0.051758 -0.274414 0.022461
v 0.059570 -0.245117 0.022461
v 0.057617 -0.245117 0.030273
v 0.059570 -0.274414 0.030273
v 0.059570 -0.274414 0.022461
v 0.059570 -0.274414 0.022461
v 0.059570 -0.245117 0.022461
v 0.057617 -0.245117 0.030273
v 0.051758 -0.274414 0.022461
v 0.051758 -0.274414 0.030273
v 0.051758 -0.245117 0.022461
v 0.051758 -0.245117 0.022461
v 0.059570 -0.245117 0.022461
v 0.051758 -0.274414 0.022461
v 0.049805 -0.245117 0.028320
v 0.051758 -0.274414 0.030273
v 0.059570 -0.274414 0.030273
v 0.059570 -0.274414 0.030273
v 0.057617 -0.245117 0.030273
v 0.049805 -0.245117 0.028320
v 0.049805 -0.245117 0.028320
v 0.051758 -0.245117 0.022461
v 0.051758 -0.274414 0.030273
v -0.002930 -0.151367 0.229492
v 0.002930 -0.274414 0.235352
v 0.034180 -0.274414 0.020508
v 0.034180 -0.274414 0.020508
v 0.026367 -0.151367 0.014648
v -0.002930 -0.151367 0.229492
v 0.040039 -0.334961 0.129883
v 0.041992 -0.344727 0.118164
v 0.051758 -0.344727 0.063477
v 0.043945 -0.448242 0.125977
v 0.028320 -0.344727 0.116211
v 0.041992 -0.344727 0.118164
v 0.040039 -0.334961 0.129883
v 0.043945 -0.448242 0.125977
v 0.041992 -0.344727 0.118164
v 0.155273 -0.458008 0.165039
v 0.159180 -0.489258 0.178711
v 0.163086 -0.489258 0.166992
v 0.118164 -0.489258 0.157227
v 0.155273 -0.458008 0.165039
v 0.163086 -0.489258 0.166992
v 0.161133 -0.487305 0.172852
v 0.245117 -0.499023 0.350586
v 0.108398 -0.499023 0.446289
v 0.161133 -0.487305 0.172852
v 0.108398 -0.499023 0.446289
v -0.010742 -0.475586 0.252930
v 0.159180 -0.489258 0.178711
v 0.155273 -0.458008 0.165039
v 0.153320 -0.458008 0.176758
v 0.159180 -0.489258 0.178711
v 0.153320 -0.458008 0.176758
v 0.104492 -0.413086 0.165039
v 0.104492 -0.413086 0.165039
v 0.116211 -0.489258 0.168945
v 0.159180 -0.489258 0.178711
v 0.161133 -0.481445 0.194336
v 0.166992 -0.463867 0.182617
v 0.161133 -0.473633 0.184570
v 0.161133 -0.473633 0.184570
v 0.161133 -0.487305 0.194336
v 0.161133 -0.481445 0.194336
v 0.161133 -0.481445 0.194336
v 0.170898 -0.477539 0.190430
v 0.166992 -0.463867 0.182617
v 0.059570 -0.489258 0.166992
v 0.149414 -0.473633 0.182617
v 0.149414 -0.489258 0.182617
v 0.149414 -0.489258 0.182617
v 0.149414 -0.473633 0.182617
v 0.127930 -0.489258 0.327148
v 0.059570 -0.473633 0.166992
v 0.139648 -0.473633 0.190430
v 0.149414 -0.473633 0.182617
v 0.149414 -0.473633 0.182617
v 0.139648 -0.473633 0.190430
v 0.127930 -0.473633 0.327148
v 0.149414 -0.473633 0.182617
v 0.059570 -0.489258 0.166992
v 0.059570 -0.473633 0.166992
v 0.127930 -0.473633 0.327148
v 0.127930 -0.489258 0.327148
v 0.149414 -0.473633 0.182617
v 0.137695 -0.430664 0.161133
v 0.153320 -0.458008 0.176758
v 0.155273 -0.458008 0.165039
v 0.118164 -0.489258 0.157227
v 0.137695 -0.430664 0.161133
v 0.155273 -0.458008 0.165039
v 0.153320 -0.458008 0.176758
v 0.137695 -0.430664 0.161133
v 0.135742 -0.430664 0.172852
v 0.153320 -0.458008 0.176758
v 0.135742 -0.430664 0.172852
v 0.104492 -0.413086 0.165039
v 0.143555 -0.461914 0.186523
v 0.139648 -0.473633 0.190430
v 0.065430 -0.473633 0.178711
v 0.120117 -0.473633 0.315430
v 0.139648 -0.473633 0.190430
v 0.143555 -0.461914 0.186523
v 0.063477 -0.461914 0.172852
v 0.137695 -0.454102 0.192383
v 0.143555 -0.461914 0.186523
v 0.143555 -0.461914 0.186523
v 0.137695 -0.454102 0.192383
v 0.120117 -0.454102 0.315430
v 0.143555 -0.461914 0.186523
v 0.065430 -0.473633 0.178711
v 0.063477 -0.461914 0.172852
v 0.122070 -0.461914 0.323242
v 0.120117 -0.473633 0.315430
v 0.143555 -0.461914 0.186523
v 0.143555 -0.461914 0.186523
v 0.120117 -0.454102 0.315430
v 0.122070 -0.461914 0.323242
v 0.106445 -0.413086 0.153320
v 0.135742 -0.430664 0.172852
v 0.137695 -0.430664 0.161133
v 0.137695 -0.430664 0.161133
v 0.118164 -0.489258 0.157227
v 0.106445 -0.413086 0.153320
v 0.135742 -0.430664 0.172852
v 0.106445 -0.413086 0.153320
v 0.104492 -0.413086 0.165039
v 0.176758 -0.483398 0.204102
v 0.186523 -0.479492 0.196289
v 0.176758 -0.485352 0.194336
v 0.176758 -0.485352 0.194336
v 0.170898 -0.499023 0.198242
v 0.168945 -0.499023 0.202148
v 0.176758 -0.485352 0.194336
v 0.168945 -0.499023 0.202148
v 0.176758 -0.483398 0.204102
v 0.166992 -0.485352 0.200195
v 0.172852 -0.475586 0.202148
v 0.174805 -0.485352 0.198242
v 0.174805 -0.485352 0.198242
v 0.170898 -0.499023 0.198242
v 0.165039 -0.499023 0.198242
v 0.176758 -0.487305 0.206055
v 0.170898 -0.499023 0.198242
v 0.174805 -0.485352 0.198242
v 0.174805 -0.485352 0.198242
v 0.165039 -0.499023 0.198242
v 0.166992 -0.485352 0.200195
v 0.176758 -0.483398 0.204102
v 0.186523 -0.475586 0.206055
v 0.186523 -0.479492 0.196289
v 0.172852 -0.475586 0.202148
v 0.166992 -0.485352 0.200195
v 0.161133 -0.489258 0.206055
v 0.172852 -0.475586 0.202148
v 0.161133 -0.489258 0.206055
v 0.165039 -0.475586 0.211914
v 0.172852 -0.475586 0.202148
v 0.165039 -0.475586 0.211914
v 0.174805 -0.463867 0.213867
v 0.157227 -0.485352 0.202148
v 0.163086 -0.499023 0.202148
v 0.165039 -0.499023 0.192383
v 0.159180 -0.483398 0.190430
v 0.157227 -0.485352 0.202148
v 0.165039 -0.499023 0.192383
v 0.161133 -0.487305 0.194336
v 0.166992 -0.499023 0.198242
v 0.161133 -0.481445 0.194336
v 0.161133 -0.481445 0.194336
v 0.166992 -0.499023 0.198242
v 0.170898 -0.499023 0.198242
v 0.170898 -0.499023 0.198242
v 0.170898 -0.477539 0.190430
v 0.161133 -0.481445 0.194336
v 0.170898 -0.499023 0.198242
v 0.176758 -0.487305 0.206055
v 0.170898 -0.499023 0.204102
v 0.161133 -0.489258 0.206055
v 0.166992 -0.485352 0.200195
v 0.165039 -0.499023 0.198242
v 0.157227 -0.485352 0.202148
v 0.159180 -0.483398 0.190430
v 0.151367 -0.467773 0.188477
v 0.151367 -0.467773 0.188477
v 0.151367 -0.475586 0.198242
v 0.157227 -0.485352 0.202148
v 0.059570 -0.473633 0.166992
v 0.065430 -0.473633 0.178711
v 0.139648 -0.473633 0.190430
v 0.139648 -0.473633 0.190430
v 0.065430 -0.473633 0.178711
v 0.120117 -0.473633 0.317383
v 0.120117 -0.473633 0.317383
v 0.127930 -0.473633 0.327148
v 0.139648 -0.473633 0.190430
v 0.120117 -0.432617 0.206055
v 0.125977 -0.475586 0.198242
v 0.125977 -0.477539 0.200195
v 0.125977 -0.477539 0.200195
v 0.125977 -0.475586 0.200195
v 0.118164 -0.432617 0.206055
v 0.118164 -0.432617 0.206055
v 0.120117 -0.432617 0.206055
v 0.125977 -0.477539 0.200195
v 0.120117 -0.432617 0.206055
v 0.125977 -0.475586 0.200195
v 0.125977 -0.475586 0.198242
v 0.125977 -0.475586 0.200195
v 0.120117 -0.432617 0.206055
v 0.120117 -0.432617 0.208008
v 0.120117 -0.432617 0.208008
v 0.118164 -0.432617 0.206055
v 0.125977 -0.475586 0.200195
v 0.067383 -0.454102 0.180664
v 0.133789 -0.454102 0.194336
v 0.137695 -0.454102 0.192383
v 0.137695 -0.454102 0.192383
v 0.133789 -0.454102 0.194336
v 0.116211 -0.454102 0.311523
v 0.137695 -0.454102 0.192383
v 0.063477 -0.461914 0.172852
v 0.067383 -0.454102 0.180664
v 0.137695 -0.454102 0.192383
v 0.116211 -0.454102 0.311523
v 0.120117 -0.454102 0.315430
v 0.133789 -0.459961 0.194336
v 0.133789 -0.454102 0.194336
v 0.069336 -0.454102 0.184570
v 0.116211 -0.459961 0.311523
v 0.133789 -0.454102 0.194336
v 0.133789 -0.459961 0.194336
v 0.069336 -0.454102 0.184570
v 0.069336 -0.459961 0.184570
v 0.133789 -0.459961 0.194336
v 0.133789 -0.459961 0.194336
v 0.069336 -0.459961 0.184570
v 0.051758 -0.459961 0.301758
v 0.051758 -0.459961 0.301758
v 0.116211 -0.459961 0.311523
v 0.133789 -0.459961 0.194336
v 0.133789 -0.454102 0.194336
v 0.067383 -0.454102 0.180664
v 0.069336 -0.454102 0.184570
v 0.133789 -0.454102 0.194336
v 0.116211 -0.459961 0.311523
v 0.116211 -0.454102 0.311523
v 0.125977 -0.430664 0.192383
v 0.133789 -0.444336 0.196289
v 0.129883 -0.438477 0.190430
v 0.125977 -0.428711 0.204102
v 0.131836 -0.438477 0.208008
v 0.133789 -0.444336 0.196289
v 0.133789 -0.444336 0.196289
v 0.125977 -0.430664 0.192383
v 0.125977 -0.428711 0.204102
v 0.125977 -0.428711 0.204102
v 0.131836 -0.440430 0.217773
v 0.131836 -0.438477 0.208008
v 0.131836 -0.440430 0.217773
v 0.125977 -0.428711 0.204102
v 0.125977 -0.428711 0.213867
v 0.131836 -0.440430 0.217773
v 0.125977 -0.428711 0.213867
v 0.127930 -0.434570 0.225586
v 0.061523 -0.473633 0.209961
v 0.133789 -0.458008 0.221680
v 0.133789 -0.473633 0.221680
v 0.133789 -0.473633 0.221680
v 0.133789 -0.458008 0.221680
v 0.124023 -0.458008 0.288086
v 0.124023 -0.458008 0.288086
v 0.124023 -0.473633 0.288086
v 0.133789 -0.473633 0.221680
v 0.061523 -0.458008 0.209961
v 0.133789 -0.458008 0.227539
v 0.133789 -0.458008 0.221680
v 0.133789 -0.458008 0.221680
v 0.133789 -0.458008 0.227539
v 0.124023 -0.458008 0.282227
v 0.133789 -0.458008 0.221680
v 0.061523 -0.473633 0.209961
v 0.061523 -0.458008 0.209961
v 0.133789 -0.458008 0.221680
v 0.124023 -0.458008 0.282227
v 0.124023 -0.458008 0.288086
v 0.061523 -0.458008 0.213867
v 0.129883 -0.459961 0.229492
v 0.133789 -0.458008 0.227539
v 0.133789 -0.458008 0.227539
v 0.129883 -0.459961 0.229492
v 0.122070 -0.459961 0.280273
v 0.133789 -0.458008 0.227539
v 0.061523 -0.458008 0.209961
v 0.061523 -0.458008 0.213867
v 0.133789 -0.458008 0.227539
v 0.122070 -0.459961 0.280273
v 0.124023 -0.458008 0.282227
v 0.061523 -0.458008 0.213867
v 0.065430 -0.459961 0.217773
v 0.129883 -0.459961 0.229492
v 0.129883 -0.459961 0.229492
v 0.065430 -0.459961 0.217773
v 0.122070 -0.459961 0.280273
v 0.125977 -0.416992 0.208008
v 0.125977 -0.426758 0.213867
v 0.125977 -0.430664 0.206055
v 0.125977 -0.430664 0.206055
v 0.125977 -0.426758 0.213867
v 0.116211 -0.434570 0.206055
v 0.122070 -0.420898 0.198242
v 0.125977 -0.416992 0.208008
v 0.125977 -0.430664 0.206055
v 0.116211 -0.434570 0.206055
v 0.122070 -0.420898 0.198242
v 0.125977 -0.430664 0.206055
v 0.124023 -0.426758 0.221680
v 0.127930 -0.434570 0.225586
v 0.125977 -0.428711 0.213867
v 0.125977 -0.426758 0.213867
v 0.125977 -0.416992 0.208008
v 0.122070 -0.418945 0.221680
v 0.125977 -0.416992 0.208008
v 0.122070 -0.420898 0.198242
v 0.118164 -0.409180 0.204102
v 0.125977 -0.416992 0.208008
v 0.118164 -0.409180 0.204102
v 0.114258 -0.405273 0.213867
v 0.125977 -0.416992 0.208008
v 0.114258 -0.405273 0.213867
v 0.118164 -0.411133 0.219727
v 0.118164 -0.411133 0.219727
v 0.122070 -0.418945 0.221680
v 0.125977 -0.416992 0.208008
v 0.106445 -0.413086 0.153320
v 0.118164 -0.489258 0.157227
v 0.071289 -0.489258 0.147461
v 0.067383 -0.411133 0.145508
v 0.106445 -0.413086 0.153320
v 0.071289 -0.489258 0.147461
v 0.024414 -0.489258 0.139648
v 0.067383 -0.411133 0.145508
v 0.071289 -0.489258 0.147461
v 0.065430 -0.411133 0.157227
v 0.069336 -0.489258 0.159180
v 0.116211 -0.489258 0.168945
v 0.116211 -0.489258 0.168945
v 0.104492 -0.413086 0.165039
v 0.065430 -0.411133 0.157227
v 0.069336 -0.489258 0.159180
v 0.065430 -0.411133 0.157227
v 0.018555 -0.426758 0.149414
v 0.018555 -0.426758 0.149414
v 0.022461 -0.489258 0.151367
v 0.069336 -0.489258 0.159180
v 0.047852 -0.473633 0.303711
v 0.063477 -0.461914 0.172852
v 0.065430 -0.473633 0.178711
v 0.065430 -0.473633 0.178711
v 0.059570 -0.473633 0.166992
v 0.038086 -0.473633 0.311523
v 0.038086 -0.473633 0.311523
v 0.045898 -0.473633 0.305664
v 0.065430 -0.473633 0.178711
v 0.065430 -0.473633 0.178711
v 0.045898 -0.473633 0.305664
v 0.120117 -0.473633 0.317383
v 0.043945 -0.461914 0.309570
v 0.067383 -0.454102 0.180664
v 0.063477 -0.461914 0.172852
v 0.063477 -0.461914 0.172852
v 0.047852 -0.473633 0.303711
v 0.043945 -0.461914 0.309570
v 0.047852 -0.454102 0.303711
v 0.069336 -0.454102 0.184570
v 0.067383 -0.454102 0.180664
v 0.043945 -0.461914 0.309570
v 0.047852 -0.454102 0.303711
v 0.067383 -0.454102 0.180664
v 0.069336 -0.459961 0.184570
v 0.069336 -0.454102 0.184570
v 0.051758 -0.454102 0.301758
v 0.051758 -0.454102 0.301758
v 0.051758 -0.459961 0.301758
v 0.069336 -0.459961 0.184570
v 0.047852 -0.454102 0.303711
v 0.051758 -0.454102 0.301758
v 0.069336 -0.454102 0.184570
v 0.106445 -0.413086 0.153320
v 0.067383 -0.411133 0.145508
v 0.104492 -0.413086 0.165039
v 0.065430 -0.411133 0.157227
v 0.104492 -0.413086 0.165039
v 0.067383 -0.411133 0.145508
v 0.018555 -0.426758 0.149414
v 0.065430 -0.411133 0.157227
v 0.067383 -0.411133 0.145508
v 0.067383 -0.411133 0.145508
v 0.024414 -0.489258 0.139648
v 0.020508 -0.426758 0.137695
v 0.067383 -0.411133 0.145508
v 0.020508 -0.426758 0.137695
v 0.018555 -0.426758 0.149414
v 0.040039 -0.334961 0.129883
v 0.041992 -0.448242 0.137695
v 0.043945 -0.448242 0.125977
v 0.040039 -0.334961 0.129883
v 0.024414 -0.448242 0.135742
v 0.041992 -0.448242 0.137695
v 0.032227 -0.440430 0.141602
v 0.014648 -0.301758 0.243164
v 0.018555 -0.440430 0.250977
v 0.024414 -0.448242 0.135742
v 0.040039 -0.334961 0.129883
v 0.022461 -0.334961 0.125977
v 0.038086 -0.489258 0.311523
v 0.059570 -0.473633 0.166992
v 0.059570 -0.489258 0.166992
v 0.059570 -0.473633 0.166992
v 0.038086 -0.489258 0.311523
v 0.038086 -0.473633 0.311523
v 0.016602 -0.409180 0.145508
v 0.045898 -0.395508 0.151367
v 0.045898 -0.409180 0.151367
v 0.045898 -0.409180 0.151367
v 0.045898 -0.395508 0.151367
v 0.032227 -0.409180 0.237305
v 0.032227 -0.409180 0.237305
v 0.016602 -0.409180 0.145508
v 0.045898 -0.409180 0.151367
v 0.016602 -0.395508 0.145508
v 0.034180 -0.395508 0.155273
v 0.045898 -0.395508 0.151367
v 0.045898 -0.395508 0.151367
v 0.034180 -0.395508 0.155273
v 0.032227 -0.395508 0.161133
v 0.045898 -0.395508 0.151367
v 0.016602 -0.409180 0.145508
v 0.016602 -0.395508 0.145508
v 0.045898 -0.395508 0.151367
v 0.032227 -0.395508 0.161133
v 0.022461 -0.395508 0.219727
v 0.032227 -0.395508 0.237305
v 0.032227 -0.409180 0.237305
v 0.045898 -0.395508 0.151367
v 0.022461 -0.395508 0.219727
v 0.032227 -0.395508 0.237305
v 0.045898 -0.395508 0.151367
v 0.034180 -0.395508 0.155273
v 0.016602 -0.395508 0.145508
v 0.016602 -0.395508 0.149414
v 0.034180 -0.395508 0.155273
v 0.016602 -0.395508 0.149414
v 0.016602 -0.348633 0.145508
v 0.034180 -0.348633 0.157227
v 0.032227 -0.395508 0.161133
v 0.034180 -0.395508 0.155273
v 0.016602 -0.348633 0.145508
v 0.036133 -0.348633 0.149414
v 0.034180 -0.395508 0.155273
v 0.034180 -0.395508 0.155273
v 0.036133 -0.348633 0.149414
v 0.034180 -0.348633 0.157227
v 0.016602 -0.409180 0.145508
v 0.032227 -0.409180 0.237305
v 0.002930 -0.409180 0.233398
v 0.032227 -0.395508 0.161133
v 0.014648 -0.395508 0.157227
v 0.004883 -0.395508 0.213867
v 0.034180 -0.348633 0.157227
v 0.014648 -0.395508 0.157227
v 0.032227 -0.395508 0.161133
v 0.032227 -0.395508 0.161133
v 0.004883 -0.395508 0.213867
v 0.022461 -0.395508 0.219727
v 0.014648 -0.348633 0.153320
v 0.004883 -0.395508 0.213867
v 0.014648 -0.395508 0.157227
v 0.034180 -0.348633 0.157227
v 0.014648 -0.348633 0.153320
v 0.014648 -0.395508 0.157227
v 0.065430 -0.459961 0.217773
v 0.061523 -0.458008 0.213867
v 0.053711 -0.458008 0.270508
v 0.057617 -0.459961 0.268555
v 0.122070 -0.459961 0.280273
v 0.065430 -0.459961 0.217773
v 0.053711 -0.458008 0.270508
v 0.057617 -0.459961 0.268555
v 0.065430 -0.459961 0.217773
v 0.114258 -0.442383 0.235352
v 0.120117 -0.452148 0.239258
v 0.118164 -0.448242 0.233398
v 0.110352 -0.442383 0.245117
v 0.112305 -0.463867 0.247070
v 0.112305 -0.463867 0.245117
v 0.112305 -0.463867 0.245117
v 0.110352 -0.463867 0.247070
v 0.108398 -0.442383 0.245117
v 0.108398 -0.442383 0.245117
v 0.110352 -0.442383 0.245117
v 0.112305 -0.463867 0.245117
v 0.108398 -0.442383 0.245117
v 0.110352 -0.463867 0.247070
v 0.112305 -0.463867 0.247070
v 0.112305 -0.463867 0.247070
v 0.110352 -0.442383 0.245117
v 0.108398 -0.442383 0.245117
v 0.120117 -0.452148 0.239258
v 0.114258 -0.442383 0.235352
v 0.114258 -0.440430 0.243164
v 0.114258 -0.440430 0.243164
v 0.118164 -0.448242 0.247070
v 0.120117 -0.452148 0.239258
v 0.114258 -0.438477 0.237305
v 0.114258 -0.434570 0.229492
v 0.108398 -0.426758 0.239258
v 0.118164 -0.448242 0.247070
v 0.114258 -0.440430 0.243164
v 0.118164 -0.446289 0.254883
v 0.114258 -0.438477 0.250977
v 0.118164 -0.446289 0.254883
v 0.114258 -0.440430 0.243164
v 0.114258 -0.440430 0.245117
v 0.108398 -0.444336 0.245117
v 0.112305 -0.434570 0.239258
v 0.114258 -0.436523 0.250977
v 0.108398 -0.444336 0.245117
v 0.114258 -0.440430 0.245117
v 0.114258 -0.440430 0.245117
v 0.112305 -0.434570 0.239258
v 0.114258 -0.430664 0.245117
v 0.114258 -0.440430 0.245117
v 0.114258 -0.430664 0.245117
v 0.114258 -0.436523 0.250977
v 0.124023 -0.424805 0.198242
v 0.124023 -0.420898 0.188477
v 0.118164 -0.413086 0.200195
v 0.124023 -0.420898 0.188477
v 0.118164 -0.411133 0.188477
v 0.118164 -0.413086 0.200195
v 0.114258 -0.434570 0.229492
v 0.110352 -0.428711 0.229492
v 0.108398 -0.426758 0.239258
v 0.108398 -0.424805 0.241211
v 0.114258 -0.430664 0.245117
v 0.112305 -0.434570 0.239258
v 0.114258 -0.430664 0.245117
v 0.108398 -0.424805 0.241211
v 0.106445 -0.420898 0.247070
v 0.114258 -0.430664 0.245117
v 0.106445 -0.420898 0.247070
v 0.108398 -0.424805 0.252930
v 0.110352 -0.430664 0.254883
v 0.114258 -0.436523 0.250977
v 0.114258 -0.430664 0.245117
v 0.108398 -0.424805 0.252930
v 0.110352 -0.430664 0.254883
v 0.114258 -0.430664 0.245117
v 0.051758 -0.473633 0.274414
v 0.061523 -0.458008 0.209961
v 0.061523 -0.473633 0.209961
v 0.051758 -0.458008 0.274414
v 0.061523 -0.458008 0.213867
v 0.061523 -0.458008 0.209961
v 0.061523 -0.458008 0.209961
v 0.051758 -0.473633 0.274414
v 0.051758 -0.458008 0.274414
v 0.051758 -0.458008 0.274414
v 0.053711 -0.458008 0.270508
v 0.061523 -0.458008 0.213867
v 0.006836 -0.348633 0.209961
v 0.022461 -0.395508 0.219727
v 0.004883 -0.395508 0.213867
v 0.004883 -0.395508 0.213867
v 0.014648 -0.348633 0.153320
v 0.006836 -0.348633 0.209961
v 0.032227 -0.409180 0.237305
v 0.032227 -0.395508 0.237305
v 0.002930 -0.409180 0.233398
v 0.002930 -0.395508 0.233398
v 0.002930 -0.409180 0.233398
v 0.032227 -0.395508 0.237305
v 0.032227 -0.395508 0.237305
v 0.022461 -0.395508 0.219727
v 0.022461 -0.395508 0.227539
v 0.032227 -0.395508 0.237305
v 0.022461 -0.395508 0.227539
v 0.002930 -0.395508 0.233398
v 0.024414 -0.348633 0.213867
v 0.022461 -0.395508 0.227539
v 0.022461 -0.395508 0.219727
v 0.006836 -0.348633 0.209961
v 0.024414 -0.348633 0.213867
v 0.022461 -0.395508 0.219727
v 0.022461 -0.395508 0.227539
v 0.002930 -0.395508 0.223633
v 0.002930 -0.395508 0.233398
v 0.004883 -0.348633 0.219727
v 0.002930 -0.395508 0.223633
v 0.022461 -0.395508 0.227539
v 0.022461 -0.395508 0.227539
v 0.024414 -0.348633 0.213867
v 0.022461 -0.348633 0.221680
v 0.022461 -0.395508 0.227539
v 0.022461 -0.348633 0.221680
v 0.004883 -0.348633 0.219727
v 0.038086 -0.348633 0.147461
v 0.036133 -0.348633 0.149414
v 0.016602 -0.348633 0.145508
v 0.034180 -0.348633 0.157227
v 0.036133 -0.348633 0.149414
v 0.038086 -0.348633 0.147461
v 0.016602 -0.348633 0.143555
v 0.038086 -0.336914 0.147461
v 0.038086 -0.348633 0.147461
v 0.038086 -0.348633 0.147461
v 0.038086 -0.336914 0.147461
v 0.026367 -0.334961 0.227539
v 0.016602 -0.348633 0.145508
v 0.016602 -0.348633 0.143555
v 0.038086 -0.348633 0.147461
v 0.026367 -0.348633 0.227539
v 0.034180 -0.348633 0.157227
v 0.038086 -0.348633 0.147461
v 0.026367 -0.334961 0.227539
v 0.026367 -0.348633 0.227539
v 0.038086 -0.348633 0.147461
v 0.038086 -0.336914 0.147461
v 0.016602 -0.348633 0.143555
v 0.016602 -0.336914 0.143555
v 0.038086 -0.336914 0.147461
v 0.016602 -0.336914 0.143555
v 0.002930 -0.334961 0.223633
v 0.002930 -0.334961 0.223633
v 0.026367 -0.334961 0.227539
v 0.038086 -0.336914 0.147461
v 0.014648 -0.348633 0.153320
v 0.034180 -0.348633 0.157227
v 0.024414 -0.348633 0.213867
v 0.014648 -0.348633 0.153320
v 0.024414 -0.348633 0.213867
v 0.006836 -0.348633 0.209961
v 0.026367 -0.348633 0.227539
v 0.024414 -0.348633 0.213867
v 0.034180 -0.348633 0.157227
v 0.026367 -0.348633 0.227539
v 0.022461 -0.348633 0.221680
v 0.024414 -0.348633 0.213867
v 0.022461 -0.348633 0.221680
v 0.026367 -0.348633 0.227539
v 0.004883 -0.348633 0.219727
v 0.002930 -0.348633 0.223633
v 0.004883 -0.348633 0.219727
v 0.026367 -0.348633 0.227539
v 0.026367 -0.334961 0.227539
v 0.002930 -0.348633 0.223633
v 0.026367 -0.348633 0.227539
v 0.002930 -0.348633 0.223633
v 0.026367 -0.334961 0.227539
v 0.002930 -0.334961 0.223633
v 0.032227 -0.245117 0.194336
v 0.034180 -0.274414 0.194336
v 0.034180 -0.274414 0.188477
v 0.034180 -0.274414 0.188477
v 0.026367 -0.274414 0.188477
v 0.026367 -0.245117 0.186523
v 0.034180 -0.274414 0.188477
v 0.026367 -0.245117 0.186523
v 0.034180 -0.245117 0.188477
v 0.034180 -0.274414 0.188477
v 0.034180 -0.245117 0.188477
v 0.032227 -0.245117 0.194336
v 0.024414 -0.245117 0.194336
v 0.026367 -0.274414 0.194336
v 0.034180 -0.274414 0.194336
v 0.034180 -0.274414 0.194336
v 0.032227 -0.245117 0.194336
v 0.024414 -0.245117 0.194336
v 0.026367 -0.274414 0.188477
v 0.026367 -0.274414 0.194336
v 0.026367 -0.245117 0.186523
v 0.024414 -0.245117 0.194336
v 0.026367 -0.245117 0.186523
v 0.026367 -0.274414 0.194336
v -0.219727 -0.440430 0.213867
v 0.018555 -0.440430 0.250977
v 0.014648 -0.301758 0.243164
v 0.014648 -0.301758 0.243164
v 0.030273 -0.293945 0.258789
v -0.215820 -0.303711 0.209961
v -0.215820 -0.303711 0.209961
v -0.219727 -0.440430 0.213867
v 0.014648 -0.301758 0.243164
v 0.028320 -0.245117 0.233398
v 0.028320 -0.274414 0.233398
v 0.028320 -0.274414 0.227539
v 0.028320 -0.274414 0.227539
v 0.022461 -0.274414 0.227539
v 0.020508 -0.245117 0.227539
v 0.028320 -0.274414 0.227539
v 0.028320 -0.245117 0.227539
v 0.028320 -0.245117 0.233398
v 0.020508 -0.245117 0.227539
v 0.028320 -0.245117 0.227539
v 0.028320 -0.274414 0.227539
v 0.020508 -0.245117 0.233398
v 0.022461 -0.274414 0.235352
v 0.028320 -0.274414 0.233398
v 0.028320 -0.274414 0.233398
v 0.028320 -0.245117 0.233398
v 0.020508 -0.245117 0.233398
v 0.022461 -0.274414 0.227539
v 0.022461 -0.274414 0.235352
v 0.020508 -0.245117 0.227539
v 0.020508 -0.245117 0.233398
v 0.020508 -0.245117 0.227539
v 0.022461 -0.274414 0.235352
v -0.206055 -0.278320 0.204102
v 0.030273 -0.272461 0.258789
v 0.002930 -0.274414 0.235352
v -0.002930 -0.151367 0.229492
v -0.206055 -0.278320 0.204102
v 0.002930 -0.274414 0.235352
v 0.168945 -0.215820 0.012695
v 0.166992 -0.215820 0.006836
v 0.166992 -0.215820 0.000977
v 0.166992 -0.215820 0.006836
v 0.168945 -0.215820 0.012695
v 0.155273 -0.215820 0.006836
v 0.168945 -0.215820 0.012695
v 0.168945 -0.204102 0.014648
v 0.153320 -0.215820 0.010742
v 0.153320 -0.215820 0.010742
v 0.155273 -0.215820 0.006836
v 0.168945 -0.215820 0.012695
v 0.153320 -0.202148 0.012695
v 0.153320 -0.215820 0.010742
v 0.168945 -0.204102 0.014648
v 0.163086 -0.084961 0.047852
v 0.172852 -0.098633 0.069336
v -0.180664 -0.092773 0.014648
v 0.172852 -0.098633 0.069336
v 0.172852 -0.084961 0.079102
v -0.010742 -0.094727 0.065430
v -0.010742 -0.094727 0.065430
v -0.010742 -0.106445 0.053711
v 0.172852 -0.098633 0.069336
v 0.172852 -0.098633 0.069336
v -0.010742 -0.106445 0.053711
v -0.180664 -0.092773 0.014648
v -0.010742 -0.086914 0.059570
v 0.172852 -0.084961 0.079102
v 0.166992 -0.077148 0.073242
v 0.172852 -0.084961 0.079102
v -0.010742 -0.086914 0.059570
v -0.010742 -0.094727 0.065430
v 0.124023 -0.204102 0.028320
v 0.124023 -0.192383 0.028320
v 0.122070 -0.194336 0.049805
v 0.122070 -0.194336 0.049805
v 0.122070 -0.206055 0.049805
v 0.124023 -0.204102 0.028320
v 0.124023 -0.204102 0.028320
v 0.122070 -0.206055 0.049805
v 0.055664 -0.204102 0.022461
v 0.116211 -0.192383 0.040039
v 0.124023 -0.192383 0.028320
v 0.118164 -0.192383 0.026367
v 0.118164 -0.145508 0.034180
v 0.116211 -0.192383 0.040039
v 0.118164 -0.192383 0.026367
v 0.124023 -0.192383 0.028320
v 0.116211 -0.192383 0.040039
v 0.122070 -0.194336 0.049805
v 0.112305 -0.192383 0.026367
v 0.071289 -0.192383 0.026367
v 0.110352 -0.192383 0.040039
v 0.112305 -0.192383 0.026367
v 0.110352 -0.192383 0.040039
v 0.112305 -0.145508 0.032227
v 0.112305 -0.145508 0.032227
v 0.071289 -0.192383 0.032227
v 0.112305 -0.192383 0.026367
v 0.071289 -0.192383 0.036133
v 0.110352 -0.192383 0.040039
v 0.071289 -0.192383 0.026367
v 0.063477 -0.192383 0.024414
v 0.063477 -0.192383 0.036133
v 0.067383 -0.145508 0.040039
v 0.053711 -0.194336 0.043945
v 0.063477 -0.192383 0.036133
v 0.063477 -0.192383 0.024414
v 0.067383 -0.145508 0.040039
v 0.067383 -0.145508 0.030273
v 0.063477 -0.192383 0.024414
v 0.063477 -0.192383 0.024414
v 0.055664 -0.192383 0.022461
v 0.053711 -0.194336 0.043945
v 0.116211 -0.192383 0.040039
v 0.110352 -0.192383 0.040039
v 0.122070 -0.194336 0.049805
v 0.110352 -0.145508 0.043945
v 0.110352 -0.192383 0.040039
v 0.116211 -0.192383 0.040039
v 0.116211 -0.192383 0.040039
v 0.118164 -0.145508 0.034180
v 0.118164 -0.145508 0.045898
v 0.116211 -0.192383 0.040039
v 0.118164 -0.145508 0.045898
v 0.110352 -0.145508 0.043945
v 0.053711 -0.194336 0.043945
v 0.122070 -0.194336 0.049805
v 0.110352 -0.192383 0.040039
v 0.110352 -0.192383 0.040039
v 0.071289 -0.192383 0.036133
v 0.053711 -0.194336 0.043945
v 0.110352 -0.145508 0.043945
v 0.112305 -0.145508 0.032227
v 0.110352 -0.192383 0.040039
v 0.122070 -0.206055 0.049805
v 0.122070 -0.194336 0.049805
v 0.053711 -0.194336 0.043945
v 0.053711 -0.206055 0.043945
v 0.055664 -0.204102 0.022461
v 0.122070 -0.206055 0.049805
v 0.053711 -0.194336 0.043945
v 0.053711 -0.206055 0.043945
v 0.122070 -0.206055 0.049805
v 0.071289 -0.192383 0.032227
v 0.112305 -0.145508 0.032227
v 0.073242 -0.145508 0.036133
v 0.073242 -0.145508 0.041992
v 0.063477 -0.192383 0.036133
v 0.071289 -0.192383 0.036133
v 0.071289 -0.192383 0.036133
v 0.063477 -0.192383 0.036133
v 0.053711 -0.194336 0.043945
v 0.071289 -0.192383 0.036133
v 0.073242 -0.145508 0.036133
v 0.073242 -0.145508 0.041992
v 0.063477 -0.192383 0.036133
v 0.073242 -0.145508 0.041992
v 0.067383 -0.145508 0.040039
v 0.067383 -0.145508 0.040039
v 0.065430 -0.145508 0.030273
v 0.067383 -0.145508 0.030273
v 0.063477 -0.135742 0.043945
v 0.065430 -0.135742 0.030273
v 0.065430 -0.145508 0.030273
v 0.065430 -0.145508 0.030273
v 0.067383 -0.145508 0.040039
v 0.063477 -0.145508 0.041992
v 0.065430 -0.145508 0.030273
v 0.063477 -0.145508 0.041992
v 0.063477 -0.135742 0.043945
v 0.063477 -0.135742 0.043945
v 0.120117 -0.135742 0.036133
v 0.065430 -0.135742 0.030273
v 0.118164 -0.145508 0.045898
v 0.118164 -0.145508 0.034180
v 0.120117 -0.145508 0.034180
v 0.120117 -0.145508 0.047852
v 0.118164 -0.145508 0.045898
v 0.120117 -0.145508 0.034180
v 0.120117 -0.145508 0.034180
v 0.120117 -0.135742 0.036133
v 0.120117 -0.135742 0.047852
v 0.120117 -0.135742 0.047852
v 0.120117 -0.145508 0.047852
v 0.120117 -0.145508 0.034180
v 0.112305 -0.145508 0.032227
v 0.110352 -0.145508 0.043945
v 0.073242 -0.145508 0.036133
v 0.120117 -0.145508 0.047852
v 0.110352 -0.145508 0.043945
v 0.118164 -0.145508 0.045898
v 0.110352 -0.145508 0.043945
v 0.120117 -0.145508 0.047852
v 0.063477 -0.145508 0.041992
v 0.073242 -0.145508 0.041992
v 0.073242 -0.145508 0.036133
v 0.110352 -0.145508 0.043945
v 0.063477 -0.145508 0.041992
v 0.073242 -0.145508 0.041992
v 0.110352 -0.145508 0.043945
v 0.063477 -0.135742 0.043945
v 0.120117 -0.135742 0.047852
v 0.120117 -0.135742 0.036133
v 0.120117 -0.145508 0.047852
v 0.120117 -0.135742 0.047852
v 0.063477 -0.145508 0.041992
v 0.063477 -0.135742 0.043945
v 0.063477 -0.145508 0.041992
v 0.120117 -0.135742 0.047852
v 0.063477 -0.145508 0.041992
v 0.067383 -0.145508 0.040039
v 0.073242 -0.145508 0.041992
v 0.057617 -0.245117 0.020508
v 0.057617 -0.239258 0.020508
v 0.026367 -0.247070 0.249023
v 0.018555 -0.247070 0.247070
v 0.049805 -0.245117 0.018555
v 0.057617 -0.245117 0.020508
v 0.057617 -0.245117 0.020508
v 0.026367 -0.247070 0.249023
v 0.018555 -0.247070 0.247070
v 0.057617 -0.239258 0.020508
v 0.049805 -0.239258 0.018555
v 0.026367 -0.239258 0.249023
v 0.026367 -0.239258 0.249023
v 0.026367 -0.247070 0.249023
v 0.057617 -0.239258 0.020508
v 0.018555 -0.239258 0.247070
v 0.049805 -0.239258 0.018555
v 0.049805 -0.245117 0.018555
v 0.049805 -0.245117 0.018555
v 0.018555 -0.247070 0.247070
v 0.018555 -0.239258 0.247070
v 0.018555 -0.239258 0.247070
v 0.026367 -0.239258 0.249023
v 0.049805 -0.239258 0.018555
v 0.053711 -0.194336 0.043945
v 0.055664 -0.192383 0.022461
v 0.055664 -0.204102 0.022461
v 0.055664 -0.204102 0.022461
v 0.053711 -0.206055 0.043945
v 0.053711 -0.194336 0.043945
v 0.045898 -0.249023 0.053711
v 0.030273 -0.249023 0.051758
v 0.041992 -0.170898 0.051758
v 0.045898 -0.249023 0.053711
v 0.041992 -0.170898 0.051758
v 0.043945 -0.249023 0.065430
v 0.026367 -0.170898 0.047852
v 0.041992 -0.170898 0.051758
v 0.030273 -0.249023 0.051758
v -0.002930 -0.151367 0.229492
v 0.026367 -0.151367 0.014648
v 0.047852 -0.145508 0.018555
v 0.047852 -0.145508 0.018555
v 0.047852 -0.124023 0.016602
v 0.010742 -0.145508 0.245117
v 0.047852 -0.145508 0.018555
v 0.010742 -0.145508 0.245117
v -0.002930 -0.151367 0.229492
v 0.016602 -0.135742 0.028320
v 0.014648 -0.143555 0.028320
v 0.006836 -0.135742 0.030273
v 0.022461 -0.143555 0.034180
v 0.014648 -0.143555 0.028320
v 0.016602 -0.135742 0.028320
v 0.006836 -0.135742 0.030273
v 0.014648 -0.135742 0.030273
v 0.016602 -0.135742 0.028320
v 0.016602 -0.135742 0.028320
v 0.014648 -0.135742 0.030273
v 0.020508 -0.133789 0.036133
v 0.022461 -0.135742 0.034180
v 0.022461 -0.143555 0.034180
v 0.016602 -0.135742 0.028320
v 0.020508 -0.133789 0.036133
v 0.022461 -0.135742 0.034180
v 0.016602 -0.135742 0.028320
v 0.014648 -0.143555 0.028320
v 0.004883 -0.143555 0.030273
v 0.006836 -0.135742 0.030273
v 0.002930 -0.135742 0.040039
v 0.006836 -0.135742 0.030273
v 0.004883 -0.143555 0.030273
v 0.004883 -0.143555 0.030273
v 0.002930 -0.143555 0.040039
v 0.002930 -0.135742 0.040039
v 0.014648 -0.135742 0.030273
v 0.006836 -0.135742 0.030273
v 0.008789 -0.133789 0.032227
v 0.014648 -0.124023 0.030273
v 0.020508 -0.133789 0.036133
v 0.014648 -0.135742 0.030273
v 0.014648 -0.135742 0.030273
v 0.008789 -0.133789 0.032227
v 0.014648 -0.124023 0.030273
v 0.002930 -0.135742 0.040039
v 0.008789 -0.133789 0.032227
v 0.006836 -0.135742 0.030273
v 0.041992 -0.170898 0.051758
v 0.026367 -0.170898 0.047852
v 0.014648 -0.170898 0.120117
v 0.040039 -0.180664 0.063477
v 0.043945 -0.249023 0.065430
v 0.041992 -0.170898 0.051758
v 0.032227 -0.180664 0.110352
v 0.040039 -0.180664 0.063477
v 0.041992 -0.170898 0.051758
v 0.028320 -0.170898 0.122070
v 0.032227 -0.180664 0.110352
v 0.041992 -0.170898 0.051758
v 0.014648 -0.170898 0.120117
v 0.028320 -0.170898 0.122070
v 0.041992 -0.170898 0.051758
v 0.028320 -0.180664 0.061523
v 0.032227 -0.249023 0.063477
v 0.040039 -0.180664 0.063477
v 0.020508 -0.180664 0.108398
v 0.032227 -0.249023 0.063477
v 0.028320 -0.180664 0.061523
v 0.028320 -0.180664 0.061523
v 0.040039 -0.180664 0.063477
v 0.032227 -0.180664 0.110352
v 0.028320 -0.180664 0.061523
v 0.032227 -0.180664 0.110352
v 0.020508 -0.180664 0.108398
v 0.018555 -0.135742 0.043945
v 0.020508 -0.143555 0.043945
v 0.022461 -0.143555 0.034180
v 0.022461 -0.143555 0.034180
v 0.022461 -0.135742 0.034180
v 0.018555 -0.135742 0.043945
v 0.020508 -0.143555 0.043945
v 0.018555 -0.135742 0.043945
v 0.010742 -0.143555 0.047852
v 0.022461 -0.135742 0.034180
v 0.020508 -0.133789 0.036133
v 0.018555 -0.133789 0.041992
v 0.022461 -0.135742 0.034180
v 0.018555 -0.133789 0.041992
v 0.018555 -0.135742 0.043945
v 0.016602 -0.122070 0.041992
v 0.018555 -0.133789 0.041992
v 0.020508 -0.133789 0.036133
v 0.020508 -0.133789 0.036133
v 0.014648 -0.124023 0.030273
v 0.018555 -0.122070 0.036133
v 0.020508 -0.133789 0.036133
v 0.018555 -0.122070 0.036133
v 0.016602 -0.122070 0.041992
v 0.010742 -0.133789 0.041992
v 0.018555 -0.135742 0.043945
v 0.018555 -0.133789 0.041992
v 0.016602 -0.122070 0.041992
v 0.010742 -0.133789 0.041992
v 0.018555 -0.133789 0.041992
v 0.018555 -0.135742 0.043945
v 0.010742 -0.133789 0.041992
v 0.010742 -0.135742 0.045898
v 0.018555 -0.135742 0.043945
v 0.010742 -0.135742 0.045898
v 0.010742 -0.143555 0.047852
v 0.002930 -0.143555 0.040039
v 0.010742 -0.135742 0.045898
v 0.002930 -0.135742 0.040039
v 0.010742 -0.143555 0.047852
v 0.010742 -0.135742 0.045898
v 0.002930 -0.143555 0.040039
v 0.002930 -0.135742 0.040039
v 0.006836 -0.133789 0.038086
v 0.008789 -0.133789 0.032227
v 0.008789 -0.133789 0.032227
v 0.006836 -0.133789 0.038086
v 0.006836 -0.124023 0.032227
v 0.006836 -0.124023 0.032227
v 0.014648 -0.124023 0.030273
v 0.008789 -0.133789 0.032227
v 0.010742 -0.135742 0.045898
v 0.010742 -0.133789 0.041992
v 0.006836 -0.133789 0.038086
v 0.006836 -0.133789 0.038086
v 0.010742 -0.133789 0.041992
v 0.010742 -0.124023 0.041992
v 0.002930 -0.135742 0.040039
v 0.010742 -0.135742 0.045898
v 0.006836 -0.133789 0.038086
v 0.004883 -0.124023 0.038086
v 0.006836 -0.124023 0.032227
v 0.006836 -0.133789 0.038086
v 0.010742 -0.124023 0.041992
v 0.004883 -0.124023 0.038086
v 0.006836 -0.133789 0.038086
v 0.010742 -0.133789 0.041992
v 0.016602 -0.122070 0.041992
v 0.010742 -0.124023 0.041992
v 0.047852 -0.247070 0.069336
v 0.047852 -0.243164 0.067383
v 0.053711 -0.241211 0.073242
v 0.053711 -0.241211 0.073242
v 0.053711 -0.247070 0.073242
v 0.047852 -0.247070 0.069336
v 0.047852 -0.247070 0.069336
v 0.053711 -0.247070 0.073242
v 0.043945 -0.249023 0.077148
v 0.043945 -0.243164 0.077148
v 0.053711 -0.241211 0.073242
v 0.047852 -0.243164 0.067383
v 0.053711 -0.247070 0.073242
v 0.053711 -0.241211 0.073242
v 0.043945 -0.243164 0.077148
v 0.043945 -0.243164 0.077148
v 0.043945 -0.249023 0.077148
v 0.053711 -0.247070 0.073242
v 0.040039 -0.180664 0.063477
v 0.032227 -0.249023 0.063477
v 0.043945 -0.249023 0.065430
v 0.020508 -0.180664 0.108398
v 0.024414 -0.249023 0.108398
v 0.032227 -0.249023 0.063477
v 0.028320 -0.170898 0.122070
v 0.032227 -0.249023 0.122070
v 0.036133 -0.249023 0.110352
v 0.036133 -0.249023 0.110352
v 0.024414 -0.249023 0.108398
v 0.020508 -0.180664 0.108398
v 0.020508 -0.180664 0.108398
v 0.032227 -0.180664 0.110352
v 0.036133 -0.249023 0.110352
v 0.036133 -0.249023 0.110352
v 0.032227 -0.180664 0.110352
v 0.028320 -0.170898 0.122070
v 0.028320 -0.170898 0.122070
v 0.018555 -0.249023 0.118164
v 0.032227 -0.249023 0.122070
v 0.018555 -0.249023 0.118164
v 0.028320 -0.170898 0.122070
v 0.014648 -0.170898 0.120117
v 0.010742 -0.124023 0.245117
v 0.010742 -0.145508 0.245117
v 0.047852 -0.124023 0.016602
v -0.004883 -0.125977 0.223633
v 0.010742 -0.124023 0.245117
v 0.047852 -0.124023 0.016602
v 0.047852 -0.124023 0.016602
v -0.004883 -0.127930 0.012695
v -0.004883 -0.125977 0.223633
v 0.008789 -0.114258 0.032227
v 0.018555 -0.122070 0.036133
v 0.014648 -0.124023 0.030273
v 0.006836 -0.124023 0.032227
v 0.008789 -0.114258 0.032227
v 0.014648 -0.124023 0.030273
v 0.010742 -0.114258 0.041992
v 0.016602 -0.122070 0.041992
v 0.018555 -0.122070 0.036133
v 0.018555 -0.122070 0.036133
v 0.008789 -0.114258 0.032227
v 0.012695 -0.112305 0.036133
v 0.018555 -0.122070 0.036133
v 0.012695 -0.112305 0.036133
v 0.010742 -0.114258 0.041992
v 0.010742 -0.114258 0.041992
v 0.010742 -0.124023 0.041992
v 0.016602 -0.122070 0.041992
v 0.000977 -0.110352 0.034180
v 0.012695 -0.112305 0.036133
v 0.008789 -0.114258 0.032227
v 0.008789 -0.114258 0.032227
v 0.006836 -0.124023 0.032227
v 0.004883 -0.120117 0.032227
v 0.008789 -0.114258 0.032227
v 0.004883 -0.120117 0.032227
v 0.000977 -0.110352 0.034180
v 0.012695 -0.112305 0.036133
v 0.000977 -0.110352 0.034180
v 0.000977 -0.108398 0.040039
v 0.000977 -0.108398 0.040039
v 0.010742 -0.114258 0.041992
v 0.012695 -0.112305 0.036133
v 0.004883 -0.124023 0.038086
v 0.004883 -0.120117 0.032227
v 0.006836 -0.124023 0.032227
v 0.004883 -0.120117 0.032227
v 0.004883 -0.124023 0.038086
v 0.002930 -0.122070 0.040039
v -0.000977 -0.118164 0.034180
v 0.000977 -0.110352 0.034180
v 0.004883 -0.120117 0.032227
v 0.004883 -0.120117 0.032227
v 0.002930 -0.122070 0.040039
v -0.000977 -0.118164 0.034180
v 0.004883 -0.124023 0.038086
v 0.010742 -0.124023 0.041992
v 0.006836 -0.118164 0.043945
v 0.006836 -0.118164 0.043945
v 0.002930 -0.122070 0.040039
v 0.004883 -0.124023 0.038086
v -0.010742 -0.110352 0.036133
v 0.000977 -0.108398 0.040039
v 0.000977 -0.110352 0.034180
v 0.000977 -0.110352 0.034180
v -0.000977 -0.118164 0.034180
v -0.010742 -0.110352 0.036133
v 0.010742 -0.124023 0.041992
v 0.010742 -0.114258 0.041992
v 0.006836 -0.118164 0.043945
v 0.000977 -0.110352 0.045898
v 0.006836 -0.118164 0.043945
v 0.010742 -0.114258 0.041992
v 0.000977 -0.108398 0.040039
v 0.000977 -0.110352 0.045898
v 0.010742 -0.114258 0.041992
v 0.000977 -0.116211 0.045898
v 0.000977 -0.120117 0.040039
v 0.002930 -0.122070 0.040039
v 0.002930 -0.122070 0.040039
v 0.000977 -0.120117 0.040039
v -0.000977 -0.118164 0.034180
v 0.002930 -0.122070 0.040039
v 0.006836 -0.118164 0.043945
v 0.000977 -0.116211 0.045898
v 0.000977 -0.120117 0.040039
v 0.000977 -0.116211 0.045898
v -0.008789 -0.116211 0.047852
v -0.010742 -0.118164 0.036133
v -0.000977 -0.118164 0.034180
v 0.000977 -0.120117 0.040039
v -0.008789 -0.120117 0.041992
v -0.010742 -0.118164 0.036133
v 0.000977 -0.120117 0.040039
v -0.008789 -0.116211 0.047852
v -0.008789 -0.120117 0.041992
v 0.000977 -0.120117 0.040039
v 0.000977 -0.110352 0.045898
v 0.000977 -0.116211 0.045898
v 0.006836 -0.118164 0.043945
v 0.000977 -0.116211 0.045898
v 0.000977 -0.110352 0.045898
v -0.008789 -0.110352 0.045898
v 0.000977 -0.116211 0.045898
v -0.008789 -0.110352 0.045898
v -0.008789 -0.116211 0.047852
v 0.000977 -0.110352 0.045898
v 0.000977 -0.108398 0.040039
v -0.010742 -0.106445 0.041992
v -0.010742 -0.106445 0.041992
v -0.008789 -0.110352 0.045898
v 0.000977 -0.110352 0.045898
v 0.000977 -0.108398 0.040039
v -0.010742 -0.110352 0.036133
v -0.010742 -0.106445 0.041992
v 0.014648 -0.229492 0.133789
v 0.036133 -0.215820 0.135742
v 0.036133 -0.229492 0.135742
v 0.036133 -0.229492 0.135742
v 0.036133 -0.215820 0.135742
v 0.026367 -0.229492 0.192383
v 0.026367 -0.229492 0.192383
v 0.014648 -0.229492 0.133789
v 0.036133 -0.229492 0.135742
v 0.036133 -0.215820 0.135742
v 0.014648 -0.229492 0.133789
v 0.014648 -0.217773 0.133789
v 0.036133 -0.215820 0.135742
v 0.014648 -0.217773 0.133789
v 0.012695 -0.217773 0.141602
v 0.036133 -0.215820 0.135742
v 0.024414 -0.217773 0.143555
v 0.022461 -0.217773 0.149414
v 0.012695 -0.217773 0.141602
v 0.024414 -0.217773 0.143555
v 0.036133 -0.215820 0.135742
v 0.036133 -0.215820 0.135742
v 0.022461 -0.217773 0.149414
v 0.018555 -0.217773 0.178711
v 0.036133 -0.215820 0.135742
v 0.018555 -0.217773 0.178711
v 0.026367 -0.217773 0.192383
v 0.026367 -0.217773 0.192383
v 0.026367 -0.229492 0.192383
v 0.036133 -0.215820 0.135742
v 0.014648 -0.229492 0.133789
v 0.026367 -0.229492 0.192383
v 0.004883 -0.231445 0.188477
v 0.022461 -0.176758 0.151367
v 0.022461 -0.217773 0.149414
v 0.024414 -0.217773 0.143555
v 0.024414 -0.217773 0.143555
v 0.012695 -0.217773 0.141602
v 0.010742 -0.176758 0.147461
v 0.010742 -0.176758 0.147461
v 0.022461 -0.176758 0.151367
v 0.024414 -0.217773 0.143555
v 0.022461 -0.217773 0.149414
v 0.018555 -0.217773 0.149414
v 0.012695 -0.217773 0.178711
v 0.020508 -0.176758 0.155273
v 0.018555 -0.217773 0.149414
v 0.022461 -0.217773 0.149414
v 0.012695 -0.217773 0.178711
v 0.018555 -0.217773 0.178711
v 0.022461 -0.217773 0.149414
v 0.022461 -0.217773 0.149414
v 0.022461 -0.176758 0.151367
v 0.020508 -0.176758 0.155273
v 0.008789 -0.176758 0.153320
v 0.012695 -0.217773 0.178711
v 0.018555 -0.217773 0.149414
v 0.018555 -0.217773 0.149414
v 0.020508 -0.176758 0.155273
v 0.008789 -0.176758 0.153320
v 0.016602 -0.176758 0.184570
v 0.016602 -0.217773 0.186523
v 0.018555 -0.217773 0.178711
v 0.018555 -0.217773 0.178711
v 0.016602 -0.217773 0.186523
v 0.026367 -0.217773 0.192383
v 0.018555 -0.217773 0.178711
v 0.012695 -0.217773 0.178711
v 0.010742 -0.176758 0.182617
v 0.010742 -0.176758 0.182617
v 0.016602 -0.176758 0.184570
v 0.018555 -0.217773 0.178711
v 0.016602 -0.217773 0.186523
v 0.004883 -0.217773 0.184570
v 0.004883 -0.217773 0.188477
v 0.002930 -0.176758 0.188477
v 0.004883 -0.217773 0.184570
v 0.016602 -0.217773 0.186523
v 0.016602 -0.217773 0.186523
v 0.016602 -0.176758 0.184570
v 0.014648 -0.176758 0.190430
v 0.004883 -0.217773 0.188477
v 0.026367 -0.217773 0.192383
v 0.016602 -0.217773 0.186523
v 0.016602 -0.217773 0.186523
v 0.014648 -0.176758 0.190430
v 0.002930 -0.176758 0.188477
v 0.012695 -0.217773 0.178711
v 0.008789 -0.176758 0.153320
v 0.010742 -0.176758 0.182617
v 0.024414 -0.176758 0.147461
v 0.022461 -0.176758 0.151367
v 0.010742 -0.176758 0.147461
v 0.016602 -0.176758 0.196289
v 0.020508 -0.176758 0.155273
v 0.024414 -0.176758 0.147461
v 0.010742 -0.176758 0.145508
v 0.024414 -0.166992 0.147461
v 0.024414 -0.176758 0.147461
v 0.024414 -0.176758 0.147461
v 0.024414 -0.166992 0.147461
v 0.016602 -0.166992 0.198242
v 0.010742 -0.176758 0.147461
v 0.010742 -0.176758 0.145508
v 0.024414 -0.176758 0.147461
v 0.016602 -0.166992 0.198242
v 0.016602 -0.176758 0.196289
v 0.024414 -0.176758 0.147461
v 0.016602 -0.176758 0.184570
v 0.008789 -0.176758 0.153320
v 0.020508 -0.176758 0.155273
v 0.016602 -0.176758 0.196289
v 0.016602 -0.176758 0.184570
v 0.020508 -0.176758 0.155273
v 0.024414 -0.166992 0.147461
v 0.010742 -0.176758 0.145508
v 0.010742 -0.166992 0.145508
v 0.024414 -0.166992 0.147461
v 0.010742 -0.166992 0.145508
v 0.002930 -0.166992 0.194336
v 0.002930 -0.166992 0.194336
v 0.016602 -0.166992 0.198242
v 0.024414 -0.166992 0.147461
v 0.008789 -0.176758 0.153320
v 0.016602 -0.176758 0.184570
v 0.010742 -0.176758 0.182617
v 0.016602 -0.176758 0.184570
v 0.016602 -0.176758 0.196289
v 0.014648 -0.176758 0.190430
v 0.026367 -0.217773 0.192383
v 0.004883 -0.231445 0.188477
v 0.026367 -0.229492 0.192383
v 0.004883 -0.231445 0.188477
v 0.026367 -0.217773 0.192383
v 0.004883 -0.217773 0.188477
v 0.026367 -0.247070 0.249023
v 0.026367 -0.239258 0.249023
v 0.018555 -0.239258 0.247070
v 0.018555 -0.239258 0.247070
v 0.018555 -0.247070 0.247070
v 0.026367 -0.247070 0.249023
v 0.016602 -0.176758 0.196289
v 0.016602 -0.166992 0.198242
v 0.002930 -0.176758 0.194336
v 0.002930 -0.176758 0.188477
v 0.014648 -0.176758 0.190430
v 0.016602 -0.176758 0.196289
v 0.002930 -0.176758 0.194336
v 0.002930 -0.176758 0.188477
v 0.016602 -0.176758 0.196289
v 0.002930 -0.166992 0.194336
v 0.002930 -0.176758 0.194336
v 0.016602 -0.166992 0.198242
v 0.010742 -0.145508 0.245117
v 0.010742 -0.124023 0.245117
v -0.219727 -0.129883 0.211914
v -0.204102 -0.155273 0.200195
v -0.002930 -0.151367 0.229492
v 0.010742 -0.145508 0.245117
v -0.219727 -0.149414 0.211914
v -0.204102 -0.155273 0.200195
v 0.010742 -0.145508 0.245117
v -0.219727 -0.129883 0.211914
v -0.219727 -0.149414 0.211914
v 0.010742 -0.145508 0.245117
v 0.010742 -0.124023 0.245117
v -0.004883 -0.125977 0.223633
v -0.200195 -0.129883 0.196289
v 0.010742 -0.124023 0.245117
v -0.200195 -0.129883 0.196289
v -0.219727 -0.129883 0.211914
v 0.194336 -0.495117 0.354492
v 0.170898 -0.495117 0.336914
v 0.186523 -0.481445 0.358398
v 0.194336 -0.495117 0.354492
v 0.186523 -0.481445 0.358398
v 0.180664 -0.481445 0.379883
v 0.180664 -0.481445 0.379883
v 0.188477 -0.495117 0.383789
v 0.194336 -0.495117 0.354492
v 0.168945 -0.481445 0.344727
v 0.186523 -0.481445 0.358398
v 0.170898 -0.495117 0.336914
v 0.143555 -0.495117 0.344727
v 0.168945 -0.481445 0.344727
v 0.170898 -0.495117 0.336914
v 0.127930 -0.489258 0.327148
v 0.127930 -0.473633 0.327148
v 0.038086 -0.473633 0.311523
v 0.038086 -0.473633 0.311523
v 0.038086 -0.489258 0.311523
v 0.127930 -0.489258 0.327148
v 0.127930 -0.473633 0.327148
v 0.045898 -0.473633 0.305664
v 0.038086 -0.473633 0.311523
v 0.120117 -0.473633 0.317383
v 0.045898 -0.473633 0.305664
v 0.127930 -0.473633 0.327148
v 0.186523 -0.481445 0.358398
v 0.168945 -0.481445 0.344727
v 0.163086 -0.471680 0.366211
v 0.186523 -0.481445 0.358398
v 0.163086 -0.471680 0.366211
v 0.180664 -0.481445 0.379883
v 0.149414 -0.481445 0.350586
v 0.163086 -0.471680 0.366211
v 0.168945 -0.481445 0.344727
v 0.168945 -0.481445 0.344727
v 0.143555 -0.495117 0.344727
v 0.149414 -0.481445 0.350586
v 0.163086 -0.471680 0.366211
v 0.149414 -0.481445 0.350586
v 0.143555 -0.481445 0.360352
v 0.163086 -0.471680 0.366211
v 0.143555 -0.481445 0.360352
v 0.149414 -0.481445 0.381836
v 0.166992 -0.481445 0.393555
v 0.180664 -0.481445 0.379883
v 0.163086 -0.471680 0.366211
v 0.149414 -0.481445 0.381836
v 0.166992 -0.481445 0.393555
v 0.163086 -0.471680 0.366211
v 0.143555 -0.481445 0.360352
v 0.149414 -0.481445 0.350586
v 0.143555 -0.495117 0.344727
v 0.143555 -0.495117 0.344727
v 0.135742 -0.495117 0.358398
v 0.143555 -0.481445 0.360352
v 0.143555 -0.495117 0.387695
v 0.143555 -0.481445 0.360352
v 0.135742 -0.495117 0.358398
v 0.143555 -0.481445 0.360352
v 0.143555 -0.495117 0.387695
v 0.149414 -0.481445 0.381836
v 0.120117 -0.454102 0.262695
v 0.118164 -0.450195 0.258789
v 0.114258 -0.446289 0.260742
v 0.120117 -0.454102 0.262695
v 0.114258 -0.446289 0.260742
v 0.114258 -0.448242 0.264648
v 0.120117 -0.454102 0.262695
v 0.114258 -0.448242 0.264648
v 0.116211 -0.452148 0.268555
v 0.118164 -0.446289 0.254883
v 0.114258 -0.438477 0.250977
v 0.114258 -0.442383 0.260742
v 0.112305 -0.436523 0.258789
v 0.114258 -0.442383 0.260742
v 0.114258 -0.438477 0.250977
v 0.114258 -0.448242 0.264648
v 0.112305 -0.444336 0.260742
v 0.110352 -0.442383 0.270508
v 0.114258 -0.448242 0.264648
v 0.110352 -0.442383 0.270508
v 0.108398 -0.452148 0.266602
v 0.112305 -0.444336 0.260742
v 0.104492 -0.438477 0.262695
v 0.108398 -0.440430 0.266602
v 0.108398 -0.440430 0.266602
v 0.110352 -0.442383 0.270508
v 0.112305 -0.444336 0.260742
v 0.102539 -0.440430 0.258789
v 0.106445 -0.448242 0.260742
v 0.106445 -0.444336 0.256836
v 0.106445 -0.448242 0.260742
v 0.102539 -0.440430 0.258789
v 0.100586 -0.440430 0.266602
v 0.100586 -0.440430 0.266602
v 0.102539 -0.448242 0.268555
v 0.106445 -0.448242 0.260742
v 0.116211 -0.465820 0.266602
v 0.116211 -0.465820 0.268555
v 0.110352 -0.450195 0.266602
v 0.110352 -0.450195 0.268555
v 0.116211 -0.465820 0.268555
v 0.116211 -0.465820 0.266602
v 0.116211 -0.465820 0.266602
v 0.110352 -0.450195 0.266602
v 0.110352 -0.450195 0.268555
v 0.110352 -0.450195 0.268555
v 0.110352 -0.450195 0.266602
v 0.116211 -0.465820 0.268555
v 0.057617 -0.459961 0.268555
v 0.124023 -0.458008 0.282227
v 0.122070 -0.459961 0.280273
v 0.114258 -0.450195 0.270508
v 0.112305 -0.454102 0.278320
v 0.116211 -0.454102 0.274414
v 0.112305 -0.454102 0.278320
v 0.114258 -0.450195 0.270508
v 0.110352 -0.450195 0.276367
v 0.108398 -0.446289 0.276367
v 0.108398 -0.452148 0.266602
v 0.110352 -0.442383 0.270508
v 0.104492 -0.440430 0.276367
v 0.108398 -0.446289 0.276367
v 0.110352 -0.442383 0.270508
v 0.104492 -0.436523 0.272461
v 0.104492 -0.440430 0.276367
v 0.110352 -0.442383 0.270508
v 0.102539 -0.463867 0.266602
v 0.102539 -0.463867 0.268555
v 0.098633 -0.444336 0.266602
v 0.098633 -0.444336 0.268555
v 0.102539 -0.463867 0.268555
v 0.102539 -0.463867 0.266602
v 0.102539 -0.463867 0.266602
v 0.098633 -0.444336 0.266602
v 0.098633 -0.444336 0.268555
v 0.096680 -0.444336 0.268555
v 0.098633 -0.444336 0.266602
v 0.102539 -0.463867 0.268555
v 0.102539 -0.463867 0.268555
v 0.098633 -0.444336 0.268555
v 0.096680 -0.444336 0.268555
v 0.102539 -0.448242 0.268555
v 0.100586 -0.440430 0.266602
v 0.100586 -0.450195 0.274414
v 0.094727 -0.446289 0.266602
v 0.100586 -0.442383 0.268555
v 0.098633 -0.440430 0.274414
v 0.100586 -0.434570 0.264648
v 0.100586 -0.442383 0.268555
v 0.094727 -0.446289 0.266602
v 0.100586 -0.434570 0.272461
v 0.098633 -0.440430 0.274414
v 0.100586 -0.442383 0.268555
v 0.100586 -0.442383 0.268555
v 0.100586 -0.434570 0.264648
v 0.100586 -0.434570 0.272461
v 0.100586 -0.440430 0.266602
v 0.098633 -0.442383 0.272461
v 0.100586 -0.450195 0.274414
v 0.098633 -0.448242 0.282227
v 0.100586 -0.450195 0.274414
v 0.098633 -0.442383 0.272461
v 0.098633 -0.442383 0.272461
v 0.096680 -0.442383 0.278320
v 0.098633 -0.448242 0.282227
v 0.098633 -0.440430 0.274414
v 0.100586 -0.434570 0.272461
v 0.094727 -0.436523 0.280273
v 0.124023 -0.473633 0.288086
v 0.124023 -0.458008 0.288086
v 0.051758 -0.458008 0.274414
v 0.051758 -0.458008 0.274414
v 0.051758 -0.473633 0.274414
v 0.124023 -0.473633 0.288086
v 0.053711 -0.458008 0.270508
v 0.124023 -0.458008 0.288086
v 0.124023 -0.458008 0.282227
v 0.124023 -0.458008 0.282227
v 0.057617 -0.459961 0.268555
v 0.053711 -0.458008 0.270508
v 0.124023 -0.458008 0.288086
v 0.053711 -0.458008 0.270508
v 0.051758 -0.458008 0.274414
v 0.110352 -0.452148 0.290039
v 0.108398 -0.446289 0.284180
v 0.106445 -0.440430 0.288086
v 0.110352 -0.452148 0.290039
v 0.106445 -0.440430 0.288086
v 0.106445 -0.440430 0.295898
v 0.110352 -0.452148 0.290039
v 0.106445 -0.440430 0.295898
v 0.110352 -0.450195 0.299805
v 0.104492 -0.461914 0.295898
v 0.104492 -0.463867 0.297852
v 0.102539 -0.442383 0.299805
v 0.102539 -0.442383 0.301758
v 0.104492 -0.463867 0.297852
v 0.104492 -0.461914 0.295898
v 0.104492 -0.461914 0.295898
v 0.102539 -0.442383 0.299805
v 0.102539 -0.440430 0.299805
v 0.104492 -0.461914 0.295898
v 0.102539 -0.440430 0.299805
v 0.102539 -0.442383 0.301758
v 0.110352 -0.452148 0.307617
v 0.110352 -0.450195 0.299805
v 0.106445 -0.440430 0.295898
v 0.106445 -0.442383 0.305664
v 0.110352 -0.452148 0.307617
v 0.106445 -0.440430 0.295898
v 0.051758 -0.459961 0.301758
v 0.116211 -0.454102 0.311523
v 0.116211 -0.459961 0.311523
v 0.116211 -0.454102 0.311523
v 0.051758 -0.459961 0.301758
v 0.051758 -0.454102 0.301758
v 0.116211 -0.454102 0.311523
v 0.051758 -0.454102 0.301758
v 0.120117 -0.454102 0.315430
v 0.110352 -0.452148 0.307617
v 0.106445 -0.442383 0.305664
v 0.108398 -0.448242 0.315430
v 0.102539 -0.442383 0.301758
v 0.102539 -0.442383 0.299805
v 0.104492 -0.463867 0.297852
v 0.106445 -0.440430 0.307617
v 0.098633 -0.444336 0.299805
v 0.108398 -0.442383 0.299805
v 0.108398 -0.442383 0.299805
v 0.098633 -0.444336 0.299805
v 0.104492 -0.432617 0.293945
v 0.108398 -0.432617 0.301758
v 0.106445 -0.440430 0.307617
v 0.108398 -0.442383 0.299805
v 0.108398 -0.442383 0.299805
v 0.104492 -0.432617 0.293945
v 0.108398 -0.432617 0.301758
v 0.106445 -0.442383 0.313477
v 0.108398 -0.448242 0.315430
v 0.106445 -0.442383 0.305664
v 0.106445 -0.440430 0.307617
v 0.108398 -0.432617 0.301758
v 0.106445 -0.434570 0.313477
v 0.096680 -0.428711 0.266602
v 0.102539 -0.436523 0.262695
v 0.102539 -0.432617 0.258789
v 0.102539 -0.432617 0.258789
v 0.098633 -0.426758 0.258789
v 0.096680 -0.428711 0.266602
v 0.096680 -0.426758 0.268555
v 0.100586 -0.434570 0.272461
v 0.100586 -0.434570 0.264648
v 0.100586 -0.434570 0.272461
v 0.096680 -0.426758 0.268555
v 0.092773 -0.426758 0.276367
v 0.094727 -0.430664 0.278320
v 0.094727 -0.436523 0.280273
v 0.100586 -0.434570 0.272461
v 0.092773 -0.426758 0.276367
v 0.094727 -0.430664 0.278320
v 0.100586 -0.434570 0.272461
v 0.106445 -0.430664 0.286133
v 0.102539 -0.424805 0.288086
v 0.102539 -0.424805 0.297852
v 0.102539 -0.424805 0.297852
v 0.106445 -0.436523 0.293945
v 0.106445 -0.430664 0.286133
v 0.104492 -0.424805 0.301758
v 0.108398 -0.432617 0.301758
v 0.104492 -0.432617 0.293945
v 0.108398 -0.432617 0.301758
v 0.104492 -0.424805 0.301758
v 0.102539 -0.422852 0.309570
v 0.108398 -0.432617 0.301758
v 0.102539 -0.422852 0.309570
v 0.104492 -0.428711 0.313477
v 0.104492 -0.428711 0.313477
v 0.106445 -0.434570 0.313477
v 0.108398 -0.432617 0.301758
v 0.024414 -0.489258 0.258789
v 0.022461 -0.448242 0.256836
v -0.227539 -0.489258 0.221680
v 0.022461 -0.448242 0.256836
v 0.018555 -0.440430 0.250977
v -0.219727 -0.440430 0.213867
v 0.022461 -0.448242 0.256836
v -0.219727 -0.440430 0.213867
v -0.225586 -0.448242 0.219727
v -0.225586 -0.448242 0.219727
v -0.227539 -0.489258 0.221680
v 0.022461 -0.448242 0.256836
v 0.120117 -0.473633 0.315430
v 0.043945 -0.461914 0.309570
v 0.047852 -0.473633 0.303711
v 0.051758 -0.454102 0.301758
v 0.047852 -0.454102 0.303711
v 0.120117 -0.454102 0.315430
v 0.047852 -0.454102 0.303711
v 0.043945 -0.461914 0.309570
v 0.122070 -0.461914 0.323242
v 0.122070 -0.461914 0.323242
v 0.120117 -0.454102 0.315430
v 0.047852 -0.454102 0.303711
v 0.043945 -0.461914 0.309570
v 0.120117 -0.473633 0.315430
v 0.122070 -0.461914 0.323242
v 0.002930 -0.485352 0.299805
v 0.030273 -0.471680 0.303711
v 0.026367 -0.489258 0.305664
v 0.026367 -0.489258 0.305664
v 0.030273 -0.471680 0.303711
v 0.038086 -0.471680 0.327148
v 0.038086 -0.471680 0.327148
v 0.032227 -0.489258 0.327148
v 0.026367 -0.489258 0.305664
v 0.030273 -0.471680 0.303711
v 0.002930 -0.485352 0.299805
v 0.002930 -0.467773 0.295898
v 0.030273 -0.471680 0.303711
v 0.002930 -0.467773 0.295898
v 0.026367 -0.454102 0.305664
v 0.030273 -0.471680 0.303711
v 0.026367 -0.454102 0.305664
v 0.034180 -0.454102 0.327148
v 0.034180 -0.454102 0.327148
v 0.038086 -0.471680 0.327148
v 0.030273 -0.471680 0.303711
v -0.022461 -0.471680 0.303711
v 0.002930 -0.467773 0.295898
v 0.002930 -0.485352 0.299805
v 0.002930 -0.485352 0.299805
v -0.020508 -0.489258 0.305664
v -0.022461 -0.471680 0.303711
v 0.002930 -0.467773 0.295898
v 0.004883 -0.454102 0.295898
v 0.026367 -0.454102 0.305664
v -0.022461 -0.471680 0.303711
v 0.004883 -0.454102 0.295898
v 0.002930 -0.467773 0.295898
v 0.002930 -0.440430 0.309570
v 0.026367 -0.454102 0.305664
v 0.004883 -0.454102 0.295898
v -0.018555 -0.454102 0.305664
v 0.002930 -0.440430 0.309570
v 0.004883 -0.454102 0.295898
v 0.004883 -0.454102 0.295898
v -0.022461 -0.471680 0.303711
v -0.018555 -0.454102 0.305664
v 0.026367 -0.454102 0.305664
v 0.002930 -0.440430 0.309570
v 0.016602 -0.440430 0.313477
v 0.020508 -0.440430 0.327148
v 0.034180 -0.454102 0.327148
v 0.026367 -0.454102 0.305664
v 0.026367 -0.454102 0.305664
v 0.016602 -0.440430 0.313477
v 0.020508 -0.440430 0.327148
v 0.002930 -0.434570 0.327148
v 0.016602 -0.440430 0.313477
v 0.002930 -0.440430 0.309570
v -0.008789 -0.440430 0.313477
v 0.002930 -0.434570 0.327148
v 0.002930 -0.440430 0.309570
v 0.002930 -0.440430 0.309570
v -0.018555 -0.454102 0.305664
v -0.008789 -0.440430 0.313477
v 0.032227 -0.489258 0.327148
v 0.038086 -0.471680 0.327148
v 0.022461 -0.471680 0.350586
v 0.022461 -0.471680 0.350586
v 0.018555 -0.489258 0.346680
v 0.032227 -0.489258 0.327148
v 0.038086 -0.471680 0.327148
v 0.034180 -0.454102 0.327148
v 0.020508 -0.454102 0.348633
v 0.020508 -0.454102 0.348633
v 0.022461 -0.471680 0.350586
v 0.038086 -0.471680 0.327148
v 0.034180 -0.454102 0.327148
v 0.020508 -0.440430 0.327148
v 0.012695 -0.440430 0.338867
v 0.034180 -0.454102 0.327148
v 0.012695 -0.440430 0.338867
v 0.020508 -0.454102 0.348633
v 0.002930 -0.434570 0.327148
v 0.020508 -0.440430 0.327148
v 0.016602 -0.440430 0.313477
v 0.002930 -0.434570 0.327148
v 0.012695 -0.440430 0.338867
v 0.020508 -0.440430 0.327148
v -0.000977 -0.440430 0.342773
v 0.020508 -0.454102 0.348633
v 0.012695 -0.440430 0.338867
v 0.012695 -0.440430 0.338867
v 0.002930 -0.434570 0.327148
v -0.000977 -0.440430 0.342773
v 0.018555 -0.489258 0.346680
v 0.022461 -0.471680 0.350586
v -0.006836 -0.471680 0.360352
v -0.006836 -0.471680 0.360352
v -0.004883 -0.489258 0.356445
v 0.018555 -0.489258 0.346680
v 0.022461 -0.471680 0.350586
v 0.020508 -0.454102 0.348633
v -0.004883 -0.454102 0.356445
v -0.004883 -0.454102 0.356445
v -0.006836 -0.471680 0.360352
v 0.022461 -0.471680 0.350586
v 0.020508 -0.454102 0.348633
v -0.000977 -0.440430 0.342773
v -0.004883 -0.454102 0.356445
v 0.002930 -0.465820 0.354492
v -0.010742 -0.473633 0.362305
v -0.018555 -0.467773 0.350586
v -0.002930 -0.459961 0.362305
v -0.010742 -0.473633 0.362305
v 0.002930 -0.465820 0.354492
v 0.002930 -0.465820 0.354492
v -0.006836 -0.459961 0.350586
v -0.004883 -0.450195 0.358398
v -0.018555 -0.467773 0.350586
v -0.006836 -0.459961 0.350586
v 0.002930 -0.465820 0.354492
v 0.002930 -0.465820 0.354492
v -0.004883 -0.450195 0.358398
v -0.002930 -0.459961 0.362305
v 0.002930 -0.434570 0.327148
v -0.008789 -0.440430 0.313477
v -0.014648 -0.440430 0.327148
v 0.002930 -0.434570 0.327148
v -0.014648 -0.440430 0.327148
v -0.010742 -0.440430 0.338867
v -0.010742 -0.440430 0.338867
v -0.000977 -0.440430 0.342773
v 0.002930 -0.434570 0.327148
v 0.030273 -0.293945 0.258789
v 0.030273 -0.272461 0.258789
v -0.231445 -0.278320 0.221680
v -0.231445 -0.297852 0.221680
v -0.215820 -0.303711 0.209961
v 0.030273 -0.293945 0.258789
v -0.231445 -0.278320 0.221680
v -0.231445 -0.297852 0.221680
v 0.030273 -0.293945 0.258789
v 0.030273 -0.272461 0.258789
v -0.206055 -0.278320 0.204102
v -0.231445 -0.278320 0.221680
v 0.188477 -0.495117 0.383789
v 0.180664 -0.481445 0.379883
v 0.166992 -0.481445 0.393555
v 0.166992 -0.481445 0.393555
v 0.166992 -0.495117 0.403320
v 0.188477 -0.495117 0.383789
v 0.166992 -0.495117 0.403320
v 0.166992 -0.481445 0.393555
v 0.149414 -0.481445 0.381836
v 0.149414 -0.481445 0.381836
v 0.143555 -0.495117 0.387695
v 0.166992 -0.495117 0.403320
v -0.112305 -0.499023 0.446289
v -0.010742 -0.475586 0.252930
v 0.108398 -0.499023 0.446289
v -0.204102 -0.401367 0.040039
v -0.174805 -0.401367 0.045898
v -0.174805 -0.415039 0.045898
v -0.174805 -0.415039 0.045898
v -0.204102 -0.415039 0.040039
v -0.204102 -0.401367 0.040039
v -0.217773 -0.413086 0.125977
v -0.204102 -0.415039 0.040039
v -0.174805 -0.415039 0.045898
v -0.174805 -0.415039 0.045898
v -0.188477 -0.413086 0.131836
v -0.217773 -0.413086 0.125977
v -0.194336 -0.401367 0.045898
v -0.174805 -0.401367 0.049805
v -0.174805 -0.401367 0.045898
v -0.204102 -0.401367 0.040039
v -0.194336 -0.401367 0.045898
v -0.174805 -0.401367 0.045898
v -0.174805 -0.401367 0.049805
v -0.194336 -0.401367 0.045898
v -0.194336 -0.354492 0.038086
v -0.194336 -0.354492 0.038086
v -0.176758 -0.354492 0.040039
v -0.174805 -0.401367 0.049805
v -0.176758 -0.401367 0.057617
v -0.194336 -0.401367 0.053711
v -0.204102 -0.401367 0.110352
v -0.176758 -0.354492 0.049805
v -0.194336 -0.401367 0.053711
v -0.176758 -0.401367 0.057617
v -0.204102 -0.401367 0.110352
v -0.186523 -0.399414 0.114258
v -0.176758 -0.401367 0.057617
v -0.176758 -0.401367 0.057617
v -0.186523 -0.399414 0.114258
v -0.186523 -0.352539 0.106445
v -0.186523 -0.352539 0.106445
v -0.176758 -0.354492 0.049805
v -0.176758 -0.401367 0.057617
v -0.237305 -0.493164 0.030273
v -0.243164 -0.483398 0.038086
v -0.225586 -0.493164 0.047852
v -0.270508 -0.493164 0.022461
v -0.243164 -0.483398 0.038086
v -0.237305 -0.493164 0.030273
v -0.233398 -0.483398 0.049805
v -0.225586 -0.493164 0.047852
v -0.243164 -0.483398 0.038086
v -0.256836 -0.477539 0.055664
v -0.233398 -0.483398 0.049805
v -0.243164 -0.483398 0.038086
v -0.243164 -0.483398 0.038086
v -0.270508 -0.493164 0.022461
v -0.266602 -0.483398 0.032227
v -0.243164 -0.483398 0.038086
v -0.266602 -0.483398 0.032227
v -0.256836 -0.477539 0.055664
v -0.225586 -0.493164 0.047852
v -0.233398 -0.483398 0.049805
v -0.243164 -0.483398 0.073242
v -0.225586 -0.493164 0.047852
v -0.243164 -0.483398 0.073242
v -0.237305 -0.493164 0.081055
v -0.256836 -0.477539 0.055664
v -0.243164 -0.483398 0.073242
v -0.233398 -0.483398 0.049805
v -0.217773 -0.413086 0.125977
v -0.204102 -0.401367 0.040039
v -0.204102 -0.415039 0.040039
v -0.194336 -0.401367 0.045898
v -0.204102 -0.401367 0.040039
v -0.194336 -0.401367 0.053711
v -0.194336 -0.401367 0.045898
v -0.194336 -0.401367 0.053711
v -0.196289 -0.354492 0.045898
v -0.196289 -0.354492 0.045898
v -0.194336 -0.354492 0.038086
v -0.194336 -0.401367 0.045898
v -0.217773 -0.399414 0.125977
v -0.194336 -0.401367 0.053711
v -0.204102 -0.401367 0.040039
v -0.204102 -0.401367 0.040039
v -0.217773 -0.413086 0.125977
v -0.217773 -0.399414 0.125977
v -0.217773 -0.399414 0.125977
v -0.204102 -0.401367 0.110352
v -0.194336 -0.401367 0.053711
v -0.194336 -0.401367 0.053711
v -0.176758 -0.354492 0.049805
v -0.196289 -0.354492 0.045898
v -0.186523 -0.399414 0.114258
v -0.204102 -0.401367 0.110352
v -0.204102 -0.352539 0.102539
v -0.204102 -0.352539 0.102539
v -0.186523 -0.352539 0.106445
v -0.186523 -0.399414 0.114258
v -0.264648 -0.483398 0.084961
v -0.237305 -0.493164 0.081055
v -0.243164 -0.483398 0.073242
v -0.243164 -0.483398 0.073242
v -0.256836 -0.477539 0.055664
v -0.264648 -0.483398 0.084961
v -0.237305 -0.493164 0.081055
v -0.264648 -0.483398 0.084961
v -0.268555 -0.493164 0.096680
v -0.188477 -0.352539 0.114258
v -0.206055 -0.399414 0.118164
v -0.188477 -0.399414 0.122070
v -0.188477 -0.399414 0.122070
v -0.206055 -0.399414 0.118164
v -0.188477 -0.399414 0.131836
v -0.204102 -0.401367 0.110352
v -0.206055 -0.399414 0.118164
v -0.206055 -0.352539 0.110352
v -0.217773 -0.399414 0.125977
v -0.206055 -0.399414 0.118164
v -0.204102 -0.401367 0.110352
v -0.206055 -0.352539 0.110352
v -0.204102 -0.352539 0.102539
v -0.204102 -0.401367 0.110352
v -0.206055 -0.399414 0.118164
v -0.188477 -0.352539 0.114258
v -0.206055 -0.352539 0.110352
v -0.217773 -0.399414 0.125977
v -0.188477 -0.399414 0.131836
v -0.206055 -0.399414 0.118164
v -0.141602 -0.309570 0.000977
v -0.174805 -0.327148 0.000977
v -0.141602 -0.323242 0.002930
v -0.196289 -0.342773 0.034180
v -0.174805 -0.342773 0.038086
v -0.176758 -0.354492 0.040039
v -0.176758 -0.354492 0.040039
v -0.194336 -0.354492 0.038086
v -0.196289 -0.354492 0.034180
v -0.176758 -0.354492 0.040039
v -0.196289 -0.354492 0.034180
v -0.196289 -0.342773 0.034180
v -0.186523 -0.352539 0.106445
v -0.196289 -0.354492 0.045898
v -0.176758 -0.354492 0.049805
v -0.174805 -0.342773 0.038086
v -0.196289 -0.342773 0.034180
v -0.188477 -0.340820 0.118164
v -0.190430 -0.280273 0.004883
v -0.170898 -0.280273 0.006836
v -0.174805 -0.305664 0.010742
v -0.174805 -0.305664 0.010742
v -0.190430 -0.299805 0.006836
v -0.190430 -0.280273 0.004883
v -0.231445 -0.297852 0.221680
v -0.190430 -0.299805 0.006836
v -0.174805 -0.305664 0.010742
v -0.174805 -0.305664 0.010742
v -0.219727 -0.440430 0.213867
v -0.215820 -0.303711 0.209961
v -0.174805 -0.305664 0.010742
v -0.215820 -0.303711 0.209961
v -0.231445 -0.297852 0.221680
v -0.170898 -0.280273 0.006836
v -0.190430 -0.280273 0.004883
v -0.206055 -0.278320 0.204102
v -0.196289 -0.354492 0.045898
v -0.196289 -0.354492 0.034180
v -0.194336 -0.354492 0.038086
v -0.196289 -0.354492 0.034180
v -0.196289 -0.354492 0.045898
v -0.204102 -0.352539 0.102539
v -0.209961 -0.340820 0.114258
v -0.196289 -0.342773 0.034180
v -0.196289 -0.354492 0.034180
v -0.196289 -0.354492 0.034180
v -0.204102 -0.352539 0.102539
v -0.209961 -0.352539 0.114258
v -0.196289 -0.354492 0.034180
v -0.209961 -0.352539 0.114258
v -0.209961 -0.340820 0.114258
v -0.196289 -0.354492 0.045898
v -0.186523 -0.352539 0.106445
v -0.204102 -0.352539 0.102539
v -0.209961 -0.340820 0.114258
v -0.188477 -0.340820 0.118164
v -0.196289 -0.342773 0.034180
v -0.231445 -0.278320 0.221680
v -0.190430 -0.280273 0.004883
v -0.190430 -0.299805 0.006836
v -0.190430 -0.299805 0.006836
v -0.231445 -0.297852 0.221680
v -0.231445 -0.278320 0.221680
v -0.231445 -0.278320 0.221680
v -0.206055 -0.278320 0.204102
v -0.190430 -0.280273 0.004883
v -0.211914 -0.258789 0.137695
v -0.202148 -0.260742 0.071289
v -0.178711 -0.260742 0.075195
v -0.178711 -0.260742 0.075195
v -0.202148 -0.260742 0.071289
v -0.202148 -0.249023 0.071289
v -0.188477 -0.258789 0.141602
v -0.211914 -0.258789 0.137695
v -0.178711 -0.260742 0.075195
v -0.202148 -0.249023 0.071289
v -0.180664 -0.249023 0.073242
v -0.178711 -0.260742 0.075195
v -0.204102 -0.352539 0.102539
v -0.206055 -0.352539 0.110352
v -0.209961 -0.352539 0.114258
v -0.188477 -0.352539 0.114258
v -0.188477 -0.352539 0.118164
v -0.209961 -0.352539 0.114258
v -0.209961 -0.352539 0.114258
v -0.206055 -0.352539 0.110352
v -0.188477 -0.352539 0.114258
v -0.209961 -0.340820 0.114258
v -0.209961 -0.352539 0.114258
v -0.188477 -0.352539 0.118164
v -0.188477 -0.352539 0.118164
v -0.188477 -0.340820 0.118164
v -0.209961 -0.340820 0.114258
v -0.202148 -0.260742 0.071289
v -0.211914 -0.258789 0.137695
v -0.202148 -0.249023 0.071289
v -0.036133 -0.489258 0.186523
v -0.114258 -0.489258 0.155273
v -0.038086 -0.458008 0.188477
v -0.036133 -0.489258 0.186523
v -0.038086 -0.458008 0.188477
v -0.004883 -0.458008 0.264648
v -0.004883 -0.458008 0.264648
v -0.004883 -0.489258 0.264648
v -0.036133 -0.489258 0.186523
v -0.114258 -0.489258 0.155273
v -0.114258 -0.458008 0.155273
v -0.038086 -0.458008 0.188477
v -0.192383 -0.489258 0.186523
v -0.114258 -0.458008 0.155273
v -0.114258 -0.489258 0.155273
v -0.114258 -0.458008 0.155273
v -0.114258 -0.456055 0.163086
v -0.041992 -0.456055 0.192383
v -0.192383 -0.458008 0.188477
v -0.114258 -0.456055 0.163086
v -0.114258 -0.458008 0.155273
v -0.041992 -0.456055 0.192383
v -0.038086 -0.458008 0.188477
v -0.114258 -0.458008 0.155273
v -0.114258 -0.458008 0.155273
v -0.192383 -0.489258 0.186523
v -0.192383 -0.458008 0.188477
v -0.067383 -0.061523 0.217773
v -0.041992 -0.456055 0.192383
v -0.114258 -0.456055 0.163086
v -0.114258 -0.456055 0.163086
v -0.192383 -0.458008 0.188477
v -0.188477 -0.456055 0.192383
v -0.114258 -0.456055 0.163086
v -0.188477 -0.456055 0.192383
v -0.114258 -0.061523 0.198242
v -0.114258 -0.061523 0.198242
v -0.067383 -0.061523 0.217773
v -0.114258 -0.456055 0.163086
v -0.038086 -0.458008 0.188477
v -0.041992 -0.456055 0.192383
v -0.012695 -0.456055 0.264648
v -0.012695 -0.456055 0.264648
v -0.004883 -0.458008 0.264648
v -0.038086 -0.458008 0.188477
v -0.041992 -0.456055 0.192383
v -0.067383 -0.061523 0.217773
v -0.047852 -0.061523 0.264648
v -0.047852 -0.061523 0.264648
v -0.012695 -0.456055 0.264648
v -0.041992 -0.456055 0.192383
v -0.223633 -0.489258 0.264648
v -0.192383 -0.458008 0.188477
v -0.192383 -0.489258 0.186523
v -0.217773 -0.399414 0.125977
v -0.217773 -0.413086 0.125977
v -0.188477 -0.413086 0.131836
v -0.188477 -0.413086 0.131836
v -0.188477 -0.399414 0.131836
v -0.217773 -0.399414 0.125977
v -0.223633 -0.458008 0.264648
v -0.188477 -0.456055 0.192383
v -0.192383 -0.458008 0.188477
v -0.192383 -0.458008 0.188477
v -0.223633 -0.489258 0.264648
v -0.223633 -0.458008 0.264648
v -0.163086 -0.061523 0.217773
v -0.114258 -0.061523 0.198242
v -0.188477 -0.456055 0.192383
v -0.217773 -0.456055 0.264648
v -0.163086 -0.061523 0.217773
v -0.188477 -0.456055 0.192383
v -0.223633 -0.458008 0.264648
v -0.217773 -0.456055 0.264648
v -0.188477 -0.456055 0.192383
v -0.211914 -0.258789 0.137695
v -0.188477 -0.258789 0.141602
v -0.211914 -0.247070 0.137695
v -0.211914 -0.247070 0.137695
v -0.202148 -0.249023 0.071289
v -0.211914 -0.258789 0.137695
v -0.188477 -0.258789 0.141602
v -0.188477 -0.247070 0.139648
v -0.211914 -0.247070 0.137695
v -0.204102 -0.155273 0.200195
v -0.166992 -0.157227 0.000977
v -0.206055 -0.278320 0.204102
v -0.206055 -0.278320 0.204102
v -0.002930 -0.151367 0.229492
v -0.204102 -0.155273 0.200195
v -0.200195 -0.129883 0.196289
v -0.004883 -0.125977 0.223633
v -0.004883 -0.127930 0.012695
v -0.012695 -0.135742 0.043945
v -0.010742 -0.141602 0.045898
v -0.014648 -0.143555 0.036133
v -0.014648 -0.143555 0.036133
v -0.014648 -0.135742 0.036133
v -0.012695 -0.135742 0.043945
v -0.024414 -0.143555 0.034180
v -0.014648 -0.135742 0.036133
v -0.014648 -0.143555 0.036133
v -0.010742 -0.141602 0.045898
v -0.012695 -0.135742 0.043945
v -0.018555 -0.133789 0.051758
v -0.018555 -0.133789 0.051758
v -0.018555 -0.141602 0.053711
v -0.010742 -0.141602 0.045898
v -0.014648 -0.133789 0.043945
v -0.012695 -0.135742 0.043945
v -0.014648 -0.135742 0.036133
v -0.018555 -0.133789 0.038086
v -0.014648 -0.133789 0.043945
v -0.014648 -0.135742 0.036133
v -0.014648 -0.135742 0.036133
v -0.024414 -0.143555 0.034180
v -0.024414 -0.135742 0.034180
v -0.024414 -0.135742 0.034180
v -0.018555 -0.133789 0.038086
v -0.014648 -0.135742 0.036133
v -0.012695 -0.135742 0.043945
v -0.014648 -0.133789 0.043945
v -0.020508 -0.133789 0.047852
v -0.012695 -0.135742 0.043945
v -0.020508 -0.133789 0.047852
v -0.018555 -0.133789 0.051758
v -0.014648 -0.133789 0.043945
v -0.018555 -0.133789 0.038086
v -0.014648 -0.124023 0.043945
v -0.014648 -0.124023 0.043945
v -0.020508 -0.133789 0.047852
v -0.014648 -0.133789 0.043945
v -0.030273 -0.135742 0.041992
v -0.024414 -0.135742 0.034180
v -0.024414 -0.143555 0.034180
v -0.032227 -0.141602 0.041992
v -0.030273 -0.135742 0.041992
v -0.024414 -0.143555 0.034180
v -0.018555 -0.133789 0.038086
v -0.024414 -0.135742 0.034180
v -0.024414 -0.133789 0.036133
v -0.018555 -0.133789 0.038086
v -0.024414 -0.133789 0.036133
v -0.016602 -0.124023 0.038086
v -0.016602 -0.124023 0.038086
v -0.014648 -0.124023 0.043945
v -0.018555 -0.133789 0.038086
v -0.030273 -0.135742 0.041992
v -0.024414 -0.133789 0.036133
v -0.024414 -0.135742 0.034180
v -0.030273 -0.135742 0.041992
v -0.028320 -0.133789 0.041992
v -0.024414 -0.133789 0.036133
v -0.024414 -0.133789 0.036133
v -0.028320 -0.133789 0.041992
v -0.028320 -0.122070 0.041992
v -0.024414 -0.122070 0.036133
v -0.016602 -0.124023 0.038086
v -0.024414 -0.133789 0.036133
v -0.028320 -0.122070 0.041992
v -0.024414 -0.122070 0.036133
v -0.024414 -0.133789 0.036133
v -0.028320 -0.133789 0.041992
v -0.030273 -0.135742 0.041992
v -0.028320 -0.133789 0.049805
v -0.028320 -0.133789 0.049805
v -0.026367 -0.133789 0.047852
v -0.028320 -0.133789 0.041992
v -0.028320 -0.133789 0.041992
v -0.026367 -0.133789 0.047852
v -0.024414 -0.122070 0.047852
v -0.024414 -0.122070 0.047852
v -0.028320 -0.122070 0.041992
v -0.028320 -0.133789 0.041992
v -0.032227 -0.141602 0.041992
v -0.028320 -0.133789 0.049805
v -0.030273 -0.135742 0.041992
v -0.018555 -0.133789 0.051758
v -0.028320 -0.141602 0.051758
v -0.018555 -0.141602 0.053711
v -0.028320 -0.141602 0.051758
v -0.018555 -0.133789 0.051758
v -0.028320 -0.133789 0.049805
v -0.028320 -0.141602 0.051758
v -0.028320 -0.133789 0.049805
v -0.032227 -0.141602 0.041992
v -0.026367 -0.133789 0.047852
v -0.018555 -0.133789 0.051758
v -0.020508 -0.133789 0.047852
v -0.018555 -0.122070 0.047852
v -0.026367 -0.133789 0.047852
v -0.020508 -0.133789 0.047852
v -0.020508 -0.133789 0.047852
v -0.014648 -0.124023 0.043945
v -0.018555 -0.122070 0.047852
v -0.018555 -0.133789 0.051758
v -0.026367 -0.133789 0.047852
v -0.028320 -0.133789 0.049805
v -0.026367 -0.133789 0.047852
v -0.018555 -0.122070 0.047852
v -0.024414 -0.122070 0.047852
v -0.057617 -0.133789 0.053711
v -0.071289 -0.133789 0.047852
v -0.055664 -0.124023 0.051758
v -0.049805 -0.124023 0.065430
v -0.053711 -0.133789 0.065430
v -0.057617 -0.133789 0.053711
v -0.057617 -0.133789 0.053711
v -0.055664 -0.124023 0.051758
v -0.049805 -0.124023 0.065430
v -0.071289 -0.133789 0.047852
v -0.083008 -0.133789 0.053711
v -0.086914 -0.124023 0.051758
v -0.071289 -0.124023 0.043945
v -0.055664 -0.124023 0.051758
v -0.071289 -0.133789 0.047852
v -0.086914 -0.124023 0.051758
v -0.071289 -0.124023 0.043945
v -0.071289 -0.133789 0.047852
v -0.083008 -0.133789 0.053711
v -0.088867 -0.133789 0.065430
v -0.092773 -0.124023 0.065430
v -0.092773 -0.124023 0.065430
v -0.086914 -0.124023 0.051758
v -0.083008 -0.133789 0.053711
v -0.055664 -0.124023 0.081055
v -0.057617 -0.133789 0.079102
v -0.053711 -0.133789 0.065430
v -0.053711 -0.133789 0.065430
v -0.049805 -0.124023 0.065430
v -0.055664 -0.124023 0.081055
v -0.071289 -0.124023 0.088867
v -0.071289 -0.133789 0.083008
v -0.057617 -0.133789 0.079102
v -0.057617 -0.133789 0.079102
v -0.055664 -0.124023 0.081055
v -0.071289 -0.124023 0.088867
v -0.088867 -0.133789 0.065430
v -0.083008 -0.133789 0.079102
v -0.092773 -0.124023 0.065430
v -0.071289 -0.124023 0.088867
v -0.083008 -0.133789 0.079102
v -0.071289 -0.133789 0.083008
v -0.086914 -0.124023 0.081055
v -0.092773 -0.124023 0.065430
v -0.083008 -0.133789 0.079102
v -0.083008 -0.133789 0.079102
v -0.071289 -0.124023 0.088867
v -0.086914 -0.124023 0.081055
v -0.000977 -0.118164 0.034180
v -0.010742 -0.118164 0.036133
v -0.010742 -0.110352 0.036133
v -0.008789 -0.120117 0.041992
v -0.014648 -0.120117 0.038086
v -0.010742 -0.118164 0.036133
v -0.010742 -0.118164 0.036133
v -0.014648 -0.120117 0.038086
v -0.018555 -0.114258 0.036133
v -0.018555 -0.114258 0.036133
v -0.010742 -0.110352 0.036133
v -0.010742 -0.118164 0.036133
v -0.014648 -0.120117 0.038086
v -0.008789 -0.120117 0.041992
v -0.012695 -0.120117 0.041992
v -0.014648 -0.120117 0.038086
v -0.012695 -0.120117 0.041992
v -0.016602 -0.124023 0.038086
v -0.014648 -0.120117 0.038086
v -0.016602 -0.124023 0.038086
v -0.024414 -0.122070 0.036133
v -0.024414 -0.122070 0.036133
v -0.018555 -0.114258 0.036133
v -0.014648 -0.120117 0.038086
v -0.018555 -0.114258 0.036133
v -0.010742 -0.106445 0.041992
v -0.010742 -0.110352 0.036133
v -0.014648 -0.118164 0.047852
v -0.012695 -0.120117 0.041992
v -0.008789 -0.120117 0.041992
v -0.008789 -0.116211 0.047852
v -0.014648 -0.118164 0.047852
v -0.008789 -0.120117 0.041992
v -0.012695 -0.120117 0.041992
v -0.014648 -0.124023 0.043945
v -0.016602 -0.124023 0.038086
v -0.018555 -0.122070 0.047852
v -0.014648 -0.124023 0.043945
v -0.012695 -0.120117 0.041992
v -0.012695 -0.120117 0.041992
v -0.014648 -0.118164 0.047852
v -0.018555 -0.122070 0.047852
v -0.008789 -0.110352 0.045898
v -0.010742 -0.106445 0.041992
v -0.022461 -0.112305 0.041992
v -0.008789 -0.110352 0.045898
v -0.022461 -0.112305 0.041992
v -0.018555 -0.114258 0.047852
v -0.018555 -0.114258 0.047852
v -0.008789 -0.116211 0.047852
v -0.008789 -0.110352 0.045898
v -0.010742 -0.106445 0.041992
v -0.018555 -0.114258 0.036133
v -0.022461 -0.112305 0.041992
v -0.018555 -0.114258 0.036133
v -0.024414 -0.122070 0.036133
v -0.022461 -0.112305 0.041992
v -0.028320 -0.122070 0.041992
v -0.022461 -0.112305 0.041992
v -0.024414 -0.122070 0.036133
v -0.022461 -0.112305 0.041992
v -0.028320 -0.122070 0.041992
v -0.018555 -0.114258 0.047852
v -0.024414 -0.122070 0.047852
v -0.018555 -0.114258 0.047852
v -0.028320 -0.122070 0.041992
v -0.014648 -0.118164 0.047852
v -0.008789 -0.116211 0.047852
v -0.018555 -0.114258 0.047852
v -0.024414 -0.122070 0.047852
v -0.018555 -0.122070 0.047852
v -0.014648 -0.118164 0.047852
v -0.014648 -0.118164 0.047852
v -0.018555 -0.114258 0.047852
v -0.024414 -0.122070 0.047852
v -0.010742 -0.106445 0.053711
v -0.010742 -0.094727 0.065430
v -0.194336 -0.092773 0.041992
v -0.192383 -0.106445 0.032227
v -0.180664 -0.092773 0.014648
v -0.010742 -0.106445 0.053711
v -0.194336 -0.092773 0.041992
v -0.192383 -0.106445 0.032227
v -0.010742 -0.106445 0.053711
v -0.188477 -0.084961 0.038086
v -0.010742 -0.094727 0.065430
v -0.010742 -0.086914 0.059570
v -0.071289 -0.124023 0.043945
v -0.059570 -0.104492 0.053711
v -0.055664 -0.124023 0.051758
v -0.055664 -0.124023 0.051758
v -0.059570 -0.104492 0.053711
v -0.053711 -0.104492 0.065430
v -0.053711 -0.104492 0.065430
v -0.049805 -0.124023 0.065430
v -0.055664 -0.124023 0.051758
v -0.059570 -0.104492 0.053711
v -0.071289 -0.124023 0.043945
v -0.071289 -0.104492 0.049805
v -0.059570 -0.104492 0.053711
v -0.071289 -0.104492 0.049805
v -0.065430 -0.096680 0.061523
v -0.059570 -0.104492 0.053711
v -0.065430 -0.096680 0.061523
v -0.063477 -0.096680 0.065430
v -0.063477 -0.096680 0.065430
v -0.053711 -0.104492 0.065430
v -0.059570 -0.104492 0.053711
v -0.118164 -0.063477 0.002930
v -0.104492 -0.049805 0.012695
v -0.104492 -0.057617 0.018555
v -0.118164 -0.063477 0.002930
v -0.104492 -0.057617 0.018555
v -0.125977 -0.061523 0.008789
v -0.086914 -0.124023 0.051758
v -0.071289 -0.104492 0.049805
v -0.071289 -0.124023 0.043945
v -0.071289 -0.096680 0.059570
v -0.065430 -0.096680 0.061523
v -0.071289 -0.104492 0.049805
v -0.083008 -0.104492 0.053711
v -0.071289 -0.096680 0.059570
v -0.071289 -0.104492 0.049805
v -0.071289 -0.104492 0.049805
v -0.086914 -0.124023 0.051758
v -0.083008 -0.104492 0.053711
v -0.065430 -0.096680 0.061523
v -0.071289 -0.096680 0.059570
v -0.071289 -0.086914 0.059570
v -0.071289 -0.086914 0.059570
v -0.065430 -0.086914 0.061523
v -0.065430 -0.096680 0.061523
v -0.065430 -0.096680 0.061523
v -0.065430 -0.086914 0.061523
v -0.063477 -0.096680 0.065430
v -0.083008 -0.104492 0.053711
v -0.075195 -0.096680 0.061523
v -0.071289 -0.096680 0.059570
v -0.071289 -0.096680 0.059570
v -0.075195 -0.096680 0.061523
v -0.075195 -0.086914 0.061523
v -0.075195 -0.086914 0.061523
v -0.071289 -0.086914 0.059570
v -0.071289 -0.096680 0.059570
v -0.075195 -0.096680 0.061523
v -0.083008 -0.104492 0.053711
v -0.086914 -0.104492 0.065430
v -0.077148 -0.086914 0.065430
v -0.075195 -0.086914 0.061523
v -0.075195 -0.096680 0.061523
v -0.086914 -0.104492 0.065430
v -0.077148 -0.096680 0.065430
v -0.075195 -0.096680 0.061523
v -0.075195 -0.096680 0.061523
v -0.077148 -0.096680 0.065430
v -0.077148 -0.086914 0.065430
v -0.092773 -0.124023 0.065430
v -0.083008 -0.104492 0.053711
v -0.086914 -0.124023 0.051758
v -0.083008 -0.104492 0.053711
v -0.092773 -0.124023 0.065430
v -0.086914 -0.104492 0.065430
v -0.071289 -0.086914 0.059570
v -0.063477 -0.084961 0.059570
v -0.065430 -0.086914 0.061523
v -0.065430 -0.086914 0.061523
v -0.063477 -0.084961 0.059570
v -0.061523 -0.084961 0.065430
v -0.065430 -0.086914 0.061523
v -0.061523 -0.084961 0.065430
v -0.063477 -0.086914 0.065430
v -0.063477 -0.086914 0.065430
v -0.063477 -0.096680 0.065430
v -0.065430 -0.086914 0.061523
v -0.071289 -0.084961 0.057617
v -0.065430 -0.081055 0.059570
v -0.063477 -0.084961 0.059570
v -0.063477 -0.084961 0.059570
v -0.065430 -0.081055 0.059570
v -0.061523 -0.081055 0.065430
v -0.063477 -0.084961 0.059570
v -0.071289 -0.086914 0.059570
v -0.071289 -0.084961 0.057617
v -0.061523 -0.081055 0.065430
v -0.061523 -0.084961 0.065430
v -0.063477 -0.084961 0.059570
v -0.065430 -0.081055 0.059570
v -0.071289 -0.084961 0.057617
v -0.071289 -0.081055 0.057617
v -0.065430 -0.081055 0.059570
v -0.071289 -0.081055 0.057617
v -0.077148 -0.081055 0.059570
v -0.065430 -0.081055 0.059570
v -0.077148 -0.081055 0.059570
v -0.061523 -0.081055 0.065430
v -0.071289 -0.086914 0.059570
v -0.075195 -0.086914 0.061523
v -0.071289 -0.084961 0.057617
v -0.077148 -0.084961 0.059570
v -0.071289 -0.084961 0.057617
v -0.075195 -0.086914 0.061523
v -0.077148 -0.086914 0.065430
v -0.077148 -0.084961 0.059570
v -0.075195 -0.086914 0.061523
v -0.077148 -0.084961 0.059570
v -0.071289 -0.081055 0.057617
v -0.071289 -0.084961 0.057617
v -0.071289 -0.081055 0.057617
v -0.077148 -0.084961 0.059570
v -0.077148 -0.081055 0.059570
v -0.081055 -0.084961 0.065430
v -0.077148 -0.081055 0.059570
v -0.077148 -0.084961 0.059570
v -0.077148 -0.084961 0.059570
v -0.077148 -0.086914 0.065430
v -0.081055 -0.084961 0.065430
v -0.079102 -0.081055 0.065430
v -0.061523 -0.081055 0.065430
v -0.077148 -0.081055 0.059570
v -0.077148 -0.081055 0.059570
v -0.081055 -0.084961 0.065430
v -0.079102 -0.081055 0.065430
v -0.090820 -0.000977 0.010742
v -0.077148 -0.000977 0.020508
v -0.090820 -0.006836 0.020508
v -0.106445 -0.000977 0.014648
v -0.077148 -0.000977 0.020508
v -0.090820 -0.000977 0.010742
v -0.090820 -0.000977 0.010742
v -0.090820 -0.006836 0.020508
v -0.100586 -0.006836 0.020508
v -0.100586 -0.006836 0.020508
v -0.106445 -0.000977 0.014648
v -0.090820 -0.000977 0.010742
v -0.088867 -0.006836 0.030273
v -0.090820 -0.006836 0.020508
v -0.077148 -0.000977 0.020508
v -0.077148 -0.000977 0.038086
v -0.088867 -0.006836 0.030273
v -0.077148 -0.000977 0.020508
v -0.077148 -0.000977 0.020508
v -0.106445 -0.000977 0.014648
v -0.114258 -0.000977 0.028320
v -0.077148 -0.000977 0.020508
v -0.114258 -0.000977 0.028320
v -0.106445 -0.000977 0.043945
v -0.106445 -0.000977 0.043945
v -0.077148 -0.000977 0.038086
v -0.077148 -0.000977 0.020508
v -0.100586 -0.006836 0.020508
v -0.090820 -0.006836 0.020508
v -0.090820 -0.020508 0.022461
v -0.090820 -0.020508 0.022461
v -0.090820 -0.006836 0.020508
v -0.088867 -0.022461 0.032227
v -0.094727 -0.043945 0.030273
v -0.094727 -0.038086 0.022461
v -0.090820 -0.020508 0.022461
v -0.090820 -0.020508 0.022461
v -0.094727 -0.038086 0.022461
v -0.100586 -0.020508 0.022461
v -0.088867 -0.022461 0.032227
v -0.094727 -0.043945 0.030273
v -0.090820 -0.020508 0.022461
v -0.090820 -0.020508 0.022461
v -0.100586 -0.020508 0.022461
v -0.100586 -0.006836 0.020508
v -0.090820 -0.006836 0.020508
v -0.088867 -0.006836 0.030273
v -0.088867 -0.022461 0.032227
v -0.088867 -0.006836 0.030273
v -0.077148 -0.000977 0.038086
v -0.094727 -0.006836 0.036133
v -0.096680 -0.022461 0.038086
v -0.088867 -0.022461 0.032227
v -0.088867 -0.006836 0.030273
v -0.094727 -0.006836 0.036133
v -0.096680 -0.022461 0.038086
v -0.088867 -0.006836 0.030273
v -0.104492 -0.049805 0.012695
v -0.110352 -0.043945 0.012695
v -0.104492 -0.034180 0.020508
v -0.094727 -0.038086 0.022461
v -0.104492 -0.057617 0.018555
v -0.104492 -0.049805 0.012695
v -0.104492 -0.034180 0.020508
v -0.094727 -0.038086 0.022461
v -0.104492 -0.049805 0.012695
v -0.108398 -0.036133 0.028320
v -0.104492 -0.034180 0.020508
v -0.110352 -0.043945 0.012695
v -0.116211 -0.047852 0.020508
v -0.108398 -0.036133 0.028320
v -0.110352 -0.043945 0.012695
v -0.104492 -0.057617 0.018555
v -0.094727 -0.038086 0.022461
v -0.094727 -0.043945 0.030273
v -0.104492 -0.057617 0.018555
v -0.094727 -0.043945 0.030273
v -0.114258 -0.055664 0.024414
v -0.104492 -0.057617 0.018555
v -0.114258 -0.055664 0.024414
v -0.125977 -0.061523 0.008789
v -0.094727 -0.038086 0.022461
v -0.104492 -0.034180 0.020508
v -0.100586 -0.020508 0.022461
v -0.104492 -0.034180 0.020508
v -0.108398 -0.036133 0.028320
v -0.104492 -0.020508 0.032227
v -0.104492 -0.020508 0.032227
v -0.100586 -0.020508 0.022461
v -0.104492 -0.034180 0.020508
v -0.104492 -0.041992 0.034180
v -0.114258 -0.055664 0.024414
v -0.094727 -0.043945 0.030273
v -0.094727 -0.043945 0.030273
v -0.088867 -0.022461 0.032227
v -0.104492 -0.041992 0.034180
v -0.108398 -0.036133 0.028320
v -0.116211 -0.047852 0.020508
v -0.114258 -0.055664 0.024414
v -0.108398 -0.036133 0.028320
v -0.114258 -0.055664 0.024414
v -0.104492 -0.041992 0.034180
v -0.108398 -0.036133 0.028320
v -0.104492 -0.041992 0.034180
v -0.104492 -0.020508 0.032227
v -0.125977 -0.061523 0.008789
v -0.114258 -0.055664 0.024414
v -0.116211 -0.047852 0.020508
v -0.116211 -0.047852 0.020508
v -0.129883 -0.051758 0.004883
v -0.125977 -0.061523 0.008789
v -0.106445 -0.000977 0.014648
v -0.100586 -0.006836 0.020508
v -0.104492 -0.006836 0.030273
v -0.106445 -0.000977 0.014648
v -0.104492 -0.006836 0.030273
v -0.114258 -0.000977 0.028320
v -0.104492 -0.006836 0.030273
v -0.100586 -0.006836 0.020508
v -0.100586 -0.020508 0.022461
v -0.104492 -0.020508 0.032227
v -0.104492 -0.006836 0.030273
v -0.100586 -0.020508 0.022461
v -0.106445 -0.000977 0.043945
v -0.114258 -0.000977 0.028320
v -0.104492 -0.006836 0.030273
v -0.104492 -0.006836 0.030273
v -0.104492 -0.020508 0.032227
v -0.094727 -0.006836 0.036133
v -0.104492 -0.006836 0.030273
v -0.094727 -0.006836 0.036133
v -0.106445 -0.000977 0.043945
v -0.077148 -0.000977 0.038086
v -0.090820 -0.000977 0.047852
v -0.094727 -0.006836 0.036133
v -0.106445 -0.000977 0.043945
v -0.090820 -0.000977 0.047852
v -0.077148 -0.000977 0.038086
v -0.096680 -0.022461 0.038086
v -0.104492 -0.041992 0.034180
v -0.088867 -0.022461 0.032227
v -0.106445 -0.000977 0.043945
v -0.094727 -0.006836 0.036133
v -0.090820 -0.000977 0.047852
v -0.104492 -0.041992 0.034180
v -0.096680 -0.022461 0.038086
v -0.104492 -0.020508 0.032227
v -0.108398 -0.110352 0.079102
v -0.110352 -0.110352 0.075195
v -0.120117 -0.061523 0.061523
v -0.120117 -0.061523 0.061523
v -0.110352 -0.110352 0.075195
v -0.147461 -0.063477 0.079102
v -0.118164 -0.061523 0.063477
v -0.108398 -0.110352 0.079102
v -0.120117 -0.061523 0.061523
v -0.147461 -0.063477 0.079102
v -0.118164 -0.061523 0.063477
v -0.120117 -0.061523 0.061523
v -0.094727 -0.006836 0.036133
v -0.104492 -0.020508 0.032227
v -0.096680 -0.022461 0.038086
v -0.010742 -0.094727 0.065430
v -0.188477 -0.084961 0.038086
v -0.194336 -0.092773 0.041992
v -0.049805 -0.124023 0.065430
v -0.053711 -0.104492 0.065430
v -0.059570 -0.104492 0.077148
v -0.049805 -0.124023 0.065430
v -0.059570 -0.104492 0.077148
v -0.055664 -0.124023 0.081055
v -0.065430 -0.096680 0.071289
v -0.059570 -0.104492 0.077148
v -0.053711 -0.104492 0.065430
v -0.053711 -0.104492 0.065430
v -0.063477 -0.096680 0.065430
v -0.065430 -0.096680 0.071289
v -0.071289 -0.104492 0.083008
v -0.055664 -0.124023 0.081055
v -0.059570 -0.104492 0.077148
v -0.059570 -0.104492 0.077148
v -0.065430 -0.096680 0.071289
v -0.071289 -0.096680 0.073242
v -0.059570 -0.104492 0.077148
v -0.071289 -0.096680 0.073242
v -0.071289 -0.104492 0.083008
v -0.071289 -0.104492 0.083008
v -0.071289 -0.124023 0.088867
v -0.055664 -0.124023 0.081055
v -0.061523 -0.084961 0.065430
v -0.061523 -0.081055 0.065430
v -0.065430 -0.081055 0.073242
v -0.063477 -0.084961 0.073242
v -0.063477 -0.086914 0.065430
v -0.061523 -0.084961 0.065430
v -0.065430 -0.081055 0.073242
v -0.063477 -0.084961 0.073242
v -0.061523 -0.084961 0.065430
v -0.079102 -0.081055 0.065430
v -0.065430 -0.081055 0.073242
v -0.061523 -0.081055 0.065430
v -0.065430 -0.086914 0.071289
v -0.065430 -0.096680 0.071289
v -0.063477 -0.096680 0.065430
v -0.063477 -0.096680 0.065430
v -0.063477 -0.086914 0.065430
v -0.065430 -0.086914 0.071289
v -0.086914 -0.104492 0.065430
v -0.075195 -0.096680 0.071289
v -0.077148 -0.096680 0.065430
v -0.077148 -0.096680 0.065430
v -0.075195 -0.096680 0.071289
v -0.077148 -0.086914 0.065430
v -0.071289 -0.086914 0.073242
v -0.071289 -0.096680 0.073242
v -0.065430 -0.096680 0.071289
v -0.065430 -0.096680 0.071289
v -0.065430 -0.086914 0.071289
v -0.071289 -0.086914 0.073242
v -0.071289 -0.096680 0.073242
v -0.075195 -0.096680 0.071289
v -0.071289 -0.104492 0.083008
v -0.075195 -0.086914 0.071289
v -0.075195 -0.096680 0.071289
v -0.071289 -0.096680 0.073242
v -0.071289 -0.096680 0.073242
v -0.071289 -0.086914 0.073242
v -0.075195 -0.086914 0.071289
v -0.075195 -0.096680 0.071289
v -0.086914 -0.104492 0.065430
v -0.083008 -0.104492 0.077148
v -0.075195 -0.096680 0.071289
v -0.083008 -0.104492 0.077148
v -0.071289 -0.104492 0.083008
v -0.075195 -0.086914 0.071289
v -0.077148 -0.086914 0.065430
v -0.075195 -0.096680 0.071289
v -0.086914 -0.124023 0.081055
v -0.086914 -0.104492 0.065430
v -0.092773 -0.124023 0.065430
v -0.086914 -0.124023 0.081055
v -0.083008 -0.104492 0.077148
v -0.086914 -0.104492 0.065430
v -0.083008 -0.104492 0.077148
v -0.071289 -0.124023 0.088867
v -0.071289 -0.104492 0.083008
v -0.086914 -0.124023 0.081055
v -0.071289 -0.124023 0.088867
v -0.083008 -0.104492 0.077148
v -0.063477 -0.084961 0.073242
v -0.065430 -0.086914 0.071289
v -0.063477 -0.086914 0.065430
v -0.077148 -0.086914 0.065430
v -0.075195 -0.086914 0.071289
v -0.081055 -0.084961 0.065430
v -0.065430 -0.086914 0.071289
v -0.063477 -0.084961 0.073242
v -0.071289 -0.086914 0.073242
v -0.063477 -0.084961 0.073242
v -0.065430 -0.081055 0.073242
v -0.071289 -0.084961 0.075195
v -0.071289 -0.084961 0.075195
v -0.071289 -0.086914 0.073242
v -0.063477 -0.084961 0.073242
v -0.065430 -0.081055 0.073242
v -0.077148 -0.081055 0.073242
v -0.071289 -0.081055 0.075195
v -0.079102 -0.081055 0.065430
v -0.077148 -0.081055 0.073242
v -0.065430 -0.081055 0.073242
v -0.071289 -0.081055 0.075195
v -0.071289 -0.084961 0.075195
v -0.065430 -0.081055 0.073242
v -0.077148 -0.084961 0.073242
v -0.075195 -0.086914 0.071289
v -0.071289 -0.086914 0.073242
v -0.071289 -0.084961 0.075195
v -0.077148 -0.084961 0.073242
v -0.071289 -0.086914 0.073242
v -0.075195 -0.086914 0.071289
v -0.077148 -0.084961 0.073242
v -0.081055 -0.084961 0.065430
v -0.071289 -0.084961 0.075195
v -0.077148 -0.081055 0.073242
v -0.077148 -0.084961 0.073242
v -0.077148 -0.084961 0.073242
v -0.077148 -0.081055 0.073242
v -0.079102 -0.081055 0.065430
v -0.079102 -0.081055 0.065430
v -0.081055 -0.084961 0.065430
v -0.077148 -0.084961 0.073242
v -0.077148 -0.081055 0.073242
v -0.071289 -0.084961 0.075195
v -0.071289 -0.081055 0.075195
v -0.110352 -0.110352 0.075195
v -0.108398 -0.110352 0.079102
v -0.135742 -0.112305 0.092773
v -0.110352 -0.110352 0.075195
v -0.135742 -0.112305 0.092773
v -0.147461 -0.063477 0.079102
v -0.108398 -0.110352 0.079102
v -0.118164 -0.061523 0.063477
v -0.145508 -0.063477 0.081055
v -0.133789 -0.112305 0.094727
v -0.135742 -0.112305 0.092773
v -0.108398 -0.110352 0.079102
v -0.108398 -0.110352 0.079102
v -0.145508 -0.063477 0.081055
v -0.133789 -0.112305 0.094727
v -0.118164 -0.061523 0.063477
v -0.147461 -0.063477 0.079102
v -0.145508 -0.063477 0.081055
v -0.166992 -0.157227 0.000977
v -0.204102 -0.155273 0.200195
v -0.219727 -0.149414 0.211914
v -0.202148 -0.249023 0.071289
v -0.180664 -0.249023 0.083008
v -0.180664 -0.249023 0.073242
v -0.196289 -0.200195 0.083008
v -0.186523 -0.200195 0.083008
v -0.180664 -0.249023 0.083008
v -0.180664 -0.249023 0.083008
v -0.202148 -0.249023 0.071289
v -0.192383 -0.249023 0.081055
v -0.180664 -0.249023 0.083008
v -0.192383 -0.249023 0.081055
v -0.196289 -0.200195 0.083008
v -0.182617 -0.249023 0.090820
v -0.186523 -0.200195 0.090820
v -0.194336 -0.249023 0.088867
v -0.198242 -0.200195 0.124023
v -0.186523 -0.200195 0.090820
v -0.182617 -0.249023 0.090820
v -0.182617 -0.249023 0.090820
v -0.194336 -0.249023 0.088867
v -0.200195 -0.247070 0.127930
v -0.196289 -0.247070 0.127930
v -0.198242 -0.200195 0.124023
v -0.182617 -0.249023 0.090820
v -0.200195 -0.247070 0.127930
v -0.196289 -0.247070 0.127930
v -0.182617 -0.249023 0.090820
v -0.184570 -0.200195 0.081055
v -0.186523 -0.200195 0.083008
v -0.196289 -0.200195 0.083008
v -0.198242 -0.190430 0.079102
v -0.184570 -0.190430 0.081055
v -0.184570 -0.200195 0.081055
v -0.196289 -0.200195 0.083008
v -0.198242 -0.200195 0.079102
v -0.184570 -0.200195 0.081055
v -0.184570 -0.200195 0.081055
v -0.198242 -0.200195 0.079102
v -0.198242 -0.190430 0.079102
v -0.184570 -0.190430 0.081055
v -0.198242 -0.190430 0.079102
v -0.192383 -0.188477 0.133789
v -0.198242 -0.200195 0.088867
v -0.194336 -0.249023 0.088867
v -0.186523 -0.200195 0.090820
v -0.198242 -0.200195 0.124023
v -0.198242 -0.200195 0.088867
v -0.186523 -0.200195 0.090820
v -0.145508 -0.124023 0.096680
v -0.133789 -0.129883 0.110352
v -0.145508 -0.131836 0.096680
v -0.145508 -0.131836 0.096680
v -0.168945 -0.131836 0.116211
v -0.168945 -0.125977 0.116211
v -0.145508 -0.131836 0.096680
v -0.168945 -0.125977 0.116211
v -0.145508 -0.124023 0.096680
v -0.133789 -0.129883 0.110352
v -0.145508 -0.124023 0.096680
v -0.133789 -0.124023 0.110352
v -0.133789 -0.129883 0.110352
v -0.133789 -0.124023 0.110352
v -0.157227 -0.129883 0.129883
v -0.157227 -0.124023 0.129883
v -0.168945 -0.125977 0.116211
v -0.168945 -0.131836 0.116211
v -0.168945 -0.131836 0.116211
v -0.157227 -0.129883 0.129883
v -0.157227 -0.124023 0.129883
v -0.161133 -0.124023 0.120117
v -0.145508 -0.124023 0.096680
v -0.168945 -0.125977 0.116211
v -0.159180 -0.124023 0.122070
v -0.161133 -0.124023 0.120117
v -0.168945 -0.125977 0.116211
v -0.157227 -0.124023 0.129883
v -0.159180 -0.124023 0.122070
v -0.168945 -0.125977 0.116211
v -0.194336 -0.249023 0.088867
v -0.192383 -0.249023 0.081055
v -0.202148 -0.249023 0.071289
v -0.211914 -0.247070 0.137695
v -0.194336 -0.249023 0.088867
v -0.202148 -0.249023 0.071289
v -0.192383 -0.249023 0.081055
v -0.194336 -0.249023 0.088867
v -0.198242 -0.200195 0.088867
v -0.198242 -0.200195 0.088867
v -0.196289 -0.200195 0.083008
v -0.192383 -0.249023 0.081055
v -0.211914 -0.247070 0.137695
v -0.200195 -0.247070 0.127930
v -0.194336 -0.249023 0.088867
v -0.198242 -0.200195 0.079102
v -0.196289 -0.200195 0.083008
v -0.198242 -0.200195 0.088867
v -0.206055 -0.190430 0.131836
v -0.198242 -0.190430 0.079102
v -0.198242 -0.200195 0.079102
v -0.198242 -0.200195 0.079102
v -0.198242 -0.200195 0.088867
v -0.202148 -0.200195 0.124023
v -0.198242 -0.200195 0.079102
v -0.202148 -0.200195 0.124023
v -0.206055 -0.200195 0.133789
v -0.206055 -0.200195 0.133789
v -0.206055 -0.190430 0.131836
v -0.198242 -0.200195 0.079102
v -0.206055 -0.190430 0.131836
v -0.192383 -0.188477 0.133789
v -0.198242 -0.190430 0.079102
v -0.198242 -0.200195 0.088867
v -0.198242 -0.200195 0.124023
v -0.202148 -0.200195 0.124023
v -0.196289 -0.247070 0.127930
v -0.202148 -0.200195 0.124023
v -0.198242 -0.200195 0.124023
v -0.202148 -0.200195 0.124023
v -0.196289 -0.247070 0.127930
v -0.200195 -0.247070 0.127930
v -0.202148 -0.200195 0.124023
v -0.200195 -0.247070 0.127930
v -0.204102 -0.200195 0.129883
v -0.202148 -0.200195 0.124023
v -0.204102 -0.200195 0.129883
v -0.206055 -0.200195 0.133789
v -0.208008 -0.100586 0.008789
v -0.188477 -0.106445 0.008789
v -0.188477 -0.108398 0.004883
v -0.188477 -0.108398 0.004883
v -0.209961 -0.102539 0.004883
v -0.208008 -0.100586 0.008789
v -0.208008 -0.100586 0.008789
v -0.190430 -0.106445 0.014648
v -0.188477 -0.106445 0.008789
v -0.190430 -0.106445 0.014648
v -0.208008 -0.100586 0.008789
v -0.208008 -0.100586 0.014648
v -0.190430 -0.106445 0.014648
v -0.208008 -0.100586 0.014648
v -0.190430 -0.110352 0.016602
v -0.209961 -0.102539 0.004883
v -0.213867 -0.106445 0.006836
v -0.225586 -0.086914 0.004883
v -0.223633 -0.084961 0.008789
v -0.208008 -0.100586 0.008789
v -0.209961 -0.102539 0.004883
v -0.209961 -0.102539 0.004883
v -0.225586 -0.086914 0.004883
v -0.223633 -0.084961 0.008789
v -0.213867 -0.106445 0.006836
v -0.215820 -0.108398 0.012695
v -0.231445 -0.088867 0.006836
v -0.231445 -0.088867 0.006836
v -0.225586 -0.086914 0.004883
v -0.213867 -0.106445 0.006836
v -0.223633 -0.084961 0.008789
v -0.208008 -0.100586 0.014648
v -0.208008 -0.100586 0.008789
v -0.211914 -0.104492 0.016602
v -0.190430 -0.110352 0.016602
v -0.208008 -0.100586 0.014648
v -0.223633 -0.084961 0.014648
v -0.211914 -0.104492 0.016602
v -0.208008 -0.100586 0.014648
v -0.208008 -0.100586 0.014648
v -0.223633 -0.084961 0.008789
v -0.223633 -0.084961 0.014648
v -0.215820 -0.108398 0.012695
v -0.211914 -0.104492 0.016602
v -0.229492 -0.088867 0.016602
v -0.233398 -0.090820 0.012695
v -0.231445 -0.088867 0.006836
v -0.215820 -0.108398 0.012695
v -0.229492 -0.088867 0.016602
v -0.233398 -0.090820 0.012695
v -0.215820 -0.108398 0.012695
v -0.211914 -0.104492 0.016602
v -0.223633 -0.084961 0.014648
v -0.229492 -0.088867 0.016602
v -0.225586 -0.086914 0.004883
v -0.231445 -0.088867 0.006836
v -0.235352 -0.069336 0.004883
v -0.231445 -0.067383 0.002930
v -0.223633 -0.084961 0.008789
v -0.225586 -0.086914 0.004883
v -0.235352 -0.069336 0.004883
v -0.231445 -0.067383 0.002930
v -0.225586 -0.086914 0.004883
v -0.231445 -0.088867 0.006836
v -0.233398 -0.090820 0.012695
v -0.237305 -0.069336 0.010742
v -0.237305 -0.069336 0.010742
v -0.235352 -0.069336 0.004883
v -0.231445 -0.088867 0.006836
v -0.227539 -0.067383 0.006836
v -0.223633 -0.084961 0.014648
v -0.223633 -0.084961 0.008789
v -0.223633 -0.084961 0.008789
v -0.231445 -0.067383 0.002930
v -0.227539 -0.067383 0.006836
v -0.223633 -0.084961 0.014648
v -0.227539 -0.067383 0.006836
v -0.229492 -0.065430 0.010742
v -0.223633 -0.084961 0.014648
v -0.229492 -0.065430 0.010742
v -0.229492 -0.088867 0.016602
v -0.233398 -0.090820 0.012695
v -0.233398 -0.067383 0.012695
v -0.237305 -0.069336 0.010742
v -0.229492 -0.088867 0.016602
v -0.233398 -0.067383 0.012695
v -0.233398 -0.090820 0.012695
v -0.219727 -0.061523 0.002930
v -0.227539 -0.067383 0.006836
v -0.231445 -0.067383 0.002930
v -0.219727 -0.061523 0.016602
v -0.229492 -0.065430 0.010742
v -0.227539 -0.067383 0.006836
v -0.227539 -0.067383 0.006836
v -0.219727 -0.061523 0.002930
v -0.219727 -0.061523 0.016602
v -0.229492 -0.065430 0.010742
v -0.233398 -0.067383 0.012695
v -0.229492 -0.088867 0.016602
v -0.231445 -0.063477 0.024414
v -0.233398 -0.067383 0.012695
v -0.229492 -0.065430 0.010742
v -0.219727 -0.061523 0.016602
v -0.231445 -0.063477 0.024414
v -0.229492 -0.065430 0.010742
v -0.233398 -0.067383 0.012695
v -0.247070 -0.069336 0.006836
v -0.237305 -0.069336 0.010742
v -0.243164 -0.067383 0.018555
v -0.247070 -0.069336 0.006836
v -0.233398 -0.067383 0.012695
v -0.233398 -0.067383 0.012695
v -0.231445 -0.063477 0.024414
v -0.243164 -0.067383 0.018555
v -0.247070 -0.069336 0.006836
v -0.243164 -0.067383 0.018555
v -0.219727 -0.061523 0.016602
v -0.219727 -0.061523 0.016602
v -0.243164 -0.067383 0.018555
v -0.231445 -0.063477 0.024414
v -0.243164 -0.063477 0.022461
v -0.241211 -0.063477 0.024414
v -0.243164 -0.065430 0.024414
v -0.241211 -0.061523 0.022461
v -0.241211 -0.063477 0.024414
v -0.243164 -0.063477 0.022461
v -0.243164 -0.063477 0.022461
v -0.243164 -0.065430 0.024414
v -0.245117 -0.063477 0.024414
v -0.243164 -0.063477 0.022461
v -0.245117 -0.063477 0.024414
v -0.245117 -0.061523 0.022461
v -0.243164 -0.061523 0.022461
v -0.241211 -0.061523 0.022461
v -0.243164 -0.063477 0.022461
v -0.245117 -0.061523 0.022461
v -0.243164 -0.061523 0.022461
v -0.243164 -0.063477 0.022461
v -0.243164 -0.063477 0.026367
v -0.243164 -0.065430 0.024414
v -0.241211 -0.063477 0.024414
v -0.241211 -0.061523 0.026367
v -0.243164 -0.063477 0.026367
v -0.241211 -0.063477 0.024414
v -0.241211 -0.063477 0.024414
v -0.241211 -0.061523 0.022461
v -0.241211 -0.061523 0.024414
v -0.241211 -0.063477 0.024414
v -0.241211 -0.061523 0.024414
v -0.241211 -0.061523 0.026367
v -0.243164 -0.063477 0.026367
v -0.245117 -0.063477 0.024414
v -0.243164 -0.065430 0.024414
v -0.245117 -0.063477 0.024414
v -0.243164 -0.063477 0.026367
v -0.245117 -0.061523 0.026367
v -0.247070 -0.061523 0.024414
v -0.245117 -0.061523 0.022461
v -0.245117 -0.063477 0.024414
v -0.245117 -0.063477 0.024414
v -0.245117 -0.061523 0.026367
v -0.247070 -0.061523 0.024414
v -0.243164 -0.063477 0.026367
v -0.241211 -0.061523 0.026367
v -0.243164 -0.061523 0.028320
v -0.243164 -0.061523 0.028320
v -0.245117 -0.061523 0.026367
v -0.243164 -0.063477 0.026367
v -0.239258 -0.055664 0.000977
v -0.237305 -0.053711 0.000977
v -0.239258 -0.053711 0.002930
v -0.239258 -0.053711 0.002930
v -0.241211 -0.053711 0.000977
v -0.239258 -0.055664 0.000977
v -0.237305 -0.053711 0.000977
v -0.239258 -0.051758 0.000977
v -0.239258 -0.053711 0.002930
v -0.239258 -0.051758 0.000977
v -0.241211 -0.053711 0.000977
v -0.239258 -0.053711 0.002930
v -0.241211 -0.040039 0.014648
v -0.241211 -0.038086 0.012695
v -0.241211 -0.038086 0.014648
v -0.243164 -0.040039 0.012695
v -0.241211 -0.038086 0.012695
v -0.241211 -0.040039 0.014648
v -0.241211 -0.040039 0.014648
v -0.241211 -0.038086 0.014648
v -0.241211 -0.038086 0.016602
v -0.243164 -0.040039 0.014648
v -0.243164 -0.040039 0.012695
v -0.241211 -0.040039 0.014648
v -0.243164 -0.040039 0.016602
v -0.243164 -0.040039 0.014648
v -0.241211 -0.040039 0.014648
v -0.241211 -0.040039 0.014648
v -0.241211 -0.038086 0.016602
v -0.243164 -0.040039 0.016602
v -0.241211 -0.036133 0.014648
v -0.241211 -0.038086 0.014648
v -0.241211 -0.038086 0.012695
v -0.243164 -0.036133 0.012695
v -0.241211 -0.036133 0.014648
v -0.241211 -0.038086 0.012695
v -0.241211 -0.038086 0.012695
v -0.243164 -0.040039 0.012695
v -0.243164 -0.038086 0.010742
v -0.241211 -0.038086 0.012695
v -0.243164 -0.038086 0.010742
v -0.243164 -0.036133 0.012695
v -0.241211 -0.038086 0.014648
v -0.241211 -0.036133 0.014648
v -0.241211 -0.038086 0.016602
v -0.241211 -0.036133 0.014648
v -0.243164 -0.036133 0.012695
v -0.243164 -0.036133 0.014648
v -0.241211 -0.036133 0.014648
v -0.243164 -0.036133 0.014648
v -0.243164 -0.036133 0.016602
v -0.243164 -0.036133 0.016602
v -0.241211 -0.038086 0.016602
v -0.241211 -0.036133 0.014648
v -0.243164 -0.040039 0.012695
v -0.243164 -0.040039 0.014648
v -0.245117 -0.040039 0.014648
v -0.243164 -0.040039 0.012695
v -0.245117 -0.040039 0.014648
v -0.245117 -0.038086 0.012695
v -0.245117 -0.038086 0.012695
v -0.243164 -0.038086 0.010742
v -0.243164 -0.040039 0.012695
v -0.243164 -0.040039 0.016602
v -0.245117 -0.040039 0.014648
v -0.243164 -0.040039 0.014648
v -0.247070 -0.038086 0.014648
v -0.245117 -0.038086 0.012695
v -0.245117 -0.040039 0.014648
v -0.245117 -0.038086 0.016602
v -0.247070 -0.038086 0.014648
v -0.245117 -0.040039 0.014648
v -0.245117 -0.040039 0.014648
v -0.243164 -0.040039 0.016602
v -0.245117 -0.038086 0.016602
v -0.245117 -0.038086 0.012695
v -0.243164 -0.036133 0.012695
v -0.243164 -0.038086 0.010742
v -0.243164 -0.036133 0.012695
v -0.245117 -0.038086 0.012695
v -0.245117 -0.036133 0.014648
v -0.245117 -0.036133 0.014648
v -0.243164 -0.036133 0.014648
v -0.243164 -0.036133 0.012695
v -0.247070 -0.038086 0.014648
v -0.245117 -0.036133 0.014648
v -0.245117 -0.038086 0.012695
v -0.243164 -0.036133 0.014648
v -0.245117 -0.036133 0.014648
v -0.243164 -0.036133 0.016602
v -0.245117 -0.036133 0.014648
v -0.247070 -0.038086 0.014648
v -0.245117 -0.038086 0.016602
v -0.245117 -0.038086 0.016602
v -0.243164 -0.036133 0.016602
v -0.245117 -0.036133 0.014648
v -0.241211 -0.061523 0.022461
v -0.243164 -0.061523 0.022461
v -0.243164 -0.059570 0.022461
v -0.241211 -0.061523 0.022461
v -0.243164 -0.059570 0.022461
v -0.241211 -0.059570 0.024414
v -0.241211 -0.059570 0.024414
v -0.241211 -0.061523 0.024414
v -0.241211 -0.061523 0.022461
v -0.245117 -0.061523 0.022461
v -0.243164 -0.059570 0.022461
v -0.243164 -0.061523 0.022461
v -0.243164 -0.059570 0.022461
v -0.245117 -0.061523 0.022461
v -0.245117 -0.059570 0.024414
v -0.243164 -0.059570 0.024414
v -0.241211 -0.059570 0.024414
v -0.243164 -0.059570 0.022461
v -0.245117 -0.059570 0.024414
v -0.243164 -0.059570 0.024414
v -0.243164 -0.059570 0.022461
v -0.247070 -0.061523 0.024414
v -0.245117 -0.059570 0.024414
v -0.245117 -0.061523 0.022461
v -0.241211 -0.061523 0.024414
v -0.241211 -0.059570 0.024414
v -0.241211 -0.061523 0.026367
v -0.243164 -0.059570 0.026367
v -0.241211 -0.061523 0.026367
v -0.241211 -0.059570 0.024414
v -0.241211 -0.059570 0.024414
v -0.243164 -0.059570 0.024414
v -0.243164 -0.059570 0.026367
v -0.241211 -0.061523 0.026367
v -0.243164 -0.059570 0.026367
v -0.243164 -0.061523 0.028320
v -0.243164 -0.059570 0.024414
v -0.245117 -0.059570 0.024414
v -0.243164 -0.059570 0.026367
v -0.245117 -0.061523 0.026367
v -0.243164 -0.059570 0.026367
v -0.245117 -0.059570 0.024414
v -0.247070 -0.061523 0.024414
v -0.245117 -0.061523 0.026367
v -0.245117 -0.059570 0.024414
v -0.243164 -0.059570 0.026367
v -0.245117 -0.061523 0.026367
v -0.243164 -0.061523 0.028320
v -0.243164 -0.038086 0.016602
v -0.243164 -0.040039 0.016602
v -0.241211 -0.038086 0.016602
v -0.243164 -0.036133 0.016602
v -0.243164 -0.038086 0.016602
v -0.241211 -0.038086 0.016602
v -0.243164 -0.040039 0.016602
v -0.243164 -0.038086 0.016602
v -0.245117 -0.038086 0.016602
v -0.243164 -0.038086 0.016602
v -0.243164 -0.036133 0.016602
v -0.245117 -0.038086 0.016602
v -0.149414 -0.063477 0.081055
v -0.147461 -0.063477 0.079102
v -0.135742 -0.112305 0.092773
v -0.139648 -0.112305 0.094727
v -0.149414 -0.063477 0.081055
v -0.135742 -0.112305 0.092773
v -0.135742 -0.112305 0.092773
v -0.133789 -0.112305 0.094727
v -0.139648 -0.112305 0.094727
v -0.147461 -0.063477 0.083008
v -0.145508 -0.063477 0.081055
v -0.147461 -0.063477 0.079102
v -0.149414 -0.063477 0.081055
v -0.147461 -0.063477 0.083008
v -0.147461 -0.063477 0.079102
v -0.145508 -0.063477 0.081055
v -0.147461 -0.063477 0.083008
v -0.133789 -0.112305 0.094727
v -0.147461 -0.063477 0.083008
v -0.149414 -0.063477 0.081055
v -0.141602 -0.110352 0.100586
v -0.137695 -0.112305 0.098633
v -0.133789 -0.112305 0.094727
v -0.147461 -0.063477 0.083008
v -0.141602 -0.110352 0.100586
v -0.137695 -0.112305 0.098633
v -0.147461 -0.063477 0.083008
v -0.149414 -0.063477 0.081055
v -0.139648 -0.112305 0.094727
v -0.143555 -0.112305 0.098633
v -0.149414 -0.063477 0.081055
v -0.143555 -0.112305 0.098633
v -0.141602 -0.110352 0.100586
v -0.137695 -0.112305 0.098633
v -0.139648 -0.112305 0.094727
v -0.133789 -0.112305 0.094727
v -0.139648 -0.112305 0.094727
v -0.137695 -0.112305 0.098633
v -0.137695 -0.124023 0.106445
v -0.137695 -0.124023 0.106445
v -0.139648 -0.124023 0.104492
v -0.139648 -0.112305 0.094727
v -0.139648 -0.112305 0.094727
v -0.139648 -0.124023 0.104492
v -0.143555 -0.112305 0.098633
v -0.141602 -0.110352 0.100586
v -0.137695 -0.124023 0.106445
v -0.137695 -0.112305 0.098633
v -0.139648 -0.124023 0.104492
v -0.137695 -0.124023 0.106445
v -0.145508 -0.124023 0.096680
v -0.139648 -0.124023 0.104492
v -0.145508 -0.124023 0.096680
v -0.161133 -0.124023 0.120117
v -0.165039 -0.112305 0.116211
v -0.143555 -0.112305 0.098633
v -0.139648 -0.124023 0.104492
v -0.161133 -0.124023 0.120117
v -0.165039 -0.112305 0.116211
v -0.139648 -0.124023 0.104492
v -0.133789 -0.124023 0.110352
v -0.145508 -0.124023 0.096680
v -0.137695 -0.124023 0.106445
v -0.137695 -0.124023 0.106445
v -0.141602 -0.110352 0.100586
v -0.159180 -0.124023 0.122070
v -0.157227 -0.124023 0.129883
v -0.133789 -0.124023 0.110352
v -0.137695 -0.124023 0.106445
v -0.137695 -0.124023 0.106445
v -0.159180 -0.124023 0.122070
v -0.157227 -0.124023 0.129883
v -0.163086 -0.110352 0.118164
v -0.141602 -0.110352 0.100586
v -0.143555 -0.112305 0.098633
v -0.143555 -0.112305 0.098633
v -0.165039 -0.112305 0.116211
v -0.163086 -0.110352 0.118164
v -0.163086 -0.110352 0.118164
v -0.159180 -0.124023 0.122070
v -0.141602 -0.110352 0.100586
v -0.157227 -0.124023 0.129883
v -0.157227 -0.129883 0.129883
v -0.133789 -0.124023 0.110352
v -0.165039 -0.112305 0.116211
v -0.161133 -0.124023 0.120117
v -0.170898 -0.112305 0.120117
v -0.180664 -0.063477 0.108398
v -0.163086 -0.110352 0.118164
v -0.165039 -0.112305 0.116211
v -0.165039 -0.112305 0.116211
v -0.170898 -0.112305 0.120117
v -0.182617 -0.063477 0.106445
v -0.165039 -0.112305 0.116211
v -0.182617 -0.063477 0.106445
v -0.180664 -0.063477 0.108398
v -0.161133 -0.124023 0.120117
v -0.159180 -0.124023 0.122070
v -0.170898 -0.112305 0.120117
v -0.159180 -0.124023 0.122070
v -0.163086 -0.110352 0.118164
v -0.168945 -0.112305 0.124023
v -0.168945 -0.112305 0.124023
v -0.170898 -0.112305 0.120117
v -0.159180 -0.124023 0.122070
v -0.180664 -0.063477 0.108398
v -0.168945 -0.112305 0.124023
v -0.163086 -0.110352 0.118164
v -0.170898 -0.112305 0.120117
v -0.168945 -0.112305 0.124023
v -0.172852 -0.112305 0.125977
v -0.170898 -0.112305 0.120117
v -0.174805 -0.112305 0.122070
v -0.182617 -0.063477 0.106445
v -0.172852 -0.112305 0.125977
v -0.174805 -0.112305 0.122070
v -0.170898 -0.112305 0.120117
v -0.168945 -0.112305 0.124023
v -0.180664 -0.063477 0.108398
v -0.184570 -0.063477 0.110352
v -0.168945 -0.112305 0.124023
v -0.184570 -0.063477 0.110352
v -0.172852 -0.112305 0.125977
v -0.186523 -0.063477 0.108398
v -0.182617 -0.063477 0.106445
v -0.174805 -0.112305 0.122070
v -0.198242 -0.110352 0.143555
v -0.186523 -0.063477 0.108398
v -0.174805 -0.112305 0.122070
v -0.174805 -0.112305 0.122070
v -0.172852 -0.112305 0.125977
v -0.198242 -0.110352 0.143555
v -0.184570 -0.063477 0.110352
v -0.180664 -0.063477 0.108398
v -0.182617 -0.063477 0.106445
v -0.182617 -0.063477 0.106445
v -0.186523 -0.063477 0.108398
v -0.184570 -0.063477 0.110352
v -0.208008 -0.061523 0.131836
v -0.184570 -0.063477 0.110352
v -0.186523 -0.063477 0.108398
v -0.186523 -0.063477 0.108398
v -0.198242 -0.110352 0.143555
v -0.209961 -0.061523 0.129883
v -0.186523 -0.063477 0.108398
v -0.209961 -0.061523 0.129883
v -0.208008 -0.061523 0.131836
v -0.196289 -0.110352 0.147461
v -0.172852 -0.112305 0.125977
v -0.184570 -0.063477 0.110352
v -0.208008 -0.061523 0.131836
v -0.196289 -0.110352 0.147461
v -0.184570 -0.063477 0.110352
v -0.114258 -0.032227 0.155273
v -0.036133 -0.008789 0.186523
v -0.036133 -0.032227 0.186523
v -0.036133 -0.032227 0.186523
v -0.036133 -0.008789 0.186523
v -0.004883 -0.008789 0.264648
v -0.114258 -0.061523 0.198242
v -0.114258 -0.032227 0.155273
v -0.036133 -0.032227 0.186523
v -0.036133 -0.032227 0.186523
v -0.067383 -0.061523 0.217773
v -0.114258 -0.061523 0.198242
v -0.004883 -0.032227 0.264648
v -0.067383 -0.061523 0.217773
v -0.036133 -0.032227 0.186523
v -0.004883 -0.008789 0.264648
v -0.004883 -0.032227 0.264648
v -0.036133 -0.032227 0.186523
v -0.036133 -0.008789 0.186523
v -0.114258 -0.032227 0.155273
v -0.114258 -0.008789 0.155273
v -0.036133 -0.008789 0.186523
v -0.114258 -0.008789 0.155273
v -0.114258 -0.008789 0.264648
v -0.114258 -0.008789 0.264648
v -0.004883 -0.008789 0.264648
v -0.036133 -0.008789 0.186523
v -0.192383 -0.032227 0.186523
v -0.114258 -0.008789 0.155273
v -0.114258 -0.032227 0.155273
v -0.114258 -0.032227 0.155273
v -0.114258 -0.061523 0.198242
v -0.163086 -0.061523 0.217773
v -0.163086 -0.061523 0.217773
v -0.192383 -0.032227 0.186523
v -0.114258 -0.032227 0.155273
v -0.114258 -0.008789 0.155273
v -0.192383 -0.032227 0.186523
v -0.192383 -0.008789 0.186523
v -0.114258 -0.008789 0.155273
v -0.192383 -0.008789 0.186523
v -0.114258 -0.008789 0.264648
v -0.043945 -0.002930 0.258789
v -0.063477 -0.008789 0.213867
v -0.059570 -0.002930 0.219727
v -0.059570 -0.002930 0.219727
v -0.063477 -0.008789 0.213867
v -0.055664 0.055664 0.206055
v -0.059570 -0.002930 0.219727
v -0.065430 -0.000977 0.221680
v -0.049805 -0.000977 0.258789
v -0.053711 0.049805 0.213867
v -0.065430 -0.000977 0.221680
v -0.059570 -0.002930 0.219727
v -0.049805 -0.000977 0.258789
v -0.043945 -0.002930 0.258789
v -0.059570 -0.002930 0.219727
v -0.059570 -0.002930 0.219727
v -0.055664 0.055664 0.206055
v -0.053711 0.049805 0.213867
v -0.067383 -0.061523 0.217773
v -0.004883 -0.032227 0.264648
v -0.047852 -0.061523 0.264648
v -0.069336 -0.002930 0.209961
v -0.063477 -0.008789 0.213867
v -0.114258 -0.008789 0.192383
v -0.063477 0.049805 0.204102
v -0.063477 -0.008789 0.213867
v -0.069336 -0.002930 0.209961
v -0.108398 -0.002930 0.194336
v -0.073242 -0.000977 0.215820
v -0.069336 -0.002930 0.209961
v -0.069336 -0.002930 0.209961
v -0.073242 -0.000977 0.215820
v -0.067383 0.047852 0.209961
v -0.114258 -0.008789 0.192383
v -0.108398 -0.002930 0.194336
v -0.069336 -0.002930 0.209961
v -0.067383 0.047852 0.209961
v -0.063477 0.049805 0.204102
v -0.069336 -0.002930 0.209961
v -0.043945 -0.002930 0.258789
v -0.041992 -0.008789 0.264648
v -0.063477 -0.008789 0.213867
v -0.063477 0.049805 0.204102
v -0.055664 0.055664 0.206055
v -0.063477 -0.008789 0.213867
v -0.073242 -0.000977 0.215820
v -0.108398 -0.002930 0.194336
v -0.108398 -0.000977 0.200195
v -0.073242 -0.000977 0.215820
v -0.108398 -0.000977 0.200195
v -0.067383 0.047852 0.209961
v -0.108398 0.049805 0.186523
v -0.108398 -0.000977 0.200195
v -0.108398 -0.002930 0.194336
v -0.108398 -0.002930 0.194336
v -0.114258 -0.008789 0.192383
v -0.114258 0.055664 0.182617
v -0.114258 0.055664 0.182617
v -0.108398 0.049805 0.186523
v -0.108398 -0.002930 0.194336
v -0.108398 -0.000977 0.200195
v -0.108398 0.049805 0.186523
v -0.108398 0.047852 0.192383
v -0.108398 0.047852 0.192383
v -0.067383 0.047852 0.209961
v -0.108398 -0.000977 0.200195
v -0.166992 -0.008789 0.213867
v -0.122070 -0.002930 0.194336
v -0.114258 -0.008789 0.192383
v -0.114258 -0.008789 0.192383
v -0.122070 -0.002930 0.194336
v -0.122070 0.049805 0.186523
v -0.122070 0.049805 0.186523
v -0.114258 0.055664 0.182617
v -0.114258 -0.008789 0.192383
v -0.161133 -0.002930 0.209961
v -0.120117 -0.000977 0.200195
v -0.122070 -0.002930 0.194336
v -0.122070 -0.002930 0.194336
v -0.120117 -0.000977 0.200195
v -0.120117 0.047852 0.192383
v -0.166992 -0.008789 0.213867
v -0.161133 -0.002930 0.209961
v -0.122070 -0.002930 0.194336
v -0.120117 0.047852 0.192383
v -0.122070 0.049805 0.186523
v -0.122070 -0.002930 0.194336
v -0.120117 -0.000977 0.200195
v -0.161133 -0.002930 0.209961
v -0.157227 -0.000977 0.215820
v -0.120117 -0.000977 0.200195
v -0.157227 -0.000977 0.215820
v -0.120117 0.047852 0.192383
v -0.139648 0.170898 0.186523
v -0.100586 -0.008789 0.227539
v -0.108398 -0.008789 0.206055
v -0.108398 -0.008789 0.206055
v -0.129883 -0.008789 0.198242
v -0.153320 0.170898 0.180664
v -0.153320 0.170898 0.180664
v -0.139648 0.170898 0.186523
v -0.108398 -0.008789 0.206055
v -0.041992 0.047852 0.258789
v -0.049805 -0.000977 0.258789
v -0.065430 -0.000977 0.221680
v -0.065430 -0.000977 0.221680
v -0.053711 0.049805 0.213867
v -0.059570 0.047852 0.217773
v -0.065430 -0.000977 0.221680
v -0.059570 0.047852 0.217773
v -0.041992 0.047852 0.258789
v -0.133789 0.170898 0.200195
v -0.108398 -0.008789 0.249023
v -0.100586 -0.008789 0.227539
v -0.100586 -0.008789 0.227539
v -0.139648 0.170898 0.186523
v -0.133789 0.170898 0.200195
v -0.139648 0.170898 0.213867
v -0.129883 -0.008789 0.256836
v -0.108398 -0.008789 0.249023
v -0.108398 -0.008789 0.249023
v -0.133789 0.170898 0.200195
v -0.139648 0.170898 0.213867
v -0.211914 -0.247070 0.137695
v -0.202148 -0.247070 0.133789
v -0.200195 -0.247070 0.127930
v -0.200195 -0.247070 0.127930
v -0.202148 -0.247070 0.133789
v -0.204102 -0.200195 0.129883
v -0.188477 -0.247070 0.139648
v -0.202148 -0.247070 0.133789
v -0.211914 -0.247070 0.137695
v -0.192383 -0.200195 0.131836
v -0.202148 -0.247070 0.133789
v -0.188477 -0.247070 0.139648
v -0.202148 -0.247070 0.133789
v -0.192383 -0.200195 0.131836
v -0.204102 -0.200195 0.129883
v -0.192383 -0.200195 0.131836
v -0.192383 -0.200195 0.135742
v -0.204102 -0.200195 0.129883
v -0.192383 -0.200195 0.135742
v -0.192383 -0.188477 0.133789
v -0.206055 -0.190430 0.131836
v -0.206055 -0.200195 0.133789
v -0.204102 -0.200195 0.129883
v -0.192383 -0.200195 0.135742
v -0.192383 -0.200195 0.135742
v -0.206055 -0.190430 0.131836
v -0.206055 -0.200195 0.133789
v -0.196289 -0.110352 0.147461
v -0.198242 -0.110352 0.143555
v -0.172852 -0.112305 0.125977
v -0.198242 -0.110352 0.143555
v -0.196289 -0.110352 0.147461
v -0.208008 -0.061523 0.131836
v -0.208008 -0.061523 0.131836
v -0.209961 -0.061523 0.129883
v -0.198242 -0.110352 0.143555
v -0.223633 -0.032227 0.264648
v -0.192383 -0.008789 0.186523
v -0.192383 -0.032227 0.186523
v -0.192383 -0.032227 0.186523
v -0.163086 -0.061523 0.217773
v -0.182617 -0.061523 0.264648
v -0.192383 -0.032227 0.186523
v -0.182617 -0.061523 0.264648
v -0.223633 -0.032227 0.264648
v -0.223633 -0.008789 0.264648
v -0.114258 -0.008789 0.264648
v -0.192383 -0.008789 0.186523
v -0.192383 -0.008789 0.186523
v -0.223633 -0.032227 0.264648
v -0.223633 -0.008789 0.264648
v -0.129883 -0.008789 0.198242
v -0.151367 -0.008789 0.206055
v -0.166992 0.170898 0.186523
v -0.166992 0.170898 0.186523
v -0.153320 0.170898 0.180664
v -0.129883 -0.008789 0.198242
v -0.151367 -0.008789 0.206055
v -0.159180 -0.008789 0.227539
v -0.172852 0.170898 0.200195
v -0.172852 0.170898 0.200195
v -0.166992 0.170898 0.186523
v -0.151367 -0.008789 0.206055
v -0.163086 -0.061523 0.217773
v -0.217773 -0.456055 0.264648
v -0.182617 -0.061523 0.264648
v -0.166992 0.049805 0.204102
v -0.157227 -0.000977 0.215820
v -0.161133 -0.002930 0.209961
v -0.161133 -0.002930 0.209961
v -0.166992 -0.008789 0.213867
v -0.172852 0.055664 0.206055
v -0.172852 0.055664 0.206055
v -0.166992 0.049805 0.204102
v -0.161133 -0.002930 0.209961
v -0.163086 0.047852 0.209961
v -0.120117 0.047852 0.192383
v -0.157227 -0.000977 0.215820
v -0.166992 0.049805 0.204102
v -0.163086 0.047852 0.209961
v -0.157227 -0.000977 0.215820
v -0.186523 -0.008789 0.264648
v -0.170898 -0.002930 0.219727
v -0.166992 -0.008789 0.213867
v -0.166992 -0.008789 0.213867
v -0.170898 -0.002930 0.219727
v -0.174805 0.049805 0.213867
v -0.174805 0.049805 0.213867
v -0.172852 0.055664 0.206055
v -0.166992 -0.008789 0.213867
v -0.166992 0.170898 0.213867
v -0.159180 -0.008789 0.227539
v -0.151367 -0.008789 0.249023
v -0.151367 -0.008789 0.249023
v -0.129883 -0.008789 0.256836
v -0.153320 0.170898 0.219727
v -0.153320 0.170898 0.219727
v -0.166992 0.170898 0.213867
v -0.151367 -0.008789 0.249023
v -0.165039 -0.000977 0.221680
v -0.170898 -0.002930 0.219727
v -0.186523 -0.002930 0.258789
v -0.170898 0.047852 0.217773
v -0.170898 -0.002930 0.219727
v -0.165039 -0.000977 0.221680
v -0.186523 -0.002930 0.258789
v -0.180664 -0.000977 0.258789
v -0.165039 -0.000977 0.221680
v -0.165039 -0.000977 0.221680
v -0.180664 -0.000977 0.258789
v -0.170898 0.047852 0.217773
v -0.170898 -0.002930 0.219727
v -0.186523 -0.008789 0.264648
v -0.186523 -0.002930 0.258789
v -0.170898 -0.002930 0.219727
v -0.170898 0.047852 0.217773
v -0.174805 0.049805 0.213867
v -0.166992 0.170898 0.213867
v -0.172852 0.170898 0.200195
v -0.159180 -0.008789 0.227539
v -0.297852 -0.493164 0.043945
v -0.266602 -0.483398 0.032227
v -0.270508 -0.493164 0.022461
v -0.286133 -0.483398 0.047852
v -0.256836 -0.477539 0.055664
v -0.266602 -0.483398 0.032227
v -0.266602 -0.483398 0.032227
v -0.297852 -0.493164 0.043945
v -0.286133 -0.483398 0.047852
v -0.256836 -0.477539 0.055664
v -0.286133 -0.483398 0.047852
v -0.282227 -0.483398 0.069336
v -0.282227 -0.483398 0.069336
v -0.264648 -0.483398 0.084961
v -0.256836 -0.477539 0.055664
v -0.293945 -0.493164 0.077148
v -0.286133 -0.483398 0.047852
v -0.297852 -0.493164 0.043945
v -0.286133 -0.483398 0.047852
v -0.293945 -0.493164 0.077148
v -0.282227 -0.483398 0.069336
v -0.264648 -0.483398 0.084961
v -0.282227 -0.483398 0.069336
v -0.268555 -0.493164 0.096680
v -0.268555 -0.493164 0.096680
v -0.282227 -0.483398 0.069336
v -0.293945 -0.493164 0.077148
v -0.350586 -0.499023 0.110352
v -0.155273 -0.475586 0.252930
v -0.350586 -0.499023 0.252930
v -0.004883 -0.489258 0.264648
v -0.004883 -0.458008 0.264648
v -0.038086 -0.458008 0.342773
v -0.038086 -0.458008 0.342773
v -0.036133 -0.489258 0.342773
v -0.004883 -0.489258 0.264648
v -0.233398 -0.499023 0.411133
v -0.155273 -0.475586 0.252930
v -0.010742 -0.475586 0.252930
v -0.010742 -0.475586 0.252930
v -0.112305 -0.499023 0.446289
v -0.233398 -0.499023 0.411133
v -0.004883 -0.458008 0.264648
v -0.012695 -0.456055 0.264648
v -0.041992 -0.456055 0.338867
v -0.041992 -0.456055 0.338867
v -0.038086 -0.458008 0.342773
v -0.004883 -0.458008 0.264648
v -0.067383 -0.061523 0.313477
v -0.041992 -0.456055 0.338867
v -0.012695 -0.456055 0.264648
v -0.012695 -0.456055 0.264648
v -0.047852 -0.061523 0.264648
v -0.067383 -0.061523 0.313477
v -0.032227 -0.489258 0.327148
v -0.022461 -0.471680 0.303711
v -0.020508 -0.489258 0.305664
v -0.034180 -0.471680 0.327148
v -0.018555 -0.454102 0.305664
v -0.022461 -0.471680 0.303711
v -0.022461 -0.471680 0.303711
v -0.032227 -0.489258 0.327148
v -0.034180 -0.471680 0.327148
v -0.024414 -0.454102 0.327148
v -0.008789 -0.440430 0.313477
v -0.018555 -0.454102 0.305664
v -0.034180 -0.471680 0.327148
v -0.024414 -0.454102 0.327148
v -0.018555 -0.454102 0.305664
v -0.024414 -0.454102 0.327148
v -0.014648 -0.440430 0.327148
v -0.008789 -0.440430 0.313477
v -0.014648 -0.440430 0.327148
v -0.024414 -0.454102 0.327148
v -0.022461 -0.454102 0.348633
v -0.022461 -0.454102 0.348633
v -0.010742 -0.440430 0.338867
v -0.014648 -0.440430 0.327148
v -0.024414 -0.454102 0.327148
v -0.034180 -0.471680 0.327148
v -0.028320 -0.471680 0.350586
v -0.024414 -0.454102 0.327148
v -0.028320 -0.471680 0.350586
v -0.022461 -0.454102 0.348633
v -0.000977 -0.440430 0.342773
v -0.010742 -0.440430 0.338867
v -0.004883 -0.454102 0.356445
v -0.022461 -0.454102 0.348633
v -0.004883 -0.454102 0.356445
v -0.010742 -0.440430 0.338867
v -0.028320 -0.471680 0.350586
v -0.034180 -0.471680 0.327148
v -0.032227 -0.489258 0.327148
v -0.032227 -0.489258 0.327148
v -0.026367 -0.489258 0.346680
v -0.028320 -0.471680 0.350586
v -0.036133 -0.489258 0.342773
v -0.038086 -0.458008 0.342773
v -0.114258 -0.489258 0.374023
v -0.038086 -0.458008 0.342773
v -0.041992 -0.456055 0.338867
v -0.114258 -0.458008 0.374023
v -0.114258 -0.458008 0.374023
v -0.114258 -0.489258 0.374023
v -0.038086 -0.458008 0.342773
v -0.041992 -0.456055 0.338867
v -0.114258 -0.456055 0.368164
v -0.114258 -0.458008 0.374023
v -0.067383 -0.061523 0.313477
v -0.114258 -0.456055 0.368164
v -0.041992 -0.456055 0.338867
v -0.006836 -0.471680 0.360352
v -0.026367 -0.489258 0.346680
v -0.004883 -0.489258 0.356445
v -0.006836 -0.471680 0.360352
v -0.028320 -0.471680 0.350586
v -0.026367 -0.489258 0.346680
v -0.028320 -0.471680 0.350586
v -0.006836 -0.471680 0.360352
v -0.022461 -0.454102 0.348633
v -0.006836 -0.471680 0.360352
v -0.004883 -0.454102 0.356445
v -0.022461 -0.454102 0.348633
v -0.010742 -0.463867 0.364258
v -0.018555 -0.467773 0.350586
v -0.010742 -0.473633 0.362305
v -0.010742 -0.473633 0.362305
v -0.002930 -0.459961 0.362305
v -0.010742 -0.463867 0.364258
v -0.016602 -0.454102 0.346680
v -0.004883 -0.450195 0.358398
v -0.006836 -0.459961 0.350586
v -0.006836 -0.459961 0.350586
v -0.018555 -0.467773 0.350586
v -0.016602 -0.454102 0.346680
v -0.016602 -0.454102 0.346680
v -0.014648 -0.452148 0.358398
v -0.004883 -0.450195 0.358398
v -0.004883 -0.450195 0.358398
v -0.014648 -0.452148 0.358398
v -0.008789 -0.456055 0.362305
v -0.008789 -0.456055 0.362305
v -0.002930 -0.459961 0.362305
v -0.004883 -0.450195 0.358398
v -0.016602 -0.454102 0.346680
v -0.018555 -0.467773 0.350586
v -0.014648 -0.452148 0.358398
v -0.014648 -0.452148 0.358398
v -0.018555 -0.467773 0.350586
v -0.016602 -0.461914 0.360352
v -0.016602 -0.461914 0.360352
v -0.008789 -0.456055 0.362305
v -0.014648 -0.452148 0.358398
v -0.018555 -0.467773 0.350586
v -0.010742 -0.463867 0.364258
v -0.016602 -0.461914 0.360352
v -0.008789 -0.456055 0.362305
v -0.010742 -0.463867 0.364258
v -0.002930 -0.459961 0.362305
v -0.010742 -0.463867 0.364258
v -0.008789 -0.456055 0.362305
v -0.016602 -0.461914 0.360352
v -0.114258 -0.489258 0.374023
v -0.114258 -0.458008 0.374023
v -0.192383 -0.458008 0.342773
v -0.192383 -0.458008 0.342773
v -0.192383 -0.489258 0.342773
v -0.114258 -0.489258 0.374023
v -0.188477 -0.456055 0.338867
v -0.114258 -0.458008 0.374023
v -0.114258 -0.456055 0.368164
v -0.163086 -0.061523 0.313477
v -0.188477 -0.456055 0.338867
v -0.114258 -0.456055 0.368164
v -0.114258 -0.456055 0.368164
v -0.067383 -0.061523 0.313477
v -0.114258 -0.061523 0.333008
v -0.114258 -0.456055 0.368164
v -0.114258 -0.061523 0.333008
v -0.163086 -0.061523 0.313477
v -0.114258 -0.458008 0.374023
v -0.188477 -0.456055 0.338867
v -0.192383 -0.458008 0.342773
v -0.155273 -0.475586 0.252930
v -0.233398 -0.499023 0.411133
v -0.305664 -0.499023 0.344727
v -0.305664 -0.499023 0.344727
v -0.350586 -0.499023 0.252930
v -0.155273 -0.475586 0.252930
v -0.217773 -0.456055 0.264648
v -0.223633 -0.458008 0.264648
v -0.192383 -0.458008 0.342773
v -0.192383 -0.458008 0.342773
v -0.188477 -0.456055 0.338867
v -0.217773 -0.456055 0.264648
v -0.217773 -0.456055 0.264648
v -0.188477 -0.456055 0.338867
v -0.182617 -0.061523 0.264648
v -0.192383 -0.489258 0.342773
v -0.223633 -0.458008 0.264648
v -0.223633 -0.489258 0.264648
v -0.223633 -0.458008 0.264648
v -0.192383 -0.489258 0.342773
v -0.192383 -0.458008 0.342773
v -0.147461 -0.467773 0.360352
v -0.155273 -0.481445 0.372070
v -0.151367 -0.483398 0.370117
v -0.151367 -0.483398 0.370117
v -0.155273 -0.481445 0.372070
v -0.151367 -0.499023 0.377930
v -0.155273 -0.481445 0.372070
v -0.147461 -0.467773 0.360352
v -0.163086 -0.475586 0.362305
v -0.163086 -0.475586 0.362305
v -0.163086 -0.485352 0.372070
v -0.155273 -0.481445 0.372070
v -0.155273 -0.481445 0.372070
v -0.163086 -0.485352 0.372070
v -0.155273 -0.499023 0.381836
v -0.155273 -0.499023 0.381836
v -0.151367 -0.499023 0.377930
v -0.155273 -0.481445 0.372070
v -0.161133 -0.499023 0.377930
v -0.155273 -0.499023 0.381836
v -0.163086 -0.485352 0.372070
v -0.163086 -0.061523 0.313477
v -0.182617 -0.061523 0.264648
v -0.188477 -0.456055 0.338867
v -0.139648 -0.471680 0.377930
v -0.153320 -0.485352 0.375977
v -0.153320 -0.483398 0.387695
v -0.153320 -0.483398 0.387695
v -0.149414 -0.477539 0.385742
v -0.139648 -0.471680 0.377930
v -0.139648 -0.471680 0.377930
v -0.149414 -0.477539 0.385742
v -0.139648 -0.461914 0.383789
v -0.153320 -0.483398 0.387695
v -0.153320 -0.485352 0.375977
v -0.155273 -0.499023 0.379883
v -0.163086 -0.487305 0.375977
v -0.161133 -0.499023 0.377930
v -0.155273 -0.499023 0.381836
v -0.159180 -0.485352 0.381836
v -0.163086 -0.487305 0.375977
v -0.155273 -0.499023 0.381836
v -0.161133 -0.499023 0.385742
v -0.159180 -0.485352 0.381836
v -0.155273 -0.499023 0.381836
v -0.153320 -0.499023 0.383789
v -0.149414 -0.485352 0.389648
v -0.159180 -0.499023 0.383789
v -0.149414 -0.485352 0.389648
v -0.149414 -0.477539 0.399414
v -0.159180 -0.483398 0.391602
v -0.159180 -0.483398 0.391602
v -0.159180 -0.499023 0.383789
v -0.149414 -0.485352 0.389648
v -0.157227 -0.473633 0.401367
v -0.159180 -0.483398 0.391602
v -0.149414 -0.477539 0.399414
v -0.163086 -0.487305 0.375977
v -0.159180 -0.485352 0.381836
v -0.163086 -0.475586 0.381836
v -0.163086 -0.487305 0.375977
v -0.163086 -0.475586 0.381836
v -0.168945 -0.473633 0.377930
v -0.159180 -0.485352 0.381836
v -0.161133 -0.499023 0.385742
v -0.161133 -0.485352 0.391602
v -0.161133 -0.485352 0.391602
v -0.163086 -0.475586 0.381836
v -0.159180 -0.485352 0.381836
v -0.174805 -0.461914 0.385742
v -0.168945 -0.473633 0.377930
v -0.163086 -0.475586 0.381836
v -0.161133 -0.485352 0.391602
v -0.165039 -0.473633 0.389648
v -0.163086 -0.475586 0.381836
v -0.163086 -0.475586 0.381836
v -0.165039 -0.473633 0.389648
v -0.174805 -0.461914 0.385742
v -0.004883 -0.032227 0.264648
v -0.004883 -0.008789 0.264648
v -0.036133 -0.008789 0.342773
v -0.036133 -0.032227 0.342773
v -0.047852 -0.061523 0.264648
v -0.004883 -0.032227 0.264648
v -0.036133 -0.008789 0.342773
v -0.036133 -0.032227 0.342773
v -0.004883 -0.032227 0.264648
v -0.004883 -0.008789 0.264648
v -0.114258 -0.008789 0.264648
v -0.036133 -0.008789 0.342773
v -0.047852 -0.061523 0.264648
v -0.036133 -0.032227 0.342773
v -0.067383 -0.061523 0.313477
v -0.041992 -0.008789 0.264648
v -0.043945 -0.002930 0.258789
v -0.036133 0.049805 0.258789
v -0.041992 -0.008789 0.264648
v -0.043945 -0.002930 0.272461
v -0.059570 -0.002930 0.311523
v -0.032227 0.055664 0.264648
v -0.043945 -0.002930 0.272461
v -0.041992 -0.008789 0.264648
v -0.041992 -0.008789 0.264648
v -0.059570 -0.002930 0.311523
v -0.063477 -0.008789 0.317383
v -0.041992 -0.008789 0.264648
v -0.036133 0.049805 0.258789
v -0.032227 0.055664 0.264648
v -0.043945 -0.002930 0.258789
v -0.049805 -0.000977 0.258789
v -0.041992 0.047852 0.258789
v -0.041992 0.047852 0.258789
v -0.036133 0.049805 0.258789
v -0.043945 -0.002930 0.258789
v -0.043945 -0.002930 0.272461
v -0.049805 -0.000977 0.270508
v -0.065430 -0.000977 0.307617
v -0.036133 0.049805 0.272461
v -0.049805 -0.000977 0.270508
v -0.043945 -0.002930 0.272461
v -0.065430 -0.000977 0.307617
v -0.059570 -0.002930 0.311523
v -0.043945 -0.002930 0.272461
v -0.043945 -0.002930 0.272461
v -0.032227 0.055664 0.264648
v -0.036133 0.049805 0.272461
v -0.059570 0.047852 0.313477
v -0.065430 -0.000977 0.307617
v -0.049805 -0.000977 0.270508
v -0.049805 -0.000977 0.270508
v -0.036133 0.049805 0.272461
v -0.041992 0.047852 0.270508
v -0.049805 -0.000977 0.270508
v -0.041992 0.047852 0.270508
v -0.059570 0.047852 0.313477
v -0.059570 -0.002930 0.311523
v -0.065430 -0.000977 0.307617
v -0.059570 0.047852 0.313477
v -0.053711 0.049805 0.317383
v -0.063477 -0.008789 0.317383
v -0.059570 -0.002930 0.311523
v -0.059570 0.047852 0.313477
v -0.053711 0.049805 0.317383
v -0.059570 -0.002930 0.311523
v -0.114258 -0.008789 0.374023
v -0.036133 -0.008789 0.342773
v -0.114258 -0.008789 0.264648
v -0.192383 -0.008789 0.342773
v -0.114258 -0.008789 0.374023
v -0.114258 -0.008789 0.264648
v -0.114258 -0.008789 0.264648
v -0.223633 -0.008789 0.264648
v -0.192383 -0.008789 0.342773
v -0.036133 -0.032227 0.342773
v -0.036133 -0.008789 0.342773
v -0.114258 -0.008789 0.374023
v -0.114258 -0.032227 0.374023
v -0.067383 -0.061523 0.313477
v -0.036133 -0.032227 0.342773
v -0.114258 -0.008789 0.374023
v -0.114258 -0.032227 0.374023
v -0.036133 -0.032227 0.342773
v -0.114258 -0.032227 0.374023
v -0.114258 -0.061523 0.333008
v -0.067383 -0.061523 0.313477
v -0.063477 -0.008789 0.317383
v -0.069336 -0.002930 0.319336
v -0.108398 -0.002930 0.336914
v -0.055664 0.055664 0.323242
v -0.069336 -0.002930 0.319336
v -0.063477 -0.008789 0.317383
v -0.063477 -0.008789 0.317383
v -0.108398 -0.002930 0.336914
v -0.114258 -0.008789 0.336914
v -0.063477 -0.008789 0.317383
v -0.053711 0.049805 0.317383
v -0.055664 0.055664 0.323242
v -0.069336 -0.002930 0.319336
v -0.073242 -0.000977 0.315430
v -0.108398 -0.000977 0.331055
v -0.063477 0.049805 0.325195
v -0.073242 -0.000977 0.315430
v -0.069336 -0.002930 0.319336
v -0.069336 -0.002930 0.319336
v -0.108398 -0.000977 0.331055
v -0.108398 -0.002930 0.336914
v -0.069336 -0.002930 0.319336
v -0.055664 0.055664 0.323242
v -0.063477 0.049805 0.325195
v -0.108398 0.047852 0.336914
v -0.108398 -0.000977 0.331055
v -0.073242 -0.000977 0.315430
v -0.063477 0.049805 0.325195
v -0.067383 0.047852 0.321289
v -0.073242 -0.000977 0.315430
v -0.073242 -0.000977 0.315430
v -0.067383 0.047852 0.321289
v -0.108398 0.047852 0.336914
v -0.114258 -0.061523 0.333008
v -0.114258 -0.032227 0.374023
v -0.192383 -0.032227 0.342773
v -0.192383 -0.032227 0.342773
v -0.163086 -0.061523 0.313477
v -0.114258 -0.061523 0.333008
v -0.108398 0.047852 0.336914
v -0.108398 -0.002930 0.336914
v -0.108398 -0.000977 0.331055
v -0.108398 0.049805 0.344727
v -0.114258 -0.008789 0.336914
v -0.108398 -0.002930 0.336914
v -0.108398 -0.002930 0.336914
v -0.108398 0.047852 0.336914
v -0.108398 0.049805 0.344727
v -0.157227 -0.000977 0.315430
v -0.122070 -0.002930 0.336914
v -0.120117 -0.000977 0.331055
v -0.120117 -0.000977 0.331055
v -0.122070 -0.002930 0.336914
v -0.122070 0.049805 0.344727
v -0.163086 0.047852 0.321289
v -0.157227 -0.000977 0.315430
v -0.120117 -0.000977 0.331055
v -0.122070 0.049805 0.344727
v -0.120117 0.047852 0.336914
v -0.120117 -0.000977 0.331055
v -0.120117 -0.000977 0.331055
v -0.120117 0.047852 0.336914
v -0.163086 0.047852 0.321289
v -0.114258 -0.008789 0.336914
v -0.122070 -0.002930 0.336914
v -0.161133 -0.002930 0.319336
v -0.114258 0.055664 0.348633
v -0.122070 -0.002930 0.336914
v -0.114258 -0.008789 0.336914
v -0.114258 -0.008789 0.336914
v -0.161133 -0.002930 0.319336
v -0.166992 -0.008789 0.317383
v -0.114258 -0.008789 0.336914
v -0.108398 0.049805 0.344727
v -0.114258 0.055664 0.348633
v -0.122070 -0.002930 0.336914
v -0.157227 -0.000977 0.315430
v -0.161133 -0.002930 0.319336
v -0.122070 -0.002930 0.336914
v -0.114258 0.055664 0.348633
v -0.122070 0.049805 0.344727
v -0.114258 -0.032227 0.374023
v -0.114258 -0.008789 0.374023
v -0.192383 -0.032227 0.342773
v -0.192383 -0.008789 0.342773
v -0.192383 -0.032227 0.342773
v -0.114258 -0.008789 0.374023
v -0.129883 -0.008789 0.256836
v -0.139648 0.170898 0.213867
v -0.153320 0.170898 0.219727
v -0.163086 -0.061523 0.313477
v -0.223633 -0.032227 0.264648
v -0.182617 -0.061523 0.264648
v -0.198242 0.055664 0.264648
v -0.186523 -0.002930 0.258789
v -0.186523 -0.008789 0.264648
v -0.166992 -0.008789 0.317383
v -0.186523 -0.002930 0.272461
v -0.186523 -0.008789 0.264648
v -0.186523 -0.008789 0.264648
v -0.186523 -0.002930 0.272461
v -0.194336 0.049805 0.272461
v -0.194336 0.049805 0.272461
v -0.198242 0.055664 0.264648
v -0.186523 -0.008789 0.264648
v -0.180664 -0.000977 0.258789
v -0.186523 -0.002930 0.258789
v -0.194336 0.049805 0.258789
v -0.188477 0.047852 0.258789
v -0.170898 0.047852 0.217773
v -0.180664 -0.000977 0.258789
v -0.194336 0.049805 0.258789
v -0.188477 0.047852 0.258789
v -0.180664 -0.000977 0.258789
v -0.198242 0.055664 0.264648
v -0.194336 0.049805 0.258789
v -0.186523 -0.002930 0.258789
v -0.180664 -0.000977 0.270508
v -0.186523 -0.002930 0.272461
v -0.170898 -0.002930 0.311523
v -0.188477 0.047852 0.270508
v -0.186523 -0.002930 0.272461
v -0.180664 -0.000977 0.270508
v -0.170898 -0.002930 0.311523
v -0.165039 -0.000977 0.307617
v -0.180664 -0.000977 0.270508
v -0.180664 -0.000977 0.270508
v -0.165039 -0.000977 0.307617
v -0.188477 0.047852 0.270508
v -0.166992 -0.008789 0.317383
v -0.170898 -0.002930 0.311523
v -0.186523 -0.002930 0.272461
v -0.186523 -0.002930 0.272461
v -0.188477 0.047852 0.270508
v -0.194336 0.049805 0.272461
v -0.165039 -0.000977 0.307617
v -0.170898 -0.002930 0.311523
v -0.174805 0.049805 0.317383
v -0.170898 0.047852 0.313477
v -0.188477 0.047852 0.270508
v -0.165039 -0.000977 0.307617
v -0.174805 0.049805 0.317383
v -0.170898 0.047852 0.313477
v -0.165039 -0.000977 0.307617
v -0.170898 -0.002930 0.311523
v -0.166992 -0.008789 0.317383
v -0.172852 0.055664 0.323242
v -0.172852 0.055664 0.323242
v -0.174805 0.049805 0.317383
v -0.170898 -0.002930 0.311523
v -0.192383 -0.032227 0.342773
v -0.223633 -0.008789 0.264648
v -0.223633 -0.032227 0.264648
v -0.223633 -0.032227 0.264648
v -0.163086 -0.061523 0.313477
v -0.192383 -0.032227 0.342773
v -0.223633 -0.008789 0.264648
v -0.192383 -0.032227 0.342773
v -0.192383 -0.008789 0.342773
v -0.163086 0.047852 0.321289
v -0.161133 -0.002930 0.319336
v -0.157227 -0.000977 0.315430
v -0.166992 0.049805 0.325195
v -0.166992 -0.008789 0.317383
v -0.161133 -0.002930 0.319336
v -0.161133 -0.002930 0.319336
v -0.163086 0.047852 0.321289
v -0.166992 0.049805 0.325195
v -0.166992 -0.008789 0.317383
v -0.166992 0.049805 0.325195
v -0.172852 0.055664 0.323242
v -0.282227 -0.493164 0.301758
v -0.272461 -0.483398 0.311523
v -0.266602 -0.493164 0.307617
v -0.266602 -0.493164 0.307617
v -0.272461 -0.483398 0.311523
v -0.262695 -0.493164 0.317383
v -0.272461 -0.483398 0.311523
v -0.282227 -0.493164 0.301758
v -0.282227 -0.483398 0.307617
v -0.272461 -0.483398 0.311523
v -0.282227 -0.483398 0.307617
v -0.282227 -0.477539 0.319336
v -0.268555 -0.483398 0.317383
v -0.262695 -0.493164 0.317383
v -0.272461 -0.483398 0.311523
v -0.282227 -0.477539 0.319336
v -0.268555 -0.483398 0.317383
v -0.272461 -0.483398 0.311523
v -0.297852 -0.493164 0.307617
v -0.282227 -0.483398 0.307617
v -0.282227 -0.493164 0.301758
v -0.297852 -0.493164 0.307617
v -0.291992 -0.483398 0.311523
v -0.282227 -0.483398 0.307617
v -0.282227 -0.483398 0.307617
v -0.291992 -0.483398 0.311523
v -0.282227 -0.477539 0.319336
v -0.291992 -0.483398 0.311523
v -0.297852 -0.493164 0.307617
v -0.295898 -0.483398 0.317383
v -0.295898 -0.483398 0.317383
v -0.282227 -0.477539 0.319336
v -0.291992 -0.483398 0.311523
v -0.301758 -0.493164 0.317383
v -0.295898 -0.483398 0.317383
v -0.297852 -0.493164 0.307617
v -0.262695 -0.493164 0.317383
v -0.268555 -0.483398 0.317383
v -0.272461 -0.483398 0.329102
v -0.272461 -0.483398 0.329102
v -0.268555 -0.493164 0.333008
v -0.262695 -0.493164 0.317383
v -0.282227 -0.477539 0.319336
v -0.272461 -0.483398 0.329102
v -0.268555 -0.483398 0.317383
v -0.268555 -0.493164 0.333008
v -0.272461 -0.483398 0.329102
v -0.282227 -0.483398 0.333008
v -0.282227 -0.483398 0.333008
v -0.282227 -0.493164 0.338867
v -0.268555 -0.493164 0.333008
v -0.272461 -0.483398 0.329102
v -0.282227 -0.477539 0.319336
v -0.282227 -0.483398 0.333008
v -0.282227 -0.477539 0.319336
v -0.295898 -0.483398 0.317383
v -0.291992 -0.483398 0.329102
v -0.291992 -0.483398 0.329102
v -0.282227 -0.483398 0.333008
v -0.282227 -0.477539 0.319336
v -0.295898 -0.483398 0.317383
v -0.301758 -0.493164 0.317383
v -0.295898 -0.493164 0.333008
v -0.295898 -0.483398 0.317383
v -0.295898 -0.493164 0.333008
v -0.291992 -0.483398 0.329102
v -0.295898 -0.493164 0.333008
v -0.282227 -0.493164 0.338867
v -0.291992 -0.483398 0.329102
v -0.282227 -0.493164 0.338867
v -0.282227 -0.483398 0.333008
v -0.291992 -0.483398 0.329102
v -0.036133 0.063477 0.186523
v -0.114258 0.055664 0.163086
v -0.114258 0.063477 0.153320
v -0.041992 0.055664 0.192383
v -0.114258 0.055664 0.163086
v -0.036133 0.063477 0.186523
v -0.036133 0.063477 0.186523
v -0.114258 0.063477 0.153320
v -0.114258 0.194336 0.264648
v -0.002930 0.063477 0.264648
v -0.041992 0.055664 0.192383
v -0.036133 0.063477 0.186523
v -0.114258 0.194336 0.264648
v -0.002930 0.063477 0.264648
v -0.036133 0.063477 0.186523
v -0.041992 0.055664 0.192383
v -0.114258 0.055664 0.182617
v -0.114258 0.055664 0.163086
v -0.114258 0.055664 0.163086
v -0.114258 0.055664 0.182617
v -0.172852 0.055664 0.206055
v -0.186523 0.055664 0.192383
v -0.114258 0.063477 0.153320
v -0.114258 0.055664 0.163086
v -0.172852 0.055664 0.206055
v -0.186523 0.055664 0.192383
v -0.114258 0.055664 0.163086
v -0.108398 0.049805 0.186523
v -0.114258 0.055664 0.182617
v -0.055664 0.055664 0.206055
v -0.108398 0.049805 0.186523
v -0.055664 0.055664 0.206055
v -0.063477 0.049805 0.204102
v -0.108398 0.049805 0.186523
v -0.063477 0.049805 0.204102
v -0.108398 0.047852 0.192383
v -0.114258 0.055664 0.182617
v -0.122070 0.049805 0.186523
v -0.166992 0.049805 0.204102
v -0.114258 0.055664 0.182617
v -0.041992 0.055664 0.192383
v -0.055664 0.055664 0.206055
v -0.114258 0.055664 0.182617
v -0.166992 0.049805 0.204102
v -0.172852 0.055664 0.206055
v -0.122070 0.049805 0.186523
v -0.120117 0.047852 0.192383
v -0.163086 0.047852 0.209961
v -0.122070 0.049805 0.186523
v -0.163086 0.047852 0.209961
v -0.166992 0.049805 0.204102
v -0.186523 0.055664 0.192383
v -0.194336 0.063477 0.186523
v -0.114258 0.063477 0.153320
v -0.114258 0.063477 0.153320
v -0.194336 0.063477 0.186523
v -0.114258 0.194336 0.264648
v -0.012695 0.055664 0.264648
v -0.055664 0.055664 0.206055
v -0.041992 0.055664 0.192383
v -0.002930 0.063477 0.264648
v -0.012695 0.055664 0.264648
v -0.041992 0.055664 0.192383
v -0.032227 0.055664 0.264648
v -0.053711 0.049805 0.213867
v -0.055664 0.055664 0.206055
v -0.055664 0.055664 0.206055
v -0.012695 0.055664 0.264648
v -0.032227 0.055664 0.264648
v -0.036133 0.049805 0.258789
v -0.059570 0.047852 0.217773
v -0.053711 0.049805 0.213867
v -0.032227 0.055664 0.264648
v -0.036133 0.049805 0.258789
v -0.053711 0.049805 0.213867
v -0.059570 0.047852 0.217773
v -0.036133 0.049805 0.258789
v -0.041992 0.047852 0.258789
v -0.063477 0.049805 0.204102
v -0.067383 0.047852 0.209961
v -0.108398 0.047852 0.192383
v -0.194336 0.063477 0.186523
v -0.186523 0.055664 0.192383
v -0.217773 0.055664 0.264648
v -0.225586 0.063477 0.264648
v -0.114258 0.194336 0.264648
v -0.194336 0.063477 0.186523
v -0.194336 0.063477 0.186523
v -0.217773 0.055664 0.264648
v -0.225586 0.063477 0.264648
v -0.186523 0.055664 0.192383
v -0.172852 0.055664 0.206055
v -0.198242 0.055664 0.264648
v -0.186523 0.055664 0.192383
v -0.198242 0.055664 0.264648
v -0.217773 0.055664 0.264648
v -0.188477 0.047852 0.258789
v -0.174805 0.049805 0.213867
v -0.170898 0.047852 0.217773
v -0.172852 0.055664 0.206055
v -0.174805 0.049805 0.213867
v -0.194336 0.049805 0.258789
v -0.172852 0.055664 0.206055
v -0.194336 0.049805 0.258789
v -0.198242 0.055664 0.264648
v -0.174805 0.049805 0.213867
v -0.188477 0.047852 0.258789
v -0.194336 0.049805 0.258789
v -0.139648 0.170898 0.186523
v -0.153320 0.170898 0.180664
v -0.155273 0.405273 0.209961
v -0.153320 0.405273 0.215820
v -0.133789 0.170898 0.200195
v -0.139648 0.170898 0.186523
v -0.139648 0.170898 0.186523
v -0.155273 0.405273 0.209961
v -0.153320 0.405273 0.215820
v -0.153320 0.170898 0.180664
v -0.166992 0.170898 0.186523
v -0.161133 0.405273 0.208008
v -0.161133 0.405273 0.208008
v -0.155273 0.405273 0.209961
v -0.153320 0.170898 0.180664
v -0.166992 0.170898 0.186523
v -0.172852 0.170898 0.200195
v -0.165039 0.405273 0.209961
v -0.165039 0.405273 0.209961
v -0.161133 0.405273 0.208008
v -0.166992 0.170898 0.186523
v -0.155273 0.405273 0.221680
v -0.139648 0.170898 0.213867
v -0.133789 0.170898 0.200195
v -0.133789 0.170898 0.200195
v -0.153320 0.405273 0.215820
v -0.155273 0.405273 0.221680
v -0.161133 0.405273 0.223633
v -0.153320 0.170898 0.219727
v -0.139648 0.170898 0.213867
v -0.139648 0.170898 0.213867
v -0.155273 0.405273 0.221680
v -0.161133 0.405273 0.223633
v -0.172852 0.170898 0.200195
v -0.166992 0.170898 0.213867
v -0.168945 0.405273 0.215820
v -0.168945 0.405273 0.215820
v -0.165039 0.405273 0.209961
v -0.172852 0.170898 0.200195
v -0.166992 0.170898 0.213867
v -0.153320 0.170898 0.219727
v -0.165039 0.405273 0.221680
v -0.165039 0.405273 0.221680
v -0.168945 0.405273 0.215820
v -0.166992 0.170898 0.213867
v -0.153320 0.170898 0.219727
v -0.161133 0.405273 0.223633
v -0.165039 0.405273 0.221680
v -0.168945 0.340820 0.108398
v -0.174805 0.340820 0.110352
v -0.174805 0.346680 0.110352
v -0.141602 0.352539 0.319336
v -0.174805 0.340820 0.110352
v -0.168945 0.340820 0.108398
v -0.174805 0.346680 0.110352
v -0.168945 0.346680 0.108398
v -0.168945 0.340820 0.108398
v -0.168945 0.340820 0.108398
v -0.168945 0.346680 0.108398
v -0.131836 0.364258 0.317383
v -0.131836 0.364258 0.317383
v -0.131836 0.352539 0.317383
v -0.168945 0.340820 0.108398
v -0.168945 0.340820 0.108398
v -0.131836 0.352539 0.317383
v -0.141602 0.352539 0.319336
v -0.141602 0.364258 0.319336
v -0.174805 0.346680 0.110352
v -0.174805 0.340820 0.110352
v -0.174805 0.340820 0.110352
v -0.141602 0.352539 0.319336
v -0.141602 0.364258 0.319336
v -0.168945 0.346680 0.108398
v -0.174805 0.346680 0.110352
v -0.141602 0.364258 0.319336
v -0.141602 0.364258 0.319336
v -0.131836 0.364258 0.317383
v -0.168945 0.346680 0.108398
v -0.159180 0.295898 0.176758
v -0.161133 0.301758 0.168945
v -0.161133 0.299805 0.166992
v -0.161133 0.299805 0.166992
v -0.161133 0.301758 0.168945
v -0.163086 0.315430 0.161133
v -0.161133 0.299805 0.166992
v -0.159180 0.295898 0.174805
v -0.159180 0.295898 0.176758
v -0.163086 0.315430 0.163086
v -0.163086 0.315430 0.161133
v -0.161133 0.301758 0.168945
v -0.159180 0.295898 0.174805
v -0.159180 0.293945 0.184570
v -0.159180 0.295898 0.184570
v -0.157227 0.299805 0.194336
v -0.159180 0.295898 0.184570
v -0.159180 0.293945 0.184570
v -0.168945 0.327148 0.145508
v -0.170898 0.327148 0.137695
v -0.163086 0.327148 0.135742
v -0.163086 0.327148 0.135742
v -0.170898 0.327148 0.137695
v -0.172852 0.364258 0.135742
v -0.163086 0.327148 0.135742
v -0.161133 0.327148 0.143555
v -0.168945 0.327148 0.145508
v -0.163086 0.364258 0.133789
v -0.161133 0.327148 0.143555
v -0.163086 0.327148 0.135742
v -0.172852 0.364258 0.135742
v -0.163086 0.364258 0.133789
v -0.163086 0.327148 0.135742
v -0.170898 0.327148 0.137695
v -0.168945 0.327148 0.145508
v -0.172852 0.364258 0.135742
v -0.170898 0.364258 0.143555
v -0.168945 0.327148 0.145508
v -0.161133 0.327148 0.143555
v -0.161133 0.327148 0.143555
v -0.163086 0.364258 0.133789
v -0.163086 0.364258 0.141602
v -0.161133 0.327148 0.143555
v -0.163086 0.364258 0.141602
v -0.170898 0.364258 0.143555
v -0.170898 0.364258 0.143555
v -0.172852 0.364258 0.135742
v -0.168945 0.327148 0.145508
v -0.163086 0.336914 0.155273
v -0.163086 0.315430 0.161133
v -0.163086 0.315430 0.163086
v -0.163086 0.336914 0.155273
v -0.163086 0.315430 0.163086
v -0.163086 0.336914 0.159180
v -0.163086 0.364258 0.133789
v -0.172852 0.364258 0.135742
v -0.163086 0.364258 0.141602
v -0.170898 0.364258 0.143555
v -0.163086 0.364258 0.141602
v -0.172852 0.364258 0.135742
v -0.155273 0.329102 0.176758
v -0.153320 0.329102 0.184570
v -0.163086 0.329102 0.186523
v -0.157227 0.370117 0.174805
v -0.153320 0.329102 0.184570
v -0.155273 0.329102 0.176758
v -0.163086 0.329102 0.186523
v -0.163086 0.329102 0.178711
v -0.155273 0.329102 0.176758
v -0.155273 0.329102 0.176758
v -0.163086 0.329102 0.178711
v -0.165039 0.368164 0.176758
v -0.165039 0.368164 0.176758
v -0.157227 0.370117 0.174805
v -0.155273 0.329102 0.176758
v -0.157227 0.370117 0.174805
v -0.155273 0.370117 0.182617
v -0.153320 0.329102 0.184570
v -0.153320 0.329102 0.184570
v -0.155273 0.370117 0.182617
v -0.165039 0.370117 0.184570
v -0.165039 0.370117 0.184570
v -0.163086 0.329102 0.186523
v -0.153320 0.329102 0.184570
v -0.155273 0.370117 0.182617
v -0.157227 0.370117 0.174805
v -0.165039 0.368164 0.176758
v -0.155273 0.370117 0.182617
v -0.165039 0.368164 0.176758
v -0.165039 0.370117 0.184570
v -0.163086 0.329102 0.178711
v -0.163086 0.329102 0.186523
v -0.165039 0.368164 0.176758
v -0.165039 0.370117 0.184570
v -0.165039 0.368164 0.176758
v -0.163086 0.329102 0.186523
v -0.153320 0.293945 0.211914
v -0.153320 0.293945 0.213867
v -0.155273 0.305664 0.204102
v -0.151367 0.272461 0.221680
v -0.153320 0.293945 0.213867
v -0.153320 0.293945 0.211914
v -0.153320 0.293945 0.211914
v -0.151367 0.270508 0.219727
v -0.151367 0.272461 0.221680
v -0.155273 0.307617 0.204102
v -0.155273 0.305664 0.204102
v -0.153320 0.293945 0.213867
v -0.155273 0.305664 0.204102
v -0.155273 0.307617 0.204102
v -0.157227 0.299805 0.194336
v -0.149414 0.256836 0.227539
v -0.149414 0.258789 0.229492
v -0.151367 0.270508 0.219727
v -0.147461 0.252930 0.241211
v -0.149414 0.258789 0.229492
v -0.149414 0.256836 0.227539
v -0.149414 0.256836 0.227539
v -0.147461 0.250977 0.241211
v -0.147461 0.252930 0.241211
v -0.151367 0.272461 0.221680
v -0.151367 0.270508 0.219727
v -0.149414 0.258789 0.229492
v -0.145508 0.254883 0.252930
v -0.147461 0.252930 0.241211
v -0.147461 0.250977 0.241211
v -0.145508 0.252930 0.254883
v -0.145508 0.254883 0.252930
v -0.147461 0.250977 0.241211
v -0.145508 0.375977 0.239258
v -0.143555 0.327148 0.249023
v -0.143555 0.327148 0.241211
v -0.143555 0.327148 0.241211
v -0.143555 0.327148 0.249023
v -0.151367 0.327148 0.250977
v -0.143555 0.327148 0.241211
v -0.153320 0.327148 0.243164
v -0.145508 0.375977 0.239258
v -0.151367 0.327148 0.250977
v -0.153320 0.327148 0.243164
v -0.143555 0.327148 0.241211
v -0.143555 0.327148 0.249023
v -0.145508 0.375977 0.239258
v -0.143555 0.375977 0.247070
v -0.143555 0.327148 0.249023
v -0.143555 0.375977 0.247070
v -0.153320 0.375977 0.249023
v -0.143555 0.327148 0.249023
v -0.153320 0.375977 0.249023
v -0.151367 0.327148 0.250977
v -0.155273 0.375977 0.241211
v -0.145508 0.375977 0.239258
v -0.153320 0.327148 0.243164
v -0.151367 0.327148 0.250977
v -0.155273 0.375977 0.241211
v -0.153320 0.327148 0.243164
v -0.133789 0.409180 0.215820
v -0.153320 0.405273 0.215820
v -0.155273 0.405273 0.209961
v -0.155273 0.405273 0.209961
v -0.141602 0.409180 0.196289
v -0.133789 0.409180 0.215820
v -0.161133 0.405273 0.208008
v -0.141602 0.409180 0.196289
v -0.155273 0.405273 0.209961
v -0.153320 0.405273 0.215820
v -0.133789 0.409180 0.215820
v -0.141602 0.409180 0.235352
v -0.141602 0.409180 0.235352
v -0.155273 0.405273 0.221680
v -0.153320 0.405273 0.215820
v -0.141602 0.409180 0.196289
v -0.141602 0.424805 0.196289
v -0.133789 0.424805 0.215820
v -0.161133 0.409180 0.188477
v -0.141602 0.424805 0.196289
v -0.141602 0.409180 0.196289
v -0.133789 0.424805 0.215820
v -0.133789 0.409180 0.215820
v -0.141602 0.409180 0.196289
v -0.141602 0.409180 0.196289
v -0.161133 0.405273 0.208008
v -0.161133 0.409180 0.188477
v -0.180664 0.424805 0.196289
v -0.133789 0.424805 0.215820
v -0.141602 0.424805 0.196289
v -0.141602 0.424805 0.196289
v -0.161133 0.409180 0.188477
v -0.161133 0.424805 0.188477
v -0.141602 0.424805 0.196289
v -0.161133 0.424805 0.188477
v -0.180664 0.424805 0.196289
v -0.133789 0.409180 0.215820
v -0.133789 0.424805 0.215820
v -0.141602 0.424805 0.235352
v -0.141602 0.424805 0.235352
v -0.141602 0.409180 0.235352
v -0.133789 0.409180 0.215820
v -0.133789 0.424805 0.215820
v -0.180664 0.424805 0.196289
v -0.188477 0.424805 0.215820
v -0.188477 0.424805 0.215820
v -0.141602 0.424805 0.235352
v -0.133789 0.424805 0.215820
v -0.161133 0.405273 0.208008
v -0.165039 0.405273 0.209961
v -0.161133 0.409180 0.188477
v -0.165039 0.405273 0.209961
v -0.168945 0.405273 0.215820
v -0.180664 0.409180 0.196289
v -0.180664 0.409180 0.196289
v -0.161133 0.409180 0.188477
v -0.165039 0.405273 0.209961
v -0.188477 0.409180 0.215820
v -0.180664 0.409180 0.196289
v -0.168945 0.405273 0.215820
v -0.168945 0.405273 0.215820
v -0.165039 0.405273 0.221680
v -0.188477 0.409180 0.215820
v -0.180664 0.409180 0.196289
v -0.161133 0.424805 0.188477
v -0.161133 0.409180 0.188477
v -0.161133 0.424805 0.188477
v -0.180664 0.409180 0.196289
v -0.180664 0.424805 0.196289
v -0.188477 0.409180 0.215820
v -0.180664 0.424805 0.196289
v -0.180664 0.409180 0.196289
v -0.180664 0.424805 0.196289
v -0.188477 0.409180 0.215820
v -0.188477 0.424805 0.215820
v -0.155273 0.405273 0.221680
v -0.141602 0.409180 0.235352
v -0.161133 0.409180 0.243164
v -0.161133 0.409180 0.243164
v -0.161133 0.405273 0.223633
v -0.155273 0.405273 0.221680
v -0.145508 0.375977 0.239258
v -0.155273 0.375977 0.241211
v -0.143555 0.375977 0.247070
v -0.153320 0.375977 0.249023
v -0.143555 0.375977 0.247070
v -0.155273 0.375977 0.241211
v -0.151367 0.327148 0.250977
v -0.153320 0.375977 0.249023
v -0.155273 0.375977 0.241211
v -0.141602 0.409180 0.235352
v -0.141602 0.424805 0.235352
v -0.161133 0.424805 0.243164
v -0.161133 0.424805 0.243164
v -0.161133 0.409180 0.243164
v -0.141602 0.409180 0.235352
v -0.180664 0.424805 0.235352
v -0.161133 0.424805 0.243164
v -0.141602 0.424805 0.235352
v -0.188477 0.424805 0.215820
v -0.180664 0.424805 0.235352
v -0.141602 0.424805 0.235352
v -0.180664 0.409180 0.235352
v -0.165039 0.405273 0.221680
v -0.161133 0.405273 0.223633
v -0.161133 0.405273 0.223633
v -0.161133 0.409180 0.243164
v -0.180664 0.409180 0.235352
v -0.165039 0.405273 0.221680
v -0.180664 0.409180 0.235352
v -0.188477 0.409180 0.215820
v -0.157227 0.424805 0.219727
v -0.165039 0.424805 0.219727
v -0.165039 0.493164 0.219727
v -0.157227 0.493164 0.219727
v -0.161133 0.424805 0.227539
v -0.157227 0.424805 0.219727
v -0.165039 0.493164 0.219727
v -0.157227 0.493164 0.219727
v -0.157227 0.424805 0.219727
v -0.165039 0.424805 0.219727
v -0.161133 0.424805 0.227539
v -0.161133 0.493164 0.227539
v -0.161133 0.493164 0.227539
v -0.165039 0.493164 0.219727
v -0.165039 0.424805 0.219727
v -0.161133 0.424805 0.227539
v -0.157227 0.493164 0.219727
v -0.161133 0.493164 0.227539
v -0.161133 0.409180 0.243164
v -0.161133 0.424805 0.243164
v -0.180664 0.424805 0.235352
v -0.180664 0.424805 0.235352
v -0.180664 0.409180 0.235352
v -0.161133 0.409180 0.243164
v -0.180664 0.409180 0.235352
v -0.180664 0.424805 0.235352
v -0.188477 0.424805 0.215820
v -0.188477 0.424805 0.215820
v -0.188477 0.409180 0.215820
v -0.180664 0.409180 0.235352
v -0.161133 0.458008 0.225586
v -0.161133 0.463867 0.241211
v -0.161133 0.471680 0.225586
v -0.161133 0.471680 0.241211
v -0.161133 0.471680 0.225586
v -0.161133 0.463867 0.241211
v -0.161133 0.458008 0.254883
v -0.161133 0.471680 0.241211
v -0.161133 0.463867 0.241211
v -0.161133 0.487305 0.241211
v -0.161133 0.487305 0.225586
v -0.161133 0.471680 0.225586
v -0.161133 0.471680 0.225586
v -0.161133 0.471680 0.241211
v -0.161133 0.487305 0.241211
v -0.165039 0.493164 0.219727
v -0.161133 0.499023 0.223633
v -0.157227 0.493164 0.219727
v -0.157227 0.493164 0.219727
v -0.161133 0.499023 0.223633
v -0.161133 0.493164 0.227539
v -0.161133 0.499023 0.223633
v -0.165039 0.493164 0.219727
v -0.161133 0.493164 0.227539
v -0.161133 0.471680 0.254883
v -0.161133 0.487305 0.241211
v -0.161133 0.471680 0.241211
v -0.161133 0.471680 0.241211
v -0.161133 0.458008 0.254883
v -0.161133 0.471680 0.254883
v -0.161133 0.487305 0.241211
v -0.161133 0.471680 0.254883
v -0.161133 0.477539 0.254883
v -0.041992 0.055664 0.336914
v -0.032227 0.055664 0.264648
v -0.012695 0.055664 0.264648
v -0.012695 0.055664 0.264648
v -0.002930 0.063477 0.264648
v -0.036133 0.063477 0.344727
v -0.036133 0.063477 0.344727
v -0.041992 0.055664 0.336914
v -0.012695 0.055664 0.264648
v -0.055664 0.055664 0.323242
v -0.036133 0.049805 0.272461
v -0.032227 0.055664 0.264648
v -0.041992 0.055664 0.336914
v -0.055664 0.055664 0.323242
v -0.032227 0.055664 0.264648
v -0.053711 0.049805 0.317383
v -0.041992 0.047852 0.270508
v -0.036133 0.049805 0.272461
v -0.055664 0.055664 0.323242
v -0.053711 0.049805 0.317383
v -0.036133 0.049805 0.272461
v -0.041992 0.047852 0.270508
v -0.053711 0.049805 0.317383
v -0.059570 0.047852 0.313477
v -0.114258 0.194336 0.264648
v -0.036133 0.063477 0.344727
v -0.002930 0.063477 0.264648
v -0.055664 0.055664 0.323242
v -0.041992 0.055664 0.336914
v -0.114258 0.055664 0.368164
v -0.114258 0.055664 0.348633
v -0.063477 0.049805 0.325195
v -0.055664 0.055664 0.323242
v -0.114258 0.055664 0.368164
v -0.114258 0.055664 0.348633
v -0.055664 0.055664 0.323242
v -0.041992 0.055664 0.336914
v -0.036133 0.063477 0.344727
v -0.114258 0.063477 0.375977
v -0.114258 0.063477 0.375977
v -0.114258 0.055664 0.368164
v -0.041992 0.055664 0.336914
v -0.036133 0.063477 0.344727
v -0.114258 0.194336 0.264648
v -0.114258 0.063477 0.375977
v -0.067383 0.047852 0.321289
v -0.063477 0.049805 0.325195
v -0.108398 0.049805 0.344727
v -0.108398 0.049805 0.344727
v -0.108398 0.047852 0.336914
v -0.067383 0.047852 0.321289
v -0.114258 0.055664 0.348633
v -0.108398 0.049805 0.344727
v -0.063477 0.049805 0.325195
v -0.120117 0.047852 0.336914
v -0.122070 0.049805 0.344727
v -0.166992 0.049805 0.325195
v -0.166992 0.049805 0.325195
v -0.163086 0.047852 0.321289
v -0.120117 0.047852 0.336914
v -0.172852 0.055664 0.323242
v -0.122070 0.049805 0.344727
v -0.114258 0.055664 0.348633
v -0.114258 0.055664 0.348633
v -0.114258 0.055664 0.368164
v -0.186523 0.055664 0.336914
v -0.186523 0.055664 0.336914
v -0.172852 0.055664 0.323242
v -0.114258 0.055664 0.348633
v -0.172852 0.055664 0.323242
v -0.166992 0.049805 0.325195
v -0.122070 0.049805 0.344727
v -0.114258 0.063477 0.375977
v -0.186523 0.055664 0.336914
v -0.114258 0.055664 0.368164
v -0.114258 0.194336 0.264648
v -0.225586 0.063477 0.264648
v -0.194336 0.063477 0.344727
v -0.114258 0.194336 0.264648
v -0.194336 0.063477 0.344727
v -0.114258 0.063477 0.375977
v -0.172852 0.055664 0.323242
v -0.217773 0.055664 0.264648
v -0.198242 0.055664 0.264648
v -0.198242 0.055664 0.264648
v -0.194336 0.049805 0.272461
v -0.174805 0.049805 0.317383
v -0.198242 0.055664 0.264648
v -0.174805 0.049805 0.317383
v -0.172852 0.055664 0.323242
v -0.186523 0.055664 0.336914
v -0.225586 0.063477 0.264648
v -0.217773 0.055664 0.264648
v -0.217773 0.055664 0.264648
v -0.172852 0.055664 0.323242
v -0.186523 0.055664 0.336914
v -0.170898 0.047852 0.313477
v -0.194336 0.049805 0.272461
v -0.188477 0.047852 0.270508
v -0.194336 0.049805 0.272461
v -0.170898 0.047852 0.313477
v -0.174805 0.049805 0.317383
v -0.225586 0.063477 0.264648
v -0.186523 0.055664 0.336914
v -0.194336 0.063477 0.344727
v -0.114258 0.063477 0.375977
v -0.194336 0.063477 0.344727
v -0.186523 0.055664 0.336914
v -0.145508 0.254883 0.252930
v -0.145508 0.252930 0.254883
v -0.143555 0.266602 0.264648
v -0.143555 0.266602 0.266602
v -0.143555 0.266602 0.264648
v -0.145508 0.252930 0.254883
v -0.143555 0.266602 0.264648
v -0.143555 0.266602 0.266602
v -0.141602 0.291992 0.272461
v -0.141602 0.290039 0.274414
v -0.141602 0.291992 0.272461
v -0.143555 0.266602 0.266602
v -0.141602 0.291992 0.272461
v -0.141602 0.290039 0.274414
v -0.141602 0.342773 0.278320
v -0.141602 0.342773 0.280273
v -0.141602 0.342773 0.278320
v -0.141602 0.290039 0.274414
v -0.145508 0.313477 0.301758
v -0.147461 0.313477 0.288086
v -0.133789 0.313477 0.286133
v -0.133789 0.313477 0.286133
v -0.147461 0.313477 0.288086
v -0.135742 0.397461 0.282227
v -0.133789 0.313477 0.286133
v -0.131836 0.313477 0.297852
v -0.145508 0.313477 0.301758
v -0.135742 0.397461 0.282227
v -0.131836 0.313477 0.297852
v -0.133789 0.313477 0.286133
v -0.147461 0.313477 0.288086
v -0.145508 0.313477 0.301758
v -0.149414 0.395508 0.284180
v -0.149414 0.395508 0.284180
v -0.135742 0.397461 0.282227
v -0.147461 0.313477 0.288086
v -0.147461 0.395508 0.297852
v -0.145508 0.313477 0.301758
v -0.131836 0.313477 0.297852
v -0.131836 0.313477 0.297852
v -0.135742 0.397461 0.282227
v -0.133789 0.397461 0.293945
v -0.131836 0.313477 0.297852
v -0.133789 0.397461 0.293945
v -0.147461 0.395508 0.297852
v -0.147461 0.395508 0.297852
v -0.149414 0.395508 0.284180
v -0.145508 0.313477 0.301758
v -0.131836 0.352539 0.317383
v -0.131836 0.364258 0.317383
v -0.141602 0.364258 0.319336
v -0.141602 0.364258 0.319336
v -0.141602 0.352539 0.319336
v -0.131836 0.352539 0.317383
v -0.149414 0.395508 0.284180
v -0.133789 0.397461 0.293945
v -0.135742 0.397461 0.282227
v -0.133789 0.397461 0.293945
v -0.149414 0.395508 0.284180
v -0.147461 0.395508 0.297852
v -0.161133 0.471680 0.270508
v -0.161133 0.471680 0.254883
v -0.161133 0.458008 0.254883
v -0.161133 0.471680 0.270508
v -0.161133 0.477539 0.254883
v -0.161133 0.471680 0.254883
v 0.086914 -0.495117 -0.379883
v 0.104492 -0.495117 -0.358398
v 0.084961 -0.495117 -0.358398
v 0.086914 -0.495117 -0.379883
v 0.106445 -0.495117 -0.377930
v 0.104492 -0.495117 -0.358398
v -0.006836 -0.495117 -0.409180
v 0.010742 -0.495117 -0.387695
v -0.008789 -0.495117 -0.389648
v -0.006836 -0.495117 -0.409180
v 0.012695 -0.495117 -0.409180
v 0.010742 -0.495117 -0.387695
v 0.225586 -0.467773 -0.252930
v 0.233398 -0.483398 -0.250977
v 0.225586 -0.473633 -0.241211
v 0.233398 -0.483398 -0.250977
v 0.231445 -0.485352 -0.239258
v 0.225586 -0.473633 -0.241211
v 0.233398 -0.483398 -0.250977
v 0.237305 -0.499023 -0.239258
v 0.231445 -0.485352 -0.239258
v 0.233398 -0.483398 -0.250977
v 0.239258 -0.499023 -0.249023
v 0.237305 -0.499023 -0.239258
v 0.165039 -0.315430 -0.266602
v 0.165039 -0.319336 -0.264648
v 0.163086 -0.303711 -0.243164
v 0.165039 -0.319336 -0.264648
v 0.186523 -0.321289 -0.260742
v 0.163086 -0.303711 -0.243164
v 0.186523 -0.321289 -0.260742
v 0.163086 -0.309570 -0.241211
v 0.163086 -0.303711 -0.243164
v 0.186523 -0.321289 -0.260742
v 0.184570 -0.311523 -0.237305
v 0.163086 -0.309570 -0.241211
v 0.094727 -0.463867 -0.301758
v 0.077148 -0.452148 -0.303711
v 0.083008 -0.463867 -0.303711
v 0.094727 -0.463867 -0.301758
v 0.102539 -0.452148 -0.301758
v 0.077148 -0.452148 -0.303711
v 0.102539 -0.452148 -0.301758
v 0.094727 -0.440430 -0.301758
v 0.077148 -0.452148 -0.303711
v 0.094727 -0.440430 -0.301758
v 0.083008 -0.440430 -0.303711
v 0.077148 -0.452148 -0.303711
v 0.055664 -0.350586 -0.333008
v 0.038086 -0.334961 -0.313477
v 0.040039 -0.352539 -0.336914
v 0.055664 -0.350586 -0.333008
v 0.053711 -0.334961 -0.311523
v 0.038086 -0.334961 -0.313477
v 0.055664 -0.350586 -0.333008
v 0.063477 -0.334961 -0.309570
v 0.053711 -0.334961 -0.311523
v 0.055664 -0.350586 -0.333008
v 0.065430 -0.348633 -0.334961
v 0.063477 -0.334961 -0.309570
v 0.250977 -0.485352 -0.247070
v 0.262695 -0.473633 -0.237305
v 0.245117 -0.499023 -0.243164
v 0.262695 -0.473633 -0.237305
v 0.250977 -0.481445 -0.237305
v 0.245117 -0.499023 -0.243164
v 0.250977 -0.485352 -0.247070
v 0.260742 -0.477539 -0.245117
v 0.262695 -0.473633 -0.237305
v 0.250977 -0.481445 -0.237305
v 0.243164 -0.499023 -0.239258
v 0.245117 -0.499023 -0.243164
v 0.249023 -0.473633 -0.239258
v 0.250977 -0.461914 -0.227539
v 0.245117 -0.499023 -0.243164
v 0.250977 -0.461914 -0.227539
v 0.237305 -0.487305 -0.235352
v 0.245117 -0.499023 -0.243164
v 0.250977 -0.461914 -0.227539
v 0.239258 -0.473633 -0.229492
v 0.237305 -0.487305 -0.235352
v 0.237305 -0.487305 -0.235352
v 0.239258 -0.499023 -0.243164
v 0.245117 -0.499023 -0.243164
v 0.219727 -0.495117 -0.190430
v 0.206055 -0.479492 -0.196289
v 0.211914 -0.495117 -0.186523
v 0.219727 -0.495117 -0.190430
v 0.208008 -0.467773 -0.206055
v 0.206055 -0.479492 -0.196289
v 0.219727 -0.495117 -0.190430
v 0.221680 -0.477539 -0.198242
v 0.208008 -0.467773 -0.206055
v 0.221680 -0.477539 -0.198242
v 0.221680 -0.459961 -0.209961
v 0.208008 -0.467773 -0.206055
v 0.219727 -0.495117 -0.190430
v 0.223633 -0.471680 -0.180664
v 0.213867 -0.495117 -0.182617
v 0.219727 -0.495117 -0.190430
v 0.237305 -0.456055 -0.182617
v 0.223633 -0.471680 -0.180664
v 0.219727 -0.495117 -0.190430
v 0.225586 -0.475586 -0.194336
v 0.237305 -0.456055 -0.182617
v 0.225586 -0.475586 -0.194336
v 0.233398 -0.463867 -0.192383
v 0.237305 -0.456055 -0.182617
v 0.204102 -0.477539 -0.196289
v 0.180664 -0.459961 -0.180664
v 0.194336 -0.459961 -0.200195
v 0.204102 -0.477539 -0.196289
v 0.194336 -0.475586 -0.178711
v 0.180664 -0.459961 -0.180664
v 0.204102 -0.477539 -0.196289
v 0.208008 -0.495117 -0.190430
v 0.194336 -0.475586 -0.178711
v 0.208008 -0.495117 -0.190430
v 0.204102 -0.495117 -0.178711
v 0.194336 -0.475586 -0.178711
v 0.161133 -0.303711 -0.229492
v 0.182617 -0.305664 -0.225586
v 0.163086 -0.297852 -0.231445
v 0.182617 -0.305664 -0.225586
v 0.161133 -0.288086 -0.209961
v 0.163086 -0.297852 -0.231445
v 0.182617 -0.305664 -0.225586
v 0.159180 -0.293945 -0.206055
v 0.161133 -0.288086 -0.209961
v 0.182617 -0.305664 -0.225586
v 0.180664 -0.295898 -0.202148
v 0.159180 -0.293945 -0.206055
v 0.159180 -0.286133 -0.194336
v 0.157227 -0.274414 -0.172852
v 0.159180 -0.284180 -0.196289
v 0.157227 -0.274414 -0.172852
v 0.157227 -0.272461 -0.172852
v 0.159180 -0.284180 -0.196289
v 0.016602 -0.258789 -0.188477
v 0.002930 -0.250977 -0.188477
v 0.006836 -0.258789 -0.188477
v 0.016602 -0.258789 -0.188477
v 0.006836 -0.245117 -0.188477
v 0.002930 -0.250977 -0.188477
v 0.016602 -0.258789 -0.188477
v 0.016602 -0.245117 -0.188477
v 0.006836 -0.245117 -0.188477
v 0.016602 -0.258789 -0.188477
v 0.020508 -0.250977 -0.188477
v 0.016602 -0.245117 -0.188477
v 0.129883 -0.237305 -0.178711
v 0.139648 -0.211914 -0.163086
v 0.141602 -0.211914 -0.178711
v 0.129883 -0.237305 -0.178711
v 0.127930 -0.235352 -0.163086
v 0.139648 -0.211914 -0.163086
v 0.127930 -0.235352 -0.163086
v 0.157227 -0.233398 -0.141602
v 0.139648 -0.211914 -0.163086
v 0.157227 -0.233398 -0.141602
v 0.157227 -0.213867 -0.141602
v 0.139648 -0.211914 -0.163086
v 0.174805 -0.141602 -0.092773
v 0.180664 -0.143555 -0.131836
v 0.170898 -0.174805 -0.092773
v 0.180664 -0.143555 -0.131836
v 0.176758 -0.178711 -0.127930
v 0.170898 -0.174805 -0.092773
v 0.190430 -0.079102 -0.213867
v 0.186523 -0.061523 -0.190430
v -0.032227 -0.071289 -0.213867
v 0.190430 -0.079102 -0.213867
v 0.202148 -0.069336 -0.186523
v 0.186523 -0.061523 -0.190430
v 0.202148 -0.069336 -0.186523
v 0.204102 -0.063477 -0.188477
v 0.186523 -0.061523 -0.190430
v 0.190430 -0.079102 -0.213867
v 0.204102 -0.086914 -0.211914
v 0.202148 -0.069336 -0.186523
v 0.004883 -0.131836 -0.202148
v 0.024414 -0.120117 -0.202148
v -0.000977 -0.120117 -0.202148
v 0.004883 -0.131836 -0.202148
v 0.018555 -0.131836 -0.202148
v 0.024414 -0.120117 -0.202148
v 0.024414 -0.120117 -0.202148
v 0.004883 -0.108398 -0.202148
v -0.000977 -0.120117 -0.202148
v 0.024414 -0.120117 -0.202148
v 0.018555 -0.108398 -0.202148
v 0.004883 -0.108398 -0.202148
v 0.096680 -0.084961 -0.221680
v 0.118164 -0.083008 -0.219727
v 0.094727 -0.065430 -0.198242
v 0.118164 -0.083008 -0.219727
v 0.116211 -0.065430 -0.196289
v 0.094727 -0.065430 -0.198242
v 0.116211 -0.065430 -0.196289
v 0.116211 -0.061523 -0.198242
v 0.094727 -0.065430 -0.198242
v -0.053711 -0.485352 -0.389648
v -0.059570 -0.499023 -0.399414
v -0.061523 -0.499023 -0.393555
v -0.053711 -0.485352 -0.389648
v -0.043945 -0.473633 -0.391602
v -0.059570 -0.499023 -0.399414
v -0.043945 -0.473633 -0.391602
v -0.053711 -0.485352 -0.401367
v -0.059570 -0.499023 -0.399414
v -0.043945 -0.473633 -0.391602
v -0.045898 -0.477539 -0.399414
v -0.053711 -0.485352 -0.401367
v -0.071289 -0.483398 -0.405273
v -0.077148 -0.475586 -0.397461
v -0.065430 -0.499023 -0.403320
v -0.077148 -0.475586 -0.397461
v -0.071289 -0.487305 -0.393555
v -0.065430 -0.499023 -0.403320
v -0.071289 -0.487305 -0.393555
v -0.069336 -0.499023 -0.395508
v -0.065430 -0.499023 -0.403320
v -0.071289 -0.483398 -0.405273
v -0.079102 -0.467773 -0.407227
v -0.077148 -0.475586 -0.397461
v -0.151367 -0.325195 -0.026367
v -0.141602 -0.309570 0.000977
v -0.141602 -0.323242 0.002930
v -0.151367 -0.325195 -0.026367
v -0.151367 -0.309570 -0.026367
v -0.141602 -0.309570 0.000977
v -0.122070 -0.235352 -0.208008
v -0.127930 -0.213867 -0.192383
v -0.127930 -0.233398 -0.192383
v -0.122070 -0.235352 -0.208008
v -0.122070 -0.211914 -0.208008
v -0.127930 -0.213867 -0.192383
v -0.018555 -0.079102 -0.241211
v -0.018555 -0.086914 -0.237305
v -0.020508 -0.067383 -0.215820
v -0.018555 -0.086914 -0.237305
v -0.020508 -0.071289 -0.213867
v -0.020508 -0.067383 -0.215820
v -0.081055 -0.049805 -0.186523
v -0.083008 -0.028320 -0.163086
v -0.083008 -0.030273 -0.161133
v -0.081055 -0.049805 -0.186523
v -0.057617 -0.047852 -0.184570
v -0.083008 -0.028320 -0.163086
v -0.057617 -0.047852 -0.184570
v -0.059570 -0.028320 -0.159180
v -0.083008 -0.028320 -0.163086
v -0.059570 -0.028320 -0.159180
v -0.059570 -0.026367 -0.159180
v -0.083008 -0.028320 -0.163086
v -0.034180 -0.024414 -0.157227
v -0.034180 -0.038086 -0.180664
v -0.034180 -0.026367 -0.157227
v -0.034180 -0.038086 -0.180664
v -0.034180 -0.045898 -0.180664
v -0.034180 -0.026367 -0.157227
v -0.272461 -0.485352 -0.133789
v -0.268555 -0.477539 -0.124023
v -0.274414 -0.499023 -0.131836
v -0.268555 -0.477539 -0.124023
v -0.272461 -0.483398 -0.122070
v -0.274414 -0.499023 -0.131836
v -0.272461 -0.485352 -0.133789
v -0.258789 -0.461914 -0.125977
v -0.268555 -0.477539 -0.124023
v -0.272461 -0.485352 -0.133789
v -0.258789 -0.471680 -0.133789
v -0.258789 -0.461914 -0.125977
v -0.274414 -0.499023 -0.125977
v -0.276367 -0.473633 -0.110352
v -0.268555 -0.485352 -0.122070
v -0.274414 -0.499023 -0.125977
v -0.278320 -0.483398 -0.120117
v -0.276367 -0.473633 -0.110352
v -0.276367 -0.473633 -0.110352
v -0.268555 -0.477539 -0.112305
v -0.268555 -0.485352 -0.122070
v -0.274414 -0.499023 -0.125977
v -0.278320 -0.499023 -0.125977
v -0.278320 -0.483398 -0.120117
v 0.258789 -0.454102 0.024414
v 0.256836 -0.454102 0.030273
v 0.256836 -0.450195 0.024414
v 0.256836 -0.454102 0.030273
v 0.256836 -0.452148 0.030273
v 0.256836 -0.450195 0.024414
v 0.260742 -0.458008 0.028320
v 0.256836 -0.458008 0.036133
v 0.256836 -0.454102 0.032227
v 0.260742 -0.458008 0.028320
v 0.260742 -0.461914 0.032227
v 0.256836 -0.458008 0.036133
v 0.250977 -0.438477 0.026367
v 0.254883 -0.442383 0.024414
v 0.250977 -0.440430 0.030273
v 0.254883 -0.442383 0.024414
v 0.254883 -0.444336 0.028320
v 0.250977 -0.440430 0.030273
v 0.254883 -0.444336 0.028320
v 0.252930 -0.444336 0.032227
v 0.250977 -0.440430 0.030273
v 0.252930 -0.456055 0.041992
v 0.254883 -0.458008 0.040039
v 0.250977 -0.458008 0.047852
v 0.254883 -0.458008 0.040039
v 0.254883 -0.461914 0.045898
v 0.250977 -0.458008 0.047852
v 0.250977 -0.452148 0.041992
v 0.250977 -0.456055 0.043945
v 0.247070 -0.450195 0.047852
v 0.250977 -0.456055 0.043945
v 0.249023 -0.454102 0.049805
v 0.247070 -0.450195 0.047852
v 0.250977 -0.444336 0.032227
v 0.247070 -0.440430 0.038086
v 0.247070 -0.438477 0.034180
v 0.250977 -0.444336 0.032227
v 0.250977 -0.448242 0.036133
v 0.247070 -0.440430 0.038086
v 0.250977 -0.448242 0.036133
v 0.249023 -0.454102 0.034180
v 0.247070 -0.440430 0.038086
v 0.249023 -0.454102 0.034180
v 0.249023 -0.444336 0.038086
v 0.247070 -0.440430 0.038086
v 0.249023 -0.446289 0.040039
v 0.249023 -0.444336 0.038086
v 0.245117 -0.448242 0.047852
v 0.249023 -0.444336 0.038086
v 0.250977 -0.452148 0.041992
v 0.245117 -0.448242 0.047852
v 0.282227 -0.497070 0.200195
v 0.284180 -0.473633 0.217773
v 0.282227 -0.481445 0.208008
v 0.282227 -0.497070 0.200195
v 0.293945 -0.477539 0.213867
v 0.284180 -0.473633 0.217773
v 0.282227 -0.497070 0.200195
v 0.288086 -0.499023 0.200195
v 0.293945 -0.477539 0.213867
v 0.288086 -0.499023 0.200195
v 0.291992 -0.483398 0.206055
v 0.293945 -0.477539 0.213867
v 0.249023 -0.444336 0.038086
v 0.247070 -0.446289 0.043945
v 0.245117 -0.438477 0.041992
v 0.247070 -0.446289 0.043945
v 0.245117 -0.442383 0.045898
v 0.245117 -0.438477 0.041992
v 0.137695 -0.338867 0.012695
v 0.137695 -0.362305 0.012695
v 0.131836 -0.338867 0.045898
v 0.137695 -0.362305 0.012695
v 0.131836 -0.362305 0.049805
v 0.131836 -0.338867 0.045898
v 0.020508 -0.385742 0.104492
v 0.020508 -0.405273 0.112305
v 0.018555 -0.385742 0.112305
v 0.020508 -0.385742 0.104492
v 0.020508 -0.405273 0.104492
v 0.020508 -0.405273 0.112305
v 0.051758 -0.274414 0.022461
v 0.059570 -0.274414 0.030273
v 0.051758 -0.274414 0.030273
v 0.051758 -0.274414 0.022461
v 0.059570 -0.274414 0.022461
v 0.059570 -0.274414 0.030273
v 0.057617 -0.245117 0.030273
v 0.051758 -0.245117 0.022461
v 0.049805 -0.245117 0.028320
v 0.057617 -0.245117 0.030273
v 0.059570 -0.245117 0.022461
v 0.051758 -0.245117 0.022461
v 0.161133 -0.473633 0.184570
v 0.170898 -0.477539 0.190430
v 0.161133 -0.487305 0.194336
v 0.161133 -0.473633 0.184570
v 0.166992 -0.463867 0.182617
v 0.170898 -0.477539 0.190430
v 0.170898 -0.477539 0.190430
v 0.166992 -0.499023 0.198242
v 0.161133 -0.487305 0.194336
v 0.170898 -0.477539 0.190430
v 0.170898 -0.499023 0.198242
v 0.166992 -0.499023 0.198242
v 0.059570 -0.489258 0.166992
v 0.149414 -0.489258 0.182617
v 0.038086 -0.489258 0.311523
v 0.149414 -0.489258 0.182617
v 0.127930 -0.489258 0.327148
v 0.038086 -0.489258 0.311523
v 0.139648 -0.473633 0.190430
v 0.047852 -0.473633 0.303711
v 0.065430 -0.473633 0.178711
v 0.139648 -0.473633 0.190430
v 0.120117 -0.473633 0.315430
v 0.047852 -0.473633 0.303711
v 0.176758 -0.485352 0.194336
v 0.186523 -0.475586 0.206055
v 0.170898 -0.499023 0.198242
v 0.186523 -0.475586 0.206055
v 0.176758 -0.483398 0.204102
v 0.170898 -0.499023 0.198242
v 0.176758 -0.485352 0.194336
v 0.186523 -0.479492 0.196289
v 0.186523 -0.475586 0.206055
v 0.176758 -0.483398 0.204102
v 0.168945 -0.499023 0.202148
v 0.170898 -0.499023 0.198242
v 0.165039 -0.499023 0.192383
v 0.163086 -0.499023 0.202148
v 0.159180 -0.483398 0.190430
v 0.163086 -0.499023 0.202148
v 0.151367 -0.475586 0.198242
v 0.159180 -0.483398 0.190430
v 0.163086 -0.499023 0.202148
v 0.157227 -0.485352 0.202148
v 0.151367 -0.475586 0.198242
v 0.151367 -0.475586 0.198242
v 0.151367 -0.467773 0.188477
v 0.159180 -0.483398 0.190430
v 0.125977 -0.477539 0.200195
v 0.125977 -0.475586 0.198242
v 0.125977 -0.475586 0.200195
v 0.120117 -0.432617 0.206055
v 0.118164 -0.432617 0.206055
v 0.120117 -0.432617 0.208008
v 0.061523 -0.473633 0.209961
v 0.133789 -0.473633 0.221680
v 0.051758 -0.473633 0.274414
v 0.133789 -0.473633 0.221680
v 0.124023 -0.473633 0.288086
v 0.051758 -0.473633 0.274414
v 0.112305 -0.463867 0.245117
v 0.112305 -0.463867 0.247070
v 0.110352 -0.463867 0.247070
v 0.114258 -0.434570 0.229492
v 0.114258 -0.438477 0.237305
v 0.110352 -0.428711 0.229492
v 0.114258 -0.438477 0.237305
v 0.108398 -0.426758 0.239258
v 0.110352 -0.428711 0.229492
v 0.124023 -0.420898 0.188477
v 0.124023 -0.424805 0.198242
v 0.118164 -0.411133 0.188477
v 0.124023 -0.424805 0.198242
v 0.118164 -0.413086 0.200195
v 0.118164 -0.411133 0.188477
v 0.034180 -0.274414 0.188477
v 0.026367 -0.274414 0.194336
v 0.026367 -0.274414 0.188477
v 0.034180 -0.274414 0.188477
v 0.034180 -0.274414 0.194336
v 0.026367 -0.274414 0.194336
v 0.034180 -0.245117 0.188477
v 0.026367 -0.245117 0.186523
v 0.032227 -0.245117 0.194336
v 0.026367 -0.245117 0.186523
v 0.024414 -0.245117 0.194336
v 0.032227 -0.245117 0.194336
v 0.028320 -0.274414 0.227539
v 0.028320 -0.274414 0.233398
v 0.022461 -0.274414 0.227539
v 0.028320 -0.274414 0.233398
v 0.022461 -0.274414 0.235352
v 0.022461 -0.274414 0.227539
v 0.028320 -0.245117 0.233398
v 0.020508 -0.245117 0.227539
v 0.020508 -0.245117 0.233398
v 0.028320 -0.245117 0.233398
v 0.028320 -0.245117 0.227539
v 0.020508 -0.245117 0.227539
v 0.071289 -0.192383 0.026367
v 0.112305 -0.192383 0.026367
v 0.071289 -0.192383 0.032227
v 0.071289 -0.192383 0.032227
v 0.073242 -0.145508 0.036133
v 0.071289 -0.192383 0.036133
v 0.057617 -0.239258 0.020508
v 0.049805 -0.245117 0.018555
v 0.049805 -0.239258 0.018555
v 0.057617 -0.239258 0.020508
v 0.057617 -0.245117 0.020508
v 0.049805 -0.245117 0.018555
v 0.014648 -0.143555 0.028320
v 0.002930 -0.143555 0.040039
v 0.004883 -0.143555 0.030273
v 0.014648 -0.143555 0.028320
v 0.010742 -0.143555 0.047852
v 0.002930 -0.143555 0.040039
v 0.014648 -0.143555 0.028320
v 0.020508 -0.143555 0.043945
v 0.010742 -0.143555 0.047852
v 0.014648 -0.143555 0.028320
v 0.022461 -0.143555 0.034180
v 0.020508 -0.143555 0.043945
v 0.047852 -0.243164 0.067383
v 0.047852 -0.247070 0.069336
v 0.043945 -0.243164 0.077148
v 0.047852 -0.247070 0.069336
v 0.043945 -0.249023 0.077148
v 0.043945 -0.243164 0.077148
v 0.114258 -0.446289 0.260742
v 0.118164 -0.450195 0.258789
v 0.114258 -0.448242 0.264648
v 0.118164 -0.450195 0.258789
v 0.116211 -0.452148 0.268555
v 0.114258 -0.448242 0.264648
v 0.118164 -0.450195 0.258789
v 0.120117 -0.454102 0.262695
v 0.116211 -0.452148 0.268555
v 0.116211 -0.454102 0.274414
v 0.110352 -0.450195 0.276367
v 0.114258 -0.450195 0.270508
v 0.116211 -0.454102 0.274414
v 0.112305 -0.454102 0.278320
v 0.110352 -0.450195 0.276367
v 0.098633 -0.444336 0.268555
v 0.098633 -0.444336 0.266602
v 0.096680 -0.444336 0.268555
v 0.102539 -0.440430 0.299805
v 0.102539 -0.442383 0.299805
v 0.102539 -0.442383 0.301758
v 0.102539 -0.432617 0.258789
v 0.102539 -0.436523 0.262695
v 0.098633 -0.426758 0.258789
v 0.102539 -0.436523 0.262695
v 0.096680 -0.428711 0.266602
v 0.098633 -0.426758 0.258789
v 0.102539 -0.424805 0.297852
v 0.102539 -0.424805 0.288086
v 0.106445 -0.436523 0.293945
v 0.102539 -0.424805 0.288086
v 0.106445 -0.430664 0.286133
v 0.106445 -0.436523 0.293945
v -0.014648 -0.143555 0.036133
v -0.018555 -0.141602 0.053711
v -0.024414 -0.143555 0.034180
v -0.014648 -0.143555 0.036133
v -0.010742 -0.141602 0.045898
v -0.018555 -0.141602 0.053711
v -0.018555 -0.141602 0.053711
v -0.028320 -0.141602 0.051758
v -0.024414 -0.143555 0.034180
v -0.028320 -0.141602 0.051758
v -0.032227 -0.141602 0.041992
v -0.024414 -0.143555 0.034180
v -0.145508 -0.131836 0.096680
v -0.157227 -0.129883 0.129883
v -0.168945 -0.131836 0.116211
v -0.145508 -0.131836 0.096680
v -0.133789 -0.129883 0.110352
v -0.157227 -0.129883 0.129883
v -0.153320 -0.485352 0.375977
v -0.149414 -0.477539 0.385742
v -0.155273 -0.499023 0.379883
v -0.149414 -0.477539 0.385742
v -0.153320 -0.483398 0.387695
v -0.155273 -0.499023 0.379883
v -0.153320 -0.485352 0.375977
v -0.139648 -0.461914 0.383789
v -0.149414 -0.477539 0.385742
v -0.153320 -0.485352 0.375977
v -0.139648 -0.471680 0.377930
v -0.139648 -0.461914 0.383789
v -0.149414 -0.485352 0.389648
v -0.157227 -0.473633 0.401367
v -0.149414 -0.477539 0.399414
v -0.149414 -0.485352 0.389648
v -0.153320 -0.499023 0.383789
v -0.157227 -0.473633 0.401367
v -0.153320 -0.499023 0.383789
v -0.159180 -0.483398 0.391602
v -0.157227 -0.473633 0.401367
v -0.153320 -0.499023 0.383789
v -0.159180 -0.499023 0.383789
v -0.159180 -0.483398 0.391602
v -0.159180 0.293945 0.184570
v -0.159180 0.295898 0.174805
v -0.157227 0.299805 0.194336
v -0.159180 0.295898 0.174805
v -0.159180 0.295898 0.184570
v -0.157227 0.299805 0.194336
v -0.165039 0.424805 0.219727
v -0.157227 0.424805 0.219727
v -0.161133 0.424805 0.227539
v 0.247070 -0.477539 -0.250977
v 0.237305 -0.471680 -0.256836
v 0.249023 -0.483398 -0.243164
v 0.237305 -0.471680 -0.256836
v 0.250977 -0.485352 -0.235352
v 0.249023 -0.483398 -0.243164
v 0.237305 -0.471680 -0.256836
v 0.237305 -0.485352 -0.247070
v 0.250977 -0.485352 -0.235352
v 0.237305 -0.485352 -0.247070
v 0.245117 -0.499023 -0.239258
v 0.250977 -0.485352 -0.235352
v 0.237305 -0.485352 -0.247070
v 0.241211 -0.499023 -0.243164
v 0.245117 -0.499023 -0.239258
v 0.241211 -0.499023 -0.243164
v 0.245117 -0.499023 -0.243164
v 0.245117 -0.499023 -0.239258
v 0.247070 -0.477539 -0.250977
v 0.245117 -0.461914 -0.260742
v 0.237305 -0.471680 -0.256836
v 0.161133 -0.422852 -0.258789
v 0.178711 -0.422852 -0.256836
v 0.161133 -0.415039 -0.260742
v 0.178711 -0.422852 -0.256836
v 0.161133 -0.413086 -0.258789
v 0.161133 -0.415039 -0.260742
v 0.178711 -0.422852 -0.256836
v 0.168945 -0.374023 -0.217773
v 0.161133 -0.413086 -0.258789
v 0.168945 -0.374023 -0.217773
v 0.163086 -0.379883 -0.262695
v 0.161133 -0.413086 -0.258789
v 0.168945 -0.374023 -0.217773
v 0.157227 -0.366211 -0.219727
v 0.163086 -0.379883 -0.262695
v 0.157227 -0.366211 -0.219727
v 0.163086 -0.372070 -0.266602
v 0.163086 -0.379883 -0.262695
v 0.163086 -0.372070 -0.266602
v 0.163086 -0.379883 -0.264648
v 0.163086 -0.379883 -0.262695
v 0.168945 -0.374023 -0.217773
v 0.168945 -0.366211 -0.217773
v 0.157227 -0.366211 -0.219727
v 0.104492 -0.317383 -0.280273
v 0.131836 -0.299805 -0.219727
v 0.079102 -0.313477 -0.268555
v 0.104492 -0.317383 -0.280273
v 0.131836 -0.317383 -0.268555
v 0.131836 -0.299805 -0.219727
v 0.131836 -0.317383 -0.268555
v 0.143555 -0.309570 -0.245117
v 0.131836 -0.299805 -0.219727
v 0.131836 -0.299805 -0.219727
v 0.106445 -0.293945 -0.208008
v 0.079102 -0.313477 -0.268555
v 0.106445 -0.293945 -0.208008
v 0.079102 -0.295898 -0.217773
v 0.079102 -0.313477 -0.268555
v 0.079102 -0.295898 -0.217773
v 0.067383 -0.303711 -0.243164
v 0.079102 -0.313477 -0.268555
v 0.026367 -0.465820 -0.333008
v -0.022461 -0.454102 -0.321289
v -0.024414 -0.463867 -0.334961
v 0.026367 -0.465820 -0.333008
v 0.026367 -0.465820 -0.319336
v -0.022461 -0.454102 -0.321289
v 0.026367 -0.465820 -0.319336
v 0.026367 -0.456055 -0.319336
v -0.022461 -0.454102 -0.321289
v -0.022461 -0.454102 -0.321289
v -0.022461 -0.454102 -0.331055
v -0.024414 -0.463867 -0.334961
v -0.022461 -0.454102 -0.331055
v -0.024414 -0.454102 -0.334961
v -0.024414 -0.463867 -0.334961
v 0.026367 -0.456055 -0.319336
v 0.022461 -0.397461 -0.319336
v -0.022461 -0.454102 -0.321289
v 0.022461 -0.397461 -0.319336
v -0.022461 -0.393555 -0.323242
v -0.022461 -0.454102 -0.321289
v 0.022461 -0.397461 -0.319336
v 0.024414 -0.387695 -0.319336
v -0.022461 -0.393555 -0.323242
v 0.022461 -0.397461 -0.319336
v 0.024414 -0.397461 -0.319336
v 0.024414 -0.387695 -0.319336
v 0.024414 -0.387695 -0.319336
v -0.024414 -0.385742 -0.321289
v -0.022461 -0.393555 -0.323242
v -0.024414 -0.385742 -0.321289
v -0.024414 -0.393555 -0.321289
v -0.022461 -0.393555 -0.323242
v 0.112305 -0.346680 -0.327148
v 0.090820 -0.333008 -0.307617
v 0.092773 -0.348633 -0.331055
v 0.112305 -0.346680 -0.327148
v 0.092773 -0.329102 -0.309570
v 0.090820 -0.333008 -0.307617
v 0.112305 -0.346680 -0.327148
v 0.112305 -0.331055 -0.305664
v 0.092773 -0.329102 -0.309570
v 0.112305 -0.346680 -0.327148
v 0.116211 -0.346680 -0.331055
v 0.112305 -0.331055 -0.305664
v 0.116211 -0.346680 -0.331055
v 0.114258 -0.331055 -0.303711
v 0.112305 -0.331055 -0.305664
v 0.114258 -0.331055 -0.303711
v 0.114258 -0.327148 -0.307617
v 0.112305 -0.331055 -0.305664
v -0.018555 -0.329102 -0.303711
v 0.030273 -0.329102 -0.303711
v -0.028320 -0.319336 -0.282227
v -0.018555 -0.329102 -0.303711
v 0.006836 -0.333008 -0.313477
v 0.030273 -0.329102 -0.303711
v 0.030273 -0.329102 -0.303711
v 0.040039 -0.319336 -0.282227
v -0.028320 -0.319336 -0.282227
v 0.040039 -0.319336 -0.282227
v -0.018555 -0.309570 -0.258789
v -0.028320 -0.319336 -0.282227
v 0.040039 -0.319336 -0.282227
v 0.006836 -0.305664 -0.250977
v -0.018555 -0.309570 -0.258789
v 0.040039 -0.319336 -0.282227
v 0.030273 -0.309570 -0.258789
v 0.006836 -0.305664 -0.250977
v 0.303711 -0.493164 -0.194336
v 0.284180 -0.493164 -0.178711
v 0.288086 -0.493164 -0.188477
v 0.303711 -0.493164 -0.194336
v 0.290039 -0.493164 -0.165039
v 0.284180 -0.493164 -0.178711
v 0.303711 -0.493164 -0.194336
v 0.303711 -0.493164 -0.157227
v 0.290039 -0.493164 -0.165039
v 0.303711 -0.493164 -0.194336
v 0.317383 -0.493164 -0.165039
v 0.303711 -0.493164 -0.157227
v 0.303711 -0.493164 -0.194336
v 0.323242 -0.493164 -0.178711
v 0.317383 -0.493164 -0.165039
v 0.303711 -0.493164 -0.194336
v 0.319336 -0.493164 -0.188477
v 0.323242 -0.493164 -0.178711
v 0.233398 -0.489258 -0.043945
v 0.254883 -0.489258 -0.022461
v 0.204102 -0.489258 -0.034180
v 0.254883 -0.489258 -0.022461
v 0.254883 -0.489258 0.016602
v 0.204102 -0.489258 -0.034180
v 0.254883 -0.489258 0.016602
v 0.184570 -0.489258 -0.002930
v 0.204102 -0.489258 -0.034180
v 0.254883 -0.489258 0.016602
v 0.235352 -0.489258 0.047852
v 0.184570 -0.489258 -0.002930
v 0.235352 -0.489258 0.047852
v 0.184570 -0.489258 0.036133
v 0.184570 -0.489258 -0.002930
v 0.235352 -0.489258 0.047852
v 0.204102 -0.489258 0.057617
v 0.184570 -0.489258 0.036133
v 0.209961 -0.495117 -0.186523
v 0.215820 -0.495117 -0.180664
v 0.202148 -0.483398 -0.178711
v 0.215820 -0.495117 -0.180664
v 0.204102 -0.469727 -0.170898
v 0.202148 -0.483398 -0.178711
v 0.215820 -0.495117 -0.180664
v 0.219727 -0.479492 -0.178711
v 0.204102 -0.469727 -0.170898
v 0.219727 -0.479492 -0.178711
v 0.211914 -0.458008 -0.163086
v 0.204102 -0.469727 -0.170898
v 0.219727 -0.479492 -0.178711
v 0.215820 -0.469727 -0.174805
v 0.211914 -0.458008 -0.163086
v 0.155273 -0.282227 -0.053711
v 0.157227 -0.268555 -0.047852
v 0.157227 -0.268555 -0.051758
v 0.155273 -0.282227 -0.053711
v 0.149414 -0.280273 0.004883
v 0.157227 -0.268555 -0.047852
v 0.149414 -0.280273 0.004883
v 0.151367 -0.266602 0.002930
v 0.157227 -0.268555 -0.047852
v 0.149414 -0.280273 0.004883
v 0.151367 -0.266602 0.006836
v 0.151367 -0.266602 0.002930
v 0.151367 -0.266602 0.002930
v 0.159180 -0.209961 -0.047852
v 0.157227 -0.268555 -0.047852
v 0.151367 -0.266602 0.002930
v 0.155273 -0.215820 0.006836
v 0.159180 -0.209961 -0.047852
v 0.155273 -0.215820 0.006836
v 0.153320 -0.202148 0.012695
v 0.159180 -0.209961 -0.047852
v 0.153320 -0.202148 0.012695
v 0.161133 -0.198242 -0.049805
v 0.159180 -0.209961 -0.047852
v 0.155273 -0.215820 0.006836
v 0.153320 -0.215820 0.010742
v 0.153320 -0.202148 0.012695
v 0.161133 -0.198242 -0.049805
v 0.161133 -0.209961 -0.051758
v 0.159180 -0.209961 -0.047852
v 0.170898 -0.192383 -0.141602
v 0.170898 -0.178711 -0.137695
v 0.170898 -0.178711 -0.141602
v 0.170898 -0.192383 -0.141602
v 0.165039 -0.188477 -0.083008
v 0.170898 -0.178711 -0.137695
v 0.165039 -0.188477 -0.083008
v 0.165039 -0.174805 -0.086914
v 0.170898 -0.178711 -0.137695
v 0.165039 -0.188477 -0.083008
v 0.165039 -0.174805 -0.083008
v 0.165039 -0.174805 -0.086914
v 0.165039 -0.174805 -0.086914
v 0.168945 -0.120117 -0.088867
v 0.170898 -0.178711 -0.137695
v 0.168945 -0.120117 -0.088867
v 0.174805 -0.120117 -0.141602
v 0.170898 -0.178711 -0.137695
v 0.168945 -0.120117 -0.088867
v 0.168945 -0.106445 -0.083008
v 0.174805 -0.120117 -0.141602
v 0.168945 -0.120117 -0.088867
v 0.168945 -0.118164 -0.084961
v 0.168945 -0.106445 -0.083008
v 0.168945 -0.106445 -0.083008
v 0.176758 -0.108398 -0.147461
v 0.174805 -0.120117 -0.141602
v 0.176758 -0.108398 -0.147461
v 0.174805 -0.120117 -0.145508
v 0.174805 -0.120117 -0.141602
v 0.176758 -0.178711 -0.127930
v 0.174805 -0.145508 -0.127930
v 0.180664 -0.120117 -0.131836
v 0.174805 -0.145508 -0.127930
v 0.174805 -0.141602 -0.129883
v 0.180664 -0.120117 -0.131836
v 0.174805 -0.145508 -0.127930
v 0.172852 -0.141602 -0.114258
v 0.174805 -0.141602 -0.129883
v 0.174805 -0.145508 -0.127930
v 0.172852 -0.145508 -0.114258
v 0.172852 -0.141602 -0.114258
v 0.172852 -0.145508 -0.114258
v 0.172852 -0.145508 -0.112305
v 0.172852 -0.141602 -0.114258
v 0.172852 -0.145508 -0.112305
v 0.174805 -0.141602 -0.112305
v 0.172852 -0.141602 -0.114258
v 0.172852 -0.145508 -0.112305
v 0.172852 -0.145508 -0.108398
v 0.174805 -0.141602 -0.112305
v 0.172852 -0.145508 -0.108398
v 0.172852 -0.139648 -0.108398
v 0.174805 -0.141602 -0.112305
v 0.172852 -0.145508 -0.108398
v 0.170898 -0.143555 -0.094727
v 0.172852 -0.139648 -0.108398
v 0.170898 -0.143555 -0.094727
v 0.170898 -0.139648 -0.094727
v 0.172852 -0.139648 -0.108398
v 0.170898 -0.143555 -0.094727
v 0.174805 -0.120117 -0.096680
v 0.170898 -0.139648 -0.094727
v 0.170898 -0.143555 -0.094727
v 0.170898 -0.174805 -0.092773
v 0.174805 -0.120117 -0.096680
v 0.186523 -0.022461 -0.135742
v 0.182617 -0.002930 -0.112305
v 0.030273 -0.026367 -0.149414
v 0.182617 -0.002930 -0.112305
v 0.028320 -0.006836 -0.125977
v 0.030273 -0.026367 -0.149414
v 0.186523 -0.022461 -0.135742
v 0.194336 -0.010742 -0.108398
v 0.182617 -0.002930 -0.112305
v 0.194336 -0.010742 -0.108398
v 0.194336 -0.004883 -0.112305
v 0.182617 -0.002930 -0.112305
v 0.186523 -0.022461 -0.135742
v 0.198242 -0.028320 -0.133789
v 0.194336 -0.010742 -0.108398
v 0.028320 -0.006836 -0.125977
v 0.012695 -0.008789 -0.127930
v 0.030273 -0.026367 -0.149414
v 0.012695 -0.008789 -0.127930
v 0.014648 -0.026367 -0.151367
v 0.030273 -0.026367 -0.149414
v 0.012695 -0.008789 -0.127930
v -0.032227 -0.028320 -0.155273
v 0.014648 -0.026367 -0.151367
v 0.012695 -0.008789 -0.127930
v -0.096680 -0.010742 -0.139648
v -0.032227 -0.028320 -0.155273
v -0.096680 -0.010742 -0.139648
v -0.092773 -0.030273 -0.163086
v -0.032227 -0.028320 -0.155273
v -0.096680 -0.010742 -0.139648
v -0.108398 -0.012695 -0.137695
v -0.092773 -0.030273 -0.163086
v -0.108398 -0.012695 -0.137695
v -0.114258 -0.032227 -0.165039
v -0.092773 -0.030273 -0.163086
v 0.045898 -0.086914 -0.227539
v -0.020508 -0.067383 -0.215820
v -0.018555 -0.086914 -0.237305
v 0.045898 -0.086914 -0.227539
v 0.043945 -0.069336 -0.204102
v -0.020508 -0.067383 -0.215820
v 0.045898 -0.086914 -0.227539
v 0.057617 -0.086914 -0.227539
v 0.043945 -0.069336 -0.204102
v 0.057617 -0.086914 -0.227539
v 0.055664 -0.067383 -0.202148
v 0.043945 -0.069336 -0.204102
v -0.020508 -0.067383 -0.215820
v -0.038086 -0.071289 -0.213867
v -0.018555 -0.086914 -0.237305
v -0.038086 -0.071289 -0.213867
v -0.041992 -0.071289 -0.215820
v -0.018555 -0.086914 -0.237305
v -0.041992 -0.071289 -0.215820
v -0.034180 -0.088867 -0.237305
v -0.018555 -0.086914 -0.237305
v -0.041992 -0.071289 -0.215820
v -0.040039 -0.090820 -0.239258
v -0.034180 -0.088867 -0.237305
v -0.041992 -0.071289 -0.215820
v -0.083008 -0.069336 -0.221680
v -0.040039 -0.090820 -0.239258
v -0.083008 -0.069336 -0.221680
v -0.081055 -0.090820 -0.243164
v -0.040039 -0.090820 -0.239258
v -0.083008 -0.069336 -0.221680
v -0.083008 -0.073242 -0.219727
v -0.081055 -0.090820 -0.243164
v -0.083008 -0.073242 -0.219727
v -0.100586 -0.075195 -0.219727
v -0.081055 -0.090820 -0.243164
v -0.100586 -0.075195 -0.219727
v -0.106445 -0.075195 -0.221680
v -0.081055 -0.090820 -0.243164
v -0.106445 -0.075195 -0.221680
v -0.096680 -0.094727 -0.243164
v -0.081055 -0.090820 -0.243164
v -0.106445 -0.075195 -0.221680
v -0.104492 -0.094727 -0.247070
v -0.096680 -0.094727 -0.243164
v 0.186523 -0.002930 -0.112305
v -0.110352 0.006836 -0.114258
v -0.108398 -0.012695 -0.137695
v 0.186523 -0.002930 -0.112305
v 0.182617 0.014648 -0.084961
v -0.110352 0.006836 -0.114258
v 0.186523 -0.002930 -0.112305
v 0.188477 0.010742 -0.083008
v 0.182617 0.014648 -0.084961
v 0.186523 -0.002930 -0.112305
v 0.192383 -0.010742 -0.108398
v 0.188477 0.010742 -0.083008
v -0.110352 0.006836 -0.114258
v -0.118164 0.006836 -0.114258
v -0.108398 -0.012695 -0.137695
v -0.118164 0.006836 -0.114258
v -0.116211 -0.012695 -0.141602
v -0.108398 -0.012695 -0.137695
v 0.170898 -0.055664 -0.096680
v 0.168945 -0.069336 -0.092773
v 0.170898 -0.043945 -0.092773
v 0.168945 -0.069336 -0.092773
v 0.166992 -0.077148 -0.083008
v 0.170898 -0.043945 -0.092773
v 0.166992 -0.077148 -0.083008
v 0.170898 -0.034180 -0.083008
v 0.170898 -0.043945 -0.092773
v 0.166992 -0.077148 -0.083008
v 0.170898 -0.032227 -0.071289
v 0.170898 -0.034180 -0.083008
v 0.166992 -0.077148 -0.083008
v 0.165039 -0.081055 -0.071289
v 0.170898 -0.032227 -0.071289
v 0.165039 -0.081055 -0.071289
v 0.165039 -0.077148 -0.057617
v 0.170898 -0.032227 -0.071289
v 0.165039 -0.077148 -0.057617
v 0.165039 -0.069336 -0.049805
v 0.170898 -0.032227 -0.071289
v 0.165039 -0.069336 -0.049805
v 0.165039 -0.055664 -0.045898
v 0.170898 -0.032227 -0.071289
v 0.165039 -0.055664 -0.045898
v 0.166992 -0.043945 -0.049805
v 0.170898 -0.032227 -0.071289
v 0.166992 -0.043945 -0.049805
v 0.168945 -0.034180 -0.057617
v 0.170898 -0.032227 -0.071289
v 0.165039 -0.057617 -0.073242
v 0.166992 -0.053711 -0.090820
v 0.166992 -0.057617 -0.090820
v 0.165039 -0.057617 -0.073242
v 0.165039 -0.053711 -0.073242
v 0.166992 -0.053711 -0.090820
v 0.166992 -0.053711 -0.090820
v 0.172852 -0.053711 -0.090820
v 0.166992 -0.057617 -0.090820
v 0.172852 -0.053711 -0.090820
v 0.172852 -0.057617 -0.090820
v 0.166992 -0.057617 -0.090820
v 0.165039 -0.057617 -0.073242
v 0.165039 -0.057617 -0.067383
v 0.165039 -0.053711 -0.073242
v 0.165039 -0.057617 -0.073242
v 0.163086 -0.077148 -0.073242
v 0.165039 -0.057617 -0.067383
v 0.163086 -0.077148 -0.073242
v 0.161133 -0.077148 -0.067383
v 0.165039 -0.057617 -0.067383
v 0.163086 -0.077148 -0.073242
v 0.168945 -0.077148 -0.067383
v 0.161133 -0.077148 -0.067383
v 0.163086 -0.077148 -0.073242
v 0.168945 -0.077148 -0.073242
v 0.168945 -0.077148 -0.067383
v 0.165039 -0.057617 -0.067383
v 0.165039 -0.053711 -0.067383
v 0.165039 -0.053711 -0.073242
v 0.165039 -0.053711 -0.067383
v 0.166992 -0.034180 -0.073242
v 0.165039 -0.053711 -0.073242
v 0.165039 -0.053711 -0.067383
v 0.166992 -0.034180 -0.067383
v 0.166992 -0.034180 -0.073242
v 0.166992 -0.034180 -0.067383
v 0.172852 -0.034180 -0.073242
v 0.166992 -0.034180 -0.073242
v 0.166992 -0.034180 -0.067383
v 0.172852 -0.034180 -0.067383
v 0.172852 -0.034180 -0.073242
v 0.165039 -0.057617 -0.067383
v 0.163086 -0.053711 -0.049805
v 0.165039 -0.053711 -0.067383
v 0.165039 -0.057617 -0.067383
v 0.163086 -0.057617 -0.049805
v 0.163086 -0.053711 -0.049805
v 0.163086 -0.057617 -0.049805
v 0.168945 -0.053711 -0.049805
v 0.163086 -0.053711 -0.049805
v 0.163086 -0.057617 -0.049805
v 0.168945 -0.057617 -0.049805
v 0.168945 -0.053711 -0.049805
v -0.055664 -0.483398 -0.391602
v -0.059570 -0.477539 -0.409180
v -0.061523 -0.499023 -0.393555
v -0.059570 -0.477539 -0.409180
v -0.063477 -0.499023 -0.397461
v -0.061523 -0.499023 -0.393555
v -0.059570 -0.477539 -0.409180
v -0.069336 -0.473633 -0.416992
v -0.063477 -0.499023 -0.397461
v -0.069336 -0.473633 -0.416992
v -0.067383 -0.487305 -0.405273
v -0.063477 -0.499023 -0.397461
v -0.059570 -0.477539 -0.409180
v -0.063477 -0.463867 -0.418945
v -0.069336 -0.473633 -0.416992
v -0.063477 -0.499023 -0.397461
v -0.055664 -0.483398 -0.391602
v -0.069336 -0.499023 -0.395508
v -0.055664 -0.483398 -0.391602
v -0.071289 -0.487305 -0.393555
v -0.069336 -0.499023 -0.395508
v -0.055664 -0.483398 -0.391602
v -0.067383 -0.473633 -0.387695
v -0.071289 -0.487305 -0.393555
v -0.055664 -0.483398 -0.391602
v -0.059570 -0.461914 -0.381836
v -0.067383 -0.473633 -0.387695
v -0.055664 -0.483398 -0.391602
v -0.059570 -0.473633 -0.391602
v -0.059570 -0.461914 -0.381836
v -0.055664 -0.483398 -0.391602
v -0.069336 -0.481445 -0.401367
v -0.059570 -0.473633 -0.391602
v -0.040039 -0.434570 -0.319336
v -0.094727 -0.424805 -0.319336
v -0.094727 -0.434570 -0.319336
v -0.040039 -0.434570 -0.319336
v -0.040039 -0.424805 -0.319336
v -0.094727 -0.424805 -0.319336
v -0.040039 -0.424805 -0.319336
v -0.047852 -0.385742 -0.319336
v -0.094727 -0.424805 -0.319336
v -0.047852 -0.385742 -0.319336
v -0.092773 -0.385742 -0.319336
v -0.094727 -0.424805 -0.319336
v -0.047852 -0.385742 -0.319336
v -0.047852 -0.377930 -0.319336
v -0.092773 -0.385742 -0.319336
v -0.047852 -0.377930 -0.319336
v -0.094727 -0.377930 -0.319336
v -0.092773 -0.385742 -0.319336
v -0.094727 -0.377930 -0.319336
v -0.094727 -0.385742 -0.319336
v -0.092773 -0.385742 -0.319336
v -0.122070 -0.436523 -0.290039
v -0.122070 -0.426758 -0.290039
v -0.127930 -0.428711 -0.237305
v -0.122070 -0.426758 -0.290039
v -0.127930 -0.416992 -0.239258
v -0.127930 -0.428711 -0.237305
v -0.122070 -0.426758 -0.290039
v -0.120117 -0.383789 -0.293945
v -0.127930 -0.416992 -0.239258
v -0.120117 -0.383789 -0.293945
v -0.125977 -0.374023 -0.249023
v -0.127930 -0.416992 -0.239258
v -0.120117 -0.383789 -0.293945
v -0.118164 -0.375977 -0.295898
v -0.125977 -0.374023 -0.249023
v -0.118164 -0.375977 -0.295898
v -0.124023 -0.366211 -0.247070
v -0.125977 -0.374023 -0.249023
v -0.124023 -0.366211 -0.247070
v -0.125977 -0.374023 -0.247070
v -0.125977 -0.374023 -0.249023
v -0.059570 -0.350586 -0.346680
v -0.053711 -0.336914 -0.321289
v -0.061523 -0.336914 -0.323242
v -0.059570 -0.350586 -0.346680
v -0.047852 -0.336914 -0.321289
v -0.053711 -0.336914 -0.321289
v -0.059570 -0.350586 -0.346680
v -0.045898 -0.350586 -0.346680
v -0.047852 -0.336914 -0.321289
v -0.053711 -0.336914 -0.321289
v -0.063477 -0.276367 -0.194336
v -0.061523 -0.336914 -0.323242
v -0.063477 -0.276367 -0.194336
v -0.069336 -0.276367 -0.194336
v -0.061523 -0.336914 -0.323242
v -0.221680 -0.489258 -0.256836
v -0.241211 -0.489258 -0.211914
v -0.241211 -0.489258 -0.249023
v -0.241211 -0.489258 -0.211914
v -0.249023 -0.489258 -0.231445
v -0.241211 -0.489258 -0.249023
v -0.221680 -0.489258 -0.256836
v -0.204102 -0.489258 -0.249023
v -0.241211 -0.489258 -0.211914
v -0.204102 -0.489258 -0.249023
v -0.196289 -0.489258 -0.231445
v -0.241211 -0.489258 -0.211914
v -0.196289 -0.489258 -0.231445
v -0.204102 -0.489258 -0.211914
v -0.241211 -0.489258 -0.211914
v -0.204102 -0.489258 -0.211914
v -0.221680 -0.489258 -0.204102
v -0.241211 -0.489258 -0.211914
v -0.038086 -0.204102 -0.194336
v -0.045898 -0.192383 -0.196289
v -0.104492 -0.204102 -0.204102
v -0.045898 -0.192383 -0.196289
v -0.104492 -0.192383 -0.206055
v -0.104492 -0.204102 -0.204102
v -0.038086 -0.204102 -0.194336
v -0.038086 -0.192383 -0.196289
v -0.045898 -0.192383 -0.196289
v -0.045898 -0.192383 -0.196289
v -0.098633 -0.145508 -0.209961
v -0.104492 -0.192383 -0.206055
v -0.045898 -0.192383 -0.196289
v -0.049805 -0.145508 -0.202148
v -0.098633 -0.145508 -0.209961
v -0.049805 -0.145508 -0.202148
v -0.100586 -0.135742 -0.211914
v -0.098633 -0.145508 -0.209961
v -0.049805 -0.145508 -0.202148
v -0.045898 -0.135742 -0.202148
v -0.100586 -0.135742 -0.211914
v -0.049805 -0.145508 -0.202148
v -0.047852 -0.145508 -0.202148
v -0.045898 -0.135742 -0.202148
v -0.100586 -0.135742 -0.211914
v -0.100586 -0.145508 -0.211914
v -0.098633 -0.145508 -0.209961
v -0.147461 -0.206055 -0.147461
v -0.149414 -0.192383 -0.137695
v -0.157227 -0.204102 -0.081055
v -0.149414 -0.192383 -0.137695
v -0.155273 -0.192383 -0.084961
v -0.157227 -0.204102 -0.081055
v -0.155273 -0.192383 -0.084961
v -0.157227 -0.192383 -0.081055
v -0.157227 -0.204102 -0.081055
v -0.147461 -0.206055 -0.147461
v -0.149414 -0.194336 -0.147461
v -0.149414 -0.192383 -0.137695
v -0.149414 -0.192383 -0.137695
v -0.161133 -0.145508 -0.088867
v -0.155273 -0.192383 -0.084961
v -0.149414 -0.192383 -0.137695
v -0.155273 -0.145508 -0.137695
v -0.161133 -0.145508 -0.088867
v -0.155273 -0.145508 -0.137695
v -0.163086 -0.135742 -0.086914
v -0.161133 -0.145508 -0.088867
v -0.155273 -0.145508 -0.137695
v -0.155273 -0.135742 -0.141602
v -0.163086 -0.135742 -0.086914
v -0.155273 -0.145508 -0.137695
v -0.155273 -0.145508 -0.139648
v -0.155273 -0.135742 -0.141602
v -0.163086 -0.135742 -0.086914
v -0.163086 -0.145508 -0.086914
v -0.161133 -0.145508 -0.088867
v -0.131836 -0.063477 -0.018555
v -0.145508 -0.061523 -0.016602
v -0.131836 -0.061523 -0.022461
v -0.145508 -0.061523 -0.016602
v -0.137695 -0.057617 -0.024414
v -0.131836 -0.061523 -0.022461
v -0.145508 -0.061523 -0.016602
v -0.141602 -0.057617 -0.024414
v -0.137695 -0.057617 -0.024414
v -0.145508 -0.061523 -0.016602
v -0.147461 -0.059570 -0.018555
v -0.141602 -0.057617 -0.024414
v -0.131836 -0.063477 -0.018555
v -0.141602 -0.065430 -0.012695
v -0.145508 -0.061523 -0.016602
v -0.131836 -0.063477 -0.018555
v -0.133789 -0.067383 -0.014648
v -0.141602 -0.065430 -0.012695
v -0.131836 -0.063477 -0.018555
v -0.131836 -0.067383 -0.014648
v -0.133789 -0.067383 -0.014648
v -0.270508 -0.499023 -0.133789
v -0.282227 -0.485352 -0.137695
v -0.270508 -0.483398 -0.139648
v -0.270508 -0.499023 -0.133789
v -0.280273 -0.499023 -0.133789
v -0.282227 -0.485352 -0.137695
v -0.270508 -0.499023 -0.133789
v -0.274414 -0.499023 -0.129883
v -0.280273 -0.499023 -0.133789
v -0.282227 -0.485352 -0.137695
v -0.282227 -0.475586 -0.149414
v -0.270508 -0.483398 -0.139648
v -0.282227 -0.475586 -0.149414
v -0.266602 -0.467773 -0.149414
v -0.270508 -0.483398 -0.139648
v -0.276367 -0.499023 -0.129883
v -0.280273 -0.499023 -0.133789
v -0.280273 -0.499023 -0.125977
v -0.280273 -0.499023 -0.133789
v -0.282227 -0.487305 -0.135742
v -0.280273 -0.499023 -0.125977
v -0.282227 -0.487305 -0.135742
v -0.280273 -0.485352 -0.120117
v -0.280273 -0.499023 -0.125977
v -0.282227 -0.487305 -0.135742
v -0.288086 -0.473633 -0.122070
v -0.280273 -0.485352 -0.120117
v -0.282227 -0.487305 -0.135742
v -0.288086 -0.473633 -0.133789
v -0.288086 -0.473633 -0.122070
v -0.288086 -0.473633 -0.133789
v -0.297852 -0.461914 -0.125977
v -0.288086 -0.473633 -0.122070
v 0.256836 -0.446289 0.022461
v 0.252930 -0.454102 0.036133
v 0.254883 -0.446289 0.030273
v 0.256836 -0.446289 0.022461
v 0.256836 -0.452148 0.030273
v 0.252930 -0.454102 0.036133
v 0.252930 -0.454102 0.036133
v 0.249023 -0.452148 0.034180
v 0.254883 -0.446289 0.030273
v 0.249023 -0.452148 0.034180
v 0.252930 -0.450195 0.034180
v 0.254883 -0.446289 0.030273
v 0.252930 -0.454102 0.036133
v 0.250977 -0.452148 0.041992
v 0.249023 -0.452148 0.034180
v 0.252930 -0.454102 0.036133
v 0.252930 -0.456055 0.041992
v 0.250977 -0.452148 0.041992
v 0.252930 -0.454102 0.036133
v 0.250977 -0.454102 0.038086
v 0.252930 -0.456055 0.041992
v 0.252930 -0.454102 0.036133
v 0.249023 -0.454102 0.034180
v 0.250977 -0.454102 0.038086
v 0.293945 -0.465820 0.176758
v 0.291992 -0.483398 0.186523
v 0.278320 -0.473633 0.178711
v 0.291992 -0.483398 0.186523
v 0.278320 -0.485352 0.188477
v 0.278320 -0.473633 0.178711
v 0.291992 -0.483398 0.186523
v 0.282227 -0.499023 0.192383
v 0.278320 -0.485352 0.188477
v 0.291992 -0.483398 0.186523
v 0.286133 -0.497070 0.196289
v 0.282227 -0.499023 0.192383
v 0.291992 -0.483398 0.186523
v 0.291992 -0.499023 0.192383
v 0.286133 -0.497070 0.196289
v 0.290039 -0.485352 0.192383
v 0.288086 -0.499023 0.200195
v 0.286133 -0.499023 0.194336
v 0.290039 -0.485352 0.192383
v 0.301758 -0.471680 0.192383
v 0.288086 -0.499023 0.200195
v 0.301758 -0.471680 0.192383
v 0.288086 -0.483398 0.204102
v 0.288086 -0.499023 0.200195
v 0.301758 -0.471680 0.192383
v 0.303711 -0.461914 0.200195
v 0.288086 -0.483398 0.204102
v 0.303711 -0.461914 0.200195
v 0.293945 -0.475586 0.202148
v 0.288086 -0.483398 0.204102
v 0.282227 -0.499023 0.192383
v 0.282227 -0.499023 0.200195
v 0.278320 -0.487305 0.192383
v 0.282227 -0.499023 0.192383
v 0.286133 -0.499023 0.196289
v 0.282227 -0.499023 0.200195
v 0.282227 -0.499023 0.200195
v 0.282227 -0.485352 0.206055
v 0.278320 -0.487305 0.192383
v 0.282227 -0.485352 0.206055
v 0.278320 -0.473633 0.206055
v 0.278320 -0.487305 0.192383
v 0.278320 -0.473633 0.206055
v 0.272461 -0.473633 0.194336
v 0.278320 -0.487305 0.192383
v 0.278320 -0.473633 0.206055
v 0.268555 -0.461914 0.204102
v 0.272461 -0.473633 0.194336
v 0.036133 -0.333008 0.045898
v 0.038086 -0.448242 0.055664
v 0.022461 -0.334961 0.125977
v 0.038086 -0.448242 0.055664
v 0.040039 -0.448242 0.071289
v 0.022461 -0.334961 0.125977
v 0.040039 -0.448242 0.071289
v 0.030273 -0.448242 0.122070
v 0.022461 -0.334961 0.125977
v 0.030273 -0.448242 0.122070
v 0.024414 -0.448242 0.135742
v 0.022461 -0.334961 0.125977
v 0.038086 -0.448242 0.055664
v 0.055664 -0.448242 0.059570
v 0.040039 -0.448242 0.071289
v 0.055664 -0.448242 0.059570
v 0.051758 -0.448242 0.073242
v 0.040039 -0.448242 0.071289
v 0.030273 -0.448242 0.122070
v 0.041992 -0.448242 0.137695
v 0.024414 -0.448242 0.135742
v 0.030273 -0.448242 0.122070
v 0.043945 -0.448242 0.125977
v 0.041992 -0.448242 0.137695
v 0.163086 -0.489258 0.166992
v 0.159180 -0.489258 0.178711
v 0.118164 -0.489258 0.157227
v 0.159180 -0.489258 0.178711
v 0.116211 -0.489258 0.168945
v 0.118164 -0.489258 0.157227
v 0.116211 -0.489258 0.168945
v 0.069336 -0.489258 0.159180
v 0.118164 -0.489258 0.157227
v 0.069336 -0.489258 0.159180
v 0.071289 -0.489258 0.147461
v 0.118164 -0.489258 0.157227
v 0.069336 -0.489258 0.159180
v 0.024414 -0.489258 0.139648
v 0.071289 -0.489258 0.147461
v 0.069336 -0.489258 0.159180
v 0.022461 -0.489258 0.151367
v 0.024414 -0.489258 0.139648
v 0.022461 -0.489258 0.151367
v 0.018555 -0.426758 0.149414
v 0.024414 -0.489258 0.139648
v 0.018555 -0.426758 0.149414
v 0.020508 -0.426758 0.137695
v 0.024414 -0.489258 0.139648
v 0.174805 -0.485352 0.198242
v 0.172852 -0.475586 0.202148
v 0.176758 -0.487305 0.206055
v 0.172852 -0.475586 0.202148
v 0.174805 -0.463867 0.213867
v 0.176758 -0.487305 0.206055
v 0.174805 -0.463867 0.213867
v 0.165039 -0.475586 0.211914
v 0.176758 -0.487305 0.206055
v 0.165039 -0.475586 0.211914
v 0.161133 -0.489258 0.206055
v 0.176758 -0.487305 0.206055
v 0.161133 -0.489258 0.206055
v 0.170898 -0.499023 0.204102
v 0.176758 -0.487305 0.206055
v 0.161133 -0.489258 0.206055
v 0.165039 -0.499023 0.198242
v 0.170898 -0.499023 0.204102
v 0.165039 -0.499023 0.198242
v 0.170898 -0.499023 0.198242
v 0.170898 -0.499023 0.204102
v 0.129883 -0.438477 0.190430
v 0.131836 -0.438477 0.208008
v 0.125977 -0.430664 0.192383
v 0.129883 -0.438477 0.190430
v 0.133789 -0.444336 0.196289
v 0.131836 -0.438477 0.208008
v 0.131836 -0.438477 0.208008
v 0.125977 -0.428711 0.213867
v 0.125977 -0.430664 0.192383
v 0.125977 -0.428711 0.213867
v 0.125977 -0.428711 0.204102
v 0.125977 -0.430664 0.192383
v 0.131836 -0.438477 0.208008
v 0.124023 -0.426758 0.221680
v 0.125977 -0.428711 0.213867
v 0.131836 -0.438477 0.208008
v 0.131836 -0.440430 0.217773
v 0.124023 -0.426758 0.221680
v 0.131836 -0.440430 0.217773
v 0.127930 -0.434570 0.225586
v 0.124023 -0.426758 0.221680
v 0.116211 -0.434570 0.206055
v 0.125977 -0.426758 0.213867
v 0.122070 -0.420898 0.198242
v 0.125977 -0.426758 0.213867
v 0.118164 -0.409180 0.204102
v 0.122070 -0.420898 0.198242
v 0.125977 -0.426758 0.213867
v 0.122070 -0.418945 0.221680
v 0.118164 -0.409180 0.204102
v 0.122070 -0.418945 0.221680
v 0.118164 -0.411133 0.219727
v 0.118164 -0.409180 0.204102
v 0.118164 -0.411133 0.219727
v 0.114258 -0.405273 0.213867
v 0.118164 -0.409180 0.204102
v 0.016602 -0.395508 0.145508
v 0.016602 -0.409180 0.145508
v 0.016602 -0.395508 0.149414
v 0.016602 -0.409180 0.145508
v 0.002930 -0.395508 0.223633
v 0.016602 -0.395508 0.149414
v 0.016602 -0.409180 0.145508
v 0.002930 -0.409180 0.233398
v 0.002930 -0.395508 0.223633
v 0.002930 -0.409180 0.233398
v 0.002930 -0.395508 0.233398
v 0.002930 -0.395508 0.223633
v 0.002930 -0.395508 0.223633
v 0.004883 -0.348633 0.219727
v 0.016602 -0.395508 0.149414
v 0.004883 -0.348633 0.219727
v 0.016602 -0.348633 0.145508
v 0.016602 -0.395508 0.149414
v 0.004883 -0.348633 0.219727
v 0.016602 -0.336914 0.143555
v 0.016602 -0.348633 0.145508
v 0.004883 -0.348633 0.219727
v 0.002930 -0.334961 0.223633
v 0.016602 -0.336914 0.143555
v 0.016602 -0.336914 0.143555
v 0.016602 -0.348633 0.143555
v 0.016602 -0.348633 0.145508
v 0.004883 -0.348633 0.219727
v 0.002930 -0.348633 0.223633
v 0.002930 -0.334961 0.223633
v 0.118164 -0.448242 0.233398
v 0.118164 -0.448242 0.247070
v 0.114258 -0.442383 0.235352
v 0.118164 -0.448242 0.233398
v 0.120117 -0.452148 0.239258
v 0.118164 -0.448242 0.247070
v 0.118164 -0.448242 0.247070
v 0.114258 -0.438477 0.250977
v 0.114258 -0.442383 0.235352
v 0.118164 -0.448242 0.247070
v 0.112305 -0.436523 0.258789
v 0.114258 -0.438477 0.250977
v 0.118164 -0.448242 0.247070
v 0.118164 -0.446289 0.254883
v 0.112305 -0.436523 0.258789
v 0.118164 -0.446289 0.254883
v 0.114258 -0.442383 0.260742
v 0.112305 -0.436523 0.258789
v 0.112305 -0.434570 0.239258
v 0.108398 -0.424805 0.252930
v 0.108398 -0.424805 0.241211
v 0.108398 -0.424805 0.252930
v 0.106445 -0.420898 0.247070
v 0.108398 -0.424805 0.241211
v 0.112305 -0.434570 0.239258
v 0.110352 -0.430664 0.254883
v 0.108398 -0.424805 0.252930
v 0.112305 -0.434570 0.239258
v 0.114258 -0.436523 0.250977
v 0.110352 -0.430664 0.254883
v 0.112305 -0.434570 0.239258
v 0.108398 -0.444336 0.245117
v 0.114258 -0.436523 0.250977
v 0.124023 -0.192383 0.028320
v 0.124023 -0.204102 0.028320
v 0.118164 -0.192383 0.026367
v 0.124023 -0.204102 0.028320
v 0.063477 -0.192383 0.024414
v 0.118164 -0.192383 0.026367
v 0.124023 -0.204102 0.028320
v 0.055664 -0.204102 0.022461
v 0.063477 -0.192383 0.024414
v 0.055664 -0.204102 0.022461
v 0.055664 -0.192383 0.022461
v 0.063477 -0.192383 0.024414
v 0.063477 -0.192383 0.024414
v 0.067383 -0.145508 0.030273
v 0.118164 -0.192383 0.026367
v 0.067383 -0.145508 0.030273
v 0.118164 -0.145508 0.034180
v 0.118164 -0.192383 0.026367
v 0.067383 -0.145508 0.030273
v 0.065430 -0.135742 0.030273
v 0.118164 -0.145508 0.034180
v 0.065430 -0.135742 0.030273
v 0.120117 -0.135742 0.036133
v 0.118164 -0.145508 0.034180
v 0.120117 -0.135742 0.036133
v 0.120117 -0.145508 0.034180
v 0.118164 -0.145508 0.034180
v 0.067383 -0.145508 0.030273
v 0.065430 -0.145508 0.030273
v 0.065430 -0.135742 0.030273
v 0.030273 -0.249023 0.051758
v 0.014648 -0.170898 0.120117
v 0.026367 -0.170898 0.047852
v 0.030273 -0.249023 0.051758
v 0.032227 -0.249023 0.063477
v 0.014648 -0.170898 0.120117
v 0.032227 -0.249023 0.063477
v 0.024414 -0.249023 0.108398
v 0.014648 -0.170898 0.120117
v 0.024414 -0.249023 0.108398
v 0.018555 -0.249023 0.118164
v 0.014648 -0.170898 0.120117
v 0.030273 -0.249023 0.051758
v 0.045898 -0.249023 0.053711
v 0.032227 -0.249023 0.063477
v 0.045898 -0.249023 0.053711
v 0.043945 -0.249023 0.065430
v 0.032227 -0.249023 0.063477
v 0.024414 -0.249023 0.108398
v 0.032227 -0.249023 0.122070
v 0.018555 -0.249023 0.118164
v 0.024414 -0.249023 0.108398
v 0.036133 -0.249023 0.110352
v 0.032227 -0.249023 0.122070
v 0.014648 -0.217773 0.133789
v 0.014648 -0.229492 0.133789
v 0.012695 -0.217773 0.141602
v 0.014648 -0.229492 0.133789
v 0.004883 -0.231445 0.188477
v 0.012695 -0.217773 0.141602
v 0.004883 -0.231445 0.188477
v 0.004883 -0.217773 0.184570
v 0.012695 -0.217773 0.141602
v 0.004883 -0.231445 0.188477
v 0.004883 -0.217773 0.188477
v 0.004883 -0.217773 0.184570
v 0.004883 -0.217773 0.184570
v 0.010742 -0.176758 0.147461
v 0.012695 -0.217773 0.141602
v 0.004883 -0.217773 0.184570
v 0.002930 -0.176758 0.188477
v 0.010742 -0.176758 0.147461
v 0.002930 -0.176758 0.188477
v 0.010742 -0.166992 0.145508
v 0.010742 -0.176758 0.147461
v 0.010742 -0.166992 0.145508
v 0.010742 -0.176758 0.145508
v 0.010742 -0.176758 0.147461
v 0.002930 -0.176758 0.188477
v 0.002930 -0.166992 0.194336
v 0.010742 -0.166992 0.145508
v 0.002930 -0.176758 0.188477
v 0.002930 -0.176758 0.194336
v 0.002930 -0.166992 0.194336
v 0.170898 -0.495117 0.336914
v 0.194336 -0.495117 0.354492
v 0.143555 -0.495117 0.344727
v 0.194336 -0.495117 0.354492
v 0.135742 -0.495117 0.358398
v 0.143555 -0.495117 0.344727
v 0.194336 -0.495117 0.354492
v 0.188477 -0.495117 0.383789
v 0.135742 -0.495117 0.358398
v 0.188477 -0.495117 0.383789
v 0.143555 -0.495117 0.387695
v 0.135742 -0.495117 0.358398
v 0.188477 -0.495117 0.383789
v 0.166992 -0.495117 0.403320
v 0.143555 -0.495117 0.387695
v 0.112305 -0.444336 0.260742
v 0.114258 -0.448242 0.264648
v 0.104492 -0.438477 0.262695
v 0.114258 -0.448242 0.264648
v 0.108398 -0.440430 0.266602
v 0.104492 -0.438477 0.262695
v 0.114258 -0.448242 0.264648
v 0.108398 -0.452148 0.266602
v 0.108398 -0.440430 0.266602
v 0.108398 -0.452148 0.266602
v 0.108398 -0.446289 0.276367
v 0.108398 -0.440430 0.266602
v 0.108398 -0.446289 0.276367
v 0.104492 -0.440430 0.276367
v 0.108398 -0.440430 0.266602
v 0.104492 -0.440430 0.276367
v 0.104492 -0.436523 0.272461
v 0.108398 -0.440430 0.266602
v 0.104492 -0.436523 0.272461
v 0.110352 -0.442383 0.270508
v 0.108398 -0.440430 0.266602
v 0.106445 -0.444336 0.256836
v 0.102539 -0.448242 0.268555
v 0.102539 -0.440430 0.258789
v 0.106445 -0.444336 0.256836
v 0.106445 -0.448242 0.260742
v 0.102539 -0.448242 0.268555
v 0.102539 -0.448242 0.268555
v 0.098633 -0.442383 0.272461
v 0.102539 -0.440430 0.258789
v 0.098633 -0.442383 0.272461
v 0.100586 -0.440430 0.266602
v 0.102539 -0.440430 0.258789
v 0.102539 -0.448242 0.268555
v 0.096680 -0.442383 0.278320
v 0.098633 -0.442383 0.272461
v 0.102539 -0.448242 0.268555
v 0.100586 -0.450195 0.274414
v 0.096680 -0.442383 0.278320
v 0.100586 -0.450195 0.274414
v 0.098633 -0.448242 0.282227
v 0.096680 -0.442383 0.278320
v 0.094727 -0.446289 0.266602
v 0.098633 -0.440430 0.274414
v 0.100586 -0.434570 0.264648
v 0.098633 -0.440430 0.274414
v 0.094727 -0.430664 0.278320
v 0.100586 -0.434570 0.264648
v 0.098633 -0.440430 0.274414
v 0.094727 -0.436523 0.280273
v 0.094727 -0.430664 0.278320
v 0.094727 -0.430664 0.278320
v 0.096680 -0.426758 0.268555
v 0.100586 -0.434570 0.264648
v 0.094727 -0.430664 0.278320
v 0.092773 -0.426758 0.276367
v 0.096680 -0.426758 0.268555
v 0.106445 -0.440430 0.288086
v 0.106445 -0.442383 0.305664
v 0.106445 -0.440430 0.295898
v 0.106445 -0.440430 0.288086
v 0.110352 -0.450195 0.299805
v 0.106445 -0.442383 0.305664
v 0.106445 -0.440430 0.288086
v 0.108398 -0.446289 0.284180
v 0.110352 -0.450195 0.299805
v 0.108398 -0.446289 0.284180
v 0.110352 -0.452148 0.290039
v 0.110352 -0.450195 0.299805
v 0.110352 -0.450195 0.299805
v 0.106445 -0.442383 0.313477
v 0.106445 -0.442383 0.305664
v 0.110352 -0.450195 0.299805
v 0.110352 -0.452148 0.307617
v 0.106445 -0.442383 0.313477
v 0.110352 -0.452148 0.307617
v 0.108398 -0.448242 0.315430
v 0.106445 -0.442383 0.313477
v 0.098633 -0.444336 0.299805
v 0.106445 -0.440430 0.307617
v 0.104492 -0.432617 0.293945
v 0.106445 -0.440430 0.307617
v 0.104492 -0.424805 0.301758
v 0.104492 -0.432617 0.293945
v 0.106445 -0.440430 0.307617
v 0.106445 -0.434570 0.313477
v 0.104492 -0.424805 0.301758
v 0.106445 -0.434570 0.313477
v 0.104492 -0.428711 0.313477
v 0.104492 -0.424805 0.301758
v 0.104492 -0.428711 0.313477
v 0.102539 -0.422852 0.309570
v 0.104492 -0.424805 0.301758
v 0.002930 -0.485352 0.299805
v 0.018555 -0.489258 0.346680
v -0.020508 -0.489258 0.305664
v 0.002930 -0.485352 0.299805
v 0.032227 -0.489258 0.327148
v 0.018555 -0.489258 0.346680
v 0.002930 -0.485352 0.299805
v 0.026367 -0.489258 0.305664
v 0.032227 -0.489258 0.327148
v 0.018555 -0.489258 0.346680
v -0.004883 -0.489258 0.356445
v -0.020508 -0.489258 0.305664
v -0.004883 -0.489258 0.356445
v -0.032227 -0.489258 0.327148
v -0.020508 -0.489258 0.305664
v -0.004883 -0.489258 0.356445
v -0.026367 -0.489258 0.346680
v -0.032227 -0.489258 0.327148
v -0.174805 -0.415039 0.045898
v -0.188477 -0.399414 0.122070
v -0.188477 -0.413086 0.131836
v -0.174805 -0.415039 0.045898
v -0.174805 -0.401367 0.049805
v -0.188477 -0.399414 0.122070
v -0.174805 -0.415039 0.045898
v -0.174805 -0.401367 0.045898
v -0.174805 -0.401367 0.049805
v -0.188477 -0.399414 0.122070
v -0.188477 -0.399414 0.131836
v -0.188477 -0.413086 0.131836
v -0.174805 -0.401367 0.049805
v -0.188477 -0.352539 0.114258
v -0.188477 -0.399414 0.122070
v -0.174805 -0.401367 0.049805
v -0.176758 -0.354492 0.040039
v -0.188477 -0.352539 0.114258
v -0.176758 -0.354492 0.040039
v -0.174805 -0.342773 0.038086
v -0.188477 -0.352539 0.114258
v -0.174805 -0.342773 0.038086
v -0.188477 -0.340820 0.118164
v -0.188477 -0.352539 0.114258
v -0.188477 -0.340820 0.118164
v -0.188477 -0.352539 0.118164
v -0.188477 -0.352539 0.114258
v -0.237305 -0.493164 0.030273
v -0.237305 -0.493164 0.081055
v -0.270508 -0.493164 0.022461
v -0.237305 -0.493164 0.030273
v -0.225586 -0.493164 0.047852
v -0.237305 -0.493164 0.081055
v -0.237305 -0.493164 0.081055
v -0.297852 -0.493164 0.043945
v -0.270508 -0.493164 0.022461
v -0.237305 -0.493164 0.081055
v -0.293945 -0.493164 0.077148
v -0.297852 -0.493164 0.043945
v -0.237305 -0.493164 0.081055
v -0.268555 -0.493164 0.096680
v -0.293945 -0.493164 0.077148
v -0.188477 -0.258789 0.141602
v -0.180664 -0.249023 0.083008
v -0.188477 -0.247070 0.139648
v -0.188477 -0.258789 0.141602
v -0.178711 -0.260742 0.075195
v -0.180664 -0.249023 0.083008
v -0.178711 -0.260742 0.075195
v -0.180664 -0.249023 0.073242
v -0.180664 -0.249023 0.083008
v -0.180664 -0.249023 0.083008
v -0.192383 -0.200195 0.131836
v -0.188477 -0.247070 0.139648
v -0.180664 -0.249023 0.083008
v -0.186523 -0.200195 0.083008
v -0.192383 -0.200195 0.131836
v -0.186523 -0.200195 0.083008
v -0.192383 -0.188477 0.133789
v -0.192383 -0.200195 0.131836
v -0.186523 -0.200195 0.083008
v -0.184570 -0.190430 0.081055
v -0.192383 -0.188477 0.133789
v -0.186523 -0.200195 0.083008
v -0.184570 -0.200195 0.081055
v -0.184570 -0.190430 0.081055
v -0.192383 -0.188477 0.133789
v -0.192383 -0.200195 0.135742
v -0.192383 -0.200195 0.131836
v -0.071289 -0.133789 0.047852
v -0.071289 -0.133789 0.083008
v -0.083008 -0.133789 0.053711
v -0.071289 -0.133789 0.083008
v -0.083008 -0.133789 0.079102
v -0.083008 -0.133789 0.053711
v -0.083008 -0.133789 0.079102
v -0.088867 -0.133789 0.065430
v -0.083008 -0.133789 0.053711
v -0.071289 -0.133789 0.047852
v -0.057617 -0.133789 0.053711
v -0.071289 -0.133789 0.083008
v -0.057617 -0.133789 0.053711
v -0.053711 -0.133789 0.065430
v -0.071289 -0.133789 0.083008
v -0.053711 -0.133789 0.065430
v -0.057617 -0.133789 0.079102
v -0.071289 -0.133789 0.083008
v -0.188477 -0.108398 0.004883
v -0.188477 -0.106445 0.008789
v -0.209961 -0.102539 0.004883
v -0.188477 -0.106445 0.008789
v -0.190430 -0.106445 0.014648
v -0.209961 -0.102539 0.004883
v -0.190430 -0.106445 0.014648
v -0.211914 -0.104492 0.016602
v -0.209961 -0.102539 0.004883
v -0.190430 -0.106445 0.014648
v -0.190430 -0.110352 0.016602
v -0.211914 -0.104492 0.016602
v -0.211914 -0.104492 0.016602
v -0.213867 -0.106445 0.006836
v -0.209961 -0.102539 0.004883
v -0.211914 -0.104492 0.016602
v -0.215820 -0.108398 0.012695
v -0.213867 -0.106445 0.006836
v -0.114258 -0.008789 0.192383
v -0.114258 -0.008789 0.336914
v -0.166992 -0.008789 0.213867
v -0.114258 -0.008789 0.336914
v -0.186523 -0.008789 0.264648
v -0.166992 -0.008789 0.213867
v -0.114258 -0.008789 0.336914
v -0.166992 -0.008789 0.317383
v -0.186523 -0.008789 0.264648
v -0.114258 -0.008789 0.192383
v -0.063477 -0.008789 0.213867
v -0.114258 -0.008789 0.336914
v -0.063477 -0.008789 0.213867
v -0.041992 -0.008789 0.264648
v -0.114258 -0.008789 0.336914
v -0.041992 -0.008789 0.264648
v -0.063477 -0.008789 0.317383
v -0.114258 -0.008789 0.336914
v -0.108398 -0.008789 0.206055
v -0.159180 -0.008789 0.227539
v -0.129883 -0.008789 0.198242
v -0.159180 -0.008789 0.227539
v -0.151367 -0.008789 0.206055
v -0.129883 -0.008789 0.198242
v -0.108398 -0.008789 0.206055
v -0.100586 -0.008789 0.227539
v -0.159180 -0.008789 0.227539
v -0.100586 -0.008789 0.227539
v -0.151367 -0.008789 0.249023
v -0.159180 -0.008789 0.227539
v -0.100586 -0.008789 0.227539
v -0.129883 -0.008789 0.256836
v -0.151367 -0.008789 0.249023
v -0.100586 -0.008789 0.227539
v -0.108398 -0.008789 0.249023
v -0.129883 -0.008789 0.256836
v -0.147461 -0.467773 0.360352
v -0.151367 -0.483398 0.370117
v -0.163086 -0.475586 0.362305
v -0.151367 -0.483398 0.370117
v -0.163086 -0.485352 0.372070
v -0.163086 -0.475586 0.362305
v -0.151367 -0.483398 0.370117
v -0.151367 -0.499023 0.377930
v -0.163086 -0.485352 0.372070
v -0.151367 -0.499023 0.377930
v -0.161133 -0.499023 0.377930
v -0.163086 -0.485352 0.372070
v -0.151367 -0.499023 0.377930
v -0.155273 -0.499023 0.381836
v -0.161133 -0.499023 0.377930
v -0.155273 -0.499023 0.381836
v -0.161133 -0.499023 0.377930
v -0.161133 -0.499023 0.385742
v -0.161133 -0.499023 0.377930
v -0.163086 -0.487305 0.375977
v -0.161133 -0.499023 0.385742
v -0.163086 -0.487305 0.375977
v -0.161133 -0.485352 0.391602
v -0.161133 -0.499023 0.385742
v -0.163086 -0.487305 0.375977
v -0.165039 -0.473633 0.389648
v -0.161133 -0.485352 0.391602
v -0.163086 -0.487305 0.375977
v -0.168945 -0.473633 0.377930
v -0.165039 -0.473633 0.389648
v -0.168945 -0.473633 0.377930
v -0.174805 -0.461914 0.385742
v -0.165039 -0.473633 0.389648
v -0.282227 -0.493164 0.301758
v -0.301758 -0.493164 0.317383
v -0.297852 -0.493164 0.307617
v -0.282227 -0.493164 0.301758
v -0.295898 -0.493164 0.333008
v -0.301758 -0.493164 0.317383
v -0.282227 -0.493164 0.301758
v -0.282227 -0.493164 0.338867
v -0.295898 -0.493164 0.333008
v -0.282227 -0.493164 0.301758
v -0.268555 -0.493164 0.333008
v -0.282227 -0.493164 0.338867
v -0.282227 -0.493164 0.301758
v -0.262695 -0.493164 0.317383
v -0.268555 -0.493164 0.333008
v -0.282227 -0.493164 0.301758
v -0.266602 -0.493164 0.307617
v -0.262695 -0.493164 0.317383
v -0.161133 0.301758 0.168945
v -0.159180 0.295898 0.174805
v -0.163086 0.315430 0.163086
v -0.159180 0.295898 0.174805
v -0.161133 0.299805 0.166992
v -0.163086 0.315430 0.163086
v -0.161133 0.301758 0.168945
v -0.159180 0.295898 0.176758
v -0.159180 0.295898 0.174805
v -0.161133 0.299805 0.166992
v -0.163086 0.336914 0.159180
v -0.163086 0.315430 0.163086
v -0.161133 0.299805 0.166992
v -0.163086 0.315430 0.161133
v -0.163086 0.336914 0.159180
v -0.163086 0.315430 0.161133
v -0.163086 0.336914 0.155273
v -0.163086 0.336914 0.159180
v -0.153320 0.293945 0.211914
v -0.155273 0.307617 0.204102
v -0.151367 0.270508 0.219727
v -0.155273 0.307617 0.204102
v -0.153320 0.293945 0.213867
v -0.151367 0.270508 0.219727
v -0.153320 0.293945 0.213867
v -0.149414 0.256836 0.227539
v -0.151367 0.270508 0.219727
v -0.153320 0.293945 0.213867
v -0.151367 0.272461 0.221680
v -0.149414 0.256836 0.227539
v -0.153320 0.293945 0.211914
v -0.157227 0.299805 0.194336
v -0.155273 0.307617 0.204102
v -0.153320 0.293945 0.211914
v -0.155273 0.305664 0.204102
v -0.157227 0.299805 0.194336
v -0.151367 0.272461 0.221680
v -0.147461 0.250977 0.241211
v -0.149414 0.256836 0.227539
v -0.151367 0.272461 0.221680
v -0.149414 0.258789 0.229492
v -0.147461 0.250977 0.241211
v -0.149414 0.258789 0.229492
v -0.145508 0.252930 0.254883
v -0.147461 0.250977 0.241211
v -0.149414 0.258789 0.229492
v -0.147461 0.252930 0.241211
v -0.145508 0.252930 0.254883
v -0.147461 0.252930 0.241211
v -0.143555 0.266602 0.266602
v -0.145508 0.252930 0.254883
v -0.147461 0.252930 0.241211
v -0.145508 0.254883 0.252930
v -0.143555 0.266602 0.266602
v -0.145508 0.254883 0.252930
v -0.141602 0.290039 0.274414
v -0.143555 0.266602 0.266602
v -0.145508 0.254883 0.252930
v -0.143555 0.266602 0.264648
v -0.141602 0.290039 0.274414
v -0.143555 0.266602 0.264648
v -0.141602 0.342773 0.280273
v -0.141602 0.290039 0.274414
v -0.143555 0.266602 0.264648
v -0.141602 0.291992 0.272461
v -0.141602 0.342773 0.280273
v -0.141602 0.291992 0.272461
v -0.141602 0.342773 0.278320
v -0.141602 0.342773 0.280273
v -0.161133 0.463867 0.241211
v -0.161133 0.477539 0.254883
v -0.161133 0.458008 0.254883
v -0.161133 0.477539 0.254883
v -0.161133 0.471680 0.270508
v -0.161133 0.458008 0.254883
v -0.161133 0.463867 0.241211
v -0.161133 0.487305 0.241211
v -0.161133 0.477539 0.254883
v -0.161133 0.463867 0.241211
v -0.161133 0.487305 0.225586
v -0.161133 0.487305 0.241211
v -0.161133 0.463867 0.241211
v -0.161133 0.458008 0.225586
v -0.161133 0.487305 0.225586
vt 0.137182 0.062267
vt 0.150020 0.014951
vt 0.090965 0.016069
vt 0.031311 0.067655
vt 0.137182 0.062267
vt 0.090965 0.016069
vt 0.137182 0.062267
vt 0.215245 0.002352
vt 0.150020 0.014951
vt 0.215245 0.002352
vt 0.137182 0.062267
vt 0.310470 0.028309
vt 0.974510 0.719614
vt 0.984333 0.722537
vt 0.984326 0.719614
vt 0.974510 0.724744
vt 0.974510 0.727676
vt 0.984330 0.727676
vt 0.984330 0.727676
vt 0.984331 0.724744
vt 0.974510 0.724744
vt 0.984333 0.722537
vt 0.974510 0.719614
vt 0.974517 0.722537
vt 0.160511 0.977868
vt 0.160511 0.986742
vt 0.163459 0.980482
vt 0.495927 0.977869
vt 0.493888 0.980800
vt 0.495927 0.986291
vt 0.957732 0.900804
vt 0.959108 0.907890
vt 0.962227 0.907319
vt 0.985297 0.321426
vt 0.974510 0.318494
vt 0.974512 0.321426
vt 0.163784 0.985030
vt 0.163459 0.980482
vt 0.160511 0.986742
vt 0.983765 0.909644
vt 0.976900 0.906693
vt 0.974510 0.909644
vt 0.974510 0.318494
vt 0.985297 0.321426
vt 0.985295 0.318494
vt 0.974511 0.313356
vt 0.974510 0.316287
vt 0.985301 0.316287
vt 0.974510 0.773081
vt 0.984228 0.776004
vt 0.984199 0.773081
vt 0.985301 0.316287
vt 0.985303 0.313356
vt 0.974511 0.313356
vt 0.974510 0.953394
vt 0.976157 0.956029
vt 0.981101 0.956337
vt 0.072062 0.986987
vt 0.074816 0.979774
vt 0.072062 0.977869
vt 0.974510 0.953394
vt 0.981101 0.956337
vt 0.983167 0.953394
vt 0.984228 0.776004
vt 0.974510 0.773081
vt 0.974539 0.776004
vt 0.956702 0.508001
vt 0.957190 0.497264
vt 0.951260 0.496990
vt 0.951260 0.496990
vt 0.950684 0.509679
vt 0.956702 0.508001
vt 0.836281 0.732166
vt 0.830468 0.719440
vt 0.830468 0.732108
vt 0.074816 0.979774
vt 0.072062 0.986987
vt 0.074816 0.985245
vt 0.983540 0.959729
vt 0.983167 0.953394
vt 0.981101 0.956337
vt 0.985253 0.290428
vt 0.974510 0.290428
vt 0.974532 0.295277
vt 0.974532 0.295277
vt 0.985275 0.295277
vt 0.985253 0.290428
vt 0.984328 0.732812
vt 0.984331 0.729883
vt 0.974513 0.729883
vt 0.974513 0.729883
vt 0.974510 0.732812
vt 0.984328 0.732812
vt 0.864829 0.963907
vt 0.863225 0.957646
vt 0.859501 0.957930
vt 0.957190 0.513860
vt 0.956702 0.508001
vt 0.950684 0.509679
vt 0.083499 0.986931
vt 0.086456 0.985149
vt 0.083499 0.977869
vt 0.007784 0.978429
vt 0.013226 0.986926
vt 0.013226 0.977869
vt 0.830468 0.719440
vt 0.836281 0.732166
vt 0.836281 0.719498
vt 0.458851 0.982077
vt 0.454537 0.977868
vt 0.455472 0.981134
vt 0.458851 0.982077
vt 0.455472 0.981134
vt 0.454537 0.985307
vt 0.454537 0.985307
vt 0.457916 0.986250
vt 0.458851 0.982077
vt 0.928157 0.101954
vt 0.925166 0.101321
vt 0.925166 0.125946
vt 0.929093 0.125571
vt 0.931105 0.103028
vt 0.928157 0.101954
vt 0.925166 0.125946
vt 0.929093 0.125571
vt 0.928157 0.101954
vt 0.921995 0.520752
vt 0.926962 0.545766
vt 0.926962 0.521140
vt 0.984195 0.763846
vt 0.974510 0.763846
vt 0.981888 0.767696
vt 0.929093 0.125571
vt 0.932000 0.125674
vt 0.931105 0.103028
vt 0.708849 0.286326
vt 0.708849 0.308987
vt 0.712851 0.308524
vt 0.712851 0.308524
vt 0.713694 0.286958
vt 0.708849 0.286326
vt 0.965586 0.347611
vt 0.965586 0.335010
vt 0.962095 0.342550
vt 0.991568 0.654447
vt 0.988056 0.658745
vt 0.994074 0.658745
vt 0.339215 0.352970
vt 0.337111 0.346923
vt 0.337111 0.361045
vt 0.110252 0.947830
vt 0.107884 0.940295
vt 0.108088 0.947629
vt 0.108088 0.947629
vt 0.112512 0.955391
vt 0.110252 0.947830
vt 0.946796 0.850298
vt 0.945882 0.861737
vt 0.948793 0.858463
vt 0.980323 0.255517
vt 0.985475 0.252549
vt 0.974510 0.252549
vt 0.672770 0.311576
vt 0.672043 0.325780
vt 0.681788 0.325769
vt 0.189076 0.584285
vt 0.189074 0.594056
vt 0.197815 0.593066
vt 0.681197 0.248993
vt 0.672770 0.311576
vt 0.681788 0.325769
vt 0.189076 0.584285
vt 0.197815 0.593066
vt 0.239125 0.584003
vt 0.137182 0.062267
vt 0.031311 0.067655
vt 0.044439 0.209091
vt 0.137182 0.062267
vt 0.186475 0.130478
vt 0.293256 0.091601
vt 0.044439 0.209091
vt 0.186475 0.130478
vt 0.137182 0.062267
vt 0.293256 0.091601
vt 0.310470 0.028309
vt 0.137182 0.062267
vt 0.764072 0.621730
vt 0.764072 0.607190
vt 0.755845 0.624692
vt 0.500198 0.476304
vt 0.501094 0.487057
vt 0.508822 0.477310
vt 0.661781 0.249144
vt 0.662124 0.311716
vt 0.672770 0.311576
vt 0.756095 0.611099
vt 0.755845 0.624692
vt 0.764072 0.607190
vt 0.672770 0.311576
vt 0.681197 0.248993
vt 0.661781 0.249144
vt 0.508761 0.486104
vt 0.508822 0.477310
vt 0.501094 0.487057
vt 0.500198 0.535690
vt 0.508761 0.486104
vt 0.501094 0.487057
vt 0.661781 0.249144
vt 0.613355 0.325466
vt 0.662124 0.311716
vt 0.732166 0.830029
vt 0.718931 0.820524
vt 0.718931 0.831243
vt 0.832923 0.661852
vt 0.822762 0.665359
vt 0.832923 0.709096
vt 0.239120 0.604522
vt 0.239125 0.584003
vt 0.197815 0.593066
vt 0.359128 0.342573
vt 0.364404 0.339608
vt 0.359128 0.294901
vt 0.718931 0.820524
vt 0.732166 0.830029
vt 0.732166 0.821259
vt 0.718931 0.820524
vt 0.732166 0.821259
vt 0.720468 0.770924
vt 0.822762 0.665359
vt 0.772758 0.670289
vt 0.764972 0.740562
vt 0.764972 0.740562
vt 0.832923 0.709096
vt 0.822762 0.665359
vt 0.108398 0.977990
vt 0.104427 0.986716
vt 0.108398 0.986838
vt 0.895056 0.398311
vt 0.891831 0.400727
vt 0.895056 0.429896
vt 0.104427 0.986716
vt 0.108398 0.977990
vt 0.104427 0.977869
vt 0.169484 0.986718
vt 0.169484 0.977869
vt 0.165991 0.982189
vt 0.908490 0.535977
vt 0.904004 0.539615
vt 0.908490 0.564238
vt 0.238458 0.838870
vt 0.236698 0.867034
vt 0.238458 0.868188
vt 0.988056 0.930110
vt 0.988910 0.931197
vt 0.993649 0.930110
vt 0.804426 0.941813
vt 0.801395 0.957190
vt 0.806054 0.957190
vt 0.955510 0.619643
vt 0.951377 0.619643
vt 0.951525 0.636447
vt 0.520577 0.896899
vt 0.507838 0.907965
vt 0.520577 0.921925
vt 0.714470 0.917667
vt 0.716154 0.919858
vt 0.720284 0.918429
vt 0.714470 0.940397
vt 0.716154 0.919858
vt 0.714470 0.917667
vt 0.720284 0.918429
vt 0.720411 0.917460
vt 0.714470 0.917667
vt 0.994136 0.630187
vt 0.988195 0.630187
vt 0.993997 0.634158
vt 0.937038 0.542583
vt 0.933038 0.542101
vt 0.933038 0.565917
vt 0.933038 0.565917
vt 0.936917 0.565436
vt 0.937038 0.542583
vt 0.714470 0.940397
vt 0.715693 0.938586
vt 0.716154 0.919858
vt 0.988195 0.630187
vt 0.988056 0.634158
vt 0.993997 0.634158
vt 0.003798 0.001799
vt 0.003425 0.008921
vt 0.086510 0.010076
vt 0.403578 0.076551
vt 0.333114 0.043370
vt 0.329228 0.050217
vt 0.003798 0.001799
vt 0.086510 0.010076
vt 0.086882 0.002953
vt 0.340241 0.612714
vt 0.257216 0.609606
vt 0.260609 0.688505
vt 0.403577 0.085346
vt 0.403578 0.076551
vt 0.329228 0.050217
vt 0.260609 0.688505
vt 0.344252 0.688505
vt 0.340241 0.612714
vt 0.620283 0.460582
vt 0.612242 0.469470
vt 0.617007 0.543864
vt 0.549091 0.457090
vt 0.612242 0.469470
vt 0.620283 0.460582
vt 0.617007 0.543864
vt 0.623013 0.543588
vt 0.620283 0.460582
vt 0.613355 0.325466
vt 0.661781 0.249144
vt 0.615891 0.251008
vt 0.612242 0.469470
vt 0.549091 0.457090
vt 0.547670 0.468730
vt 0.621333 0.352649
vt 0.621333 0.328907
vt 0.615394 0.328663
vt 0.615394 0.328663
vt 0.615394 0.352404
vt 0.621333 0.352649
vt 0.974510 0.287897
vt 0.985337 0.288221
vt 0.974510 0.285871
vt 0.391272 0.972303
vt 0.391272 0.960376
vt 0.380475 0.960243
vt 0.380482 0.972255
vt 0.391272 0.972303
vt 0.380475 0.960243
vt 0.974510 0.285871
vt 0.985337 0.288221
vt 0.985337 0.284169
vt 0.965586 0.024209
vt 0.961228 0.023914
vt 0.965586 0.036944
vt 0.961228 0.023914
vt 0.962131 0.036275
vt 0.965586 0.036944
vt 0.222129 0.902372
vt 0.207989 0.900472
vt 0.216394 0.911685
vt 0.222129 0.902372
vt 0.216394 0.911685
vt 0.222711 0.918370
vt 0.222711 0.918370
vt 0.231741 0.912029
vt 0.222129 0.902372
vt 0.951363 0.716380
vt 0.951363 0.727128
vt 0.957190 0.727118
vt 0.957190 0.727118
vt 0.957190 0.714415
vt 0.951363 0.716380
vt 0.839640 0.836281
vt 0.834796 0.823565
vt 0.834796 0.836233
vt 0.957732 0.911834
vt 0.962227 0.907319
vt 0.959108 0.907890
vt 0.985253 0.297484
vt 0.974510 0.297484
vt 0.974532 0.302332
vt 0.974532 0.302332
vt 0.985275 0.302332
vt 0.985253 0.297484
vt 0.984207 0.791569
vt 0.984220 0.788639
vt 0.974523 0.788639
vt 0.974523 0.788639
vt 0.974510 0.791569
vt 0.984207 0.791569
vt 0.962227 0.907319
vt 0.957732 0.911834
vt 0.959476 0.915207
vt 0.951472 0.710532
vt 0.951363 0.716380
vt 0.957190 0.714415
vt 0.466330 0.986307
vt 0.469183 0.984362
vt 0.466330 0.977868
vt 0.173673 0.978227
vt 0.178218 0.986272
vt 0.178218 0.977869
vt 0.834796 0.823565
vt 0.839640 0.836281
vt 0.839640 0.823613
vt 0.922979 0.981170
vt 0.918914 0.977869
vt 0.919415 0.981324
vt 0.922979 0.981170
vt 0.919415 0.981324
vt 0.918914 0.984708
vt 0.918914 0.984708
vt 0.922353 0.985401
vt 0.922979 0.981170
vt 0.925655 0.745230
vt 0.922664 0.744595
vt 0.922664 0.769110
vt 0.926591 0.768737
vt 0.928642 0.747275
vt 0.925655 0.745230
vt 0.922664 0.769110
vt 0.926591 0.768737
vt 0.925655 0.745230
vt 0.178218 0.986272
vt 0.173673 0.978227
vt 0.174582 0.986559
vt 0.926962 0.903724
vt 0.923066 0.904035
vt 0.926962 0.928252
vt 0.859791 0.943755
vt 0.858818 0.922085
vt 0.854925 0.921731
vt 0.391139 0.601182
vt 0.394631 0.600711
vt 0.391139 0.582872
vt 0.854925 0.921731
vt 0.854925 0.943314
vt 0.859791 0.943755
vt 0.983765 0.909644
vt 0.982093 0.906304
vt 0.976900 0.906693
vt 0.956994 0.567669
vt 0.951182 0.567746
vt 0.957189 0.580370
vt 0.951347 0.578493
vt 0.957189 0.580370
vt 0.951182 0.567746
vt 0.957189 0.580370
vt 0.951347 0.578493
vt 0.951182 0.584389
vt 0.171691 0.985178
vt 0.174582 0.986559
vt 0.173673 0.978227
vt 0.990746 0.887434
vt 0.993681 0.885305
vt 0.988056 0.885305
vt 0.930321 0.484095
vt 0.927371 0.485204
vt 0.930321 0.508719
vt 0.922092 0.928642
vt 0.926962 0.928252
vt 0.923066 0.904035
vt 0.927371 0.485204
vt 0.924342 0.486767
vt 0.923486 0.508449
vt 0.927371 0.485204
vt 0.923486 0.508449
vt 0.926435 0.508822
vt 0.927371 0.485204
vt 0.926435 0.508822
vt 0.930321 0.508719
vt 0.186346 0.985688
vt 0.183349 0.984621
vt 0.180425 0.986588
vt 0.186346 0.978906
vt 0.183349 0.984621
vt 0.186346 0.985688
vt 0.988056 0.471740
vt 0.993317 0.474148
vt 0.994579 0.471740
vt 0.988057 0.256223
vt 0.988056 0.261108
vt 0.994897 0.261108
vt 0.531871 0.966497
vt 0.531433 0.972298
vt 0.537370 0.972303
vt 0.994897 0.261108
vt 0.993921 0.255246
vt 0.988057 0.256223
vt 0.537370 0.972303
vt 0.536726 0.966488
vt 0.531871 0.966497
vt 0.183349 0.984621
vt 0.186346 0.978906
vt 0.183349 0.979777
vt 0.991793 0.862616
vt 0.988056 0.864533
vt 0.993784 0.864533
vt 0.677869 0.414465
vt 0.677693 0.408425
vt 0.676144 0.410245
vt 0.989230 0.449593
vt 0.988056 0.451432
vt 0.994683 0.451432
vt 0.677693 0.408425
vt 0.677869 0.414465
vt 0.680108 0.414333
vt 0.994897 0.247181
vt 0.988056 0.247181
vt 0.993920 0.253039
vt 0.531433 0.960572
vt 0.536726 0.966488
vt 0.537370 0.960577
vt 0.180425 0.977868
vt 0.183349 0.979777
vt 0.186346 0.978906
vt 0.988056 0.602405
vt 0.989069 0.604321
vt 0.994280 0.602405
vt 0.238074 0.972303
vt 0.233614 0.966386
vt 0.233230 0.972293
vt 0.680108 0.414333
vt 0.677869 0.414465
vt 0.676144 0.418123
vt 0.677521 0.419820
vt 0.680108 0.414333
vt 0.676144 0.418123
vt 0.233230 0.960568
vt 0.233614 0.966386
vt 0.238074 0.960577
vt 0.988056 0.252062
vt 0.993920 0.253039
vt 0.988056 0.247181
vt 0.233614 0.966386
vt 0.238074 0.972303
vt 0.238458 0.966395
vt 0.238458 0.966395
vt 0.238074 0.960577
vt 0.233614 0.966386
vt 0.246587 0.970845
vt 0.244145 0.968306
vt 0.246053 0.973982
vt 0.246587 0.970845
vt 0.246053 0.973982
vt 0.251892 0.972883
vt 0.251892 0.972883
vt 0.250517 0.970081
vt 0.246587 0.970845
vt 0.244145 0.968306
vt 0.245342 0.964139
vt 0.242124 0.968735
vt 0.242124 0.968735
vt 0.246053 0.973982
vt 0.244145 0.968306
vt 0.243920 0.962485
vt 0.242124 0.968735
vt 0.245342 0.964139
vt 0.249272 0.963374
vt 0.243920 0.962485
vt 0.245342 0.964139
vt 0.926962 0.545766
vt 0.921995 0.520752
vt 0.922965 0.545262
vt 0.670958 0.185903
vt 0.661781 0.249144
vt 0.681197 0.248993
vt 0.681788 0.173296
vt 0.670958 0.185903
vt 0.681197 0.248993
vt 0.988065 0.322128
vt 0.988056 0.327014
vt 0.994854 0.327014
vt 0.918734 0.322128
vt 0.918734 0.347458
vt 0.923604 0.347611
vt 0.994854 0.327014
vt 0.994863 0.322128
vt 0.988065 0.322128
vt 0.923604 0.347611
vt 0.923604 0.322281
vt 0.918734 0.322128
vt 0.918115 0.769086
vt 0.918222 0.772015
vt 0.920245 0.773897
vt 0.920245 0.773897
vt 0.918222 0.772015
vt 0.913416 0.774148
vt 0.920245 0.748471
vt 0.918115 0.769086
vt 0.920245 0.773897
vt 0.467292 0.507114
vt 0.470198 0.507142
vt 0.467292 0.477879
vt 0.906811 0.233420
vt 0.906811 0.204074
vt 0.902174 0.204080
vt 0.902174 0.204080
vt 0.901955 0.233392
vt 0.906811 0.233420
vt 0.466581 0.248529
vt 0.468519 0.248533
vt 0.468519 0.218242
vt 0.918330 0.749519
vt 0.916163 0.769157
vt 0.918115 0.769086
vt 0.470198 0.476934
vt 0.467292 0.477879
vt 0.470198 0.507142
vt 0.468519 0.218242
vt 0.466581 0.218238
vt 0.466581 0.248529
vt 0.920245 0.748471
vt 0.918330 0.749519
vt 0.918115 0.769086
vt 0.964797 0.550026
vt 0.965430 0.555842
vt 0.970285 0.555842
vt 0.994896 0.243997
vt 0.994897 0.239112
vt 0.988056 0.239112
vt 0.970285 0.555842
vt 0.970624 0.550026
vt 0.964797 0.550026
vt 0.988056 0.239112
vt 0.989033 0.244974
vt 0.994896 0.243997
vt 0.735560 0.829866
vt 0.741384 0.832923
vt 0.735560 0.823078
vt 0.970624 0.550026
vt 0.970306 0.544116
vt 0.965451 0.544116
vt 0.965451 0.544116
vt 0.964797 0.550026
vt 0.970624 0.550026
vt 0.989034 0.231047
vt 0.994897 0.236905
vt 0.994897 0.232023
vt 0.212680 0.994198
vt 0.212680 0.989303
vt 0.210292 0.989478
vt 0.741384 0.832923
vt 0.747279 0.829919
vt 0.741455 0.820074
vt 0.741455 0.820074
vt 0.735560 0.823078
vt 0.741384 0.832923
vt 0.994897 0.236905
vt 0.989034 0.231047
vt 0.988056 0.236905
vt 0.747279 0.829919
vt 0.747279 0.823131
vt 0.741455 0.820074
vt 0.913528 0.170913
vt 0.894714 0.171321
vt 0.893746 0.201514
vt 0.893746 0.201514
vt 0.913528 0.201147
vt 0.913528 0.170913
vt 0.616318 0.176993
vt 0.615891 0.251008
vt 0.661781 0.249144
vt 0.661781 0.249144
vt 0.670958 0.185903
vt 0.659247 0.187855
vt 0.661781 0.249144
vt 0.659247 0.187855
vt 0.616318 0.176993
vt 0.916698 0.439971
vt 0.918722 0.438090
vt 0.918852 0.435153
vt 0.923568 0.439247
vt 0.918722 0.438090
vt 0.916698 0.439971
vt 0.916698 0.439971
vt 0.918852 0.435153
vt 0.916698 0.414530
vt 0.988056 0.207820
vt 0.988059 0.212706
vt 0.994963 0.207820
vt 0.925283 0.031716
vt 0.920423 0.056756
vt 0.925283 0.057096
vt 0.918722 0.438090
vt 0.923568 0.439247
vt 0.923604 0.438270
vt 0.918852 0.435153
vt 0.920805 0.435225
vt 0.918579 0.416555
vt 0.918852 0.435153
vt 0.918579 0.416555
vt 0.916698 0.414530
vt 0.994966 0.212706
vt 0.994963 0.207820
vt 0.988059 0.212706
vt 0.918417 0.607923
vt 0.918417 0.632373
vt 0.925283 0.633088
vt 0.920423 0.056756
vt 0.925283 0.031716
vt 0.921318 0.032410
vt 0.925283 0.633088
vt 0.925283 0.608639
vt 0.918417 0.607923
vt 0.531433 0.960572
vt 0.531871 0.966497
vt 0.536726 0.966488
vt 0.993050 0.645326
vt 0.994188 0.642833
vt 0.990691 0.642833
vt 0.990691 0.642833
vt 0.988056 0.644811
vt 0.993050 0.645326
vt 0.730487 0.741736
vt 0.725226 0.741736
vt 0.725754 0.756273
vt 0.725754 0.756273
vt 0.728290 0.757355
vt 0.730487 0.741736
vt 0.974510 0.574973
vt 0.984431 0.574295
vt 0.984493 0.571216
vt 0.984493 0.571216
vt 0.974510 0.570921
vt 0.974510 0.574973
vt 0.065492 0.453604
vt 0.062940 0.455024
vt 0.065492 0.468137
vt 0.819488 0.951001
vt 0.809715 0.949050
vt 0.809715 0.961999
vt 0.062940 0.455024
vt 0.063295 0.468519
vt 0.065492 0.468137
vt 0.809715 0.961999
vt 0.819489 0.963907
vt 0.819488 0.951001
vt 0.463122 0.491908
vt 0.463481 0.478031
vt 0.459115 0.478031
vt 0.460896 0.492029
vt 0.463122 0.491908
vt 0.459115 0.478031
vt 0.993670 0.850623
vt 0.988056 0.850623
vt 0.990563 0.854978
vt 0.804375 0.099654
vt 0.799114 0.099654
vt 0.799642 0.114191
vt 0.311953 0.993864
vt 0.315349 0.993029
vt 0.311953 0.989303
vt 0.799642 0.114191
vt 0.802726 0.114011
vt 0.804375 0.099654
vt 0.817809 0.322794
vt 0.812072 0.322738
vt 0.817809 0.335856
vt 0.598235 0.985855
vt 0.601315 0.985916
vt 0.599687 0.977869
vt 0.598235 0.985855
vt 0.599687 0.977869
vt 0.595715 0.977992
vt 0.878263 0.579497
vt 0.870318 0.578361
vt 0.870318 0.591650
vt 0.878263 0.579497
vt 0.870318 0.591650
vt 0.878263 0.592786
vt 0.812579 0.335775
vt 0.817809 0.335856
vt 0.812072 0.322738
vt 0.601315 0.985916
vt 0.601713 0.977869
vt 0.599687 0.977869
vt 0.289125 0.476570
vt 0.288237 0.462157
vt 0.286055 0.462220
vt 0.292195 0.476915
vt 0.292195 0.462911
vt 0.288237 0.462157
vt 0.288237 0.462157
vt 0.289125 0.476570
vt 0.292195 0.476915
vt 0.962629 0.325848
vt 0.965586 0.317845
vt 0.962621 0.317970
vt 0.965586 0.317845
vt 0.962629 0.325848
vt 0.963606 0.325847
vt 0.167555 0.008921
vt 0.086882 0.002953
vt 0.086510 0.010076
vt 0.623013 0.543588
vt 0.617007 0.543864
vt 0.610918 0.617941
vt 0.623013 0.543588
vt 0.610918 0.617941
vt 0.618034 0.624692
vt 0.177699 0.686366
vt 0.260609 0.688505
vt 0.257216 0.609606
vt 0.167555 0.008921
vt 0.167928 0.001799
vt 0.086882 0.002953
vt 0.257216 0.609606
vt 0.176091 0.614268
vt 0.177699 0.686366
vt 0.740562 0.928114
vt 0.725872 0.928133
vt 0.725120 0.937244
vt 0.738985 0.916175
vt 0.725872 0.928133
vt 0.740562 0.928114
vt 0.725120 0.937244
vt 0.738985 0.940397
vt 0.740562 0.928114
vt 0.495105 0.993387
vt 0.495105 0.989303
vt 0.492203 0.989844
vt 0.457714 0.990108
vt 0.455057 0.989303
vt 0.455057 0.993435
vt 0.492203 0.989844
vt 0.491204 0.992200
vt 0.495105 0.993387
vt 0.455057 0.993435
vt 0.459084 0.992047
vt 0.457714 0.990108
vt 0.938725 0.274297
vt 0.948793 0.275904
vt 0.946746 0.267637
vt 0.946746 0.267637
vt 0.937780 0.271556
vt 0.938725 0.274297
vt 0.781666 0.510492
vt 0.794299 0.511393
vt 0.788653 0.503269
vt 0.725872 0.928133
vt 0.738985 0.916175
vt 0.725120 0.918835
vt 0.427171 0.989303
vt 0.427171 0.993580
vt 0.429719 0.992566
vt 0.354248 0.992482
vt 0.356905 0.993752
vt 0.356905 0.989303
vt 0.309746 0.993831
vt 0.309746 0.989303
vt 0.307533 0.992824
vt 0.682159 0.991610
vt 0.679675 0.989303
vt 0.679675 0.993163
vt 0.463879 0.982093
vt 0.461058 0.982858
vt 0.461058 0.986134
vt 0.461926 0.977869
vt 0.461058 0.982858
vt 0.463879 0.982093
vt 0.461058 0.986134
vt 0.464123 0.986307
vt 0.463879 0.982093
vt 0.199670 0.982763
vt 0.201646 0.986664
vt 0.202601 0.982763
vt 0.199670 0.982763
vt 0.202601 0.982763
vt 0.203578 0.979832
vt 0.199670 0.982763
vt 0.203578 0.979832
vt 0.201646 0.977869
vt 0.980226 0.899545
vt 0.974510 0.895787
vt 0.975863 0.899064
vt 0.988056 0.922231
vt 0.993611 0.922231
vt 0.991927 0.920062
vt 0.962621 0.330818
vt 0.965586 0.330694
vt 0.963606 0.325847
vt 0.963606 0.325847
vt 0.962629 0.325848
vt 0.962621 0.330818
vt 0.314272 0.923277
vt 0.323649 0.933727
vt 0.323634 0.917946
vt 0.207989 0.900472
vt 0.208525 0.910867
vt 0.216394 0.911685
vt 0.329718 0.924850
vt 0.323634 0.917946
vt 0.323649 0.933727
vt 0.337535 0.937038
vt 0.329718 0.924850
vt 0.323649 0.933727
vt 0.210878 0.922363
vt 0.216394 0.911685
vt 0.208525 0.910867
vt 0.207989 0.922134
vt 0.210878 0.922363
vt 0.208525 0.910867
vt 0.329718 0.924850
vt 0.333928 0.913008
vt 0.323634 0.917946
vt 0.216394 0.911685
vt 0.210878 0.922363
vt 0.212389 0.924219
vt 0.216394 0.911685
vt 0.212389 0.924219
vt 0.222711 0.918370
vt 0.303120 0.981502
vt 0.300155 0.985449
vt 0.303120 0.986603
vt 0.234399 0.989710
vt 0.231702 0.989303
vt 0.231702 0.993740
vt 0.666809 0.595446
vt 0.664028 0.594518
vt 0.664337 0.599772
vt 0.666809 0.598536
vt 0.666809 0.595446
vt 0.664337 0.599772
vt 0.664337 0.599772
vt 0.667450 0.602861
vt 0.666809 0.598536
vt 0.231702 0.993740
vt 0.234399 0.994147
vt 0.234399 0.989710
vt 0.300155 0.985449
vt 0.303120 0.981502
vt 0.300197 0.981446
vt 0.982607 0.333986
vt 0.978596 0.333607
vt 0.980442 0.339252
vt 0.982607 0.333986
vt 0.980442 0.339252
vt 0.985132 0.337595
vt 0.302400 0.977869
vt 0.300197 0.981446
vt 0.303120 0.981502
vt 0.664028 0.594518
vt 0.666809 0.595446
vt 0.668353 0.593900
vt 0.668353 0.593900
vt 0.667141 0.591427
vt 0.664028 0.594518
vt 0.364149 0.989303
vt 0.364149 0.993778
vt 0.366208 0.991802
vt 0.975850 0.335055
vt 0.980442 0.339252
vt 0.978596 0.333607
vt 0.974510 0.506389
vt 0.984501 0.506389
vt 0.974644 0.503357
vt 0.974644 0.503357
vt 0.984501 0.506389
vt 0.984634 0.503357
vt 0.974510 0.904097
vt 0.983830 0.904097
vt 0.974895 0.901964
vt 0.722878 0.989303
vt 0.721196 0.991645
vt 0.722878 0.993038
vt 0.610448 0.989303
vt 0.609499 0.993218
vt 0.612439 0.993218
vt 0.300352 0.989683
vt 0.300352 0.993934
vt 0.303446 0.989303
vt 0.974510 0.676262
vt 0.984112 0.678535
vt 0.984409 0.676262
vt 0.984112 0.678535
vt 0.974510 0.676262
vt 0.975049 0.678369
vt 0.983799 0.876865
vt 0.974510 0.876865
vt 0.974560 0.880045
vt 0.983799 0.876865
vt 0.974560 0.880045
vt 0.983849 0.880045
vt 0.212795 0.926962
vt 0.222711 0.918370
vt 0.212389 0.924219
vt 0.668353 0.600081
vt 0.666809 0.598536
vt 0.667450 0.602861
vt 0.285915 0.982575
vt 0.289236 0.979158
vt 0.286566 0.977869
vt 0.317556 0.993383
vt 0.321043 0.993858
vt 0.321043 0.989303
vt 0.321043 0.989303
vt 0.318013 0.989807
vt 0.317556 0.993383
vt 0.289236 0.979158
vt 0.285915 0.982575
vt 0.288781 0.982223
vt 0.980442 0.339252
vt 0.975850 0.335055
vt 0.974510 0.339252
vt 0.989241 0.958200
vt 0.988056 0.961614
vt 0.993112 0.961614
vt 0.993396 0.956842
vt 0.989241 0.958200
vt 0.993112 0.961614
vt 0.990552 0.620166
vt 0.994112 0.621135
vt 0.994112 0.616280
vt 0.994112 0.616280
vt 0.988056 0.616497
vt 0.990552 0.620166
vt 0.289236 0.984420
vt 0.288781 0.982223
vt 0.285915 0.982575
vt 0.287542 0.986593
vt 0.289236 0.984420
vt 0.285915 0.982575
vt 0.285594 0.989499
vt 0.282096 0.989303
vt 0.285594 0.993972
vt 0.524020 0.506432
vt 0.521661 0.506062
vt 0.521925 0.515463
vt 0.521925 0.515463
vt 0.524038 0.515061
vt 0.524020 0.506432
vt 0.092785 0.982296
vt 0.089896 0.982583
vt 0.088663 0.985170
vt 0.974510 0.554064
vt 0.974674 0.557090
vt 0.984568 0.557090
vt 0.090841 0.986861
vt 0.092785 0.982296
vt 0.088663 0.985170
vt 0.984568 0.557090
vt 0.984404 0.554064
vt 0.974510 0.554064
vt 0.983830 0.904097
vt 0.983453 0.901752
vt 0.974895 0.901964
vt 0.329718 0.924850
vt 0.335855 0.914296
vt 0.333928 0.913008
vt 0.984067 0.445513
vt 0.984728 0.443557
vt 0.974510 0.443249
vt 0.337377 0.926796
vt 0.337535 0.915230
vt 0.335855 0.914296
vt 0.974510 0.443249
vt 0.974772 0.445524
vt 0.984067 0.445513
vt 0.335855 0.914296
vt 0.329718 0.924850
vt 0.337377 0.926796
vt 0.974510 0.440310
vt 0.974510 0.443249
vt 0.984728 0.443557
vt 0.984728 0.440618
vt 0.974510 0.440310
vt 0.984728 0.443557
vt 0.918785 0.734586
vt 0.929441 0.732740
vt 0.929552 0.729794
vt 0.929552 0.729794
vt 0.918243 0.725879
vt 0.918785 0.734586
vt 0.089896 0.982583
vt 0.090985 0.977868
vt 0.088663 0.979610
vt 0.090985 0.977868
vt 0.089896 0.982583
vt 0.092785 0.982296
vt 0.303446 0.993554
vt 0.303446 0.989303
vt 0.300352 0.993934
vt 0.978947 0.945388
vt 0.975093 0.942243
vt 0.974510 0.945335
vt 0.337535 0.937038
vt 0.337377 0.926796
vt 0.329718 0.924850
vt 0.414440 0.925559
vt 0.414782 0.914354
vt 0.400965 0.926610
vt 0.414440 0.925559
vt 0.400965 0.926610
vt 0.414782 0.938717
vt 0.401161 0.917468
vt 0.400965 0.926610
vt 0.414782 0.914354
vt 0.944027 0.285113
vt 0.948793 0.275904
vt 0.936529 0.278551
vt 0.944027 0.285113
vt 0.936529 0.278551
vt 0.936529 0.288836
vt 0.400965 0.926610
vt 0.401901 0.936213
vt 0.414782 0.938717
vt 0.948793 0.275904
vt 0.938725 0.274297
vt 0.936529 0.278551
vt 0.991834 0.302598
vt 0.994838 0.299601
vt 0.991804 0.299675
vt 0.989064 0.303498
vt 0.991834 0.302598
vt 0.991804 0.299675
vt 0.988056 0.299601
vt 0.989064 0.303498
vt 0.991804 0.299675
vt 0.794299 0.511393
vt 0.781666 0.510492
vt 0.791256 0.513936
vt 0.990352 0.410897
vt 0.994704 0.412819
vt 0.992885 0.408611
vt 0.994838 0.299601
vt 0.991834 0.302598
vt 0.994877 0.303498
vt 0.994704 0.412819
vt 0.990352 0.410897
vt 0.991261 0.413001
vt 0.993563 0.889641
vt 0.990428 0.891136
vt 0.992441 0.893598
vt 0.988056 0.501673
vt 0.991507 0.503886
vt 0.991171 0.500398
vt 0.945883 0.098565
vt 0.948061 0.101377
vt 0.957190 0.098305
vt 0.361942 0.989303
vt 0.359245 0.993334
vt 0.361942 0.993740
vt 0.326238 0.989303
vt 0.323279 0.990127
vt 0.323250 0.993832
vt 0.582388 0.989303
vt 0.580305 0.989464
vt 0.582388 0.993324
vt 0.860307 0.992381
vt 0.859876 0.989303
vt 0.858140 0.992381
vt 0.248548 0.982473
vt 0.251435 0.979516
vt 0.249718 0.977869
vt 0.326238 0.989303
vt 0.323250 0.993832
vt 0.326723 0.993832
vt 0.359245 0.993334
vt 0.361942 0.989303
vt 0.359112 0.989680
vt 0.974510 0.892230
vt 0.974510 0.895787
vt 0.980226 0.899545
vt 0.980226 0.899545
vt 0.977800 0.890786
vt 0.974510 0.892230
vt 0.201646 0.986664
vt 0.203578 0.985695
vt 0.202601 0.982763
vt 0.990352 0.410897
vt 0.988056 0.408611
vt 0.988976 0.411034
vt 0.991261 0.413001
vt 0.990352 0.410897
vt 0.988976 0.411034
vt 0.989901 0.891959
vt 0.990428 0.891136
vt 0.988056 0.889641
vt 0.837201 0.992292
vt 0.837475 0.989303
vt 0.835349 0.989303
vt 0.991834 0.302598
vt 0.991726 0.304621
vt 0.994877 0.303498
vt 0.835837 0.992503
vt 0.837201 0.992292
vt 0.835349 0.989303
vt 0.988056 0.708036
vt 0.988786 0.709204
vt 0.991233 0.707740
vt 0.348583 0.993855
vt 0.348583 0.989303
vt 0.346820 0.991584
vt 0.990428 0.891136
vt 0.989901 0.891959
vt 0.991095 0.893899
vt 0.991095 0.893899
vt 0.992441 0.893598
vt 0.990428 0.891136
vt 0.248548 0.982473
vt 0.250850 0.981819
vt 0.251435 0.979516
vt 0.988786 0.709204
vt 0.988056 0.713030
vt 0.991019 0.708693
vt 0.988786 0.709204
vt 0.991019 0.708693
vt 0.991233 0.707740
vt 0.332529 0.993776
vt 0.332529 0.989303
vt 0.328930 0.989937
vt 0.329805 0.993341
vt 0.332529 0.993776
vt 0.328930 0.989937
vt 0.983516 0.894544
vt 0.981322 0.890765
vt 0.977800 0.890786
vt 0.977800 0.890786
vt 0.980226 0.899545
vt 0.983516 0.894544
vt 0.994376 0.503157
vt 0.991171 0.500398
vt 0.991507 0.503886
vt 0.745866 0.989558
vt 0.744511 0.989303
vt 0.744511 0.992948
vt 0.990765 0.755574
vt 0.991373 0.757430
vt 0.994007 0.756516
vt 0.991171 0.500398
vt 0.994376 0.503157
vt 0.994394 0.500398
vt 0.948061 0.101377
vt 0.948074 0.104482
vt 0.957190 0.107604
vt 0.957190 0.107604
vt 0.957190 0.098305
vt 0.948061 0.101377
vt 0.250850 0.981819
vt 0.248548 0.982473
vt 0.251435 0.985369
vt 0.249718 0.986647
vt 0.251435 0.985369
vt 0.248548 0.982473
vt 0.491171 0.900798
vt 0.493835 0.900078
vt 0.490566 0.899567
vt 0.491619 0.904412
vt 0.493835 0.900078
vt 0.491171 0.900798
vt 0.491171 0.900798
vt 0.490566 0.899567
vt 0.488355 0.899759
vt 0.991233 0.707740
vt 0.991019 0.708693
vt 0.993939 0.708371
vt 0.491171 0.900798
vt 0.488238 0.900510
vt 0.491619 0.904412
vt 0.990765 0.755574
vt 0.988056 0.757430
vt 0.991373 0.757430
vt 0.491619 0.904412
vt 0.495046 0.902540
vt 0.493835 0.900078
vt 0.378066 0.981862
vt 0.377468 0.985245
vt 0.380967 0.981962
vt 0.379173 0.977869
vt 0.377468 0.979549
vt 0.378066 0.981862
vt 0.380967 0.981962
vt 0.379173 0.977869
vt 0.378066 0.981862
vt 0.377468 0.985245
vt 0.379173 0.986413
vt 0.380967 0.981962
vt 0.082530 0.994424
vt 0.085260 0.994151
vt 0.086072 0.990149
vt 0.082530 0.994424
vt 0.086072 0.990149
vt 0.082530 0.989303
vt 0.951170 0.115870
vt 0.957190 0.107604
vt 0.948074 0.104482
vt 0.948074 0.104482
vt 0.945843 0.107849
vt 0.951170 0.115870
vt 0.349060 0.957159
vt 0.339725 0.956776
vt 0.338699 0.970624
vt 0.338699 0.970624
vt 0.350969 0.970624
vt 0.349060 0.957159
vt 0.495608 0.926962
vt 0.507142 0.922178
vt 0.501926 0.909593
vt 0.501926 0.909593
vt 0.493054 0.913657
vt 0.495608 0.926962
vt 0.539778 0.623013
vt 0.544087 0.622905
vt 0.544087 0.610404
vt 0.894724 0.118570
vt 0.895056 0.107894
vt 0.890172 0.107754
vt 0.544087 0.610404
vt 0.539778 0.610512
vt 0.539778 0.623013
vt 0.238207 0.832110
vt 0.238458 0.819642
vt 0.234405 0.821321
vt 0.234405 0.821321
vt 0.234434 0.831040
vt 0.238207 0.832110
vt 0.238207 0.832110
vt 0.234434 0.831040
vt 0.233856 0.841431
vt 0.890172 0.107754
vt 0.890817 0.118458
vt 0.894724 0.118570
vt 0.884067 0.088160
vt 0.880877 0.089069
vt 0.888339 0.099078
vt 0.283057 0.822847
vt 0.285478 0.820517
vt 0.283057 0.811076
vt 0.985596 0.045961
vt 0.975997 0.043124
vt 0.974510 0.045961
vt 0.974510 0.695206
vt 0.984279 0.695206
vt 0.982605 0.690706
vt 0.482888 0.993448
vt 0.482888 0.989303
vt 0.479700 0.992054
vt 0.506183 0.990865
vt 0.509209 0.993387
vt 0.509209 0.989303
vt 0.309746 0.989303
vt 0.305653 0.989955
vt 0.307533 0.992824
vt 0.468741 0.992067
vt 0.471980 0.993449
vt 0.471980 0.989303
vt 0.486095 0.989844
vt 0.488997 0.993387
vt 0.488997 0.989303
vt 0.485095 0.992200
vt 0.488997 0.993387
vt 0.486095 0.989844
vt 0.450193 0.992631
vt 0.452850 0.993435
vt 0.452850 0.989303
vt 0.450193 0.992631
vt 0.452850 0.989303
vt 0.448823 0.990692
vt 0.476097 0.990037
vt 0.474187 0.989303
vt 0.474187 0.993443
vt 0.477493 0.992024
vt 0.476097 0.990037
vt 0.474187 0.993443
vt 0.686027 0.993101
vt 0.687846 0.989303
vt 0.684366 0.989303
vt 0.497312 0.989303
vt 0.497312 0.993448
vt 0.499696 0.992060
vt 0.657178 0.993213
vt 0.656403 0.989303
vt 0.655034 0.993213
vt 0.814347 0.989303
vt 0.811534 0.991766
vt 0.814347 0.992586
vt 0.514441 0.989303
vt 0.511416 0.990865
vt 0.514441 0.993387
vt 0.739559 0.992885
vt 0.742303 0.992885
vt 0.740216 0.989303
vt 0.282096 0.989303
vt 0.282870 0.993536
vt 0.285594 0.993972
vt 0.982744 0.942243
vt 0.979339 0.943032
vt 0.983707 0.944813
vt 0.978947 0.945388
vt 0.979339 0.943032
vt 0.975093 0.942243
vt 0.979339 0.943032
vt 0.978947 0.945388
vt 0.983707 0.944813
vt 0.918760 0.288836
vt 0.923604 0.288812
vt 0.922728 0.277948
vt 0.230639 0.813336
vt 0.234405 0.821321
vt 0.238458 0.819642
vt 0.922728 0.277948
vt 0.918725 0.278043
vt 0.918760 0.288836
vt 0.238458 0.819642
vt 0.234257 0.810922
vt 0.230639 0.813336
vt 0.880877 0.089069
vt 0.884067 0.088160
vt 0.883384 0.078363
vt 0.883384 0.078363
vt 0.879125 0.078275
vt 0.880877 0.089069
vt 0.076046 0.878527
vt 0.078926 0.869204
vt 0.075313 0.868383
vt 0.076046 0.878527
vt 0.075313 0.868383
vt 0.072695 0.875538
vt 0.230137 0.838272
vt 0.233856 0.841431
vt 0.234434 0.831040
vt 0.072695 0.875538
vt 0.068464 0.883301
vt 0.076046 0.878527
vt 0.072704 0.861014
vt 0.075313 0.868383
vt 0.078926 0.869204
vt 0.078926 0.869204
vt 0.076580 0.859667
vt 0.072704 0.861014
vt 0.882278 0.428765
vt 0.882399 0.436613
vt 0.887248 0.436591
vt 0.276574 0.979900
vt 0.272925 0.977869
vt 0.272925 0.986603
vt 0.887248 0.436591
vt 0.887248 0.428778
vt 0.882278 0.428765
vt 0.982516 0.824553
vt 0.974510 0.828567
vt 0.984028 0.828567
vt 0.975997 0.043124
vt 0.985596 0.045961
vt 0.978021 0.039417
vt 0.884067 0.088160
vt 0.887741 0.086350
vt 0.883384 0.078363
vt 0.982516 0.824553
vt 0.975730 0.824301
vt 0.974510 0.828567
vt 0.887000 0.078506
vt 0.883384 0.078363
vt 0.887741 0.086350
vt 0.625814 0.982639
vt 0.629486 0.985987
vt 0.629486 0.977869
vt 0.918725 0.278043
vt 0.922728 0.277948
vt 0.922537 0.265282
vt 0.224996 0.803787
vt 0.230639 0.813336
vt 0.234257 0.810922
vt 0.922537 0.265282
vt 0.918535 0.265377
vt 0.918725 0.278043
vt 0.234257 0.810922
vt 0.228614 0.801373
vt 0.224996 0.803787
vt 0.879125 0.078275
vt 0.883384 0.078363
vt 0.883754 0.065665
vt 0.883754 0.065665
vt 0.879495 0.065578
vt 0.879125 0.078275
vt 0.883384 0.078363
vt 0.887000 0.078506
vt 0.888339 0.065839
vt 0.888339 0.065839
vt 0.883754 0.065665
vt 0.883384 0.078363
vt 0.072340 0.847693
vt 0.072704 0.861014
vt 0.076580 0.859667
vt 0.887248 0.416082
vt 0.882278 0.428765
vt 0.887248 0.428778
vt 0.072704 0.861014
vt 0.072340 0.847693
vt 0.068464 0.849040
vt 0.882278 0.428765
vt 0.887248 0.416082
vt 0.882399 0.416104
vt 0.071415 0.994475
vt 0.074174 0.993538
vt 0.071415 0.989303
vt 0.222806 0.802171
vt 0.228614 0.801373
vt 0.228233 0.798549
vt 0.970624 0.352710
vt 0.964811 0.352652
vt 0.964811 0.364346
vt 0.228233 0.798549
vt 0.223024 0.789735
vt 0.222806 0.802171
vt 0.964811 0.364346
vt 0.970624 0.364404
vt 0.970624 0.352710
vt 0.918535 0.265377
vt 0.922537 0.265282
vt 0.923604 0.263253
vt 0.228614 0.801373
vt 0.222806 0.802171
vt 0.224996 0.803787
vt 0.094394 0.989303
vt 0.096250 0.994450
vt 0.097323 0.989303
vt 0.217597 0.793356
vt 0.222806 0.802171
vt 0.223024 0.789735
vt 0.993476 0.533961
vt 0.994368 0.531345
vt 0.988056 0.531345
vt 0.988056 0.531345
vt 0.989269 0.533961
vt 0.993476 0.533961
vt 0.992960 0.663431
vt 0.988056 0.660951
vt 0.988222 0.663339
vt 0.988056 0.660951
vt 0.992960 0.663431
vt 0.994161 0.660951
vt 0.173936 0.975655
vt 0.179292 0.975605
vt 0.173936 0.963929
vt 0.993973 0.491046
vt 0.988056 0.488706
vt 0.988927 0.491326
vt 0.179292 0.963879
vt 0.173936 0.963929
vt 0.179292 0.975605
vt 0.184721 0.963936
vt 0.179292 0.963879
vt 0.179292 0.975605
vt 0.988056 0.488706
vt 0.993973 0.491046
vt 0.994454 0.488706
vt 0.179292 0.975605
vt 0.184721 0.975662
vt 0.184721 0.963936
vt 0.988056 0.762116
vt 0.993961 0.762116
vt 0.988265 0.759735
vt 0.983233 0.352874
vt 0.983208 0.356878
vt 0.985134 0.351805
vt 0.988056 0.478974
vt 0.994556 0.478974
vt 0.988938 0.476354
vt 0.992834 0.759637
vt 0.988265 0.759735
vt 0.993961 0.762116
vt 0.003472 0.994344
vt 0.003671 0.990316
vt 0.001104 0.989303
vt 0.001104 0.989303
vt 0.001104 0.994687
vt 0.003472 0.994344
vt 0.547445 0.960577
vt 0.542262 0.972265
vt 0.547445 0.972303
vt 0.881551 0.414190
vt 0.887248 0.416082
vt 0.888339 0.414159
vt 0.542262 0.972265
vt 0.547445 0.960577
vt 0.542262 0.960540
vt 0.888339 0.414159
vt 0.888339 0.402440
vt 0.881551 0.414190
vt 0.881551 0.414190
vt 0.882399 0.416104
vt 0.887248 0.416082
vt 0.993177 0.954439
vt 0.993514 0.952070
vt 0.988056 0.952070
vt 0.988056 0.952070
vt 0.989083 0.954635
vt 0.993177 0.954439
vt 0.881551 0.402471
vt 0.881551 0.414190
vt 0.888339 0.402440
vt 0.992965 0.787339
vt 0.993905 0.784582
vt 0.988056 0.784582
vt 0.728235 0.985717
vt 0.727153 0.983728
vt 0.722183 0.983693
vt 0.993271 0.476354
vt 0.988938 0.476354
vt 0.994556 0.478974
vt 0.974630 0.352035
vt 0.974510 0.356878
vt 0.983208 0.356878
vt 0.255053 0.977869
vt 0.253642 0.986601
vt 0.257446 0.986601
vt 0.983208 0.356878
vt 0.983233 0.352874
vt 0.974630 0.352035
vt 0.603920 0.986036
vt 0.607435 0.980430
vt 0.603920 0.977869
vt 0.055416 0.957060
vt 0.050859 0.956908
vt 0.055416 0.968944
vt 0.965203 0.842998
vt 0.968944 0.832925
vt 0.965203 0.831203
vt 0.677733 0.887039
vt 0.674004 0.889099
vt 0.676873 0.896433
vt 0.676873 0.896433
vt 0.680108 0.895765
vt 0.677733 0.887039
vt 0.674004 0.889099
vt 0.670804 0.890789
vt 0.676873 0.896433
vt 0.680108 0.895765
vt 0.676873 0.896433
vt 0.678790 0.907575
vt 0.050859 0.968792
vt 0.055416 0.968944
vt 0.050859 0.956908
vt 0.009170 0.914957
vt 0.014353 0.908349
vt 0.010419 0.907181
vt 0.009170 0.914957
vt 0.012716 0.913979
vt 0.014353 0.908349
vt 0.727153 0.983728
vt 0.727179 0.977869
vt 0.722183 0.983693
vt 0.012716 0.913979
vt 0.009170 0.914957
vt 0.015744 0.920956
vt 0.722331 0.977869
vt 0.722183 0.983693
vt 0.727179 0.977869
vt 0.683448 0.985894
vt 0.687182 0.979954
vt 0.683448 0.977869
vt 0.387109 0.977868
vt 0.383174 0.984317
vt 0.387109 0.986362
vt 0.009170 0.926177
vt 0.012859 0.923141
vt 0.009170 0.914957
vt 0.009170 0.914957
vt 0.012859 0.923141
vt 0.015744 0.920956
vt 0.012859 0.923141
vt 0.009170 0.926177
vt 0.018716 0.932000
vt 0.021831 0.924763
vt 0.015744 0.920956
vt 0.012859 0.923141
vt 0.971599 0.985157
vt 0.976373 0.985157
vt 0.973481 0.977868
vt 0.985086 0.389462
vt 0.981609 0.386094
vt 0.974510 0.389462
vt 0.670804 0.890789
vt 0.672742 0.896404
vt 0.676873 0.896433
vt 0.672122 0.903398
vt 0.676873 0.896433
vt 0.672742 0.896404
vt 0.676873 0.896433
vt 0.675012 0.905205
vt 0.678790 0.907575
vt 0.950725 0.554543
vt 0.954302 0.553953
vt 0.951108 0.545612
vt 0.670804 0.915207
vt 0.678790 0.907575
vt 0.675012 0.905205
vt 0.954302 0.553953
vt 0.950725 0.554543
vt 0.950725 0.562057
vt 0.954302 0.553953
vt 0.950725 0.562057
vt 0.955510 0.562559
vt 0.982160 0.250342
vt 0.985462 0.246985
vt 0.974510 0.246985
vt 0.943755 0.845623
vt 0.938874 0.845854
vt 0.943293 0.856525
vt 0.939388 0.856710
vt 0.943293 0.856525
vt 0.938874 0.845854
vt 0.031311 0.067655
vt 0.002769 0.116584
vt 0.044439 0.209091
vt 0.690184 0.623383
vt 0.688903 0.615576
vt 0.684296 0.622113
vt 0.684296 0.622113
vt 0.688498 0.628051
vt 0.690184 0.623383
vt 0.532069 0.979035
vt 0.535585 0.984110
vt 0.536658 0.977869
vt 0.127376 0.977987
vt 0.127376 0.986732
vt 0.132112 0.984537
vt 0.132112 0.984537
vt 0.129438 0.977868
vt 0.127376 0.977987
vt 0.910819 0.978767
vt 0.909097 0.977869
vt 0.909097 0.985531
vt 0.778975 0.977869
vt 0.778975 0.985704
vt 0.782886 0.979073
vt 0.532069 0.979035
vt 0.532069 0.986078
vt 0.535585 0.984110
vt 0.747688 0.757355
vt 0.748959 0.749162
vt 0.742487 0.750865
vt 0.200034 0.963801
vt 0.208231 0.968019
vt 0.208231 0.962386
vt 0.688903 0.615576
vt 0.683554 0.617154
vt 0.684296 0.622113
vt 0.208231 0.968019
vt 0.200034 0.963801
vt 0.203070 0.968980
vt 0.273598 0.470209
vt 0.278485 0.466175
vt 0.273598 0.464223
vt 0.203070 0.968980
vt 0.206950 0.973982
vt 0.208231 0.968019
vt 0.051362 0.989303
vt 0.050979 0.994389
vt 0.055835 0.994389
vt 0.200334 0.970718
vt 0.203070 0.968980
vt 0.200034 0.963801
vt 0.688498 0.628051
vt 0.684296 0.622113
vt 0.683554 0.625502
vt 0.793001 0.321452
vt 0.787723 0.323225
vt 0.788710 0.327928
vt 0.788710 0.327928
vt 0.794299 0.328180
vt 0.793001 0.321452
vt 0.273598 0.470209
vt 0.280440 0.469103
vt 0.278485 0.466175
vt 0.273598 0.470209
vt 0.278486 0.473985
vt 0.280440 0.469103
vt 0.794299 0.328180
vt 0.788710 0.327928
vt 0.787723 0.333503
vt 0.787723 0.333503
vt 0.792845 0.335856
vt 0.794299 0.328180
vt 0.278486 0.473985
vt 0.273598 0.470209
vt 0.273601 0.476915
vt 0.994984 0.292269
vt 0.989519 0.289065
vt 0.988056 0.292269
vt 0.272043 0.449949
vt 0.272043 0.442716
vt 0.267700 0.445507
vt 0.267700 0.445507
vt 0.264717 0.450047
vt 0.272043 0.449949
vt 0.263701 0.441681
vt 0.272043 0.442716
vt 0.269802 0.437623
vt 0.272043 0.442716
vt 0.263701 0.441681
vt 0.267700 0.445507
vt 0.259691 0.447985
vt 0.264717 0.450047
vt 0.267700 0.445507
vt 0.267700 0.445507
vt 0.263701 0.441681
vt 0.259691 0.447985
vt 0.002769 0.239115
vt 0.044439 0.209091
vt 0.002769 0.116584
vt 0.974510 0.546582
vt 0.978016 0.551857
vt 0.979684 0.546893
vt 0.974510 0.947595
vt 0.978824 0.951187
vt 0.983681 0.947595
vt 0.477593 0.986070
vt 0.484626 0.986070
vt 0.482759 0.977869
vt 0.266741 0.971449
vt 0.273053 0.965753
vt 0.267271 0.962592
vt 0.030900 0.476333
vt 0.029417 0.482022
vt 0.033586 0.481139
vt 0.974510 0.750469
vt 0.979092 0.753530
vt 0.984286 0.750469
vt 0.978016 0.551857
vt 0.983942 0.550780
vt 0.984461 0.546582
vt 0.587657 0.977869
vt 0.593508 0.983710
vt 0.593395 0.977895
vt 0.984461 0.546582
vt 0.979684 0.546893
vt 0.978016 0.551857
vt 0.273053 0.965753
vt 0.275402 0.972303
vt 0.275402 0.960529
vt 0.275402 0.960529
vt 0.267271 0.962592
vt 0.273053 0.965753
vt 0.205785 0.977868
vt 0.205785 0.986727
vt 0.208383 0.983460
vt 0.593508 0.983710
vt 0.587657 0.977869
vt 0.587657 0.985925
vt 0.029417 0.482022
vt 0.030434 0.486396
vt 0.033586 0.481139
vt 0.033586 0.490350
vt 0.033586 0.481139
vt 0.030434 0.486396
vt 0.338427 0.986375
vt 0.342069 0.977868
vt 0.336815 0.977868
vt 0.323959 0.939523
vt 0.323959 0.957189
vt 0.335856 0.955997
vt 0.760624 0.838401
vt 0.748935 0.836164
vt 0.749034 0.857529
vt 0.335856 0.955997
vt 0.335856 0.941049
vt 0.323959 0.939523
vt 0.749034 0.857529
vt 0.760714 0.857824
vt 0.760624 0.838401
vt 0.974510 0.885093
vt 0.983658 0.888558
vt 0.983658 0.882252
vt 0.831713 0.920997
vt 0.849716 0.931357
vt 0.849677 0.921044
vt 0.748935 0.836164
vt 0.738165 0.838356
vt 0.738255 0.857778
vt 0.738255 0.857778
vt 0.749034 0.857529
vt 0.748935 0.836164
vt 0.981983 0.638592
vt 0.984180 0.630163
vt 0.974510 0.630163
vt 0.849716 0.931357
vt 0.831713 0.920997
vt 0.833834 0.930907
vt 0.849716 0.931357
vt 0.833834 0.930907
vt 0.848959 0.943755
vt 0.943755 0.920410
vt 0.938198 0.929983
vt 0.943755 0.940397
vt 0.719161 0.302270
vt 0.728807 0.296690
vt 0.719161 0.284064
vt 0.903803 0.985322
vt 0.905723 0.985061
vt 0.900757 0.977869
vt 0.371679 0.602084
vt 0.374479 0.602861
vt 0.374479 0.594849
vt 0.371679 0.602084
vt 0.374479 0.594849
vt 0.372792 0.589401
vt 0.108088 0.947629
vt 0.107884 0.957189
vt 0.112512 0.955391
vt 0.905723 0.985061
vt 0.906890 0.977869
vt 0.900757 0.977869
vt 0.744716 0.736888
vt 0.742487 0.743552
vt 0.746466 0.744085
vt 0.948793 0.858463
vt 0.945882 0.861737
vt 0.948793 0.868188
vt 0.748959 0.749162
vt 0.746466 0.744085
vt 0.742487 0.743552
vt 0.742487 0.750865
vt 0.748959 0.749162
vt 0.742487 0.743552
vt 0.974519 0.359084
vt 0.974510 0.362113
vt 0.983634 0.363141
vt 0.437862 0.972303
vt 0.431365 0.962553
vt 0.433603 0.972303
vt 0.985162 0.359084
vt 0.974519 0.359084
vt 0.983634 0.363141
vt 0.643164 0.832923
vt 0.643164 0.819533
vt 0.637672 0.828471
vt 0.933566 0.979654
vt 0.936349 0.985378
vt 0.936349 0.977869
vt 0.975686 0.020502
vt 0.981243 0.016046
vt 0.974510 0.014253
vt 0.437862 0.972303
vt 0.438292 0.960657
vt 0.431365 0.962553
vt 0.962227 0.874905
vt 0.962227 0.862505
vt 0.959062 0.867871
vt 0.981243 0.016046
vt 0.975686 0.020502
vt 0.985693 0.020502
vt 0.945435 0.618915
vt 0.944340 0.609748
vt 0.939894 0.609562
vt 0.945435 0.618915
vt 0.939894 0.609562
vt 0.939894 0.621333
vt 0.804375 0.395831
vt 0.799185 0.391730
vt 0.799185 0.403027
vt 0.942039 0.601063
vt 0.939894 0.609562
vt 0.944340 0.609748
vt 0.622535 0.751525
vt 0.624692 0.742154
vt 0.616255 0.752095
vt 0.616255 0.752095
vt 0.618436 0.762393
vt 0.622535 0.751525
vt 0.613090 0.742154
vt 0.616255 0.752095
vt 0.624692 0.742154
vt 0.984303 0.748262
vt 0.977304 0.745293
vt 0.974510 0.748262
vt 0.298912 0.896054
vt 0.295237 0.886741
vt 0.290665 0.893014
vt 0.290665 0.893014
vt 0.296802 0.900739
vt 0.298912 0.896054
vt 0.296802 0.900739
vt 0.290665 0.893014
vt 0.290665 0.900891
vt 0.296802 0.900739
vt 0.290665 0.900891
vt 0.293267 0.908490
vt 0.239125 0.584003
vt 0.239120 0.604522
vt 0.367762 0.584003
vt 0.368970 0.094360
vt 0.364314 0.098002
vt 0.383952 0.192952
vt 0.368970 0.094360
vt 0.383952 0.192952
vt 0.389593 0.194916
vt 0.365925 0.604541
vt 0.367762 0.584003
vt 0.239120 0.604522
vt 0.701939 0.438930
vt 0.690517 0.441103
vt 0.701939 0.513860
vt 0.397321 0.002238
vt 0.403578 0.076551
vt 0.507826 0.097082
vt 0.507826 0.097082
vt 0.517218 0.002238
vt 0.397321 0.002238
vt 0.879943 0.295553
vt 0.850972 0.254817
vt 0.851572 0.293052
vt 0.334177 0.872677
vt 0.334177 0.834629
vt 0.325328 0.872779
vt 0.879476 0.257256
vt 0.851572 0.243352
vt 0.850972 0.254817
vt 0.334177 0.834629
vt 0.331129 0.822942
vt 0.325328 0.834730
vt 0.879943 0.295553
vt 0.879476 0.257256
vt 0.850972 0.254817
vt 0.325328 0.834730
vt 0.325328 0.872779
vt 0.334177 0.834629
vt 0.851572 0.243352
vt 0.879476 0.257256
vt 0.879943 0.245853
vt 0.538421 0.009556
vt 0.538724 0.035265
vt 0.550804 0.008860
vt 0.324267 0.826927
vt 0.325328 0.834730
vt 0.331129 0.822942
vt 0.322288 0.814265
vt 0.324267 0.826927
vt 0.331129 0.822942
vt 0.550532 0.035265
vt 0.550804 0.008860
vt 0.538724 0.035265
vt 0.974510 0.022709
vt 0.985849 0.025676
vt 0.985341 0.022709
vt 0.985849 0.025676
vt 0.974510 0.022709
vt 0.974895 0.025652
vt 0.985805 0.012046
vt 0.985470 0.007943
vt 0.974510 0.007943
vt 0.836281 0.015113
vt 0.836281 0.002379
vt 0.831896 0.001977
vt 0.974510 0.007943
vt 0.975069 0.011015
vt 0.985805 0.012046
vt 0.972219 0.879771
vt 0.961425 0.879756
vt 0.972303 0.891698
vt 0.831896 0.001977
vt 0.832799 0.014337
vt 0.836281 0.015113
vt 0.961425 0.890753
vt 0.972303 0.891698
vt 0.961425 0.879756
vt 0.968944 0.442550
vt 0.958602 0.447132
vt 0.968944 0.455085
vt 0.953876 0.158291
vt 0.958869 0.166249
vt 0.958869 0.151261
vt 0.212795 0.926962
vt 0.223434 0.925976
vt 0.222711 0.918370
vt 0.528973 0.535690
vt 0.527109 0.525766
vt 0.514724 0.535690
vt 0.839640 0.171286
vt 0.839640 0.160332
vt 0.836582 0.170836
vt 0.836582 0.170836
vt 0.839640 0.160332
vt 0.836582 0.159881
vt 0.703993 0.802917
vt 0.703514 0.806054
vt 0.706977 0.802608
vt 0.706977 0.802608
vt 0.703514 0.806054
vt 0.706497 0.805746
vt 0.703514 0.792216
vt 0.703993 0.802917
vt 0.706977 0.802608
vt 0.408065 0.552338
vt 0.405066 0.553081
vt 0.408065 0.564238
vt 0.888339 0.969859
vt 0.888323 0.957847
vt 0.878273 0.957847
vt 0.877968 0.970624
vt 0.888339 0.969859
vt 0.878273 0.957847
vt 0.454231 0.970624
vt 0.455004 0.967618
vt 0.443235 0.970557
vt 0.965586 0.538839
vt 0.965586 0.526888
vt 0.962512 0.527204
vt 0.962482 0.539049
vt 0.965586 0.538839
vt 0.962512 0.527204
vt 0.060355 0.987073
vt 0.061728 0.986926
vt 0.060355 0.977869
vt 0.455004 0.967618
vt 0.455085 0.956824
vt 0.443073 0.968609
vt 0.443073 0.968609
vt 0.443235 0.970557
vt 0.455004 0.967618
vt 0.405066 0.553081
vt 0.406118 0.564070
vt 0.408065 0.564238
vt 0.455085 0.956824
vt 0.443073 0.956841
vt 0.443073 0.968609
vt 0.403578 0.076551
vt 0.403577 0.085346
vt 0.507826 0.097082
vt 0.960934 0.081171
vt 0.963907 0.070267
vt 0.962930 0.070265
vt 0.960934 0.081171
vt 0.963902 0.082025
vt 0.963907 0.070267
vt 0.960939 0.083110
vt 0.963907 0.083964
vt 0.963902 0.082025
vt 0.960939 0.083110
vt 0.963902 0.082025
vt 0.960934 0.081171
vt 0.678269 0.085177
vt 0.680021 0.168406
vt 0.691863 0.168369
vt 0.403577 0.085346
vt 0.401633 0.097074
vt 0.507826 0.097082
vt 0.691863 0.168369
vt 0.690857 0.084737
vt 0.678269 0.085177
vt 0.680021 0.168406
vt 0.678269 0.085177
vt 0.597881 0.174645
vt 0.401633 0.097074
vt 0.396223 0.179084
vt 0.511375 0.180085
vt 0.511375 0.180085
vt 0.507826 0.097082
vt 0.401633 0.097074
vt 0.256243 0.227471
vt 0.293256 0.091601
vt 0.186475 0.130478
vt 0.148677 0.347009
vt 0.256243 0.227471
vt 0.186475 0.130478
vt 0.186475 0.130478
vt 0.044439 0.209091
vt 0.148677 0.347009
vt 0.521925 0.515463
vt 0.518032 0.525915
vt 0.527109 0.525766
vt 0.527109 0.525766
vt 0.518032 0.525915
vt 0.514724 0.535690
vt 0.527109 0.525766
vt 0.524038 0.515061
vt 0.521925 0.515463
vt 0.920986 0.741810
vt 0.930321 0.735355
vt 0.929441 0.732740
vt 0.920986 0.741810
vt 0.929441 0.732740
vt 0.918785 0.734586
vt 0.920986 0.741810
vt 0.918785 0.734586
vt 0.908129 0.736433
vt 0.908129 0.736433
vt 0.912847 0.748959
vt 0.920986 0.741810
vt 0.918243 0.725879
vt 0.908129 0.722657
vt 0.918785 0.734586
vt 0.908129 0.736433
vt 0.918785 0.734586
vt 0.908129 0.722657
vt 0.233856 0.841431
vt 0.230137 0.838272
vt 0.217597 0.853074
vt 0.895056 0.141060
vt 0.894724 0.118570
vt 0.890817 0.118458
vt 0.679609 0.367762
vt 0.683467 0.367315
vt 0.679609 0.345315
vt 0.890817 0.118458
vt 0.890172 0.140920
vt 0.895056 0.141060
vt 0.946333 0.764876
vt 0.950472 0.782544
vt 0.950472 0.764650
vt 0.120031 0.986831
vt 0.120031 0.977868
vt 0.116792 0.984245
vt 0.502597 0.948793
vt 0.507142 0.930273
vt 0.502597 0.928657
vt 0.303950 0.887168
vt 0.300112 0.909248
vt 0.303950 0.910170
vt 0.001317 0.891987
vt 0.003311 0.911849
vt 0.005443 0.891574
vt 0.005443 0.891574
vt 0.006717 0.883510
vt 0.001317 0.891987
vt 0.690184 0.824526
vt 0.690184 0.802206
vt 0.687219 0.824345
vt 0.006717 0.911188
vt 0.005443 0.891574
vt 0.003311 0.911849
vt 0.762393 0.589427
vt 0.652561 0.466194
vt 0.639514 0.589427
vt 0.691661 0.001774
vt 0.678269 0.085177
vt 0.690857 0.084737
vt 0.599559 0.084876
vt 0.597881 0.174645
vt 0.678269 0.085177
vt 0.676089 0.003129
vt 0.599559 0.084876
vt 0.678269 0.085177
vt 0.678269 0.085177
vt 0.691661 0.001774
vt 0.676089 0.003129
vt 0.860380 0.884111
vt 0.861471 0.845824
vt 0.826172 0.886660
vt 0.861471 0.845824
vt 0.861024 0.838058
vt 0.826172 0.848422
vt 0.826172 0.848422
vt 0.826172 0.886660
vt 0.861471 0.845824
vt 0.894180 0.682692
vt 0.901773 0.683467
vt 0.894809 0.653457
vt 0.322288 0.814265
vt 0.318385 0.822119
vt 0.324267 0.826927
vt 0.826816 0.840607
vt 0.826172 0.848422
vt 0.861024 0.838058
vt 0.876913 0.231741
vt 0.883867 0.231665
vt 0.877683 0.196352
vt 0.311354 0.811447
vt 0.311455 0.820241
vt 0.318385 0.822119
vt 0.901773 0.653002
vt 0.894809 0.653457
vt 0.901773 0.683467
vt 0.318385 0.822119
vt 0.322288 0.814265
vt 0.311354 0.811447
vt 0.883867 0.231665
vt 0.891698 0.231741
vt 0.884637 0.196276
vt 0.311354 0.811447
vt 0.303600 0.822284
vt 0.311455 0.820241
vt 0.884637 0.196276
vt 0.877683 0.196352
vt 0.883867 0.231665
vt 0.906811 0.346883
vt 0.906058 0.318258
vt 0.899169 0.317842
vt 0.298801 0.827234
vt 0.303600 0.822284
vt 0.299626 0.814519
vt 0.899169 0.347611
vt 0.906811 0.346883
vt 0.899169 0.317842
vt 0.700232 0.840786
vt 0.735392 0.835432
vt 0.700100 0.832803
vt 0.290878 0.823415
vt 0.296839 0.835062
vt 0.298801 0.827234
vt 0.299626 0.814519
vt 0.290878 0.823415
vt 0.298801 0.827234
vt 0.891370 0.197192
vt 0.884637 0.196276
vt 0.891698 0.231741
vt 0.303600 0.822284
vt 0.311354 0.811447
vt 0.299626 0.814519
vt 0.735524 0.881622
vt 0.735524 0.843414
vt 0.700232 0.840786
vt 0.700232 0.840786
vt 0.701198 0.879073
vt 0.735524 0.881622
vt 0.735524 0.843414
vt 0.735392 0.835432
vt 0.700232 0.840786
vt 0.287991 0.835164
vt 0.287020 0.873225
vt 0.295868 0.873124
vt 0.295868 0.873124
vt 0.296839 0.835062
vt 0.287991 0.835164
vt 0.302270 0.960470
vt 0.302270 0.944623
vt 0.290861 0.945544
vt 0.290861 0.945544
vt 0.290684 0.960548
vt 0.302270 0.960470
vt 0.880457 0.350723
vt 0.881622 0.312416
vt 0.851916 0.352649
vt 0.870224 0.692593
vt 0.888862 0.689218
vt 0.882109 0.681525
vt 0.888862 0.689218
vt 0.870224 0.692593
vt 0.876976 0.700285
vt 0.888862 0.689218
vt 0.876976 0.700285
vt 0.891698 0.703393
vt 0.833834 0.930907
vt 0.839259 0.943755
vt 0.848959 0.943755
vt 0.299933 0.854860
vt 0.311594 0.834229
vt 0.299852 0.838078
vt 0.311703 0.855270
vt 0.322330 0.837158
vt 0.311594 0.834229
vt 0.311594 0.834229
vt 0.299933 0.854860
vt 0.311703 0.855270
vt 0.885031 0.709746
vt 0.891698 0.703393
vt 0.876976 0.700285
vt 0.870224 0.717098
vt 0.885031 0.709746
vt 0.876976 0.700285
vt 0.322330 0.837158
vt 0.311703 0.855270
vt 0.322422 0.855037
vt 0.559200 0.481784
vt 0.555954 0.488966
vt 0.559200 0.493708
vt 0.028548 0.549072
vt 0.022925 0.555279
vt 0.028548 0.560879
vt 0.849643 0.739982
vt 0.854262 0.746991
vt 0.861471 0.739223
vt 0.314717 0.965586
vt 0.319541 0.959429
vt 0.317944 0.951463
vt 0.718732 0.410132
vt 0.713038 0.412455
vt 0.718732 0.421499
vt 0.743038 0.126795
vt 0.753997 0.127625
vt 0.753997 0.116644
vt 0.979387 0.328238
vt 0.985202 0.328238
vt 0.981925 0.323633
vt 0.981925 0.323633
vt 0.974510 0.325731
vt 0.979387 0.328238
vt 0.861471 0.752317
vt 0.861471 0.739223
vt 0.854262 0.746991
vt 0.319541 0.959429
vt 0.314717 0.965586
vt 0.325780 0.965586
vt 0.290878 0.823415
vt 0.287991 0.835164
vt 0.296839 0.835062
vt 0.881622 0.312416
vt 0.881425 0.300573
vt 0.853204 0.314368
vt 0.853204 0.314368
vt 0.851916 0.352649
vt 0.881622 0.312416
vt 0.851916 0.302568
vt 0.853204 0.314368
vt 0.881425 0.300573
vt 0.911849 0.132663
vt 0.911849 0.104897
vt 0.900885 0.126772
vt 0.245085 0.989303
vt 0.242865 0.991923
vt 0.245085 0.994129
vt 0.192796 0.989303
vt 0.190804 0.991219
vt 0.192796 0.994285
vt 0.845445 0.984353
vt 0.850240 0.985501
vt 0.850240 0.977868
vt 0.585450 0.977869
vt 0.583560 0.981521
vt 0.585450 0.986126
vt 0.538788 0.989303
vt 0.538788 0.993388
vt 0.541540 0.992080
vt 0.541540 0.992080
vt 0.541582 0.989318
vt 0.538788 0.989303
vt 0.855572 0.977869
vt 0.852447 0.978142
vt 0.855572 0.985577
vt 0.898654 0.609539
vt 0.901991 0.604001
vt 0.899727 0.602173
vt 0.394664 0.977869
vt 0.395033 0.986174
vt 0.402122 0.977869
vt 0.974510 0.051193
vt 0.978648 0.051945
vt 0.980763 0.048168
vt 0.898654 0.609539
vt 0.903453 0.608343
vt 0.901991 0.604001
vt 0.978580 0.977869
vt 0.980903 0.985103
vt 0.984330 0.977869
vt 0.540992 0.983178
vt 0.542384 0.980256
vt 0.538865 0.977869
vt 0.991602 0.805605
vt 0.988056 0.807966
vt 0.993916 0.807966
vt 0.994674 0.469533
vt 0.990577 0.468410
vt 0.988056 0.469533
vt 0.891403 0.978730
vt 0.888625 0.977868
vt 0.888625 0.985495
vt 0.538865 0.986113
vt 0.540992 0.983178
vt 0.538865 0.977869
vt 0.983723 0.580653
vt 0.984507 0.577180
vt 0.976171 0.577613
vt 0.976171 0.577613
vt 0.974510 0.580653
vt 0.983723 0.580653
vt 0.678668 0.977869
vt 0.677725 0.980826
vt 0.681241 0.981018
vt 0.992001 0.897489
vt 0.993580 0.896106
vt 0.988056 0.896106
vt 0.988416 0.899571
vt 0.992001 0.897489
vt 0.988056 0.896106
vt 0.674830 0.993164
vt 0.677468 0.990578
vt 0.674830 0.989303
vt 0.897832 0.992202
vt 0.900712 0.989436
vt 0.897832 0.989303
vt 0.072042 0.908018
vt 0.076032 0.893837
vt 0.066237 0.893837
vt 0.066237 0.893837
vt 0.060982 0.901473
vt 0.072042 0.908018
vt 0.677725 0.980826
vt 0.677564 0.984369
vt 0.681241 0.981018
vt 0.681241 0.985903
vt 0.681241 0.981018
vt 0.677564 0.984369
vt 0.072042 0.908018
vt 0.082285 0.903742
vt 0.076032 0.893837
vt 0.974510 0.814495
vt 0.976255 0.815672
vt 0.984167 0.814495
vt 0.976255 0.815672
vt 0.980105 0.817207
vt 0.984167 0.814495
vt 0.985654 0.051945
vt 0.980763 0.048168
vt 0.978648 0.051945
vt 0.903453 0.608343
vt 0.898654 0.609539
vt 0.903453 0.614616
vt 0.935359 0.125344
vt 0.932646 0.132440
vt 0.935359 0.137701
vt 0.985477 0.073282
vt 0.985477 0.066149
vt 0.974510 0.068671
vt 0.962227 0.382876
vt 0.962227 0.369810
vt 0.957911 0.379927
vt 0.738883 0.968944
vt 0.738883 0.957109
vt 0.735091 0.962787
vt 0.963907 0.806259
vt 0.963757 0.800381
vt 0.959072 0.800648
vt 0.959072 0.800648
vt 0.959072 0.808073
vt 0.963907 0.806259
vt 0.991658 0.029395
vt 0.988056 0.028740
vt 0.990461 0.034231
vt 0.788007 0.985738
vt 0.788007 0.977868
vt 0.785093 0.980493
vt 0.991658 0.029395
vt 0.990461 0.034231
vt 0.994041 0.032194
vt 0.988056 0.944085
vt 0.991247 0.946102
vt 0.993563 0.944085
vt 0.994041 0.032194
vt 0.995238 0.028740
vt 0.991658 0.029395
vt 0.984764 0.426457
vt 0.974510 0.420602
vt 0.974510 0.426619
vt 0.974510 0.447731
vt 0.979940 0.453439
vt 0.984663 0.447731
vt 0.974510 0.420602
vt 0.984764 0.426457
vt 0.983448 0.420758
vt 0.325672 0.977869
vt 0.325672 0.986570
vt 0.327627 0.981731
vt 0.570888 0.480554
vt 0.570888 0.495388
vt 0.574314 0.486902
vt 0.852291 0.945367
vt 0.853381 0.952062
vt 0.859791 0.948887
vt 0.995170 0.061964
vt 0.988056 0.061964
vt 0.988904 0.068426
vt 0.885031 0.709746
vt 0.870224 0.717098
vt 0.881320 0.718732
vt 0.061595 0.912019
vt 0.072042 0.908018
vt 0.060982 0.901473
vt 0.681787 0.592205
vt 0.675958 0.591581
vt 0.675415 0.597457
vt 0.681787 0.592205
vt 0.675415 0.597457
vt 0.681787 0.602861
vt 0.558971 0.964820
vt 0.563725 0.958237
vt 0.557875 0.958947
vt 0.563725 0.958237
vt 0.558971 0.964820
vt 0.565917 0.964146
vt 0.084305 0.774126
vt 0.090681 0.764636
vt 0.083034 0.766932
vt 0.299852 0.874237
vt 0.311703 0.855270
vt 0.299933 0.854860
vt 0.311613 0.876584
vt 0.322422 0.855037
vt 0.311703 0.855270
vt 0.311703 0.855270
vt 0.299852 0.874237
vt 0.311613 0.876584
vt 0.565917 0.964146
vt 0.558971 0.964820
vt 0.557875 0.970624
vt 0.764366 0.965586
vt 0.769110 0.961854
vt 0.764366 0.952614
vt 0.878154 0.170398
vt 0.882141 0.150950
vt 0.871251 0.153531
vt 0.322422 0.855037
vt 0.311613 0.876584
vt 0.322336 0.875382
vt 0.827885 0.918566
vt 0.827885 0.891849
vt 0.817287 0.913372
vt 0.041982 0.890670
vt 0.030720 0.919654
vt 0.041746 0.920245
vt 0.018368 0.890670
vt 0.019101 0.920124
vt 0.030720 0.919654
vt 0.030720 0.919654
vt 0.041982 0.890670
vt 0.030108 0.891169
vt 0.030720 0.919654
vt 0.030108 0.891169
vt 0.018368 0.890670
vt 0.196476 0.960421
vt 0.189654 0.972286
vt 0.196476 0.972303
vt 0.905132 0.778272
vt 0.898292 0.778271
vt 0.898292 0.807732
vt 0.908490 0.068096
vt 0.908490 0.038618
vt 0.896627 0.039395
vt 0.898292 0.807732
vt 0.905132 0.807734
vt 0.905132 0.778272
vt 0.896627 0.039395
vt 0.896621 0.068851
vt 0.908490 0.068096
vt 0.908490 0.351619
vt 0.897697 0.351718
vt 0.903823 0.354049
vt 0.196476 0.960421
vt 0.189715 0.961501
vt 0.189654 0.972286
vt 0.908490 0.351619
vt 0.903823 0.354049
vt 0.903239 0.358032
vt 0.908490 0.351619
vt 0.903239 0.358032
vt 0.904021 0.375658
vt 0.908490 0.351619
vt 0.904021 0.375658
vt 0.908490 0.381055
vt 0.897697 0.351718
vt 0.897891 0.353661
vt 0.903823 0.354049
vt 0.906811 0.812059
vt 0.900873 0.841138
vt 0.906811 0.841319
vt 0.902794 0.308987
vt 0.906786 0.279808
vt 0.902794 0.279697
vt 0.900873 0.841138
vt 0.906811 0.812059
vt 0.902809 0.811961
vt 0.902809 0.811961
vt 0.899774 0.811905
vt 0.900873 0.841138
vt 0.903239 0.358032
vt 0.901295 0.358226
vt 0.900034 0.375076
vt 0.908236 0.001857
vt 0.908236 0.030227
vt 0.910170 0.030077
vt 0.900034 0.375076
vt 0.904021 0.375658
vt 0.903239 0.358032
vt 0.906786 0.279808
vt 0.902794 0.308987
vt 0.906811 0.308122
vt 0.910170 0.030077
vt 0.910170 0.001707
vt 0.908236 0.001857
vt 0.848036 0.916417
vt 0.846905 0.890014
vt 0.830100 0.888573
vt 0.830100 0.888573
vt 0.830100 0.916887
vt 0.848036 0.916417
vt 0.912886 0.663163
vt 0.916887 0.663316
vt 0.912841 0.637933
vt 0.903438 0.379641
vt 0.908490 0.381055
vt 0.904021 0.375658
vt 0.141506 0.555760
vt 0.144418 0.530458
vt 0.140426 0.530331
vt 0.916887 0.663316
vt 0.916887 0.637113
vt 0.912841 0.637933
vt 0.970532 0.250618
vt 0.963735 0.261968
vt 0.970624 0.261578
vt 0.905132 0.001734
vt 0.898330 0.002300
vt 0.898330 0.031906
vt 0.903446 0.649012
vt 0.903453 0.619510
vt 0.892555 0.620357
vt 0.905132 0.001734
vt 0.898330 0.031906
vt 0.905132 0.031341
vt 0.892555 0.620357
vt 0.892555 0.649881
vt 0.903446 0.649012
vt 0.963735 0.261968
vt 0.970532 0.250618
vt 0.963735 0.250043
vt 0.906599 0.852059
vt 0.894735 0.851407
vt 0.900877 0.853696
vt 0.906599 0.852059
vt 0.900877 0.853696
vt 0.901292 0.857579
vt 0.906599 0.852059
vt 0.901292 0.857579
vt 0.906811 0.881622
vt 0.910887 0.691284
vt 0.909961 0.712015
vt 0.923604 0.711993
vt 0.589427 0.849716
vt 0.589427 0.836036
vt 0.580578 0.837013
vt 0.917877 0.203401
vt 0.909978 0.203514
vt 0.909978 0.230061
vt 0.923604 0.711993
vt 0.923604 0.685451
vt 0.910887 0.691284
vt 0.918848 0.230057
vt 0.917877 0.203401
vt 0.909978 0.230061
vt 0.580578 0.837013
vt 0.580578 0.848739
vt 0.589427 0.849716
vt 0.225023 0.950186
vt 0.225023 0.929450
vt 0.217154 0.929602
vt 0.225023 0.950186
vt 0.217154 0.929602
vt 0.216230 0.950472
vt 0.917877 0.203401
vt 0.918848 0.230057
vt 0.926962 0.219152
vt 0.207828 0.939840
vt 0.216230 0.950472
vt 0.217154 0.929602
vt 0.959231 0.493628
vt 0.968861 0.507143
vt 0.968944 0.493628
vt 0.968861 0.507143
vt 0.959231 0.493628
vt 0.960767 0.507143
vt 0.894943 0.853348
vt 0.900877 0.853696
vt 0.894735 0.851407
vt 0.903453 0.452302
vt 0.899469 0.481953
vt 0.903342 0.481660
vt 0.897520 0.597499
vt 0.903453 0.597824
vt 0.903453 0.568376
vt 0.899454 0.568182
vt 0.896554 0.567987
vt 0.897520 0.597499
vt 0.897520 0.597499
vt 0.903453 0.568376
vt 0.899454 0.568182
vt 0.904051 0.429905
vt 0.902228 0.446688
vt 0.905132 0.446508
vt 0.901292 0.857579
vt 0.898377 0.857891
vt 0.901226 0.875346
vt 0.905132 0.417081
vt 0.904051 0.429905
vt 0.905132 0.446508
vt 0.899469 0.481953
vt 0.903453 0.452302
vt 0.899469 0.452587
vt 0.901226 0.875346
vt 0.906811 0.881622
vt 0.901292 0.857579
vt 0.902228 0.446688
vt 0.904051 0.429905
vt 0.900303 0.430174
vt 0.782295 0.918566
vt 0.784224 0.900978
vt 0.764462 0.900250
vt 0.782295 0.918566
vt 0.784069 0.889254
vt 0.764462 0.916832
vt 0.897339 0.875761
vt 0.901226 0.875346
vt 0.898377 0.857891
vt 0.764462 0.900250
vt 0.764462 0.916832
vt 0.782295 0.918566
vt 0.905132 0.417081
vt 0.903939 0.427955
vt 0.904051 0.429905
vt 0.967256 0.861353
vt 0.965302 0.861356
vt 0.965311 0.869234
vt 0.950472 0.033275
vt 0.950472 0.026367
vt 0.946741 0.024848
vt 0.965311 0.869234
vt 0.967265 0.869232
vt 0.967256 0.861353
vt 0.946741 0.024848
vt 0.946603 0.032723
vt 0.950472 0.033275
vt 0.902228 0.417262
vt 0.900067 0.428196
vt 0.903939 0.427955
vt 0.948599 0.503561
vt 0.944710 0.503949
vt 0.948402 0.511430
vt 0.903939 0.427955
vt 0.905132 0.417081
vt 0.902228 0.417262
vt 0.944512 0.511818
vt 0.948402 0.511430
vt 0.944710 0.503949
vt 0.468519 0.690268
vt 0.459948 0.692126
vt 0.459286 0.706758
vt 0.392461 0.261596
vt 0.391598 0.354328
vt 0.399669 0.353519
vt 0.468519 0.690268
vt 0.459286 0.706758
vt 0.468519 0.770480
vt 0.186400 0.592975
vt 0.181625 0.581526
vt 0.094919 0.594465
vt 0.488978 0.279960
vt 0.493708 0.213446
vt 0.488931 0.200270
vt 0.399669 0.261922
vt 0.392461 0.261596
vt 0.399669 0.353519
vt 0.263968 0.994069
vt 0.263968 0.989303
vt 0.262033 0.993761
vt 0.112340 0.547755
vt 0.120908 0.548404
vt 0.119461 0.544252
vt 0.464355 0.940154
vt 0.462339 0.940749
vt 0.463139 0.955488
vt 0.300500 0.476418
vt 0.302270 0.461646
vt 0.297429 0.461040
vt 0.120908 0.548404
vt 0.112340 0.547755
vt 0.113008 0.550804
vt 0.955510 0.364268
vt 0.949538 0.369468
vt 0.955510 0.381197
vt 0.949803 0.460123
vt 0.957190 0.455257
vt 0.949803 0.443192
vt 0.297429 0.461040
vt 0.297429 0.476915
vt 0.300500 0.476418
vt 0.505839 0.188300
vt 0.502734 0.191176
vt 0.505110 0.202854
vt 0.392461 0.261596
vt 0.388659 0.351675
vt 0.391598 0.354328
vt 0.001914 0.544252
vt 0.113008 0.550804
vt 0.112340 0.547755
vt 0.507143 0.267830
vt 0.505110 0.202854
vt 0.502734 0.191176
vt 0.534011 0.611139
vt 0.451753 0.604274
vt 0.452211 0.607747
vt 0.534011 0.611139
vt 0.452211 0.607747
vt 0.526024 0.688505
vt 0.502734 0.268685
vt 0.507143 0.267830
vt 0.502734 0.191176
vt 0.742755 0.705298
vt 0.755676 0.595960
vt 0.742755 0.592909
vt 0.557702 0.989303
vt 0.557702 0.993449
vt 0.558874 0.992760
vt 0.890727 0.017646
vt 0.895056 0.002268
vt 0.890959 0.001697
vt 0.706535 0.989303
vt 0.705742 0.992759
vt 0.706535 0.993098
vt 0.512237 0.525615
vt 0.515453 0.524191
vt 0.517218 0.478849
vt 0.512237 0.525615
vt 0.517218 0.478849
vt 0.512237 0.478184
vt 0.033586 0.060454
vt 0.033586 0.013201
vt 0.017621 0.014148
vt 0.459286 0.706758
vt 0.461320 0.772469
vt 0.468519 0.770480
vt 0.065492 0.881622
vt 0.065492 0.850167
vt 0.064286 0.850841
vt 0.895056 0.002268
vt 0.890727 0.017646
vt 0.895056 0.033287
vt 0.091988 0.584188
vt 0.094919 0.594465
vt 0.181625 0.581526
vt 0.493708 0.213446
vt 0.488978 0.279960
vt 0.493571 0.285478
vt 0.396223 0.179084
vt 0.452338 0.225023
vt 0.511375 0.180085
vt 0.709285 0.978712
vt 0.709294 0.985622
vt 0.715214 0.985747
vt 0.052822 0.013747
vt 0.046931 0.012951
vt 0.046931 0.045340
vt 0.893709 0.533810
vt 0.894494 0.535849
vt 0.897412 0.536131
vt 0.895090 0.539833
vt 0.894494 0.535849
vt 0.893709 0.533810
vt 0.901397 0.535534
vt 0.901585 0.533589
vt 0.893709 0.533810
vt 0.715214 0.985747
vt 0.715214 0.977868
vt 0.709285 0.978712
vt 0.897412 0.536131
vt 0.901397 0.535534
vt 0.893709 0.533810
vt 0.893709 0.564238
vt 0.895090 0.539833
vt 0.893709 0.533810
vt 0.046931 0.045340
vt 0.053737 0.044166
vt 0.052822 0.013747
vt 0.479304 0.866035
vt 0.472395 0.865889
vt 0.480274 0.898415
vt 0.975615 0.967548
vt 0.974510 0.972337
vt 0.975861 0.972070
vt 0.566192 0.497021
vt 0.567597 0.481703
vt 0.562673 0.481398
vt 0.975615 0.967548
vt 0.975861 0.972070
vt 0.982151 0.970727
vt 0.982151 0.970727
vt 0.983607 0.967548
vt 0.975615 0.967548
vt 0.552483 0.509136
vt 0.544713 0.506690
vt 0.544713 0.522256
vt 0.562673 0.497067
vt 0.566192 0.497021
vt 0.562673 0.481398
vt 0.892855 0.033586
vt 0.895056 0.033287
vt 0.890727 0.017646
vt 0.954351 0.362724
vt 0.955510 0.348132
vt 0.954351 0.347381
vt 0.023510 0.796222
vt 0.021869 0.810609
vt 0.023510 0.811092
vt 0.483921 0.538800
vt 0.486991 0.539049
vt 0.486991 0.479182
vt 0.839779 0.060356
vt 0.840380 0.067171
vt 0.853860 0.061168
vt 0.854753 0.001283
vt 0.839779 0.060356
vt 0.853860 0.061168
vt 0.483921 0.538800
vt 0.486991 0.479182
vt 0.481972 0.478938
vt 0.536581 0.992597
vt 0.535350 0.989303
vt 0.535350 0.993471
vt 0.695754 0.984405
vt 0.698933 0.977869
vt 0.695142 0.978024
vt 0.405119 0.940056
vt 0.403527 0.940011
vt 0.404325 0.955436
vt 0.129581 0.560844
vt 0.130984 0.545431
vt 0.126061 0.545111
vt 0.695754 0.984405
vt 0.698933 0.985861
vt 0.698933 0.977869
vt 0.906811 0.945180
vt 0.898704 0.945970
vt 0.898704 0.960548
vt 0.126061 0.545111
vt 0.126061 0.560879
vt 0.129581 0.560844
vt 0.898704 0.960548
vt 0.903987 0.960237
vt 0.906811 0.945180
vt 0.472395 0.898386
vt 0.480274 0.898415
vt 0.472395 0.865889
vt 0.895247 0.558497
vt 0.898008 0.540114
vt 0.895090 0.539833
vt 0.893709 0.564238
vt 0.895247 0.558497
vt 0.895090 0.539833
vt 0.766262 0.889473
vt 0.764462 0.916832
vt 0.784069 0.889254
vt 0.898008 0.540114
vt 0.895247 0.558497
vt 0.899232 0.557901
vt 0.839779 0.060356
vt 0.854753 0.001283
vt 0.839779 0.001524
vt 0.421414 0.204830
vt 0.418337 0.204681
vt 0.422908 0.283228
vt 0.142739 0.509144
vt 0.064262 0.509982
vt 0.142163 0.523236
vt 0.418337 0.204681
vt 0.418858 0.283112
vt 0.422908 0.283228
vt 0.100757 0.437504
vt 0.095841 0.436686
vt 0.099998 0.444238
vt 0.096092 0.444365
vt 0.099998 0.444238
vt 0.095841 0.436686
vt 0.099998 0.444238
vt 0.096092 0.444365
vt 0.100725 0.466682
vt 0.095841 0.466840
vt 0.100725 0.466682
vt 0.096092 0.444365
vt 0.041530 0.479835
vt 0.041982 0.471988
vt 0.037046 0.472673
vt 0.037046 0.472673
vt 0.037629 0.479603
vt 0.041530 0.479835
vt 0.041982 0.488670
vt 0.041530 0.479835
vt 0.037629 0.479603
vt 0.037629 0.479603
vt 0.037105 0.488380
vt 0.041982 0.488670
vt 0.259653 0.986594
vt 0.263537 0.986594
vt 0.263029 0.977868
vt 0.529862 0.978918
vt 0.525042 0.977869
vt 0.525042 0.986099
vt 0.974833 0.653300
vt 0.983661 0.653885
vt 0.974510 0.649315
vt 0.963601 0.725011
vt 0.965586 0.723865
vt 0.959833 0.720273
vt 0.963213 0.729364
vt 0.965586 0.723865
vt 0.963601 0.725011
vt 0.959833 0.720273
vt 0.959492 0.722445
vt 0.963601 0.725011
vt 0.988057 0.214913
vt 0.988056 0.220775
vt 0.994897 0.220775
vt 0.994897 0.220775
vt 0.994898 0.214913
vt 0.988057 0.214913
vt 0.859791 0.707867
vt 0.853637 0.713694
vt 0.859463 0.713683
vt 0.963213 0.729364
vt 0.965004 0.730395
vt 0.965586 0.723865
vt 0.993218 0.600198
vt 0.994280 0.598281
vt 0.989069 0.600198
vt 0.984176 0.649972
vt 0.974510 0.649315
vt 0.983661 0.653885
vt 0.667194 0.628039
vt 0.673007 0.628051
vt 0.667578 0.622131
vt 0.988056 0.598281
vt 0.989069 0.600198
vt 0.994280 0.598281
vt 0.853637 0.713694
vt 0.859791 0.707867
vt 0.853965 0.707877
vt 0.673391 0.622143
vt 0.667578 0.622131
vt 0.673007 0.628051
vt 0.974510 0.200631
vt 0.985463 0.204681
vt 0.985342 0.200631
vt 0.785903 0.133187
vt 0.781537 0.133325
vt 0.783720 0.147708
vt 0.985463 0.204681
vt 0.974510 0.200631
vt 0.974631 0.204681
vt 0.223344 0.956927
vt 0.212550 0.956665
vt 0.223278 0.969955
vt 0.781537 0.147777
vt 0.783720 0.147708
vt 0.781537 0.133325
vt 0.958035 0.552483
vt 0.958869 0.537617
vt 0.954503 0.537617
vt 0.212550 0.956665
vt 0.212550 0.970624
vt 0.223278 0.969955
vt 0.017614 0.994323
vt 0.019762 0.994616
vt 0.019583 0.990367
vt 0.019583 0.990367
vt 0.017614 0.989303
vt 0.017614 0.994323
vt 0.984377 0.540326
vt 0.974510 0.540326
vt 0.984531 0.544375
vt 0.356007 0.352649
vt 0.355886 0.350586
vt 0.350862 0.350493
vt 0.974566 0.543406
vt 0.984531 0.544375
vt 0.974510 0.540326
vt 0.994080 0.737138
vt 0.988056 0.737138
vt 0.990752 0.738211
vt 0.355548 0.338837
vt 0.350862 0.350493
vt 0.355886 0.350586
vt 0.952152 0.787708
vt 0.949898 0.788266
vt 0.952152 0.804375
vt 0.922296 0.683467
vt 0.923604 0.682816
vt 0.922296 0.665398
vt 0.045983 0.946298
vt 0.036163 0.945875
vt 0.047020 0.962227
vt 0.950232 0.084740
vt 0.952152 0.068241
vt 0.949313 0.068621
vt 0.350862 0.350493
vt 0.355548 0.338837
vt 0.351497 0.338712
vt 0.864695 0.417627
vt 0.864613 0.405857
vt 0.848754 0.418141
vt 0.036163 0.960936
vt 0.047020 0.962227
vt 0.036163 0.945875
vt 0.906335 0.628051
vt 0.906811 0.627207
vt 0.906335 0.610125
vt 0.952152 0.068241
vt 0.950232 0.084740
vt 0.952152 0.085643
vt 0.772221 0.661621
vt 0.768458 0.668353
vt 0.772469 0.667429
vt 0.515539 0.244472
vt 0.511135 0.244472
vt 0.512832 0.260288
vt 0.768458 0.668353
vt 0.772221 0.661621
vt 0.768170 0.661577
vt 0.513860 0.732166
vt 0.512969 0.725384
vt 0.498831 0.732166
vt 0.766411 0.629013
vt 0.768170 0.661577
vt 0.772221 0.661621
vt 0.772221 0.661621
vt 0.770463 0.629057
vt 0.766411 0.629013
vt 0.512969 0.725384
vt 0.499077 0.726220
vt 0.498831 0.732166
vt 0.500644 0.693488
vt 0.499077 0.726220
vt 0.512969 0.725384
vt 0.512969 0.725384
vt 0.513610 0.692773
vt 0.500644 0.693488
vt 0.974510 0.523890
vt 0.974831 0.527845
vt 0.984330 0.523905
vt 0.943293 0.856525
vt 0.939388 0.856710
vt 0.938874 0.866508
vt 0.984542 0.527845
vt 0.984330 0.523905
vt 0.974831 0.527845
vt 0.938874 0.866508
vt 0.943755 0.866277
vt 0.943293 0.856525
vt 0.491681 0.977869
vt 0.486833 0.977869
vt 0.490444 0.986167
vt 0.974510 0.649315
vt 0.984176 0.649972
vt 0.984176 0.646085
vt 0.392461 0.261596
vt 0.399669 0.261922
vt 0.391022 0.200894
vt 0.396201 0.605331
vt 0.452211 0.607747
vt 0.451753 0.604274
vt 0.094919 0.594465
vt 0.091988 0.584188
vt 0.008760 0.581526
vt 0.014231 0.064058
vt 0.021831 0.064736
vt 0.014779 0.012236
vt 0.008760 0.581526
vt 0.034149 0.593130
vt 0.094919 0.594465
vt 0.446821 0.686898
vt 0.526024 0.688505
vt 0.452211 0.607747
vt 0.396952 0.609526
vt 0.446821 0.686898
vt 0.452211 0.607747
vt 0.452211 0.607747
vt 0.396201 0.605331
vt 0.396952 0.609526
vt 0.355099 0.295432
vt 0.351497 0.338712
vt 0.355548 0.338837
vt 0.965004 0.730395
vt 0.963213 0.729364
vt 0.959492 0.733845
vt 0.859791 0.707867
vt 0.859463 0.701958
vt 0.853637 0.701968
vt 0.853637 0.701968
vt 0.853965 0.707877
vt 0.859791 0.707867
vt 0.963213 0.729364
vt 0.959538 0.731664
vt 0.959492 0.733845
vt 0.688505 0.597375
vt 0.686090 0.591466
vt 0.684540 0.593286
vt 0.684540 0.593286
vt 0.686265 0.597507
vt 0.688505 0.597375
vt 0.994897 0.222982
vt 0.988056 0.222982
vt 0.988056 0.228840
vt 0.988056 0.228840
vt 0.994897 0.228840
vt 0.994897 0.222982
vt 0.688505 0.597375
vt 0.686265 0.597507
vt 0.684540 0.601164
vt 0.685917 0.602861
vt 0.688505 0.597375
vt 0.684540 0.601164
vt 0.673391 0.622143
vt 0.673007 0.616325
vt 0.667194 0.616313
vt 0.667194 0.616313
vt 0.667578 0.622131
vt 0.673391 0.622143
vt 0.599559 0.084876
vt 0.676089 0.003129
vt 0.597884 0.001774
vt 0.848580 0.405397
vt 0.848754 0.418141
vt 0.864613 0.405857
vt 0.848580 0.363191
vt 0.848580 0.405397
vt 0.864613 0.405857
vt 0.355099 0.295432
vt 0.352023 0.295275
vt 0.351497 0.338712
vt 0.864613 0.405857
vt 0.866508 0.362491
vt 0.848580 0.363191
vt 0.007867 0.998533
vt 0.008570 0.998081
vt 0.007867 0.996894
vt 0.182596 0.991866
vt 0.181208 0.989303
vt 0.181208 0.994323
vt 0.895625 0.992152
vt 0.893562 0.989303
vt 0.893562 0.992252
vt 0.953831 0.912295
vt 0.951197 0.913348
vt 0.951608 0.928642
vt 0.951608 0.928642
vt 0.953831 0.928467
vt 0.953831 0.912295
vt 0.984433 0.643878
vt 0.984377 0.640799
vt 0.974566 0.643878
vt 0.094201 0.954676
vt 0.104115 0.968944
vt 0.104022 0.954943
vt 0.974510 0.640799
vt 0.974566 0.643878
vt 0.984377 0.640799
vt 0.957688 0.991469
vt 0.958579 0.991085
vt 0.957688 0.989303
vt 0.104115 0.968944
vt 0.094201 0.954676
vt 0.094297 0.968720
vt 0.730303 0.992880
vt 0.733791 0.992880
vt 0.733624 0.989303
vt 0.639248 0.361045
vt 0.643164 0.358124
vt 0.638145 0.357887
vt 0.712015 0.893621
vt 0.708589 0.892345
vt 0.708589 0.908490
vt 0.091374 0.968944
vt 0.094297 0.968720
vt 0.094201 0.954676
vt 0.643164 0.322862
vt 0.638145 0.357887
vt 0.643164 0.358124
vt 0.537844 0.852187
vt 0.523099 0.888339
vt 0.539049 0.888339
vt 0.638145 0.357887
vt 0.643164 0.322862
vt 0.639272 0.321908
vt 0.523099 0.888339
vt 0.537844 0.852187
vt 0.524775 0.852009
vt 0.419128 0.290986
vt 0.422908 0.283228
vt 0.418858 0.283112
vt 0.422908 0.283228
vt 0.419128 0.290986
vt 0.423178 0.291102
vt 0.064262 0.509982
vt 0.056385 0.509778
vt 0.064655 0.523935
vt 0.064262 0.509982
vt 0.064655 0.523935
vt 0.142163 0.523236
vt 0.418887 0.314517
vt 0.423178 0.291102
vt 0.419128 0.290986
vt 0.056775 0.523689
vt 0.064655 0.523935
vt 0.056385 0.509778
vt 0.032845 0.510054
vt 0.056775 0.523689
vt 0.056385 0.509778
vt 0.418887 0.314517
vt 0.421963 0.314666
vt 0.423178 0.291102
vt 0.056775 0.523689
vt 0.032845 0.510054
vt 0.001734 0.523194
vt 0.963787 0.816016
vt 0.963782 0.826925
vt 0.970624 0.827885
vt 0.970624 0.816006
vt 0.963787 0.816016
vt 0.970624 0.827885
vt 0.906811 0.881622
vt 0.901226 0.875346
vt 0.900669 0.879333
vt 0.906811 0.881622
vt 0.900669 0.879333
vt 0.894735 0.878985
vt 0.906811 0.881622
vt 0.894735 0.878985
vt 0.894943 0.880927
vt 0.967265 0.869232
vt 0.965311 0.869234
vt 0.965302 0.871286
vt 0.950334 0.034243
vt 0.950472 0.033275
vt 0.946603 0.032723
vt 0.965302 0.871286
vt 0.967256 0.871283
vt 0.967265 0.869232
vt 0.946603 0.032723
vt 0.947294 0.034796
vt 0.950334 0.034243
vt 0.948402 0.511430
vt 0.944512 0.511818
vt 0.947623 0.513470
vt 0.945581 0.512692
vt 0.947623 0.513470
vt 0.944512 0.511818
vt 0.967256 0.871283
vt 0.965302 0.871286
vt 0.967262 0.873225
vt 0.947017 0.036730
vt 0.950334 0.034243
vt 0.947294 0.034796
vt 0.947623 0.513470
vt 0.945581 0.512692
vt 0.944806 0.514775
vt 0.880031 0.989303
vt 0.880031 0.992310
vt 0.882038 0.990410
vt 0.944806 0.514775
vt 0.948793 0.515359
vt 0.947623 0.513470
vt 0.950334 0.034243
vt 0.947017 0.036730
vt 0.950058 0.036177
vt 0.947023 0.043661
vt 0.950058 0.036177
vt 0.947017 0.036730
vt 0.988056 0.294475
vt 0.988056 0.297393
vt 0.994995 0.295196
vt 0.947023 0.043661
vt 0.950063 0.043108
vt 0.950058 0.036177
vt 0.948793 0.515359
vt 0.944806 0.514775
vt 0.944512 0.521672
vt 0.948793 0.515359
vt 0.944512 0.521672
vt 0.948499 0.522256
vt 0.994959 0.297138
vt 0.994995 0.295196
vt 0.988056 0.297393
vt 0.910497 0.251227
vt 0.912367 0.267005
vt 0.913528 0.251383
vt 0.975200 0.341459
vt 0.984512 0.345403
vt 0.985202 0.341459
vt 0.682945 0.887862
vt 0.682835 0.915207
vt 0.686825 0.915042
vt 0.908503 0.266711
vt 0.912367 0.267005
vt 0.910497 0.251227
vt 0.908503 0.266711
vt 0.910497 0.251227
vt 0.908503 0.239274
vt 0.686825 0.915042
vt 0.686825 0.887686
vt 0.682945 0.887862
vt 0.906634 0.570374
vt 0.906634 0.597824
vt 0.912561 0.597439
vt 0.912561 0.597439
vt 0.913528 0.569921
vt 0.906634 0.570374
vt 0.340401 0.930321
vt 0.340894 0.928193
vt 0.340401 0.918228
vt 0.975200 0.341459
vt 0.974510 0.345403
vt 0.984512 0.345403
vt 0.637477 0.977868
vt 0.631693 0.985871
vt 0.637477 0.984778
vt 0.895056 0.779131
vt 0.889156 0.779444
vt 0.889130 0.811092
vt 0.988056 0.083296
vt 0.988459 0.085443
vt 0.995305 0.086383
vt 0.992083 0.083430
vt 0.988056 0.083296
vt 0.995305 0.086383
vt 0.995305 0.086383
vt 0.995171 0.083296
vt 0.992083 0.083430
vt 0.995160 0.268587
vt 0.991062 0.268167
vt 0.988056 0.268587
vt 0.893894 0.241816
vt 0.895970 0.217505
vt 0.894885 0.210499
vt 0.889130 0.811092
vt 0.895056 0.810672
vt 0.895056 0.779131
vt 0.631693 0.985871
vt 0.637477 0.977868
vt 0.631704 0.977992
vt 0.898415 0.709157
vt 0.890536 0.709162
vt 0.890536 0.740562
vt 0.890536 0.740562
vt 0.898410 0.740516
vt 0.898415 0.709157
vt 0.895592 0.236121
vt 0.897909 0.217747
vt 0.895970 0.217505
vt 0.893894 0.241816
vt 0.895592 0.236121
vt 0.895970 0.217505
vt 0.895592 0.236121
vt 0.899598 0.235659
vt 0.897909 0.217747
vt 0.689389 0.982540
vt 0.692935 0.985882
vt 0.692935 0.979456
vt 0.821887 0.257637
vt 0.822847 0.240911
vt 0.817968 0.240911
vt 0.689389 0.982540
vt 0.692935 0.979456
vt 0.691520 0.977868
vt 0.818955 0.258609
vt 0.821887 0.257637
vt 0.817968 0.240911
vt 0.361064 0.278847
vt 0.361595 0.295553
vt 0.366083 0.278847
vt 0.994535 0.486499
vt 0.993022 0.485288
vt 0.988056 0.486499
vt 0.952150 0.436295
vt 0.953831 0.419930
vt 0.952150 0.419612
vt 0.953831 0.419930
vt 0.952150 0.436295
vt 0.953831 0.436613
vt 0.893709 0.564238
vt 0.894870 0.562387
vt 0.895247 0.558497
vt 0.894870 0.562387
vt 0.893709 0.564238
vt 0.901773 0.562072
vt 0.668555 0.985764
vt 0.675357 0.985764
vt 0.675216 0.977886
vt 0.901591 0.564040
vt 0.901773 0.562072
vt 0.893709 0.564238
vt 0.675216 0.977886
vt 0.669391 0.977869
vt 0.668555 0.985764
vt 0.469610 0.915757
vt 0.467362 0.917346
vt 0.472788 0.920346
vt 0.463221 0.912593
vt 0.467362 0.917346
vt 0.469610 0.915757
vt 0.989862 0.426345
vt 0.994746 0.423658
vt 0.988056 0.423658
vt 0.961592 0.288565
vt 0.965586 0.288836
vt 0.965407 0.281825
vt 0.965407 0.281825
vt 0.961413 0.281554
vt 0.961592 0.288565
vt 0.470540 0.921935
vt 0.472788 0.920346
vt 0.467362 0.917346
vt 0.955718 0.799337
vt 0.960213 0.794694
vt 0.960548 0.789092
vt 0.955718 0.784695
vt 0.955718 0.799337
vt 0.960548 0.789092
vt 0.467362 0.917346
vt 0.463221 0.912593
vt 0.462866 0.914614
vt 0.984329 0.656092
vt 0.979423 0.656823
vt 0.979824 0.660681
vt 0.472788 0.920346
vt 0.470540 0.921935
vt 0.471630 0.927156
vt 0.993463 0.462938
vt 0.988056 0.466204
vt 0.994571 0.466204
vt 0.967265 0.008250
vt 0.966754 0.002375
vt 0.962857 0.002076
vt 0.471630 0.927156
vt 0.473557 0.927483
vt 0.472788 0.920346
vt 0.962857 0.002076
vt 0.963293 0.008925
vt 0.967265 0.008250
vt 0.978797 0.674055
vt 0.979380 0.670068
vt 0.974510 0.669574
vt 0.473557 0.927483
vt 0.471630 0.927156
vt 0.470667 0.932903
vt 0.966754 0.015113
vt 0.967265 0.008250
vt 0.963293 0.008925
vt 0.963293 0.008925
vt 0.962857 0.014814
vt 0.966754 0.015113
vt 0.979380 0.670068
vt 0.978797 0.674055
vt 0.984322 0.669574
vt 0.471630 0.927156
vt 0.468901 0.931618
vt 0.470667 0.932903
vt 0.984312 0.521683
vt 0.984628 0.518793
vt 0.974826 0.518793
vt 0.562295 0.951609
vt 0.568813 0.958869
vt 0.570955 0.956894
vt 0.974826 0.518793
vt 0.974510 0.521683
vt 0.984312 0.521683
vt 0.570955 0.956894
vt 0.564437 0.949635
vt 0.562295 0.951609
vt 0.525615 0.827858
vt 0.511004 0.828459
vt 0.517964 0.835387
vt 0.525615 0.827858
vt 0.517964 0.835387
vt 0.525615 0.842998
vt 0.958869 0.778399
vt 0.958869 0.772871
vt 0.954082 0.767342
vt 0.954082 0.782544
vt 0.958869 0.778399
vt 0.954082 0.767342
vt 0.974810 0.476486
vt 0.984729 0.477451
vt 0.984328 0.473593
vt 0.984328 0.473593
vt 0.974510 0.473593
vt 0.974810 0.476486
vt 0.961413 0.281554
vt 0.965407 0.281825
vt 0.961592 0.275851
vt 0.994313 0.585998
vt 0.989292 0.584404
vt 0.988056 0.585998
vt 0.463221 0.912593
vt 0.457119 0.913529
vt 0.457761 0.915608
vt 0.965586 0.276121
vt 0.961592 0.275851
vt 0.965407 0.281825
vt 0.261527 0.483633
vt 0.409675 0.483632
vt 0.409744 0.481608
vt 0.261693 0.480557
vt 0.261527 0.483633
vt 0.409744 0.481608
vt 0.979423 0.656823
vt 0.974510 0.656092
vt 0.979824 0.660681
vt 0.570955 0.943649
vt 0.569633 0.942210
vt 0.564437 0.949635
vt 0.024128 0.987039
vt 0.024128 0.978192
vt 0.021214 0.977869
vt 0.021214 0.977869
vt 0.021214 0.986716
vt 0.024128 0.987039
vt 0.039490 0.977868
vt 0.036576 0.978192
vt 0.039490 0.986709
vt 0.563115 0.948195
vt 0.564437 0.949635
vt 0.569633 0.942210
vt 0.451660 0.916544
vt 0.457761 0.915608
vt 0.457119 0.913529
vt 0.883426 0.977869
vt 0.883426 0.985490
vt 0.886418 0.980028
vt 0.457761 0.915608
vt 0.451660 0.916544
vt 0.453266 0.918786
vt 0.809172 0.165646
vt 0.809172 0.171157
vt 0.814451 0.174645
vt 0.814451 0.174645
vt 0.814451 0.160868
vt 0.809172 0.165646
vt 0.451466 0.923517
vt 0.453266 0.918786
vt 0.451660 0.916544
vt 0.994943 0.306828
vt 0.988056 0.310273
vt 0.994943 0.310476
vt 0.963907 0.646927
vt 0.960009 0.647227
vt 0.960462 0.653111
vt 0.449539 0.923190
vt 0.451466 0.923517
vt 0.451660 0.916544
vt 0.960462 0.653111
vt 0.963460 0.653859
vt 0.963907 0.646927
vt 0.974510 0.667367
vt 0.979491 0.666875
vt 0.978907 0.662888
vt 0.511004 0.842223
vt 0.517964 0.835387
vt 0.511004 0.828459
vt 0.036576 0.987033
vt 0.039490 0.986709
vt 0.036576 0.978192
vt 0.556597 0.940935
vt 0.554455 0.942910
vt 0.563115 0.948195
vt 0.974510 0.516586
vt 0.984312 0.516586
vt 0.984628 0.513697
vt 0.974510 0.516586
vt 0.984628 0.513697
vt 0.974826 0.513697
vt 0.451466 0.923517
vt 0.449539 0.923190
vt 0.449539 0.929100
vt 0.984329 0.667367
vt 0.978907 0.662888
vt 0.979491 0.666875
vt 0.449539 0.929100
vt 0.451627 0.928469
vt 0.451466 0.923517
vt 0.963460 0.653859
vt 0.960462 0.653111
vt 0.960009 0.659957
vt 0.960009 0.659957
vt 0.963907 0.659657
vt 0.963460 0.653859
vt 0.560973 0.950170
vt 0.563115 0.948195
vt 0.554455 0.942910
vt 0.974810 0.511490
vt 0.984328 0.508596
vt 0.974510 0.508596
vt 0.564437 0.949635
vt 0.563115 0.948195
vt 0.562295 0.951609
vt 0.517964 0.835387
vt 0.511004 0.842223
vt 0.525615 0.842998
vt 0.560973 0.950170
vt 0.562295 0.951609
vt 0.563115 0.948195
vt 0.029248 0.987039
vt 0.029248 0.978192
vt 0.026335 0.977869
vt 0.562295 0.951609
vt 0.560973 0.950170
vt 0.555777 0.957595
vt 0.026335 0.977869
vt 0.026335 0.986716
vt 0.029248 0.987039
vt 0.974810 0.511490
vt 0.984629 0.511490
vt 0.984328 0.508596
vt 0.034369 0.977869
vt 0.031455 0.978193
vt 0.034369 0.986710
vt 0.554455 0.956155
vt 0.555777 0.957595
vt 0.560973 0.950170
vt 0.031455 0.987034
vt 0.034369 0.986710
vt 0.031455 0.978193
vt 0.461802 0.917449
vt 0.456345 0.921980
vt 0.456695 0.927543
vt 0.461802 0.917449
vt 0.456695 0.927543
vt 0.461802 0.932000
vt 0.464405 0.934796
vt 0.470667 0.932903
vt 0.468901 0.931618
vt 0.470667 0.932903
vt 0.464405 0.934796
vt 0.466010 0.937038
vt 0.988056 0.614073
vt 0.994187 0.613468
vt 0.988056 0.610652
vt 0.459106 0.936853
vt 0.466010 0.937038
vt 0.464405 0.934796
vt 0.979945 0.680742
vt 0.979524 0.684594
vt 0.984312 0.684941
vt 0.464405 0.934796
vt 0.459427 0.934937
vt 0.459106 0.936853
vt 0.992803 0.175541
vt 0.988056 0.178348
vt 0.995130 0.178348
vt 0.965189 0.155812
vt 0.961596 0.162890
vt 0.965586 0.162603
vt 0.961596 0.162890
vt 0.965189 0.155812
vt 0.961323 0.156125
vt 0.979945 0.680742
vt 0.974510 0.684941
vt 0.979524 0.684594
vt 0.459427 0.934937
vt 0.454804 0.933058
vt 0.459106 0.936853
vt 0.451627 0.928469
vt 0.449539 0.929100
vt 0.454804 0.933058
vt 0.453520 0.934810
vt 0.454804 0.933058
vt 0.449539 0.929100
vt 0.988056 0.319921
vt 0.994948 0.317675
vt 0.988056 0.316579
vt 0.454804 0.933058
vt 0.453520 0.934810
vt 0.459106 0.936853
vt 0.994146 0.525650
vt 0.988056 0.529138
vt 0.994355 0.529138
vt 0.965586 0.149866
vt 0.961596 0.150153
vt 0.965189 0.155812
vt 0.961323 0.156125
vt 0.965189 0.155812
vt 0.961596 0.150153
vt 0.384650 0.003004
vt 0.387654 0.005020
vt 0.389593 0.005038
vt 0.389593 0.005038
vt 0.389512 0.002071
vt 0.384650 0.003004
vt 0.942076 0.804787
vt 0.939282 0.798528
vt 0.939282 0.811092
vt 0.182841 0.565200
vt 0.189759 0.570955
vt 0.187663 0.564161
vt 0.988056 0.443090
vt 0.994648 0.443090
vt 0.994384 0.439927
vt 0.413103 0.197001
vt 0.398500 0.201463
vt 0.413103 0.349290
vt 0.237335 0.005038
vt 0.384650 0.003004
vt 0.389512 0.002071
vt 0.237241 0.003048
vt 0.237335 0.005038
vt 0.389512 0.002071
vt 0.874621 0.953893
vt 0.879943 0.954317
vt 0.879943 0.941027
vt 0.870052 0.938942
vt 0.874621 0.953893
vt 0.879943 0.941027
vt 0.594241 0.096479
vt 0.585412 0.189682
vt 0.594465 0.189759
vt 0.189759 0.570955
vt 0.182841 0.565200
vt 0.096361 0.563117
vt 0.189759 0.570955
vt 0.096361 0.563117
vt 0.096428 0.566040
vt 0.989911 0.551367
vt 0.994291 0.548897
vt 0.988056 0.548897
vt 0.874621 0.953893
vt 0.870052 0.938942
vt 0.863945 0.945915
vt 0.993486 0.378434
vt 0.988056 0.379993
vt 0.994896 0.379993
vt 0.993478 0.767211
vt 0.988056 0.764323
vt 0.988704 0.766410
vt 0.863945 0.945915
vt 0.870552 0.957190
vt 0.874621 0.953893
vt 0.003498 0.696403
vt 0.002554 0.775827
vt 0.011755 0.775827
vt 0.585412 0.189682
vt 0.594241 0.096479
vt 0.586202 0.096302
vt 0.585412 0.189682
vt 0.586202 0.096302
vt 0.578503 0.096094
vt 0.248998 0.008641
vt 0.383549 0.023510
vt 0.386234 0.008641
vt 0.488978 0.279960
vt 0.488931 0.285416
vt 0.493571 0.285478
vt 0.516759 0.105795
vt 0.520577 0.032505
vt 0.516759 0.031714
vt 0.988056 0.764323
vt 0.993478 0.767211
vt 0.993930 0.764323
vt 0.513860 0.065884
vt 0.512559 0.072373
vt 0.513860 0.141060
vt 0.942837 0.666624
vt 0.942837 0.678429
vt 0.945435 0.671257
vt 0.988056 0.968642
vt 0.993459 0.970736
vt 0.993459 0.967663
vt 0.190445 0.575256
vt 0.188538 0.573279
vt 0.186349 0.581031
vt 0.279785 0.575673
vt 0.190445 0.575256
vt 0.186349 0.581031
vt 0.712867 0.439664
vt 0.706993 0.437767
vt 0.706993 0.520455
vt 0.673561 0.409744
vt 0.678429 0.397124
vt 0.673561 0.329433
vt 0.706993 0.520455
vt 0.715373 0.520577
vt 0.712867 0.439664
vt 0.500425 0.195360
vt 0.497866 0.194319
vt 0.500425 0.277081
vt 0.279785 0.575673
vt 0.279833 0.572743
vt 0.190445 0.575256
vt 0.686796 0.630275
vt 0.612197 0.630725
vt 0.686825 0.709431
vt 0.497866 0.194319
vt 0.496920 0.272761
vt 0.500425 0.277081
vt 0.035628 0.568266
vt 0.096428 0.566040
vt 0.096361 0.563117
vt 0.446821 0.686898
vt 0.396952 0.609526
vt 0.391480 0.687301
vt 0.096361 0.563117
vt 0.035515 0.563395
vt 0.035628 0.568266
vt 0.585941 0.035434
vt 0.586202 0.096302
vt 0.594241 0.096479
vt 0.594241 0.096479
vt 0.593980 0.035611
vt 0.585941 0.035434
vt 0.578242 0.035226
vt 0.578503 0.096094
vt 0.586202 0.096302
vt 0.586202 0.096302
vt 0.585941 0.035434
vt 0.578242 0.035226
vt 0.279833 0.572743
vt 0.279785 0.575673
vt 0.369156 0.574137
vt 0.612197 0.630725
vt 0.539412 0.628733
vt 0.539441 0.707890
vt 0.612607 0.712015
vt 0.686825 0.709431
vt 0.612197 0.630725
vt 0.539441 0.707890
vt 0.612607 0.712015
vt 0.612197 0.630725
vt 0.279785 0.575673
vt 0.340610 0.577594
vt 0.369156 0.574137
vt 0.984328 0.737951
vt 0.974510 0.735019
vt 0.974511 0.737951
vt 0.859501 0.957930
vt 0.864829 0.952691
vt 0.862734 0.950188
vt 0.974510 0.735019
vt 0.984328 0.737951
vt 0.984326 0.735019
vt 0.974510 0.428826
vt 0.975912 0.438103
vt 0.980750 0.430256
vt 0.965586 0.429896
vt 0.965586 0.417627
vt 0.962409 0.424550
vt 0.859501 0.957930
vt 0.863225 0.957646
vt 0.864829 0.952691
vt 0.785047 0.235122
vt 0.784807 0.240930
vt 0.797740 0.235619
vt 0.795548 0.241351
vt 0.797740 0.235619
vt 0.784807 0.240930
vt 0.797740 0.235619
vt 0.795548 0.241351
vt 0.801386 0.242805
vt 0.801386 0.242805
vt 0.804375 0.240726
vt 0.797740 0.235619
vt 0.991008 0.782375
vt 0.993970 0.780627
vt 0.988056 0.780627
vt 0.804375 0.240726
vt 0.801386 0.242805
vt 0.804375 0.265222
vt 0.801386 0.242805
vt 0.798397 0.243401
vt 0.797540 0.264955
vt 0.801386 0.242805
vt 0.797540 0.264955
vt 0.800489 0.265326
vt 0.800489 0.265326
vt 0.804375 0.265222
vt 0.801386 0.242805
vt 0.952478 0.826826
vt 0.955336 0.829564
vt 0.957190 0.822190
vt 0.957190 0.822190
vt 0.952117 0.821245
vt 0.952478 0.826826
vt 0.717421 0.985913
vt 0.719976 0.984298
vt 0.717421 0.977868
vt 0.957190 0.822190
vt 0.957190 0.814194
vt 0.952117 0.821245
vt 0.984576 0.435995
vt 0.975912 0.438103
vt 0.984044 0.438103
vt 0.984576 0.435995
vt 0.980750 0.430256
vt 0.975912 0.438103
vt 0.444799 0.977868
vt 0.447711 0.986094
vt 0.452330 0.977868
vt 0.264497 0.952916
vt 0.264497 0.960548
vt 0.268685 0.954167
vt 0.081292 0.980376
vt 0.077023 0.977868
vt 0.077023 0.986869
vt 0.268685 0.954167
vt 0.266240 0.945542
vt 0.264497 0.952916
vt 0.053737 0.930155
vt 0.051051 0.925040
vt 0.051051 0.938717
vt 0.204259 0.949019
vt 0.209910 0.951411
vt 0.204388 0.941129
vt 0.204388 0.941129
vt 0.209910 0.951411
vt 0.208799 0.945401
vt 0.204259 0.956905
vt 0.208380 0.957189
vt 0.204259 0.949019
vt 0.994776 0.421451
vt 0.993366 0.419055
vt 0.988056 0.421451
vt 0.015433 0.987010
vt 0.019007 0.981319
vt 0.015433 0.977868
vt 0.208380 0.957189
vt 0.209910 0.951411
vt 0.204259 0.949019
vt 0.310470 0.028309
vt 0.293256 0.091601
vt 0.350068 0.083660
vt 0.250517 0.970081
vt 0.251892 0.972883
vt 0.251892 0.966872
vt 0.988056 0.606528
vt 0.989069 0.608445
vt 0.994280 0.606528
vt 0.970624 0.381193
vt 0.965067 0.375289
vt 0.964683 0.381196
vt 0.993048 0.693353
vt 0.989004 0.693353
vt 0.994123 0.695322
vt 0.989004 0.693353
vt 0.988056 0.695322
vt 0.994123 0.695322
vt 0.970624 0.369468
vt 0.964683 0.369471
vt 0.965067 0.375289
vt 0.965067 0.375289
vt 0.970624 0.381193
vt 0.970039 0.375284
vt 0.970039 0.375284
vt 0.970624 0.369468
vt 0.965067 0.375289
vt 0.880136 0.483804
vt 0.884980 0.483814
vt 0.880008 0.453527
vt 0.884012 0.453520
vt 0.880008 0.453527
vt 0.884980 0.483814
vt 0.923532 0.414782
vt 0.916698 0.414530
vt 0.918579 0.416555
vt 0.918579 0.416555
vt 0.922520 0.415722
vt 0.923532 0.414782
vt 0.994966 0.270794
vt 0.988056 0.270795
vt 0.988184 0.274689
vt 0.988184 0.274689
vt 0.994966 0.274702
vt 0.994966 0.270794
vt 0.197462 0.977877
vt 0.192577 0.977869
vt 0.197462 0.986617
vt 0.915207 0.273414
vt 0.910335 0.300591
vt 0.915207 0.300543
vt 0.908094 0.804373
vt 0.916887 0.804375
vt 0.908094 0.777011
vt 0.918566 0.100757
vt 0.913684 0.097825
vt 0.909779 0.100757
vt 0.913684 0.094893
vt 0.913684 0.097825
vt 0.918566 0.100757
vt 0.192577 0.986609
vt 0.197462 0.986617
vt 0.192577 0.977869
vt 0.914661 0.077303
vt 0.913684 0.094893
vt 0.918566 0.100757
vt 0.918566 0.073394
vt 0.914661 0.077303
vt 0.918566 0.100757
vt 0.910335 0.300591
vt 0.915207 0.273414
vt 0.910335 0.273463
vt 0.947411 0.827885
vt 0.952152 0.810924
vt 0.947411 0.809925
vt 0.064267 0.031906
vt 0.067171 0.031791
vt 0.065235 0.012364
vt 0.268685 0.923800
vt 0.264981 0.943022
vt 0.268685 0.943755
vt 0.916887 0.777013
vt 0.908094 0.777011
vt 0.916887 0.804375
vt 0.026868 0.049284
vt 0.025900 0.049288
vt 0.024931 0.068850
vt 0.914661 0.077303
vt 0.912708 0.094893
vt 0.913684 0.094893
vt 0.067171 0.012287
vt 0.065235 0.012364
vt 0.067171 0.031791
vt 0.024931 0.068850
vt 0.026868 0.068842
vt 0.026868 0.049284
vt 0.251743 0.941174
vt 0.232478 0.958221
vt 0.251892 0.958869
vt 0.202856 0.989310
vt 0.198947 0.989303
vt 0.202856 0.994166
vt 0.745061 0.917016
vt 0.745061 0.940397
vt 0.748959 0.940370
vt 0.933832 0.942075
vt 0.934809 0.941098
vt 0.934809 0.939143
vt 0.938717 0.942076
vt 0.934809 0.941098
vt 0.933832 0.942075
vt 0.933832 0.942075
vt 0.934809 0.939143
vt 0.933832 0.922531
vt 0.933832 0.942075
vt 0.933832 0.922531
vt 0.932855 0.918622
vt 0.748959 0.940370
vt 0.748959 0.916990
vt 0.745061 0.917016
vt 0.198947 0.994159
vt 0.202856 0.994166
vt 0.198947 0.989303
vt 0.934539 0.433310
vt 0.934539 0.456764
vt 0.939420 0.456764
vt 0.939420 0.456764
vt 0.940397 0.433310
vt 0.934539 0.433310
vt 0.934809 0.939143
vt 0.936763 0.939144
vt 0.933832 0.922531
vt 0.232478 0.958221
vt 0.251743 0.941174
vt 0.232255 0.941369
vt 0.950843 0.705298
vt 0.952152 0.685761
vt 0.940453 0.685761
vt 0.940453 0.685761
vt 0.943028 0.705126
vt 0.950843 0.705298
vt 0.155796 0.935974
vt 0.155796 0.955510
vt 0.167928 0.939746
vt 0.670958 0.185903
vt 0.681788 0.173296
vt 0.670094 0.173310
vt 0.940115 0.650913
vt 0.947555 0.670033
vt 0.953831 0.650913
vt 0.659293 0.174163
vt 0.616318 0.176993
vt 0.659247 0.187855
vt 0.232255 0.938462
vt 0.232255 0.941369
vt 0.251743 0.941174
vt 0.947114 0.466825
vt 0.942270 0.447255
vt 0.941757 0.466840
vt 0.914661 0.077303
vt 0.918566 0.073394
vt 0.909779 0.073394
vt 0.933832 0.922531
vt 0.933832 0.919599
vt 0.932855 0.918622
vt 0.947114 0.466825
vt 0.947114 0.447297
vt 0.942270 0.447255
vt 0.933832 0.919599
vt 0.938717 0.919600
vt 0.938717 0.918623
vt 0.938717 0.918623
vt 0.932855 0.918622
vt 0.933832 0.919599
vt 0.215476 0.986588
vt 0.215476 0.977868
vt 0.210590 0.977878
vt 0.210590 0.977878
vt 0.210590 0.986598
vt 0.215476 0.986588
vt 0.993877 0.773327
vt 0.988056 0.769418
vt 0.988064 0.773327
vt 0.988056 0.769418
vt 0.993877 0.773327
vt 0.993869 0.769418
vt 0.953831 0.397790
vt 0.946016 0.416461
vt 0.953794 0.415679
vt 0.946016 0.416461
vt 0.953831 0.397790
vt 0.943042 0.397790
vt 0.063935 0.977869
vt 0.064982 0.986842
vt 0.069855 0.986835
vt 0.069855 0.986835
vt 0.069855 0.977987
vt 0.063935 0.977869
vt 0.910419 0.836143
vt 0.919268 0.809518
vt 0.910419 0.809511
vt 0.938717 0.193636
vt 0.934016 0.195539
vt 0.938717 0.216627
vt 0.921925 0.484736
vt 0.912972 0.483808
vt 0.917503 0.489199
vt 0.935857 0.832073
vt 0.942076 0.832923
vt 0.942076 0.812030
vt 0.988056 0.512958
vt 0.994359 0.517024
vt 0.994218 0.512958
vt 0.925870 0.578782
vt 0.926962 0.577935
vt 0.920895 0.579117
vt 0.994359 0.517024
vt 0.988056 0.512958
vt 0.988337 0.516975
vt 0.926958 0.442044
vt 0.921025 0.441812
vt 0.926962 0.466840
vt 0.989956 0.130364
vt 0.988056 0.133300
vt 0.995228 0.133300
vt 0.836215 0.985520
vt 0.836215 0.977869
vt 0.831683 0.983169
vt 0.708656 0.774810
vt 0.702969 0.774556
vt 0.708656 0.789261
vt 0.620680 0.795956
vt 0.620680 0.808845
vt 0.624692 0.809413
vt 0.896735 0.686685
vt 0.892368 0.686685
vt 0.895845 0.700260
vt 0.624692 0.809413
vt 0.624692 0.796524
vt 0.620680 0.795956
vt 0.928642 0.952152
vt 0.928642 0.933463
vt 0.920383 0.941619
vt 0.547445 0.245549
vt 0.543980 0.246150
vt 0.546822 0.259160
vt 0.362724 0.621303
vt 0.362724 0.607387
vt 0.355964 0.608757
vt 0.355896 0.621699
vt 0.362724 0.621303
vt 0.355964 0.608757
vt 0.776556 0.949093
vt 0.789262 0.963907
vt 0.789261 0.951001
vt 0.892368 0.686685
vt 0.893626 0.700155
vt 0.895845 0.700260
vt 0.543980 0.246150
vt 0.545538 0.259656
vt 0.546822 0.259160
vt 0.705152 0.788938
vt 0.708656 0.789261
vt 0.702969 0.774556
vt 0.749673 0.989303
vt 0.748073 0.990490
vt 0.749673 0.992920
vt 0.821588 0.992489
vt 0.823046 0.989303
vt 0.820140 0.989303
vt 0.231741 0.714688
vt 0.229557 0.714639
vt 0.231327 0.785074
vt 0.360429 0.707842
vt 0.359428 0.772155
vt 0.360402 0.772234
vt 0.355896 0.621699
vt 0.359866 0.622441
vt 0.362724 0.621303
vt 0.359866 0.622441
vt 0.355896 0.621699
vt 0.356677 0.688505
vt 0.229557 0.785903
vt 0.231327 0.785074
vt 0.229557 0.714639
vt 0.808445 0.273150
vt 0.812771 0.273723
vt 0.812771 0.207340
vt 0.547445 0.330818
vt 0.546822 0.259160
vt 0.545538 0.259656
vt 0.789262 0.963907
vt 0.776556 0.949093
vt 0.776556 0.962042
vt 0.701939 0.752317
vt 0.701939 0.739319
vt 0.698859 0.739055
vt 0.698859 0.739055
vt 0.699841 0.751780
vt 0.701939 0.752317
vt 0.960189 0.682912
vt 0.960548 0.669035
vt 0.956182 0.669035
vt 0.956655 0.683467
vt 0.960189 0.682912
vt 0.956182 0.669035
vt 0.020083 0.547983
vt 0.007403 0.560879
vt 0.020151 0.560879
vt 0.762768 0.030227
vt 0.762768 0.073199
vt 0.826206 0.001985
vt 0.550506 0.623608
vt 0.618034 0.624692
vt 0.610918 0.617941
vt 0.547670 0.614410
vt 0.550506 0.623608
vt 0.610918 0.617941
vt 0.058201 0.968944
vt 0.070530 0.968801
vt 0.060488 0.955100
vt 0.070530 0.955061
vt 0.060488 0.955100
vt 0.070530 0.968801
vt 0.493054 0.913657
vt 0.483606 0.913194
vt 0.483109 0.926962
vt 0.495608 0.926962
vt 0.493054 0.913657
vt 0.483109 0.926962
vt 0.781666 0.520577
vt 0.791256 0.513936
vt 0.781666 0.510492
vt 0.781666 0.520577
vt 0.791993 0.518173
vt 0.791256 0.513936
vt 0.988056 0.713030
vt 0.992393 0.711996
vt 0.991019 0.708693
vt 0.488685 0.904124
vt 0.483606 0.913194
vt 0.491619 0.904412
vt 0.491619 0.904412
vt 0.488238 0.900510
vt 0.488685 0.904124
vt 0.493054 0.913657
vt 0.491619 0.904412
vt 0.483606 0.913194
vt 0.544591 0.981888
vt 0.548172 0.979063
vt 0.545509 0.977869
vt 0.195003 0.989303
vt 0.195003 0.994285
vt 0.196740 0.992963
vt 0.544591 0.981888
vt 0.547692 0.982217
vt 0.548172 0.979063
vt 0.988056 0.704463
vt 0.990893 0.705533
vt 0.994156 0.704463
vt 0.547692 0.982217
vt 0.544591 0.981888
vt 0.544635 0.986103
vt 0.544635 0.986103
vt 0.548172 0.985568
vt 0.547692 0.982217
vt 0.521815 0.476960
vt 0.530682 0.529138
vt 0.542407 0.529145
vt 0.542407 0.529145
vt 0.542318 0.477814
vt 0.521815 0.476960
vt 0.256243 0.227471
vt 0.350068 0.083660
vt 0.293256 0.091601
vt 0.818723 0.072923
vt 0.762768 0.073199
vt 0.763526 0.083964
vt 0.006717 0.794747
vt 0.002779 0.841213
vt 0.006717 0.844678
vt 0.762768 0.073199
vt 0.818723 0.072923
vt 0.826206 0.001985
vt 0.914730 0.333889
vt 0.915207 0.307065
vt 0.909263 0.307065
vt 0.919268 0.809518
vt 0.910419 0.836143
vt 0.920245 0.836281
vt 0.909263 0.307065
vt 0.909743 0.334177
vt 0.914730 0.333889
vt 0.912984 0.510501
vt 0.917503 0.489199
vt 0.912972 0.483808
vt 0.807146 0.923310
vt 0.804287 0.922788
vt 0.807267 0.945169
vt 0.825200 0.945435
vt 0.807146 0.923310
vt 0.807267 0.945169
vt 0.912984 0.510501
vt 0.917513 0.507008
vt 0.917503 0.489199
vt 0.926962 0.577935
vt 0.925870 0.578782
vt 0.925503 0.581690
vt 0.926962 0.577935
vt 0.925503 0.581690
vt 0.926834 0.602625
vt 0.921418 0.098594
vt 0.925283 0.074165
vt 0.921418 0.073681
vt 0.825200 0.945435
vt 0.826206 0.922788
vt 0.807146 0.923310
vt 0.925503 0.581690
vt 0.925140 0.600442
vt 0.926834 0.602625
vt 0.873634 0.057096
vt 0.881570 0.046313
vt 0.873634 0.045925
vt 0.881622 0.055547
vt 0.881570 0.046313
vt 0.873634 0.057096
vt 0.701939 0.314519
vt 0.701939 0.303710
vt 0.695030 0.312659
vt 0.663684 0.723770
vt 0.671712 0.714036
vt 0.663684 0.712553
vt 0.052514 0.941281
vt 0.059384 0.941032
vt 0.059258 0.930787
vt 0.701939 0.314519
vt 0.695030 0.312659
vt 0.690707 0.320742
vt 0.111670 0.774990
vt 0.119150 0.764664
vt 0.111798 0.764664
vt 0.945435 0.878535
vt 0.940048 0.869928
vt 0.939931 0.882442
vt 0.111670 0.774990
vt 0.119229 0.775827
vt 0.119150 0.764664
vt 0.945435 0.878535
vt 0.939931 0.882442
vt 0.945435 0.890018
vt 0.593245 0.957842
vt 0.587491 0.948554
vt 0.587491 0.961415
vt 0.954288 0.591659
vt 0.956062 0.599503
vt 0.965294 0.599503
vt 0.954288 0.591659
vt 0.965294 0.599503
vt 0.965586 0.591657
vt 0.965586 0.591657
vt 0.956129 0.584846
vt 0.954288 0.591659
vt 0.687999 0.304970
vt 0.695030 0.312659
vt 0.696020 0.302864
vt 0.593245 0.957842
vt 0.595539 0.946656
vt 0.587491 0.948554
vt 0.472965 0.542407
vt 0.479815 0.538536
vt 0.438849 0.471733
vt 0.479815 0.538536
vt 0.447643 0.471739
vt 0.438849 0.471733
vt 0.921025 0.466565
vt 0.926962 0.466840
vt 0.921025 0.441812
vt 0.925283 0.074165
vt 0.921418 0.098594
vt 0.925283 0.099077
vt 0.751795 0.291507
vt 0.751795 0.310667
vt 0.757355 0.309891
vt 0.937954 0.122766
vt 0.942076 0.144418
vt 0.942076 0.122750
vt 0.925140 0.600442
vt 0.921017 0.601892
vt 0.926834 0.602625
vt 0.768417 0.589717
vt 0.772144 0.585640
vt 0.767119 0.585648
vt 0.062133 0.819683
vt 0.056985 0.818607
vt 0.061639 0.834602
vt 0.620721 0.787378
vt 0.624692 0.773721
vt 0.620333 0.772811
vt 0.350068 0.083660
vt 0.256243 0.227471
vt 0.377838 0.182369
vt 0.403418 0.992769
vt 0.405159 0.993654
vt 0.405159 0.989303
vt 0.989020 0.276909
vt 0.993996 0.280822
vt 0.994960 0.276909
vt 0.853777 0.989303
vt 0.853777 0.992200
vt 0.855777 0.990306
vt 0.003774 0.800311
vt 0.005038 0.787441
vt 0.001952 0.787595
vt 0.967265 0.056820
vt 0.964949 0.056984
vt 0.967265 0.068851
vt 0.001952 0.801016
vt 0.003774 0.800311
vt 0.001952 0.787595
vt 0.881219 0.977868
vt 0.878513 0.984226
vt 0.881219 0.985520
vt 0.137701 0.544272
vt 0.134612 0.544203
vt 0.135546 0.557235
vt 0.989956 0.135507
vt 0.988056 0.138443
vt 0.995228 0.138443
vt 0.651463 0.603951
vt 0.658278 0.592641
vt 0.651463 0.592051
vt 0.832923 0.645378
vt 0.826028 0.644923
vt 0.832923 0.658278
vt 0.134612 0.557521
vt 0.135546 0.557235
vt 0.134612 0.544203
vt 0.864829 0.065361
vt 0.861339 0.065795
vt 0.863551 0.078926
vt 0.826030 0.657866
vt 0.832923 0.658278
vt 0.826028 0.644923
vt 0.658278 0.592641
vt 0.651463 0.603951
vt 0.658278 0.604541
vt 0.861339 0.065795
vt 0.861368 0.078926
vt 0.863551 0.078926
vt 0.853777 0.992200
vt 0.855932 0.992426
vt 0.855777 0.990306
vt 0.642819 0.960548
vt 0.644844 0.949477
vt 0.642819 0.948656
vt 0.600768 0.235911
vt 0.601182 0.224081
vt 0.598999 0.224081
vt 0.600336 0.236778
vt 0.600768 0.235911
vt 0.598999 0.224081
vt 0.866199 0.739846
vt 0.864498 0.752317
vt 0.868188 0.752317
vt 0.366083 0.343682
vt 0.362529 0.354089
vt 0.366083 0.356007
vt 0.362297 0.355037
vt 0.366083 0.356007
vt 0.362529 0.354089
vt 0.600409 0.992822
vt 0.602301 0.993307
vt 0.602301 0.989303
vt 0.994957 0.355969
vt 0.994961 0.354993
vt 0.988169 0.355969
vt 0.988056 0.353980
vt 0.988169 0.355969
vt 0.994961 0.354993
vt 0.521900 0.253652
vt 0.521815 0.476960
vt 0.542318 0.477814
vt 0.542318 0.477814
vt 0.542407 0.252568
vt 0.521900 0.253652
vt 0.518028 0.256940
vt 0.517944 0.474307
vt 0.521815 0.476960
vt 0.521900 0.253652
vt 0.518028 0.256940
vt 0.521815 0.476960
vt 0.682907 0.827885
vt 0.691863 0.758411
vt 0.682907 0.756045
vt 0.450584 0.360799
vt 0.447643 0.471739
vt 0.517944 0.474307
vt 0.518028 0.256940
vt 0.450584 0.360799
vt 0.517944 0.474307
vt 0.984376 0.598801
vt 0.983677 0.592946
vt 0.974871 0.593819
vt 0.974871 0.593819
vt 0.974510 0.598801
vt 0.984376 0.598801
vt 0.912984 0.510501
vt 0.921833 0.510501
vt 0.917513 0.507008
vt 0.663684 0.723770
vt 0.671380 0.723565
vt 0.671712 0.714036
vt 0.067171 0.941217
vt 0.059384 0.941032
vt 0.059390 0.952152
vt 0.067171 0.941217
vt 0.059390 0.952152
vt 0.067171 0.951365
vt 0.059384 0.941032
vt 0.052514 0.941281
vt 0.052514 0.951429
vt 0.052514 0.951429
vt 0.059390 0.952152
vt 0.059384 0.941032
vt 0.695030 0.312659
vt 0.687322 0.310534
vt 0.685082 0.315633
vt 0.687999 0.304970
vt 0.687322 0.310534
vt 0.695030 0.312659
vt 0.685082 0.315633
vt 0.690707 0.320742
vt 0.695030 0.312659
vt 0.683249 0.954480
vt 0.690184 0.950866
vt 0.685377 0.947812
vt 0.685377 0.947812
vt 0.679697 0.947380
vt 0.683249 0.954480
vt 0.447701 0.933789
vt 0.441733 0.938488
vt 0.444089 0.944169
vt 0.447701 0.933789
vt 0.444089 0.944169
vt 0.451858 0.942453
vt 0.683249 0.954480
vt 0.690184 0.957416
vt 0.690184 0.950866
vt 0.690184 0.957416
vt 0.683249 0.954480
vt 0.686688 0.961349
vt 0.443950 0.949274
vt 0.451858 0.942453
vt 0.444089 0.944169
vt 0.142739 0.952717
vt 0.137149 0.959994
vt 0.142739 0.965586
vt 0.254295 0.953683
vt 0.254295 0.967265
vt 0.260288 0.957513
vt 0.593245 0.957842
vt 0.598991 0.952229
vt 0.595539 0.946656
vt 0.679697 0.947380
vt 0.675764 0.952623
vt 0.683249 0.954480
vt 0.598991 0.952229
vt 0.593245 0.957842
vt 0.600306 0.962227
vt 0.676201 0.957864
vt 0.683249 0.954480
vt 0.675764 0.952623
vt 0.598991 0.952229
vt 0.600306 0.962227
vt 0.602861 0.954470
vt 0.965586 0.591657
vt 0.965361 0.584846
vt 0.956129 0.584846
vt 0.676201 0.957864
vt 0.680571 0.962227
vt 0.683249 0.954480
vt 0.683249 0.954480
vt 0.680571 0.962227
vt 0.686688 0.961349
vt 0.356486 0.946918
vt 0.356897 0.940928
vt 0.348669 0.948792
vt 0.356486 0.946918
vt 0.353298 0.957190
vt 0.359366 0.951625
vt 0.348669 0.948792
vt 0.353298 0.957190
vt 0.356486 0.946918
vt 0.348669 0.948792
vt 0.356897 0.940928
vt 0.348977 0.938471
vt 0.348977 0.938471
vt 0.342567 0.949803
vt 0.348669 0.948792
vt 0.342567 0.938144
vt 0.342567 0.949803
vt 0.348977 0.938471
vt 0.108425 0.973982
vt 0.115824 0.964180
vt 0.108425 0.962330
vt 0.458443 0.940593
vt 0.451858 0.942453
vt 0.451812 0.951860
vt 0.451812 0.951860
vt 0.458443 0.952152
vt 0.458443 0.940593
vt 0.108425 0.973982
vt 0.115870 0.973666
vt 0.115824 0.964180
vt 0.443950 0.949274
vt 0.451812 0.951860
vt 0.451858 0.942453
vt 0.965586 0.694194
vt 0.955234 0.701939
vt 0.965417 0.701939
vt 0.965586 0.694194
vt 0.954312 0.694174
vt 0.955234 0.701939
vt 0.954312 0.694174
vt 0.965586 0.694194
vt 0.955095 0.687290
vt 0.965586 0.694194
vt 0.965278 0.687290
vt 0.955095 0.687290
vt 0.921017 0.601892
vt 0.920895 0.602861
vt 0.926834 0.602625
vt 0.989020 0.276909
vt 0.988056 0.280822
vt 0.993996 0.280822
vt 0.450584 0.360799
vt 0.438849 0.471733
vt 0.447643 0.471739
vt 0.423311 0.362518
vt 0.423229 0.471851
vt 0.438849 0.471733
vt 0.438849 0.471733
vt 0.450584 0.360799
vt 0.437998 0.362784
vt 0.438849 0.471733
vt 0.437998 0.362784
vt 0.423311 0.362518
vt 0.423311 0.362518
vt 0.345006 0.474322
vt 0.423229 0.471851
vt 0.370295 0.258287
vt 0.377838 0.182369
vt 0.256243 0.227471
vt 0.331469 0.322639
vt 0.370295 0.258287
vt 0.256243 0.227471
vt 0.218445 0.366027
vt 0.331469 0.322639
vt 0.256243 0.227471
vt 0.256243 0.227471
vt 0.148677 0.347009
vt 0.218445 0.366027
vt 0.975826 0.139624
vt 0.983622 0.139624
vt 0.985229 0.129167
vt 0.019397 0.935865
vt 0.009296 0.941161
vt 0.020151 0.955510
vt 0.985229 0.129167
vt 0.974510 0.129167
vt 0.975826 0.139624
vt 0.943095 0.021831
vt 0.953831 0.002703
vt 0.943095 0.002174
vt 0.009296 0.941161
vt 0.003524 0.955510
vt 0.020151 0.955510
vt 0.762546 0.020151
vt 0.773540 0.006779
vt 0.763456 0.001521
vt 0.943095 0.021831
vt 0.952905 0.021344
vt 0.953831 0.002703
vt 0.773540 0.006779
vt 0.762546 0.020151
vt 0.779186 0.020151
vt 0.584389 0.942239
vt 0.574587 0.942239
vt 0.583247 0.958833
vt 0.975004 0.403212
vt 0.974510 0.409140
vt 0.984873 0.403208
vt 0.503700 0.737924
vt 0.497854 0.772469
vt 0.503784 0.771633
vt 0.878508 0.855982
vt 0.888339 0.856433
vt 0.877541 0.822256
vt 0.384442 0.052305
vt 0.384856 0.055207
vt 0.389593 0.060454
vt 0.389593 0.060454
vt 0.384856 0.055207
vt 0.379057 0.056035
vt 0.387479 0.032128
vt 0.384442 0.052305
vt 0.389593 0.060454
vt 0.984489 0.409140
vt 0.984873 0.403208
vt 0.974510 0.409140
vt 0.379057 0.056035
vt 0.379609 0.059904
vt 0.389593 0.060454
vt 0.389593 0.025904
vt 0.387479 0.032128
vt 0.389593 0.060454
vt 0.497854 0.772469
vt 0.503700 0.737924
vt 0.497854 0.737920
vt 0.934135 0.119229
vt 0.937038 0.119091
vt 0.937038 0.095456
vt 0.933680 0.697777
vt 0.927782 0.722090
vt 0.933569 0.721416
vt 0.937038 0.095456
vt 0.934135 0.095593
vt 0.934135 0.119229
vt 0.934986 0.053505
vt 0.937038 0.053737
vt 0.937038 0.030101
vt 0.387479 0.032128
vt 0.382371 0.051613
vt 0.384442 0.052305
vt 0.937038 0.030101
vt 0.934986 0.029869
vt 0.934986 0.053505
vt 0.645616 0.920149
vt 0.627334 0.920142
vt 0.626304 0.943755
vt 0.382371 0.051613
vt 0.387479 0.032128
vt 0.378505 0.031435
vt 0.626304 0.943755
vt 0.646523 0.943755
vt 0.645616 0.920149
vt 0.888339 0.822849
vt 0.877541 0.822256
vt 0.888339 0.856433
vt 0.927782 0.722090
vt 0.933680 0.697777
vt 0.927782 0.698449
vt 0.988163 0.160361
vt 0.988056 0.165231
vt 0.995070 0.160361
vt 0.628206 0.887568
vt 0.628206 0.915207
vt 0.633088 0.914243
vt 0.912943 0.028511
vt 0.914053 0.027688
vt 0.914482 0.024788
vt 0.919852 0.028548
vt 0.914053 0.027688
vt 0.912943 0.028511
vt 0.912943 0.028511
vt 0.914482 0.024788
vt 0.913337 0.005848
vt 0.912943 0.028511
vt 0.913337 0.005848
vt 0.912943 0.001838
vt 0.633088 0.914243
vt 0.633078 0.887572
vt 0.628206 0.887568
vt 0.988056 0.165231
vt 0.994963 0.165231
vt 0.995070 0.160361
vt 0.852168 0.887429
vt 0.851208 0.915207
vt 0.858112 0.915207
vt 0.858112 0.915207
vt 0.858105 0.887567
vt 0.852168 0.887429
vt 0.914053 0.027688
vt 0.919852 0.028548
vt 0.919995 0.027581
vt 0.914482 0.024788
vt 0.916559 0.024108
vt 0.913337 0.005848
vt 0.920245 0.005884
vt 0.913337 0.005848
vt 0.916559 0.024108
vt 0.389593 0.025904
vt 0.386927 0.028258
vt 0.387479 0.032128
vt 0.001162 0.942059
vt 0.005038 0.942076
vt 0.004069 0.918611
vt 0.703434 0.396274
vt 0.701384 0.419820
vt 0.710335 0.419465
vt 0.004069 0.918611
vt 0.001162 0.918598
vt 0.001162 0.942059
vt 0.710335 0.419465
vt 0.710335 0.395992
vt 0.703434 0.396274
vt 0.984899 0.238850
vt 0.975035 0.238939
vt 0.974510 0.244778
vt 0.974510 0.244778
vt 0.985339 0.244778
vt 0.984899 0.238850
vt 0.386927 0.028258
vt 0.389593 0.025904
vt 0.379747 0.026321
vt 0.933237 0.343948
vt 0.940397 0.344252
vt 0.939172 0.320759
vt 0.939172 0.320759
vt 0.933237 0.320484
vt 0.933237 0.343948
vt 0.486017 0.955124
vt 0.475298 0.968935
vt 0.486991 0.968944
vt 0.968944 0.742250
vt 0.959134 0.741850
vt 0.959134 0.755676
vt 0.959134 0.755676
vt 0.967306 0.753861
vt 0.968944 0.742250
vt 0.475298 0.968935
vt 0.486017 0.955124
vt 0.475298 0.955115
vt 0.963907 0.945435
vt 0.963907 0.931614
vt 0.955803 0.943630
vt 0.913767 0.002948
vt 0.912943 0.001838
vt 0.913337 0.005848
vt 0.912943 0.001838
vt 0.913767 0.002948
vt 0.918885 0.001731
vt 0.993997 0.684638
vt 0.988059 0.679752
vt 0.988056 0.684638
vt 0.919708 0.002841
vt 0.918885 0.001731
vt 0.913767 0.002948
vt 0.988059 0.679752
vt 0.993997 0.684638
vt 0.994000 0.679752
vt 0.769081 0.621240
vt 0.766411 0.629013
vt 0.770463 0.629057
vt 0.392951 0.007821
vt 0.388584 0.007821
vt 0.391186 0.021831
vt 0.770463 0.629057
vt 0.771107 0.621262
vt 0.769081 0.621240
vt 0.287157 0.952978
vt 0.278765 0.953334
vt 0.287157 0.966025
vt 0.389002 0.021831
vt 0.391186 0.021831
vt 0.388584 0.007821
vt 0.767825 0.618139
vt 0.769081 0.621240
vt 0.771877 0.618182
vt 0.458373 0.344252
vt 0.461802 0.331485
vt 0.458373 0.330219
vt 0.767825 0.618139
vt 0.771877 0.618182
vt 0.770852 0.597606
vt 0.087323 0.925415
vt 0.073355 0.947114
vt 0.087280 0.946145
vt 0.767825 0.618139
vt 0.770852 0.597606
vt 0.766720 0.597439
vt 0.771877 0.618182
vt 0.769081 0.621240
vt 0.771107 0.621262
vt 0.278272 0.967265
vt 0.287157 0.966025
vt 0.278765 0.953334
vt 0.226304 0.959874
vt 0.228382 0.960548
vt 0.228382 0.947410
vt 0.352023 0.295275
vt 0.355099 0.295432
vt 0.356007 0.292494
vt 0.352023 0.295275
vt 0.356007 0.292494
vt 0.353008 0.292464
vt 0.023510 0.734539
vt 0.020333 0.735141
vt 0.023510 0.752317
vt 0.719172 0.943755
vt 0.722090 0.925573
vt 0.719172 0.924560
vt 0.073355 0.947114
vt 0.087323 0.925415
vt 0.073355 0.926389
vt 0.639737 0.947252
vt 0.627968 0.947056
vt 0.639806 0.962227
vt 0.968944 0.181226
vt 0.964893 0.181319
vt 0.964893 0.193117
vt 0.377238 0.958869
vt 0.381197 0.942687
vt 0.376829 0.942687
vt 0.964893 0.193117
vt 0.968944 0.193024
vt 0.968944 0.181226
vt 0.772469 0.589760
vt 0.766720 0.597439
vt 0.770852 0.597606
vt 0.954211 0.949988
vt 0.962227 0.963515
vt 0.962227 0.949116
vt 0.766720 0.597439
vt 0.772469 0.589760
vt 0.768417 0.589717
vt 0.239054 0.986701
vt 0.241046 0.986701
vt 0.239589 0.977869
vt 0.977323 0.687148
vt 0.977084 0.688499
vt 0.984446 0.688499
vt 0.962227 0.963515
vt 0.954211 0.949988
vt 0.953447 0.963907
vt 0.772469 0.589760
vt 0.772144 0.585640
vt 0.768417 0.589717
vt 0.021831 0.064736
vt 0.014231 0.064058
vt 0.014231 0.090681
vt 0.368062 0.606697
vt 0.396952 0.609526
vt 0.396201 0.605331
vt 0.900094 0.301941
vt 0.892928 0.301098
vt 0.892928 0.332497
vt 0.056985 0.818607
vt 0.058122 0.834602
vt 0.061639 0.834602
vt 0.008760 0.581526
vt 0.002742 0.592848
vt 0.034149 0.593130
vt 0.620721 0.787378
vt 0.624692 0.787582
vt 0.624692 0.773721
vt 0.396952 0.609526
vt 0.368062 0.606697
vt 0.371327 0.611301
vt 0.396952 0.609526
vt 0.371327 0.611301
vt 0.391480 0.687301
vt 0.977084 0.688499
vt 0.977323 0.687148
vt 0.974510 0.687506
vt 0.703535 0.989303
vt 0.701136 0.991121
vt 0.703535 0.993042
vt 0.627968 0.961058
vt 0.639806 0.962227
vt 0.627968 0.947056
vt 0.063813 0.777429
vt 0.059529 0.776584
vt 0.059529 0.792620
vt 0.059529 0.792620
vt 0.060896 0.792447
vt 0.063813 0.777429
vt 0.988056 0.985813
vt 0.990071 0.987071
vt 0.993431 0.985813
vt 0.947661 0.391272
vt 0.950472 0.376613
vt 0.947661 0.373873
vt 0.824526 0.473557
vt 0.823610 0.470793
vt 0.819712 0.470855
vt 0.648644 0.938150
vt 0.649881 0.938717
vt 0.649881 0.921363
vt 0.960548 0.255829
vt 0.958899 0.257181
vt 0.960548 0.270364
vt 0.824526 0.461089
vt 0.819712 0.470855
vt 0.823610 0.470793
vt 0.403027 0.503076
vt 0.400030 0.505584
vt 0.402278 0.518897
vt 0.402278 0.518897
vt 0.403027 0.518270
vt 0.403027 0.503076
vt 0.819712 0.470855
vt 0.824526 0.461089
vt 0.821453 0.460881
vt 0.964895 0.631526
vt 0.955510 0.630431
vt 0.965586 0.644413
vt 0.957559 0.400810
vt 0.958869 0.386429
vt 0.955352 0.386429
vt 0.377238 0.958869
vt 0.378114 0.958434
vt 0.381197 0.942687
vt 0.955510 0.644843
vt 0.965586 0.644413
vt 0.955510 0.630431
vt 0.958869 0.386429
vt 0.957559 0.400810
vt 0.958375 0.401348
vt 0.421963 0.314666
vt 0.418887 0.314517
vt 0.418969 0.345078
vt 0.418969 0.345078
vt 0.423020 0.345194
vt 0.421963 0.314666
vt 0.032845 0.510054
vt 0.002313 0.509144
vt 0.001734 0.523194
vt 0.423020 0.345194
vt 0.418969 0.345078
vt 0.418337 0.355892
vt 0.423020 0.345194
vt 0.418337 0.355892
vt 0.422388 0.356007
vt 0.955510 0.468521
vt 0.945523 0.472626
vt 0.955510 0.485312
vt 0.465403 0.327460
vt 0.470198 0.323907
vt 0.465403 0.310784
vt 0.957190 0.282119
vt 0.957190 0.265932
vt 0.952843 0.266343
vt 0.990241 0.838365
vt 0.992911 0.834532
vt 0.988056 0.834332
vt 0.993729 0.838365
vt 0.992911 0.834532
vt 0.990241 0.838365
vt 0.953831 0.049141
vt 0.949726 0.046318
vt 0.949726 0.063813
vt 0.949969 0.890012
vt 0.952152 0.872551
vt 0.947351 0.873403
vt 0.355464 0.784224
vt 0.359366 0.783984
vt 0.355464 0.768231
vt 0.952152 0.872551
vt 0.949969 0.890012
vt 0.952152 0.890018
vt 0.985269 0.113694
vt 0.985273 0.103877
vt 0.974510 0.103749
vt 0.974510 0.103749
vt 0.974520 0.113694
vt 0.985269 0.113694
vt 0.165329 0.973982
vt 0.155510 0.962346
vt 0.155563 0.973982
vt 0.155510 0.962346
vt 0.165329 0.973982
vt 0.166249 0.961376
vt 0.953965 0.931059
vt 0.955803 0.943630
vt 0.963907 0.931614
vt 0.964703 0.166143
vt 0.964783 0.177056
vt 0.970624 0.178004
vt 0.970624 0.178004
vt 0.970624 0.166250
vt 0.964703 0.166143
vt 0.893377 0.614616
vt 0.893377 0.581147
vt 0.881616 0.580747
vt 0.881616 0.580747
vt 0.882587 0.614331
vt 0.893377 0.614616
vt 0.137181 0.765187
vt 0.148660 0.770761
vt 0.148085 0.765871
vt 0.148660 0.770761
vt 0.137181 0.765187
vt 0.142718 0.770434
vt 0.924308 0.830996
vt 0.930321 0.831243
vt 0.930321 0.806738
vt 0.930321 0.806738
vt 0.924424 0.807457
vt 0.924308 0.830996
vt 0.658872 0.438221
vt 0.653918 0.461289
vt 0.659957 0.461802
vt 0.148146 0.774754
vt 0.142094 0.773500
vt 0.143519 0.793976
vt 0.696997 0.920257
vt 0.679430 0.920259
vt 0.679076 0.943755
vt 0.143519 0.793976
vt 0.149456 0.794261
vt 0.148146 0.774754
vt 0.679076 0.943755
vt 0.698580 0.943755
vt 0.696997 0.920257
vt 0.816957 0.886660
vt 0.822847 0.852395
vt 0.816957 0.853193
vt 0.142094 0.773500
vt 0.142718 0.770434
vt 0.137181 0.765187
vt 0.137181 0.798653
vt 0.142094 0.773500
vt 0.137181 0.765187
vt 0.822847 0.852395
vt 0.816957 0.886660
vt 0.822847 0.885861
vt 0.932000 0.030887
vt 0.928982 0.031921
vt 0.928125 0.055416
vt 0.928125 0.055416
vt 0.932000 0.055363
vt 0.932000 0.030887
vt 0.653918 0.461289
vt 0.658872 0.438221
vt 0.653918 0.437823
vt 0.137181 0.798653
vt 0.143519 0.793976
vt 0.142094 0.773500
vt 0.994966 0.145595
vt 0.995098 0.140650
vt 0.988056 0.145595
vt 0.052058 0.889272
vt 0.045148 0.889274
vt 0.052058 0.916887
vt 0.911659 0.519117
vt 0.911551 0.520088
vt 0.917487 0.519764
vt 0.995098 0.140650
vt 0.988188 0.140650
vt 0.988056 0.145595
vt 0.917487 0.519764
vt 0.918566 0.518900
vt 0.911659 0.519117
vt 0.916887 0.062132
vt 0.916887 0.034620
vt 0.912000 0.035591
vt 0.918566 0.518900
vt 0.917487 0.519764
vt 0.917055 0.523648
vt 0.918566 0.518900
vt 0.917055 0.523648
vt 0.916084 0.541234
vt 0.918566 0.518900
vt 0.916084 0.541234
vt 0.918566 0.545441
vt 0.912000 0.035591
vt 0.912001 0.062133
vt 0.916887 0.062132
vt 0.046115 0.916750
vt 0.052058 0.916887
vt 0.045148 0.889274
vt 0.911120 0.541666
vt 0.917055 0.523648
vt 0.912091 0.524080
vt 0.917055 0.523648
vt 0.911120 0.541666
vt 0.916084 0.541234
vt 0.725449 0.439725
vt 0.717064 0.439454
vt 0.719602 0.520261
vt 0.365157 0.688505
vt 0.371327 0.611301
vt 0.368062 0.606697
vt 0.725449 0.439725
vt 0.719602 0.520261
vt 0.725449 0.522256
vt 0.368062 0.606697
vt 0.362544 0.687877
vt 0.365157 0.688505
vt 0.011755 0.014560
vt 0.005121 0.027344
vt 0.007495 0.100757
vt 0.007495 0.100757
vt 0.008566 0.095210
vt 0.011755 0.014560
vt 0.365157 0.688505
vt 0.391480 0.687301
vt 0.371327 0.611301
vt 0.344129 0.358207
vt 0.298074 0.417532
vt 0.345006 0.474322
vt 0.345006 0.474322
vt 0.423311 0.362518
vt 0.344129 0.358207
vt 0.892157 0.363518
vt 0.889931 0.376512
vt 0.894153 0.376209
vt 0.894153 0.376209
vt 0.889931 0.376512
vt 0.890939 0.385877
vt 0.967265 0.217826
vt 0.964705 0.216784
vt 0.962971 0.228382
vt 0.962971 0.228382
vt 0.964705 0.216784
vt 0.962971 0.215533
vt 0.974510 0.276657
vt 0.975078 0.277297
vt 0.985555 0.276657
vt 0.894844 0.073717
vt 0.891692 0.062228
vt 0.889884 0.074153
vt 0.891881 0.084123
vt 0.894844 0.073717
vt 0.889884 0.074153
vt 0.890939 0.385877
vt 0.895056 0.386361
vt 0.894153 0.376209
vt 0.892157 0.363518
vt 0.888866 0.361926
vt 0.889931 0.376512
vt 0.239351 0.913192
vt 0.240137 0.898988
vt 0.238566 0.897825
vt 0.239351 0.913192
vt 0.238566 0.897825
vt 0.234493 0.898402
vt 0.239351 0.913192
vt 0.234493 0.898402
vt 0.234493 0.913188
vt 0.985061 0.383887
vt 0.982922 0.379726
vt 0.974510 0.383887
vt 0.234493 0.913188
vt 0.235295 0.923604
vt 0.239351 0.913192
vt 0.929445 0.539049
vt 0.935359 0.538482
vt 0.935359 0.514866
vt 0.935359 0.514866
vt 0.930411 0.515352
vt 0.929445 0.539049
vt 0.148828 0.797284
vt 0.140949 0.797227
vt 0.148085 0.799337
vt 0.936780 0.577555
vt 0.930849 0.600776
vt 0.938717 0.601182
vt 0.985419 0.191215
vt 0.985419 0.185355
vt 0.974510 0.185333
vt 0.974510 0.185333
vt 0.974631 0.191228
vt 0.985419 0.191215
vt 0.137181 0.798653
vt 0.140949 0.797227
vt 0.143519 0.793976
vt 0.828830 0.943755
vt 0.832923 0.943388
vt 0.828830 0.923544
vt 0.230061 0.918579
vt 0.226899 0.918579
vt 0.228403 0.942076
vt 0.137181 0.798653
vt 0.148085 0.799337
vt 0.140949 0.797227
vt 0.930849 0.600776
vt 0.936780 0.577555
vt 0.930849 0.577241
vt 0.916084 0.541234
vt 0.917703 0.544363
vt 0.918566 0.545441
vt 0.911767 0.544687
vt 0.912631 0.545766
vt 0.917703 0.544363
vt 0.994003 0.677545
vt 0.993996 0.672662
vt 0.988056 0.672662
vt 0.918566 0.545441
vt 0.917703 0.544363
vt 0.912631 0.545766
vt 0.988056 0.672662
vt 0.988064 0.677545
vt 0.994003 0.677545
vt 0.477688 0.208237
vt 0.480625 0.308987
vt 0.483633 0.208237
vt 0.963004 0.291205
vt 0.968944 0.300931
vt 0.968944 0.291112
vt 0.962073 0.303950
vt 0.968944 0.300931
vt 0.963004 0.291205
vt 0.245692 0.697048
vt 0.239749 0.696924
vt 0.244380 0.796922
vt 0.244380 0.796922
vt 0.327924 0.692113
vt 0.245692 0.697048
vt 0.762393 0.750638
vt 0.762393 0.641501
vt 0.752611 0.642375
vt 0.483237 0.701141
vt 0.476314 0.700931
vt 0.485312 0.809413
vt 0.752611 0.642375
vt 0.752622 0.750543
vt 0.762393 0.750638
vt 0.235830 0.806054
vt 0.244380 0.796922
vt 0.239749 0.696924
vt 0.007495 0.100757
vt 0.011755 0.095408
vt 0.008566 0.095210
vt 0.004356 0.556986
vt 0.001345 0.558075
vt 0.004239 0.562984
vt 0.974510 0.307711
vt 0.980128 0.311149
vt 0.980393 0.308229
vt 0.807485 0.661636
vt 0.813296 0.659690
vt 0.804442 0.648944
vt 0.002229 0.570955
vt 0.004239 0.562984
vt 0.001345 0.558075
vt 0.985036 0.310631
vt 0.980393 0.308229
vt 0.980128 0.311149
vt 0.344129 0.358207
vt 0.300027 0.412561
vt 0.298074 0.417532
vt 0.980393 0.308229
vt 0.985036 0.310631
vt 0.985301 0.307711
vt 0.813296 0.659690
vt 0.818270 0.661636
vt 0.821168 0.647960
vt 0.812318 0.644055
vt 0.804442 0.648944
vt 0.813296 0.659690
vt 0.821168 0.647960
vt 0.812318 0.644055
vt 0.813296 0.659690
vt 0.372218 0.572256
vt 0.374479 0.567471
vt 0.371570 0.567437
vt 0.218242 0.775827
vt 0.226703 0.693037
vt 0.221531 0.694263
vt 0.567042 0.449801
vt 0.636434 0.454168
vt 0.648202 0.449800
vt 0.374479 0.567471
vt 0.372218 0.572256
vt 0.373891 0.581031
vt 0.933812 0.080290
vt 0.938563 0.067015
vt 0.934821 0.068545
vt 0.921925 0.306863
vt 0.919682 0.293002
vt 0.917606 0.295419
vt 0.938563 0.067015
vt 0.933812 0.080290
vt 0.938717 0.080331
vt 0.917606 0.308854
vt 0.921925 0.306863
vt 0.917606 0.295419
vt 0.920720 0.291794
vt 0.919682 0.293002
vt 0.921925 0.306863
vt 0.346232 0.615569
vt 0.350969 0.616711
vt 0.349114 0.610067
vt 0.849742 0.078072
vt 0.842838 0.078072
vt 0.853074 0.082555
vt 0.349114 0.610067
vt 0.346329 0.613403
vt 0.346232 0.615569
vt 0.343935 0.608078
vt 0.346329 0.613403
vt 0.349114 0.610067
vt 0.350969 0.616711
vt 0.346232 0.615569
vt 0.343935 0.617635
vt 0.343935 0.617635
vt 0.347680 0.621333
vt 0.350969 0.616711
vt 0.842838 0.078072
vt 0.839279 0.082470
vt 0.852150 0.089326
vt 0.852150 0.089326
vt 0.853074 0.082555
vt 0.842838 0.078072
vt 0.973084 0.991378
vt 0.973084 0.989996
vt 0.971912 0.990685
vt 0.971912 0.990685
vt 0.973084 0.989996
vt 0.971912 0.989303
vt 0.925210 0.990681
vt 0.925210 0.989303
vt 0.924020 0.990002
vt 0.022882 0.998281
vt 0.022882 0.996902
vt 0.022194 0.997588
vt 0.022882 0.998281
vt 0.022194 0.997588
vt 0.021506 0.998273
vt 0.924020 0.991380
vt 0.925210 0.990681
vt 0.924020 0.990002
vt 0.930814 0.991359
vt 0.932004 0.992058
vt 0.932004 0.990681
vt 0.930814 0.991359
vt 0.932004 0.990681
vt 0.930814 0.989982
vt 0.015041 0.997588
vt 0.015724 0.998275
vt 0.015724 0.996894
vt 0.014357 0.996902
vt 0.015041 0.997588
vt 0.015724 0.996894
vt 0.912429 0.991378
vt 0.912429 0.989996
vt 0.911235 0.990689
vt 0.932004 0.989303
vt 0.930814 0.989982
vt 0.932004 0.990681
vt 0.913624 0.990685
vt 0.913624 0.989303
vt 0.912429 0.989996
vt 0.912429 0.989996
vt 0.912429 0.991378
vt 0.913624 0.990685
vt 0.021506 0.996894
vt 0.022194 0.997588
vt 0.022882 0.996902
vt 0.046610 0.996894
vt 0.046610 0.998276
vt 0.047807 0.997585
vt 0.015724 0.998275
vt 0.015041 0.997588
vt 0.014357 0.998283
vt 0.022194 0.997588
vt 0.021506 0.996894
vt 0.021506 0.998273
vt 0.037226 0.996894
vt 0.035844 0.996895
vt 0.036535 0.997585
vt 0.037226 0.996894
vt 0.036535 0.997585
vt 0.037226 0.998275
vt 0.992245 0.989988
vt 0.993439 0.990683
vt 0.993439 0.989303
vt 0.014357 0.996902
vt 0.014357 0.998283
vt 0.015041 0.997588
vt 0.002278 0.998897
vt 0.002278 0.997535
vt 0.001103 0.998255
vt 0.035844 0.998277
vt 0.036535 0.997585
vt 0.035844 0.996895
vt 0.001103 0.996894
vt 0.001103 0.998255
vt 0.002278 0.997535
vt 0.036535 0.997585
vt 0.035844 0.998277
vt 0.037226 0.998275
vt 0.942203 0.989999
vt 0.941009 0.989303
vt 0.941009 0.990675
vt 0.941009 0.990675
vt 0.942203 0.991371
vt 0.942203 0.989999
vt 0.974510 0.810934
vt 0.984089 0.812288
vt 0.984089 0.807350
vt 0.369833 0.962112
vt 0.369480 0.970624
vt 0.374479 0.966864
vt 0.369480 0.958928
vt 0.369833 0.962112
vt 0.374479 0.966864
vt 0.705035 0.748101
vt 0.706177 0.757355
vt 0.708656 0.756159
vt 0.708656 0.756159
vt 0.707416 0.748281
vt 0.705035 0.748101
vt 0.005577 0.983141
vt 0.001104 0.977869
vt 0.001104 0.986977
vt 0.111441 0.986584
vt 0.114585 0.986812
vt 0.110605 0.979626
vt 0.993743 0.402174
vt 0.994849 0.400291
vt 0.988056 0.400291
vt 0.114585 0.986812
vt 0.114585 0.977869
vt 0.110605 0.979626
vt 0.993979 0.743158
vt 0.993979 0.740418
vt 0.988056 0.742935
vt 0.942183 0.052929
vt 0.941814 0.058732
vt 0.945435 0.058254
vt 0.843238 0.977868
vt 0.839537 0.985504
vt 0.841439 0.985125
vt 0.839537 0.985504
vt 0.843238 0.977868
vt 0.838422 0.977868
vt 0.981844 0.032706
vt 0.980636 0.027883
vt 0.974510 0.031539
vt 0.941509 0.063881
vt 0.945435 0.058254
vt 0.941814 0.058732
vt 0.981844 0.032706
vt 0.985700 0.027883
vt 0.980636 0.027883
vt 0.708656 0.739207
vt 0.705035 0.748101
vt 0.707416 0.748281
vt 0.978704 0.236643
vt 0.985285 0.229403
vt 0.976896 0.229403
vt 0.978704 0.236643
vt 0.976896 0.229403
vt 0.974510 0.236643
vt 0.941509 0.063881
vt 0.945435 0.065460
vt 0.945435 0.058254
vt 0.945435 0.065460
vt 0.941509 0.063881
vt 0.944380 0.073888
vt 0.958869 0.296899
vt 0.958783 0.289022
vt 0.955215 0.298779
vt 0.955215 0.298779
vt 0.958869 0.303950
vt 0.958869 0.296899
vt 0.994101 0.636365
vt 0.988056 0.636365
vt 0.989651 0.640626
vt 0.988056 0.522101
vt 0.994333 0.523443
vt 0.994333 0.519231
vt 0.237335 0.005038
vt 0.237241 0.003048
vt 0.233363 0.003013
vt 0.233363 0.003013
vt 0.233457 0.005002
vt 0.237335 0.005038
vt 0.006095 0.564982
vt 0.035628 0.568266
vt 0.035515 0.563395
vt 0.586383 0.001995
vt 0.585941 0.035434
vt 0.593980 0.035611
vt 0.035628 0.568266
vt 0.006095 0.564982
vt 0.002229 0.570955
vt 0.593980 0.035611
vt 0.594465 0.002168
vt 0.586383 0.001995
vt 0.586383 0.001995
vt 0.578242 0.035226
vt 0.585941 0.035434
vt 0.578242 0.035226
vt 0.586383 0.001995
vt 0.577713 0.001884
vt 0.373891 0.581031
vt 0.369156 0.574137
vt 0.340610 0.577594
vt 0.002229 0.570955
vt 0.006095 0.564982
vt 0.004239 0.562984
vt 0.373891 0.581031
vt 0.372218 0.572256
vt 0.369156 0.574137
vt 0.539412 0.628733
vt 0.535812 0.629353
vt 0.539441 0.707890
vt 0.226703 0.693037
vt 0.218242 0.775827
vt 0.226703 0.775796
vt 0.536185 0.712015
vt 0.539441 0.707890
vt 0.535812 0.629353
vt 0.760714 0.857824
vt 0.749034 0.857529
vt 0.748942 0.878263
vt 0.760690 0.866287
vt 0.772449 0.864429
vt 0.775827 0.847251
vt 0.856523 0.956652
vt 0.853381 0.952062
vt 0.852291 0.960548
vt 0.749034 0.857529
vt 0.738255 0.857778
vt 0.738165 0.875490
vt 0.738165 0.875490
vt 0.748942 0.878263
vt 0.749034 0.857529
vt 0.876670 0.992266
vt 0.877646 0.992321
vt 0.877824 0.989303
vt 0.877824 0.989303
vt 0.875851 0.989303
vt 0.876670 0.992266
vt 0.825253 0.992485
vt 0.828011 0.989303
vt 0.825253 0.989377
vt 0.575149 0.993294
vt 0.578098 0.993294
vt 0.575306 0.989303
vt 0.899096 0.144544
vt 0.907221 0.154033
vt 0.915207 0.136683
vt 0.915207 0.136683
vt 0.904170 0.134858
vt 0.899096 0.144544
vt 0.572942 0.989670
vt 0.570090 0.989303
vt 0.571290 0.991957
vt 0.992153 0.949863
vt 0.993574 0.948309
vt 0.988056 0.948309
vt 0.571290 0.991957
vt 0.572942 0.993311
vt 0.572942 0.989670
vt 0.652827 0.989551
vt 0.649994 0.989303
vt 0.652827 0.991614
vt 0.651530 0.993202
vt 0.652827 0.991614
vt 0.649994 0.989303
vt 0.649994 0.989303
vt 0.649994 0.991367
vt 0.651530 0.993202
vt 0.044439 0.209091
vt 0.002769 0.239115
vt 0.076237 0.285607
vt 0.044439 0.209091
vt 0.076237 0.285607
vt 0.148677 0.347009
vt 0.828011 0.989303
vt 0.825253 0.992485
vt 0.828011 0.992411
vt 0.964269 0.991345
vt 0.966304 0.991174
vt 0.964269 0.989303
vt 0.543789 0.992753
vt 0.545779 0.993422
vt 0.545384 0.991370
vt 0.545779 0.989303
vt 0.543789 0.992753
vt 0.545384 0.991370
vt 0.783584 0.992692
vt 0.783048 0.989303
vt 0.781537 0.989665
vt 0.783584 0.992692
vt 0.781537 0.989665
vt 0.780740 0.992692
vt 0.562753 0.990708
vt 0.561081 0.989303
vt 0.561081 0.993413
vt 0.948500 0.989998
vt 0.947814 0.989303
vt 0.947814 0.992062
vt 0.873644 0.991239
vt 0.871680 0.989303
vt 0.871680 0.992326
vt 0.179001 0.994370
vt 0.179001 0.989303
vt 0.178065 0.992364
vt 0.774944 0.992737
vt 0.774944 0.989303
vt 0.772328 0.991855
vt 0.718012 0.993078
vt 0.718989 0.989309
vt 0.718012 0.989303
vt 0.372757 0.993658
vt 0.371797 0.989303
vt 0.371606 0.990669
vt 0.372757 0.993658
vt 0.371606 0.990669
vt 0.368415 0.993658
vt 0.806934 0.992642
vt 0.809327 0.992642
vt 0.807361 0.989303
vt 0.012283 0.360188
vt 0.076237 0.285607
vt 0.002769 0.239115
vt 0.890967 0.047290
vt 0.891698 0.037465
vt 0.888602 0.046958
vt 0.888602 0.046958
vt 0.891698 0.055231
vt 0.890967 0.047290
vt 0.199834 0.596412
vt 0.194008 0.602325
vt 0.199834 0.606608
vt 0.195900 0.609579
vt 0.199834 0.606608
vt 0.194008 0.602325
vt 0.508822 0.531188
vt 0.508822 0.522408
vt 0.504245 0.527804
vt 0.508822 0.531188
vt 0.504245 0.527804
vt 0.504371 0.535690
vt 0.888602 0.046958
vt 0.888057 0.055416
vt 0.891698 0.055231
vt 0.693543 0.495154
vt 0.690714 0.488837
vt 0.688012 0.497535
vt 0.688012 0.497535
vt 0.690256 0.500961
vt 0.693543 0.495154
vt 0.690714 0.488837
vt 0.688012 0.489485
vt 0.688012 0.497535
vt 0.749773 0.247807
vt 0.752459 0.241445
vt 0.749773 0.242096
vt 0.817331 0.985524
vt 0.819687 0.985310
vt 0.817331 0.978289
vt 0.988056 0.747998
vt 0.993974 0.747998
vt 0.993172 0.745365
vt 0.749773 0.247807
vt 0.753997 0.247596
vt 0.752459 0.241445
vt 0.819687 0.985310
vt 0.822549 0.977868
vt 0.817331 0.978289
vt 0.439723 0.985275
vt 0.442592 0.986328
vt 0.442592 0.977869
vt 0.432275 0.212188
vt 0.430943 0.218969
vt 0.434933 0.219126
vt 0.786120 0.010632
vt 0.790819 0.009644
vt 0.786086 0.002109
vt 0.430943 0.224867
vt 0.434933 0.219126
vt 0.430943 0.218969
vt 0.753997 0.247596
vt 0.749773 0.247807
vt 0.753997 0.253307
vt 0.434933 0.219126
vt 0.430943 0.224867
vt 0.434933 0.225024
vt 0.790819 0.009644
vt 0.786120 0.010632
vt 0.790941 0.014436
vt 0.786086 0.016793
vt 0.790941 0.014436
vt 0.786120 0.010632
vt 0.749773 0.247807
vt 0.750142 0.255079
vt 0.753997 0.253307
vt 0.753936 0.261968
vt 0.753997 0.253307
vt 0.750142 0.255079
vt 0.389316 0.986401
vt 0.392457 0.979378
vt 0.389316 0.977869
vt 0.772449 0.864429
vt 0.760690 0.866287
vt 0.775827 0.879877
vt 0.785791 0.991161
vt 0.786924 0.992777
vt 0.786924 0.989303
vt 0.727808 0.992532
vt 0.728096 0.990305
vt 0.725085 0.989303
vt 0.725085 0.989303
vt 0.725085 0.992967
vt 0.727808 0.992532
vt 0.963907 0.757950
vt 0.957498 0.764522
vt 0.963907 0.770789
vt 0.983921 0.850277
vt 0.974510 0.850277
vt 0.975973 0.855153
vt 0.674949 0.963568
vt 0.672496 0.957472
vt 0.670607 0.968944
vt 0.680108 0.968944
vt 0.674949 0.963568
vt 0.670607 0.968944
vt 0.974510 0.479658
vt 0.978496 0.482457
vt 0.984747 0.479658
vt 0.995170 0.036567
vt 0.988056 0.036438
vt 0.988056 0.043241
vt 0.305327 0.986449
vt 0.310760 0.986449
vt 0.308138 0.977869
vt 0.915207 0.160985
vt 0.907221 0.154033
vt 0.895695 0.164569
vt 0.764757 0.883301
vt 0.775827 0.879877
vt 0.760690 0.866287
vt 0.133576 0.960548
vt 0.144418 0.944468
vt 0.133576 0.943698
vt 0.893331 0.150185
vt 0.895695 0.164569
vt 0.907221 0.154033
vt 0.907221 0.154033
vt 0.899096 0.144544
vt 0.893331 0.150185
vt 0.391272 0.797658
vt 0.379957 0.780914
vt 0.380026 0.795441
vt 0.893377 0.165634
vt 0.886086 0.160589
vt 0.890128 0.179589
vt 0.890128 0.179589
vt 0.886086 0.160589
vt 0.878154 0.170398
vt 0.890128 0.179589
vt 0.878154 0.170398
vt 0.884642 0.188079
vt 0.746899 0.985806
vt 0.749799 0.979228
vt 0.746899 0.977868
vt 0.641271 0.977869
vt 0.639684 0.980763
vt 0.641271 0.986062
vt 0.011911 0.989448
vt 0.015183 0.992937
vt 0.015407 0.989303
vt 0.853381 0.952062
vt 0.856523 0.956652
vt 0.859791 0.948887
vt 0.961224 0.814451
vt 0.963907 0.806259
vt 0.959072 0.808073
vt 0.992977 0.938544
vt 0.988056 0.941878
vt 0.993515 0.941878
vt 0.011911 0.989448
vt 0.011911 0.994556
vt 0.015183 0.992937
vt 0.082285 0.903742
vt 0.072042 0.908018
vt 0.082118 0.914877
vt 0.077643 0.921925
vt 0.082118 0.914877
vt 0.072042 0.908018
vt 0.072042 0.908018
vt 0.061595 0.912019
vt 0.068654 0.921370
vt 0.072042 0.908018
vt 0.068654 0.921370
vt 0.077643 0.921925
vt 0.974510 0.611093
vt 0.979353 0.615908
vt 0.984355 0.611093
vt 0.984355 0.611093
vt 0.979353 0.615908
vt 0.983411 0.616615
vt 0.375261 0.977869
vt 0.368038 0.978729
vt 0.375261 0.986230
vt 0.218075 0.978101
vt 0.217683 0.986472
vt 0.221400 0.982769
vt 0.221400 0.982769
vt 0.222398 0.977869
vt 0.218075 0.978101
vt 0.878154 0.170398
vt 0.886086 0.160589
vt 0.882141 0.150950
vt 0.090681 0.764636
vt 0.084305 0.774126
vt 0.090681 0.775827
vt 0.958920 0.918939
vt 0.962818 0.924970
vt 0.968944 0.918587
vt 0.968944 0.930321
vt 0.968944 0.918587
vt 0.962818 0.924970
vt 0.777003 0.406532
vt 0.777003 0.418141
vt 0.780865 0.413910
vt 0.224964 0.986472
vt 0.221400 0.982769
vt 0.217683 0.986472
vt 0.968774 0.977869
vt 0.963969 0.977869
vt 0.963722 0.983154
vt 0.968774 0.977869
vt 0.963722 0.983154
vt 0.969392 0.985123
vt 0.391272 0.797658
vt 0.391272 0.780369
vt 0.379957 0.780914
vt 0.884642 0.188079
vt 0.878154 0.170398
vt 0.871251 0.177250
vt 0.369177 0.310667
vt 0.389593 0.194916
vt 0.383952 0.192952
vt 0.789262 0.499450
vt 0.731994 0.438033
vt 0.731994 0.550804
vt 0.449406 0.345932
vt 0.476915 0.273740
vt 0.449406 0.225999
vt 0.364314 0.308792
vt 0.369177 0.310667
vt 0.383952 0.192952
vt 0.633088 0.817809
vt 0.632152 0.770321
vt 0.627264 0.769350
vt 0.864829 0.534236
vt 0.852127 0.535279
vt 0.852941 0.582674
vt 0.864829 0.534236
vt 0.852941 0.582674
vt 0.864829 0.582710
vt 0.627226 0.817809
vt 0.633088 0.817809
vt 0.627264 0.769350
vt 0.368862 0.343810
vt 0.386234 0.349290
vt 0.386234 0.228233
vt 0.638259 0.416833
vt 0.658278 0.421499
vt 0.658278 0.316407
vt 0.826206 0.305156
vt 0.820338 0.303218
vt 0.826201 0.352644
vt 0.261968 0.813712
vt 0.249269 0.814757
vt 0.248954 0.862224
vt 0.820338 0.352649
vt 0.826201 0.352644
vt 0.820338 0.303218
vt 0.248954 0.862224
vt 0.261968 0.863150
vt 0.261968 0.813712
vt 0.559263 0.509706
vt 0.558283 0.523158
vt 0.570955 0.523935
vt 0.103326 0.929743
vt 0.090608 0.929743
vt 0.104115 0.950472
vt 0.570955 0.523935
vt 0.570955 0.509529
vt 0.559263 0.509706
vt 0.034044 0.942632
vt 0.048418 0.924965
vt 0.034044 0.921930
vt 0.389593 0.883829
vt 0.376073 0.886120
vt 0.389593 0.903452
vt 0.090443 0.949384
vt 0.104115 0.950472
vt 0.090608 0.929743
vt 0.048418 0.924965
vt 0.034044 0.942632
vt 0.048699 0.943755
vt 0.374809 0.902927
vt 0.389593 0.903452
vt 0.376073 0.886120
vt 0.908216 0.962227
vt 0.921925 0.962227
vt 0.921083 0.947431
vt 0.921083 0.947431
vt 0.909292 0.947570
vt 0.908216 0.962227
vt 0.963751 0.471878
vt 0.970563 0.471308
vt 0.963751 0.459957
vt 0.908490 0.381055
vt 0.903438 0.379641
vt 0.897701 0.381196
vt 0.970624 0.460477
vt 0.963751 0.459957
vt 0.970563 0.471308
vt 0.903438 0.379641
vt 0.897506 0.379254
vt 0.897701 0.381196
vt 0.914448 0.888104
vt 0.914325 0.913528
vt 0.920245 0.913056
vt 0.144418 0.530458
vt 0.141506 0.555760
vt 0.144418 0.555842
vt 0.920245 0.913056
vt 0.920245 0.887607
vt 0.914448 0.888104
vt 0.169293 0.680975
vt 0.174645 0.598194
vt 0.001869 0.598194
vt 0.002426 0.677181
vt 0.004019 0.691863
vt 0.169293 0.680975
vt 0.001869 0.598194
vt 0.002426 0.677181
vt 0.169293 0.680975
vt 0.801017 0.607537
vt 0.794172 0.605598
vt 0.800035 0.654917
vt 0.021831 0.815536
vt 0.010212 0.817121
vt 0.008837 0.863649
vt 0.794172 0.654919
vt 0.800035 0.654917
vt 0.794172 0.605598
vt 0.008837 0.863649
vt 0.021831 0.864829
vt 0.021831 0.815536
vt 0.481953 0.813269
vt 0.476086 0.811332
vt 0.481948 0.859787
vt 0.473557 0.814676
vt 0.460855 0.815719
vt 0.461662 0.863072
vt 0.476086 0.859791
vt 0.481948 0.859787
vt 0.476086 0.811332
vt 0.461662 0.863072
vt 0.473557 0.863150
vt 0.473557 0.814676
vt 0.624045 0.496890
vt 0.629730 0.457962
vt 0.624045 0.457046
vt 0.779186 0.134960
vt 0.708812 0.125272
vt 0.779179 0.183310
vt 0.624045 0.496890
vt 0.629636 0.497067
vt 0.629730 0.457962
vt 0.840745 0.592786
vt 0.849716 0.592477
vt 0.849716 0.534605
vt 0.423178 0.812770
vt 0.415272 0.871080
vt 0.422275 0.870632
vt 0.840745 0.592786
vt 0.849716 0.534605
vt 0.840745 0.534914
vt 0.700260 0.764190
vt 0.694321 0.816052
vt 0.700260 0.816130
vt 0.415272 0.871080
vt 0.423178 0.812770
vt 0.416676 0.819075
vt 0.543256 0.823020
vt 0.543256 0.874905
vt 0.569016 0.873543
vt 0.700260 0.764190
vt 0.693351 0.764105
vt 0.694321 0.816052
vt 0.569016 0.873543
vt 0.570955 0.821550
vt 0.543256 0.823020
vt 0.858112 0.698318
vt 0.858112 0.646444
vt 0.851079 0.698580
vt 0.984290 0.707646
vt 0.974518 0.707646
vt 0.984281 0.711639
vt 0.974514 0.601008
vt 0.974510 0.608886
vt 0.984255 0.608886
vt 0.755524 0.985747
vt 0.759523 0.985263
vt 0.755524 0.977869
vt 0.984255 0.608886
vt 0.984259 0.601008
vt 0.974514 0.601008
vt 0.974510 0.711639
vt 0.984281 0.711639
vt 0.974518 0.707646
vt 0.475386 0.978354
vt 0.471390 0.985747
vt 0.475386 0.986233
vt 0.984276 0.582861
vt 0.974510 0.582860
vt 0.974510 0.590739
vt 0.759401 0.978354
vt 0.755524 0.977869
vt 0.759523 0.985263
vt 0.974510 0.590739
vt 0.984272 0.589770
vt 0.984276 0.582861
vt 0.471390 0.985747
vt 0.475386 0.978354
vt 0.471390 0.977869
vt 0.705298 0.004121
vt 0.694544 0.002188
vt 0.694544 0.120908
vt 0.725436 0.726956
vt 0.615893 0.727151
vt 0.615280 0.738883
vt 0.732166 0.735776
vt 0.725436 0.726956
vt 0.615280 0.738883
vt 0.694544 0.120908
vt 0.705292 0.120899
vt 0.705298 0.004121
vt 0.755676 0.316190
vt 0.737980 0.316698
vt 0.737668 0.425225
vt 0.755676 0.316190
vt 0.737668 0.425225
vt 0.752873 0.434934
vt 0.913528 0.452486
vt 0.906622 0.452246
vt 0.906622 0.480034
vt 0.913528 0.452486
vt 0.906622 0.480034
vt 0.913528 0.480274
vt 0.869265 0.043219
vt 0.878263 0.003094
vt 0.869265 0.002652
vt 0.382750 0.816404
vt 0.416676 0.819075
vt 0.423178 0.812770
vt 0.869265 0.043219
vt 0.878263 0.043661
vt 0.878263 0.003094
vt 0.709771 0.234814
vt 0.779179 0.183310
vt 0.708812 0.125272
vt 0.958352 0.364365
vt 0.962227 0.364404
vt 0.958352 0.349748
vt 0.842363 0.947555
vt 0.842473 0.962227
vt 0.846357 0.962220
vt 0.846357 0.962220
vt 0.846357 0.947563
vt 0.842363 0.947555
vt 0.956673 0.439963
vt 0.960548 0.439971
vt 0.956673 0.425306
vt 0.962227 0.349787
vt 0.958352 0.349748
vt 0.962227 0.364404
vt 0.956558 0.003513
vt 0.956677 0.018233
vt 0.960548 0.018472
vt 0.960548 0.018472
vt 0.960548 0.003795
vt 0.956558 0.003513
vt 0.959707 0.425297
vt 0.956673 0.425306
vt 0.960548 0.439971
vt 0.153336 0.800142
vt 0.214948 0.802696
vt 0.214948 0.694124
vt 0.214948 0.694124
vt 0.153320 0.691679
vt 0.153336 0.800142
vt 0.382750 0.816404
vt 0.388997 0.820890
vt 0.416676 0.819075
vt 0.851079 0.698580
vt 0.858112 0.646444
vt 0.851205 0.646630
vt 0.382750 0.816404
vt 0.388673 0.872836
vt 0.388997 0.820890
vt 0.904872 0.259413
vt 0.899093 0.275402
vt 0.905132 0.275117
vt 0.866475 0.145004
vt 0.850902 0.163850
vt 0.866508 0.167928
vt 0.076237 0.285607
vt 0.012283 0.360188
vt 0.065681 0.424364
vt 0.076237 0.285607
vt 0.065681 0.424364
vt 0.148677 0.347009
vt 0.899093 0.275402
vt 0.904872 0.259413
vt 0.898944 0.259707
vt 0.834112 0.243496
vt 0.849752 0.240424
vt 0.872249 0.215394
vt 0.872249 0.215394
vt 0.834133 0.221556
vt 0.834112 0.243496
vt 0.985435 0.279504
vt 0.974510 0.279504
vt 0.979685 0.281962
vt 0.521142 0.977869
vt 0.521142 0.986258
vt 0.522835 0.983865
vt 0.942379 0.795354
vt 0.947114 0.793479
vt 0.946202 0.785418
vt 0.596144 0.194546
vt 0.588349 0.240113
vt 0.596144 0.240137
vt 0.842998 0.370260
vt 0.835181 0.370265
vt 0.842998 0.443326
vt 0.120635 0.805789
vt 0.161990 0.811482
vt 0.166249 0.806900
vt 0.166249 0.806900
vt 0.161990 0.811482
vt 0.166249 0.879943
vt 0.588349 0.240113
vt 0.596144 0.194546
vt 0.588349 0.194522
vt 0.835181 0.443330
vt 0.842998 0.443326
vt 0.835181 0.370265
vt 0.905132 0.245559
vt 0.898944 0.259707
vt 0.904872 0.259413
vt 0.866475 0.145004
vt 0.837243 0.154809
vt 0.850902 0.163850
vt 0.898944 0.259707
vt 0.905132 0.245559
vt 0.899203 0.245854
vt 0.849752 0.240424
vt 0.863432 0.231418
vt 0.872249 0.215394
vt 0.035929 0.053737
vt 0.041947 0.052073
vt 0.041982 0.014489
vt 0.500425 0.840899
vt 0.500425 0.777654
vt 0.494589 0.775497
vt 0.117550 0.833645
vt 0.112380 0.867709
vt 0.117550 0.869867
vt 0.494589 0.775497
vt 0.490641 0.778741
vt 0.490654 0.840905
vt 0.035929 0.053737
vt 0.041982 0.014489
vt 0.035929 0.013119
vt 0.494588 0.844678
vt 0.500425 0.840899
vt 0.494589 0.775497
vt 0.494589 0.775497
vt 0.490654 0.840905
vt 0.494588 0.844678
vt 0.497067 0.521162
vt 0.490720 0.537369
vt 0.496656 0.537188
vt 0.837243 0.154809
vt 0.866475 0.145004
vt 0.828412 0.138753
vt 0.490720 0.537369
vt 0.497067 0.521162
vt 0.491131 0.521343
vt 0.994258 0.542811
vt 0.988056 0.542811
vt 0.991224 0.546690
vt 0.893610 0.977869
vt 0.894556 0.984991
vt 0.896583 0.985384
vt 0.893610 0.977869
vt 0.896583 0.985384
vt 0.898550 0.977869
vt 0.948221 0.121609
vt 0.951706 0.126063
vt 0.952152 0.121083
vt 0.913026 0.977869
vt 0.913843 0.984931
vt 0.916707 0.985425
vt 0.994750 0.382200
vt 0.988056 0.384816
vt 0.994750 0.386292
vt 0.913026 0.977869
vt 0.916707 0.985425
vt 0.916707 0.978579
vt 0.988056 0.536168
vt 0.992575 0.540604
vt 0.994230 0.536168
vt 0.951706 0.126063
vt 0.948221 0.121609
vt 0.944217 0.121908
vt 0.951706 0.126063
vt 0.944217 0.121908
vt 0.946636 0.129089
vt 0.951706 0.126063
vt 0.946636 0.129089
vt 0.952152 0.134342
vt 0.953022 0.038498
vt 0.953862 0.045341
vt 0.958814 0.044977
vt 0.958869 0.037086
vt 0.953022 0.038498
vt 0.958814 0.044977
vt 0.977049 0.490477
vt 0.983749 0.490700
vt 0.974510 0.489015
vt 0.974510 0.489015
vt 0.983749 0.490700
vt 0.984709 0.489015
vt 0.947114 0.804375
vt 0.947114 0.793479
vt 0.942379 0.795354
vt 0.988056 0.376227
vt 0.994868 0.376227
vt 0.989573 0.373739
vt 0.944217 0.121908
vt 0.948221 0.121609
vt 0.946144 0.115702
vt 0.953022 0.038498
vt 0.958869 0.037086
vt 0.958814 0.029188
vt 0.653240 0.317663
vt 0.651162 0.323485
vt 0.653240 0.329139
vt 0.120635 0.805789
vt 0.124397 0.811152
vt 0.161990 0.811482
vt 0.161990 0.811482
vt 0.124397 0.811152
vt 0.161664 0.875689
vt 0.161664 0.875689
vt 0.166249 0.879943
vt 0.161990 0.811482
vt 0.233999 0.757355
vt 0.235099 0.735432
vt 0.233999 0.734603
vt 0.417936 0.935359
vt 0.418141 0.934575
vt 0.417936 0.916007
vt 0.888339 0.234502
vt 0.887380 0.234643
vt 0.888339 0.256930
vt 0.531377 0.695045
vt 0.532152 0.673278
vt 0.531197 0.673101
vt 0.532152 0.673278
vt 0.531377 0.695045
vt 0.532332 0.695222
vt 0.913826 0.685146
vt 0.915207 0.685146
vt 0.914229 0.665373
vt 0.243810 0.809155
vt 0.277697 0.810691
vt 0.279475 0.809420
vt 0.279475 0.809420
vt 0.277697 0.810691
vt 0.278203 0.869924
vt 0.112380 0.867709
vt 0.117550 0.833645
vt 0.112287 0.835974
vt 0.279475 0.809420
vt 0.278203 0.869924
vt 0.280440 0.871546
vt 0.220414 0.841319
vt 0.223344 0.841316
vt 0.223344 0.808710
vt 0.636874 0.816129
vt 0.639806 0.756848
vt 0.636874 0.756847
vt 0.223344 0.808710
vt 0.220414 0.808713
vt 0.220414 0.841319
vt 0.458443 0.813990
vt 0.425827 0.813950
vt 0.425827 0.873186
vt 0.425827 0.873186
vt 0.458443 0.873225
vt 0.458443 0.813990
vt 0.277697 0.810691
vt 0.243810 0.809155
vt 0.245082 0.810930
vt 0.639806 0.756848
vt 0.636874 0.816129
vt 0.639806 0.816130
vt 0.886314 0.938048
vt 0.893377 0.938301
vt 0.889977 0.936177
vt 0.886399 0.943954
vt 0.891543 0.944665
vt 0.893377 0.938301
vt 0.893377 0.938301
vt 0.886314 0.938048
vt 0.886399 0.943954
vt 0.886399 0.943954
vt 0.893377 0.949268
vt 0.891543 0.944665
vt 0.893377 0.949268
vt 0.886399 0.943954
vt 0.887271 0.948731
vt 0.893377 0.949268
vt 0.887271 0.948731
vt 0.891199 0.953831
vt 0.695222 0.845007
vt 0.687426 0.881605
vt 0.695222 0.881622
vt 0.890018 0.636464
vt 0.882201 0.636468
vt 0.882201 0.670033
vt 0.882201 0.670033
vt 0.890018 0.670028
vt 0.890018 0.636464
vt 0.518897 0.857940
vt 0.516006 0.895039
vt 0.518897 0.894570
vt 0.895056 0.335405
vt 0.894589 0.338299
vt 0.895056 0.366083
vt 0.687426 0.881605
vt 0.695222 0.845007
vt 0.687426 0.844990
vt 0.518897 0.894570
vt 0.488240 0.894588
vt 0.485349 0.895056
vt 0.486991 0.815189
vt 0.485354 0.844971
vt 0.486991 0.846357
vt 0.516006 0.895039
vt 0.514772 0.893259
vt 0.489090 0.893460
vt 0.516006 0.895039
vt 0.518897 0.857940
vt 0.516970 0.858253
vt 0.473557 0.736061
vt 0.472060 0.758384
vt 0.473557 0.759034
vt 0.486991 0.815189
vt 0.485181 0.817294
vt 0.485354 0.844971
vt 0.514772 0.893259
vt 0.515397 0.860488
vt 0.489090 0.893460
vt 0.979513 0.212566
vt 0.979926 0.206888
vt 0.975581 0.206888
vt 0.992153 0.361227
vt 0.994882 0.358176
vt 0.988056 0.358176
vt 0.974510 0.212932
vt 0.979513 0.212566
vt 0.975581 0.206888
vt 0.993747 0.810173
vt 0.988056 0.815109
vt 0.993747 0.815413
vt 0.887012 0.952836
vt 0.891199 0.953831
vt 0.887271 0.948731
vt 0.979926 0.206888
vt 0.979513 0.212566
vt 0.985356 0.208565
vt 0.690184 0.362979
vt 0.685670 0.359695
vt 0.685670 0.366505
vt 0.690184 0.362979
vt 0.685670 0.366505
vt 0.687232 0.371121
vt 0.312967 0.977868
vt 0.312967 0.986401
vt 0.316471 0.983733
vt 0.316471 0.983733
vt 0.319135 0.980174
vt 0.312967 0.977868
vt 0.828412 0.138753
vt 0.866475 0.145004
vt 0.866455 0.121112
vt 0.827433 0.118860
vt 0.828412 0.138753
vt 0.866455 0.121112
vt 0.866508 0.097348
vt 0.827433 0.118860
vt 0.866455 0.121112
vt 0.873225 0.195512
vt 0.834140 0.197676
vt 0.834133 0.221556
vt 0.834133 0.221556
vt 0.872249 0.215394
vt 0.873225 0.195512
vt 0.834140 0.197676
vt 0.873225 0.195512
vt 0.865385 0.171775
vt 0.865385 0.171775
vt 0.834112 0.173918
vt 0.834140 0.197676
vt 0.836586 0.708851
vt 0.842470 0.642916
vt 0.836586 0.645694
vt 0.124397 0.811152
vt 0.120635 0.805789
vt 0.120635 0.878832
vt 0.120635 0.878832
vt 0.124070 0.875360
vt 0.124397 0.811152
vt 0.124397 0.811152
vt 0.124070 0.875360
vt 0.161664 0.875689
vt 0.842472 0.712015
vt 0.846340 0.646536
vt 0.842470 0.642916
vt 0.842470 0.642916
vt 0.836586 0.708851
vt 0.842472 0.712015
vt 0.243810 0.871434
vt 0.245082 0.810930
vt 0.243810 0.809155
vt 0.842472 0.712015
vt 0.846357 0.708853
vt 0.846340 0.646536
vt 0.790941 0.600704
vt 0.788009 0.600706
vt 0.788009 0.659957
vt 0.788009 0.659957
vt 0.790941 0.659955
vt 0.790941 0.600704
vt 0.243810 0.871434
vt 0.245587 0.870163
vt 0.245082 0.810930
vt 0.497067 0.521162
vt 0.497053 0.501238
vt 0.491131 0.521343
vt 0.491117 0.501420
vt 0.491131 0.521343
vt 0.497053 0.501238
vt 0.490720 0.477591
vt 0.491117 0.501420
vt 0.497053 0.501238
vt 0.827433 0.118860
vt 0.866508 0.097348
vt 0.835282 0.095133
vt 0.497053 0.501238
vt 0.496656 0.477410
vt 0.490720 0.477591
vt 0.382750 0.816404
vt 0.382750 0.873225
vt 0.388673 0.872836
vt 0.851395 0.777804
vt 0.842549 0.834380
vt 0.851395 0.834602
vt 0.779179 0.183310
vt 0.709771 0.234814
vt 0.779186 0.238458
vt 0.842549 0.834380
vt 0.851395 0.777804
vt 0.842429 0.777543
vt 0.737783 0.314023
vt 0.745600 0.240924
vt 0.737783 0.240922
vt 0.745600 0.240924
vt 0.737783 0.314023
vt 0.745600 0.314025
vt 0.624692 0.948990
vt 0.617871 0.963873
vt 0.624692 0.963907
vt 0.272043 0.814613
vt 0.265203 0.814618
vt 0.272043 0.858107
vt 0.683796 0.421179
vt 0.698580 0.377006
vt 0.683645 0.377652
vt 0.671888 0.439169
vt 0.681342 0.442607
vt 0.686825 0.439757
vt 0.686825 0.439757
vt 0.681342 0.442607
vt 0.680837 0.445653
vt 0.617871 0.963873
vt 0.624692 0.948990
vt 0.617871 0.948956
vt 0.686825 0.439757
vt 0.680837 0.445653
vt 0.680618 0.475347
vt 0.265203 0.858112
vt 0.272043 0.858107
vt 0.265203 0.814618
vt 0.680618 0.475347
vt 0.686825 0.483256
vt 0.686825 0.439757
vt 0.681342 0.442607
vt 0.671888 0.439169
vt 0.672195 0.441098
vt 0.897334 0.942076
vt 0.906438 0.941989
vt 0.906811 0.918457
vt 0.931379 0.738864
vt 0.931379 0.762393
vt 0.934391 0.762140
vt 0.906811 0.918457
vt 0.896867 0.918457
vt 0.897334 0.942076
vt 0.934391 0.762140
vt 0.935359 0.738524
vt 0.931379 0.738864
vt 0.698580 0.377006
vt 0.683796 0.421179
vt 0.698580 0.421499
vt 0.680837 0.445653
vt 0.671845 0.445108
vt 0.671472 0.473837
vt 0.942076 0.767426
vt 0.932441 0.790934
vt 0.941411 0.790941
vt 0.680837 0.445653
vt 0.671472 0.473837
vt 0.680618 0.475347
vt 0.601236 0.886257
vt 0.624692 0.916887
vt 0.624692 0.888178
vt 0.942076 0.767426
vt 0.932136 0.767426
vt 0.932441 0.790934
vt 0.515397 0.860488
vt 0.516970 0.858253
vt 0.488396 0.858922
vt 0.489715 0.860689
vt 0.489090 0.893460
vt 0.515397 0.860488
vt 0.488396 0.858922
vt 0.489715 0.860689
vt 0.515397 0.860488
vt 0.960396 0.476559
vt 0.965586 0.476724
vt 0.962904 0.474587
vt 0.974510 0.376638
vt 0.985274 0.377519
vt 0.985274 0.376548
vt 0.983917 0.864979
vt 0.984017 0.863613
vt 0.974510 0.863613
vt 0.974510 0.330445
vt 0.974673 0.331400
vt 0.985384 0.330445
vt 0.974510 0.305504
vt 0.985339 0.305504
vt 0.985432 0.304539
vt 0.985432 0.304539
vt 0.974603 0.304539
vt 0.974510 0.305504
vt 0.965586 0.476724
vt 0.960396 0.476559
vt 0.960554 0.480560
vt 0.960554 0.480560
vt 0.964822 0.481108
vt 0.965586 0.476724
vt 0.988056 0.623342
vt 0.989138 0.627557
vt 0.994105 0.623342
vt 0.964822 0.481108
vt 0.960554 0.480560
vt 0.964981 0.485109
vt 0.960713 0.484560
vt 0.964981 0.485109
vt 0.960554 0.480560
vt 0.991609 0.717464
vt 0.994064 0.715237
vt 0.988056 0.715237
vt 0.993627 0.910221
vt 0.988056 0.910221
vt 0.990901 0.912275
vt 0.348302 0.978476
vt 0.344276 0.977869
vt 0.344297 0.981275
vt 0.348302 0.978476
vt 0.344297 0.981275
vt 0.348373 0.981980
vt 0.988056 0.576581
vt 0.989180 0.581696
vt 0.994098 0.576287
vt 0.989180 0.581696
vt 0.994098 0.582197
vt 0.994098 0.576287
vt 0.989138 0.627557
vt 0.992078 0.627980
vt 0.994105 0.623342
vt 0.571567 0.983081
vt 0.574616 0.979886
vt 0.571567 0.977869
vt 0.574616 0.979886
vt 0.571567 0.983081
vt 0.573333 0.986087
vt 0.988056 0.596074
vt 0.994247 0.596074
vt 0.992267 0.593293
vt 0.347186 0.985446
vt 0.348373 0.981980
vt 0.344297 0.981275
vt 0.344276 0.986429
vt 0.347186 0.985446
vt 0.344297 0.981275
vt 0.888918 0.475234
vt 0.896735 0.442625
vt 0.888918 0.442622
vt 0.486312 0.858270
vt 0.516970 0.858253
vt 0.518897 0.857940
vt 0.896735 0.442625
vt 0.888918 0.475234
vt 0.896735 0.475236
vt 0.486312 0.858270
vt 0.488396 0.858922
vt 0.516970 0.858253
vt 0.940267 0.293830
vt 0.931292 0.317291
vt 0.940397 0.317384
vt 0.624692 0.916887
vt 0.601236 0.886257
vt 0.601251 0.914857
vt 0.957070 0.211589
vt 0.963907 0.211587
vt 0.957070 0.196801
vt 0.963907 0.196799
vt 0.957070 0.196801
vt 0.963907 0.211587
vt 0.686825 0.483256
vt 0.680618 0.475347
vt 0.681232 0.479203
vt 0.686825 0.483256
vt 0.681232 0.479203
vt 0.672042 0.483633
vt 0.933680 0.892766
vt 0.929715 0.916887
vt 0.933569 0.916401
vt 0.940267 0.293830
vt 0.931292 0.293667
vt 0.931292 0.317291
vt 0.681232 0.479203
vt 0.671274 0.478812
vt 0.672042 0.483633
vt 0.613738 0.920240
vt 0.613073 0.943755
vt 0.623013 0.943755
vt 0.929715 0.916887
vt 0.933680 0.892766
vt 0.929715 0.893250
vt 0.623013 0.943755
vt 0.622586 0.920212
vt 0.613738 0.920240
vt 0.873895 0.105622
vt 0.874698 0.106747
vt 0.884659 0.106424
vt 0.875020 0.110762
vt 0.874698 0.106747
vt 0.873895 0.105622
vt 0.974531 0.154038
vt 0.985423 0.159885
vt 0.985445 0.154038
vt 0.604541 0.473384
vt 0.598678 0.473387
vt 0.597701 0.513860
vt 0.884659 0.106424
vt 0.884820 0.105461
vt 0.873895 0.105622
vt 0.873092 0.146097
vt 0.875020 0.110762
vt 0.873895 0.105622
vt 0.597701 0.513860
vt 0.604541 0.513856
vt 0.604541 0.473384
vt 0.985423 0.159885
vt 0.974531 0.154038
vt 0.974510 0.159885
vt 0.879144 0.535502
vt 0.868220 0.535342
vt 0.868054 0.575993
vt 0.868054 0.575993
vt 0.879943 0.575993
vt 0.879144 0.535502
vt 0.884980 0.110440
vt 0.875020 0.110762
vt 0.875180 0.139512
vt 0.884980 0.110440
vt 0.875180 0.139512
vt 0.884177 0.139029
vt 0.873092 0.146097
vt 0.875180 0.139512
vt 0.875020 0.110762
vt 0.873092 0.146097
vt 0.875502 0.143527
vt 0.875180 0.139512
vt 0.875502 0.143527
vt 0.873092 0.146097
vt 0.884338 0.144008
vt 0.884980 0.146096
vt 0.884338 0.144008
vt 0.873092 0.146097
vt 0.970624 0.787572
vt 0.963787 0.775703
vt 0.963787 0.787582
vt 0.963787 0.775703
vt 0.970624 0.787572
vt 0.970624 0.775693
vt 0.324437 0.358128
vt 0.324546 0.372800
vt 0.327460 0.372795
vt 0.956673 0.230057
vt 0.960548 0.230061
vt 0.960548 0.215371
vt 0.956673 0.230057
vt 0.960548 0.215371
vt 0.956545 0.215440
vt 0.327460 0.372795
vt 0.327460 0.358138
vt 0.324437 0.358128
vt 0.756842 0.945632
vt 0.756842 0.960309
vt 0.760714 0.960548
vt 0.760714 0.960548
vt 0.760714 0.945871
vt 0.756842 0.945632
vt 0.957488 0.419809
vt 0.960394 0.419820
vt 0.956545 0.405148
vt 0.960548 0.405148
vt 0.956545 0.405148
vt 0.960394 0.419820
vt 0.026480 0.761306
vt 0.147054 0.758448
vt 0.142908 0.689059
vt 0.725436 0.726956
vt 0.732166 0.735776
vt 0.725194 0.610457
vt 0.026480 0.692843
vt 0.026480 0.761306
vt 0.142908 0.689059
vt 0.798103 0.136478
vt 0.798103 0.151135
vt 0.801016 0.151130
vt 0.832551 0.272043
vt 0.835458 0.272043
vt 0.836281 0.257427
vt 0.801016 0.151130
vt 0.801016 0.136473
vt 0.798103 0.136478
vt 0.836281 0.257427
vt 0.832406 0.257427
vt 0.832551 0.272043
vt 0.954990 0.873654
vt 0.956014 0.888339
vt 0.958802 0.888303
vt 0.958802 0.888303
vt 0.958869 0.873654
vt 0.954990 0.873654
vt 0.962227 0.171728
vt 0.958352 0.171728
vt 0.962129 0.186400
vt 0.959223 0.186400
vt 0.962129 0.186400
vt 0.958352 0.171728
vt 0.631932 0.424441
vt 0.752873 0.434934
vt 0.737668 0.425225
vt 0.456764 0.793791
vt 0.395097 0.690264
vt 0.395097 0.795979
vt 0.893894 0.241816
vt 0.895228 0.239029
vt 0.895592 0.236121
vt 0.895228 0.239029
vt 0.893894 0.241816
vt 0.901046 0.239756
vt 0.659686 0.985746
vt 0.665512 0.985764
vt 0.659546 0.977869
vt 0.901773 0.241816
vt 0.901046 0.239756
vt 0.893894 0.241816
vt 0.666348 0.977869
vt 0.659546 0.977869
vt 0.665512 0.985764
vt 0.622281 0.598340
vt 0.633985 0.602861
vt 0.636434 0.454168
vt 0.495388 0.693359
vt 0.487079 0.692203
vt 0.487079 0.771988
vt 0.487079 0.771988
vt 0.495331 0.772469
vt 0.495388 0.693359
vt 0.633985 0.602861
vt 0.643550 0.526374
vt 0.636434 0.454168
vt 0.004377 0.394703
vt 0.005445 0.302339
vt 0.001372 0.305520
vt 0.005445 0.302339
vt 0.004377 0.394703
vt 0.008396 0.394431
vt 0.428216 0.476155
vt 0.422378 0.475624
vt 0.422378 0.486461
vt 0.422378 0.486461
vt 0.428216 0.486991
vt 0.428216 0.476155
vt 0.121895 0.801016
vt 0.132663 0.800969
vt 0.121895 0.766688
vt 0.075392 0.465124
vt 0.081562 0.468519
vt 0.082285 0.465515
vt 0.887590 0.932998
vt 0.893377 0.910082
vt 0.886519 0.909258
vt 0.081562 0.468519
vt 0.075392 0.465124
vt 0.070821 0.468459
vt 0.082035 0.462594
vt 0.080284 0.442146
vt 0.075142 0.462203
vt 0.937038 0.835694
vt 0.930152 0.836264
vt 0.936072 0.859299
vt 0.609579 0.919910
vt 0.589585 0.943755
vt 0.609579 0.943246
vt 0.075420 0.442563
vt 0.075142 0.462203
vt 0.080284 0.442146
vt 0.938717 0.167556
vt 0.932919 0.167960
vt 0.932919 0.191438
vt 0.070821 0.434130
vt 0.075086 0.438668
vt 0.080923 0.438168
vt 0.932919 0.191438
vt 0.937751 0.191101
vt 0.938717 0.167556
vt 0.080923 0.438168
vt 0.081562 0.434190
vt 0.070821 0.434130
vt 0.075392 0.465124
vt 0.075142 0.462203
vt 0.070821 0.468459
vt 0.914566 0.917027
vt 0.914566 0.940397
vt 0.917475 0.940353
vt 0.893377 0.910082
vt 0.887590 0.932998
vt 0.893377 0.933680
vt 0.917475 0.940353
vt 0.918566 0.917003
vt 0.914566 0.917027
vt 0.070821 0.434130
vt 0.070821 0.468459
vt 0.075142 0.462203
vt 0.075142 0.462203
vt 0.075420 0.442563
vt 0.070821 0.434130
vt 0.930152 0.859791
vt 0.936072 0.859299
vt 0.930152 0.836264
vt 0.882479 0.036936
vt 0.888339 0.036944
vt 0.888339 0.002641
vt 0.132663 0.766641
vt 0.121895 0.766688
vt 0.132663 0.800969
vt 0.888339 0.002641
vt 0.882479 0.002633
vt 0.882479 0.036936
vt 0.589585 0.943755
vt 0.609579 0.919910
vt 0.590432 0.920366
vt 0.937038 0.795874
vt 0.933167 0.819489
vt 0.937038 0.819250
vt 0.075420 0.442563
vt 0.075086 0.438668
vt 0.070821 0.434130
vt 0.936070 0.604473
vt 0.934133 0.627829
vt 0.937038 0.628051
vt 0.933167 0.819489
vt 0.937038 0.795874
vt 0.934011 0.796025
vt 0.321249 0.883522
vt 0.316490 0.882047
vt 0.316390 0.883019
vt 0.994967 0.200727
vt 0.988057 0.200727
vt 0.988056 0.205613
vt 0.316490 0.882047
vt 0.321249 0.883522
vt 0.322422 0.881679
vt 0.988056 0.205613
vt 0.993997 0.205611
vt 0.994967 0.200727
vt 0.901605 0.688645
vt 0.907449 0.716650
vt 0.908490 0.689150
vt 0.321550 0.909097
vt 0.315720 0.908493
vt 0.315619 0.909465
vt 0.322422 0.910170
vt 0.321550 0.909097
vt 0.315619 0.909465
vt 0.988056 0.329221
vt 0.989019 0.334106
vt 0.994845 0.334106
vt 0.994845 0.334106
vt 0.994854 0.329221
vt 0.988056 0.329221
vt 0.315049 0.905476
vt 0.320981 0.905108
vt 0.319004 0.886237
vt 0.322422 0.910170
vt 0.320981 0.905108
vt 0.321550 0.909097
vt 0.320981 0.905108
vt 0.322422 0.910170
vt 0.322422 0.881679
vt 0.321919 0.886539
vt 0.319004 0.886237
vt 0.320981 0.905108
vt 0.322422 0.881679
vt 0.321919 0.886539
vt 0.320981 0.905108
vt 0.901605 0.688645
vt 0.901605 0.717052
vt 0.907449 0.716650
vt 0.905287 0.681784
vt 0.910170 0.681787
vt 0.905287 0.653299
vt 0.910134 0.653424
vt 0.905287 0.653299
vt 0.910170 0.681787
vt 0.322422 0.881679
vt 0.321249 0.883522
vt 0.321919 0.886539
vt 0.744667 0.002180
vt 0.741736 0.002180
vt 0.745600 0.117550
vt 0.735524 0.353889
vt 0.735525 0.238541
vt 0.731519 0.238980
vt 0.731519 0.238980
vt 0.731519 0.354328
vt 0.735524 0.353889
vt 0.738883 0.002255
vt 0.734878 0.001818
vt 0.738883 0.117550
vt 0.741692 0.117550
vt 0.745600 0.117550
vt 0.741736 0.002180
vt 0.738883 0.722090
vt 0.738875 0.606689
vt 0.735944 0.606689
vt 0.735944 0.606689
vt 0.734975 0.722090
vt 0.738883 0.722090
vt 0.734878 0.117112
vt 0.738883 0.117550
vt 0.734878 0.001818
vt 0.663316 0.627518
vt 0.663316 0.616688
vt 0.657477 0.617221
vt 0.657477 0.617221
vt 0.657477 0.628051
vt 0.663316 0.627518
vt 0.695626 0.166249
vt 0.703494 0.165837
vt 0.695626 0.127162
vt 0.561856 0.040293
vt 0.562559 0.001174
vt 0.555920 0.040295
vt 0.703618 0.126670
vt 0.695626 0.127162
vt 0.703494 0.165837
vt 0.376838 0.800551
vt 0.379748 0.692127
vt 0.368838 0.692388
vt 0.732166 0.002814
vt 0.721415 0.001852
vt 0.732163 0.117541
vt 0.368838 0.692388
vt 0.368838 0.807228
vt 0.376838 0.800551
vt 0.993843 0.803398
vt 0.992774 0.799517
vt 0.989125 0.803398
vt 0.123350 0.993950
vt 0.123693 0.989303
vt 0.119956 0.990226
vt 0.945900 0.977868
vt 0.947457 0.981454
vt 0.948742 0.981961
vt 0.948742 0.981961
vt 0.947457 0.981454
vt 0.945900 0.985326
vt 0.119956 0.994303
vt 0.123350 0.993950
vt 0.119956 0.990226
vt 0.389082 0.993740
vt 0.390581 0.993168
vt 0.389082 0.989303
vt 0.992774 0.799517
vt 0.988056 0.799517
vt 0.989125 0.803398
vt 0.092187 0.994403
vt 0.092187 0.989303
vt 0.088293 0.989416
vt 0.088293 0.989416
vt 0.088279 0.994388
vt 0.092187 0.994403
vt 0.952424 0.977869
vt 0.950949 0.981205
vt 0.952561 0.980965
vt 0.069208 0.989303
vt 0.065153 0.993148
vt 0.069208 0.994422
vt 0.286258 0.448368
vt 0.287157 0.445598
vt 0.281493 0.444979
vt 0.952561 0.985376
vt 0.952561 0.980965
vt 0.950949 0.981205
vt 0.879943 0.723113
vt 0.871913 0.722438
vt 0.871913 0.759034
vt 0.556629 0.006062
vt 0.555920 0.040295
vt 0.562559 0.001174
vt 0.532885 0.006073
vt 0.556629 0.006062
vt 0.562559 0.001174
vt 0.526833 0.001174
vt 0.532885 0.006073
vt 0.562559 0.001174
vt 0.871913 0.759034
vt 0.878822 0.758902
vt 0.879943 0.723113
vt 0.086432 0.435563
vt 0.086432 0.469832
vt 0.092360 0.435929
vt 0.876350 0.494740
vt 0.899370 0.528973
vt 0.900094 0.494740
vt 0.937038 0.350708
vt 0.931094 0.350708
vt 0.931094 0.374479
vt 0.937038 0.350708
vt 0.931094 0.374479
vt 0.937038 0.374479
vt 0.059022 0.994383
vt 0.062946 0.994268
vt 0.062946 0.989303
vt 0.062946 0.989303
vt 0.059037 0.989309
vt 0.059022 0.994383
vt 0.275946 0.993952
vt 0.279867 0.993061
vt 0.275946 0.989346
vt 0.660183 0.989303
vt 0.659385 0.990637
vt 0.660183 0.993279
vt 0.059037 0.989309
vt 0.058042 0.993413
vt 0.059022 0.994383
vt 0.994002 0.727602
vt 0.988123 0.727602
vt 0.988056 0.730624
vt 0.957655 0.241964
vt 0.955214 0.247104
vt 0.958869 0.247004
vt 0.988056 0.730624
vt 0.993936 0.730624
vt 0.994002 0.727602
vt 0.816680 0.992643
vt 0.817933 0.989303
vt 0.816554 0.989303
vt 0.516398 0.944524
vt 0.510555 0.941556
vt 0.510534 0.945435
vt 0.667486 0.989303
vt 0.666551 0.993212
vt 0.668461 0.993212
vt 0.279867 0.993061
vt 0.279889 0.989303
vt 0.275946 0.989346
vt 0.988056 0.843476
vt 0.993765 0.843476
vt 0.990670 0.840572
vt 0.993545 0.927903
vt 0.993090 0.924437
vt 0.988056 0.927903
vt 0.247292 0.994152
vt 0.248284 0.992227
vt 0.247292 0.989303
vt 0.988056 0.336313
vt 0.988145 0.339347
vt 0.992959 0.336313
vt 0.283755 0.441990
vt 0.281493 0.444979
vt 0.287157 0.445598
vt 0.266175 0.994062
vt 0.267930 0.992792
vt 0.268182 0.990059
vt 0.510639 0.939375
vt 0.510555 0.941556
vt 0.515438 0.941605
vt 0.266175 0.989303
vt 0.266175 0.994062
vt 0.268182 0.990059
vt 0.993047 0.339347
vt 0.992959 0.336313
vt 0.988145 0.339347
vt 0.515438 0.941605
vt 0.515527 0.938454
vt 0.510639 0.939375
vt 0.510555 0.941556
vt 0.516398 0.944524
vt 0.515438 0.941605
vt 0.446616 0.989496
vt 0.444495 0.989303
vt 0.444495 0.993554
vt 0.830218 0.992466
vt 0.833142 0.992466
vt 0.833024 0.989303
vt 0.396311 0.989303
vt 0.392788 0.989303
vt 0.395775 0.993616
vt 0.005878 0.994561
vt 0.009704 0.990972
vt 0.005878 0.989303
vt 0.992784 0.983606
vt 0.993447 0.980752
vt 0.988719 0.980752
vt 0.988719 0.980752
vt 0.988056 0.983606
vt 0.992784 0.983606
vt 0.092360 0.435929
vt 0.086432 0.469832
vt 0.092360 0.470198
vt 0.876350 0.494740
vt 0.876597 0.528971
vt 0.899370 0.528973
vt 0.526833 0.001174
vt 0.527102 0.040290
vt 0.533147 0.040303
vt 0.017579 0.730487
vt 0.023510 0.730134
vt 0.023510 0.695992
vt 0.023510 0.695992
vt 0.017579 0.696345
vt 0.017579 0.730487
vt 0.533147 0.040303
vt 0.532885 0.006073
vt 0.526833 0.001174
vt 0.352529 0.625891
vt 0.345628 0.664628
vt 0.352649 0.664995
vt 0.345628 0.664628
vt 0.352529 0.625891
vt 0.345628 0.625565
vt 0.721415 0.117550
vt 0.732163 0.117541
vt 0.721415 0.001852
vt 0.343067 0.796506
vt 0.352351 0.806054
vt 0.354328 0.690343
vt 0.354328 0.690343
vt 0.327924 0.692113
vt 0.343067 0.796506
vt 0.955900 0.252806
vt 0.958869 0.247004
vt 0.955214 0.247104
vt 0.283755 0.441990
vt 0.279215 0.439950
vt 0.281493 0.444979
vt 0.980358 0.002692
vt 0.975785 0.001104
vt 0.974510 0.003552
vt 0.958869 0.247004
vt 0.955900 0.252806
vt 0.958773 0.252565
vt 0.974510 0.003552
vt 0.979632 0.005736
vt 0.980358 0.002692
vt 0.520321 0.941655
vt 0.515438 0.941605
vt 0.516398 0.944524
vt 0.955214 0.256930
vt 0.958773 0.252565
vt 0.955900 0.252806
vt 0.279215 0.439950
vt 0.283755 0.441990
vt 0.282737 0.440077
vt 0.279215 0.439950
vt 0.282737 0.440077
vt 0.279890 0.435832
vt 0.638758 0.381376
vt 0.636874 0.387007
vt 0.639806 0.387496
vt 0.985805 0.003883
vt 0.980358 0.002692
vt 0.979632 0.005736
vt 0.993047 0.339347
vt 0.994931 0.336390
vt 0.992959 0.336313
vt 0.761918 0.989303
vt 0.762253 0.992722
vt 0.763767 0.992680
vt 0.283636 0.437307
vt 0.279890 0.435832
vt 0.282737 0.440077
vt 0.761918 0.989303
vt 0.763767 0.992680
vt 0.765155 0.989303
vt 0.755345 0.989303
vt 0.751880 0.989303
vt 0.753020 0.992771
vt 0.991897 0.824906
vt 0.989614 0.822694
vt 0.988056 0.823247
vt 0.636874 0.392951
vt 0.639806 0.387496
vt 0.636874 0.387007
vt 0.279890 0.435832
vt 0.283636 0.437307
vt 0.283291 0.431275
vt 0.515438 0.941605
vt 0.520321 0.941655
vt 0.518342 0.939817
vt 0.522229 0.937068
vt 0.518342 0.939817
vt 0.520321 0.941655
vt 0.985805 0.003883
vt 0.985739 0.001104
vt 0.980358 0.002692
vt 0.993762 0.845683
vt 0.990525 0.847035
vt 0.990506 0.848416
vt 0.990506 0.848416
vt 0.990525 0.847035
vt 0.988056 0.845683
vt 0.989614 0.822694
vt 0.991897 0.824906
vt 0.993872 0.822694
vt 0.507073 0.977868
vt 0.503790 0.978800
vt 0.503790 0.983482
vt 0.979315 0.916347
vt 0.974510 0.917667
vt 0.974934 0.920709
vt 0.979739 0.919389
vt 0.979315 0.916347
vt 0.974934 0.920709
vt 0.503790 0.983482
vt 0.507073 0.982550
vt 0.507073 0.977868
vt 0.522229 0.937068
vt 0.519299 0.937038
vt 0.518342 0.939817
vt 0.519299 0.937038
vt 0.522229 0.937068
vt 0.522256 0.932220
vt 0.519299 0.937038
vt 0.522256 0.932220
vt 0.519290 0.932311
vt 0.993921 0.778420
vt 0.993921 0.775534
vt 0.988056 0.776552
vt 0.993686 0.883098
vt 0.991699 0.881052
vt 0.988056 0.883098
vt 0.727128 0.540728
vt 0.726608 0.535212
vt 0.723424 0.536420
vt 0.974510 0.215139
vt 0.985316 0.221960
vt 0.985295 0.215139
vt 0.910170 0.485151
vt 0.903330 0.485151
vt 0.910143 0.513860
vt 0.153649 0.913528
vt 0.164408 0.885640
vt 0.153649 0.884778
vt 0.985316 0.221960
vt 0.974510 0.215139
vt 0.974528 0.220986
vt 0.910170 0.886518
vt 0.899404 0.887344
vt 0.899106 0.891359
vt 0.910170 0.886518
vt 0.905050 0.891322
vt 0.904586 0.894375
vt 0.899106 0.891359
vt 0.905050 0.891322
vt 0.910170 0.886518
vt 0.910170 0.886518
vt 0.904586 0.894375
vt 0.905154 0.909139
vt 0.910170 0.886518
vt 0.905154 0.909139
vt 0.910170 0.915207
vt 0.904280 0.513860
vt 0.910143 0.513860
vt 0.903330 0.485151
vt 0.164408 0.885640
vt 0.153649 0.913528
vt 0.164569 0.913404
vt 0.939111 0.493305
vt 0.942076 0.472979
vt 0.939111 0.472392
vt 0.749610 0.288836
vt 0.755549 0.288686
vt 0.755676 0.268443
vt 0.755676 0.268443
vt 0.749610 0.268669
vt 0.749610 0.288836
vt 0.904586 0.894375
vt 0.902660 0.894708
vt 0.902265 0.909638
vt 0.947114 0.574057
vt 0.945175 0.594416
vt 0.947114 0.594465
vt 0.902265 0.909638
vt 0.905154 0.909139
vt 0.904586 0.894375
vt 0.942076 0.472979
vt 0.939111 0.493305
vt 0.941122 0.493708
vt 0.460846 0.797941
vt 0.475236 0.778703
vt 0.460417 0.777202
vt 0.945175 0.594416
vt 0.947114 0.574057
vt 0.941177 0.573872
vt 0.940749 0.046709
vt 0.943755 0.026386
vt 0.939782 0.025980
vt 0.905154 0.909139
vt 0.904856 0.913153
vt 0.910170 0.915207
vt 0.940723 0.644843
vt 0.943629 0.644788
vt 0.943755 0.624468
vt 0.943755 0.624468
vt 0.940723 0.624600
vt 0.940723 0.644843
vt 0.904856 0.913153
vt 0.898912 0.913190
vt 0.899244 0.915114
vt 0.939499 0.546929
vt 0.939499 0.567377
vt 0.945435 0.567596
vt 0.943755 0.026386
vt 0.940749 0.046709
vt 0.943755 0.047020
vt 0.899244 0.915114
vt 0.910170 0.915207
vt 0.904856 0.913153
vt 0.945435 0.567596
vt 0.945435 0.547149
vt 0.939499 0.546929
vt 0.475236 0.778703
vt 0.460846 0.797941
vt 0.475236 0.799337
vt 0.994967 0.347597
vt 0.994276 0.345524
vt 0.988195 0.346630
vt 0.921269 0.804260
vt 0.922582 0.783692
vt 0.921269 0.779525
vt 0.988060 0.193648
vt 0.994966 0.198520
vt 0.994970 0.193648
vt 0.921925 0.234599
vt 0.917039 0.234602
vt 0.917039 0.260288
vt 0.988195 0.346630
vt 0.988056 0.347597
vt 0.994967 0.347597
vt 0.917039 0.260288
vt 0.921922 0.259314
vt 0.921925 0.234599
vt 0.922196 0.798472
vt 0.928526 0.783653
vt 0.922582 0.783692
vt 0.921269 0.804260
vt 0.922196 0.798472
vt 0.922582 0.783692
vt 0.994966 0.198520
vt 0.988060 0.193648
vt 0.988056 0.198520
vt 0.925283 0.162396
vt 0.918373 0.162472
vt 0.918225 0.187190
vt 0.918225 0.187190
vt 0.925283 0.188079
vt 0.925283 0.162396
vt 0.928526 0.783653
vt 0.922196 0.798472
vt 0.925245 0.797970
vt 0.922196 0.798472
vt 0.921269 0.804260
vt 0.922698 0.801520
vt 0.985419 0.120146
vt 0.974510 0.126960
vt 0.985419 0.126006
vt 0.974510 0.126960
vt 0.985419 0.120146
vt 0.974510 0.120124
vt 0.547986 0.993320
vt 0.551892 0.993303
vt 0.551892 0.989303
vt 0.551892 0.989303
vt 0.547986 0.989320
vt 0.547986 0.993320
vt 0.994969 0.158154
vt 0.995087 0.153306
vt 0.988059 0.158154
vt 0.928642 0.801481
vt 0.922698 0.801520
vt 0.921269 0.804260
vt 0.928179 0.804375
vt 0.928642 0.801481
vt 0.921269 0.804260
vt 0.988056 0.153270
vt 0.988059 0.158154
vt 0.995087 0.153306
vt 0.707990 0.119056
vt 0.718732 0.119229
vt 0.717755 0.002712
vt 0.478530 0.802296
vt 0.376838 0.800551
vt 0.368838 0.807228
vt 0.485312 0.809413
vt 0.478530 0.802296
vt 0.368838 0.807228
vt 0.717755 0.002712
vt 0.707990 0.002555
vt 0.707990 0.119056
vt 0.352351 0.806054
vt 0.343067 0.796506
vt 0.244380 0.796922
vt 0.352351 0.806054
vt 0.244380 0.796922
vt 0.235830 0.806054
vt 0.794299 0.258609
vt 0.794299 0.244021
vt 0.786472 0.256575
vt 0.829564 0.949012
vt 0.822669 0.951401
vt 0.822657 0.962411
vt 0.822657 0.962411
vt 0.829564 0.963907
vt 0.829564 0.949012
vt 0.786588 0.245473
vt 0.786472 0.256575
vt 0.794299 0.244021
vt 0.939318 0.537388
vt 0.948793 0.526515
vt 0.941642 0.523514
vt 0.586652 0.518897
vt 0.594465 0.518884
vt 0.594465 0.473307
vt 0.594465 0.473307
vt 0.586652 0.473321
vt 0.586652 0.518897
vt 0.166249 0.879943
vt 0.124070 0.875360
vt 0.120635 0.878832
vt 0.161664 0.875689
vt 0.124070 0.875360
vt 0.166249 0.879943
vt 0.497067 0.947877
vt 0.497067 0.936739
vt 0.486618 0.941142
vt 0.497067 0.947877
vt 0.486618 0.941142
vt 0.486788 0.952152
vt 0.488758 0.930819
vt 0.486618 0.941142
vt 0.497067 0.936739
vt 0.948793 0.526515
vt 0.939318 0.537388
vt 0.947205 0.536492
vt 0.486618 0.941142
vt 0.488758 0.930819
vt 0.483104 0.931499
vt 0.935359 0.141181
vt 0.924501 0.138512
vt 0.928052 0.148608
vt 0.477194 0.950943
vt 0.486788 0.952152
vt 0.486618 0.941142
vt 0.476423 0.940404
vt 0.477194 0.950943
vt 0.486618 0.941142
vt 0.948793 0.541399
vt 0.947205 0.536492
vt 0.939318 0.537388
vt 0.939318 0.537388
vt 0.941603 0.544087
vt 0.948793 0.541399
vt 0.921766 0.153429
vt 0.924501 0.138512
vt 0.916990 0.139681
vt 0.924501 0.138512
vt 0.921766 0.153429
vt 0.928052 0.148608
vt 0.273739 0.993664
vt 0.273739 0.990812
vt 0.271328 0.989303
vt 0.273739 0.993664
vt 0.271328 0.989303
vt 0.270389 0.991141
vt 0.273739 0.993664
vt 0.270389 0.991141
vt 0.270389 0.993994
vt 0.964981 0.485109
vt 0.960713 0.484560
vt 0.963959 0.488670
vt 0.960887 0.488670
vt 0.963959 0.488670
vt 0.960713 0.484560
vt 0.401211 0.989303
vt 0.398518 0.989303
vt 0.401176 0.993610
vt 0.340972 0.989303
vt 0.341815 0.993766
vt 0.344613 0.989303
vt 0.988056 0.691146
vt 0.992932 0.691146
vt 0.991038 0.688995
vt 0.991038 0.688995
vt 0.989813 0.687303
vt 0.988056 0.691146
vt 0.382088 0.989303
vt 0.382088 0.993749
vt 0.383793 0.991580
vt 0.963907 0.706035
vt 0.960098 0.704772
vt 0.959566 0.708730
vt 0.959566 0.708730
vt 0.963345 0.710099
vt 0.963907 0.706035
vt 0.974510 0.974544
vt 0.974555 0.975512
vt 0.982381 0.974544
vt 0.815124 0.985778
vt 0.815124 0.977907
vt 0.814153 0.977869
vt 0.814153 0.977869
vt 0.814153 0.985739
vt 0.815124 0.985778
vt 0.982426 0.975512
vt 0.982381 0.974544
vt 0.974555 0.975512
vt 0.285478 0.827805
vt 0.283894 0.858112
vt 0.285158 0.857132
vt 0.789131 0.989303
vt 0.791906 0.992693
vt 0.791911 0.989940
vt 0.791906 0.992693
vt 0.789131 0.989303
vt 0.789512 0.992693
vt 0.993724 0.857185
vt 0.988056 0.857185
vt 0.992136 0.860409
vt 0.409960 0.992608
vt 0.411011 0.989303
vt 0.407366 0.989356
vt 0.407366 0.993549
vt 0.409960 0.992608
vt 0.407366 0.989356
vt 0.974510 0.793776
vt 0.974533 0.794745
vt 0.984314 0.793776
vt 0.984334 0.769903
vt 0.974530 0.769903
vt 0.974510 0.770874
vt 0.974510 0.770874
vt 0.984315 0.770874
vt 0.984334 0.769903
vt 0.047483 0.977869
vt 0.046131 0.978093
vt 0.047483 0.987096
vt 0.984688 0.538119
vt 0.974783 0.537189
vt 0.974510 0.538119
vt 0.963345 0.710099
vt 0.959566 0.708730
vt 0.963907 0.713223
vt 0.221173 0.989303
vt 0.218952 0.992038
vt 0.221173 0.994199
vt 0.988056 0.445298
vt 0.991769 0.447386
vt 0.994680 0.445298
vt 0.800505 0.981704
vt 0.802072 0.984392
vt 0.804755 0.982684
vt 0.804755 0.982684
vt 0.802967 0.978699
vt 0.800505 0.981704
vt 0.959566 0.708730
vt 0.960128 0.711853
vt 0.963907 0.713223
vt 0.962406 0.717052
vt 0.963907 0.713223
vt 0.960128 0.711853
vt 0.988056 0.963821
vt 0.990280 0.965456
vt 0.993548 0.963821
vt 0.802072 0.984392
vt 0.800505 0.981704
vt 0.798554 0.985554
vt 0.872130 0.671712
vt 0.879943 0.671694
vt 0.879943 0.634966
vt 0.879943 0.634966
vt 0.872130 0.634984
vt 0.872130 0.671712
vt 0.488396 0.858922
vt 0.485349 0.895056
vt 0.488240 0.894588
vt 0.283894 0.858112
vt 0.285478 0.827805
vt 0.283894 0.826377
vt 0.485349 0.895056
vt 0.488396 0.858922
vt 0.486312 0.858270
vt 0.799337 0.082989
vt 0.796390 0.080179
vt 0.793443 0.082226
vt 0.799337 0.082989
vt 0.793443 0.082226
vt 0.793443 0.086110
vt 0.799337 0.082989
vt 0.793443 0.086110
vt 0.798360 0.087842
vt 0.149456 0.727927
vt 0.148320 0.727148
vt 0.149272 0.737923
vt 0.471878 0.702839
vt 0.471878 0.691884
vt 0.470740 0.692664
vt 0.149456 0.727927
vt 0.149272 0.737923
vt 0.149456 0.738883
vt 0.470740 0.692664
vt 0.470740 0.703618
vt 0.471878 0.702839
vt 0.799337 0.091729
vt 0.798360 0.087842
vt 0.793443 0.086110
vt 0.794420 0.090967
vt 0.799337 0.091729
vt 0.793443 0.086110
vt 0.413103 0.833897
vt 0.410179 0.866504
vt 0.413103 0.866508
vt 0.410179 0.866504
vt 0.413103 0.833897
vt 0.410179 0.833893
vt 0.278203 0.869924
vt 0.245587 0.870163
vt 0.280440 0.871546
vt 0.799337 0.091729
vt 0.794420 0.090967
vt 0.797367 0.095719
vt 0.148320 0.738104
vt 0.149272 0.737923
vt 0.148320 0.727148
vt 0.240658 0.994040
vt 0.237771 0.989303
vt 0.236606 0.994040
vt 0.993635 0.871570
vt 0.992548 0.866740
vt 0.988056 0.871570
vt 0.977707 0.783082
vt 0.978486 0.778211
vt 0.974510 0.779265
vt 0.974510 0.779265
vt 0.974510 0.784876
vt 0.977707 0.783082
vt 0.794420 0.094852
vt 0.797367 0.095719
vt 0.794420 0.090967
vt 0.978486 0.778211
vt 0.977707 0.783082
vt 0.982447 0.779379
vt 0.188597 0.994200
vt 0.188597 0.989303
vt 0.185972 0.990151
vt 0.185972 0.990151
vt 0.184803 0.993416
vt 0.188597 0.994200
vt 0.798554 0.977869
vt 0.800505 0.981704
vt 0.802967 0.978699
vt 0.992843 0.665638
vt 0.988056 0.665638
vt 0.988825 0.669665
vt 0.991218 0.669665
vt 0.994031 0.670455
vt 0.992843 0.665638
vt 0.988825 0.669665
vt 0.991218 0.669665
vt 0.992843 0.665638
vt 0.989477 0.510751
vt 0.992666 0.510654
vt 0.994330 0.506093
vt 0.994330 0.506093
vt 0.988056 0.506093
vt 0.989477 0.510751
vt 0.416702 0.992943
vt 0.420863 0.993511
vt 0.420863 0.989303
vt 0.977707 0.783082
vt 0.979791 0.786432
vt 0.983767 0.785379
vt 0.977707 0.783082
vt 0.983767 0.785379
vt 0.983958 0.781911
vt 0.983958 0.781911
vt 0.982447 0.779379
vt 0.977707 0.783082
vt 0.684749 0.300591
vt 0.705287 0.299484
vt 0.684749 0.173196
vt 0.149456 0.762393
vt 0.147054 0.758448
vt 0.026480 0.761306
vt 0.391229 0.188079
vt 0.396310 0.086004
vt 0.391229 0.083532
vt 0.705298 0.174028
vt 0.684749 0.173196
vt 0.705287 0.299484
vt 0.572634 0.040303
vt 0.572634 0.001684
vt 0.567190 0.004103
vt 0.245587 0.870163
vt 0.243810 0.871434
vt 0.280440 0.871546
vt 0.887998 0.722190
vt 0.882989 0.720581
vt 0.882989 0.753997
vt 0.882989 0.753997
vt 0.888339 0.752868
vt 0.887998 0.722190
vt 0.001648 0.846664
vt 0.001648 0.881622
vt 0.008396 0.881006
vt 0.924791 0.855980
vt 0.918118 0.869867
vt 0.926962 0.867969
vt 0.404398 0.961096
vt 0.395698 0.960242
vt 0.395698 0.972303
vt 0.395698 0.972303
vt 0.404706 0.971834
vt 0.404398 0.961096
vt 0.918118 0.869867
vt 0.924791 0.855980
vt 0.915872 0.855813
vt 0.918118 0.869867
vt 0.915872 0.855813
vt 0.909423 0.868144
vt 0.722003 0.740328
vt 0.713181 0.741521
vt 0.713265 0.751766
vt 0.713265 0.751766
vt 0.722090 0.751544
vt 0.722003 0.740328
vt 0.918118 0.843707
vt 0.915872 0.855813
vt 0.924791 0.855980
vt 0.924791 0.855980
vt 0.926962 0.844716
vt 0.918118 0.843707
vt 0.915872 0.855813
vt 0.909051 0.856850
vt 0.909423 0.868144
vt 0.918118 0.843707
vt 0.909051 0.856850
vt 0.915872 0.855813
vt 0.321268 0.024711
vt 0.332497 0.031680
vt 0.330053 0.020572
vt 0.315555 0.464939
vt 0.327460 0.469755
vt 0.327254 0.460041
vt 0.327254 0.460041
vt 0.310933 0.458196
vt 0.315555 0.464939
vt 0.332497 0.031680
vt 0.321268 0.024711
vt 0.323305 0.030974
vt 0.321268 0.037148
vt 0.329645 0.041982
vt 0.332497 0.031680
vt 0.332497 0.031680
vt 0.323305 0.030974
vt 0.321268 0.037148
vt 0.124131 0.953808
vt 0.119318 0.945315
vt 0.115560 0.951355
vt 0.115825 0.957529
vt 0.124131 0.953808
vt 0.115560 0.951355
vt 0.327460 0.469755
vt 0.315555 0.464939
vt 0.321697 0.471872
vt 0.916887 0.387332
vt 0.908585 0.385159
vt 0.906141 0.398419
vt 0.906141 0.398419
vt 0.914963 0.398644
vt 0.916887 0.387332
vt 0.722090 0.751544
vt 0.713265 0.751766
vt 0.713181 0.763214
vt 0.713181 0.763214
vt 0.721992 0.764072
vt 0.722090 0.751544
vt 0.931067 0.413870
vt 0.923146 0.419418
vt 0.924512 0.426102
vt 0.931067 0.413870
vt 0.924512 0.426102
vt 0.933680 0.425868
vt 0.124131 0.953808
vt 0.126427 0.945315
vt 0.119318 0.945315
vt 0.124131 0.953808
vt 0.130984 0.950684
vt 0.126427 0.945315
vt 0.923146 0.432700
vt 0.933680 0.425868
vt 0.924512 0.426102
vt 0.130984 0.950684
vt 0.124131 0.953808
vt 0.130980 0.957798
vt 0.914963 0.398644
vt 0.906141 0.398419
vt 0.909083 0.413103
vt 0.909083 0.413103
vt 0.916887 0.410972
vt 0.914963 0.398644
vt 0.919817 0.575993
vt 0.928642 0.574942
vt 0.928499 0.562820
vt 0.928499 0.562820
vt 0.919638 0.562053
vt 0.919817 0.575993
vt 0.933680 0.425868
vt 0.923146 0.432700
vt 0.931268 0.438292
vt 0.985432 0.198424
vt 0.979429 0.193435
vt 0.974510 0.198424
vt 0.278782 0.980699
vt 0.283708 0.986533
vt 0.283708 0.977869
vt 0.049987 0.986728
vt 0.054067 0.982298
vt 0.049690 0.977868
vt 0.974510 0.257724
vt 0.979891 0.262250
vt 0.985272 0.259763
vt 0.566186 0.977869
vt 0.566186 0.986096
vt 0.569360 0.981931
vt 0.124131 0.953808
vt 0.115825 0.957529
vt 0.121590 0.962227
vt 0.124131 0.953808
vt 0.121590 0.962227
vt 0.127759 0.961959
vt 0.127759 0.961959
vt 0.130980 0.957798
vt 0.124131 0.953808
vt 0.134190 0.540728
vt 0.134342 0.529986
vt 0.002071 0.530963
vt 0.732166 0.603527
vt 0.725194 0.610457
vt 0.732166 0.735776
vt 0.002071 0.530963
vt 0.001933 0.540728
vt 0.134190 0.540728
vt 0.752873 0.434934
vt 0.631932 0.424441
vt 0.620596 0.434934
vt 0.963907 0.603466
vt 0.955957 0.605019
vt 0.956214 0.614650
vt 0.956214 0.614650
vt 0.963907 0.617975
vt 0.963907 0.603466
vt 0.931508 0.162890
vt 0.935359 0.155704
vt 0.928052 0.148608
vt 0.928052 0.148608
vt 0.921766 0.153429
vt 0.931508 0.162890
vt 0.172219 0.453405
vt 0.148677 0.347009
vt 0.065681 0.424364
vt 0.145993 0.947277
vt 0.145993 0.962193
vt 0.152814 0.962227
vt 0.152814 0.962227
vt 0.152814 0.947311
vt 0.145993 0.947277
vt 0.723770 0.281527
vt 0.723770 0.237976
vt 0.708832 0.238568
vt 0.708832 0.238568
vt 0.708832 0.282119
vt 0.723770 0.281527
vt 0.398104 0.827933
vt 0.408065 0.828253
vt 0.407744 0.826327
vt 0.392803 0.825847
vt 0.398104 0.827933
vt 0.407744 0.826327
vt 0.194931 0.938717
vt 0.204872 0.938453
vt 0.204872 0.914768
vt 0.204872 0.914768
vt 0.196026 0.914945
vt 0.194931 0.938717
vt 0.407743 0.832266
vt 0.398746 0.831785
vt 0.398581 0.860516
vt 0.712015 0.918492
vt 0.703047 0.941861
vt 0.712015 0.942076
vt 0.398581 0.860516
vt 0.407584 0.861039
vt 0.407743 0.832266
vt 0.542338 0.879737
vt 0.542338 0.908490
vt 0.565917 0.905429
vt 0.565917 0.905429
vt 0.565917 0.876675
vt 0.542338 0.879737
vt 0.455085 0.524056
vt 0.448275 0.523511
vt 0.452043 0.534011
vt 0.452474 0.508721
vt 0.448275 0.523511
vt 0.455085 0.524056
vt 0.446524 0.530908
vt 0.452043 0.534011
vt 0.448275 0.523511
vt 0.356727 0.921249
vt 0.361661 0.910179
vt 0.354034 0.910339
vt 0.448275 0.523511
vt 0.452474 0.508721
vt 0.446524 0.512581
vt 0.354034 0.910339
vt 0.344425 0.917671
vt 0.356727 0.921249
vt 0.372402 0.026565
vt 0.367086 0.029738
vt 0.369423 0.041158
vt 0.372402 0.026565
vt 0.369423 0.041158
vt 0.376159 0.041957
vt 0.356727 0.921249
vt 0.367762 0.921310
vt 0.361661 0.910179
vt 0.767310 0.130828
vt 0.774148 0.087448
vt 0.767310 0.087291
vt 0.398104 0.827933
vt 0.392803 0.825847
vt 0.398746 0.831785
vt 0.928049 0.662676
vt 0.931872 0.663316
vt 0.932000 0.639545
vt 0.932000 0.639545
vt 0.928049 0.638899
vt 0.928049 0.662676
vt 0.393124 0.869387
vt 0.398746 0.831785
vt 0.392803 0.825847
vt 0.774148 0.087448
vt 0.767310 0.130828
vt 0.774148 0.130984
vt 0.393124 0.869387
vt 0.398581 0.860516
vt 0.398746 0.831785
vt 0.703047 0.941861
vt 0.712015 0.918492
vt 0.702078 0.918261
vt 0.924687 0.026140
vt 0.933680 0.026868
vt 0.933680 0.002209
vt 0.933680 0.002209
vt 0.924707 0.002455
vt 0.924687 0.026140
vt 0.367086 0.053045
vt 0.376159 0.041957
vt 0.369423 0.041158
vt 0.367762 0.921310
vt 0.356727 0.921249
vt 0.365627 0.933365
vt 0.376159 0.041957
vt 0.367086 0.053045
vt 0.372494 0.058775
vt 0.525615 0.695148
vt 0.516647 0.718516
vt 0.525615 0.718732
vt 0.407262 0.865052
vt 0.398266 0.864571
vt 0.408065 0.869867
vt 0.924534 0.251892
vt 0.928642 0.251547
vt 0.928489 0.227770
vt 0.393124 0.869387
vt 0.398266 0.864571
vt 0.398581 0.860516
vt 0.928489 0.227770
vt 0.924534 0.227150
vt 0.924534 0.251892
vt 0.516647 0.718516
vt 0.525615 0.695148
vt 0.516647 0.694932
vt 0.393124 0.869387
vt 0.408065 0.869867
vt 0.398266 0.864571
vt 0.583247 0.958833
vt 0.574587 0.942239
vt 0.576374 0.958869
vt 0.974510 0.176091
vt 0.985423 0.176091
vt 0.984604 0.170159
vt 0.869816 0.356779
vt 0.878650 0.357295
vt 0.879943 0.355534
vt 0.984604 0.170159
vt 0.974531 0.170245
vt 0.974510 0.176091
vt 0.869041 0.390367
vt 0.878955 0.361312
vt 0.868993 0.361594
vt 0.878263 0.407716
vt 0.867338 0.407600
vt 0.878263 0.448368
vt 0.968944 0.846962
vt 0.959128 0.846962
vt 0.960840 0.859791
vt 0.960840 0.859791
vt 0.968840 0.856780
vt 0.968944 0.846962
vt 0.732166 0.603527
vt 0.622857 0.608708
vt 0.623623 0.616739
vt 0.011007 0.363373
vt 0.011007 0.486991
vt 0.067171 0.447936
vt 0.623623 0.616739
vt 0.725194 0.610457
vt 0.732166 0.603527
vt 0.635415 0.324295
vt 0.625603 0.324708
vt 0.631932 0.424441
vt 0.878955 0.361312
vt 0.879943 0.355534
vt 0.878650 0.357295
vt 0.879943 0.355534
vt 0.878955 0.361312
vt 0.878040 0.389921
vt 0.216627 0.846357
vt 0.216627 0.805726
vt 0.210766 0.805582
vt 0.879943 0.355534
vt 0.878040 0.389921
vt 0.879943 0.396193
vt 0.210766 0.805582
vt 0.210766 0.846213
vt 0.216627 0.846357
vt 0.878955 0.361312
vt 0.869041 0.390367
vt 0.878040 0.389921
vt 0.867338 0.448252
vt 0.878263 0.448368
vt 0.867338 0.407600
vt 0.759034 0.112512
vt 0.759034 0.002278
vt 0.749252 0.003152
vt 0.749252 0.003152
vt 0.749264 0.112417
vt 0.759034 0.112512
vt 0.620596 0.434934
vt 0.631932 0.424441
vt 0.625603 0.324708
vt 0.895056 0.295326
vt 0.895056 0.261729
vt 0.883170 0.261956
vt 0.970624 0.053737
vt 0.970593 0.041855
vt 0.964747 0.041855
vt 0.883170 0.295553
vt 0.895056 0.295326
vt 0.883170 0.261956
vt 0.964747 0.041855
vt 0.964714 0.052640
vt 0.970624 0.053737
vt 0.878040 0.389921
vt 0.878345 0.393938
vt 0.879943 0.396193
vt 0.869346 0.394384
vt 0.869017 0.396310
vt 0.879943 0.396193
vt 0.879943 0.396193
vt 0.878345 0.393938
vt 0.869346 0.394384
vt 0.974510 0.162092
vt 0.974522 0.167952
vt 0.985431 0.167952
vt 0.985431 0.167952
vt 0.985419 0.162092
vt 0.974510 0.162092
vt 0.884158 0.533830
vt 0.884158 0.567425
vt 0.890018 0.534002
vt 0.661636 0.826206
vt 0.660447 0.785414
vt 0.646120 0.825520
vt 0.822597 0.076723
vt 0.806947 0.077775
vt 0.807213 0.113791
vt 0.807213 0.113791
vt 0.822847 0.113819
vt 0.822597 0.076723
vt 0.660447 0.785414
vt 0.644856 0.785569
vt 0.646120 0.825520
vt 0.661636 0.748696
vt 0.644856 0.785569
vt 0.660447 0.785414
vt 0.643611 0.741450
vt 0.645157 0.745083
vt 0.684162 0.744406
vt 0.614138 0.772025
vt 0.645157 0.745083
vt 0.643611 0.741450
vt 0.684162 0.744406
vt 0.685180 0.741804
vt 0.643611 0.741450
vt 0.644856 0.785569
vt 0.661636 0.748696
vt 0.646120 0.748979
vt 0.554287 0.247464
vt 0.545309 0.443330
vt 0.583068 0.442215
vt 0.645157 0.745083
vt 0.614138 0.772025
vt 0.616717 0.773096
vt 0.583068 0.442215
vt 0.617975 0.443330
vt 0.578813 0.246720
vt 0.578813 0.246720
vt 0.554287 0.247464
vt 0.583068 0.442215
vt 0.685180 0.741804
vt 0.684162 0.744406
vt 0.711792 0.771908
vt 0.711792 0.771908
vt 0.715373 0.770339
vt 0.685180 0.741804
vt 0.584389 0.241581
vt 0.570698 0.043998
vt 0.548484 0.044155
vt 0.548484 0.044155
vt 0.550097 0.241816
vt 0.584389 0.241581
vt 0.664474 0.789501
vt 0.679865 0.749636
vt 0.664231 0.748699
vt 0.701939 0.947300
vt 0.695103 0.947318
vt 0.695103 0.962227
vt 0.695103 0.962227
vt 0.701939 0.962209
vt 0.701939 0.947300
vt 0.614655 0.813183
vt 0.616717 0.773096
vt 0.614138 0.772025
vt 0.679865 0.749636
vt 0.664474 0.789501
vt 0.680108 0.789469
vt 0.601762 0.247464
vt 0.578813 0.246720
vt 0.617975 0.443330
vt 0.607671 0.570132
vt 0.410716 0.597371
vt 0.607899 0.607899
vt 0.614655 0.813183
vt 0.617369 0.812075
vt 0.616717 0.773096
vt 0.509662 0.960424
vt 0.509644 0.972303
vt 0.515521 0.960424
vt 0.890018 0.567597
vt 0.890018 0.534002
vt 0.884158 0.567425
vt 0.509644 0.972303
vt 0.515539 0.972182
vt 0.515521 0.960424
vt 0.676736 0.334655
vt 0.728807 0.421499
vt 0.728807 0.301776
vt 0.395097 0.690264
vt 0.456764 0.793791
vt 0.456676 0.692076
vt 0.244380 0.796922
vt 0.343067 0.796506
vt 0.327924 0.692113
vt 0.287824 0.993078
vt 0.290772 0.993940
vt 0.291710 0.989303
vt 0.291710 0.989303
vt 0.287801 0.989303
vt 0.287824 0.993078
vt 0.129798 0.989323
vt 0.125900 0.994275
vt 0.129798 0.994295
vt 0.988056 0.904458
vt 0.988056 0.907660
vt 0.992777 0.908014
vt 0.992777 0.908014
vt 0.993561 0.904380
vt 0.988056 0.904458
vt 0.735998 0.992956
vt 0.737352 0.992681
vt 0.735998 0.989303
vt 0.645832 0.990322
vt 0.647787 0.993251
vt 0.647787 0.989303
vt 0.125900 0.994275
vt 0.129798 0.989323
vt 0.125900 0.989303
vt 0.376581 0.989303
vt 0.374964 0.992400
vt 0.376581 0.993791
vt 0.386875 0.989303
vt 0.386000 0.990373
vt 0.386875 0.993776
vt 0.744692 0.985743
vt 0.742248 0.982097
vt 0.740425 0.983299
vt 0.994807 0.371532
vt 0.994828 0.368009
vt 0.990541 0.371532
vt 0.022582 0.993907
vt 0.025439 0.989303
vt 0.021969 0.989906
vt 0.993862 0.820487
vt 0.990712 0.817620
vt 0.988056 0.820487
vt 0.993045 0.561755
vt 0.994282 0.559304
vt 0.988056 0.559304
vt 0.374964 0.992400
vt 0.376581 0.989303
vt 0.375215 0.989513
vt 0.983921 0.460171
vt 0.984706 0.457239
vt 0.978960 0.459772
vt 0.990163 0.368541
vt 0.990541 0.371532
vt 0.994828 0.368009
vt 0.350790 0.993874
vt 0.351915 0.990099
vt 0.350790 0.989303
vt 0.350790 0.993874
vt 0.352041 0.993337
vt 0.351915 0.990099
vt 0.993943 0.753367
vt 0.993919 0.750205
vt 0.988056 0.750205
vt 0.979080 0.455646
vt 0.978960 0.459772
vt 0.984706 0.457239
vt 0.988056 0.750205
vt 0.988080 0.753367
vt 0.993943 0.753367
vt 0.778533 0.989303
vt 0.777151 0.989303
vt 0.778533 0.992775
vt 0.740815 0.978332
vt 0.741900 0.979186
vt 0.744692 0.977868
vt 0.993903 0.797310
vt 0.993903 0.794531
vt 0.988056 0.794703
vt 0.461802 0.234642
vt 0.458531 0.235946
vt 0.460336 0.240137
vt 0.335878 0.989303
vt 0.338765 0.993747
vt 0.338740 0.989880
vt 0.080323 0.994273
vt 0.076381 0.989435
vt 0.076381 0.994405
vt 0.076381 0.989435
vt 0.080323 0.994273
vt 0.080323 0.989303
vt 0.334736 0.993747
vt 0.338765 0.993747
vt 0.335878 0.989303
vt 0.741900 0.979186
vt 0.740425 0.983299
vt 0.742248 0.982097
vt 0.516388 0.927433
vt 0.510550 0.923495
vt 0.510534 0.926404
vt 0.025439 0.989303
vt 0.022582 0.993907
vt 0.025439 0.994540
vt 0.740425 0.983299
vt 0.741900 0.979186
vt 0.740815 0.978332
vt 0.510550 0.923495
vt 0.516388 0.927433
vt 0.516404 0.924524
vt 0.790128 0.745600
vt 0.797296 0.745600
vt 0.789392 0.740628
vt 0.938556 0.985229
vt 0.943693 0.984593
vt 0.943440 0.978568
vt 0.943440 0.978568
vt 0.938556 0.977868
vt 0.938556 0.985229
vt 0.265744 0.978548
vt 0.265744 0.985050
vt 0.270718 0.986539
vt 0.797658 0.740588
vt 0.789392 0.740628
vt 0.797296 0.745600
vt 0.270718 0.986539
vt 0.270718 0.977868
vt 0.265744 0.978548
vt 0.599741 0.532332
vt 0.605938 0.532332
vt 0.606220 0.527418
vt 0.606220 0.527418
vt 0.599054 0.527411
vt 0.599741 0.532332
vt 0.074435 0.959041
vt 0.075310 0.963907
vt 0.082326 0.963907
vt 0.082326 0.963907
vt 0.082532 0.959051
vt 0.074435 0.959041
vt 0.231334 0.986533
vt 0.236847 0.985312
vt 0.236106 0.978524
vt 0.236106 0.978524
vt 0.231334 0.977869
vt 0.231334 0.986533
vt 0.777384 0.091333
vt 0.779119 0.098303
vt 0.782055 0.089892
vt 0.782489 0.105795
vt 0.779119 0.098303
vt 0.777384 0.103765
vt 0.784224 0.097570
vt 0.782055 0.089892
vt 0.779119 0.098303
vt 0.779119 0.098303
vt 0.782489 0.105795
vt 0.784224 0.097570
vt 0.283636 0.437307
vt 0.286468 0.433534
vt 0.283291 0.431275
vt 0.979739 0.919389
vt 0.981482 0.916327
vt 0.979315 0.916347
vt 0.424964 0.989303
vt 0.423070 0.990494
vt 0.424964 0.993618
vt 0.287157 0.429269
vt 0.283291 0.431275
vt 0.286468 0.433534
vt 0.981482 0.916327
vt 0.979739 0.919389
vt 0.981485 0.918512
vt 0.988056 0.369073
vt 0.988175 0.371244
vt 0.990163 0.368541
vt 0.976811 0.460171
vt 0.978960 0.459772
vt 0.979080 0.455646
vt 0.979080 0.455646
vt 0.974510 0.457372
vt 0.976811 0.460171
vt 0.726099 0.530878
vt 0.723424 0.536420
vt 0.726608 0.535212
vt 0.983691 0.920709
vt 0.981485 0.918512
vt 0.979739 0.919389
vt 0.503790 0.983482
vt 0.504917 0.986224
vt 0.507073 0.982550
vt 0.988175 0.371244
vt 0.990541 0.371532
vt 0.990163 0.368541
vt 0.465226 0.993560
vt 0.466534 0.991059
vt 0.465226 0.989303
vt 0.848861 0.989303
vt 0.848810 0.992401
vt 0.851570 0.992401
vt 0.461802 0.224965
vt 0.459131 0.224210
vt 0.458028 0.230404
vt 0.461802 0.224965
vt 0.458028 0.230404
vt 0.461601 0.229799
vt 0.520294 0.927473
vt 0.519290 0.932311
vt 0.522256 0.932220
vt 0.723424 0.536420
vt 0.726099 0.530878
vt 0.722662 0.529918
vt 0.726099 0.530878
vt 0.727128 0.526283
vt 0.722662 0.529918
vt 0.724254 0.524785
vt 0.722662 0.529918
vt 0.727128 0.526283
vt 0.458028 0.230404
vt 0.458531 0.235946
vt 0.461601 0.229799
vt 0.461802 0.234642
vt 0.461601 0.229799
vt 0.458531 0.235946
vt 0.518330 0.929392
vt 0.519290 0.932311
vt 0.520294 0.927473
vt 0.516404 0.924524
vt 0.516388 0.927433
vt 0.518330 0.929392
vt 0.518330 0.929392
vt 0.520294 0.927473
vt 0.516404 0.924524
vt 0.383012 0.772012
vt 0.391272 0.772469
vt 0.391272 0.691887
vt 0.648202 0.449800
vt 0.636434 0.454168
vt 0.643550 0.526374
vt 0.391272 0.691887
vt 0.382964 0.693023
vt 0.383012 0.772012
vt 0.001373 0.484234
vt 0.008396 0.394431
vt 0.004377 0.394703
vt 0.797658 0.740588
vt 0.791406 0.731017
vt 0.789392 0.740628
vt 0.660050 0.945367
vt 0.664057 0.953578
vt 0.670033 0.951547
vt 0.082287 0.949250
vt 0.082532 0.959051
vt 0.089002 0.958975
vt 0.791406 0.731017
vt 0.797658 0.740588
vt 0.797475 0.731057
vt 0.664057 0.953578
vt 0.660050 0.957767
vt 0.667633 0.958454
vt 0.664057 0.953578
vt 0.667633 0.958454
vt 0.669625 0.957777
vt 0.669625 0.957777
vt 0.670033 0.951547
vt 0.664057 0.953578
vt 0.894844 0.073717
vt 0.891881 0.084123
vt 0.896735 0.084344
vt 0.933812 0.080290
vt 0.933027 0.090681
vt 0.938717 0.080331
vt 0.943627 0.955296
vt 0.943627 0.967265
vt 0.950472 0.960731
vt 0.665629 0.960548
vt 0.667633 0.958454
vt 0.660050 0.957767
vt 0.980649 0.418395
vt 0.976196 0.412474
vt 0.974510 0.418395
vt 0.963907 0.581031
vt 0.963907 0.568540
vt 0.959629 0.577478
vt 0.104668 0.994220
vt 0.107703 0.994176
vt 0.107703 0.989303
vt 0.107703 0.989303
vt 0.104668 0.989347
vt 0.104668 0.994220
vt 0.991702 0.719671
vt 0.991293 0.723918
vt 0.993875 0.719761
vt 0.980649 0.418395
vt 0.978373 0.412286
vt 0.976196 0.412474
vt 0.107703 0.994176
vt 0.109512 0.994268
vt 0.109512 0.989396
vt 0.109512 0.989396
vt 0.107703 0.989303
vt 0.107703 0.994176
vt 0.978373 0.412286
vt 0.980649 0.418395
vt 0.984788 0.415390
vt 0.166053 0.989303
vt 0.163988 0.989314
vt 0.163988 0.994200
vt 0.984788 0.415390
vt 0.980051 0.411347
vt 0.978373 0.412286
vt 0.163988 0.994200
vt 0.166053 0.994189
vt 0.166053 0.989303
vt 0.606220 0.527418
vt 0.599819 0.517675
vt 0.599054 0.527411
vt 0.599819 0.517675
vt 0.606220 0.527418
vt 0.605888 0.517689
vt 0.988979 0.722750
vt 0.990861 0.725395
vt 0.991293 0.723918
vt 0.991293 0.723918
vt 0.990861 0.725395
vt 0.993875 0.725306
vt 0.991293 0.723918
vt 0.993875 0.725306
vt 0.993466 0.724008
vt 0.993466 0.724008
vt 0.993875 0.719761
vt 0.991293 0.723918
vt 0.990836 0.404455
vt 0.993889 0.406329
vt 0.994838 0.404381
vt 0.804727 0.989303
vt 0.802627 0.989303
vt 0.803360 0.992695
vt 0.990861 0.725395
vt 0.988979 0.722750
vt 0.988056 0.723779
vt 0.990864 0.351758
vt 0.990860 0.349804
vt 0.988056 0.349831
vt 0.993889 0.406329
vt 0.990836 0.404455
vt 0.990855 0.406404
vt 0.358917 0.983433
vt 0.358917 0.980343
vt 0.357064 0.977870
vt 0.358917 0.983433
vt 0.357064 0.977870
vt 0.356756 0.986213
vt 0.988744 0.574080
vt 0.990873 0.573671
vt 0.988056 0.572884
vt 0.990944 0.572065
vt 0.988056 0.572884
vt 0.990873 0.573671
vt 0.992854 0.574080
vt 0.990944 0.572065
vt 0.990873 0.573671
vt 0.988056 0.404381
vt 0.990855 0.406404
vt 0.990836 0.404455
vt 0.990855 0.406404
vt 0.988056 0.404381
vt 0.988076 0.406329
vt 0.839682 0.992466
vt 0.841636 0.989318
vt 0.839682 0.989303
vt 0.990944 0.572065
vt 0.992854 0.574080
vt 0.994295 0.572474
vt 0.353977 0.977868
vt 0.356756 0.986213
vt 0.357064 0.977870
vt 0.841636 0.989318
vt 0.839682 0.992466
vt 0.841622 0.992353
vt 0.988884 0.434119
vt 0.994581 0.428552
vt 0.988056 0.428552
vt 0.383006 0.948956
vt 0.392186 0.937158
vt 0.384759 0.941091
vt 0.171039 0.994189
vt 0.175858 0.994189
vt 0.175831 0.989303
vt 0.493960 0.958758
vt 0.498746 0.958171
vt 0.495119 0.951386
vt 0.931529 0.958030
vt 0.926653 0.957004
vt 0.926653 0.963820
vt 0.935446 0.963907
vt 0.931529 0.958030
vt 0.926653 0.963820
vt 0.392186 0.937158
vt 0.383006 0.948956
vt 0.387368 0.955510
vt 0.392186 0.937158
vt 0.387368 0.955510
vt 0.396103 0.955510
vt 0.396103 0.955510
vt 0.400044 0.941091
vt 0.392186 0.937158
vt 0.152814 0.542466
vt 0.148025 0.541738
vt 0.146930 0.548546
vt 0.365711 0.984778
vt 0.365831 0.977868
vt 0.361124 0.986356
vt 0.758020 0.884980
vt 0.760714 0.880922
vt 0.758020 0.872580
vt 0.146930 0.548546
vt 0.147614 0.557521
vt 0.151720 0.549274
vt 0.889137 0.480630
vt 0.893377 0.490350
vt 0.893377 0.478073
vt 0.146930 0.548546
vt 0.151720 0.549274
vt 0.152814 0.542466
vt 0.365831 0.977868
vt 0.361124 0.978477
vt 0.361124 0.986356
vt 0.931529 0.958030
vt 0.935446 0.963907
vt 0.934488 0.955127
vt 0.995334 0.005976
vt 0.994992 0.001104
vt 0.988056 0.001104
vt 0.988672 0.005186
vt 0.995334 0.005976
vt 0.988056 0.001104
vt 0.895056 0.386361
vt 0.890939 0.385877
vt 0.888866 0.392075
vt 0.889884 0.092816
vt 0.896735 0.084344
vt 0.891881 0.084123
vt 0.888866 0.392075
vt 0.893459 0.394631
vt 0.895056 0.386361
vt 0.648216 0.985901
vt 0.651812 0.985878
vt 0.652440 0.979054
vt 0.648216 0.977869
vt 0.648216 0.985901
vt 0.652440 0.979054
vt 0.896735 0.084344
vt 0.889884 0.092816
vt 0.894596 0.094040
vt 0.009410 0.694997
vt 0.010018 0.704926
vt 0.015114 0.694883
vt 0.933027 0.090681
vt 0.938717 0.090141
vt 0.938717 0.080331
vt 0.147614 0.557521
vt 0.152814 0.556265
vt 0.151720 0.549274
vt 0.605318 0.808380
vt 0.609431 0.809413
vt 0.611258 0.801663
vt 0.611258 0.801663
vt 0.606158 0.801587
vt 0.605318 0.808380
vt 0.015103 0.704435
vt 0.015114 0.694883
vt 0.010018 0.704926
vt 0.010018 0.704926
vt 0.009410 0.715373
vt 0.015103 0.704435
vt 0.111880 0.935561
vt 0.112425 0.928111
vt 0.108621 0.927175
vt 0.111880 0.935561
vt 0.108621 0.927175
vt 0.107681 0.936208
vt 0.111880 0.935561
vt 0.107681 0.936208
vt 0.114191 0.942076
vt 0.114191 0.918808
vt 0.108621 0.927175
vt 0.112425 0.928111
vt 0.921664 0.317384
vt 0.921925 0.306863
vt 0.917606 0.308854
vt 0.498746 0.958171
vt 0.493960 0.958758
vt 0.493507 0.963471
vt 0.498746 0.958171
vt 0.493507 0.963471
vt 0.498746 0.965586
vt 0.610418 0.794804
vt 0.605318 0.794728
vt 0.606158 0.801587
vt 0.611258 0.801663
vt 0.610418 0.794804
vt 0.606158 0.801587
vt 0.334608 0.986399
vt 0.334608 0.977869
vt 0.329834 0.981100
vt 0.364231 0.073030
vt 0.364258 0.079903
vt 0.369442 0.073185
vt 0.931604 0.950212
vt 0.934488 0.955127
vt 0.938518 0.949278
vt 0.935446 0.963907
vt 0.940397 0.957115
vt 0.934488 0.955127
vt 0.396103 0.955510
vt 0.401348 0.949393
vt 0.400044 0.941091
vt 0.014269 0.714863
vt 0.015103 0.704435
vt 0.009410 0.715373
vt 0.938518 0.949278
vt 0.934488 0.955127
vt 0.940397 0.957115
vt 0.364231 0.090681
vt 0.368485 0.081025
vt 0.364258 0.079903
vt 0.933411 0.690184
vt 0.935359 0.689216
vt 0.934708 0.666473
vt 0.866508 0.717677
vt 0.841795 0.718072
vt 0.866446 0.733925
vt 0.933411 0.666878
vt 0.933411 0.690184
vt 0.934708 0.666473
vt 0.231793 0.863475
vt 0.233420 0.846966
vt 0.232066 0.847241
vt 0.369442 0.073185
vt 0.364258 0.079903
vt 0.368485 0.081025
vt 0.008396 0.394431
vt 0.001373 0.484234
vt 0.005301 0.486991
vt 0.082532 0.959051
vt 0.082287 0.949250
vt 0.076133 0.949230
vt 0.082532 0.959051
vt 0.076133 0.949230
vt 0.074435 0.959041
vt 0.711202 0.707623
vt 0.714110 0.712366
vt 0.718732 0.708310
vt 0.718732 0.708310
vt 0.713095 0.705615
vt 0.711202 0.707623
vt 0.708043 0.714571
vt 0.718732 0.720830
vt 0.714110 0.712366
vt 0.714110 0.712366
vt 0.711202 0.707623
vt 0.708345 0.708397
vt 0.714110 0.712366
vt 0.708345 0.708397
vt 0.708043 0.714571
vt 0.708043 0.714571
vt 0.710643 0.723770
vt 0.718732 0.720830
vt 0.990860 0.349804
vt 0.990864 0.351758
vt 0.994968 0.351773
vt 0.991253 0.365802
vt 0.988744 0.363433
vt 0.988056 0.364630
vt 0.994968 0.351773
vt 0.994854 0.349804
vt 0.990860 0.349804
vt 0.353977 0.977868
vt 0.352433 0.985593
vt 0.356756 0.986213
vt 0.205063 0.989303
vt 0.205063 0.994189
vt 0.208086 0.994199
vt 0.208086 0.994199
vt 0.208086 0.989313
vt 0.205063 0.989303
vt 0.789261 0.120925
vt 0.786152 0.127895
vt 0.789060 0.127149
vt 0.166053 0.994189
vt 0.168832 0.994210
vt 0.166053 0.989303
vt 0.158993 0.989351
vt 0.158993 0.994235
vt 0.161781 0.994186
vt 0.161781 0.994186
vt 0.161781 0.989303
vt 0.158993 0.989351
vt 0.784675 0.129305
vt 0.786152 0.127895
vt 0.779015 0.126646
vt 0.156932 0.989325
vt 0.156932 0.994208
vt 0.158993 0.994235
vt 0.158993 0.994235
vt 0.158993 0.989351
vt 0.156932 0.989325
vt 0.786152 0.127895
vt 0.789261 0.120925
vt 0.783446 0.122416
vt 0.786152 0.127895
vt 0.783446 0.122416
vt 0.779015 0.126646
vt 0.168832 0.989324
vt 0.166053 0.989303
vt 0.168832 0.994210
vt 0.779015 0.114205
vt 0.789261 0.120925
vt 0.786870 0.111984
vt 0.779015 0.114205
vt 0.783446 0.122416
vt 0.789261 0.120925
vt 0.974510 0.499580
vt 0.984376 0.492907
vt 0.974510 0.493397
vt 0.984376 0.501150
vt 0.984376 0.492907
vt 0.974510 0.499580
vt 0.991253 0.365802
vt 0.991331 0.364215
vt 0.988744 0.363433
vt 0.554099 0.990683
vt 0.555495 0.993440
vt 0.555495 0.989303
vt 0.991331 0.364215
vt 0.991253 0.365802
vt 0.994222 0.363433
vt 0.994844 0.398049
vt 0.993883 0.396095
vt 0.991087 0.398084
vt 0.994905 0.364630
vt 0.994222 0.363433
vt 0.991253 0.365802
vt 0.352433 0.985593
vt 0.350580 0.980030
vt 0.350580 0.983120
vt 0.353977 0.977868
vt 0.350580 0.980030
vt 0.352433 0.985593
vt 0.991095 0.396131
vt 0.991087 0.398084
vt 0.993883 0.396095
vt 0.991994 0.415208
vt 0.992288 0.416810
vt 0.994389 0.416848
vt 0.994840 0.415545
vt 0.991994 0.415208
vt 0.994389 0.416848
vt 0.992288 0.416810
vt 0.991994 0.415208
vt 0.988056 0.416848
vt 0.991087 0.398084
vt 0.988065 0.396095
vt 0.988056 0.398049
vt 0.461291 0.993540
vt 0.463019 0.992628
vt 0.461291 0.989303
vt 0.442288 0.989303
vt 0.440190 0.989303
vt 0.440934 0.993572
vt 0.988065 0.396095
vt 0.991087 0.398084
vt 0.991095 0.396131
vt 0.948793 0.914137
vt 0.946625 0.914405
vt 0.948524 0.929563
vt 0.841795 0.718072
vt 0.841387 0.733531
vt 0.866446 0.733925
vt 0.609498 0.815788
vt 0.584109 0.815072
vt 0.584202 0.831249
vt 0.947169 0.929291
vt 0.948524 0.929563
vt 0.946625 0.914405
vt 0.609498 0.815788
vt 0.584202 0.831249
vt 0.609487 0.830592
vt 0.233420 0.846966
vt 0.231793 0.863475
vt 0.233146 0.863200
vt 0.476314 0.700931
vt 0.478530 0.802296
vt 0.485312 0.809413
vt 0.851701 0.421491
vt 0.863150 0.425826
vt 0.862483 0.420991
vt 0.928642 0.353044
vt 0.923807 0.353356
vt 0.922718 0.377838
vt 0.863150 0.425826
vt 0.851701 0.421491
vt 0.857208 0.425660
vt 0.922718 0.377838
vt 0.928642 0.377381
vt 0.928642 0.353044
vt 0.925283 0.663316
vt 0.925283 0.638832
vt 0.919363 0.662836
vt 0.938178 0.384531
vt 0.920962 0.383656
vt 0.919385 0.408065
vt 0.862715 0.429829
vt 0.856773 0.429662
vt 0.856541 0.449448
vt 0.938717 0.408065
vt 0.938178 0.384531
vt 0.919385 0.408065
vt 0.856541 0.449448
vt 0.858477 0.449181
vt 0.862715 0.429829
vt 0.908297 0.603776
vt 0.909127 0.604881
vt 0.913964 0.605571
vt 0.988056 0.191441
vt 0.994966 0.191441
vt 0.994970 0.186569
vt 0.913964 0.605571
vt 0.915207 0.603775
vt 0.908297 0.603776
vt 0.994970 0.186569
vt 0.988060 0.186569
vt 0.988056 0.191441
vt 0.921919 0.105972
vt 0.915009 0.106010
vt 0.921925 0.132663
vt 0.919363 0.638353
vt 0.919363 0.662836
vt 0.925283 0.638832
vt 0.912029 0.626020
vt 0.914516 0.608611
vt 0.908574 0.608750
vt 0.974733 0.965341
vt 0.983515 0.962787
vt 0.974510 0.961936
vt 0.955706 0.075443
vt 0.955706 0.090681
vt 0.958078 0.090578
vt 0.955706 0.075443
vt 0.958078 0.090578
vt 0.958869 0.075306
vt 0.983515 0.962787
vt 0.974733 0.965341
vt 0.983682 0.965341
vt 0.955510 0.832773
vt 0.953079 0.832747
vt 0.955510 0.848036
vt 0.983813 0.911851
vt 0.974757 0.911851
vt 0.974510 0.914120
vt 0.974510 0.914120
vt 0.983566 0.914120
vt 0.983813 0.911851
vt 0.710371 0.958821
vt 0.706369 0.945317
vt 0.706337 0.960548
vt 0.993731 0.902173
vt 0.992416 0.901779
vt 0.988056 0.902173
vt 0.715373 0.960442
vt 0.711746 0.958695
vt 0.706337 0.960548
vt 0.856773 0.429662
vt 0.857208 0.425660
vt 0.851701 0.421491
vt 0.851399 0.455085
vt 0.856773 0.429662
vt 0.851701 0.421491
vt 0.932000 0.061135
vt 0.927997 0.061184
vt 0.927997 0.085643
vt 0.927997 0.085643
vt 0.931032 0.085603
vt 0.932000 0.061135
vt 0.851399 0.455085
vt 0.856541 0.449448
vt 0.856773 0.429662
vt 0.915207 0.603775
vt 0.913964 0.605571
vt 0.914516 0.608611
vt 0.913528 0.445720
vt 0.913526 0.419050
vt 0.908640 0.419049
vt 0.915207 0.603775
vt 0.914516 0.608611
vt 0.913964 0.626296
vt 0.915207 0.603775
vt 0.913964 0.626296
vt 0.915207 0.631408
vt 0.908640 0.446688
vt 0.913528 0.445720
vt 0.908640 0.419049
vt 0.915009 0.132658
vt 0.921925 0.132663
vt 0.915009 0.106010
vt 0.914516 0.608611
vt 0.912029 0.626020
vt 0.913964 0.626296
vt 0.935102 0.658278
vt 0.937038 0.634641
vt 0.935102 0.634722
vt 0.937038 0.634641
vt 0.935102 0.658278
vt 0.937038 0.658196
vt 0.935691 0.243241
vt 0.935691 0.266781
vt 0.938717 0.243466
vt 0.913964 0.626296
vt 0.914516 0.629336
vt 0.915207 0.631408
vt 0.901059 0.403320
vt 0.898438 0.412443
vt 0.900444 0.413103
vt 0.900444 0.413103
vt 0.903453 0.403269
vt 0.901059 0.403320
vt 0.984285 0.743087
vt 0.975525 0.740171
vt 0.974510 0.743087
vt 0.975525 0.740171
vt 0.984285 0.743087
vt 0.984323 0.740158
vt 0.975697 0.757513
vt 0.984314 0.755737
vt 0.974510 0.755737
vt 0.025908 0.943235
vt 0.028586 0.943755
vt 0.027367 0.932395
vt 0.900821 0.392269
vt 0.901059 0.403320
vt 0.903453 0.403269
vt 0.903453 0.403269
vt 0.903214 0.392218
vt 0.900821 0.392269
vt 0.226948 0.831170
vt 0.230061 0.831244
vt 0.226948 0.818773
vt 0.030227 0.931560
vt 0.027367 0.932395
vt 0.028586 0.943755
vt 0.900821 0.392269
vt 0.898676 0.403335
vt 0.901059 0.403320
vt 0.146705 0.528163
vt 0.152814 0.537370
vt 0.149389 0.527864
vt 0.148697 0.516900
vt 0.146705 0.528163
vt 0.149389 0.527864
vt 0.898676 0.403335
vt 0.900821 0.392269
vt 0.898438 0.392284
vt 0.836281 0.042988
vt 0.833159 0.042936
vt 0.833525 0.054697
vt 0.230061 0.818847
vt 0.226948 0.818773
vt 0.230061 0.831244
vt 0.833525 0.054697
vt 0.836281 0.055416
vt 0.836281 0.042988
vt 0.146705 0.528163
vt 0.148697 0.516900
vt 0.145282 0.516563
vt 0.027367 0.932395
vt 0.030227 0.931560
vt 0.025908 0.922525
vt 0.901000 0.383377
vt 0.900821 0.392269
vt 0.903214 0.392218
vt 0.974679 0.837919
vt 0.974510 0.840150
vt 0.984065 0.840150
vt 0.984339 0.227131
vt 0.985505 0.224167
vt 0.974701 0.224167
vt 0.974701 0.224167
vt 0.974510 0.227196
vt 0.984339 0.227131
vt 0.975153 0.625771
vt 0.984463 0.627956
vt 0.983985 0.625082
vt 0.900821 0.392269
vt 0.901000 0.383377
vt 0.898637 0.384809
vt 0.984463 0.627956
vt 0.975153 0.625771
vt 0.974510 0.627956
vt 0.148697 0.516900
vt 0.152814 0.507441
vt 0.145282 0.516563
vt 0.964945 0.522256
vt 0.967265 0.510769
vt 0.965057 0.511292
vt 0.967265 0.521791
vt 0.967265 0.510769
vt 0.964945 0.522256
vt 0.979480 0.861406
vt 0.977084 0.857360
vt 0.974510 0.858233
vt 0.988056 0.128157
vt 0.990468 0.122985
vt 0.988555 0.121884
vt 0.977084 0.857360
vt 0.979480 0.861406
vt 0.983937 0.857360
vt 0.974510 0.115901
vt 0.975407 0.117917
vt 0.985664 0.115901
vt 0.994048 0.734931
vt 0.989177 0.732831
vt 0.988056 0.734931
vt 0.988056 0.128157
vt 0.995083 0.128157
vt 0.990468 0.122985
vt 0.967265 0.510769
vt 0.960076 0.510237
vt 0.965057 0.511292
vt 0.978914 0.178298
vt 0.974510 0.182660
vt 0.981939 0.183126
vt 0.981939 0.183126
vt 0.985474 0.178298
vt 0.978914 0.178298
vt 0.839279 0.082470
vt 0.840417 0.088581
vt 0.852150 0.089326
vt 0.852150 0.089326
vt 0.840417 0.088581
vt 0.845819 0.092360
vt 0.976462 0.989996
vt 0.975291 0.990685
vt 0.976462 0.991378
vt 0.975291 0.989303
vt 0.975291 0.990685
vt 0.976462 0.989996
vt 0.934211 0.991359
vt 0.935401 0.992058
vt 0.935401 0.990681
vt 0.934211 0.991359
vt 0.935401 0.990681
vt 0.934211 0.989981
vt 0.018615 0.997588
vt 0.019299 0.998275
vt 0.019299 0.996894
vt 0.017931 0.996902
vt 0.018615 0.997588
vt 0.019299 0.996894
vt 0.928607 0.990681
vt 0.928607 0.989303
vt 0.927417 0.990002
vt 0.927417 0.991380
vt 0.928607 0.990681
vt 0.927417 0.990002
vt 0.026465 0.998281
vt 0.026465 0.996902
vt 0.025777 0.997588
vt 0.026465 0.998281
vt 0.025777 0.997588
vt 0.025089 0.998273
vt 0.915831 0.990682
vt 0.917028 0.989992
vt 0.915831 0.989303
vt 0.917028 0.989992
vt 0.915831 0.990682
vt 0.917028 0.991371
vt 0.935401 0.989303
vt 0.934211 0.989981
vt 0.935401 0.990681
vt 0.917028 0.989992
vt 0.917028 0.991371
vt 0.918224 0.990681
vt 0.928607 0.990681
vt 0.927417 0.991380
vt 0.928607 0.992059
vt 0.915831 0.992061
vt 0.917028 0.991371
vt 0.915831 0.990682
vt 0.925210 0.990681
vt 0.924020 0.991380
vt 0.925210 0.992059
vt 0.913624 0.992066
vt 0.913624 0.990685
vt 0.912429 0.991378
vt 0.993439 0.990683
vt 0.992245 0.989988
vt 0.992245 0.991367
vt 0.942203 0.991371
vt 0.941009 0.990675
vt 0.941009 0.992048
vt 0.030049 0.998281
vt 0.030049 0.996902
vt 0.029361 0.997588
vt 0.986637 0.990685
vt 0.985465 0.989992
vt 0.985465 0.991374
vt 0.030049 0.998281
vt 0.029361 0.997588
vt 0.028672 0.998273
vt 0.043712 0.997585
vt 0.044403 0.996894
vt 0.043021 0.996894
vt 0.043021 0.998276
vt 0.043712 0.997585
vt 0.043021 0.996894
vt 0.053417 0.997576
vt 0.054605 0.998274
vt 0.054605 0.996894
vt 0.028672 0.996894
vt 0.029361 0.997588
vt 0.030049 0.996902
vt 0.978669 0.990685
vt 0.979866 0.991376
vt 0.979866 0.989994
vt 0.985465 0.989992
vt 0.986637 0.990685
vt 0.986637 0.989303
vt 0.979866 0.989994
vt 0.978669 0.989303
vt 0.978669 0.990685
vt 0.029361 0.997588
vt 0.028672 0.996894
vt 0.028672 0.998273
vt 0.040814 0.998277
vt 0.040814 0.996895
vt 0.040123 0.997585
vt 0.040814 0.998277
vt 0.040123 0.997585
vt 0.039433 0.998275
vt 0.056812 0.998270
vt 0.058009 0.997580
vt 0.056812 0.996894
vt 0.044403 0.996894
vt 0.043712 0.997585
vt 0.044403 0.998276
vt 0.944410 0.989991
vt 0.944410 0.991361
vt 0.945607 0.990673
vt 0.945607 0.990673
vt 0.945607 0.989303
vt 0.944410 0.989991
vt 0.043021 0.998276
vt 0.044403 0.998276
vt 0.043712 0.997585
vt 0.945607 0.992043
vt 0.945607 0.990673
vt 0.944410 0.991361
vt 0.969705 0.990685
vt 0.969705 0.989303
vt 0.968511 0.989996
vt 0.968511 0.989996
vt 0.968511 0.991378
vt 0.969705 0.990685
vt 0.950707 0.990642
vt 0.951902 0.989990
vt 0.950707 0.989303
vt 0.951902 0.989990
vt 0.950707 0.990642
vt 0.951902 0.991328
vt 0.039433 0.996894
vt 0.040123 0.997585
vt 0.040814 0.996895
vt 0.950707 0.991980
vt 0.951902 0.991328
vt 0.950707 0.990642
vt 0.040123 0.997585
vt 0.039433 0.996894
vt 0.039433 0.998275
vt 0.983258 0.990685
vt 0.983258 0.989303
vt 0.982073 0.989994
vt 0.982073 0.989994
vt 0.982073 0.991376
vt 0.983258 0.990685
vt 0.019299 0.998275
vt 0.018615 0.997588
vt 0.017931 0.998283
vt 0.050014 0.997585
vt 0.051210 0.998276
vt 0.051210 0.996894
vt 0.025089 0.996894
vt 0.025777 0.997588
vt 0.026465 0.996902
vt 0.017931 0.996902
vt 0.017931 0.998283
vt 0.018615 0.997588
vt 0.005660 0.998897
vt 0.005660 0.997535
vt 0.004485 0.998255
vt 0.032946 0.997585
vt 0.033637 0.998277
vt 0.033637 0.996895
vt 0.032256 0.996894
vt 0.032946 0.997585
vt 0.033637 0.996895
vt 0.004485 0.996894
vt 0.004485 0.998255
vt 0.005660 0.997535
vt 0.025777 0.997588
vt 0.025089 0.996894
vt 0.025089 0.998273
vt 0.988844 0.989988
vt 0.990038 0.990683
vt 0.990038 0.989303
vt 0.033637 0.998277
vt 0.032946 0.997585
vt 0.032256 0.998275
vt 0.990038 0.990683
vt 0.988844 0.989988
vt 0.988844 0.991367
vt 0.032946 0.997585
vt 0.032256 0.996894
vt 0.032256 0.998275
vt 0.937608 0.990675
vt 0.938802 0.991371
vt 0.938802 0.989999
vt 0.937608 0.989303
vt 0.937608 0.990675
vt 0.938802 0.989999
vt 0.938802 0.991371
vt 0.937608 0.990675
vt 0.937608 0.992048
vt 0.011463 0.997589
vt 0.010777 0.996894
vt 0.010777 0.998273
vt 0.012150 0.998283
vt 0.011463 0.997589
vt 0.010777 0.998273
vt 0.010777 0.996894
vt 0.011463 0.997589
vt 0.012150 0.996904
vt 0.011463 0.997589
vt 0.012150 0.998283
vt 0.012150 0.996904
vt 0.866335 0.735290
vt 0.866446 0.733925
vt 0.841387 0.733531
vt 0.841622 0.735685
vt 0.866335 0.735290
vt 0.841387 0.733531
vt 0.948524 0.929563
vt 0.947169 0.929291
vt 0.948793 0.931732
vt 0.233420 0.864554
vt 0.233146 0.863200
vt 0.231793 0.863475
vt 0.232066 0.864829
vt 0.233420 0.864554
vt 0.231793 0.863475
vt 0.584202 0.831249
vt 0.584306 0.832621
vt 0.609487 0.830592
vt 0.149159 0.693197
vt 0.147850 0.692785
vt 0.149456 0.715085
vt 0.609695 0.833337
vt 0.609487 0.830592
vt 0.584306 0.832621
vt 0.608658 0.835488
vt 0.609695 0.833337
vt 0.584306 0.832621
vt 0.866335 0.735290
vt 0.841622 0.735685
vt 0.841400 0.738416
vt 0.147850 0.692785
vt 0.147850 0.715373
vt 0.149456 0.715085
vt 0.946625 0.932000
vt 0.948793 0.931732
vt 0.947169 0.929291
vt 0.615669 0.977869
vt 0.613903 0.979138
vt 0.614454 0.986092
vt 0.614454 0.986092
vt 0.615669 0.985482
vt 0.615669 0.977869
vt 0.841622 0.735685
vt 0.834588 0.738639
vt 0.841400 0.738416
vt 0.608658 0.835488
vt 0.616296 0.835688
vt 0.609695 0.833337
vt 0.711246 0.945562
vt 0.712622 0.945436
vt 0.706369 0.945317
vt 0.711246 0.945562
vt 0.706369 0.945317
vt 0.710371 0.958821
vt 0.841091 0.752283
vt 0.841400 0.738416
vt 0.834588 0.738639
vt 0.834736 0.751930
vt 0.841091 0.752283
vt 0.834588 0.738639
vt 0.715373 0.945183
vt 0.706369 0.945317
vt 0.712622 0.945436
vt 0.616296 0.835688
vt 0.608658 0.835488
vt 0.616136 0.848969
vt 0.715373 0.960442
vt 0.715373 0.945183
vt 0.712622 0.945436
vt 0.712622 0.945436
vt 0.711746 0.958695
vt 0.715373 0.960442
vt 0.962227 0.562339
vt 0.962227 0.548657
vt 0.960612 0.548877
vt 0.960612 0.548877
vt 0.960612 0.562559
vt 0.962227 0.562339
vt 0.608933 0.849374
vt 0.616136 0.848969
vt 0.608658 0.835488
vt 0.953079 0.848011
vt 0.955510 0.848036
vt 0.953079 0.832747
vt 0.841091 0.752283
vt 0.834736 0.751930
vt 0.841214 0.755803
vt 0.938389 0.714813
vt 0.938717 0.692160
vt 0.937126 0.692003
vt 0.841091 0.752283
vt 0.841214 0.755803
vt 0.866273 0.756197
vt 0.937126 0.692003
vt 0.937126 0.715373
vt 0.938389 0.714813
vt 0.611696 0.978503
vt 0.610469 0.977869
vt 0.611696 0.986084
vt 0.616136 0.848969
vt 0.608933 0.849374
vt 0.610055 0.853480
vt 0.609642 0.985510
vt 0.611696 0.986084
vt 0.610469 0.977869
vt 0.584336 0.853531
vt 0.610055 0.853480
vt 0.608933 0.849374
vt 0.647671 0.318968
vt 0.645551 0.319499
vt 0.646082 0.321618
vt 0.841214 0.755803
vt 0.841449 0.757958
vt 0.866273 0.756197
vt 0.646082 0.321618
vt 0.648202 0.321088
vt 0.647671 0.318968
vt 0.610055 0.853480
vt 0.584336 0.853531
vt 0.584109 0.855671
vt 0.610055 0.853480
vt 0.584109 0.855671
vt 0.609829 0.855619
vt 0.866508 0.758352
vt 0.866273 0.756197
vt 0.841449 0.757958
vt 0.841363 0.773753
vt 0.866508 0.758352
vt 0.841449 0.757958
vt 0.648202 0.321088
vt 0.646082 0.321618
vt 0.647671 0.337005
vt 0.948260 0.625458
vt 0.948793 0.623340
vt 0.947416 0.623444
vt 0.947416 0.623444
vt 0.946882 0.625563
vt 0.948260 0.625458
vt 0.948793 0.641380
vt 0.948260 0.625458
vt 0.946882 0.625563
vt 0.866508 0.758352
vt 0.841363 0.773753
vt 0.866422 0.774148
vt 0.946882 0.625563
vt 0.947416 0.641485
vt 0.948793 0.641380
vt 0.609832 0.871495
vt 0.609829 0.855619
vt 0.584109 0.855671
vt 0.584113 0.871546
vt 0.609832 0.871495
vt 0.584109 0.855671
vt 0.828375 0.194191
vt 0.817871 0.235099
vt 0.829564 0.234983
vt 0.819238 0.563795
vt 0.807513 0.563774
vt 0.807763 0.600870
vt 0.117550 0.782925
vt 0.097281 0.766897
vt 0.089057 0.802326
vt 0.089057 0.802326
vt 0.112752 0.804498
vt 0.117550 0.782925
vt 0.097281 0.842998
vt 0.112752 0.804498
vt 0.089057 0.802326
vt 0.807763 0.600870
vt 0.819489 0.600891
vt 0.819238 0.563795
vt 0.817871 0.235099
vt 0.828375 0.194191
vt 0.816682 0.194307
vt 0.609579 0.787118
vt 0.609579 0.745022
vt 0.558809 0.765311
vt 0.558809 0.765311
vt 0.579117 0.816130
vt 0.609579 0.787118
vt 0.829564 0.157473
vt 0.816682 0.194307
vt 0.828375 0.194191
vt 0.047625 0.766289
vt 0.026686 0.780704
vt 0.032605 0.805835
vt 0.032605 0.805835
vt 0.057096 0.806499
vt 0.047625 0.766289
vt 0.816682 0.194307
vt 0.829564 0.157473
vt 0.817871 0.157589
vt 0.609579 0.745022
vt 0.580567 0.714520
vt 0.558809 0.765311
vt 0.719375 0.911970
vt 0.722090 0.887940
vt 0.719209 0.891222
vt 0.719209 0.891222
vt 0.722090 0.887940
vt 0.691519 0.884087
vt 0.940397 0.660754
vt 0.937296 0.660610
vt 0.937659 0.680737
vt 0.394631 0.017052
vt 0.391767 0.043004
vt 0.394631 0.043661
vt 0.937659 0.680737
vt 0.940397 0.681787
vt 0.940397 0.660754
vt 0.719209 0.891222
vt 0.691519 0.884087
vt 0.694368 0.888164
vt 0.112752 0.804498
vt 0.097281 0.842998
vt 0.117550 0.829130
vt 0.534390 0.845435
vt 0.537370 0.848656
vt 0.537327 0.822052
vt 0.507788 0.847448
vt 0.537370 0.848656
vt 0.534390 0.845435
vt 0.942076 0.717835
vt 0.938591 0.738171
vt 0.942076 0.738883
vt 0.471974 0.240137
vt 0.475236 0.239536
vt 0.474994 0.214926
vt 0.537327 0.822052
vt 0.534390 0.825031
vt 0.534390 0.845435
vt 0.474994 0.214926
vt 0.471974 0.213588
vt 0.471974 0.240137
vt 0.719375 0.911970
vt 0.722039 0.915207
vt 0.722090 0.887940
vt 0.507788 0.847448
vt 0.504823 0.851395
vt 0.537370 0.848656
vt 0.938591 0.738171
vt 0.942076 0.717835
vt 0.939316 0.718937
vt 0.863800 0.935359
vt 0.882268 0.935339
vt 0.861799 0.910701
vt 0.406386 0.305824
vt 0.403362 0.331960
vt 0.406386 0.332497
vt 0.534390 0.825031
vt 0.537327 0.822052
vt 0.504823 0.820788
vt 0.504823 0.820788
vt 0.507802 0.824008
vt 0.534390 0.825031
vt 0.403362 0.331960
vt 0.406386 0.305824
vt 0.403646 0.307220
vt 0.883301 0.910701
vt 0.861799 0.910701
vt 0.882268 0.935339
vt 0.817438 0.266470
vt 0.835469 0.250670
vt 0.836281 0.245781
vt 0.537327 0.822052
vt 0.534588 0.818251
vt 0.508000 0.817229
vt 0.508000 0.817229
vt 0.504823 0.820788
vt 0.537327 0.822052
vt 0.940271 0.114191
vt 0.943393 0.093339
vt 0.940271 0.093143
vt 0.331289 0.364404
vt 0.334177 0.363861
vt 0.333893 0.339121
vt 0.817438 0.266470
vt 0.821621 0.265994
vt 0.835469 0.250670
vt 0.333893 0.339121
vt 0.331289 0.337730
vt 0.331289 0.364404
vt 0.943393 0.093339
vt 0.940271 0.114191
vt 0.943755 0.113479
vt 0.653169 0.920341
vt 0.653169 0.940163
vt 0.674929 0.920935
vt 0.200851 0.473557
vt 0.109774 0.460139
vt 0.110396 0.470366
vt 0.431575 0.500425
vt 0.430152 0.489346
vt 0.339099 0.486642
vt 0.339099 0.486642
vt 0.340044 0.493747
vt 0.431575 0.500425
vt 0.778935 0.922408
vt 0.779137 0.945434
vt 0.799044 0.945371
vt 0.910464 0.750142
vt 0.910464 0.772469
vt 0.913528 0.770523
vt 0.799044 0.945371
vt 0.801016 0.922408
vt 0.778935 0.922408
vt 0.200451 0.467099
vt 0.109230 0.449033
vt 0.109774 0.460139
vt 0.109774 0.460139
vt 0.200851 0.473557
vt 0.200451 0.467099
vt 0.718732 0.615923
vt 0.707929 0.701416
vt 0.718732 0.703618
vt 0.109230 0.449033
vt 0.200451 0.467099
vt 0.200109 0.459981
vt 0.851399 0.455085
vt 0.855973 0.452483
vt 0.856541 0.449448
vt 0.935691 0.266781
vt 0.938717 0.267006
vt 0.938717 0.243466
vt 0.863150 0.454451
vt 0.855973 0.452483
vt 0.851399 0.455085
vt 0.935831 0.864675
vt 0.929900 0.887896
vt 0.937038 0.888339
vt 0.929900 0.887896
vt 0.935831 0.864675
vt 0.929900 0.864360
vt 0.908574 0.629475
vt 0.908297 0.631409
vt 0.914516 0.629336
vt 0.994984 0.173334
vt 0.994984 0.167438
vt 0.988056 0.168268
vt 0.915207 0.631408
vt 0.914516 0.629336
vt 0.908297 0.631409
vt 0.994984 0.173334
vt 0.988056 0.168268
vt 0.988076 0.173187
vt 0.645551 0.337535
vt 0.647671 0.337005
vt 0.646082 0.321618
vt 0.918510 0.377324
vt 0.920245 0.377838
vt 0.920245 0.352330
vt 0.243496 0.878246
vt 0.242451 0.877932
vt 0.242451 0.903453
vt 0.824556 0.604780
vt 0.836038 0.563955
vt 0.824313 0.563978
vt 0.057096 0.806499
vt 0.032605 0.805835
vt 0.026686 0.828039
vt 0.057096 0.806499
vt 0.026686 0.828039
vt 0.046962 0.842998
vt 0.538501 0.714493
vt 0.558809 0.765311
vt 0.580567 0.714520
vt 0.836038 0.563955
vt 0.824556 0.604780
vt 0.836281 0.604756
vt 0.396381 0.594465
vt 0.406386 0.592739
vt 0.396381 0.502537
vt 0.386234 0.080120
vt 0.379170 0.082074
vt 0.386234 0.162890
vt 0.255316 0.491702
vt 0.256101 0.480560
vt 0.165384 0.486560
vt 0.165384 0.486560
vt 0.164887 0.493708
vt 0.255316 0.491702
vt 0.410716 0.597371
vt 0.607671 0.570132
vt 0.410564 0.572838
vt 0.832923 0.536225
vt 0.829300 0.558961
vt 0.832923 0.559200
vt 0.821621 0.265994
vt 0.817438 0.266470
vt 0.835868 0.288836
vt 0.835868 0.288836
vt 0.836281 0.284712
vt 0.821621 0.265994
vt 0.675070 0.943755
vt 0.674929 0.920935
vt 0.653169 0.940163
vt 0.832923 0.536225
vt 0.829602 0.537665
vt 0.829300 0.558961
vt 0.548699 0.502343
vt 0.551659 0.479049
vt 0.548718 0.475873
vt 0.548718 0.475873
vt 0.551659 0.479049
vt 0.578089 0.476514
vt 0.578089 0.476514
vt 0.581031 0.472524
vt 0.548718 0.475873
vt 0.165914 0.480184
vt 0.256101 0.480560
vt 0.256930 0.470449
vt 0.002329 0.494346
vt 0.001445 0.505463
vt 0.092669 0.497985
vt 0.092669 0.497985
vt 0.093252 0.490856
vt 0.002329 0.494346
vt 0.942076 0.499400
vt 0.938976 0.499544
vt 0.938976 0.520577
vt 0.375141 0.075415
vt 0.373057 0.100757
vt 0.376159 0.100069
vt 0.938976 0.520577
vt 0.941713 0.519527
vt 0.942076 0.499400
vt 0.566018 0.938715
vt 0.585451 0.938717
vt 0.564571 0.914232
vt 0.551659 0.479049
vt 0.548699 0.502343
vt 0.551649 0.499450
vt 0.373057 0.100757
vt 0.375141 0.075415
vt 0.373057 0.074192
vt 0.165914 0.480184
vt 0.165384 0.486560
vt 0.256101 0.480560
vt 0.698277 0.908490
vt 0.705230 0.892611
vt 0.698277 0.891306
vt 0.344425 0.930181
vt 0.356727 0.921249
vt 0.344425 0.917671
vt 0.705230 0.892611
vt 0.698277 0.908490
vt 0.705297 0.904957
vt 0.356727 0.921249
vt 0.344425 0.930181
vt 0.354034 0.935359
vt 0.354034 0.935359
vt 0.365627 0.933365
vt 0.356727 0.921249
vt 0.896258 0.097347
vt 0.906811 0.087093
vt 0.900436 0.082471
vt 0.906811 0.087093
vt 0.896258 0.097347
vt 0.904483 0.097101
vt 0.906811 0.108474
vt 0.904483 0.097101
vt 0.900100 0.112512
vt 0.900100 0.112512
vt 0.904483 0.097101
vt 0.896258 0.097347
vt 0.331469 0.322639
vt 0.218445 0.366027
vt 0.312698 0.391446
vt 0.822847 0.113819
vt 0.807213 0.113791
vt 0.806947 0.154494
vt 0.806947 0.154494
vt 0.822597 0.154413
vt 0.822847 0.113819
vt 0.235302 0.452374
vt 0.218445 0.366027
vt 0.148677 0.347009
vt 0.148677 0.347009
vt 0.172219 0.453405
vt 0.235302 0.452374
vt 0.715373 0.770339
vt 0.711792 0.771908
vt 0.712827 0.811786
vt 0.712827 0.811786
vt 0.715373 0.812778
vt 0.715373 0.770339
vt 0.523113 0.043998
vt 0.511555 0.241581
vt 0.550097 0.241816
vt 0.550097 0.241816
vt 0.548484 0.044155
vt 0.523113 0.043998
vt 0.142003 0.930705
vt 0.150748 0.918440
vt 0.141937 0.919279
vt 0.150812 0.930834
vt 0.159510 0.919154
vt 0.150748 0.918440
vt 0.150748 0.918440
vt 0.142003 0.930705
vt 0.150812 0.930834
vt 0.310933 0.472640
vt 0.321697 0.471872
vt 0.315555 0.464939
vt 0.150812 0.930834
vt 0.159532 0.930195
vt 0.159510 0.919154
vt 0.310933 0.472640
vt 0.317772 0.476915
vt 0.321697 0.471872
vt 0.955510 0.897609
vt 0.947880 0.894301
vt 0.943888 0.903348
vt 0.943888 0.903348
vt 0.954006 0.903422
vt 0.955510 0.897609
vt 0.817809 0.386920
vt 0.808064 0.386434
vt 0.808064 0.397989
vt 0.505949 0.945769
vt 0.505949 0.960548
vt 0.512180 0.954256
vt 0.955510 0.907974
vt 0.954006 0.903422
vt 0.946433 0.911849
vt 0.943888 0.903348
vt 0.946433 0.911849
vt 0.954006 0.903422
vt 0.150742 0.942076
vt 0.150812 0.930834
vt 0.142003 0.930705
vt 0.142003 0.930705
vt 0.141937 0.940009
vt 0.150742 0.942076
vt 0.807221 0.560879
vt 0.822847 0.559980
vt 0.806651 0.524030
vt 0.715373 0.812778
vt 0.712827 0.811786
vt 0.686417 0.842071
vt 0.822277 0.524101
vt 0.806651 0.524030
vt 0.822847 0.559980
vt 0.712827 0.811786
vt 0.685286 0.839416
vt 0.686417 0.842071
vt 0.156056 0.511515
vt 0.354328 0.532289
vt 0.353793 0.498228
vt 0.919638 0.562053
vt 0.911099 0.551468
vt 0.910920 0.562741
vt 0.919638 0.562053
vt 0.919817 0.550781
vt 0.911099 0.551468
vt 0.919817 0.550781
vt 0.919638 0.562053
vt 0.928642 0.553608
vt 0.919638 0.562053
vt 0.928499 0.562820
vt 0.928642 0.553608
vt 0.994955 0.107302
vt 0.988056 0.111577
vt 0.995192 0.111577
vt 0.283708 0.986533
vt 0.278782 0.980699
vt 0.279402 0.985132
vt 0.058148 0.977868
vt 0.049690 0.977868
vt 0.054067 0.982298
vt 0.979891 0.262250
vt 0.974510 0.257724
vt 0.974510 0.264738
vt 0.501583 0.977869
vt 0.498134 0.982755
vt 0.501583 0.986217
vt 0.691360 0.993104
vt 0.693448 0.989303
vt 0.690053 0.989303
vt 0.027646 0.992133
vt 0.030156 0.994569
vt 0.030156 0.989303
vt 0.988056 0.081089
vt 0.995191 0.081089
vt 0.988793 0.075373
vt 0.988793 0.075373
vt 0.995191 0.081089
vt 0.993774 0.075734
vt 0.989988 0.026533
vt 0.991795 0.021927
vt 0.988056 0.021927
vt 0.988056 0.111577
vt 0.994955 0.107302
vt 0.991331 0.106816
vt 0.991795 0.021927
vt 0.993201 0.025710
vt 0.995291 0.021998
vt 0.993201 0.025710
vt 0.991795 0.021927
vt 0.989988 0.026533
vt 0.806651 0.524030
vt 0.822277 0.524101
vt 0.822847 0.483374
vt 0.822847 0.483374
vt 0.807221 0.483303
vt 0.806651 0.524030
vt 0.645381 0.840476
vt 0.686417 0.842071
vt 0.685286 0.839416
vt 0.156056 0.559031
vt 0.353793 0.570955
vt 0.354328 0.532289
vt 0.354328 0.532289
vt 0.156056 0.511515
vt 0.156413 0.533576
vt 0.354328 0.532289
vt 0.156413 0.533576
vt 0.156056 0.559031
vt 0.686417 0.842071
vt 0.645381 0.840476
vt 0.644331 0.842998
vt 0.218445 0.366027
vt 0.235302 0.452374
vt 0.278928 0.429836
vt 0.278928 0.429836
vt 0.312698 0.391446
vt 0.218445 0.366027
vt 0.617369 0.812075
vt 0.614655 0.813183
vt 0.644331 0.842998
vt 0.644331 0.842998
vt 0.645381 0.840476
vt 0.617369 0.812075
vt 0.607671 0.570132
vt 0.607899 0.535237
vt 0.410564 0.572838
vt 0.664231 0.826206
vt 0.680108 0.789469
vt 0.664474 0.789501
vt 0.680108 0.789469
vt 0.664231 0.826206
vt 0.679865 0.826174
vt 0.947114 0.481590
vt 0.943698 0.490565
vt 0.946083 0.490690
vt 0.946083 0.490690
vt 0.943698 0.490565
vt 0.947114 0.499173
vt 0.764072 0.427075
vt 0.764072 0.417291
vt 0.758539 0.423479
vt 0.758539 0.423479
vt 0.760968 0.429896
vt 0.764072 0.427075
vt 0.518935 0.977869
vt 0.514584 0.977869
vt 0.515415 0.986136
vt 0.944663 0.500425
vt 0.947114 0.499173
vt 0.943698 0.490565
vt 0.654647 0.983903
vt 0.657339 0.985972
vt 0.657339 0.977869
vt 0.410716 0.549898
vt 0.410564 0.572838
vt 0.607899 0.535237
vt 0.974510 0.833499
vt 0.983968 0.835712
vt 0.983968 0.830774
vt 0.857139 0.045399
vt 0.857492 0.048584
vt 0.861471 0.053495
vt 0.861471 0.053495
vt 0.857492 0.048584
vt 0.857139 0.057095
vt 0.995131 0.119677
vt 0.995131 0.113784
vt 0.988056 0.114703
vt 0.988056 0.070633
vt 0.993485 0.073166
vt 0.995362 0.070633
vt 0.316187 0.935110
vt 0.319700 0.934113
vt 0.315064 0.928843
vt 0.994231 0.553574
vt 0.988056 0.555387
vt 0.994231 0.557096
vt 0.404329 0.979657
vt 0.406624 0.986399
vt 0.406624 0.977869
vt 0.800074 0.510981
vt 0.804219 0.515539
vt 0.804375 0.509497
vt 0.804375 0.509497
vt 0.800074 0.502092
vt 0.800074 0.510981
vt 0.994958 0.283029
vt 0.988056 0.283029
vt 0.993207 0.286858
vt 0.319700 0.934113
vt 0.316187 0.935110
vt 0.317360 0.939855
vt 0.319700 0.934113
vt 0.317360 0.939855
vt 0.320742 0.941244
vt 0.791042 0.402717
vt 0.792273 0.409744
vt 0.795979 0.403309
vt 0.795979 0.403309
vt 0.791886 0.397867
vt 0.791042 0.402717
vt 0.319619 0.948793
vt 0.320742 0.941244
vt 0.317360 0.939855
vt 0.795979 0.403309
vt 0.795979 0.397371
vt 0.791886 0.397867
vt 0.317360 0.939855
vt 0.315064 0.942659
vt 0.319619 0.948793
vt 0.819489 0.600891
vt 0.807763 0.600870
vt 0.807513 0.641464
vt 0.060793 0.802901
vt 0.090681 0.781760
vt 0.069866 0.766298
vt 0.807513 0.641464
vt 0.819238 0.641485
vt 0.819489 0.600891
vt 0.579117 0.816130
vt 0.558809 0.765311
vt 0.537050 0.816103
vt 0.090681 0.781760
vt 0.060793 0.802901
vt 0.085010 0.804637
vt 0.722039 0.915207
vt 0.719375 0.911970
vt 0.694648 0.911924
vt 0.395904 0.910170
vt 0.391898 0.907247
vt 0.371601 0.907247
vt 0.396310 0.878000
vt 0.391898 0.907247
vt 0.395904 0.910170
vt 0.395904 0.910170
vt 0.371601 0.907247
vt 0.368481 0.910167
vt 0.722039 0.915207
vt 0.694648 0.911924
vt 0.691767 0.915207
vt 0.352994 0.050378
vt 0.356007 0.049866
vt 0.355724 0.025161
vt 0.355724 0.025161
vt 0.352994 0.023746
vt 0.352994 0.050378
vt 0.943755 0.346729
vt 0.940686 0.346952
vt 0.940323 0.367079
vt 0.293874 0.418339
vt 0.290731 0.444462
vt 0.293874 0.445009
vt 0.940323 0.367079
vt 0.943755 0.367762
vt 0.943755 0.346729
vt 0.391898 0.907247
vt 0.396310 0.878000
vt 0.392220 0.880925
vt 0.117032 0.916029
vt 0.119727 0.940393
vt 0.139053 0.940397
vt 0.290731 0.444462
vt 0.293874 0.418339
vt 0.291015 0.419725
vt 0.139053 0.940397
vt 0.139380 0.916028
vt 0.117032 0.916029
vt 0.911933 0.379517
vt 0.915207 0.378829
vt 0.914964 0.354436
vt 0.368900 0.880928
vt 0.368481 0.910167
vt 0.371601 0.907247
vt 0.914964 0.354436
vt 0.911933 0.353190
vt 0.911933 0.379517
vt 0.508039 0.785601
vt 0.537050 0.816103
vt 0.558809 0.765311
vt 0.508039 0.743505
vt 0.508039 0.785601
vt 0.558809 0.765311
vt 0.558809 0.765311
vt 0.538501 0.714493
vt 0.508039 0.743505
vt 0.821204 0.455032
vt 0.832923 0.455085
vt 0.832352 0.418236
vt 0.070501 0.842998
vt 0.085010 0.804637
vt 0.060793 0.802901
vt 0.832352 0.418236
vt 0.820633 0.418182
vt 0.821204 0.455032
vt 0.070501 0.842998
vt 0.090681 0.828940
vt 0.085010 0.804637
vt 0.476915 0.902557
vt 0.474695 0.906114
vt 0.476915 0.926962
vt 0.344252 0.311833
vt 0.341111 0.341760
vt 0.344252 0.344252
vt 0.362724 0.023763
vt 0.359719 0.047531
vt 0.362724 0.050378
vt 0.368481 0.910167
vt 0.368900 0.880928
vt 0.365864 0.878000
vt 0.903453 0.720812
vt 0.900909 0.721812
vt 0.900820 0.741059
vt 0.340918 0.315282
vt 0.338812 0.341017
vt 0.341111 0.341760
vt 0.903453 0.720812
vt 0.900820 0.741059
vt 0.903453 0.742242
vt 0.341111 0.341760
vt 0.344252 0.311833
vt 0.340918 0.315282
vt 0.774148 0.942285
vt 0.774148 0.920647
vt 0.755188 0.921350
vt 0.340918 0.315282
vt 0.338874 0.316475
vt 0.338812 0.341017
vt 0.755188 0.921350
vt 0.752740 0.943755
vt 0.774148 0.942285
vt 0.781842 0.220532
vt 0.802362 0.235099
vt 0.812771 0.196801
vt 0.812771 0.196801
vt 0.788348 0.196596
vt 0.781842 0.220532
vt 0.473214 0.314179
vt 0.476915 0.289045
vt 0.473890 0.289592
vt 0.115000 0.872405
vt 0.115000 0.901773
vt 0.117550 0.898514
vt 0.476915 0.289045
vt 0.473214 0.314179
vt 0.476915 0.315705
vt 0.530163 0.921645
vt 0.527619 0.942076
vt 0.530652 0.941783
vt 0.476241 0.482681
vt 0.473098 0.482164
vt 0.473098 0.508822
vt 0.288362 0.916085
vt 0.291108 0.940359
vt 0.310503 0.940397
vt 0.473098 0.508822
vt 0.476915 0.507266
vt 0.476241 0.482681
vt 0.310503 0.940397
vt 0.310667 0.916085
vt 0.288362 0.916085
vt 0.568208 0.901773
vt 0.570955 0.897751
vt 0.568208 0.877516
vt 0.312346 0.881447
vt 0.308048 0.910600
vt 0.311957 0.913471
vt 0.311957 0.913471
vt 0.287560 0.910588
vt 0.284561 0.913528
vt 0.827885 0.757355
vt 0.810612 0.736576
vt 0.806399 0.737028
vt 0.527619 0.942076
vt 0.530163 0.921645
vt 0.527619 0.920646
vt 0.308048 0.910600
vt 0.312346 0.881447
vt 0.308255 0.884368
vt 0.820633 0.418182
vt 0.832352 0.418236
vt 0.821204 0.377456
vt 0.832923 0.377509
vt 0.821204 0.377456
vt 0.832352 0.418236
vt 0.707929 0.701416
vt 0.718732 0.615923
vt 0.711577 0.614711
vt 0.788348 0.196596
vt 0.802362 0.157739
vt 0.781842 0.172182
vt 0.581031 0.503254
vt 0.551649 0.499450
vt 0.548699 0.502343
vt 0.799444 0.328843
vt 0.816130 0.312582
vt 0.816013 0.307703
vt 0.548699 0.502343
vt 0.551606 0.506231
vt 0.578046 0.506860
vt 0.578046 0.506860
vt 0.581031 0.503254
vt 0.548699 0.502343
vt 0.520914 0.027979
vt 0.523935 0.028548
vt 0.523935 0.001992
vt 0.586069 0.914232
vt 0.564571 0.914232
vt 0.585451 0.938717
vt 0.523935 0.001992
vt 0.521198 0.003351
vt 0.520914 0.027979
vt 0.581031 0.503254
vt 0.578089 0.500078
vt 0.551649 0.499450
vt 0.286794 0.924624
vt 0.283726 0.924401
vt 0.283726 0.945435
vt 0.360761 0.070408
vt 0.358138 0.095719
vt 0.361045 0.095111
vt 0.283726 0.945435
vt 0.287157 0.944751
vt 0.286794 0.924624
vt 0.560879 0.910622
vt 0.543497 0.910828
vt 0.560879 0.935115
vt 0.799444 0.328843
vt 0.803382 0.328268
vt 0.816130 0.312582
vt 0.358138 0.095719
vt 0.360761 0.070408
vt 0.358138 0.069084
vt 0.866508 0.689758
vt 0.862971 0.689719
vt 0.862971 0.712015
vt 0.540718 0.935359
vt 0.560879 0.935115
vt 0.543497 0.910828
vt 0.911849 0.919351
vt 0.909439 0.920732
vt 0.911849 0.940397
vt 0.803382 0.328268
vt 0.799444 0.328843
vt 0.816130 0.350969
vt 0.580657 0.530652
vt 0.577759 0.527861
vt 0.551366 0.524583
vt 0.824313 0.641485
vt 0.836281 0.604756
vt 0.824556 0.604780
vt 0.802362 0.157739
vt 0.788348 0.196596
vt 0.812771 0.196801
vt 0.836281 0.604756
vt 0.824313 0.641485
vt 0.836038 0.641461
vt 0.940093 0.002640
vt 0.937514 0.023510
vt 0.940397 0.023062
vt 0.284738 0.884367
vt 0.284561 0.913528
vt 0.287560 0.910588
vt 0.937514 0.023510
vt 0.940093 0.002640
vt 0.937514 0.001496
vt 0.284561 0.913528
vt 0.284738 0.884367
vt 0.281676 0.881447
vt 0.667072 0.462762
vt 0.662465 0.469298
vt 0.668353 0.470569
vt 0.668353 0.470569
vt 0.662465 0.469298
vt 0.666667 0.475236
vt 0.662465 0.469298
vt 0.667072 0.462762
vt 0.661724 0.464339
vt 0.873195 0.764345
vt 0.873195 0.769607
vt 0.878754 0.767387
vt 0.661724 0.472688
vt 0.666667 0.475236
vt 0.662465 0.469298
vt 0.878754 0.767387
vt 0.875189 0.761443
vt 0.873195 0.764345
vt 0.416661 0.962122
vt 0.424858 0.966339
vt 0.424858 0.960707
vt 0.416661 0.962122
vt 0.419697 0.967301
vt 0.424858 0.966339
vt 0.424858 0.966339
vt 0.419697 0.967301
vt 0.423577 0.972303
vt 0.419697 0.967301
vt 0.416661 0.962122
vt 0.416961 0.969039
vt 0.880266 0.774148
vt 0.878754 0.767387
vt 0.876821 0.773420
vt 0.043929 0.994403
vt 0.048772 0.994038
vt 0.043929 0.989303
vt 0.824544 0.729517
vt 0.819265 0.731290
vt 0.820616 0.736643
vt 0.820616 0.736643
vt 0.826206 0.736896
vt 0.824544 0.729517
vt 0.878754 0.767387
vt 0.881354 0.761084
vt 0.875189 0.761443
vt 0.826206 0.736896
vt 0.820616 0.736643
vt 0.819265 0.741568
vt 0.819265 0.741568
vt 0.824388 0.743921
vt 0.826206 0.736896
vt 0.881354 0.761084
vt 0.878754 0.767387
vt 0.884980 0.764897
vt 0.878754 0.767387
vt 0.880266 0.774148
vt 0.884980 0.770159
vt 0.884980 0.770159
vt 0.884980 0.764897
vt 0.878754 0.767387
vt 0.799337 0.951447
vt 0.794151 0.949429
vt 0.792300 0.957380
vt 0.799337 0.951447
vt 0.792300 0.957380
vt 0.797833 0.957260
vt 0.792300 0.957380
vt 0.794325 0.963907
vt 0.797833 0.957260
vt 0.794325 0.963907
vt 0.799337 0.961812
vt 0.797833 0.957260
vt 0.823292 0.052797
vt 0.836281 0.020170
vt 0.831173 0.016579
vt 0.828742 0.053100
vt 0.836281 0.020170
vt 0.823292 0.052797
vt 0.799105 0.340633
vt 0.759650 0.330718
vt 0.759650 0.416461
vt 0.831173 0.094040
vt 0.828742 0.053100
vt 0.823292 0.052797
vt 0.759650 0.416461
vt 0.829564 0.366996
vt 0.799105 0.340633
vt 0.742909 0.814297
vt 0.752772 0.779169
vt 0.743805 0.775290
vt 0.743805 0.775290
vt 0.752772 0.779169
vt 0.775166 0.756914
vt 0.019180 0.775313
vt 0.015607 0.734691
vt 0.010392 0.738023
vt 0.775166 0.756914
vt 0.771604 0.747920
vt 0.743805 0.775290
vt 0.507802 0.824008
vt 0.504823 0.820788
vt 0.504823 0.851395
vt 0.507802 0.824008
vt 0.504823 0.851395
vt 0.507788 0.847448
vt 0.533952 0.912902
vt 0.533952 0.937038
vt 0.536658 0.913970
vt 0.504823 0.820788
vt 0.508000 0.817229
vt 0.509285 0.796119
vt 0.752772 0.779169
vt 0.742909 0.814297
vt 0.751900 0.810733
vt 0.504823 0.820788
vt 0.509285 0.796119
vt 0.506517 0.793287
vt 0.935359 0.216004
vt 0.932290 0.216145
vt 0.931934 0.239368
vt 0.935359 0.216004
vt 0.931934 0.239368
vt 0.935359 0.240137
vt 0.019180 0.775313
vt 0.025189 0.776242
vt 0.015607 0.734691
vt 0.802696 0.518576
vt 0.760758 0.529344
vt 0.802696 0.604541
vt 0.770271 0.842102
vt 0.751900 0.810733
vt 0.742909 0.814297
vt 0.831173 0.094040
vt 0.836281 0.090836
vt 0.828742 0.053100
vt 0.691767 0.915207
vt 0.694368 0.888164
vt 0.691519 0.884087
vt 0.751900 0.810733
vt 0.770271 0.842102
vt 0.774148 0.833133
vt 0.057028 0.036944
vt 0.060454 0.013545
vt 0.057028 0.012812
vt 0.691767 0.915207
vt 0.694648 0.911924
vt 0.694368 0.888164
vt 0.060454 0.013545
vt 0.057028 0.036944
vt 0.059742 0.035858
vt 0.533952 0.937038
vt 0.537370 0.936286
vt 0.536658 0.913970
vt 0.025189 0.776242
vt 0.019180 0.775313
vt 0.010392 0.810016
vt 0.735462 0.554645
vt 0.802696 0.604541
vt 0.760758 0.529344
vt 0.025189 0.776242
vt 0.010392 0.810016
vt 0.015164 0.812771
vt 0.771604 0.747920
vt 0.775166 0.756914
vt 0.807109 0.756889
vt 0.771604 0.747920
vt 0.807109 0.756889
vt 0.810986 0.747919
vt 0.929313 0.465648
vt 0.932000 0.442338
vt 0.929429 0.443327
vt 0.581031 0.472524
vt 0.578089 0.476514
vt 0.578089 0.500078
vt 0.581031 0.472524
vt 0.578089 0.500078
vt 0.581031 0.503254
vt 0.932000 0.442338
vt 0.929313 0.465648
vt 0.932000 0.466840
vt 0.340044 0.493747
vt 0.339099 0.486642
vt 0.224087 0.500425
vt 0.317215 0.452052
vt 0.200451 0.467099
vt 0.200851 0.473557
vt 0.200851 0.473557
vt 0.317384 0.454851
vt 0.317215 0.452052
vt 0.392951 0.500962
vt 0.385518 0.501007
vt 0.387702 0.601091
vt 0.223707 0.497414
vt 0.224087 0.500425
vt 0.339099 0.486642
vt 0.164887 0.493708
vt 0.165384 0.486560
vt 0.048835 0.473605
vt 0.385518 0.601182
vt 0.387702 0.601091
vt 0.385518 0.501007
vt 0.317066 0.449033
vt 0.200109 0.459981
vt 0.200451 0.467099
vt 0.200451 0.467099
vt 0.317215 0.452052
vt 0.317066 0.449033
vt 0.209737 0.502679
vt 0.092669 0.497985
vt 0.092349 0.504402
vt 0.092349 0.504402
vt 0.209587 0.505463
vt 0.209737 0.502679
vt 0.165384 0.486560
vt 0.165914 0.480184
vt 0.049044 0.470449
vt 0.049044 0.470449
vt 0.048835 0.473605
vt 0.165384 0.486560
vt 0.093252 0.490856
vt 0.092669 0.497985
vt 0.209910 0.500625
vt 0.001575 0.107474
vt 0.005038 0.106991
vt 0.001575 0.014869
vt 0.092669 0.497985
vt 0.209737 0.502679
vt 0.209910 0.500625
vt 0.862514 0.992227
vt 0.865292 0.992329
vt 0.865292 0.989405
vt 0.705298 0.722090
vt 0.703373 0.616131
vt 0.700316 0.615680
vt 0.865292 0.989405
vt 0.862514 0.989303
vt 0.862514 0.992227
vt 0.665432 0.314051
vt 0.662510 0.314290
vt 0.662510 0.416461
vt 0.662510 0.416461
vt 0.668353 0.415984
vt 0.665432 0.314051
vt 0.700316 0.615680
vt 0.700316 0.721980
vt 0.705298 0.722090
vt 0.382876 0.601182
vt 0.382876 0.499353
vt 0.379954 0.499113
vt 0.379954 0.499113
vt 0.377033 0.600703
vt 0.382876 0.601182
vt 0.696901 0.615499
vt 0.693844 0.615950
vt 0.691920 0.722090
vt 0.691920 0.722090
vt 0.696901 0.721981
vt 0.696901 0.615499
vt 0.874905 0.089002
vt 0.872564 0.084844
vt 0.871297 0.085377
vt 0.871297 0.085377
vt 0.872564 0.084844
vt 0.871710 0.077071
vt 0.871297 0.085377
vt 0.874010 0.088631
vt 0.874905 0.089002
vt 0.872605 0.077442
vt 0.871710 0.077071
vt 0.872564 0.084844
vt 0.974510 0.796952
vt 0.979065 0.798873
vt 0.979257 0.797915
vt 0.984261 0.796952
vt 0.979257 0.797915
vt 0.979065 0.798873
vt 0.529114 0.989304
vt 0.529114 0.993333
vt 0.533143 0.993332
vt 0.947784 0.616280
vt 0.951533 0.616296
vt 0.952152 0.597695
vt 0.533143 0.993332
vt 0.533143 0.989303
vt 0.529114 0.989304
vt 0.948793 0.421182
vt 0.944913 0.439971
vt 0.948683 0.439774
vt 0.952152 0.597695
vt 0.947434 0.597695
vt 0.947784 0.616280
vt 0.946730 0.362532
vt 0.950472 0.362724
vt 0.946730 0.343931
vt 0.945039 0.708342
vt 0.945039 0.726960
vt 0.948793 0.727128
vt 0.944913 0.439971
vt 0.948793 0.421182
vt 0.944913 0.421369
vt 0.948793 0.727128
vt 0.948793 0.708510
vt 0.945039 0.708342
vt 0.950472 0.344123
vt 0.946730 0.343931
vt 0.950472 0.362724
vt 0.873114 0.066020
vt 0.871710 0.077071
vt 0.872605 0.077442
vt 0.873114 0.066020
vt 0.872605 0.077442
vt 0.874905 0.066761
vt 0.144701 0.989303
vt 0.144464 0.994280
vt 0.148490 0.990249
vt 0.148490 0.994278
vt 0.148490 0.990249
vt 0.144464 0.994280
vt 0.154725 0.989304
vt 0.150697 0.989303
vt 0.150934 0.994280
vt 0.945435 0.372216
vt 0.941664 0.392951
vt 0.945435 0.392771
vt 0.150934 0.994280
vt 0.154725 0.993333
vt 0.154725 0.989304
vt 0.232979 0.712015
vt 0.236726 0.711926
vt 0.236778 0.692343
vt 0.236778 0.692343
vt 0.232979 0.691458
vt 0.232979 0.712015
vt 0.945435 0.372216
vt 0.941664 0.372397
vt 0.941664 0.392951
vt 0.947114 0.171286
vt 0.947114 0.150718
vt 0.942390 0.150524
vt 0.942390 0.150524
vt 0.942390 0.171093
vt 0.947114 0.171286
vt 0.136026 0.989303
vt 0.132005 0.989496
vt 0.132154 0.993512
vt 0.136026 0.989303
vt 0.132154 0.993512
vt 0.136026 0.994286
vt 0.743408 0.730320
vt 0.747279 0.730487
vt 0.743368 0.710743
vt 0.747279 0.709933
vt 0.743368 0.710743
vt 0.747279 0.730487
vt 0.878850 0.062028
vt 0.878425 0.062899
vt 0.885780 0.061223
vt 0.867098 0.061574
vt 0.878425 0.062899
vt 0.878850 0.062028
vt 0.878850 0.062028
vt 0.866643 0.060276
vt 0.867098 0.061574
vt 0.886660 0.061649
vt 0.885780 0.061223
vt 0.878425 0.062899
vt 0.885780 0.061223
vt 0.886660 0.061649
vt 0.885222 0.055712
vt 0.858833 0.060655
vt 0.859288 0.061952
vt 0.866643 0.060276
vt 0.854147 0.065778
vt 0.859288 0.061952
vt 0.858833 0.060655
vt 0.858833 0.060655
vt 0.853267 0.065352
vt 0.854147 0.065778
vt 0.867098 0.061574
vt 0.866643 0.060276
vt 0.859288 0.061952
vt 0.852523 0.071308
vt 0.854147 0.065778
vt 0.853267 0.065352
vt 0.851219 0.071753
vt 0.852523 0.071308
vt 0.853267 0.065352
vt 0.926962 0.872131
vt 0.923081 0.896735
vt 0.926962 0.896592
vt 0.142257 0.989303
vt 0.138425 0.990069
vt 0.138233 0.994093
vt 0.927283 0.287157
vt 0.932000 0.287066
vt 0.927284 0.262707
vt 0.138233 0.994093
vt 0.142257 0.994286
vt 0.142257 0.989303
vt 0.923081 0.896735
vt 0.926962 0.872131
vt 0.923190 0.872286
vt 0.930147 0.691856
vt 0.930321 0.667406
vt 0.925593 0.667406
vt 0.930147 0.691856
vt 0.925593 0.667406
vt 0.926389 0.691863
vt 0.932000 0.262617
vt 0.927284 0.262707
vt 0.932000 0.287066
vt 0.928642 0.317384
vt 0.924897 0.292772
vt 0.924897 0.317232
vt 0.171980 0.937038
vt 0.175561 0.927964
vt 0.173202 0.925968
vt 0.173202 0.925968
vt 0.164360 0.929779
vt 0.171980 0.937038
vt 0.173384 0.922883
vt 0.164360 0.929779
vt 0.173202 0.925968
vt 0.175561 0.927964
vt 0.171980 0.937038
vt 0.182502 0.937038
vt 0.182502 0.937038
vt 0.178645 0.928145
vt 0.175561 0.927964
vt 0.950410 0.319792
vt 0.942593 0.319778
vt 0.942655 0.329052
vt 0.951854 0.206351
vt 0.944356 0.216627
vt 0.952152 0.216549
vt 0.942655 0.329052
vt 0.950472 0.329066
vt 0.950410 0.319792
vt 0.164360 0.929779
vt 0.173384 0.922883
vt 0.164360 0.919254
vt 0.439436 0.909956
vt 0.439073 0.935359
vt 0.446688 0.928106
vt 0.944356 0.216627
vt 0.951854 0.206351
vt 0.944059 0.206429
vt 0.446688 0.928106
vt 0.446688 0.917582
vt 0.439436 0.909956
vt 0.950472 0.329066
vt 0.942655 0.329052
vt 0.942593 0.339200
vt 0.942593 0.339200
vt 0.950410 0.339215
vt 0.950472 0.329066
vt 0.439073 0.935359
vt 0.439436 0.909956
vt 0.428919 0.909949
vt 0.428919 0.909949
vt 0.428556 0.935352
vt 0.439073 0.935359
vt 0.173384 0.922883
vt 0.175017 0.921431
vt 0.164360 0.919254
vt 0.175017 0.921431
vt 0.178464 0.920705
vt 0.171617 0.911632
vt 0.171617 0.911632
vt 0.164360 0.919254
vt 0.175017 0.921431
vt 0.182139 0.911632
vt 0.171617 0.911632
vt 0.178464 0.920705
vt 0.178464 0.920705
vt 0.180459 0.923609
vt 0.182139 0.911632
vt 0.952152 0.197172
vt 0.944059 0.206429
vt 0.951854 0.206351
vt 0.944059 0.206429
vt 0.952152 0.197172
vt 0.944356 0.197250
vt 0.944335 0.298132
vt 0.952091 0.287916
vt 0.944274 0.287932
vt 0.952091 0.287916
vt 0.944335 0.298132
vt 0.952152 0.298116
vt 0.178645 0.928145
vt 0.182502 0.937038
vt 0.189759 0.929416
vt 0.189759 0.929416
vt 0.180641 0.925786
vt 0.178645 0.928145
vt 0.032363 0.989496
vt 0.032363 0.994479
vt 0.036384 0.989303
vt 0.036384 0.994286
vt 0.036384 0.989303
vt 0.032363 0.994479
vt 0.928642 0.317384
vt 0.928642 0.292924
vt 0.924897 0.292772
vt 0.944339 0.263611
vt 0.952152 0.263647
vt 0.952009 0.254435
vt 0.952009 0.254435
vt 0.944196 0.254399
vt 0.944339 0.263611
vt 0.421304 0.917202
vt 0.421304 0.927726
vt 0.428556 0.935352
vt 0.428919 0.909949
vt 0.421304 0.917202
vt 0.428556 0.935352
vt 0.189759 0.918891
vt 0.180459 0.923609
vt 0.180641 0.925786
vt 0.180641 0.925786
vt 0.189759 0.929416
vt 0.189759 0.918891
vt 0.180459 0.923609
vt 0.189759 0.918891
vt 0.182139 0.911632
vt 0.884464 0.345893
vt 0.888339 0.345932
vt 0.888339 0.311825
vt 0.577672 0.823913
vt 0.573569 0.858088
vt 0.577672 0.858112
vt 0.888339 0.311825
vt 0.884464 0.311787
vt 0.884464 0.345893
vt 0.883040 0.389555
vt 0.886660 0.389593
vt 0.886660 0.355393
vt 0.886660 0.355393
vt 0.883040 0.355355
vt 0.883040 0.389555
vt 0.573569 0.858088
vt 0.577672 0.823913
vt 0.573569 0.823889
vt 0.944196 0.254399
vt 0.952009 0.254435
vt 0.952152 0.244253
vt 0.952152 0.244253
vt 0.944339 0.244217
vt 0.944196 0.254399
vt 0.944274 0.307308
vt 0.952091 0.307292
vt 0.952152 0.298116
vt 0.952152 0.298116
vt 0.944335 0.298132
vt 0.944274 0.307308
vt 0.599959 0.714935
vt 0.602891 0.722679
vt 0.606799 0.714921
vt 0.606799 0.722671
vt 0.606799 0.714921
vt 0.602891 0.722679
vt 0.599959 0.729467
vt 0.606799 0.722671
vt 0.602891 0.722679
vt 0.614616 0.722655
vt 0.614616 0.714905
vt 0.606799 0.714921
vt 0.606799 0.714921
vt 0.606799 0.722671
vt 0.614616 0.722655
vt 0.640336 0.990880
vt 0.643625 0.993185
vt 0.643625 0.989303
vt 0.577672 0.823913
vt 0.575511 0.820954
vt 0.573569 0.823889
vt 0.698930 0.993038
vt 0.698930 0.989303
vt 0.695655 0.992141
vt 0.606799 0.729453
vt 0.614616 0.722655
vt 0.606799 0.722671
vt 0.606799 0.722671
vt 0.599959 0.729467
vt 0.606799 0.729453
vt 0.614616 0.722655
vt 0.606799 0.729453
vt 0.609731 0.729447
vt 0.809266 0.842998
vt 0.774148 0.833133
vt 0.770271 0.842102
vt 0.740562 0.741540
vt 0.735366 0.738058
vt 0.726196 0.776006
vt 0.726196 0.776006
vt 0.732152 0.775526
vt 0.740562 0.741540
vt 0.365864 0.878000
vt 0.392220 0.880925
vt 0.396310 0.878000
vt 0.809266 0.842998
vt 0.805703 0.834005
vt 0.774148 0.833133
vt 0.357603 0.559200
vt 0.360689 0.535206
vt 0.357603 0.535071
vt 0.365864 0.878000
vt 0.368900 0.880928
vt 0.392220 0.880925
vt 0.360689 0.535206
vt 0.357603 0.559200
vt 0.361045 0.558425
vt 0.759933 0.241497
vt 0.799530 0.317395
vt 0.829564 0.291317
vt 0.805703 0.834005
vt 0.809266 0.842998
vt 0.837961 0.816016
vt 0.806399 0.737028
vt 0.827109 0.718967
vt 0.827885 0.714062
vt 0.837961 0.816016
vt 0.828993 0.812137
vt 0.805703 0.834005
vt 0.732152 0.775526
vt 0.726196 0.776006
vt 0.735790 0.816130
vt 0.735790 0.816130
vt 0.740562 0.813374
vt 0.732152 0.775526
vt 0.799530 0.317395
vt 0.759933 0.241497
vt 0.759933 0.327460
vt 0.930987 0.609580
vt 0.928399 0.608583
vt 0.928399 0.633088
vt 0.928399 0.633088
vt 0.932000 0.631515
vt 0.930987 0.609580
vt 0.806399 0.737028
vt 0.810612 0.736576
vt 0.827109 0.718967
vt 0.926324 0.212605
vt 0.930321 0.213269
vt 0.930321 0.188759
vt 0.930321 0.188759
vt 0.927727 0.189771
vt 0.926324 0.212605
vt 0.281676 0.881447
vt 0.308255 0.884368
vt 0.312346 0.881447
vt 0.828993 0.812137
vt 0.837961 0.816016
vt 0.837961 0.776621
vt 0.837961 0.776621
vt 0.828969 0.780185
vt 0.828993 0.812137
vt 0.281676 0.881447
vt 0.284738 0.884367
vt 0.308255 0.884368
vt 0.788494 0.161211
vt 0.792824 0.122183
vt 0.783716 0.158457
vt 0.816130 0.395719
vt 0.746170 0.445297
vt 0.777690 0.473270
vt 0.816130 0.395719
vt 0.777690 0.473270
vt 0.816130 0.480274
vt 0.828969 0.780185
vt 0.810986 0.747919
vt 0.807109 0.756889
vt 0.581031 0.503254
vt 0.578046 0.506860
vt 0.577759 0.527861
vt 0.581031 0.503254
vt 0.577759 0.527861
vt 0.580657 0.530652
vt 0.792824 0.122183
vt 0.788494 0.082469
vt 0.783716 0.085241
vt 0.810986 0.747919
vt 0.828969 0.780185
vt 0.837961 0.776621
vt 0.927733 0.346582
vt 0.930321 0.323105
vt 0.927227 0.323362
vt 0.930321 0.323105
vt 0.927733 0.346582
vt 0.930321 0.347611
vt 0.788494 0.082469
vt 0.792824 0.122183
vt 0.799337 0.122238
vt 0.788494 0.161211
vt 0.799337 0.122238
vt 0.792824 0.122183
vt 0.852523 0.071308
vt 0.851219 0.071753
vt 0.855295 0.078969
vt 0.854870 0.079840
vt 0.855295 0.078969
vt 0.851219 0.071753
vt 0.855295 0.078969
vt 0.854870 0.079840
vt 0.865071 0.087872
vt 0.863767 0.088317
vt 0.865071 0.087872
vt 0.854870 0.079840
vt 0.865071 0.087872
vt 0.863767 0.088317
vt 0.886660 0.101565
vt 0.886235 0.102436
vt 0.886660 0.101565
vt 0.863767 0.088317
vt 0.995104 0.095499
vt 0.995104 0.088590
vt 0.988195 0.088592
vt 0.863184 0.686825
vt 0.869839 0.686772
vt 0.863184 0.644769
vt 0.988195 0.088592
vt 0.988056 0.094533
vt 0.995104 0.095499
vt 0.846357 0.246486
vt 0.840646 0.288836
vt 0.846357 0.288561
vt 0.866579 0.864507
vt 0.873225 0.864829
vt 0.866579 0.823409
vt 0.869867 0.645690
vt 0.863184 0.644769
vt 0.869839 0.686772
vt 0.858256 0.002472
vt 0.858284 0.043574
vt 0.864829 0.043661
vt 0.840646 0.288836
vt 0.846357 0.246486
vt 0.840646 0.246761
vt 0.864829 0.043661
vt 0.864829 0.001584
vt 0.858256 0.002472
vt 0.873225 0.823731
vt 0.866579 0.823409
vt 0.873225 0.864829
vt 0.993916 0.697529
vt 0.988056 0.697529
vt 0.988113 0.702256
vt 0.988113 0.702256
vt 0.993973 0.702256
vt 0.993916 0.697529
vt 0.995098 0.104609
vt 0.988056 0.098628
vt 0.988195 0.104565
vt 0.988056 0.098628
vt 0.995098 0.104609
vt 0.995098 0.097706
vt 0.606799 0.737204
vt 0.606799 0.729453
vt 0.599959 0.729467
vt 0.606799 0.737204
vt 0.609731 0.729447
vt 0.606799 0.729453
vt 0.974510 0.091721
vt 0.984330 0.101542
vt 0.985301 0.091818
vt 0.974510 0.091721
vt 0.974511 0.101542
vt 0.984330 0.101542
vt 0.975480 0.079693
vt 0.985301 0.089514
vt 0.985299 0.079693
vt 0.975480 0.079693
vt 0.974510 0.089417
vt 0.985301 0.089514
vt 0.951315 0.852129
vt 0.951315 0.860021
vt 0.956948 0.855403
vt 0.951315 0.860021
vt 0.957190 0.861337
vt 0.956948 0.855403
vt 0.951315 0.860021
vt 0.956408 0.868188
vt 0.957190 0.861337
vt 0.951315 0.860021
vt 0.951443 0.867905
vt 0.956408 0.868188
vt 0.505463 0.777987
vt 0.503311 0.777625
vt 0.503311 0.790941
vt 0.628051 0.829768
vt 0.618043 0.829768
vt 0.627161 0.842998
vt 0.921925 0.008979
vt 0.919114 0.024489
vt 0.921925 0.025189
vt 0.017664 0.960425
vt 0.017664 0.972303
vt 0.028548 0.971299
vt 0.178341 0.599797
vt 0.188952 0.599810
vt 0.183303 0.596533
vt 0.178341 0.599797
vt 0.178341 0.606839
vt 0.188952 0.599810
vt 0.178341 0.606839
vt 0.184797 0.609578
vt 0.188952 0.599810
vt 0.184797 0.609578
vt 0.189759 0.606314
vt 0.188952 0.599810
vt 0.649843 0.946638
vt 0.656598 0.959300
vt 0.656598 0.944662
vt 0.649843 0.946638
vt 0.649806 0.959898
vt 0.656598 0.959300
vt 0.649843 0.946638
vt 0.645420 0.960548
vt 0.649806 0.959898
vt 0.011755 0.780828
vt 0.006811 0.780828
vt 0.009929 0.794299
vt 0.359133 0.792131
vt 0.362724 0.801016
vt 0.362724 0.785331
vt 0.484307 0.300591
vt 0.486991 0.294107
vt 0.484307 0.284889
vt 0.043924 0.977869
vt 0.041697 0.983739
vt 0.043924 0.987066
vt 0.486991 0.294107
vt 0.486319 0.284754
vt 0.484307 0.284889
vt 0.943987 0.086491
vt 0.947114 0.094040
vt 0.947114 0.074094
vt 0.942161 0.194796
vt 0.947000 0.180701
vt 0.942161 0.174782
vt 0.942161 0.194796
vt 0.947114 0.188077
vt 0.947000 0.180701
vt 0.947000 0.180701
vt 0.944632 0.174088
vt 0.942161 0.174782
vt 0.955510 0.191438
vt 0.951817 0.181352
vt 0.951229 0.191004
vt 0.955510 0.191438
vt 0.955510 0.174631
vt 0.951817 0.181352
vt 0.949269 0.849716
vt 0.950472 0.840849
vt 0.943625 0.835287
vt 0.950472 0.840849
vt 0.950472 0.831820
vt 0.943625 0.835287
vt 0.342884 0.022258
vt 0.346971 0.034218
vt 0.347611 0.021997
vt 0.342884 0.022258
vt 0.342884 0.043661
vt 0.346971 0.034218
vt 0.942076 0.408678
vt 0.938138 0.418141
vt 0.942076 0.429896
vt 0.974510 0.272186
vt 0.979875 0.274450
vt 0.985474 0.272186
vt 0.355987 0.960007
vt 0.366083 0.972303
vt 0.366083 0.960815
vt 0.355987 0.960007
vt 0.356128 0.969262
vt 0.366083 0.972303
vt 0.974510 0.568714
vt 0.983578 0.567049
vt 0.974510 0.559297
vt 0.983578 0.567049
vt 0.984226 0.561015
vt 0.974510 0.559297
vt 0.974510 0.269979
vt 0.985465 0.269979
vt 0.975084 0.266945
vt 0.025490 0.947016
vt 0.025490 0.962227
vt 0.033586 0.954182
vt 0.458430 0.518248
vt 0.458430 0.534011
vt 0.461802 0.532916
vt 0.719603 0.955388
vt 0.719603 0.967265
vt 0.730487 0.966261
vt 0.962598 0.088056
vt 0.963032 0.100321
vt 0.963907 0.087626
vt 0.963032 0.100321
vt 0.963907 0.100757
vt 0.963907 0.087626
vt 0.134319 0.984639
vt 0.138225 0.977869
vt 0.134319 0.979790
vt 0.134319 0.984639
vt 0.141155 0.979821
vt 0.138225 0.977869
vt 0.134319 0.984639
vt 0.141155 0.984670
vt 0.141155 0.979821
vt 0.134319 0.984639
vt 0.138225 0.986596
vt 0.141155 0.984670
vt 0.638599 0.604541
vt 0.646463 0.592384
vt 0.638599 0.591904
vt 0.638599 0.604541
vt 0.646523 0.604045
vt 0.646463 0.592384
vt 0.739696 0.756314
vt 0.739696 0.774148
vt 0.750638 0.762529
vt 0.869959 0.241816
vt 0.876584 0.238072
vt 0.869959 0.225893
vt 0.955510 0.762393
vt 0.955510 0.742608
vt 0.938936 0.761825
vt 0.955510 0.742608
vt 0.937860 0.743927
vt 0.938936 0.761825
vt 0.611258 0.177382
vt 0.597105 0.181170
vt 0.611258 0.273723
vt 0.471878 0.942512
vt 0.463139 0.955488
vt 0.471878 0.957190
vt 0.243253 0.986644
vt 0.246341 0.986644
vt 0.244845 0.977869
vt 0.471878 0.942512
vt 0.464355 0.940154
vt 0.463139 0.955488
vt 0.001715 0.960900
vt 0.007575 0.970624
vt 0.007575 0.958018
vt 0.001715 0.960900
vt 0.001715 0.967688
vt 0.007575 0.970624
vt 0.007575 0.970624
vt 0.013434 0.960953
vt 0.007575 0.958018
vt 0.007575 0.970624
vt 0.013434 0.967741
vt 0.013434 0.960953
vt 0.772469 0.945375
vt 0.763020 0.945375
vt 0.772445 0.960548
vt 0.953831 0.664958
vt 0.945831 0.677216
vt 0.953831 0.681788
vt 0.985298 0.349598
vt 0.985179 0.347610
vt 0.974510 0.349598
vt 0.646009 0.985988
vt 0.646009 0.977868
vt 0.643478 0.979543
vt 0.954545 0.122516
vt 0.957189 0.129305
vt 0.957189 0.114024
vt 0.010424 0.733845
vt 0.013434 0.725789
vt 0.010424 0.719212
vt 0.188553 0.986772
vt 0.190370 0.983174
vt 0.188553 0.977869
vt 0.958869 0.336051
vt 0.954349 0.332459
vt 0.958869 0.343942
vt 0.954349 0.332459
vt 0.953222 0.338484
vt 0.958869 0.343942
vt 0.953222 0.338484
vt 0.954777 0.344252
vt 0.958869 0.343942
vt 0.958869 0.336051
vt 0.958759 0.328153
vt 0.954349 0.332459
vt 0.967265 0.111926
vt 0.959550 0.124975
vt 0.966391 0.125946
vt 0.967265 0.111926
vt 0.959448 0.111926
vt 0.959550 0.124975
vt 0.468519 0.972303
vt 0.460422 0.961522
vt 0.460422 0.971293
vt 0.468519 0.972303
vt 0.468519 0.960577
vt 0.460422 0.961522
vt 0.050378 0.476351
vt 0.046012 0.476351
vt 0.049976 0.490350
vt 0.046012 0.476351
vt 0.047793 0.490350
vt 0.049976 0.490350
vt 0.305629 0.460869
vt 0.304261 0.476740
vt 0.305629 0.476915
vt 0.960548 0.309904
vt 0.950252 0.309904
vt 0.960308 0.325780
vt 0.745446 0.942966
vt 0.743543 0.958869
vt 0.753997 0.958869
vt 0.469222 0.903453
vt 0.470198 0.903453
vt 0.469239 0.891574
vt 0.478028 0.527294
vt 0.480274 0.514006
vt 0.477279 0.526666
vt 0.480274 0.514006
vt 0.477279 0.511494
vt 0.477279 0.526666
vt 0.636331 0.369174
vt 0.639806 0.374114
vt 0.639146 0.362862
vt 0.666218 0.183042
vt 0.668353 0.180400
vt 0.666218 0.171400
vt 0.636331 0.369174
vt 0.636331 0.381196
vt 0.639806 0.374114
vt 0.335856 0.320063
vt 0.332285 0.329039
vt 0.335856 0.334177
vt 0.765275 0.672080
vt 0.765275 0.686825
vt 0.769110 0.678535
vt 0.957190 0.648559
vt 0.955109 0.656679
vt 0.957190 0.663316
vt 0.155682 0.986781
vt 0.158304 0.983525
vt 0.155682 0.977869
vt 0.874404 0.985584
vt 0.876306 0.985213
vt 0.874404 0.977869
vt 0.867499 0.989303
vt 0.867705 0.992331
vt 0.869473 0.989303
vt 0.867705 0.992331
vt 0.868680 0.992267
vt 0.869473 0.989303
vt 0.846603 0.989373
vt 0.843843 0.992332
vt 0.846603 0.992402
vt 0.846603 0.989373
vt 0.843843 0.989303
vt 0.843843 0.992332
vt 0.607292 0.989303
vt 0.604508 0.989604
vt 0.607292 0.991369
vt 0.604508 0.989604
vt 0.604508 0.991669
vt 0.607292 0.991369
vt 0.604508 0.991669
vt 0.605791 0.993233
vt 0.607292 0.991369
vt 0.768873 0.989409
vt 0.767362 0.989303
vt 0.770122 0.992262
vt 0.767362 0.989303
vt 0.767362 0.992738
vt 0.770122 0.992262
vt 0.759712 0.989303
vt 0.757552 0.989620
vt 0.759686 0.992620
vt 0.757552 0.989620
vt 0.757552 0.992811
vt 0.759686 0.992620
vt 0.434465 0.990371
vt 0.432300 0.993409
vt 0.434465 0.993574
vt 0.434465 0.990371
vt 0.431926 0.989303
vt 0.432300 0.993409
vt 0.992033 0.437721
vt 0.994760 0.436326
vt 0.988056 0.436326
vt 0.988056 0.453639
vt 0.992829 0.454527
vt 0.994711 0.453639
vt 0.371606 0.990669
vt 0.371797 0.989303
vt 0.368415 0.993658
vt 0.988056 0.914482
vt 0.990951 0.917855
vt 0.993551 0.914482
vt 0.539227 0.907415
vt 0.539227 0.921925
vt 0.540728 0.916002
vt 0.762393 0.112935
vt 0.757782 0.125247
vt 0.762393 0.127625
vt 0.965586 0.670201
vt 0.962741 0.669625
vt 0.962741 0.681788
vt 0.963907 0.388852
vt 0.962183 0.396904
vt 0.963907 0.401348
vt 0.711756 0.989303
vt 0.708742 0.990334
vt 0.711756 0.992985
vt 0.708742 0.990334
vt 0.709033 0.992567
vt 0.711756 0.992985
vt 0.374475 0.938402
vt 0.362749 0.938398
vt 0.374479 0.955256
vt 0.362749 0.938398
vt 0.362749 0.957190
vt 0.374479 0.955256
vt 0.974517 0.705439
vt 0.984296 0.701563
vt 0.974510 0.701435
vt 0.974517 0.705439
vt 0.984288 0.705439
vt 0.984296 0.701563
vt 0.592087 0.993212
vt 0.588179 0.989303
vt 0.588179 0.993212
vt 0.592087 0.993212
vt 0.592087 0.989303
vt 0.588179 0.989303
vt 0.522881 0.993332
vt 0.525960 0.989542
vt 0.522881 0.989303
vt 0.522881 0.993332
vt 0.526907 0.993334
vt 0.525960 0.989542
vt 0.668353 0.443175
vt 0.663334 0.445751
vt 0.668353 0.450390
vt 0.668353 0.443175
vt 0.665145 0.438467
vt 0.663334 0.445751
vt 0.663334 0.445751
vt 0.665733 0.456611
vt 0.668353 0.450390
vt 0.663334 0.445751
vt 0.663801 0.456764
vt 0.665733 0.456611
vt 0.873226 0.458112
vt 0.827612 0.459241
vt 0.873226 0.531203
vt 0.827612 0.459241
vt 0.827612 0.532332
vt 0.873226 0.531203
vt 0.170636 0.804902
vt 0.207265 0.867972
vt 0.208231 0.804837
vt 0.170636 0.804902
vt 0.170636 0.868188
vt 0.207265 0.867972
vt 0.956517 0.462239
vt 0.960548 0.470198
vt 0.960548 0.455690
vt 0.414445 0.958869
vt 0.416239 0.952852
vt 0.414445 0.944244
vt 0.512377 0.977869
vt 0.509280 0.982552
vt 0.512377 0.986199
vt 0.416239 0.952852
vt 0.416461 0.944253
vt 0.414445 0.944244
vt 0.981268 0.805143
vt 0.984135 0.801080
vt 0.974510 0.801080
vt 0.070530 0.940397
vt 0.070530 0.927446
vt 0.066034 0.931505
vt 0.832923 0.948289
vt 0.831759 0.955158
vt 0.832923 0.960548
vt 0.070530 0.927446
vt 0.066259 0.922967
vt 0.066034 0.931505
vt 0.532332 0.672318
vt 0.531197 0.673101
vt 0.532152 0.673278
vt 0.060907 0.997585
vt 0.060216 0.996894
vt 0.060216 0.998275
vt 0.649896 0.846172
vt 0.649896 0.882802
vt 0.682503 0.846514
vt 0.649896 0.882802
vt 0.683467 0.883301
vt 0.682503 0.846514
vt 0.063114 0.997871
vt 0.064091 0.997871
vt 0.064091 0.996894
vt 0.990914 0.483081
vt 0.994582 0.481181
vt 0.988056 0.481181
vt 0.988056 0.876374
vt 0.993588 0.878846
vt 0.993588 0.873777
vt 0.989180 0.564410
vt 0.988056 0.569515
vt 0.994105 0.563962
vt 0.988056 0.569515
vt 0.994105 0.569858
vt 0.994105 0.563962
vt 0.614646 0.993212
vt 0.617577 0.989304
vt 0.614646 0.989303
vt 0.614646 0.993212
vt 0.617577 0.993213
vt 0.617577 0.989304
vt 0.520674 0.993334
vt 0.520674 0.989305
vt 0.517596 0.993096
vt 0.520674 0.989305
vt 0.516648 0.989303
vt 0.517596 0.993096
vt 0.630058 0.989304
vt 0.630058 0.992235
vt 0.632990 0.989303
vt 0.630058 0.992235
vt 0.632990 0.993211
vt 0.632990 0.989303
vt 0.619784 0.993212
vt 0.622713 0.989303
vt 0.619784 0.989303
vt 0.619784 0.993212
vt 0.622713 0.993212
vt 0.622713 0.989303
vt 0.918566 0.595730
vt 0.915664 0.575415
vt 0.915664 0.596144
vt 0.934133 0.604325
vt 0.934133 0.627829
vt 0.936070 0.604473
vt 0.564960 0.993307
vt 0.567883 0.989328
vt 0.564960 0.989303
vt 0.564960 0.993307
vt 0.567883 0.993332
vt 0.567883 0.989328
vt 0.974510 0.466978
vt 0.981407 0.462378
vt 0.976426 0.462378
vt 0.974510 0.466978
vt 0.984473 0.466978
vt 0.981407 0.462378
vt 0.974510 0.466978
vt 0.981600 0.471386
vt 0.984473 0.466978
vt 0.974510 0.466978
vt 0.976618 0.471386
vt 0.981600 0.471386
vt 0.102461 0.989303
vt 0.100501 0.990264
vt 0.102461 0.994404
vt 0.100501 0.990264
vt 0.099530 0.994392
vt 0.102461 0.994404
vt 0.258903 0.989303
vt 0.256547 0.990816
vt 0.259826 0.991151
vt 0.256547 0.990816
vt 0.259826 0.994020
vt 0.259826 0.991151
vt 0.256547 0.990816
vt 0.256547 0.993686
vt 0.259826 0.994020
vt 0.797618 0.989920
vt 0.800011 0.992654
vt 0.800420 0.989303
vt 0.797618 0.989920
vt 0.797618 0.992660
vt 0.800011 0.992654
vt 0.066298 0.997871
vt 0.067274 0.997871
vt 0.066298 0.996894
vt 0.149456 0.738883
vt 0.149272 0.737923
vt 0.148320 0.738104
vt 0.251059 0.992688
vt 0.253484 0.994007
vt 0.250491 0.989303
vt 0.253484 0.994007
vt 0.254340 0.989303
vt 0.250491 0.989303
vt 0.994340 0.498191
vt 0.992659 0.493648
vt 0.988056 0.498191
vt 0.992659 0.493648
vt 0.989458 0.493534
vt 0.988056 0.498191
vt 0.974510 0.369494
vt 0.982130 0.374341
vt 0.977274 0.365348
vt 0.974510 0.369494
vt 0.976603 0.374341
vt 0.982130 0.374341
vt 0.982130 0.374341
vt 0.984894 0.370195
vt 0.977274 0.365348
vt 0.984894 0.370195
vt 0.982823 0.365358
vt 0.977274 0.365348
vt 0.614616 0.946966
vt 0.605597 0.962121
vt 0.614616 0.962227
vt 0.614616 0.946966
vt 0.605597 0.946859
vt 0.605597 0.962121
vt 0.731926 0.365820
vt 0.735525 0.370670
vt 0.735525 0.359665
vt 0.985727 0.077486
vt 0.982979 0.075489
vt 0.974510 0.077486
vt 0.731926 0.365820
vt 0.732231 0.377838
vt 0.735525 0.370670
vt 0.396310 0.048020
vt 0.393398 0.057296
vt 0.396310 0.062133
vt 0.150853 0.977869
vt 0.150853 0.986781
vt 0.153475 0.983525
vt 0.839640 0.950310
vt 0.836448 0.943438
vt 0.836448 0.958869
vt 0.955510 0.053328
vt 0.953308 0.062254
vt 0.955510 0.068851
vt 0.437516 0.977869
vt 0.434780 0.977869
vt 0.435527 0.986359
vt 0.979078 0.759720
vt 0.974510 0.761640
vt 0.984302 0.761640
vt 0.974510 0.796952
vt 0.979257 0.797915
vt 0.984261 0.796952
vt 0.594294 0.989303
vt 0.594294 0.993212
vt 0.598202 0.991258
vt 0.979985 0.697413
vt 0.974510 0.699228
vt 0.984410 0.699228
vt 0.739120 0.781362
vt 0.739120 0.794299
vt 0.740562 0.791170
vt 0.397989 0.184161
vt 0.393152 0.190724
vt 0.397989 0.198155
vt 0.864632 0.977869
vt 0.857779 0.982398
vt 0.864632 0.985386
vt 0.864632 0.977869
vt 0.857788 0.980215
vt 0.857779 0.982398
vt 0.921813 0.989303
vt 0.920431 0.990685
vt 0.921813 0.992067
vt 0.576823 0.977868
vt 0.576823 0.986007
vt 0.581353 0.981834
vt 0.976205 0.717407
vt 0.984306 0.713846
vt 0.974510 0.713846
vt 0.011023 0.868503
vt 0.019890 0.873138
vt 0.020151 0.871784
vt 0.011023 0.868503
vt 0.011023 0.900094
vt 0.019890 0.873138
vt 0.525748 0.918566
vt 0.539049 0.900939
vt 0.525748 0.890793
vt 0.936801 0.913528
vt 0.943755 0.912076
vt 0.936801 0.892265
vt 0.935359 0.493708
vt 0.935359 0.469891
vt 0.931238 0.471333
vt 0.935359 0.469891
vt 0.931359 0.470372
vt 0.931238 0.471333
vt 0.995170 0.151064
vt 0.993020 0.147802
vt 0.988056 0.151064
vt 0.361029 0.883594
vt 0.327648 0.884126
vt 0.361045 0.897618
vt 0.361029 0.883594
vt 0.349938 0.873666
vt 0.327648 0.884126
vt 0.349938 0.873666
vt 0.336769 0.873366
vt 0.327648 0.884126
vt 0.327648 0.884126
vt 0.327648 0.898167
vt 0.361045 0.897618
vt 0.327648 0.898167
vt 0.337869 0.908490
vt 0.361045 0.897618
vt 0.337869 0.908490
vt 0.351924 0.908378
vt 0.361045 0.897618
vt 0.941806 0.243496
vt 0.947114 0.222084
vt 0.938650 0.222084
vt 0.055490 0.926962
vt 0.062133 0.925337
vt 0.055490 0.901759
vt 0.644705 0.888339
vt 0.644843 0.883458
vt 0.620515 0.881865
vt 0.884980 0.483814
vt 0.880136 0.483804
vt 0.878327 0.488670
vt 0.880136 0.483804
vt 0.878327 0.483785
vt 0.878327 0.488670
vt 0.644843 0.883458
vt 0.643736 0.854125
vt 0.620515 0.881865
vt 0.643736 0.854125
vt 0.621254 0.851564
vt 0.620515 0.881865
vt 0.643736 0.854125
vt 0.644843 0.849267
vt 0.621254 0.851564
vt 0.643736 0.854125
vt 0.644705 0.854148
vt 0.644843 0.849267
vt 0.644843 0.849267
vt 0.620515 0.847675
vt 0.621254 0.851564
vt 0.795411 0.989303
vt 0.794118 0.992275
vt 0.795411 0.992746
vt 0.324277 0.959794
vt 0.334177 0.970624
vt 0.334177 0.958678
vt 0.439971 0.941795
vt 0.437904 0.956468
vt 0.439971 0.957190
vt 0.513131 0.796144
vt 0.513131 0.809413
vt 0.522256 0.808172
vt 0.775827 0.596750
vt 0.773824 0.594882
vt 0.773824 0.609579
vt 0.069409 0.013027
vt 0.069409 0.028548
vt 0.070530 0.027740
vt 0.955481 0.991680
vt 0.954109 0.989303
vt 0.954109 0.991691
vt 0.429896 0.901653
vt 0.421068 0.878874
vt 0.421552 0.910170
vt 0.429896 0.901653
vt 0.429896 0.888012
vt 0.421068 0.878874
vt 0.421068 0.878874
vt 0.409194 0.878278
vt 0.421552 0.910170
vt 0.409194 0.878278
vt 0.408767 0.909927
vt 0.421552 0.910170
vt 0.409194 0.878278
vt 0.400497 0.899524
vt 0.408767 0.909927
vt 0.409194 0.878278
vt 0.399939 0.887147
vt 0.400497 0.899524
vt 0.165980 0.948486
vt 0.177013 0.942583
vt 0.171753 0.942455
vt 0.165980 0.948486
vt 0.182144 0.947973
vt 0.177013 0.942583
vt 0.165980 0.948486
vt 0.183042 0.955800
vt 0.182144 0.947973
vt 0.165980 0.948486
vt 0.176756 0.960548
vt 0.183042 0.955800
vt 0.165980 0.948486
vt 0.169315 0.960548
vt 0.176756 0.960548
vt 0.165980 0.948486
vt 0.165595 0.956827
vt 0.169315 0.960548
vt 0.866743 0.592318
vt 0.851930 0.595734
vt 0.876584 0.604228
vt 0.851930 0.595734
vt 0.841572 0.612302
vt 0.876584 0.604228
vt 0.841572 0.612302
vt 0.876584 0.622662
vt 0.876584 0.604228
vt 0.841572 0.612302
vt 0.841572 0.630736
vt 0.876584 0.622662
vt 0.841572 0.630736
vt 0.866225 0.639230
vt 0.876584 0.622662
vt 0.841572 0.630736
vt 0.852241 0.643164
vt 0.866225 0.639230
vt 0.962227 0.050831
vt 0.958083 0.050831
vt 0.962209 0.058865
vt 0.958083 0.050831
vt 0.958834 0.065492
vt 0.962209 0.058865
vt 0.409646 0.338451
vt 0.404508 0.344089
vt 0.409744 0.351686
vt 0.404508 0.344089
vt 0.404508 0.357687
vt 0.409744 0.351686
vt 0.003359 0.278634
vt 0.002106 0.283853
vt 0.003359 0.292195
vt 0.109177 0.846355
vt 0.106827 0.853334
vt 0.108761 0.853217
vt 0.109177 0.846355
vt 0.079845 0.849142
vt 0.106827 0.853334
vt 0.079845 0.849142
vt 0.081363 0.855888
vt 0.106827 0.853334
vt 0.079845 0.849142
vt 0.079429 0.856004
vt 0.081363 0.855888
vt 0.081363 0.855888
vt 0.108771 0.882568
vt 0.106827 0.853334
vt 0.081363 0.855888
vt 0.081258 0.881315
vt 0.108771 0.882568
vt 0.081258 0.881315
vt 0.078653 0.888339
vt 0.108771 0.882568
vt 0.078653 0.888339
vt 0.110229 0.888339
vt 0.108771 0.882568
vt 0.081258 0.881315
vt 0.079197 0.881454
vt 0.078653 0.888339
vt 0.110229 0.888339
vt 0.110832 0.882429
vt 0.108771 0.882568
vt 0.856196 0.819489
vt 0.858337 0.812714
vt 0.856400 0.812652
vt 0.856196 0.819489
vt 0.885689 0.818430
vt 0.858337 0.812714
vt 0.885689 0.818430
vt 0.883957 0.811531
vt 0.858337 0.812714
vt 0.885689 0.818430
vt 0.885894 0.811593
vt 0.883957 0.811531
vt 0.883957 0.811531
vt 0.883550 0.784175
vt 0.858337 0.812714
vt 0.883550 0.784175
vt 0.857020 0.783373
vt 0.858337 0.812714
vt 0.883550 0.784175
vt 0.886660 0.777431
vt 0.857020 0.783373
vt 0.883550 0.784175
vt 0.885516 0.783260
vt 0.886660 0.777431
vt 0.886660 0.777431
vt 0.854162 0.777431
vt 0.857020 0.783373
vt 0.854162 0.777431
vt 0.855083 0.783311
vt 0.857020 0.783373
vt 0.615629 0.379517
vt 0.617975 0.365909
vt 0.615629 0.355358
vt 0.689371 0.693543
vt 0.690184 0.691574
vt 0.689371 0.680733
vt 0.227171 0.978838
vt 0.229127 0.985747
vt 0.229127 0.977869
vt 0.227171 0.978838
vt 0.227173 0.985747
vt 0.229127 0.985747
vt 0.227173 0.985747
vt 0.227171 0.986716
vt 0.229127 0.985747
vt 0.962062 0.991400
vt 0.962062 0.989303
vt 0.960786 0.989807
vt 0.122242 0.977996
vt 0.122238 0.979934
vt 0.124181 0.977869
vt 0.122238 0.979934
vt 0.125169 0.979934
vt 0.124181 0.977869
vt 0.122238 0.979934
vt 0.123215 0.986844
vt 0.125169 0.979934
vt 0.123215 0.986844
vt 0.125169 0.986844
vt 0.125169 0.979934
vt 0.726040 0.896225
vt 0.727128 0.884372
vt 0.725919 0.894276
vt 0.726040 0.896225
vt 0.727128 0.911849
vt 0.727128 0.884372
vt 0.846357 0.293300
vt 0.831131 0.294990
vt 0.846281 0.360046
vt 0.831131 0.294990
vt 0.831131 0.360885
vt 0.846281 0.360046
vt 0.411424 0.941846
vt 0.404325 0.955436
vt 0.411424 0.957190
vt 0.995055 0.265960
vt 0.992758 0.263315
vt 0.988056 0.265960
vt 0.411424 0.941846
vt 0.405119 0.940056
vt 0.404325 0.955436
vt 0.831131 0.360885
vt 0.831896 0.367762
vt 0.846281 0.360046
vt 0.364746 0.562559
vt 0.371121 0.549381
vt 0.364746 0.546961
vt 0.271630 0.911383
vt 0.271630 0.935359
vt 0.283798 0.919231
vt 0.372800 0.547445
vt 0.372800 0.500512
vt 0.358235 0.526511
vt 0.372800 0.500512
vt 0.357457 0.500391
vt 0.358235 0.526511
vt 0.305399 0.961506
vt 0.311153 0.962227
vt 0.304577 0.946209
vt 0.311153 0.962227
vt 0.314025 0.946209
vt 0.304577 0.946209
vt 0.892260 0.772551
vt 0.906798 0.744836
vt 0.892260 0.744034
vt 0.892260 0.772551
vt 0.906811 0.774148
vt 0.906798 0.744836
vt 0.438130 0.477008
vt 0.433065 0.476182
vt 0.438292 0.491487
vt 0.433065 0.476182
vt 0.433065 0.492029
vt 0.438292 0.491487
vt 0.254585 0.950888
vt 0.261968 0.955510
vt 0.261968 0.938403
vt 0.746914 0.689414
vt 0.748959 0.690184
vt 0.748959 0.674110
vt 0.522256 0.962227
vt 0.519578 0.948055
vt 0.512400 0.947768
vt 0.522256 0.962227
vt 0.522256 0.947054
vt 0.519578 0.948055
vt 0.434933 0.958869
vt 0.434933 0.940446
vt 0.419662 0.958280
vt 0.434933 0.940446
vt 0.419709 0.940652
vt 0.419662 0.958280
vt 0.933288 0.510501
vt 0.935359 0.509809
vt 0.933288 0.495273
vt 0.947051 0.232466
vt 0.953831 0.236778
vt 0.953831 0.219671
vt 0.336566 0.038710
vt 0.339215 0.040303
vt 0.339215 0.023499
vt 0.054094 0.782544
vt 0.060454 0.768612
vt 0.054094 0.764456
vt 0.782544 0.018472
vt 0.782544 0.002455
vt 0.778581 0.003853
vt 0.446688 0.356007
vt 0.446688 0.227840
vt 0.431731 0.230392
vt 0.426084 0.356007
vt 0.439971 0.354061
vt 0.426084 0.207426
vt 0.952152 0.937739
vt 0.947441 0.952970
vt 0.950994 0.953831
vt 0.952152 0.937739
vt 0.947441 0.936249
vt 0.947441 0.952970
vt 0.446688 0.227840
vt 0.446605 0.224419
vt 0.431731 0.230392
vt 0.354328 0.082285
vt 0.354328 0.065526
vt 0.350397 0.067013
vt 0.387999 0.912562
vt 0.380864 0.912562
vt 0.393046 0.916113
vt 0.380864 0.912562
vt 0.375688 0.916191
vt 0.393046 0.916113
vt 0.375688 0.916191
vt 0.396310 0.922161
vt 0.393046 0.916113
vt 0.375688 0.916191
vt 0.395551 0.928005
vt 0.396310 0.922161
vt 0.375688 0.916191
vt 0.372101 0.921312
vt 0.395551 0.928005
vt 0.372101 0.921312
vt 0.371994 0.928366
vt 0.395551 0.928005
vt 0.371994 0.928366
vt 0.374606 0.933204
vt 0.395551 0.928005
vt 0.374606 0.933204
vt 0.380588 0.937038
vt 0.395551 0.928005
vt 0.380588 0.937038
vt 0.386787 0.936755
vt 0.395551 0.928005
vt 0.386787 0.936755
vt 0.392616 0.934336
vt 0.395551 0.928005
vt 0.191545 0.951233
vt 0.186358 0.943803
vt 0.185035 0.945241
vt 0.191545 0.951233
vt 0.192868 0.949794
vt 0.186358 0.943803
vt 0.902919 0.989323
vt 0.902919 0.992229
vt 0.904867 0.989303
vt 0.902919 0.992229
vt 0.904867 0.992210
vt 0.904867 0.989303
vt 0.191545 0.951233
vt 0.193680 0.953204
vt 0.192868 0.949794
vt 0.191545 0.951233
vt 0.185035 0.958500
vt 0.193680 0.953204
vt 0.185035 0.958500
vt 0.187275 0.960548
vt 0.193680 0.953204
vt 0.624920 0.990280
vt 0.627851 0.993212
vt 0.627851 0.989303
vt 0.624920 0.990280
vt 0.624920 0.993211
vt 0.627851 0.993212
vt 0.193680 0.953204
vt 0.195003 0.951766
vt 0.192868 0.949794
vt 0.195003 0.951766
vt 0.199378 0.942526
vt 0.192868 0.949794
vt 0.195003 0.951766
vt 0.201514 0.944498
vt 0.199378 0.942526
vt 0.884245 0.989303
vt 0.887174 0.992235
vt 0.887174 0.989303
vt 0.884245 0.989303
vt 0.884245 0.992235
vt 0.887174 0.992235
vt 0.193680 0.953204
vt 0.201514 0.957757
vt 0.195003 0.951766
vt 0.193680 0.953204
vt 0.200191 0.959196
vt 0.201514 0.957757
vt 0.907074 0.989303
vt 0.909028 0.992221
vt 0.909028 0.989312
vt 0.907074 0.989303
vt 0.907074 0.992212
vt 0.909028 0.992221
vt 0.280440 0.949610
vt 0.278832 0.940324
vt 0.273239 0.952152
vt 0.278832 0.940324
vt 0.272071 0.950327
vt 0.273239 0.952152
vt 0.278832 0.940324
vt 0.275441 0.935301
vt 0.272071 0.950327
vt 0.923604 0.191954
vt 0.922794 0.200967
vt 0.923604 0.208231
vt 0.278832 0.940324
vt 0.280440 0.932503
vt 0.275441 0.935301
vt 0.976210 0.401001
vt 0.985078 0.398534
vt 0.974510 0.398534
vt 0.297126 0.435449
vt 0.303950 0.431053
vt 0.301265 0.425820
vt 0.297126 0.435449
vt 0.303950 0.438175
vt 0.303950 0.431053
vt 0.297126 0.435449
vt 0.301802 0.445009
vt 0.303950 0.438175
vt 0.968944 0.621362
vt 0.966755 0.625802
vt 0.968944 0.633088
vt 0.968944 0.621362
vt 0.960491 0.621446
vt 0.966755 0.625802
vt 0.814429 0.918566
vt 0.787299 0.913683
vt 0.787277 0.918566
vt 0.814429 0.918566
vt 0.814451 0.913683
vt 0.787299 0.913683
vt 0.814451 0.913683
vt 0.810660 0.894151
vt 0.787299 0.913683
vt 0.810660 0.894151
vt 0.788357 0.894151
vt 0.787299 0.913683
vt 0.810660 0.894151
vt 0.810678 0.890245
vt 0.788357 0.894151
vt 0.810678 0.890245
vt 0.787405 0.890245
vt 0.788357 0.894151
vt 0.787405 0.890245
vt 0.787388 0.894151
vt 0.788357 0.894151
vt 0.149456 0.913528
vt 0.148744 0.908695
vt 0.122622 0.913528
vt 0.148744 0.908695
vt 0.122728 0.907585
vt 0.122622 0.913528
vt 0.148744 0.908695
vt 0.147645 0.887140
vt 0.122728 0.907585
vt 0.147645 0.887140
vt 0.124511 0.885601
vt 0.122728 0.907585
vt 0.147645 0.887140
vt 0.148147 0.883129
vt 0.124511 0.885601
vt 0.148147 0.883129
vt 0.123091 0.881876
vt 0.124511 0.885601
vt 0.123091 0.881876
vt 0.123550 0.885744
vt 0.124511 0.885601
vt 0.364325 0.695259
vt 0.360429 0.707842
vt 0.364404 0.707182
vt 0.364325 0.695259
vt 0.357507 0.707607
vt 0.360429 0.707842
vt 0.364325 0.695259
vt 0.357507 0.694711
vt 0.357507 0.707607
vt 0.360429 0.707842
vt 0.360402 0.772234
vt 0.364404 0.707182
vt 0.360402 0.772234
vt 0.363324 0.772469
vt 0.364404 0.707182
vt 0.240835 0.918845
vt 0.265326 0.918119
vt 0.248092 0.911223
vt 0.265326 0.918119
vt 0.257707 0.910860
vt 0.248092 0.911223
vt 0.240835 0.918845
vt 0.241197 0.928463
vt 0.265326 0.918119
vt 0.241197 0.928463
vt 0.247910 0.935359
vt 0.265326 0.918119
vt 0.247910 0.935359
vt 0.258432 0.935359
vt 0.265326 0.918119
vt 0.258432 0.935359
vt 0.265326 0.928644
vt 0.265326 0.918119
vt 0.278760 0.908490
vt 0.274756 0.902616
vt 0.245184 0.908490
vt 0.274756 0.902616
vt 0.245058 0.902596
vt 0.245184 0.908490
vt 0.278760 0.908490
vt 0.278635 0.902596
vt 0.274756 0.902616
vt 0.274756 0.902616
vt 0.247706 0.879072
vt 0.245058 0.902596
vt 0.274756 0.902616
vt 0.272434 0.879083
vt 0.247706 0.879072
vt 0.272434 0.879083
vt 0.246612 0.874159
vt 0.247706 0.879072
vt 0.272434 0.879083
vt 0.274370 0.874190
vt 0.246612 0.874159
vt 0.272434 0.879083
vt 0.273404 0.879078
vt 0.274370 0.874190
vt 0.246612 0.874159
vt 0.246615 0.879042
vt 0.247706 0.879072
vt 0.203193 0.908490
vt 0.198225 0.901646
vt 0.169628 0.907511
vt 0.198225 0.901646
vt 0.171677 0.901659
vt 0.169628 0.907511
vt 0.171677 0.901659
vt 0.169625 0.901648
vt 0.169628 0.907511
vt 0.203193 0.908490
vt 0.203081 0.902612
vt 0.198225 0.901646
vt 0.198225 0.901646
vt 0.173280 0.878158
vt 0.171677 0.901659
vt 0.198225 0.901646
vt 0.197886 0.878149
vt 0.173280 0.878158
vt 0.197886 0.878149
vt 0.172197 0.873259
vt 0.173280 0.878158
vt 0.197886 0.878149
vt 0.199826 0.873259
vt 0.172197 0.873259
vt 0.197886 0.878149
vt 0.198857 0.878147
vt 0.199826 0.873259
vt 0.584844 0.989303
vt 0.584595 0.993347
vt 0.585972 0.993347
vt 0.989740 0.012880
vt 0.994496 0.008183
vt 0.988056 0.011683
vt 0.994496 0.008183
vt 0.988647 0.008183
vt 0.988056 0.011683
vt 0.993540 0.974320
vt 0.989443 0.972943
vt 0.988056 0.974320
vt 0.293917 0.994064
vt 0.295341 0.993318
vt 0.293917 0.989303
vt 0.989740 0.012880
vt 0.995224 0.011314
vt 0.994496 0.008183
vt 0.989740 0.012880
vt 0.992330 0.014216
vt 0.995224 0.011314
vt 0.989740 0.012880
vt 0.991709 0.014814
vt 0.992330 0.014216
vt 0.617876 0.985893
vt 0.623607 0.978701
vt 0.617876 0.977868
vt 0.617876 0.985893
vt 0.622717 0.985709
vt 0.623607 0.978701
vt 0.227541 0.994189
vt 0.229495 0.992235
vt 0.227541 0.989303
vt 0.811946 0.983563
vt 0.806962 0.977868
vt 0.806962 0.985611
vt 0.423472 0.983009
vt 0.416440 0.977869
vt 0.416440 0.986151
vt 0.672623 0.991256
vt 0.670668 0.989303
vt 0.670668 0.993208
vt 0.776284 0.978002
vt 0.770343 0.977869
vt 0.776768 0.981856
vt 0.770343 0.977869
vt 0.770343 0.985587
vt 0.776768 0.981856
vt 0.974510 0.534982
vt 0.984493 0.534982
vt 0.979703 0.530052
vt 0.974510 0.618822
vt 0.980225 0.622875
vt 0.984411 0.618822
vt 0.829476 0.984857
vt 0.824756 0.977869
vt 0.824756 0.985525
vt 0.730442 0.977869
vt 0.730442 0.985911
vt 0.732386 0.981368
vt 0.753317 0.977869
vt 0.752006 0.982498
vt 0.753317 0.985883
vt 0.214887 0.994218
vt 0.216745 0.993080
vt 0.214887 0.989303
vt 0.378788 0.993798
vt 0.379881 0.992008
vt 0.378788 0.989303
vt 0.713963 0.990831
vt 0.715805 0.993038
vt 0.715805 0.989303
vt 0.890174 0.989303
vt 0.889381 0.992267
vt 0.891355 0.992267
vt 0.437983 0.991051
vt 0.436672 0.991487
vt 0.436692 0.993632
vt 0.437983 0.991051
vt 0.436672 0.989303
vt 0.436672 0.991487
vt 0.983661 0.867186
vt 0.974510 0.867186
vt 0.979342 0.874659
vt 0.143362 0.986664
vt 0.148646 0.983372
vt 0.143362 0.977868
vt 0.954768 0.977869
vt 0.960500 0.985084
vt 0.961515 0.977869
vt 0.974510 0.819414
vt 0.982924 0.822094
vt 0.984114 0.819414
vt 0.734768 0.977869
vt 0.734593 0.985782
vt 0.738218 0.985782
vt 0.522210 0.494775
vt 0.519255 0.502105
vt 0.522256 0.501811
vt 0.522210 0.494775
vt 0.519255 0.486318
vt 0.519255 0.502105
vt 0.347622 0.682532
vt 0.352649 0.673875
vt 0.347622 0.668373
vt 0.347622 0.682532
vt 0.352264 0.686825
vt 0.352649 0.673875
vt 0.693447 0.507142
vt 0.690256 0.500961
vt 0.688012 0.497535
vt 0.988056 0.053278
vt 0.988217 0.057150
vt 0.993955 0.053278
vt 0.664344 0.989303
vt 0.662390 0.991258
vt 0.664344 0.993211
vt 0.988217 0.057150
vt 0.995170 0.059757
vt 0.993955 0.053278
vt 0.960442 0.234059
vt 0.960442 0.239684
vt 0.967265 0.232858
vt 0.960442 0.239684
vt 0.966830 0.240051
vt 0.967265 0.232858
vt 0.960442 0.239684
vt 0.962855 0.246854
vt 0.966830 0.240051
vt 0.337353 0.810391
vt 0.337353 0.868259
vt 0.377758 0.814652
vt 0.337353 0.868259
vt 0.344948 0.868911
vt 0.377758 0.814652
vt 0.344948 0.868911
vt 0.370693 0.870993
vt 0.377758 0.814652
vt 0.370693 0.870993
vt 0.377838 0.871546
vt 0.377758 0.814652
vt 0.974510 0.940036
vt 0.983520 0.940036
vt 0.977160 0.932618
vt 0.983520 0.940036
vt 0.983096 0.932936
vt 0.977160 0.932618
vt 0.094992 0.979636
vt 0.101739 0.986705
vt 0.102220 0.977869
vt 0.094992 0.979636
vt 0.095796 0.986705
vt 0.101739 0.986705
vt 0.779772 0.666674
vt 0.785903 0.665908
vt 0.779388 0.643676
vt 0.785903 0.665908
vt 0.785328 0.643868
vt 0.779388 0.643676
vt 0.785328 0.643868
vt 0.785137 0.619911
vt 0.779388 0.643676
vt 0.785137 0.619911
vt 0.779197 0.619719
vt 0.779388 0.643676
vt 0.785137 0.619911
vt 0.779963 0.595954
vt 0.779197 0.619719
vt 0.785137 0.619911
vt 0.785903 0.596146
vt 0.779963 0.595954
vt 0.896735 0.846357
vt 0.896735 0.815049
vt 0.890796 0.846225
vt 0.896735 0.815049
vt 0.890796 0.814917
vt 0.890796 0.846225
vt 0.731629 0.383645
vt 0.731993 0.388942
vt 0.735524 0.383915
vt 0.731993 0.388942
vt 0.735524 0.396310
vt 0.735524 0.383915
vt 0.952698 0.154494
vt 0.955510 0.147354
vt 0.948497 0.143698
vt 0.955510 0.147354
vt 0.955510 0.140232
vt 0.948497 0.143698
vt 0.955510 0.140232
vt 0.949476 0.137194
vt 0.948497 0.143698
vt 0.995031 0.184362
vt 0.989695 0.180555
vt 0.988056 0.184362
vt 0.503976 0.989303
vt 0.501903 0.991377
vt 0.503976 0.993449
vt 0.410186 0.978657
vt 0.414233 0.986236
vt 0.414233 0.977869
vt 0.410186 0.978657
vt 0.408831 0.982398
vt 0.414233 0.986236
vt 0.761730 0.985619
vt 0.768136 0.985619
vt 0.762598 0.977869
vt 0.985210 0.396327
vt 0.980386 0.395885
vt 0.974510 0.396327
vt 0.974510 0.844450
vt 0.983880 0.843885
vt 0.980051 0.842358
vt 0.974510 0.844450
vt 0.977877 0.848070
vt 0.983880 0.843885
vt 0.977877 0.848070
vt 0.982955 0.848070
vt 0.983880 0.843885
vt 0.291443 0.983153
vt 0.297948 0.986428
vt 0.297948 0.977868
vt 0.975434 0.062163
vt 0.981192 0.054152
vt 0.974510 0.054152
vt 0.975434 0.062163
vt 0.980852 0.063943
vt 0.981192 0.054152
vt 0.980852 0.063943
vt 0.983986 0.061450
vt 0.981192 0.054152
vt 0.983986 0.061450
vt 0.985345 0.057711
vt 0.981192 0.054152
vt 0.413999 0.502965
vt 0.407161 0.502796
vt 0.413947 0.504902
vt 0.407161 0.502796
vt 0.413048 0.542603
vt 0.413947 0.504902
vt 0.407161 0.502796
vt 0.406081 0.547277
vt 0.413048 0.542603
vt 0.406081 0.547277
vt 0.412919 0.547445
vt 0.413048 0.542603
vt 0.413048 0.542603
vt 0.436532 0.541115
vt 0.413947 0.504902
vt 0.436532 0.541115
vt 0.437443 0.503542
vt 0.413947 0.504902
vt 0.436532 0.541115
vt 0.443330 0.502718
vt 0.437443 0.503542
vt 0.436532 0.541115
vt 0.443330 0.543349
vt 0.443330 0.502718
vt 0.443330 0.502718
vt 0.437469 0.502574
vt 0.437443 0.503542
vt 0.436532 0.541115
vt 0.436492 0.543180
vt 0.443330 0.543349
vt 0.345037 0.061549
vt 0.343378 0.068125
vt 0.347611 0.063456
vt 0.345037 0.061549
vt 0.342447 0.063766
vt 0.343378 0.068125
vt 0.343378 0.068125
vt 0.347611 0.071445
vt 0.347611 0.063456
vt 0.343378 0.068125
vt 0.347594 0.075568
vt 0.347611 0.071445
vt 0.323465 0.977869
vt 0.321342 0.980968
vt 0.323465 0.986595
vt 0.988056 0.976527
vt 0.991194 0.978545
vt 0.993503 0.976527
vt 0.550379 0.977869
vt 0.553443 0.985879
vt 0.554854 0.980240
vt 0.553443 0.985879
vt 0.556029 0.983658
vt 0.554854 0.980240
vt 0.550379 0.977869
vt 0.550379 0.985986
vt 0.553443 0.985879
vt 0.988056 0.017021
vt 0.992419 0.019720
vt 0.995395 0.017021
vt 0.994060 0.647532
vt 0.988056 0.647532
vt 0.990599 0.652240
vt 0.460938 0.906811
vt 0.466785 0.906800
vt 0.460888 0.903777
vt 0.466785 0.906800
vt 0.461035 0.876521
vt 0.460888 0.903777
vt 0.466785 0.906800
vt 0.466840 0.872507
vt 0.461035 0.876521
vt 0.466840 0.872507
vt 0.460993 0.872518
vt 0.461035 0.876521
vt 0.461035 0.876521
vt 0.437852 0.878886
vt 0.460888 0.903777
vt 0.437852 0.878886
vt 0.437794 0.904332
vt 0.460888 0.903777
vt 0.437852 0.878886
vt 0.432987 0.877926
vt 0.437794 0.904332
vt 0.432987 0.877926
vt 0.432987 0.905438
vt 0.437794 0.904332
vt 0.432987 0.905438
vt 0.437786 0.905301
vt 0.437794 0.904332
vt 0.437852 0.878886
vt 0.437860 0.877917
vt 0.432987 0.877926
vt 0.779500 0.884951
vt 0.814451 0.845831
vt 0.777836 0.845831
vt 0.779500 0.884951
vt 0.785185 0.884980
vt 0.814451 0.845831
vt 0.785185 0.884980
vt 0.807980 0.884976
vt 0.814451 0.845831
vt 0.807980 0.884976
vt 0.813208 0.884944
vt 0.814451 0.845831
vt 0.701140 0.977869
vt 0.701140 0.985747
vt 0.706836 0.979566
vt 0.701140 0.985747
vt 0.707078 0.985506
vt 0.706836 0.979566
vt 0.925857 0.979345
vt 0.931359 0.984983
vt 0.931359 0.977869
vt 0.925857 0.979345
vt 0.925186 0.985251
vt 0.931359 0.984983
vt 0.601182 0.882010
vt 0.600980 0.876150
vt 0.597181 0.882155
vt 0.600980 0.876150
vt 0.573196 0.876150
vt 0.597181 0.882155
vt 0.573196 0.876150
vt 0.575369 0.882923
vt 0.597181 0.882155
vt 0.573196 0.876150
vt 0.573432 0.882986
vt 0.575369 0.882923
vt 0.575369 0.882923
vt 0.594856 0.902776
vt 0.597181 0.882155
vt 0.575369 0.882923
vt 0.574012 0.903513
vt 0.594856 0.902776
vt 0.574012 0.903513
vt 0.595993 0.907627
vt 0.594856 0.902776
vt 0.595993 0.907627
vt 0.595825 0.902745
vt 0.594856 0.902776
vt 0.574012 0.903513
vt 0.571275 0.908490
vt 0.595993 0.907627
vt 0.574012 0.903513
vt 0.571107 0.903608
vt 0.571275 0.908490
vt 0.639825 0.895781
vt 0.639825 0.910439
vt 0.651158 0.887179
vt 0.639825 0.910439
vt 0.658974 0.888155
vt 0.651158 0.887179
vt 0.639825 0.910439
vt 0.653308 0.916887
vt 0.658974 0.888155
vt 0.653308 0.916887
vt 0.668353 0.900076
vt 0.658974 0.888155
vt 0.653308 0.916887
vt 0.667572 0.914148
vt 0.668353 0.900076
vt 0.992715 0.314372
vt 0.995035 0.312683
vt 0.988056 0.312683
vt 0.994990 0.343317
vt 0.990337 0.341554
vt 0.988056 0.343317
vt 0.991852 0.792324
vt 0.993903 0.789546
vt 0.988056 0.789546
vt 0.991099 0.832125
vt 0.993723 0.827113
vt 0.988056 0.827113
vt 0.993554 0.936337
vt 0.991773 0.933404
vt 0.988056 0.936337
vt 0.111719 0.994403
vt 0.113685 0.992473
vt 0.111719 0.989303
vt 0.994020 0.686845
vt 0.989813 0.687303
vt 0.991038 0.688995
vt 0.988649 0.590941
vt 0.994245 0.588205
vt 0.988056 0.588205
vt 0.988649 0.590941
vt 0.991406 0.591087
vt 0.994245 0.588205
vt 0.919858 0.475004
vt 0.923121 0.476709
vt 0.922972 0.469608
vt 0.923121 0.476709
vt 0.923604 0.473561
vt 0.922972 0.469608
vt 0.919858 0.475004
vt 0.923604 0.479705
vt 0.923121 0.476709
vt 0.919858 0.475004
vt 0.919375 0.478153
vt 0.923604 0.479705
vt 0.919375 0.478153
vt 0.920972 0.481953
vt 0.923604 0.479705
vt 0.994537 0.460731
vt 0.992107 0.456733
vt 0.988056 0.460731
vt 0.866839 0.983636
vt 0.872197 0.983160
vt 0.866973 0.977868
vt 0.866839 0.983636
vt 0.870107 0.985435
vt 0.872197 0.983160
vt 0.872197 0.983160
vt 0.871478 0.977868
vt 0.866973 0.977868
vt 0.115892 0.994408
vt 0.117749 0.992898
vt 0.115892 0.989303
vt 0.958869 0.520567
vt 0.957892 0.529289
vt 0.958869 0.524443
vt 0.958869 0.520567
vt 0.953953 0.526134
vt 0.957892 0.529289
vt 0.958869 0.520567
vt 0.955922 0.518508
vt 0.953953 0.526134
vt 0.955922 0.518508
vt 0.952976 0.521292
vt 0.953953 0.526134
vt 0.953953 0.526134
vt 0.957892 0.533164
vt 0.957892 0.529289
vt 0.953953 0.526134
vt 0.952976 0.530012
vt 0.957892 0.533164
vt 0.952976 0.530012
vt 0.954945 0.534011
vt 0.957892 0.533164
vt 0.995221 0.051071
vt 0.993660 0.045447
vt 0.988056 0.051071
vt 0.976406 0.930411
vt 0.980008 0.922916
vt 0.974510 0.922916
vt 0.976406 0.930411
vt 0.980530 0.930411
vt 0.980008 0.922916
vt 0.980530 0.930411
vt 0.982711 0.928426
vt 0.980008 0.922916
vt 0.982711 0.928426
vt 0.983528 0.925062
vt 0.980008 0.922916
vt 0.758736 0.892988
vt 0.734094 0.891589
vt 0.759034 0.905044
vt 0.758736 0.892988
vt 0.741718 0.882418
vt 0.734094 0.891589
vt 0.758736 0.892988
vt 0.752858 0.882418
vt 0.741718 0.882418
vt 0.734094 0.891589
vt 0.732469 0.904187
vt 0.759034 0.905044
vt 0.732469 0.904187
vt 0.750210 0.913528
vt 0.759034 0.905044
vt 0.732469 0.904187
vt 0.740013 0.913271
vt 0.750210 0.913528
vt 0.062055 0.848021
vt 0.055166 0.886844
vt 0.062133 0.891527
vt 0.062055 0.848021
vt 0.055270 0.850133
vt 0.055166 0.886844
vt 0.062055 0.848021
vt 0.055218 0.848192
vt 0.055270 0.850133
vt 0.055166 0.886844
vt 0.055296 0.891698
vt 0.062133 0.891527
vt 0.055270 0.850133
vt 0.031618 0.883546
vt 0.055166 0.886844
vt 0.055270 0.850133
vt 0.031683 0.845975
vt 0.031618 0.883546
vt 0.031683 0.845975
vt 0.025809 0.845041
vt 0.031618 0.883546
vt 0.025809 0.845041
vt 0.025809 0.885634
vt 0.031618 0.883546
vt 0.025809 0.885634
vt 0.031670 0.885488
vt 0.031618 0.883546
vt 0.225121 0.863327
vt 0.205143 0.879017
vt 0.238458 0.873977
vt 0.225121 0.863327
vt 0.214583 0.864148
vt 0.205143 0.879017
vt 0.205143 0.879017
vt 0.238458 0.891372
vt 0.238458 0.873977
vt 0.205143 0.879017
vt 0.224188 0.900094
vt 0.238458 0.891372
vt 0.205143 0.879017
vt 0.208656 0.896139
vt 0.224188 0.900094
vt 0.862514 0.906811
vt 0.891883 0.900839
vt 0.863267 0.900914
vt 0.862514 0.906811
vt 0.896093 0.906558
vt 0.891883 0.900839
vt 0.896093 0.906558
vt 0.896735 0.900650
vt 0.891883 0.900839
vt 0.891883 0.900839
vt 0.866057 0.877306
vt 0.863267 0.900914
vt 0.891883 0.900839
vt 0.890646 0.876393
vt 0.866057 0.877306
vt 0.890646 0.876393
vt 0.864868 0.871485
vt 0.866057 0.877306
vt 0.890646 0.876393
vt 0.891544 0.871485
vt 0.864868 0.871485
vt 0.413218 0.993661
vt 0.414495 0.993148
vt 0.413218 0.989303
vt 0.864868 0.871485
vt 0.864116 0.877381
vt 0.866057 0.877306
vt 0.722200 0.947434
vt 0.738883 0.952997
vt 0.726834 0.942799
vt 0.738883 0.952997
vt 0.738883 0.946817
vt 0.726834 0.942799
vt 0.738883 0.946817
vt 0.733322 0.941872
vt 0.726834 0.942799
vt 0.722200 0.947434
vt 0.722818 0.954851
vt 0.738883 0.952997
vt 0.722818 0.954851
vt 0.727761 0.958559
vt 0.738883 0.952997
vt 0.727761 0.958559
vt 0.734867 0.958869
vt 0.738883 0.952997
vt 0.984777 0.486808
vt 0.984777 0.484664
vt 0.974510 0.486317
vt 0.985444 0.151707
vt 0.984960 0.148656
vt 0.974510 0.151831
vt 0.984960 0.148656
vt 0.974510 0.145912
vt 0.974510 0.151831
vt 0.975208 0.391669
vt 0.974510 0.393678
vt 0.985138 0.393678
vt 0.038591 0.994513
vt 0.041051 0.990589
vt 0.038591 0.989303
vt 0.038591 0.994513
vt 0.041722 0.993308
vt 0.041051 0.990589
vt 0.824526 0.780826
vt 0.757041 0.806763
vt 0.823965 0.809308
vt 0.757041 0.806763
vt 0.803762 0.827542
vt 0.823965 0.809308
vt 0.757041 0.806763
vt 0.775631 0.827885
vt 0.803762 0.827542
vt 0.824526 0.780826
vt 0.805375 0.760967
vt 0.757041 0.806763
vt 0.805375 0.760967
vt 0.777806 0.760047
vt 0.757041 0.806763
vt 0.777806 0.760047
vt 0.757041 0.779544
vt 0.757041 0.806763
vt 0.084967 0.917936
vt 0.103747 0.897731
vt 0.084967 0.906497
vt 0.103747 0.897731
vt 0.092312 0.897731
vt 0.084967 0.906497
vt 0.084967 0.917936
vt 0.093732 0.925283
vt 0.103747 0.897731
vt 0.093732 0.925283
vt 0.112512 0.905078
vt 0.103747 0.897731
vt 0.093732 0.925283
vt 0.112512 0.916516
vt 0.112512 0.905078
vt 0.093732 0.925283
vt 0.105167 0.925283
vt 0.112512 0.916516
vt 0.425679 0.977869
vt 0.425679 0.986151
vt 0.432573 0.983061
vt 0.994677 0.393888
vt 0.994677 0.388499
vt 0.988056 0.390447
vt 0.558236 0.977869
vt 0.558236 0.985973
vt 0.563979 0.978612
vt 0.558236 0.985973
vt 0.563074 0.985715
vt 0.563979 0.978612
vt 0.223380 0.994189
vt 0.225334 0.992235
vt 0.223380 0.989303
vt 0.638129 0.991256
vt 0.635197 0.989303
vt 0.635197 0.993208
vt 0.962010 0.130343
vt 0.958911 0.135414
vt 0.965586 0.131860
vt 0.958911 0.135414
vt 0.965586 0.139290
vt 0.965586 0.131860
vt 0.958911 0.135414
vt 0.962582 0.144418
vt 0.965586 0.139290
vt 0.527319 0.947604
vt 0.525329 0.954609
vt 0.530652 0.956725
vt 0.525329 0.954609
vt 0.525329 0.962227
vt 0.530652 0.956725
vt 0.533423 0.945294
vt 0.544172 0.938889
vt 0.538912 0.939003
vt 0.533423 0.945294
vt 0.550461 0.944379
vt 0.544172 0.938889
vt 0.533423 0.945294
vt 0.550804 0.951814
vt 0.550461 0.944379
vt 0.533423 0.945294
vt 0.545658 0.957189
vt 0.550804 0.951814
vt 0.533423 0.945294
vt 0.537311 0.957189
vt 0.545658 0.957189
vt 0.533423 0.945294
vt 0.533423 0.953644
vt 0.537311 0.957189
vt 0.872564 0.084844
vt 0.874010 0.088631
vt 0.872605 0.077442
vt 0.985812 0.037210
vt 0.982223 0.034913
vt 0.974510 0.037210
vt 0.297548 0.989303
vt 0.297548 0.994097
vt 0.298145 0.993331
vt 0.636447 0.910170
vt 0.636447 0.891421
vt 0.635850 0.902221
vt 0.950823 0.174645
vt 0.952152 0.166959
vt 0.950823 0.157371
vt 0.985651 0.141831
vt 0.974510 0.141831
vt 0.975021 0.143705
vt 0.878850 0.062028
vt 0.886660 0.061649
vt 0.866643 0.060276
vt 0.616296 0.853760
vt 0.614478 0.861905
vt 0.616296 0.873844
vt 0.614478 0.861905
vt 0.615377 0.881622
vt 0.616296 0.873844
vt 0.938717 0.140533
vt 0.938560 0.151508
vt 0.938717 0.159532
vt 0.791638 0.985570
vt 0.796347 0.977869
vt 0.790214 0.977869
vt 0.878850 0.062028
vt 0.885780 0.061223
vt 0.885222 0.055712
vt 0.883590 0.617033
vt 0.883590 0.631409
vt 0.886660 0.624771
vt 0.867098 0.061574
vt 0.859288 0.061952
vt 0.853267 0.065352
vt 0.014305 0.769784
vt 0.014305 0.782544
vt 0.016793 0.776263
vt 0.859288 0.061952
vt 0.854147 0.065778
vt 0.851219 0.071753
vt 0.958993 0.827178
vt 0.958993 0.841319
vt 0.962227 0.833033
vt 0.854147 0.065778
vt 0.852523 0.071308
vt 0.854870 0.079840
vt 0.927567 0.164298
vt 0.927567 0.184721
vt 0.930321 0.172736
vt 0.852523 0.071308
vt 0.855295 0.078969
vt 0.863767 0.088317
vt 0.608912 0.476698
vt 0.608912 0.515539
vt 0.611258 0.489105
vt 0.855295 0.078969
vt 0.865071 0.087872
vt 0.886235 0.102436
vt 0.916887 0.446184
vt 0.915927 0.471733
vt 0.916887 0.471878
vt 0.798085 0.489224
vt 0.791245 0.496010
vt 0.801016 0.496027
vt 0.791245 0.496010
vt 0.794177 0.503784
vt 0.801016 0.496027
vt 0.798085 0.489224
vt 0.786360 0.489203
vt 0.791245 0.496010
vt 0.798085 0.489224
vt 0.786360 0.481434
vt 0.786360 0.489203
vt 0.798085 0.489224
vt 0.801016 0.481460
vt 0.786360 0.481434
f 1/1 2/2 3/3
f 4/4 5/5 6/6
f 7/7 8/8 9/9
f 10/10 11/11 12/12
f 13/13 14/14 15/15
f 16/16 17/17 18/18
f 19/19 20/20 21/21
f 22/22 23/23 24/24
f 25/25 26/26 27/27
f 28/28 29/29 30/30
f 31/31 32/32 33/33
f 34/34 35/35 36/36
f 37/37 38/38 39/39
f 40/40 41/41 42/42
f 43/43 44/44 45/45
f 46/46 47/47 48/48
f 49/49 50/50 51/51
f 52/52 53/53 54/54
f 55/55 56/56 57/57
f 58/58 59/59 60/60
f 61/61 62/62 63/63
f 64/64 65/65 66/66
f 67/67 68/68 69/69
f 70/70 71/71 72/72
f 73/73 74/74 75/75
f 76/76 77/77 78/78
f 79/79 80/80 81/81
f 82/82 83/83 84/84
f 85/85 86/86 87/87
f 88/88 89/89 90/90
f 91/91 92/92 93/93
f 94/94 95/95 96/96
f 97/97 98/98 99/99
f 100/100 101/101 102/102
f 103/103 104/104 105/105
f 106/106 107/107 108/108
f 109/109 110/110 111/111
f 112/112 113/113 114/114
f 115/115 116/116 117/117
f 118/118 119/119 120/120
f 121/121 122/122 123/123
f 124/124 125/125 126/126
f 127/127 128/128 129/129
f 130/130 131/131 132/132
f 133/133 134/134 135/135
f 136/136 137/137 138/138
f 139/139 140/140 141/141
f 142/142 143/143 144/144
f 145/145 146/146 147/147
f 148/148 149/149 150/150
f 151/151 152/152 153/153
f 154/154 155/155 156/156
f 157/157 158/158 159/159
f 160/160 161/161 162/162
f 163/163 164/164 165/165
f 166/166 167/167 168/168
f 169/169 170/170 171/171
f 172/172 173/173 174/174
f 175/175 176/176 177/177
f 178/178 179/179 180/180
f 181/181 182/182 183/183
f 184/184 185/185 186/186
f 187/187 188/188 189/189
f 190/190 191/191 192/192
f 193/193 194/194 195/195
f 196/196 197/197 198/198
f 199/199 200/200 201/201
f 202/202 203/203 204/204
f 205/205 206/206 207/207
f 208/208 209/209 210/210
f 211/211 212/212 213/213
f 214/214 215/215 216/216
f 217/217 218/218 219/219
f 220/220 221/221 222/222
f 223/223 224/224 225/225
f 226/226 227/227 228/228
f 229/229 230/230 231/231
f 232/232 233/233 234/234
f 235/235 236/236 237/237
f 238/238 239/239 240/240
f 241/241 242/242 243/243
f 244/244 245/245 246/246
f 247/247 248/248 249/249
f 250/250 251/251 252/252
f 253/253 254/254 255/255
f 256/256 257/257 258/258
f 259/259 260/260 261/261
f 262/262 263/263 264/264
f 265/265 266/266 267/267
f 268/268 269/269 270/270
f 271/271 272/272 273/273
f 274/274 275/275 276/276
f 277/277 278/278 279/279
f 280/280 281/281 282/282
f 283/283 284/284 285/285
f 286/286 287/287 288/288
f 289/289 290/290 291/291
f 292/292 293/293 294/294
f 295/295 296/296 297/297
f 298/298 299/299 300/300
f 301/301 302/302 303/303
f 304/304 305/305 306/306
f 307/307 308/308 309/309
f 310/310 311/311 312/312
f 313/313 314/314 315/315
f 316/316 317/317 318/318
f 319/319 320/320 321/321
f 322/322 323/323 324/324
f 325/325 326/326 327/327
f 328/328 329/329 330/330
f 331/331 332/332 333/333
f 334/334 335/335 336/336
f 337/337 338/338 339/339
f 340/340 341/341 342/342
f 343/343 344/344 345/345
f 346/346 347/347 348/348
f 349/349 350/350 351/351
f 352/352 353/353 354/354
f 355/355 356/356 357/357
f 358/358 359/359 360/360
f 361/361 362/362 363/363
f 364/364 365/365 366/366
f 367/367 368/368 369/369
f 370/370 371/371 372/372
f 373/373 374/374 375/375
f 376/376 377/377 378/378
f 379/379 380/380 381/381
f 382/382 383/383 384/384
f 385/385 386/386 387/387
f 388/388 389/389 390/390
f 391/391 392/392 393/393
f 394/394 395/395 396/396
f 397/397 398/398 399/399
f 400/400 401/401 402/402
f 403/403 404/404 405/405
f 406/406 407/407 408/408
f 409/409 410/410 411/411
f 412/412 413/413 414/414
f 415/415 416/416 417/417
f 418/418 419/419 420/420
f 421/421 422/422 423/423
f 424/424 425/425 426/426
f 427/427 428/428 429/429
f 430/430 431/431 432/432
f 433/433 434/434 435/435
f 436/436 437/437 438/438
f 439/439 440/440 441/441
f 442/442 443/443 444/444
f 445/445 446/446 447/447
f 448/448 449/449 450/450
f 451/451 452/452 453/453
f 454/454 455/455 456/456
f 457/457 458/458 459/459
f 460/460 461/461 462/462
f 463/463 464/464 465/465
f 466/466 467/467 468/468
f 469/469 470/470 471/471
f 472/472 473/473 474/474
f 475/475 476/476 477/477
f 478/478 479/479 480/480
f 481/481 482/482 483/483
f 484/484 485/485 486/486
f 487/487 488/488 489/489
f 490/490 491/491 492/492
f 493/493 494/494 495/495
f 496/496 497/497 498/498
f 499/499 500/500 501/501
f 502/502 503/503 504/504
f 505/505 506/506 507/507
f 508/508 509/509 510/510
f 511/511 512/512 513/513
f 514/514 515/515 516/516
f 517/517 518/518 519/519
f 520/520 521/521 522/522
f 523/523 524/524 525/525
f 526/526 527/527 528/528
f 529/529 530/530 531/531
f 532/532 533/533 534/534
f 535/535 536/536 537/537
f 538/538 539/539 540/540
f 541/541 542/542 543/543
f 544/544 545/545 546/546
f 547/547 548/548 549/549
f 550/550 551/551 552/552
f 553/553 554/554 555/555
f 556/556 557/557 558/558
f 559/559 560/560 561/561
f 562/562 563/563 564/564
f 565/565 566/566 567/567
f 568/568 569/569 570/570
f 571/571 572/572 573/573
f 574/574 575/575 576/576
f 577/577 578/578 579/579
f 580/580 581/581 582/582
f 583/583 584/584 585/585
f 586/586 587/587 588/588
f 589/589 590/590 591/591
f 592/592 593/593 594/594
f 595/595 596/596 597/597
f 598/598 599/599 600/600
f 601/601 602/602 603/603
f 604/604 605/605 606/606
f 607/607 608/608 609/609
f 610/610 611/611 612/612
f 613/613 614/614 615/615
f 616/616 617/617 618/618
f 619/619 620/620 621/621
f 622/622 623/623 624/624
f 625/625 626/626 627/627
f 628/628 629/629 630/630
f 631/631 632/632 633/633
f 634/634 635/635 636/636
f 637/637 638/638 639/639
f 640/640 641/641 642/642
f 643/643 644/644 645/645
f 646/646 647/647 648/648
f 649/649 650/650 651/651
f 652/652 653/653 654/654
f 655/655 656/656 657/657
f 658/658 659/659 660/660
f 661/661 662/662 663/663
f 664/664 665/665 666/666
f 667/667 668/668 669/669
f 670/670 671/671 672/672
f 673/673 674/674 675/675
f 676/676 677/677 678/678
f 679/679 680/680 681/681
f 682/682 683/683 684/684
f 685/685 686/686 687/687
f 688/688 689/689 690/690
f 691/691 692/692 693/693
f 694/694 695/695 696/696
f 697/697 698/698 699/699
f 700/700 701/701 702/702
f 703/703 704/704 705/705
f 706/706 707/707 708/708
f 709/709 710/710 711/711
f 712/712 713/713 714/714
f 715/715 716/716 717/717
f 718/718 719/719 720/720
f 721/721 722/722 723/723
f 724/724 725/725 726/726
f 727/727 728/728 729/729
f 730/730 731/731 732/732
f 733/733 734/734 735/735
f 736/736 737/737 738/738
f 739/739 740/740 741/741
f 742/742 743/743 744/744
f 745/745 746/746 747/747
f 748/748 749/749 750/750
f 751/751 752/752 753/753
f 754/754 755/755 756/756
f 757/757 758/758 759/759
f 760/760 761/761 762/762
f 763/763 764/764 765/765
f 766/766 767/767 768/768
f 769/769 770/770 771/771
f 772/772 773/773 774/774
f 775/775 776/776 777/777
f 778/778 779/779 780/780
f 781/781 782/782 783/783
f 784/784 785/785 786/786
f 787/787 788/788 789/789
f 790/790 791/791 792/792
f 793/793 794/794 795/795
f 796/796 797/797 798/798
f 799/799 800/800 801/801
f 802/802 803/803 804/804
f 805/805 806/806 807/807
f 808/808 809/809 810/810
f 811/811 812/812 813/813
f 814/814 815/815 816/816
f 817/817 818/818 819/819
f 820/820 821/821 822/822
f 823/823 824/824 825/825
f 826/826 827/827 828/828
f 829/829 830/830 831/831
f 832/832 833/833 834/834
f 835/835 836/836 837/837
f 838/838 839/839 840/840
f 841/841 842/842 843/843
f 844/844 845/845 846/846
f 847/847 848/848 849/849
f 850/850 851/851 852/852
f 853/853 854/854 855/855
f 856/856 857/857 858/858
f 859/859 860/860 861/861
f 862/862 863/863 864/864
f 865/865 866/866 867/867
f 868/868 869/869 870/870
f 871/871 872/872 873/873
f 874/874 875/875 876/876
f 877/877 878/878 879/879
f 880/880 881/881 882/882
f 883/883 884/884 885/885
f 886/886 887/887 888/888
f 889/889 890/890 891/891
f 892/892 893/893 894/894
f 895/895 896/896 897/897
f 898/898 899/899 900/900
f 901/901 902/902 903/903
f 904/904 905/905 906/906
f 907/907 908/908 909/909
f 910/910 911/911 912/912
f 913/913 914/914 915/915
f 916/916 917/917 918/918
f 919/919 920/920 921/921
f 922/922 923/923 924/924
f 925/925 926/926 927/927
f 928/928 929/929 930/930
f 931/931 932/932 933/933
f 934/934 935/935 936/936
f 937/937 938/938 939/939
f 940/940 941/941 942/942
f 943/943 944/944 945/945
f 946/946 947/947 948/948
f 949/949 950/950 951/951
f 952/952 953/953 954/954
f 955/955 956/956 957/957
f 958/958 959/959 960/960
f 961/961 962/962 963/963
f 964/964 965/965 966/966
f 967/967 968/968 969/969
f 970/970 971/971 972/972
f 973/973 974/974 975/975
f 976/976 977/977 978/978
f 979/979 980/980 981/981
f 982/982 983/983 984/984
f 985/985 986/986 987/987
f 988/988 989/989 990/990
f 991/991 992/992 993/993
f 994/994 995/995 996/996
f 997/997 998/998 999/999
f 1000/1000 1001/1001 1002/1002
f 1003/1003 1004/1004 1005/1005
f 1006/1006 1007/1007 1008/1008
f 1009/1009 1010/1010 1011/1011
f 1012/1012 1013/1013 1014/1014
f 1015/1015 1016/1016 1017/1017
f 1018/1018 1019/1019 1020/1020
f 1021/1021 1022/1022 1023/1023
f 1024/1024 1025/1025 1026/1026
f 1027/1027 1028/1028 1029/1029
f 1030/1030 1031/1031 1032/1032
f 1033/1033 1034/1034 1035/1035
f 1036/1036 1037/1037 1038/1038
f 1039/1039 1040/1040 1041/1041
f 1042/1042 1043/1043 1044/1044
f 1045/1045 1046/1046 1047/1047
f 1048/1048 1049/1049 1050/1050
f 1051/1051 1052/1052 1053/1053
f 1054/1054 1055/1055 1056/1056
f 1057/1057 1058/1058 1059/1059
f 1060/1060 1061/1061 1062/1062
f 1063/1063 1064/1064 1065/1065
f 1066/1066 1067/1067 1068/1068
f 1069/1069 1070/1070 1071/1071
f 1072/1072 1073/1073 1074/1074
f 1075/1075 1076/1076 1077/1077
f 1078/1078 1079/1079 1080/1080
f 1081/1081 1082/1082 1083/1083
f 1084/1084 1085/1085 1086/1086
f 1087/1087 1088/1088 1089/1089
f 1090/1090 1091/1091 1092/1092
f 1093/1093 1094/1094 1095/1095
f 1096/1096 1097/1097 1098/1098
f 1099/1099 1100/1100 1101/1101
f 1102/1102 1103/1103 1104/1104
f 1105/1105 1106/1106 1107/1107
f 1108/1108 1109/1109 1110/1110
f 1111/1111 1112/1112 1113/1113
f 1114/1114 1115/1115 1116/1116
f 1117/1117 1118/1118 1119/1119
f 1120/1120 1121/1121 1122/1122
f 1123/1123 1124/1124 1125/1125
f 1126/1126 1127/1127 1128/1128
f 1129/1129 1130/1130 1131/1131
f 1132/1132 1133/1133 1134/1134
f 1135/1135 1136/1136 1137/1137
f 1138/1138 1139/1139 1140/1140
f 1141/1141 1142/1142 1143/1143
f 1144/1144 1145/1145 1146/1146
f 1147/1147 1148/1148 1149/1149
f 1150/1150 1151/1151 1152/1152
f 1153/1153 1154/1154 1155/1155
f 1156/1156 1157/1157 1158/1158
f 1159/1159 1160/1160 1161/1161
f 1162/1162 1163/1163 1164/1164
f 1165/1165 1166/1166 1167/1167
f 1168/1168 1169/1169 1170/1170
f 1171/1171 1172/1172 1173/1173
f 1174/1174 1175/1175 1176/1176
f 1177/1177 1178/1178 1179/1179
f 1180/1180 1181/1181 1182/1182
f 1183/1183 1184/1184 1185/1185
f 1186/1186 1187/1187 1188/1188
f 1189/1189 1190/1190 1191/1191
f 1192/1192 1193/1193 1194/1194
f 1195/1195 1196/1196 1197/1197
f 1198/1198 1199/1199 1200/1200
f 1201/1201 1202/1202 1203/1203
f 1204/1204 1205/1205 1206/1206
f 1207/1207 1208/1208 1209/1209
f 1210/1210 1211/1211 1212/1212
f 1213/1213 1214/1214 1215/1215
f 1216/1216 1217/1217 1218/1218
f 1219/1219 1220/1220 1221/1221
f 1222/1222 1223/1223 1224/1224
f 1225/1225 1226/1226 1227/1227
f 1228/1228 1229/1229 1230/1230
f 1231/1231 1232/1232 1233/1233
f 1234/1234 1235/1235 1236/1236
f 1237/1237 1238/1238 1239/1239
f 1240/1240 1241/1241 1242/1242
f 1243/1243 1244/1244 1245/1245
f 1246/1246 1247/1247 1248/1248
f 1249/1249 1250/1250 1251/1251
f 1252/1252 1253/1253 1254/1254
f 1255/1255 1256/1256 1257/1257
f 1258/1258 1259/1259 1260/1260
f 1261/1261 1262/1262 1263/1263
f 1264/1264 1265/1265 1266/1266
f 1267/1267 1268/1268 1269/1269
f 1270/1270 1271/1271 1272/1272
f 1273/1273 1274/1274 1275/1275
f 1276/1276 1277/1277 1278/1278
f 1279/1279 1280/1280 1281/1281
f 1282/1282 1283/1283 1284/1284
f 1285/1285 1286/1286 1287/1287
f 1288/1288 1289/1289 1290/1290
f 1291/1291 1292/1292 1293/1293
f 1294/1294 1295/1295 1296/1296
f 1297/1297 1298/1298 1299/1299
f 1300/1300 1301/1301 1302/1302
f 1303/1303 1304/1304 1305/1305
f 1306/1306 1307/1307 1308/1308
f 1309/1309 1310/1310 1311/1311
f 1312/1312 1313/1313 1314/1314
f 1315/1315 1316/1316 1317/1317
f 1318/1318 1319/1319 1320/1320
f 1321/1321 1322/1322 1323/1323
f 1324/1324 1325/1325 1326/1326
f 1327/1327 1328/1328 1329/1329
f 1330/1330 1331/1331 1332/1332
f 1333/1333 1334/1334 1335/1335
f 1336/1336 1337/1337 1338/1338
f 1339/1339 1340/1340 1341/1341
f 1342/1342 1343/1343 1344/1344
f 1345/1345 1346/1346 1347/1347
f 1348/1348 1349/1349 1350/1350
f 1351/1351 1352/1352 1353/1353
f 1354/1354 1355/1355 1356/1356
f 1357/1357 1358/1358 1359/1359
f 1360/1360 1361/1361 1362/1362
f 1363/1363 1364/1364 1365/1365
f 1366/1366 1367/1367 1368/1368
f 1369/1369 1370/1370 1371/1371
f 1372/1372 1373/1373 1374/1374
f 1375/1375 1376/1376 1377/1377
f 1378/1378 1379/1379 1380/1380
f 1381/1381 1382/1382 1383/1383
f 1384/1384 1385/1385 1386/1386
f 1387/1387 1388/1388 1389/1389
f 1390/1390 1391/1391 1392/1392
f 1393/1393 1394/1394 1395/1395
f 1396/1396 1397/1397 1398/1398
f 1399/1399 1400/1400 1401/1401
f 1402/1402 1403/1403 1404/1404
f 1405/1405 1406/1406 1407/1407
f 1408/1408 1409/1409 1410/1410
f 1411/1411 1412/1412 1413/1413
f 1414/1414 1415/1415 1416/1416
f 1417/1417 1418/1418 1419/1419
f 1420/1420 1421/1421 1422/1422
f 1423/1423 1424/1424 1425/1425
f 1426/1426 1427/1427 1428/1428
f 1429/1429 1430/1430 1431/1431
f 1432/1432 1433/1433 1434/1434
f 1435/1435 1436/1436 1437/1437
f 1438/1438 1439/1439 1440/1440
f 1441/1441 1442/1442 1443/1443
f 1444/1444 1445/1445 1446/1446
f 1447/1447 1448/1448 1449/1449
f 1450/1450 1451/1451 1452/1452
f 1453/1453 1454/1454 1455/1455
f 1456/1456 1457/1457 1458/1458
f 1459/1459 1460/1460 1461/1461
f 1462/1462 1463/1463 1464/1464
f 1465/1465 1466/1466 1467/1467
f 1468/1468 1469/1469 1470/1470
f 1471/1471 1472/1472 1473/1473
f 1474/1474 1475/1475 1476/1476
f 1477/1477 1478/1478 1479/1479
f 1480/1480 1481/1481 1482/1482
f 1483/1483 1484/1484 1485/1485
f 1486/1486 1487/1487 1488/1488
f 1489/1489 1490/1490 1491/1491
f 1492/1492 1493/1493 1494/1494
f 1495/1495 1496/1496 1497/1497
f 1498/1498 1499/1499 1500/1500
f 1501/1501 1502/1502 1503/1503
f 1504/1504 1505/1505 1506/1506
f 1507/1507 1508/1508 1509/1509
f 1510/1510 1511/1511 1512/1512
f 1513/1513 1514/1514 1515/1515
f 1516/1516 1517/1517 1518/1518
f 1519/1519 1520/1520 1521/1521
f 1522/1522 1523/1523 1524/1524
f 1525/1525 1526/1526 1527/1527
f 1528/1528 1529/1529 1530/1530
f 1531/1531 1532/1532 1533/1533
f 1534/1534 1535/1535 1536/1536
f 1537/1537 1538/1538 1539/1539
f 1540/1540 1541/1541 1542/1542
f 1543/1543 1544/1544 1545/1545
f 1546/1546 1547/1547 1548/1548
f 1549/1549 1550/1550 1551/1551
f 1552/1552 1553/1553 1554/1554
f 1555/1555 1556/1556 1557/1557
f 1558/1558 1559/1559 1560/1560
f 1561/1561 1562/1562 1563/1563
f 1564/1564 1565/1565 1566/1566
f 1567/1567 1568/1568 1569/1569
f 1570/1570 1571/1571 1572/1572
f 1573/1573 1574/1574 1575/1575
f 1576/1576 1577/1577 1578/1578
f 1579/1579 1580/1580 1581/1581
f 1582/1582 1583/1583 1584/1584
f 1585/1585 1586/1586 1587/1587
f 1588/1588 1589/1589 1590/1590
f 1591/1591 1592/1592 1593/1593
f 1594/1594 1595/1595 1596/1596
f 1597/1597 1598/1598 1599/1599
f 1600/1600 1601/1601 1602/1602
f 1603/1603 1604/1604 1605/1605
f 1606/1606 1607/1607 1608/1608
f 1609/1609 1610/1610 1611/1611
f 1612/1612 1613/1613 1614/1614
f 1615/1615 1616/1616 1617/1617
f 1618/1618 1619/1619 1620/1620
f 1621/1621 1622/1622 1623/1623
f 1624/1624 1625/1625 1626/1626
f 1627/1627 1628/1628 1629/1629
f 1630/1630 1631/1631 1632/1632
f 1633/1633 1634/1634 1635/1635
f 1636/1636 1637/1637 1638/1638
f 1639/1639 1640/1640 1641/1641
f 1642/1642 1643/1643 1644/1644
f 1645/1645 1646/1646 1647/1647
f 1648/1648 1649/1649 1650/1650
f 1651/1651 1652/1652 1653/1653
f 1654/1654 1655/1655 1656/1656
f 1657/1657 1658/1658 1659/1659
f 1660/1660 1661/1661 1662/1662
f 1663/1663 1664/1664 1665/1665
f 1666/1666 1667/1667 1668/1668
f 1669/1669 1670/1670 1671/1671
f 1672/1672 1673/1673 1674/1674
f 1675/1675 1676/1676 1677/1677
f 1678/1678 1679/1679 1680/1680
f 1681/1681 1682/1682 1683/1683
f 1684/1684 1685/1685 1686/1686
f 1687/1687 1688/1688 1689/1689
f 1690/1690 1691/1691 1692/1692
f 1693/1693 1694/1694 1695/1695
f 1696/1696 1697/1697 1698/1698
f 1699/1699 1700/1700 1701/1701
f 1702/1702 1703/1703 1704/1704
f 1705/1705 1706/1706 1707/1707
f 1708/1708 1709/1709 1710/1710
f 1711/1711 1712/1712 1713/1713
f 1714/1714 1715/1715 1716/1716
f 1717/1717 1718/1718 1719/1719
f 1720/1720 1721/1721 1722/1722
f 1723/1723 1724/1724 1725/1725
f 1726/1726 1727/1727 1728/1728
f 1729/1729 1730/1730 1731/1731
f 1732/1732 1733/1733 1734/1734
f 1735/1735 1736/1736 1737/1737
f 1738/1738 1739/1739 1740/1740
f 1741/1741 1742/1742 1743/1743
f 1744/1744 1745/1745 1746/1746
f 1747/1747 1748/1748 1749/1749
f 1750/1750 1751/1751 1752/1752
f 1753/1753 1754/1754 1755/1755
f 1756/1756 1757/1757 1758/1758
f 1759/1759 1760/1760 1761/1761
f 1762/1762 1763/1763 1764/1764
f 1765/1765 1766/1766 1767/1767
f 1768/1768 1769/1769 1770/1770
f 1771/1771 1772/1772 1773/1773
f 1774/1774 1775/1775 1776/1776
f 1777/1777 1778/1778 1779/1779
f 1780/1780 1781/1781 1782/1782
f 1783/1783 1784/1784 1785/1785
f 1786/1786 1787/1787 1788/1788
f 1789/1789 1790/1790 1791/1791
f 1792/1792 1793/1793 1794/1794
f 1795/1795 1796/1796 1797/1797
f 1798/1798 1799/1799 1800/1800
f 1801/1801 1802/1802 1803/1803
f 1804/1804 1805/1805 1806/1806
f 1807/1807 1808/1808 1809/1809
f 1810/1810 1811/1811 1812/1812
f 1813/1813 1814/1814 1815/1815
f 1816/1816 1817/1817 1818/1818
f 1819/1819 1820/1820 1821/1821
f 1822/1822 1823/1823 1824/1824
f 1825/1825 1826/1826 1827/1827
f 1828/1828 1829/1829 1830/1830
f 1831/1831 1832/1832 1833/1833
f 1834/1834 1835/1835 1836/1836
f 1837/1837 1838/1838 1839/1839
f 1840/1840 1841/1841 1842/1842
f 1843/1843 1844/1844 1845/1845
f 1846/1846 1847/1847 1848/1848
f 1849/1849 1850/1850 1851/1851
f 1852/1852 1853/1853 1854/1854
f 1855/1855 1856/1856 1857/1857
f 1858/1858 1859/1859 1860/1860
f 1861/1861 1862/1862 1863/1863
f 1864/1864 1865/1865 1866/1866
f 1867/1867 1868/1868 1869/1869
f 1870/1870 1871/1871 1872/1872
f 1873/1873 1874/1874 1875/1875
f 1876/1876 1877/1877 1878/1878
f 1879/1879 1880/1880 1881/1881
f 1882/1882 1883/1883 1884/1884
f 1885/1885 1886/1886 1887/1887
f 1888/1888 1889/1889 1890/1890
f 1891/1891 1892/1892 1893/1893
f 1894/1894 1895/1895 1896/1896
f 1897/1897 1898/1898 1899/1899
f 1900/1900 1901/1901 1902/1902
f 1903/1903 1904/1904 1905/1905
f 1906/1906 1907/1907 1908/1908
f 1909/1909 1910/1910 1911/1911
f 1912/1912 1913/1913 1914/1914
f 1915/1915 1916/1916 1917/1917
f 1918/1918 1919/1919 1920/1920
f 1921/1921 1922/1922 1923/1923
f 1924/1924 1925/1925 1926/1926
f 1927/1927 1928/1928 1929/1929
f 1930/1930 1931/1931 1932/1932
f 1933/1933 1934/1934 1935/1935
f 1936/1936 1937/1937 1938/1938
f 1939/1939 1940/1940 1941/1941
f 1942/1942 1943/1943 1944/1944
f 1945/1945 1946/1946 1947/1947
f 1948/1948 1949/1949 1950/1950
f 1951/1951 1952/1952 1953/1953
f 1954/1954 1955/1955 1956/1956
f 1957/1957 1958/1958 1959/1959
f 1960/1960 1961/1961 1962/1962
f 1963/1963 1964/1964 1965/1965
f 1966/1966 1967/1967 1968/1968
f 1969/1969 1970/1970 1971/1971
f 1972/1972 1973/1973 1974/1974
f 1975/1975 1976/1976 1977/1977
f 1978/1978 1979/1979 1980/1980
f 1981/1981 1982/1982 1983/1983
f 1984/1984 1985/1985 1986/1986
f 1987/1987 1988/1988 1989/1989
f 1990/1990 1991/1991 1992/1992
f 1993/1993 1994/1994 1995/1995
f 1996/1996 1997/1997 1998/1998
f 1999/1999 2000/2000 2001/2001
f 2002/2002 2003/2003 2004/2004
f 2005/2005 2006/2006 2007/2007
f 2008/2008 2009/2009 2010/2010
f 2011/2011 2012/2012 2013/2013
f 2014/2014 2015/2015 2016/2016
f 2017/2017 2018/2018 2019/2019
f 2020/2020 2021/2021 2022/2022
f 2023/2023 2024/2024 2025/2025
f 2026/2026 2027/2027 2028/2028
f 2029/2029 2030/2030 2031/2031
f 2032/2032 2033/2033 2034/2034
f 2035/2035 2036/2036 2037/2037
f 2038/2038 2039/2039 2040/2040
f 2041/2041 2042/2042 2043/2043
f 2044/2044 2045/2045 2046/2046
f 2047/2047 2048/2048 2049/2049
f 2050/2050 2051/2051 2052/2052
f 2053/2053 2054/2054 2055/2055
f 2056/2056 2057/2057 2058/2058
f 2059/2059 2060/2060 2061/2061
f 2062/2062 2063/2063 2064/2064
f 2065/2065 2066/2066 2067/2067
f 2068/2068 2069/2069 2070/2070
f 2071/2071 2072/2072 2073/2073
f 2074/2074 2075/2075 2076/2076
f 2077/2077 2078/2078 2079/2079
f 2080/2080 2081/2081 2082/2082
f 2083/2083 2084/2084 2085/2085
f 2086/2086 2087/2087 2088/2088
f 2089/2089 2090/2090 2091/2091
f 2092/2092 2093/2093 2094/2094
f 2095/2095 2096/2096 2097/2097
f 2098/2098 2099/2099 2100/2100
f 2101/2101 2102/2102 2103/2103
f 2104/2104 2105/2105 2106/2106
f 2107/2107 2108/2108 2109/2109
f 2110/2110 2111/2111 2112/2112
f 2113/2113 2114/2114 2115/2115
f 2116/2116 2117/2117 2118/2118
f 2119/2119 2120/2120 2121/2121
f 2122/2122 2123/2123 2124/2124
f 2125/2125 2126/2126 2127/2127
f 2128/2128 2129/2129 2130/2130
f 2131/2131 2132/2132 2133/2133
f 2134/2134 2135/2135 2136/2136
f 2137/2137 2138/2138 2139/2139
f 2140/2140 2141/2141 2142/2142
f 2143/2143 2144/2144 2145/2145
f 2146/2146 2147/2147 2148/2148
f 2149/2149 2150/2150 2151/2151
f 2152/2152 2153/2153 2154/2154
f 2155/2155 2156/2156 2157/2157
f 2158/2158 2159/2159 2160/2160
f 2161/2161 2162/2162 2163/2163
f 2164/2164 2165/2165 2166/2166
f 2167/2167 2168/2168 2169/2169
f 2170/2170 2171/2171 2172/2172
f 2173/2173 2174/2174 2175/2175
f 2176/2176 2177/2177 2178/2178
f 2179/2179 2180/2180 2181/2181
f 2182/2182 2183/2183 2184/2184
f 2185/2185 2186/2186 2187/2187
f 2188/2188 2189/2189 2190/2190
f 2191/2191 2192/2192 2193/2193
f 2194/2194 2195/2195 2196/2196
f 2197/2197 2198/2198 2199/2199
f 2200/2200 2201/2201 2202/2202
f 2203/2203 2204/2204 2205/2205
f 2206/2206 2207/2207 2208/2208
f 2209/2209 2210/2210 2211/2211
f 2212/2212 2213/2213 2214/2214
f 2215/2215 2216/2216 2217/2217
f 2218/2218 2219/2219 2220/2220
f 2221/2221 2222/2222 2223/2223
f 2224/2224 2225/2225 2226/2226
f 2227/2227 2228/2228 2229/2229
f 2230/2230 2231/2231 2232/2232
f 2233/2233 2234/2234 2235/2235
f 2236/2236 2237/2237 2238/2238
f 2239/2239 2240/2240 2241/2241
f 2242/2242 2243/2243 2244/2244
f 2245/2245 2246/2246 2247/2247
f 2248/2248 2249/2249 2250/2250
f 2251/2251 2252/2252 2253/2253
f 2254/2254 2255/2255 2256/2256
f 2257/2257 2258/2258 2259/2259
f 2260/2260 2261/2261 2262/2262
f 2263/2263 2264/2264 2265/2265
f 2266/2266 2267/2267 2268/2268
f 2269/2269 2270/2270 2271/2271
f 2272/2272 2273/2273 2274/2274
f 2275/2275 2276/2276 2277/2277
f 2278/2278 2279/2279 2280/2280
f 2281/2281 2282/2282 2283/2283
f 2284/2284 2285/2285 2286/2286
f 2287/2287 2288/2288 2289/2289
f 2290/2290 2291/2291 2292/2292
f 2293/2293 2294/2294 2295/2295
f 2296/2296 2297/2297 2298/2298
f 2299/2299 2300/2300 2301/2301
f 2302/2302 2303/2303 2304/2304
f 2305/2305 2306/2306 2307/2307
f 2308/2308 2309/2309 2310/2310
f 2311/2311 2312/2312 2313/2313
f 2314/2314 2315/2315 2316/2316
f 2317/2317 2318/2318 2319/2319
f 2320/2320 2321/2321 2322/2322
f 2323/2323 2324/2324 2325/2325
f 2326/2326 2327/2327 2328/2328
f 2329/2329 2330/2330 2331/2331
f 2332/2332 2333/2333 2334/2334
f 2335/2335 2336/2336 2337/2337
f 2338/2338 2339/2339 2340/2340
f 2341/2341 2342/2342 2343/2343
f 2344/2344 2345/2345 2346/2346
f 2347/2347 2348/2348 2349/2349
f 2350/2350 2351/2351 2352/2352
f 2353/2353 2354/2354 2355/2355
f 2356/2356 2357/2357 2358/2358
f 2359/2359 2360/2360 2361/2361
f 2362/2362 2363/2363 2364/2364
f 2365/2365 2366/2366 2367/2367
f 2368/2368 2369/2369 2370/2370
f 2371/2371 2372/2372 2373/2373
f 2374/2374 2375/2375 2376/2376
f 2377/2377 2378/2378 2379/2379
f 2380/2380 2381/2381 2382/2382
f 2383/2383 2384/2384 2385/2385
f 2386/2386 2387/2387 2388/2388
f 2389/2389 2390/2390 2391/2391
f 2392/2392 2393/2393 2394/2394
f 2395/2395 2396/2396 2397/2397
f 2398/2398 2399/2399 2400/2400
f 2401/2401 2402/2402 2403/2403
f 2404/2404 2405/2405 2406/2406
f 2407/2407 2408/2408 2409/2409
f 2410/2410 2411/2411 2412/2412
f 2413/2413 2414/2414 2415/2415
f 2416/2416 2417/2417 2418/2418
f 2419/2419 2420/2420 2421/2421
f 2422/2422 2423/2423 2424/2424
f 2425/2425 2426/2426 2427/2427
f 2428/2428 2429/2429 2430/2430
f 2431/2431 2432/2432 2433/2433
f 2434/2434 2435/2435 2436/2436
f 2437/2437 2438/2438 2439/2439
f 2440/2440 2441/2441 2442/2442
f 2443/2443 2444/2444 2445/2445
f 2446/2446 2447/2447 2448/2448
f 2449/2449 2450/2450 2451/2451
f 2452/2452 2453/2453 2454/2454
f 2455/2455 2456/2456 2457/2457
f 2458/2458 2459/2459 2460/2460
f 2461/2461 2462/2462 2463/2463
f 2464/2464 2465/2465 2466/2466
f 2467/2467 2468/2468 2469/2469
f 2470/2470 2471/2471 2472/2472
f 2473/2473 2474/2474 2475/2475
f 2476/2476 2477/2477 2478/2478
f 2479/2479 2480/2480 2481/2481
f 2482/2482 2483/2483 2484/2484
f 2485/2485 2486/2486 2487/2487
f 2488/2488 2489/2489 2490/2490
f 2491/2491 2492/2492 2493/2493
f 2494/2494 2495/2495 2496/2496
f 2497/2497 2498/2498 2499/2499
f 2500/2500 2501/2501 2502/2502
f 2503/2503 2504/2504 2505/2505
f 2506/2506 2507/2507 2508/2508
f 2509/2509 2510/2510 2511/2511
f 2512/2512 2513/2513 2514/2514
f 2515/2515 2516/2516 2517/2517
f 2518/2518 2519/2519 2520/2520
f 2521/2521 2522/2522 2523/2523
f 2524/2524 2525/2525 2526/2526
f 2527/2527 2528/2528 2529/2529
f 2530/2530 2531/2531 2532/2532
f 2533/2533 2534/2534 2535/2535
f 2536/2536 2537/2537 2538/2538
f 2539/2539 2540/2540 2541/2541
f 2542/2542 2543/2543 2544/2544
f 2545/2545 2546/2546 2547/2547
f 2548/2548 2549/2549 2550/2550
f 2551/2551 2552/2552 2553/2553
f 2554/2554 2555/2555 2556/2556
f 2557/2557 2558/2558 2559/2559
f 2560/2560 2561/2561 2562/2562
f 2563/2563 2564/2564 2565/2565
f 2566/2566 2567/2567 2568/2568
f 2569/2569 2570/2570 2571/2571
f 2572/2572 2573/2573 2574/2574
f 2575/2575 2576/2576 2577/2577
f 2578/2578 2579/2579 2580/2580
f 2581/2581 2582/2582 2583/2583
f 2584/2584 2585/2585 2586/2586
f 2587/2587 2588/2588 2589/2589
f 2590/2590 2591/2591 2592/2592
f 2593/2593 2594/2594 2595/2595
f 2596/2596 2597/2597 2598/2598
f 2599/2599 2600/2600 2601/2601
f 2602/2602 2603/2603 2604/2604
f 2605/2605 2606/2606 2607/2607
f 2608/2608 2609/2609 2610/2610
f 2611/2611 2612/2612 2613/2613
f 2614/2614 2615/2615 2616/2616
f 2617/2617 2618/2618 2619/2619
f 2620/2620 2621/2621 2622/2622
f 2623/2623 2624/2624 2625/2625
f 2626/2626 2627/2627 2628/2628
f 2629/2629 2630/2630 2631/2631
f 2632/2632 2633/2633 2634/2634
f 2635/2635 2636/2636 2637/2637
f 2638/2638 2639/2639 2640/2640
f 2641/2641 2642/2642 2643/2643
f 2644/2644 2645/2645 2646/2646
f 2647/2647 2648/2648 2649/2649
f 2650/2650 2651/2651 2652/2652
f 2653/2653 2654/2654 2655/2655
f 2656/2656 2657/2657 2658/2658
f 2659/2659 2660/2660 2661/2661
f 2662/2662 2663/2663 2664/2664
f 2665/2665 2666/2666 2667/2667
f 2668/2668 2669/2669 2670/2670
f 2671/2671 2672/2672 2673/2673
f 2674/2674 2675/2675 2676/2676
f 2677/2677 2678/2678 2679/2679
f 2680/2680 2681/2681 2682/2682
f 2683/2683 2684/2684 2685/2685
f 2686/2686 2687/2687 2688/2688
f 2689/2689 2690/2690 2691/2691
f 2692/2692 2693/2693 2694/2694
f 2695/2695 2696/2696 2697/2697
f 2698/2698 2699/2699 2700/2700
f 2701/2701 2702/2702 2703/2703
f 2704/2704 2705/2705 2706/2706
f 2707/2707 2708/2708 2709/2709
f 2710/2710 2711/2711 2712/2712
f 2713/2713 2714/2714 2715/2715
f 2716/2716 2717/2717 2718/2718
f 2719/2719 2720/2720 2721/2721
f 2722/2722 2723/2723 2724/2724
f 2725/2725 2726/2726 2727/2727
f 2728/2728 2729/2729 2730/2730
f 2731/2731 2732/2732 2733/2733
f 2734/2734 2735/2735 2736/2736
f 2737/2737 2738/2738 2739/2739
f 2740/2740 2741/2741 2742/2742
f 2743/2743 2744/2744 2745/2745
f 2746/2746 2747/2747 2748/2748
f 2749/2749 2750/2750 2751/2751
f 2752/2752 2753/2753 2754/2754
f 2755/2755 2756/2756 2757/2757
f 2758/2758 2759/2759 2760/2760
f 2761/2761 2762/2762 2763/2763
f 2764/2764 2765/2765 2766/2766
f 2767/2767 2768/2768 2769/2769
f 2770/2770 2771/2771 2772/2772
f 2773/2773 2774/2774 2775/2775
f 2776/2776 2777/2777 2778/2778
f 2779/2779 2780/2780 2781/2781
f 2782/2782 2783/2783 2784/2784
f 2785/2785 2786/2786 2787/2787
f 2788/2788 2789/2789 2790/2790
f 2791/2791 2792/2792 2793/2793
f 2794/2794 2795/2795 2796/2796
f 2797/2797 2798/2798 2799/2799
f 2800/2800 2801/2801 2802/2802
f 2803/2803 2804/2804 2805/2805
f 2806/2806 2807/2807 2808/2808
f 2809/2809 2810/2810 2811/2811
f 2812/2812 2813/2813 2814/2814
f 2815/2815 2816/2816 2817/2817
f 2818/2818 2819/2819 2820/2820
f 2821/2821 2822/2822 2823/2823
f 2824/2824 2825/2825 2826/2826
f 2827/2827 2828/2828 2829/2829
f 2830/2830 2831/2831 2832/2832
f 2833/2833 2834/2834 2835/2835
f 2836/2836 2837/2837 2838/2838
f 2839/2839 2840/2840 2841/2841
f 2842/2842 2843/2843 2844/2844
f 2845/2845 2846/2846 2847/2847
f 2848/2848 2849/2849 2850/2850
f 2851/2851 2852/2852 2853/2853
f 2854/2854 2855/2855 2856/2856
f 2857/2857 2858/2858 2859/2859
f 2860/2860 2861/2861 2862/2862
f 2863/2863 2864/2864 2865/2865
f 2866/2866 2867/2867 2868/2868
f 2869/2869 2870/2870 2871/2871
f 2872/2872 2873/2873 2874/2874
f 2875/2875 2876/2876 2877/2877
f 2878/2878 2879/2879 2880/2880
f 2881/2881 2882/2882 2883/2883
f 2884/2884 2885/2885 2886/2886
f 2887/2887 2888/2888 2889/2889
f 2890/2890 2891/2891 2892/2892
f 2893/2893 2894/2894 2895/2895
f 2896/2896 2897/2897 2898/2898
f 2899/2899 2900/2900 2901/2901
f 2902/2902 2903/2903 2904/2904
f 2905/2905 2906/2906 2907/2907
f 2908/2908 2909/2909 2910/2910
f 2911/2911 2912/2912 2913/2913
f 2914/2914 2915/2915 2916/2916
f 2917/2917 2918/2918 2919/2919
f 2920/2920 2921/2921 2922/2922
f 2923/2923 2924/2924 2925/2925
f 2926/2926 2927/2927 2928/2928
f 2929/2929 2930/2930 2931/2931
f 2932/2932 2933/2933 2934/2934
f 2935/2935 2936/2936 2937/2937
f 2938/2938 2939/2939 2940/2940
f 2941/2941 2942/2942 2943/2943
f 2944/2944 2945/2945 2946/2946
f 2947/2947 2948/2948 2949/2949
f 2950/2950 2951/2951 2952/2952
f 2953/2953 2954/2954 2955/2955
f 2956/2956 2957/2957 2958/2958
f 2959/2959 2960/2960 2961/2961
f 2962/2962 2963/2963 2964/2964
f 2965/2965 2966/2966 2967/2967
f 2968/2968 2969/2969 2970/2970
f 2971/2971 2972/2972 2973/2973
f 2974/2974 2975/2975 2976/2976
f 2977/2977 2978/2978 2979/2979
f 2980/2980 2981/2981 2982/2982
f 2983/2983 2984/2984 2985/2985
f 2986/2986 2987/2987 2988/2988
f 2989/2989 2990/2990 2991/2991
f 2992/2992 2993/2993 2994/2994
f 2995/2995 2996/2996 2997/2997
f 2998/2998 2999/2999 3000/3000
f 3001/3001 3002/3002 3003/3003
f 3004/3004 3005/3005 3006/3006
f 3007/3007 3008/3008 3009/3009
f 3010/3010 3011/3011 3012/3012
f 3013/3013 3014/3014 3015/3015
f 3016/3016 3017/3017 3018/3018
f 3019/3019 3020/3020 3021/3021
f 3022/3022 3023/3023 3024/3024
f 3025/3025 3026/3026 3027/3027
f 3028/3028 3029/3029 3030/3030
f 3031/3031 3032/3032 3033/3033
f 3034/3034 3035/3035 3036/3036
f 3037/3037 3038/3038 3039/3039
f 3040/3040 3041/3041 3042/3042
f 3043/3043 3044/3044 3045/3045
f 3046/3046 3047/3047 3048/3048
f 3049/3049 3050/3050 3051/3051
f 3052/3052 3053/3053 3054/3054
f 3055/3055 3056/3056 3057/3057
f 3058/3058 3059/3059 3060/3060
f 3061/3061 3062/3062 3063/3063
f 3064/3064 3065/3065 3066/3066
f 3067/3067 3068/3068 3069/3069
f 3070/3070 3071/3071 3072/3072
f 3073/3073 3074/3074 3075/3075
f 3076/3076 3077/3077 3078/3078
f 3079/3079 3080/3080 3081/3081
f 3082/3082 3083/3083 3084/3084
f 3085/3085 3086/3086 3087/3087
f 3088/3088 3089/3089 3090/3090
f 3091/3091 3092/3092 3093/3093
f 3094/3094 3095/3095 3096/3096
f 3097/3097 3098/3098 3099/3099
f 3100/3100 3101/3101 3102/3102
f 3103/3103 3104/3104 3105/3105
f 3106/3106 3107/3107 3108/3108
f 3109/3109 3110/3110 3111/3111
f 3112/3112 3113/3113 3114/3114
f 3115/3115 3116/3116 3117/3117
f 3118/3118 3119/3119 3120/3120
f 3121/3121 3122/3122 3123/3123
f 3124/3124 3125/3125 3126/3126
f 3127/3127 3128/3128 3129/3129
f 3130/3130 3131/3131 3132/3132
f 3133/3133 3134/3134 3135/3135
f 3136/3136 3137/3137 3138/3138
f 3139/3139 3140/3140 3141/3141
f 3142/3142 3143/3143 3144/3144
f 3145/3145 3146/3146 3147/3147
f 3148/3148 3149/3149 3150/3150
f 3151/3151 3152/3152 3153/3153
f 3154/3154 3155/3155 3156/3156
f 3157/3157 3158/3158 3159/3159
f 3160/3160 3161/3161 3162/3162
f 3163/3163 3164/3164 3165/3165
f 3166/3166 3167/3167 3168/3168
f 3169/3169 3170/3170 3171/3171
f 3172/3172 3173/3173 3174/3174
f 3175/3175 3176/3176 3177/3177
f 3178/3178 3179/3179 3180/3180
f 3181/3181 3182/3182 3183/3183
f 3184/3184 3185/3185 3186/3186
f 3187/3187 3188/3188 3189/3189
f 3190/3190 3191/3191 3192/3192
f 3193/3193 3194/3194 3195/3195
f 3196/3196 3197/3197 3198/3198
f 3199/3199 3200/3200 3201/3201
f 3202/3202 3203/3203 3204/3204
f 3205/3205 3206/3206 3207/3207
f 3208/3208 3209/3209 3210/3210
f 3211/3211 3212/3212 3213/3213
f 3214/3214 3215/3215 3216/3216
f 3217/3217 3218/3218 3219/3219
f 3220/3220 3221/3221 3222/3222
f 3223/3223 3224/3224 3225/3225
f 3226/3226 3227/3227 3228/3228
f 3229/3229 3230/3230 3231/3231
f 3232/3232 3233/3233 3234/3234
f 3235/3235 3236/3236 3237/3237
f 3238/3238 3239/3239 3240/3240
f 3241/3241 3242/3242 3243/3243
f 3244/3244 3245/3245 3246/3246
f 3247/3247 3248/3248 3249/3249
f 3250/3250 3251/3251 3252/3252
f 3253/3253 3254/3254 3255/3255
f 3256/3256 3257/3257 3258/3258
f 3259/3259 3260/3260 3261/3261
f 3262/3262 3263/3263 3264/3264
f 3265/3265 3266/3266 3267/3267
f 3268/3268 3269/3269 3270/3270
f 3271/3271 3272/3272 3273/3273
f 3274/3274 3275/3275 3276/3276
f 3277/3277 3278/3278 3279/3279
f 3280/3280 3281/3281 3282/3282
f 3283/3283 3284/3284 3285/3285
f 3286/3286 3287/3287 3288/3288
f 3289/3289 3290/3290 3291/3291
f 3292/3292 3293/3293 3294/3294
f 3295/3295 3296/3296 3297/3297
f 3298/3298 3299/3299 3300/3300
f 3301/3301 3302/3302 3303/3303
f 3304/3304 3305/3305 3306/3306
f 3307/3307 3308/3308 3309/3309
f 3310/3310 3311/3311 3312/3312
f 3313/3313 3314/3314 3315/3315
f 3316/3316 3317/3317 3318/3318
f 3319/3319 3320/3320 3321/3321
f 3322/3322 3323/3323 3324/3324
f 3325/3325 3326/3326 3327/3327
f 3328/3328 3329/3329 3330/3330
f 3331/3331 3332/3332 3333/3333
f 3334/3334 3335/3335 3336/3336
f 3337/3337 3338/3338 3339/3339
f 3340/3340 3341/3341 3342/3342
f 3343/3343 3344/3344 3345/3345
f 3346/3346 3347/3347 3348/3348
f 3349/3349 3350/3350 3351/3351
f 3352/3352 3353/3353 3354/3354
f 3355/3355 3356/3356 3357/3357
f 3358/3358 3359/3359 3360/3360
f 3361/3361 3362/3362 3363/3363
f 3364/3364 3365/3365 3366/3366
f 3367/3367 3368/3368 3369/3369
f 3370/3370 3371/3371 3372/3372
f 3373/3373 3374/3374 3375/3375
f 3376/3376 3377/3377 3378/3378
f 3379/3379 3380/3380 3381/3381
f 3382/3382 3383/3383 3384/3384
f 3385/3385 3386/3386 3387/3387
f 3388/3388 3389/3389 3390/3390
f 3391/3391 3392/3392 3393/3393
f 3394/3394 3395/3395 3396/3396
f 3397/3397 3398/3398 3399/3399
f 3400/3400 3401/3401 3402/3402
f 3403/3403 3404/3404 3405/3405
f 3406/3406 3407/3407 3408/3408
f 3409/3409 3410/3410 3411/3411
f 3412/3412 3413/3413 3414/3414
f 3415/3415 3416/3416 3417/3417
f 3418/3418 3419/3419 3420/3420
f 3421/3421 3422/3422 3423/3423
f 3424/3424 3425/3425 3426/3426
f 3427/3427 3428/3428 3429/3429
f 3430/3430 3431/3431 3432/3432
f 3433/3433 3434/3434 3435/3435
f 3436/3436 3437/3437 3438/3438
f 3439/3439 3440/3440 3441/3441
f 3442/3442 3443/3443 3444/3444
f 3445/3445 3446/3446 3447/3447
f 3448/3448 3449/3449 3450/3450
f 3451/3451 3452/3452 3453/3453
f 3454/3454 3455/3455 3456/3456
f 3457/3457 3458/3458 3459/3459
f 3460/3460 3461/3461 3462/3462
f 3463/3463 3464/3464 3465/3465
f 3466/3466 3467/3467 3468/3468
f 3469/3469 3470/3470 3471/3471
f 3472/3472 3473/3473 3474/3474
f 3475/3475 3476/3476 3477/3477
f 3478/3478 3479/3479 3480/3480
f 3481/3481 3482/3482 3483/3483
f 3484/3484 3485/3485 3486/3486
f 3487/3487 3488/3488 3489/3489
f 3490/3490 3491/3491 3492/3492
f 3493/3493 3494/3494 3495/3495
f 3496/3496 3497/3497 3498/3498
f 3499/3499 3500/3500 3501/3501
f 3502/3502 3503/3503 3504/3504
f 3505/3505 3506/3506 3507/3507
f 3508/3508 3509/3509 3510/3510
f 3511/3511 3512/3512 3513/3513
f 3514/3514 3515/3515 3516/3516
f 3517/3517 3518/3518 3519/3519
f 3520/3520 3521/3521 3522/3522
f 3523/3523 3524/3524 3525/3525
f 3526/3526 3527/3527 3528/3528
f 3529/3529 3530/3530 3531/3531
f 3532/3532 3533/3533 3534/3534
f 3535/3535 3536/3536 3537/3537
f 3538/3538 3539/3539 3540/3540
f 3541/3541 3542/3542 3543/3543
f 3544/3544 3545/3545 3546/3546
f 3547/3547 3548/3548 3549/3549
f 3550/3550 3551/3551 3552/3552
f 3553/3553 3554/3554 3555/3555
f 3556/3556 3557/3557 3558/3558
f 3559/3559 3560/3560 3561/3561
f 3562/3562 3563/3563 3564/3564
f 3565/3565 3566/3566 3567/3567
f 3568/3568 3569/3569 3570/3570
f 3571/3571 3572/3572 3573/3573
f 3574/3574 3575/3575 3576/3576
f 3577/3577 3578/3578 3579/3579
f 3580/3580 3581/3581 3582/3582
f 3583/3583 3584/3584 3585/3585
f 3586/3586 3587/3587 3588/3588
f 3589/3589 3590/3590 3591/3591
f 3592/3592 3593/3593 3594/3594
f 3595/3595 3596/3596 3597/3597
f 3598/3598 3599/3599 3600/3600
f 3601/3601 3602/3602 3603/3603
f 3604/3604 3605/3605 3606/3606
f 3607/3607 3608/3608 3609/3609
f 3610/3610 3611/3611 3612/3612
f 3613/3613 3614/3614 3615/3615
f 3616/3616 3617/3617 3618/3618
f 3619/3619 3620/3620 3621/3621
f 3622/3622 3623/3623 3624/3624
f 3625/3625 3626/3626 3627/3627
f 3628/3628 3629/3629 3630/3630
f 3631/3631 3632/3632 3633/3633
f 3634/3634 3635/3635 3636/3636
f 3637/3637 3638/3638 3639/3639
f 3640/3640 3641/3641 3642/3642
f 3643/3643 3644/3644 3645/3645
f 3646/3646 3647/3647 3648/3648
f 3649/3649 3650/3650 3651/3651
f 3652/3652 3653/3653 3654/3654
f 3655/3655 3656/3656 3657/3657
f 3658/3658 3659/3659 3660/3660
f 3661/3661 3662/3662 3663/3663
f 3664/3664 3665/3665 3666/3666
f 3667/3667 3668/3668 3669/3669
f 3670/3670 3671/3671 3672/3672
f 3673/3673 3674/3674 3675/3675
f 3676/3676 3677/3677 3678/3678
f 3679/3679 3680/3680 3681/3681
f 3682/3682 3683/3683 3684/3684
f 3685/3685 3686/3686 3687/3687
f 3688/3688 3689/3689 3690/3690
f 3691/3691 3692/3692 3693/3693
f 3694/3694 3695/3695 3696/3696
f 3697/3697 3698/3698 3699/3699
f 3700/3700 3701/3701 3702/3702
f 3703/3703 3704/3704 3705/3705
f 3706/3706 3707/3707 3708/3708
f 3709/3709 3710/3710 3711/3711
f 3712/3712 3713/3713 3714/3714
f 3715/3715 3716/3716 3717/3717
f 3718/3718 3719/3719 3720/3720
f 3721/3721 3722/3722 3723/3723
f 3724/3724 3725/3725 3726/3726
f 3727/3727 3728/3728 3729/3729
f 3730/3730 3731/3731 3732/3732
f 3733/3733 3734/3734 3735/3735
f 3736/3736 3737/3737 3738/3738
f 3739/3739 3740/3740 3741/3741
f 3742/3742 3743/3743 3744/3744
f 3745/3745 3746/3746 3747/3747
f 3748/3748 3749/3749 3750/3750
f 3751/3751 3752/3752 3753/3753
f 3754/3754 3755/3755 3756/3756
f 3757/3757 3758/3758 3759/3759
f 3760/3760 3761/3761 3762/3762
f 3763/3763 3764/3764 3765/3765
f 3766/3766 3767/3767 3768/3768
f 3769/3769 3770/3770 3771/3771
f 3772/3772 3773/3773 3774/3774
f 3775/3775 3776/3776 3777/3777
f 3778/3778 3779/3779 3780/3780
f 3781/3781 3782/3782 3783/3783
f 3784/3784 3785/3785 3786/3786
f 3787/3787 3788/3788 3789/3789
f 3790/3790 3791/3791 3792/3792
f 3793/3793 3794/3794 3795/3795
f 3796/3796 3797/3797 3798/3798
f 3799/3799 3800/3800 3801/3801
f 3802/3802 3803/3803 3804/3804
f 3805/3805 3806/3806 3807/3807
f 3808/3808 3809/3809 3810/3810
f 3811/3811 3812/3812 3813/3813
f 3814/3814 3815/3815 3816/3816
f 3817/3817 3818/3818 3819/3819
f 3820/3820 3821/3821 3822/3822
f 3823/3823 3824/3824 3825/3825
f 3826/3826 3827/3827 3828/3828
f 3829/3829 3830/3830 3831/3831
f 3832/3832 3833/3833 3834/3834
f 3835/3835 3836/3836 3837/3837
f 3838/3838 3839/3839 3840/3840
f 3841/3841 3842/3842 3843/3843
f 3844/3844 3845/3845 3846/3846
f 3847/3847 3848/3848 3849/3849
f 3850/3850 3851/3851 3852/3852
f 3853/3853 3854/3854 3855/3855
f 3856/3856 3857/3857 3858/3858
f 3859/3859 3860/3860 3861/3861
f 3862/3862 3863/3863 3864/3864
f 3865/3865 3866/3866 3867/3867
f 3868/3868 3869/3869 3870/3870
f 3871/3871 3872/3872 3873/3873
f 3874/3874 3875/3875 3876/3876
f 3877/3877 3878/3878 3879/3879
f 3880/3880 3881/3881 3882/3882
f 3883/3883 3884/3884 3885/3885
f 3886/3886 3887/3887 3888/3888
f 3889/3889 3890/3890 3891/3891
f 3892/3892 3893/3893 3894/3894
f 3895/3895 3896/3896 3897/3897
f 3898/3898 3899/3899 3900/3900
f 3901/3901 3902/3902 3903/3903
f 3904/3904 3905/3905 3906/3906
f 3907/3907 3908/3908 3909/3909
f 3910/3910 3911/3911 3912/3912
f 3913/3913 3914/3914 3915/3915
f 3916/3916 3917/3917 3918/3918
f 3919/3919 3920/3920 3921/3921
f 3922/3922 3923/3923 3924/3924
f 3925/3925 3926/3926 3927/3927
f 3928/3928 3929/3929 3930/3930
f 3931/3931 3932/3932 3933/3933
f 3934/3934 3935/3935 3936/3936
f 3937/3937 3938/3938 3939/3939
f 3940/3940 3941/3941 3942/3942
f 3943/3943 3944/3944 3945/3945
f 3946/3946 3947/3947 3948/3948
f 3949/3949 3950/3950 3951/3951
f 3952/3952 3953/3953 3954/3954
f 3955/3955 3956/3956 3957/3957
f 3958/3958 3959/3959 3960/3960
f 3961/3961 3962/3962 3963/3963
f 3964/3964 3965/3965 3966/3966
f 3967/3967 3968/3968 3969/3969
f 3970/3970 3971/3971 3972/3972
f 3973/3973 3974/3974 3975/3975
f 3976/3976 3977/3977 3978/3978
f 3979/3979 3980/3980 3981/3981
f 3982/3982 3983/3983 3984/3984
f 3985/3985 3986/3986 3987/3987
f 3988/3988 3989/3989 3990/3990
f 3991/3991 3992/3992 3993/3993
f 3994/3994 3995/3995 3996/3996
f 3997/3997 3998/3998 3999/3999
f 4000/4000 4001/4001 4002/4002
f 4003/4003 4004/4004 4005/4005
f 4006/4006 4007/4007 4008/4008
f 4009/4009 4010/4010 4011/4011
f 4012/4012 4013/4013 4014/4014
f 4015/4015 4016/4016 4017/4017
f 4018/4018 4019/4019 4020/4020
f 4021/4021 4022/4022 4023/4023
f 4024/4024 4025/4025 4026/4026
f 4027/4027 4028/4028 4029/4029
f 4030/4030 4031/4031 4032/4032
f 4033/4033 4034/4034 4035/4035
f 4036/4036 4037/4037 4038/4038
f 4039/4039 4040/4040 4041/4041
f 4042/4042 4043/4043 4044/4044
f 4045/4045 4046/4046 4047/4047
f 4048/4048 4049/4049 4050/4050
f 4051/4051 4052/4052 4053/4053
f 4054/4054 4055/4055 4056/4056
f 4057/4057 4058/4058 4059/4059
f 4060/4060 4061/4061 4062/4062
f 4063/4063 4064/4064 4065/4065
f 4066/4066 4067/4067 4068/4068
f 4069/4069 4070/4070 4071/4071
f 4072/4072 4073/4073 4074/4074
f 4075/4075 4076/4076 4077/4077
f 4078/4078 4079/4079 4080/4080
f 4081/4081 4082/4082 4083/4083
f 4084/4084 4085/4085 4086/4086
f 4087/4087 4088/4088 4089/4089
f 4090/4090 4091/4091 4092/4092
f 4093/4093 4094/4094 4095/4095
f 4096/4096 4097/4097 4098/4098
f 4099/4099 4100/4100 4101/4101
f 4102/4102 4103/4103 4104/4104
f 4105/4105 4106/4106 4107/4107
f 4108/4108 4109/4109 4110/4110
f 4111/4111 4112/4112 4113/4113
f 4114/4114 4115/4115 4116/4116
f 4117/4117 4118/4118 4119/4119
f 4120/4120 4121/4121 4122/4122
f 4123/4123 4124/4124 4125/4125
f 4126/4126 4127/4127 4128/4128
f 4129/4129 4130/4130 4131/4131
f 4132/4132 4133/4133 4134/4134
f 4135/4135 4136/4136 4137/4137
f 4138/4138 4139/4139 4140/4140
f 4141/4141 4142/4142 4143/4143
f 4144/4144 4145/4145 4146/4146
f 4147/4147 4148/4148 4149/4149
f 4150/4150 4151/4151 4152/4152
f 4153/4153 4154/4154 4155/4155
f 4156/4156 4157/4157 4158/4158
f 4159/4159 4160/4160 4161/4161
f 4162/4162 4163/4163 4164/4164
f 4165/4165 4166/4166 4167/4167
f 4168/4168 4169/4169 4170/4170
f 4171/4171 4172/4172 4173/4173
f 4174/4174 4175/4175 4176/4176
f 4177/4177 4178/4178 4179/4179
f 4180/4180 4181/4181 4182/4182
f 4183/4183 4184/4184 4185/4185
f 4186/4186 4187/4187 4188/4188
f 4189/4189 4190/4190 4191/4191
f 4192/4192 4193/4193 4194/4194
f 4195/4195 4196/4196 4197/4197
f 4198/4198 4199/4199 4200/4200
f 4201/4201 4202/4202 4203/4203
f 4204/4204 4205/4205 4206/4206
f 4207/4207 4208/4208 4209/4209
f 4210/4210 4211/4211 4212/4212
f 4213/4213 4214/4214 4215/4215
f 4216/4216 4217/4217 4218/4218
f 4219/4219 4220/4220 4221/4221
f 4222/4222 4223/4223 4224/4224
f 4225/4225 4226/4226 4227/4227
f 4228/4228 4229/4229 4230/4230
f 4231/4231 4232/4232 4233/4233
f 4234/4234 4235/4235 4236/4236
f 4237/4237 4238/4238 4239/4239
f 4240/4240 4241/4241 4242/4242
f 4243/4243 4244/4244 4245/4245
f 4246/4246 4247/4247 4248/4248
f 4249/4249 4250/4250 4251/4251
f 4252/4252 4253/4253 4254/4254
f 4255/4255 4256/4256 4257/4257
f 4258/4258 4259/4259 4260/4260
f 4261/4261 4262/4262 4263/4263
f 4264/4264 4265/4265 4266/4266
f 4267/4267 4268/4268 4269/4269
f 4270/4270 4271/4271 4272/4272
f 4273/4273 4274/4274 4275/4275
f 4276/4276 4277/4277 4278/4278
f 4279/4279 4280/4280 4281/4281
f 4282/4282 4283/4283 4284/4284
f 4285/4285 4286/4286 4287/4287
f 4288/4288 4289/4289 4290/4290
f 4291/4291 4292/4292 4293/4293
f 4294/4294 4295/4295 4296/4296
f 4297/4297 4298/4298 4299/4299
f 4300/4300 4301/4301 4302/4302
f 4303/4303 4304/4304 4305/4305
f 4306/4306 4307/4307 4308/4308
f 4309/4309 4310/4310 4311/4311
f 4312/4312 4313/4313 4314/4314
f 4315/4315 4316/4316 4317/4317
f 4318/4318 4319/4319 4320/4320
f 4321/4321 4322/4322 4323/4323
f 4324/4324 4325/4325 4326/4326
f 4327/4327 4328/4328 4329/4329
f 4330/4330 4331/4331 4332/4332
f 4333/4333 4334/4334 4335/4335
f 4336/4336 4337/4337 4338/4338
f 4339/4339 4340/4340 4341/4341
f 4342/4342 4343/4343 4344/4344
f 4345/4345 4346/4346 4347/4347
f 4348/4348 4349/4349 4350/4350
f 4351/4351 4352/4352 4353/4353
f 4354/4354 4355/4355 4356/4356
f 4357/4357 4358/4358 4359/4359
f 4360/4360 4361/4361 4362/4362
f 4363/4363 4364/4364 4365/4365
f 4366/4366 4367/4367 4368/4368
f 4369/4369 4370/4370 4371/4371
f 4372/4372 4373/4373 4374/4374
f 4375/4375 4376/4376 4377/4377
f 4378/4378 4379/4379 4380/4380
f 4381/4381 4382/4382 4383/4383
f 4384/4384 4385/4385 4386/4386
f 4387/4387 4388/4388 4389/4389
f 4390/4390 4391/4391 4392/4392
f 4393/4393 4394/4394 4395/4395
f 4396/4396 4397/4397 4398/4398
f 4399/4399 4400/4400 4401/4401
f 4402/4402 4403/4403 4404/4404
f 4405/4405 4406/4406 4407/4407
f 4408/4408 4409/4409 4410/4410
f 4411/4411 4412/4412 4413/4413
f 4414/4414 4415/4415 4416/4416
f 4417/4417 4418/4418 4419/4419
f 4420/4420 4421/4421 4422/4422
f 4423/4423 4424/4424 4425/4425
f 4426/4426 4427/4427 4428/4428
f 4429/4429 4430/4430 4431/4431
f 4432/4432 4433/4433 4434/4434
f 4435/4435 4436/4436 4437/4437
f 4438/4438 4439/4439 4440/4440
f 4441/4441 4442/4442 4443/4443
f 4444/4444 4445/4445 4446/4446
f 4447/4447 4448/4448 4449/4449
f 4450/4450 4451/4451 4452/4452
f 4453/4453 4454/4454 4455/4455
f 4456/4456 4457/4457 4458/4458
f 4459/4459 4460/4460 4461/4461
f 4462/4462 4463/4463 4464/4464
f 4465/4465 4466/4466 4467/4467
f 4468/4468 4469/4469 4470/4470
f 4471/4471 4472/4472 4473/4473
f 4474/4474 4475/4475 4476/4476
f 4477/4477 4478/4478 4479/4479
f 4480/4480 4481/4481 4482/4482
f 4483/4483 4484/4484 4485/4485
f 4486/4486 4487/4487 4488/4488
f 4489/4489 4490/4490 4491/4491
f 4492/4492 4493/4493 4494/4494
f 4495/4495 4496/4496 4497/4497
f 4498/4498 4499/4499 4500/4500
f 4501/4501 4502/4502 4503/4503
f 4504/4504 4505/4505 4506/4506
f 4507/4507 4508/4508 4509/4509
f 4510/4510 4511/4511 4512/4512
f 4513/4513 4514/4514 4515/4515
f 4516/4516 4517/4517 4518/4518
f 4519/4519 4520/4520 4521/4521
f 4522/4522 4523/4523 4524/4524
f 4525/4525 4526/4526 4527/4527
f 4528/4528 4529/4529 4530/4530
f 4531/4531 4532/4532 4533/4533
f 4534/4534 4535/4535 4536/4536
f 4537/4537 4538/4538 4539/4539
f 4540/4540 4541/4541 4542/4542
f 4543/4543 4544/4544 4545/4545
f 4546/4546 4547/4547 4548/4548
f 4549/4549 4550/4550 4551/4551
f 4552/4552 4553/4553 4554/4554
f 4555/4555 4556/4556 4557/4557
f 4558/4558 4559/4559 4560/4560
f 4561/4561 4562/4562 4563/4563
f 4564/4564 4565/4565 4566/4566
f 4567/4567 4568/4568 4569/4569
f 4570/4570 4571/4571 4572/4572
f 4573/4573 4574/4574 4575/4575
f 4576/4576 4577/4577 4578/4578
f 4579/4579 4580/4580 4581/4581
f 4582/4582 4583/4583 4584/4584
f 4585/4585 4586/4586 4587/4587
f 4588/4588 4589/4589 4590/4590
f 4591/4591 4592/4592 4593/4593
f 4594/4594 4595/4595 4596/4596
f 4597/4597 4598/4598 4599/4599
f 4600/4600 4601/4601 4602/4602
f 4603/4603 4604/4604 4605/4605
f 4606/4606 4607/4607 4608/4608
f 4609/4609 4610/4610 4611/4611
f 4612/4612 4613/4613 4614/4614
f 4615/4615 4616/4616 4617/4617
f 4618/4618 4619/4619 4620/4620
f 4621/4621 4622/4622 4623/4623
f 4624/4624 4625/4625 4626/4626
f 4627/4627 4628/4628 4629/4629
f 4630/4630 4631/4631 4632/4632
f 4633/4633 4634/4634 4635/4635
f 4636/4636 4637/4637 4638/4638
f 4639/4639 4640/4640 4641/4641
f 4642/4642 4643/4643 4644/4644
f 4645/4645 4646/4646 4647/4647
f 4648/4648 4649/4649 4650/4650
f 4651/4651 4652/4652 4653/4653
f 4654/4654 4655/4655 4656/4656
f 4657/4657 4658/4658 4659/4659
f 4660/4660 4661/4661 4662/4662
f 4663/4663 4664/4664 4665/4665
f 4666/4666 4667/4667 4668/4668
f 4669/4669 4670/4670 4671/4671
f 4672/4672 4673/4673 4674/4674
f 4675/4675 4676/4676 4677/4677
f 4678/4678 4679/4679 4680/4680
f 4681/4681 4682/4682 4683/4683
f 4684/4684 4685/4685 4686/4686
f 4687/4687 4688/4688 4689/4689
f 4690/4690 4691/4691 4692/4692
f 4693/4693 4694/4694 4695/4695
f 4696/4696 4697/4697 4698/4698
f 4699/4699 4700/4700 4701/4701
f 4702/4702 4703/4703 4704/4704
f 4705/4705 4706/4706 4707/4707
f 4708/4708 4709/4709 4710/4710
f 4711/4711 4712/4712 4713/4713
f 4714/4714 4715/4715 4716/4716
f 4717/4717 4718/4718 4719/4719
f 4720/4720 4721/4721 4722/4722
f 4723/4723 4724/4724 4725/4725
f 4726/4726 4727/4727 4728/4728
f 4729/4729 4730/4730 4731/4731
f 4732/4732 4733/4733 4734/4734
f 4735/4735 4736/4736 4737/4737
f 4738/4738 4739/4739 4740/4740
f 4741/4741 4742/4742 4743/4743
f 4744/4744 4745/4745 4746/4746
f 4747/4747 4748/4748 4749/4749
f 4750/4750 4751/4751 4752/4752
f 4753/4753 4754/4754 4755/4755
f 4756/4756 4757/4757 4758/4758
f 4759/4759 4760/4760 4761/4761
f 4762/4762 4763/4763 4764/4764
f 4765/4765 4766/4766 4767/4767
f 4768/4768 4769/4769 4770/4770
f 4771/4771 4772/4772 4773/4773
f 4774/4774 4775/4775 4776/4776
f 4777/4777 4778/4778 4779/4779
f 4780/4780 4781/4781 4782/4782
f 4783/4783 4784/4784 4785/4785
f 4786/4786 4787/4787 4788/4788
f 4789/4789 4790/4790 4791/4791
f 4792/4792 4793/4793 4794/4794
f 4795/4795 4796/4796 4797/4797
f 4798/4798 4799/4799 4800/4800
f 4801/4801 4802/4802 4803/4803
f 4804/4804 4805/4805 4806/4806
f 4807/4807 4808/4808 4809/4809
f 4810/4810 4811/4811 4812/4812
f 4813/4813 4814/4814 4815/4815
f 4816/4816 4817/4817 4818/4818
f 4819/4819 4820/4820 4821/4821
f 4822/4822 4823/4823 4824/4824
f 4825/4825 4826/4826 4827/4827
f 4828/4828 4829/4829 4830/4830
f 4831/4831 4832/4832 4833/4833
f 4834/4834 4835/4835 4836/4836
f 4837/4837 4838/4838 4839/4839
f 4840/4840 4841/4841 4842/4842
f 4843/4843 4844/4844 4845/4845
f 4846/4846 4847/4847 4848/4848
f 4849/4849 4850/4850 4851/4851
f 4852/4852 4853/4853 4854/4854
f 4855/4855 4856/4856 4857/4857
f 4858/4858 4859/4859 4860/4860
f 4861/4861 4862/4862 4863/4863
f 4864/4864 4865/4865 4866/4866
f 4867/4867 4868/4868 4869/4869
f 4870/4870 4871/4871 4872/4872
f 4873/4873 4874/4874 4875/4875
f 4876/4876 4877/4877 4878/4878
f 4879/4879 4880/4880 4881/4881
f 4882/4882 4883/4883 4884/4884
f 4885/4885 4886/4886 4887/4887
f 4888/4888 4889/4889 4890/4890
f 4891/4891 4892/4892 4893/4893
f 4894/4894 4895/4895 4896/4896
f 4897/4897 4898/4898 4899/4899
f 4900/4900 4901/4901 4902/4902
f 4903/4903 4904/4904 4905/4905
f 4906/4906 4907/4907 4908/4908
f 4909/4909 4910/4910 4911/4911
f 4912/4912 4913/4913 4914/4914
f 4915/4915 4916/4916 4917/4917
f 4918/4918 4919/4919 4920/4920
f 4921/4921 4922/4922 4923/4923
f 4924/4924 4925/4925 4926/4926
f 4927/4927 4928/4928 4929/4929
f 4930/4930 4931/4931 4932/4932
f 4933/4933 4934/4934 4935/4935
f 4936/4936 4937/4937 4938/4938
f 4939/4939 4940/4940 4941/4941
f 4942/4942 4943/4943 4944/4944
f 4945/4945 4946/4946 4947/4947
f 4948/4948 4949/4949 4950/4950
f 4951/4951 4952/4952 4953/4953
f 4954/4954 4955/4955 4956/4956
f 4957/4957 4958/4958 4959/4959
f 4960/4960 4961/4961 4962/4962
f 4963/4963 4964/4964 4965/4965
f 4966/4966 4967/4967 4968/4968
f 4969/4969 4970/4970 4971/4971
f 4972/4972 4973/4973 4974/4974
f 4975/4975 4976/4976 4977/4977
f 4978/4978 4979/4979 4980/4980
f 4981/4981 4982/4982 4983/4983
f 4984/4984 4985/4985 4986/4986
f 4987/4987 4988/4988 4989/4989
f 4990/4990 4991/4991 4992/4992
f 4993/4993 4994/4994 4995/4995
f 4996/4996 4997/4997 4998/4998
f 4999/4999 5000/5000 5001/5001
f 5002/5002 5003/5003 5004/5004
f 5005/5005 5006/5006 5007/5007
f 5008/5008 5009/5009 5010/5010
f 5011/5011 5012/5012 5013/5013
f 5014/5014 5015/5015 5016/5016
f 5017/5017 5018/5018 5019/5019
f 5020/5020 5021/5021 5022/5022
f 5023/5023 5024/5024 5025/5025
f 5026/5026 5027/5027 5028/5028
f 5029/5029 5030/5030 5031/5031
f 5032/5032 5033/5033 5034/5034
f 5035/5035 5036/5036 5037/5037
f 5038/5038 5039/5039 5040/5040
f 5041/5041 5042/5042 5043/5043
f 5044/5044 5045/5045 5046/5046
f 5047/5047 5048/5048 5049/5049
f 5050/5050 5051/5051 5052/5052
f 5053/5053 5054/5054 5055/5055
f 5056/5056 5057/5057 5058/5058
f 5059/5059 5060/5060 5061/5061
f 5062/5062 5063/5063 5064/5064
f 5065/5065 5066/5066 5067/5067
f 5068/5068 5069/5069 5070/5070
f 5071/5071 5072/5072 5073/5073
f 5074/5074 5075/5075 5076/5076
f 5077/5077 5078/5078 5079/5079
f 5080/5080 5081/5081 5082/5082
f 5083/5083 5084/5084 5085/5085
f 5086/5086 5087/5087 5088/5088
f 5089/5089 5090/5090 5091/5091
f 5092/5092 5093/5093 5094/5094
f 5095/5095 5096/5096 5097/5097
f 5098/5098 5099/5099 5100/5100
f 5101/5101 5102/5102 5103/5103
f 5104/5104 5105/5105 5106/5106
f 5107/5107 5108/5108 5109/5109
f 5110/5110 5111/5111 5112/5112
f 5113/5113 5114/5114 5115/5115
f 5116/5116 5117/5117 5118/5118
f 5119/5119 5120/5120 5121/5121
f 5122/5122 5123/5123 5124/5124
f 5125/5125 5126/5126 5127/5127
f 5128/5128 5129/5129 5130/5130
f 5131/5131 5132/5132 5133/5133
f 5134/5134 5135/5135 5136/5136
f 5137/5137 5138/5138 5139/5139
f 5140/5140 5141/5141 5142/5142
f 5143/5143 5144/5144 5145/5145
f 5146/5146 5147/5147 5148/5148
f 5149/5149 5150/5150 5151/5151
f 5152/5152 5153/5153 5154/5154
f 5155/5155 5156/5156 5157/5157
f 5158/5158 5159/5159 5160/5160
f 5161/5161 5162/5162 5163/5163
f 5164/5164 5165/5165 5166/5166
f 5167/5167 5168/5168 5169/5169
f 5170/5170 5171/5171 5172/5172
f 5173/5173 5174/5174 5175/5175
f 5176/5176 5177/5177 5178/5178
f 5179/5179 5180/5180 5181/5181
f 5182/5182 5183/5183 5184/5184
f 5185/5185 5186/5186 5187/5187
f 5188/5188 5189/5189 5190/5190
f 5191/5191 5192/5192 5193/5193
f 5194/5194 5195/5195 5196/5196
f 5197/5197 5198/5198 5199/5199
f 5200/5200 5201/5201 5202/5202
f 5203/5203 5204/5204 5205/5205
f 5206/5206 5207/5207 5208/5208
f 5209/5209 5210/5210 5211/5211
f 5212/5212 5213/5213 5214/5214
f 5215/5215 5216/5216 5217/5217
f 5218/5218 5219/5219 5220/5220
f 5221/5221 5222/5222 5223/5223
f 5224/5224 5225/5225 5226/5226
f 5227/5227 5228/5228 5229/5229
f 5230/5230 5231/5231 5232/5232
f 5233/5233 5234/5234 5235/5235
f 5236/5236 5237/5237 5238/5238
f 5239/5239 5240/5240 5241/5241
f 5242/5242 5243/5243 5244/5244
f 5245/5245 5246/5246 5247/5247
f 5248/5248 5249/5249 5250/5250
f 5251/5251 5252/5252 5253/5253
f 5254/5254 5255/5255 5256/5256
f 5257/5257 5258/5258 5259/5259
f 5260/5260 5261/5261 5262/5262
f 5263/5263 5264/5264 5265/5265
f 5266/5266 5267/5267 5268/5268
f 5269/5269 5270/5270 5271/5271
f 5272/5272 5273/5273 5274/5274
f 5275/5275 5276/5276 5277/5277
f 5278/5278 5279/5279 5280/5280
f 5281/5281 5282/5282 5283/5283
f 5284/5284 5285/5285 5286/5286
f 5287/5287 5288/5288 5289/5289
f 5290/5290 5291/5291 5292/5292
f 5293/5293 5294/5294 5295/5295
f 5296/5296 5297/5297 5298/5298
f 5299/5299 5300/5300 5301/5301
f 5302/5302 5303/5303 5304/5304
f 5305/5305 5306/5306 5307/5307
f 5308/5308 5309/5309 5310/5310
f 5311/5311 5312/5312 5313/5313
f 5314/5314 5315/5315 5316/5316
f 5317/5317 5318/5318 5319/5319
f 5320/5320 5321/5321 5322/5322
f 5323/5323 5324/5324 5325/5325
f 5326/5326 5327/5327 5328/5328
f 5329/5329 5330/5330 5331/5331
f 5332/5332 5333/5333 5334/5334
f 5335/5335 5336/5336 5337/5337
f 5338/5338 5339/5339 5340/5340
f 5341/5341 5342/5342 5343/5343
f 5344/5344 5345/5345 5346/5346
f 5347/5347 5348/5348 5349/5349
f 5350/5350 5351/5351 5352/5352
f 5353/5353 5354/5354 5355/5355
f 5356/5356 5357/5357 5358/5358
f 5359/5359 5360/5360 5361/5361
f 5362/5362 5363/5363 5364/5364
f 5365/5365 5366/5366 5367/5367
f 5368/5368 5369/5369 5370/5370
f 5371/5371 5372/5372 5373/5373
f 5374/5374 5375/5375 5376/5376
f 5377/5377 5378/5378 5379/5379
f 5380/5380 5381/5381 5382/5382
f 5383/5383 5384/5384 5385/5385
f 5386/5386 5387/5387 5388/5388
f 5389/5389 5390/5390 5391/5391
f 5392/5392 5393/5393 5394/5394
f 5395/5395 5396/5396 5397/5397
f 5398/5398 5399/5399 5400/5400
f 5401/5401 5402/5402 5403/5403
f 5404/5404 5405/5405 5406/5406
f 5407/5407 5408/5408 5409/5409
f 5410/5410 5411/5411 5412/5412
f 5413/5413 5414/5414 5415/5415
f 5416/5416 5417/5417 5418/5418
f 5419/5419 5420/5420 5421/5421
f 5422/5422 5423/5423 5424/5424
f 5425/5425 5426/5426 5427/5427
f 5428/5428 5429/5429 5430/5430
f 5431/5431 5432/5432 5433/5433
f 5434/5434 5435/5435 5436/5436
f 5437/5437 5438/5438 5439/5439
f 5440/5440 5441/5441 5442/5442
f 5443/5443 5444/5444 5445/5445
f 5446/5446 5447/5447 5448/5448
f 5449/5449 5450/5450 5451/5451
f 5452/5452 5453/5453 5454/5454
f 5455/5455 5456/5456 5457/5457
f 5458/5458 5459/5459 5460/5460
f 5461/5461 5462/5462 5463/5463
f 5464/5464 5465/5465 5466/5466
f 5467/5467 5468/5468 5469/5469
f 5470/5470 5471/5471 5472/5472
f 5473/5473 5474/5474 5475/5475
f 5476/5476 5477/5477 5478/5478
f 5479/5479 5480/5480 5481/5481
f 5482/5482 5483/5483 5484/5484
f 5485/5485 5486/5486 5487/5487
f 5488/5488 5489/5489 5490/5490
f 5491/5491 5492/5492 5493/5493
f 5494/5494 5495/5495 5496/5496
f 5497/5497 5498/5498 5499/5499
f 5500/5500 5501/5501 5502/5502
f 5503/5503 5504/5504 5505/5505
f 5506/5506 5507/5507 5508/5508
f 5509/5509 5510/5510 5511/5511
f 5512/5512 5513/5513 5514/5514
f 5515/5515 5516/5516 5517/5517
f 5518/5518 5519/5519 5520/5520
f 5521/5521 5522/5522 5523/5523
f 5524/5524 5525/5525 5526/5526
f 5527/5527 5528/5528 5529/5529
f 5530/5530 5531/5531 5532/5532
f 5533/5533 5534/5534 5535/5535
f 5536/5536 5537/5537 5538/5538
f 5539/5539 5540/5540 5541/5541
f 5542/5542 5543/5543 5544/5544
f 5545/5545 5546/5546 5547/5547
f 5548/5548 5549/5549 5550/5550
f 5551/5551 5552/5552 5553/5553
f 5554/5554 5555/5555 5556/5556
f 5557/5557 5558/5558 5559/5559
f 5560/5560 5561/5561 5562/5562
f 5563/5563 5564/5564 5565/5565
f 5566/5566 5567/5567 5568/5568
f 5569/5569 5570/5570 5571/5571
f 5572/5572 5573/5573 5574/5574
f 5575/5575 5576/5576 5577/5577
f 5578/5578 5579/5579 5580/5580
f 5581/5581 5582/5582 5583/5583
f 5584/5584 5585/5585 5586/5586
f 5587/5587 5588/5588 5589/5589
f 5590/5590 5591/5591 5592/5592
f 5593/5593 5594/5594 5595/5595
f 5596/5596 5597/5597 5598/5598
f 5599/5599 5600/5600 5601/5601
f 5602/5602 5603/5603 5604/5604
f 5605/5605 5606/5606 5607/5607
f 5608/5608 5609/5609 5610/5610
f 5611/5611 5612/5612 5613/5613
f 5614/5614 5615/5615 5616/5616
f 5617/5617 5618/5618 5619/5619
f 5620/5620 5621/5621 5622/5622
f 5623/5623 5624/5624 5625/5625
f 5626/5626 5627/5627 5628/5628
f 5629/5629 5630/5630 5631/5631
f 5632/5632 5633/5633 5634/5634
f 5635/5635 5636/5636 5637/5637
f 5638/5638 5639/5639 5640/5640
f 5641/5641 5642/5642 5643/5643
f 5644/5644 5645/5645 5646/5646
f 5647/5647 5648/5648 5649/5649
f 5650/5650 5651/5651 5652/5652
f 5653/5653 5654/5654 5655/5655
f 5656/5656 5657/5657 5658/5658
f 5659/5659 5660/5660 5661/5661
f 5662/5662 5663/5663 5664/5664
f 5665/5665 5666/5666 5667/5667
f 5668/5668 5669/5669 5670/5670
f 5671/5671 5672/5672 5673/5673
f 5674/5674 5675/5675 5676/5676
f 5677/5677 5678/5678 5679/5679
f 5680/5680 5681/5681 5682/5682
f 5683/5683 5684/5684 5685/5685
f 5686/5686 5687/5687 5688/5688
f 5689/5689 5690/5690 5691/5691
f 5692/5692 5693/5693 5694/5694
f 5695/5695 5696/5696 5697/5697
f 5698/5698 5699/5699 5700/5700
f 5701/5701 5702/5702 5703/5703
f 5704/5704 5705/5705 5706/5706
f 5707/5707 5708/5708 5709/5709
f 5710/5710 5711/5711 5712/5712
f 5713/5713 5714/5714 5715/5715
f 5716/5716 5717/5717 5718/5718
f 5719/5719 5720/5720 5721/5721
f 5722/5722 5723/5723 5724/5724
f 5725/5725 5726/5726 5727/5727
f 5728/5728 5729/5729 5730/5730
f 5731/5731 5732/5732 5733/5733
f 5734/5734 5735/5735 5736/5736
f 5737/5737 5738/5738 5739/5739
f 5740/5740 5741/5741 5742/5742
f 5743/5743 5744/5744 5745/5745
f 5746/5746 5747/5747 5748/5748
f 5749/5749 5750/5750 5751/5751
f 5752/5752 5753/5753 5754/5754
f 5755/5755 5756/5756 5757/5757
f 5758/5758 5759/5759 5760/5760
f 5761/5761 5762/5762 5763/5763
f 5764/5764 5765/5765 5766/5766
f 5767/5767 5768/5768 5769/5769
f 5770/5770 5771/5771 5772/5772
f 5773/5773 5774/5774 5775/5775
f 5776/5776 5777/5777 5778/5778
f 5779/5779 5780/5780 5781/5781
f 5782/5782 5783/5783 5784/5784
f 5785/5785 5786/5786 5787/5787
f 5788/5788 5789/5789 5790/5790
f 5791/5791 5792/5792 5793/5793
f 5794/5794 5795/5795 5796/5796
f 5797/5797 5798/5798 5799/5799
f 5800/5800 5801/5801 5802/5802
f 5803/5803 5804/5804 5805/5805
f 5806/5806 5807/5807 5808/5808
f 5809/5809 5810/5810 5811/5811
f 5812/5812 5813/5813 5814/5814
f 5815/5815 5816/5816 5817/5817
f 5818/5818 5819/5819 5820/5820
f 5821/5821 5822/5822 5823/5823
f 5824/5824 5825/5825 5826/5826
f 5827/5827 5828/5828 5829/5829
f 5830/5830 5831/5831 5832/5832
f 5833/5833 5834/5834 5835/5835
f 5836/5836 5837/5837 5838/5838
f 5839/5839 5840/5840 5841/5841
f 5842/5842 5843/5843 5844/5844
f 5845/5845 5846/5846 5847/5847
f 5848/5848 5849/5849 5850/5850
f 5851/5851 5852/5852 5853/5853
f 5854/5854 5855/5855 5856/5856
f 5857/5857 5858/5858 5859/5859
f 5860/5860 5861/5861 5862/5862
f 5863/5863 5864/5864 5865/5865
f 5866/5866 5867/5867 5868/5868
f 5869/5869 5870/5870 5871/5871
f 5872/5872 5873/5873 5874/5874
f 5875/5875 5876/5876 5877/5877
f 5878/5878 5879/5879 5880/5880
f 5881/5881 5882/5882 5883/5883
f 5884/5884 5885/5885 5886/5886
f 5887/5887 5888/5888 5889/5889
f 5890/5890 5891/5891 5892/5892
f 5893/5893 5894/5894 5895/5895
f 5896/5896 5897/5897 5898/5898
f 5899/5899 5900/5900 5901/5901
f 5902/5902 5903/5903 5904/5904
f 5905/5905 5906/5906 5907/5907
f 5908/5908 5909/5909 5910/5910
f 5911/5911 5912/5912 5913/5913
f 5914/5914 5915/5915 5916/5916
f 5917/5917 5918/5918 5919/5919
f 5920/5920 5921/5921 5922/5922
f 5923/5923 5924/5924 5925/5925
f 5926/5926 5927/5927 5928/5928
f 5929/5929 5930/5930 5931/5931
f 5932/5932 5933/5933 5934/5934
f 5935/5935 5936/5936 5937/5937
f 5938/5938 5939/5939 5940/5940
f 5941/5941 5942/5942 5943/5943
f 5944/5944 5945/5945 5946/5946
f 5947/5947 5948/5948 5949/5949
f 5950/5950 5951/5951 5952/5952
f 5953/5953 5954/5954 5955/5955
f 5956/5956 5957/5957 5958/5958
f 5959/5959 5960/5960 5961/5961
f 5962/5962 5963/5963 5964/5964
f 5965/5965 5966/5966 5967/5967
f 5968/5968 5969/5969 5970/5970
f 5971/5971 5972/5972 5973/5973
f 5974/5974 5975/5975 5976/5976
f 5977/5977 5978/5978 5979/5979
f 5980/5980 5981/5981 5982/5982
f 5983/5983 5984/5984 5985/5985
f 5986/5986 5987/5987 5988/5988
f 5989/5989 5990/5990 5991/5991
f 5992/5992 5993/5993 5994/5994
f 5995/5995 5996/5996 5997/5997
f 5998/5998 5999/5999 6000/6000
f 6001/6001 6002/6002 6003/6003
f 6004/6004 6005/6005 6006/6006
f 6007/6007 6008/6008 6009/6009
f 6010/6010 6011/6011 6012/6012
f 6013/6013 6014/6014 6015/6015
f 6016/6016 6017/6017 6018/6018
f 6019/6019 6020/6020 6021/6021
f 6022/6022 6023/6023 6024/6024
f 6025/6025 6026/6026 6027/6027
f 6028/6028 6029/6029 6030/6030
f 6031/6031 6032/6032 6033/6033
f 6034/6034 6035/6035 6036/6036
f 6037/6037 6038/6038 6039/6039
f 6040/6040 6041/6041 6042/6042
f 6043/6043 6044/6044 6045/6045
f 6046/6046 6047/6047 6048/6048
f 6049/6049 6050/6050 6051/6051
f 6052/6052 6053/6053 6054/6054
f 6055/6055 6056/6056 6057/6057
f 6058/6058 6059/6059 6060/6060
f 6061/6061 6062/6062 6063/6063
f 6064/6064 6065/6065 6066/6066
f 6067/6067 6068/6068 6069/6069
f 6070/6070 6071/6071 6072/6072
f 6073/6073 6074/6074 6075/6075
f 6076/6076 6077/6077 6078/6078
f 6079/6079 6080/6080 6081/6081
f 6082/6082 6083/6083 6084/6084
f 6085/6085 6086/6086 6087/6087
f 6088/6088 6089/6089 6090/6090
f 6091/6091 6092/6092 6093/6093
f 6094/6094 6095/6095 6096/6096
f 6097/6097 6098/6098 6099/6099
f 6100/6100 6101/6101 6102/6102
f 6103/6103 6104/6104 6105/6105
f 6106/6106 6107/6107 6108/6108
f 6109/6109 6110/6110 6111/6111
f 6112/6112 6113/6113 6114/6114
f 6115/6115 6116/6116 6117/6117
f 6118/6118 6119/6119 6120/6120
f 6121/6121 6122/6122 6123/6123
f 6124/6124 6125/6125 6126/6126
f 6127/6127 6128/6128 6129/6129
f 6130/6130 6131/6131 6132/6132
f 6133/6133 6134/6134 6135/6135
f 6136/6136 6137/6137 6138/6138
f 6139/6139 6140/6140 6141/6141
f 6142/6142 6143/6143 6144/6144
f 6145/6145 6146/6146 6147/6147
f 6148/6148 6149/6149 6150/6150
f 6151/6151 6152/6152 6153/6153
f 6154/6154 6155/6155 6156/6156
f 6157/6157 6158/6158 6159/6159
f 6160/6160 6161/6161 6162/6162
f 6163/6163 6164/6164 6165/6165
f 6166/6166 6167/6167 6168/6168
f 6169/6169 6170/6170 6171/6171
f 6172/6172 6173/6173 6174/6174
f 6175/6175 6176/6176 6177/6177
f 6178/6178 6179/6179 6180/6180
f 6181/6181 6182/6182 6183/6183
f 6184/6184 6185/6185 6186/6186
f 6187/6187 6188/6188 6189/6189
f 6190/6190 6191/6191 6192/6192
f 6193/6193 6194/6194 6195/6195
f 6196/6196 6197/6197 6198/6198
f 6199/6199 6200/6200 6201/6201
f 6202/6202 6203/6203 6204/6204
f 6205/6205 6206/6206 6207/6207
f 6208/6208 6209/6209 6210/6210
f 6211/6211 6212/6212 6213/6213
f 6214/6214 6215/6215 6216/6216
f 6217/6217 6218/6218 6219/6219
f 6220/6220 6221/6221 6222/6222
f 6223/6223 6224/6224 6225/6225
f 6226/6226 6227/6227 6228/6228
f 6229/6229 6230/6230 6231/6231
f 6232/6232 6233/6233 6234/6234
f 6235/6235 6236/6236 6237/6237
f 6238/6238 6239/6239 6240/6240
f 6241/6241 6242/6242 6243/6243
f 6244/6244 6245/6245 6246/6246
f 6247/6247 6248/6248 6249/6249
f 6250/6250 6251/6251 6252/6252
f 6253/6253 6254/6254 6255/6255
f 6256/6256 6257/6257 6258/6258
f 6259/6259 6260/6260 6261/6261
f 6262/6262 6263/6263 6264/6264
f 6265/6265 6266/6266 6267/6267
f 6268/6268 6269/6269 6270/6270
f 6271/6271 6272/6272 6273/6273
f 6274/6274 6275/6275 6276/6276
f 6277/6277 6278/6278 6279/6279
f 6280/6280 6281/6281 6282/6282
f 6283/6283 6284/6284 6285/6285
f 6286/6286 6287/6287 6288/6288
f 6289/6289 6290/6290 6291/6291
f 6292/6292 6293/6293 6294/6294
f 6295/6295 6296/6296 6297/6297
f 6298/6298 6299/6299 6300/6300
f 6301/6301 6302/6302 6303/6303
f 6304/6304 6305/6305 6306/6306
f 6307/6307 6308/6308 6309/6309
f 6310/6310 6311/6311 6312/6312
f 6313/6313 6314/6314 6315/6315
f 6316/6316 6317/6317 6318/6318
f 6319/6319 6320/6320 6321/6321
f 6322/6322 6323/6323 6324/6324
f 6325/6325 6326/6326 6327/6327
f 6328/6328 6329/6329 6330/6330
f 6331/6331 6332/6332 6333/6333
f 6334/6334 6335/6335 6336/6336
f 6337/6337 6338/6338 6339/6339
f 6340/6340 6341/6341 6342/6342
f 6343/6343 6344/6344 6345/6345
f 6346/6346 6347/6347 6348/6348
f 6349/6349 6350/6350 6351/6351
f 6352/6352 6353/6353 6354/6354
f 6355/6355 6356/6356 6357/6357
f 6358/6358 6359/6359 6360/6360
f 6361/6361 6362/6362 6363/6363
f 6364/6364 6365/6365 6366/6366
f 6367/6367 6368/6368 6369/6369
f 6370/6370 6371/6371 6372/6372
f 6373/6373 6374/6374 6375/6375
f 6376/6376 6377/6377 6378/6378
f 6379/6379 6380/6380 6381/6381
f 6382/6382 6383/6383 6384/6384
f 6385/6385 6386/6386 6387/6387
f 6388/6388 6389/6389 6390/6390
f 6391/6391 6392/6392 6393/6393
f 6394/6394 6395/6395 6396/6396
f 6397/6397 6398/6398 6399/6399
f 6400/6400 6401/6401 6402/6402
f 6403/6403 6404/6404 6405/6405
f 6406/6406 6407/6407 6408/6408
f 6409/6409 6410/6410 6411/6411
f 6412/6412 6413/6413 6414/6414
f 6415/6415 6416/6416 6417/6417
f 6418/6418 6419/6419 6420/6420
f 6421/6421 6422/6422 6423/6423
f 6424/6424 6425/6425 6426/6426
f 6427/6427 6428/6428 6429/6429
f 6430/6430 6431/6431 6432/6432
f 6433/6433 6434/6434 6435/6435
f 6436/6436 6437/6437 6438/6438
f 6439/6439 6440/6440 6441/6441
f 6442/6442 6443/6443 6444/6444
f 6445/6445 6446/6446 6447/6447
f 6448/6448 6449/6449 6450/6450
f 6451/6451 6452/6452 6453/6453
f 6454/6454 6455/6455 6456/6456
f 6457/6457 6458/6458 6459/6459
f 6460/6460 6461/6461 6462/6462
f 6463/6463 6464/6464 6465/6465
f 6466/6466 6467/6467 6468/6468
f 6469/6469 6470/6470 6471/6471
f 6472/6472 6473/6473 6474/6474
f 6475/6475 6476/6476 6477/6477
f 6478/6478 6479/6479 6480/6480
f 6481/6481 6482/6482 6483/6483
f 6484/6484 6485/6485 6486/6486
f 6487/6487 6488/6488 6489/6489
f 6490/6490 6491/6491 6492/6492
f 6493/6493 6494/6494 6495/6495
f 6496/6496 6497/6497 6498/6498
f 6499/6499 6500/6500 6501/6501
f 6502/6502 6503/6503 6504/6504
f 6505/6505 6506/6506 6507/6507
f 6508/6508 6509/6509 6510/6510
f 6511/6511 6512/6512 6513/6513
f 6514/6514 6515/6515 6516/6516
f 6517/6517 6518/6518 6519/6519
f 6520/6520 6521/6521 6522/6522
f 6523/6523 6524/6524 6525/6525
f 6526/6526 6527/6527 6528/6528
f 6529/6529 6530/6530 6531/6531
f 6532/6532 6533/6533 6534/6534
f 6535/6535 6536/6536 6537/6537
f 6538/6538 6539/6539 6540/6540
f 6541/6541 6542/6542 6543/6543
f 6544/6544 6545/6545 6546/6546
f 6547/6547 6548/6548 6549/6549
f 6550/6550 6551/6551 6552/6552
f 6553/6553 6554/6554 6555/6555
f 6556/6556 6557/6557 6558/6558
f 6559/6559 6560/6560 6561/6561
f 6562/6562 6563/6563 6564/6564
f 6565/6565 6566/6566 6567/6567
f 6568/6568 6569/6569 6570/6570
f 6571/6571 6572/6572 6573/6573
f 6574/6574 6575/6575 6576/6576
f 6577/6577 6578/6578 6579/6579
f 6580/6580 6581/6581 6582/6582
f 6583/6583 6584/6584 6585/6585
f 6586/6586 6587/6587 6588/6588
f 6589/6589 6590/6590 6591/6591
f 6592/6592 6593/6593 6594/6594
f 6595/6595 6596/6596 6597/6597
f 6598/6598 6599/6599 6600/6600
f 6601/6601 6602/6602 6603/6603
f 6604/6604 6605/6605 6606/6606
f 6607/6607 6608/6608 6609/6609
f 6610/6610 6611/6611 6612/6612
f 6613/6613 6614/6614 6615/6615
f 6616/6616 6617/6617 6618/6618
f 6619/6619 6620/6620 6621/6621
f 6622/6622 6623/6623 6624/6624
f 6625/6625 6626/6626 6627/6627
f 6628/6628 6629/6629 6630/6630
f 6631/6631 6632/6632 6633/6633
f 6634/6634 6635/6635 6636/6636
f 6637/6637 6638/6638 6639/6639
f 6640/6640 6641/6641 6642/6642
f 6643/6643 6644/6644 6645/6645
f 6646/6646 6647/6647 6648/6648
f 6649/6649 6650/6650 6651/6651
f 6652/6652 6653/6653 6654/6654
f 6655/6655 6656/6656 6657/6657
f 6658/6658 6659/6659 6660/6660
f 6661/6661 6662/6662 6663/6663
f 6664/6664 6665/6665 6666/6666
f 6667/6667 6668/6668 6669/6669
f 6670/6670 6671/6671 6672/6672
f 6673/6673 6674/6674 6675/6675
f 6676/6676 6677/6677 6678/6678
f 6679/6679 6680/6680 6681/6681
f 6682/6682 6683/6683 6684/6684
f 6685/6685 6686/6686 6687/6687
f 6688/6688 6689/6689 6690/6690
f 6691/6691 6692/6692 6693/6693
f 6694/6694 6695/6695 6696/6696
f 6697/6697 6698/6698 6699/6699
f 6700/6700 6701/6701 6702/6702
f 6703/6703 6704/6704 6705/6705
f 6706/6706 6707/6707 6708/6708
f 6709/6709 6710/6710 6711/6711
f 6712/6712 6713/6713 6714/6714
f 6715/6715 6716/6716 6717/6717
f 6718/6718 6719/6719 6720/6720
f 6721/6721 6722/6722 6723/6723
f 6724/6724 6725/6725 6726/6726
f 6727/6727 6728/6728 6729/6729
f 6730/6730 6731/6731 6732/6732
f 6733/6733 6734/6734 6735/6735
f 6736/6736 6737/6737 6738/6738
f 6739/6739 6740/6740 6741/6741
f 6742/6742 6743/6743 6744/6744
f 6745/6745 6746/6746 6747/6747
f 6748/6748 6749/6749 6750/6750
f 6751/6751 6752/6752 6753/6753
f 6754/6754 6755/6755 6756/6756
f 6757/6757 6758/6758 6759/6759
f 6760/6760 6761/6761 6762/6762
f 6763/6763 6764/6764 6765/6765
f 6766/6766 6767/6767 6768/6768
f 6769/6769 6770/6770 6771/6771
f 6772/6772 6773/6773 6774/6774
f 6775/6775 6776/6776 6777/6777
f 6778/6778 6779/6779 6780/6780
f 6781/6781 6782/6782 6783/6783
f 6784/6784 6785/6785 6786/6786
f 6787/6787 6788/6788 6789/6789
f 6790/6790 6791/6791 6792/6792
f 6793/6793 6794/6794 6795/6795
f 6796/6796 6797/6797 6798/6798
f 6799/6799 6800/6800 6801/6801
f 6802/6802 6803/6803 6804/6804
f 6805/6805 6806/6806 6807/6807
f 6808/6808 6809/6809 6810/6810
f 6811/6811 6812/6812 6813/6813
f 6814/6814 6815/6815 6816/6816
f 6817/6817 6818/6818 6819/6819
f 6820/6820 6821/6821 6822/6822
f 6823/6823 6824/6824 6825/6825
f 6826/6826 6827/6827 6828/6828
f 6829/6829 6830/6830 6831/6831
f 6832/6832 6833/6833 6834/6834
f 6835/6835 6836/6836 6837/6837
f 6838/6838 6839/6839 6840/6840
f 6841/6841 6842/6842 6843/6843
f 6844/6844 6845/6845 6846/6846
f 6847/6847 6848/6848 6849/6849
f 6850/6850 6851/6851 6852/6852
f 6853/6853 6854/6854 6855/6855
f 6856/6856 6857/6857 6858/6858
f 6859/6859 6860/6860 6861/6861
f 6862/6862 6863/6863 6864/6864
f 6865/6865 6866/6866 6867/6867
f 6868/6868 6869/6869 6870/6870
f 6871/6871 6872/6872 6873/6873
f 6874/6874 6875/6875 6876/6876
f 6877/6877 6878/6878 6879/6879
f 6880/6880 6881/6881 6882/6882
f 6883/6883 6884/6884 6885/6885
f 6886/6886 6887/6887 6888/6888
f 6889/6889 6890/6890 6891/6891
f 6892/6892 6893/6893 6894/6894
f 6895/6895 6896/6896 6897/6897
f 6898/6898 6899/6899 6900/6900
f 6901/6901 6902/6902 6903/6903
f 6904/6904 6905/6905 6906/6906
f 6907/6907 6908/6908 6909/6909
f 6910/6910 6911/6911 6912/6912
f 6913/6913 6914/6914 6915/6915
f 6916/6916 6917/6917 6918/6918
f 6919/6919 6920/6920 6921/6921
f 6922/6922 6923/6923 6924/6924
f 6925/6925 6926/6926 6927/6927
f 6928/6928 6929/6929 6930/6930
f 6931/6931 6932/6932 6933/6933
f 6934/6934 6935/6935 6936/6936
f 6937/6937 6938/6938 6939/6939
f 6940/6940 6941/6941 6942/6942
f 6943/6943 6944/6944 6945/6945
f 6946/6946 6947/6947 6948/6948
f 6949/6949 6950/6950 6951/6951
f 6952/6952 6953/6953 6954/6954
f 6955/6955 6956/6956 6957/6957
f 6958/6958 6959/6959 6960/6960
f 6961/6961 6962/6962 6963/6963
f 6964/6964 6965/6965 6966/6966
f 6967/6967 6968/6968 6969/6969
f 6970/6970 6971/6971 6972/6972
f 6973/6973 6974/6974 6975/6975
f 6976/6976 6977/6977 6978/6978
f 6979/6979 6980/6980 6981/6981
f 6982/6982 6983/6983 6984/6984
f 6985/6985 6986/6986 6987/6987
f 6988/6988 6989/6989 6990/6990
f 6991/6991 6992/6992 6993/6993
f 6994/6994 6995/6995 6996/6996
f 6997/6997 6998/6998 6999/6999
f 7000/7000 7001/7001 7002/7002
f 7003/7003 7004/7004 7005/7005
f 7006/7006 7007/7007 7008/7008
f 7009/7009 7010/7010 7011/7011
f 7012/7012 7013/7013 7014/7014
f 7015/7015 7016/7016 7017/7017
f 7018/7018 7019/7019 7020/7020
f 7021/7021 7022/7022 7023/7023
f 7024/7024 7025/7025 7026/7026
f 7027/7027 7028/7028 7029/7029
f 7030/7030 7031/7031 7032/7032
f 7033/7033 7034/7034 7035/7035
f 7036/7036 7037/7037 7038/7038
f 7039/7039 7040/7040 7041/7041
f 7042/7042 7043/7043 7044/7044
f 7045/7045 7046/7046 7047/7047
f 7048/7048 7049/7049 7050/7050
f 7051/7051 7052/7052 7053/7053
f 7054/7054 7055/7055 7056/7056
f 7057/7057 7058/7058 7059/7059
f 7060/7060 7061/7061 7062/7062
f 7063/7063 7064/7064 7065/7065
f 7066/7066 7067/7067 7068/7068
f 7069/7069 7070/7070 7071/7071
f 7072/7072 7073/7073 7074/7074
f 7075/7075 7076/7076 7077/7077
f 7078/7078 7079/7079 7080/7080
f 7081/7081 7082/7082 7083/7083
f 7084/7084 7085/7085 7086/7086
f 7087/7087 7088/7088 7089/7089
f 7090/7090 7091/7091 7092/7092
f 7093/7093 7094/7094 7095/7095
f 7096/7096 7097/7097 7098/7098
f 7099/7099 7100/7100 7101/7101
f 7102/7102 7103/7103 7104/7104
f 7105/7105 7106/7106 7107/7107
f 7108/7108 7109/7109 7110/7110
f 7111/7111 7112/7112 7113/7113
f 7114/7114 7115/7115 7116/7116
f 7117/7117 7118/7118 7119/7119
f 7120/7120 7121/7121 7122/7122
f 7123/7123 7124/7124 7125/7125
f 7126/7126 7127/7127 7128/7128
f 7129/7129 7130/7130 7131/7131
f 7132/7132 7133/7133 7134/7134
f 7135/7135 7136/7136 7137/7137
f 7138/7138 7139/7139 7140/7140
f 7141/7141 7142/7142 7143/7143
f 7144/7144 7145/7145 7146/7146
f 7147/7147 7148/7148 7149/7149
f 7150/7150 7151/7151 7152/7152
f 7153/7153 7154/7154 7155/7155
f 7156/7156 7157/7157 7158/7158
f 7159/7159 7160/7160 7161/7161
f 7162/7162 7163/7163 7164/7164
f 7165/7165 7166/7166 7167/7167
f 7168/7168 7169/7169 7170/7170
f 7171/7171 7172/7172 7173/7173
f 7174/7174 7175/7175 7176/7176
f 7177/7177 7178/7178 7179/7179
f 7180/7180 7181/7181 7182/7182
f 7183/7183 7184/7184 7185/7185
f 7186/7186 7187/7187 7188/7188
f 7189/7189 7190/7190 7191/7191
f 7192/7192 7193/7193 7194/7194
f 7195/7195 7196/7196 7197/7197
f 7198/7198 7199/7199 7200/7200
f 7201/7201 7202/7202 7203/7203
f 7204/7204 7205/7205 7206/7206
f 7207/7207 7208/7208 7209/7209
f 7210/7210 7211/7211 7212/7212
f 7213/7213 7214/7214 7215/7215
f 7216/7216 7217/7217 7218/7218
f 7219/7219 7220/7220 7221/7221
f 7222/7222 7223/7223 7224/7224
f 7225/7225 7226/7226 7227/7227
f 7228/7228 7229/7229 7230/7230
f 7231/7231 7232/7232 7233/7233
f 7234/7234 7235/7235 7236/7236
f 7237/7237 7238/7238 7239/7239
f 7240/7240 7241/7241 7242/7242
f 7243/7243 7244/7244 7245/7245
f 7246/7246 7247/7247 7248/7248
f 7249/7249 7250/7250 7251/7251
f 7252/7252 7253/7253 7254/7254
f 7255/7255 7256/7256 7257/7257
f 7258/7258 7259/7259 7260/7260
f 7261/7261 7262/7262 7263/7263
f 7264/7264 7265/7265 7266/7266
f 7267/7267 7268/7268 7269/7269
f 7270/7270 7271/7271 7272/7272
f 7273/7273 7274/7274 7275/7275
f 7276/7276 7277/7277 7278/7278
f 7279/7279 7280/7280 7281/7281
f 7282/7282 7283/7283 7284/7284
f 7285/7285 7286/7286 7287/7287
f 7288/7288 7289/7289 7290/7290
f 7291/7291 7292/7292 7293/7293
f 7294/7294 7295/7295 7296/7296
f 7297/7297 7298/7298 7299/7299
f 7300/7300 7301/7301 7302/7302
f 7303/7303 7304/7304 7305/7305
f 7306/7306 7307/7307 7308/7308
f 7309/7309 7310/7310 7311/7311
f 7312/7312 7313/7313 7314/7314
f 7315/7315 7316/7316 7317/7317
f 7318/7318 7319/7319 7320/7320
f 7321/7321 7322/7322 7323/7323
f 7324/7324 7325/7325 7326/7326
f 7327/7327 7328/7328 7329/7329
f 7330/7330 7331/7331 7332/7332
f 7333/7333 7334/7334 7335/7335
f 7336/7336 7337/7337 7338/7338
f 7339/7339 7340/7340 7341/7341
f 7342/7342 7343/7343 7344/7344
f 7345/7345 7346/7346 7347/7347
f 7348/7348 7349/7349 7350/7350
f 7351/7351 7352/7352 7353/7353
f 7354/7354 7355/7355 7356/7356
f 7357/7357 7358/7358 7359/7359
f 7360/7360 7361/7361 7362/7362
f 7363/7363 7364/7364 7365/7365
f 7366/7366 7367/7367 7368/7368
f 7369/7369 7370/7370 7371/7371
f 7372/7372 7373/7373 7374/7374
f 7375/7375 7376/7376 7377/7377
f 7378/7378 7379/7379 7380/7380
f 7381/7381 7382/7382 7383/7383
f 7384/7384 7385/7385 7386/7386
f 7387/7387 7388/7388 7389/7389
f 7390/7390 7391/7391 7392/7392
f 7393/7393 7394/7394 7395/7395
f 7396/7396 7397/7397 7398/7398
f 7399/7399 7400/7400 7401/7401
f 7402/7402 7403/7403 7404/7404
f 7405/7405 7406/7406 7407/7407
f 7408/7408 7409/7409 7410/7410
f 7411/7411 7412/7412 7413/7413
f 7414/7414 7415/7415 7416/7416
f 7417/7417 7418/7418 7419/7419
f 7420/7420 7421/7421 7422/7422
f 7423/7423 7424/7424 7425/7425
f 7426/7426 7427/7427 7428/7428
f 7429/7429 7430/7430 7431/7431
f 7432/7432 7433/7433 7434/7434
f 7435/7435 7436/7436 7437/7437
f 7438/7438 7439/7439 7440/7440
f 7441/7441 7442/7442 7443/7443
f 7444/7444 7445/7445 7446/7446
f 7447/7447 7448/7448 7449/7449
f 7450/7450 7451/7451 7452/7452
f 7453/7453 7454/7454 7455/7455
f 7456/7456 7457/7457 7458/7458
f 7459/7459 7460/7460 7461/7461
f 7462/7462 7463/7463 7464/7464
f 7465/7465 7466/7466 7467/7467
f 7468/7468 7469/7469 7470/7470
f 7471/7471 7472/7472 7473/7473
f 7474/7474 7475/7475 7476/7476
f 7477/7477 7478/7478 7479/7479
f 7480/7480 7481/7481 7482/7482
f 7483/7483 7484/7484 7485/7485
f 7486/7486 7487/7487 7488/7488
f 7489/7489 7490/7490 7491/7491
f 7492/7492 7493/7493 7494/7494
f 7495/7495 7496/7496 7497/7497
f 7498/7498 7499/7499 7500/7500
f 7501/7501 7502/7502 7503/7503
f 7504/7504 7505/7505 7506/7506
f 7507/7507 7508/7508 7509/7509
f 7510/7510 7511/7511 7512/7512
f 7513/7513 7514/7514 7515/7515
f 7516/7516 7517/7517 7518/7518
f 7519/7519 7520/7520 7521/7521
f 7522/7522 7523/7523 7524/7524
f 7525/7525 7526/7526 7527/7527
f 7528/7528 7529/7529 7530/7530
f 7531/7531 7532/7532 7533/7533
f 7534/7534 7535/7535 7536/7536
f 7537/7537 7538/7538 7539/7539
f 7540/7540 7541/7541 7542/7542
f 7543/7543 7544/7544 7545/7545
f 7546/7546 7547/7547 7548/7548
f 7549/7549 7550/7550 7551/7551
f 7552/7552 7553/7553 7554/7554
f 7555/7555 7556/7556 7557/7557
f 7558/7558 7559/7559 7560/7560
f 7561/7561 7562/7562 7563/7563
f 7564/7564 7565/7565 7566/7566
f 7567/7567 7568/7568 7569/7569
f 7570/7570 7571/7571 7572/7572
f 7573/7573 7574/7574 7575/7575
f 7576/7576 7577/7577 7578/7578
f 7579/7579 7580/7580 7581/7581
f 7582/7582 7583/7583 7584/7584
f 7585/7585 7586/7586 7587/7587
f 7588/7588 7589/7589 7590/7590
f 7591/7591 7592/7592 7593/7593
f 7594/7594 7595/7595 7596/7596
f 7597/7597 7598/7598 7599/7599
f 7600/7600 7601/7601 7602/7602
f 7603/7603 7604/7604 7605/7605
f 7606/7606 7607/7607 7608/7608
f 7609/7609 7610/7610 7611/7611
f 7612/7612 7613/7613 7614/7614
f 7615/7615 7616/7616 7617/7617
f 7618/7618 7619/7619 7620/7620
f 7621/7621 7622/7622 7623/7623
f 7624/7624 7625/7625 7626/7626
f 7627/7627 7628/7628 7629/7629
f 7630/7630 7631/7631 7632/7632
f 7633/7633 7634/7634 7635/7635
f 7636/7636 7637/7637 7638/7638
f 7639/7639 7640/7640 7641/7641
f 7642/7642 7643/7643 7644/7644
f 7645/7645 7646/7646 7647/7647
f 7648/7648 7649/7649 7650/7650
f 7651/7651 7652/7652 7653/7653
f 7654/7654 7655/7655 7656/7656
f 7657/7657 7658/7658 7659/7659
f 7660/7660 7661/7661 7662/7662
f 7663/7663 7664/7664 7665/7665
f 7666/7666 7667/7667 7668/7668
f 7669/7669 7670/7670 7671/7671
f 7672/7672 7673/7673 7674/7674
f 7675/7675 7676/7676 7677/7677
f 7678/7678 7679/7679 7680/7680
f 7681/7681 7682/7682 7683/7683
f 7684/7684 7685/7685 7686/7686
f 7687/7687 7688/7688 7689/7689
f 7690/7690 7691/7691 7692/7692
f 7693/7693 7694/7694 7695/7695
f 7696/7696 7697/7697 7698/7698
f 7699/7699 7700/7700 7701/7701
f 7702/7702 7703/7703 7704/7704
f 7705/7705 7706/7706 7707/7707
f 7708/7708 7709/7709 7710/7710
f 7711/7711 7712/7712 7713/7713
f 7714/7714 7715/7715 7716/7716
f 7717/7717 7718/7718 7719/7719
f 7720/7720 7721/7721 7722/7722
f 7723/7723 7724/7724 7725/7725
f 7726/7726 7727/7727 7728/7728
f 7729/7729 7730/7730 7731/7731
f 7732/7732 7733/7733 7734/7734
f 7735/7735 7736/7736 7737/7737
f 7738/7738 7739/7739 7740/7740
f 7741/7741 7742/7742 7743/7743
f 7744/7744 7745/7745 7746/7746
f 7747/7747 7748/7748 7749/7749
f 7750/7750 7751/7751 7752/7752
f 7753/7753 7754/7754 7755/7755
f 7756/7756 7757/7757 7758/7758
f 7759/7759 7760/7760 7761/7761
f 7762/7762 7763/7763 7764/7764
f 7765/7765 7766/7766 7767/7767
f 7768/7768 7769/7769 7770/7770
f 7771/7771 7772/7772 7773/7773
f 7774/7774 7775/7775 7776/7776
f 7777/7777 7778/7778 7779/7779
f 7780/7780 7781/7781 7782/7782
f 7783/7783 7784/7784 7785/7785
f 7786/7786 7787/7787 7788/7788
f 7789/7789 7790/7790 7791/7791
f 7792/7792 7793/7793 7794/7794
f 7795/7795 7796/7796 7797/7797
f 7798/7798 7799/7799 7800/7800
f 7801/7801 7802/7802 7803/7803
f 7804/7804 7805/7805 7806/7806
f 7807/7807 7808/7808 7809/7809
f 7810/7810 7811/7811 7812/7812
f 7813/7813 7814/7814 7815/7815
f 7816/7816 7817/7817 7818/7818
f 7819/7819 7820/7820 7821/7821
f 7822/7822 7823/7823 7824/7824
f 7825/7825 7826/7826 7827/7827
f 7828/7828 7829/7829 7830/7830
f 7831/7831 7832/7832 7833/7833
f 7834/7834 7835/7835 7836/7836
f 7837/7837 7838/7838 7839/7839
f 7840/7840 7841/7841 7842/7842
f 7843/7843 7844/7844 7845/7845
f 7846/7846 7847/7847 7848/7848
f 7849/7849 7850/7850 7851/7851
f 7852/7852 7853/7853 7854/7854
f 7855/7855 7856/7856 7857/7857
f 7858/7858 7859/7859 7860/7860
f 7861/7861 7862/7862 7863/7863
f 7864/7864 7865/7865 7866/7866
f 7867/7867 7868/7868 7869/7869
f 7870/7870 7871/7871 7872/7872
f 7873/7873 7874/7874 7875/7875
f 7876/7876 7877/7877 7878/7878
f 7879/7879 7880/7880 7881/7881
f 7882/7882 7883/7883 7884/7884
f 7885/7885 7886/7886 7887/7887
f 7888/7888 7889/7889 7890/7890
f 7891/7891 7892/7892 7893/7893
f 7894/7894 7895/7895 7896/7896
f 7897/7897 7898/7898 7899/7899
f 7900/7900 7901/7901 7902/7902
f 7903/7903 7904/7904 7905/7905
f 7906/7906 7907/7907 7908/7908
f 7909/7909 7910/7910 7911/7911
f 7912/7912 7913/7913 7914/7914
f 7915/7915 7916/7916 7917/7917
f 7918/7918 7919/7919 7920/7920
f 7921/7921 7922/7922 7923/7923
f 7924/7924 7925/7925 7926/7926
f 7927/7927 7928/7928 7929/7929
f 7930/7930 7931/7931 7932/7932
f 7933/7933 7934/7934 7935/7935
f 7936/7936 7937/7937 7938/7938
f 7939/7939 7940/7940 7941/7941
f 7942/7942 7943/7943 7944/7944
f 7945/7945 7946/7946 7947/7947
f 7948/7948 7949/7949 7950/7950
f 7951/7951 7952/7952 7953/7953
f 7954/7954 7955/7955 7956/7956
f 7957/7957 7958/7958 7959/7959
f 7960/7960 7961/7961 7962/7962
f 7963/7963 7964/7964 7965/7965
f 7966/7966 7967/7967 7968/7968
f 7969/7969 7970/7970 7971/7971
f 7972/7972 7973/7973 7974/7974
f 7975/7975 7976/7976 7977/7977
f 7978/7978 7979/7979 7980/7980
f 7981/7981 7982/7982 7983/7983
f 7984/7984 7985/7985 7986/7986
f 7987/7987 7988/7988 7989/7989
f 7990/7990 7991/7991 7992/7992
f 7993/7993 7994/7994 7995/7995
f 7996/7996 7997/7997 7998/7998
f 7999/7999 8000/8000 8001/8001
f 8002/8002 8003/8003 8004/8004
f 8005/8005 8006/8006 8007/8007
f 8008/8008 8009/8009 8010/8010
f 8011/8011 8012/8012 8013/8013
f 8014/8014 8015/8015 8016/8016
f 8017/8017 8018/8018 8019/8019
f 8020/8020 8021/8021 8022/8022
f 8023/8023 8024/8024 8025/8025
f 8026/8026 8027/8027 8028/8028
f 8029/8029 8030/8030 8031/8031
f 8032/8032 8033/8033 8034/8034
f 8035/8035 8036/8036 8037/8037
f 8038/8038 8039/8039 8040/8040
f 8041/8041 8042/8042 8043/8043
f 8044/8044 8045/8045 8046/8046
f 8047/8047 8048/8048 8049/8049
f 8050/8050 8051/8051 8052/8052
f 8053/8053 8054/8054 8055/8055
f 8056/8056 8057/8057 8058/8058
f 8059/8059 8060/8060 8061/8061
f 8062/8062 8063/8063 8064/8064
f 8065/8065 8066/8066 8067/8067
f 8068/8068 8069/8069 8070/8070
f 8071/8071 8072/8072 8073/8073
f 8074/8074 8075/8075 8076/8076
f 8077/8077 8078/8078 8079/8079
f 8080/8080 8081/8081 8082/8082
f 8083/8083 8084/8084 8085/8085
f 8086/8086 8087/8087 8088/8088
f 8089/8089 8090/8090 8091/8091
f 8092/8092 8093/8093 8094/8094
f 8095/8095 8096/8096 8097/8097
f 8098/8098 8099/8099 8100/8100
f 8101/8101 8102/8102 8103/8103
f 8104/8104 8105/8105 8106/8106
f 8107/8107 8108/8108 8109/8109
f 8110/8110 8111/8111 8112/8112
f 8113/8113 8114/8114 8115/8115
f 8116/8116 8117/8117 8118/8118
f 8119/8119 8120/8120 8121/8121
f 8122/8122 8123/8123 8124/8124
f 8125/8125 8126/8126 8127/8127
f 8128/8128 8129/8129 8130/8130
f 8131/8131 8132/8132 8133/8133
f 8134/8134 8135/8135 8136/8136
f 8137/8137 8138/8138 8139/8139
f 8140/8140 8141/8141 8142/8142
f 8143/8143 8144/8144 8145/8145
f 8146/8146 8147/8147 8148/8148
f 8149/8149 8150/8150 8151/8151
f 8152/8152 8153/8153 8154/8154
f 8155/8155 8156/8156 8157/8157
f 8158/8158 8159/8159 8160/8160
f 8161/8161 8162/8162 8163/8163
f 8164/8164 8165/8165 8166/8166
f 8167/8167 8168/8168 8169/8169
f 8170/8170 8171/8171 8172/8172
f 8173/8173 8174/8174 8175/8175
f 8176/8176 8177/8177 8178/8178
f 8179/8179 8180/8180 8181/8181
f 8182/8182 8183/8183 8184/8184
f 8185/8185 8186/8186 8187/8187
f 8188/8188 8189/8189 8190/8190
f 8191/8191 8192/8192 8193/8193
f 8194/8194 8195/8195 8196/8196
f 8197/8197 8198/8198 8199/8199
f 8200/8200 8201/8201 8202/8202
f 8203/8203 8204/8204 8205/8205
f 8206/8206 8207/8207 8208/8208
f 8209/8209 8210/8210 8211/8211
f 8212/8212 8213/8213 8214/8214
f 8215/8215 8216/8216 8217/8217
f 8218/8218 8219/8219 8220/8220
f 8221/8221 8222/8222 8223/8223
f 8224/8224 8225/8225 8226/8226
f 8227/8227 8228/8228 8229/8229
f 8230/8230 8231/8231 8232/8232
f 8233/8233 8234/8234 8235/8235
f 8236/8236 8237/8237 8238/8238
f 8239/8239 8240/8240 8241/8241
f 8242/8242 8243/8243 8244/8244
f 8245/8245 8246/8246 8247/8247
f 8248/8248 8249/8249 8250/8250
f 8251/8251 8252/8252 8253/8253
f 8254/8254 8255/8255 8256/8256
f 8257/8257 8258/8258 8259/8259
f 8260/8260 8261/8261 8262/8262
f 8263/8263 8264/8264 8265/8265
f 8266/8266 8267/8267 8268/8268
f 8269/8269 8270/8270 8271/8271
f 8272/8272 8273/8273 8274/8274
f 8275/8275 8276/8276 8277/8277
f 8278/8278 8279/8279 8280/8280
f 8281/8281 8282/8282 8283/8283
f 8284/8284 8285/8285 8286/8286
f 8287/8287 8288/8288 8289/8289
f 8290/8290 8291/8291 8292/8292
f 8293/8293 8294/8294 8295/8295
f 8296/8296 8297/8297 8298/8298
f 8299/8299 8300/8300 8301/8301
f 8302/8302 8303/8303 8304/8304
f 8305/8305 8306/8306 8307/8307
f 8308/8308 8309/8309 8310/8310
f 8311/8311 8312/8312 8313/8313
f 8314/8314 8315/8315 8316/8316
f 8317/8317 8318/8318 8319/8319
f 8320/8320 8321/8321 8322/8322
f 8323/8323 8324/8324 8325/8325
f 8326/8326 8327/8327 8328/8328
f 8329/8329 8330/8330 8331/8331
f 8332/8332 8333/8333 8334/8334
f 8335/8335 8336/8336 8337/8337
f 8338/8338 8339/8339 8340/8340
f 8341/8341 8342/8342 8343/8343
f 8344/8344 8345/8345 8346/8346
f 8347/8347 8348/8348 8349/8349
f 8350/8350 8351/8351 8352/8352
f 8353/8353 8354/8354 8355/8355
f 8356/8356 8357/8357 8358/8358
f 8359/8359 8360/8360 8361/8361
f 8362/8362 8363/8363 8364/8364
f 8365/8365 8366/8366 8367/8367
f 8368/8368 8369/8369 8370/8370
f 8371/8371 8372/8372 8373/8373
f 8374/8374 8375/8375 8376/8376
f 8377/8377 8378/8378 8379/8379
f 8380/8380 8381/8381 8382/8382
f 8383/8383 8384/8384 8385/8385
f 8386/8386 8387/8387 8388/8388
f 8389/8389 8390/8390 8391/8391
f 8392/8392 8393/8393 8394/8394
f 8395/8395 8396/8396 8397/8397
f 8398/8398 8399/8399 8400/8400
f 8401/8401 8402/8402 8403/8403
f 8404/8404 8405/8405 8406/8406
f 8407/8407 8408/8408 8409/8409
f 8410/8410 8411/8411 8412/8412
f 8413/8413 8414/8414 8415/8415
f 8416/8416 8417/8417 8418/8418
f 8419/8419 8420/8420 8421/8421
f 8422/8422 8423/8423 8424/8424
f 8425/8425 8426/8426 8427/8427
f 8428/8428 8429/8429 8430/8430
f 8431/8431 8432/8432 8433/8433
f 8434/8434 8435/8435 8436/8436
f 8437/8437 8438/8438 8439/8439
f 8440/8440 8441/8441 8442/8442
f 8443/8443 8444/8444 8445/8445
f 8446/8446 8447/8447 8448/8448
f 8449/8449 8450/8450 8451/8451
f 8452/8452 8453/8453 8454/8454
f 8455/8455 8456/8456 8457/8457
f 8458/8458 8459/8459 8460/8460
f 8461/8461 8462/8462 8463/8463
f 8464/8464 8465/8465 8466/8466
f 8467/8467 8468/8468 8469/8469
f 8470/8470 8471/8471 8472/8472
f 8473/8473 8474/8474 8475/8475
f 8476/8476 8477/8477 8478/8478
f 8479/8479 8480/8480 8481/8481
f 8482/8482 8483/8483 8484/8484
f 8485/8485 8486/8486 8487/8487
f 8488/8488 8489/8489 8490/8490
f 8491/8491 8492/8492 8493/8493
f 8494/8494 8495/8495 8496/8496
f 8497/8497 8498/8498 8499/8499
f 8500/8500 8501/8501 8502/8502
f 8503/8503 8504/8504 8505/8505
f 8506/8506 8507/8507 8508/8508
f 8509/8509 8510/8510 8511/8511
f 8512/8512 8513/8513 8514/8514
f 8515/8515 8516/8516 8517/8517
f 8518/8518 8519/8519 8520/8520
f 8521/8521 8522/8522 8523/8523
f 8524/8524 8525/8525 8526/8526
f 8527/8527 8528/8528 8529/8529
f 8530/8530 8531/8531 8532/8532
f 8533/8533 8534/8534 8535/8535
f 8536/8536 8537/8537 8538/8538
f 8539/8539 8540/8540 8541/8541
f 8542/8542 8543/8543 8544/8544
f 8545/8545 8546/8546 8547/8547
f 8548/8548 8549/8549 8550/8550
f 8551/8551 8552/8552 8553/8553
f 8554/8554 8555/8555 8556/8556
f 8557/8557 8558/8558 8559/8559
f 8560/8560 8561/8561 8562/8562
f 8563/8563 8564/8564 8565/8565
f 8566/8566 8567/8567 8568/8568
f 8569/8569 8570/8570 8571/8571
f 8572/8572 8573/8573 8574/8574
f 8575/8575 8576/8576 8577/8577
f 8578/8578 8579/8579 8580/8580
f 8581/8581 8582/8582 8583/8583
f 8584/8584 8585/8585 8586/8586
f 8587/8587 8588/8588 8589/8589
f 8590/8590 8591/8591 8592/8592
f 8593/8593 8594/8594 8595/8595
f 8596/8596 8597/8597 8598/8598
f 8599/8599 8600/8600 8601/8601
f 8602/8602 8603/8603 8604/8604
f 8605/8605 8606/8606 8607/8607
f 8608/8608 8609/8609 8610/8610
f 8611/8611 8612/8612 8613/8613
f 8614/8614 8615/8615 8616/8616
f 8617/8617 8618/8618 8619/8619
f 8620/8620 8621/8621 8622/8622
f 8623/8623 8624/8624 8625/8625
f 8626/8626 8627/8627 8628/8628
f 8629/8629 8630/8630 8631/8631
f 8632/8632 8633/8633 8634/8634
f 8635/8635 8636/8636 8637/8637
f 8638/8638 8639/8639 8640/8640
f 8641/8641 8642/8642 8643/8643
f 8644/8644 8645/8645 8646/8646
f 8647/8647 8648/8648 8649/8649
f 8650/8650 8651/8651 8652/8652
f 8653/8653 8654/8654 8655/8655
f 8656/8656 8657/8657 8658/8658
f 8659/8659 8660/8660 8661/8661
f 8662/8662 8663/8663 8664/8664
f 8665/8665 8666/8666 8667/8667
f 8668/8668 8669/8669 8670/8670
f 8671/8671 8672/8672 8673/8673
f 8674/8674 8675/8675 8676/8676
f 8677/8677 8678/8678 8679/8679
f 8680/8680 8681/8681 8682/8682
f 8683/8683 8684/8684 8685/8685
f 8686/8686 8687/8687 8688/8688
f 8689/8689 8690/8690 8691/8691
f 8692/8692 8693/8693 8694/8694
f 8695/8695 8696/8696 8697/8697
f 8698/8698 8699/8699 8700/8700
f 8701/8701 8702/8702 8703/8703
f 8704/8704 8705/8705 8706/8706
f 8707/8707 8708/8708 8709/8709
f 8710/8710 8711/8711 8712/8712
f 8713/8713 8714/8714 8715/8715
f 8716/8716 8717/8717 8718/8718
f 8719/8719 8720/8720 8721/8721
f 8722/8722 8723/8723 8724/8724
f 8725/8725 8726/8726 8727/8727
f 8728/8728 8729/8729 8730/8730
f 8731/8731 8732/8732 8733/8733
f 8734/8734 8735/8735 8736/8736
f 8737/8737 8738/8738 8739/8739
f 8740/8740 8741/8741 8742/8742
f 8743/8743 8744/8744 8745/8745
f 8746/8746 8747/8747 8748/8748
f 8749/8749 8750/8750 8751/8751
f 8752/8752 8753/8753 8754/8754
f 8755/8755 8756/8756 8757/8757
f 8758/8758 8759/8759 8760/8760
f 8761/8761 8762/8762 8763/8763
f 8764/8764 8765/8765 8766/8766
f 8767/8767 8768/8768 8769/8769
f 8770/8770 8771/8771 8772/8772
f 8773/8773 8774/8774 8775/8775
f 8776/8776 8777/8777 8778/8778
f 8779/8779 8780/8780 8781/8781
f 8782/8782 8783/8783 8784/8784
f 8785/8785 8786/8786 8787/8787
f 8788/8788 8789/8789 8790/8790
f 8791/8791 8792/8792 8793/8793
f 8794/8794 8795/8795 8796/8796
f 8797/8797 8798/8798 8799/8799
f 8800/8800 8801/8801 8802/8802
f 8803/8803 8804/8804 8805/8805
f 8806/8806 8807/8807 8808/8808
f 8809/8809 8810/8810 8811/8811
f 8812/8812 8813/8813 8814/8814
f 8815/8815 8816/8816 8817/8817
f 8818/8818 8819/8819 8820/8820
f 8821/8821 8822/8822 8823/8823
f 8824/8824 8825/8825 8826/8826
f 8827/8827 8828/8828 8829/8829
f 8830/8830 8831/8831 8832/8832
f 8833/8833 8834/8834 8835/8835
f 8836/8836 8837/8837 8838/8838
f 8839/8839 8840/8840 8841/8841
f 8842/8842 8843/8843 8844/8844
f 8845/8845 8846/8846 8847/8847
f 8848/8848 8849/8849 8850/8850
f 8851/8851 8852/8852 8853/8853
f 8854/8854 8855/8855 8856/8856
f 8857/8857 8858/8858 8859/8859
f 8860/8860 8861/8861 8862/8862
f 8863/8863 8864/8864 8865/8865
f 8866/8866 8867/8867 8868/8868
f 8869/8869 8870/8870 8871/8871
f 8872/8872 8873/8873 8874/8874
f 8875/8875 8876/8876 8877/8877
f 8878/8878 8879/8879 8880/8880
f 8881/8881 8882/8882 8883/8883
f 8884/8884 8885/8885 8886/8886
f 8887/8887 8888/8888 8889/8889
f 8890/8890 8891/8891 8892/8892
f 8893/8893 8894/8894 8895/8895
f 8896/8896 8897/8897 8898/8898
f 8899/8899 8900/8900 8901/8901
f 8902/8902 8903/8903 8904/8904
f 8905/8905 8906/8906 8907/8907
f 8908/8908 8909/8909 8910/8910
f 8911/8911 8912/8912 8913/8913
f 8914/8914 8915/8915 8916/8916
f 8917/8917 8918/8918 8919/8919
f 8920/8920 8921/8921 8922/8922
f 8923/8923 8924/8924 8925/8925
f 8926/8926 8927/8927 8928/8928
f 8929/8929 8930/8930 8931/8931
f 8932/8932 8933/8933 8934/8934
f 8935/8935 8936/8936 8937/8937
f 8938/8938 8939/8939 8940/8940
f 8941/8941 8942/8942 8943/8943
f 8944/8944 8945/8945 8946/8946
f 8947/8947 8948/8948 8949/8949
f 8950/8950 8951/8951 8952/8952
f 8953/8953 8954/8954 8955/8955
f 8956/8956 8957/8957 8958/8958
f 8959/8959 8960/8960 8961/8961
f 8962/8962 8963/8963 8964/8964
f 8965/8965 8966/8966 8967/8967
f 8968/8968 8969/8969 8970/8970
f 8971/8971 8972/8972 8973/8973
f 8974/8974 8975/8975 8976/8976
f 8977/8977 8978/8978 8979/8979
f 8980/8980 8981/8981 8982/8982
f 8983/8983 8984/8984 8985/8985
f 8986/8986 8987/8987 8988/8988
f 8989/8989 8990/8990 8991/8991
f 8992/8992 8993/8993 8994/8994
f 8995/8995 8996/8996 8997/8997
f 8998/8998 8999/8999 9000/9000
f 9001/9001 9002/9002 9003/9003
f 9004/9004 9005/9005 9006/9006
f 9007/9007 9008/9008 9009/9009
f 9010/9010 9011/9011 9012/9012
f 9013/9013 9014/9014 9015/9015
f 9016/9016 9017/9017 9018/9018
f 9019/9019 9020/9020 9021/9021
f 9022/9022 9023/9023 9024/9024
f 9025/9025 9026/9026 9027/9027
f 9028/9028 9029/9029 9030/9030
f 9031/9031 9032/9032 9033/9033
f 9034/9034 9035/9035 9036/9036
f 9037/9037 9038/9038 9039/9039
f 9040/9040 9041/9041 9042/9042
f 9043/9043 9044/9044 9045/9045
f 9046/9046 9047/9047 9048/9048
f 9049/9049 9050/9050 9051/9051
f 9052/9052 9053/9053 9054/9054
f 9055/9055 9056/9056 9057/9057
f 9058/9058 9059/9059 9060/9060
f 9061/9061 9062/9062 9063/9063
f 9064/9064 9065/9065 9066/9066
f 9067/9067 9068/9068 9069/9069
f 9070/9070 9071/9071 9072/9072
f 9073/9073 9074/9074 9075/9075
f 9076/9076 9077/9077 9078/9078
f 9079/9079 9080/9080 9081/9081
f 9082/9082 9083/9083 9084/9084
f 9085/9085 9086/9086 9087/9087
f 9088/9088 9089/9089 9090/9090
f 9091/9091 9092/9092 9093/9093
f 9094/9094 9095/9095 9096/9096
f 9097/9097 9098/9098 9099/9099
f 9100/9100 9101/9101 9102/9102
f 9103/9103 9104/9104 9105/9105
f 9106/9106 9107/9107 9108/9108
f 9109/9109 9110/9110 9111/9111
f 9112/9112 9113/9113 9114/9114
f 9115/9115 9116/9116 9117/9117
f 9118/9118 9119/9119 9120/9120
f 9121/9121 9122/9122 9123/9123
f 9124/9124 9125/9125 9126/9126
f 9127/9127 9128/9128 9129/9129
f 9130/9130 9131/9131 9132/9132
f 9133/9133 9134/9134 9135/9135
f 9136/9136 9137/9137 9138/9138
f 9139/9139 9140/9140 9141/9141
f 9142/9142 9143/9143 9144/9144
f 9145/9145 9146/9146 9147/9147
f 9148/9148 9149/9149 9150/9150
f 9151/9151 9152/9152 9153/9153
f 9154/9154 9155/9155 9156/9156
f 9157/9157 9158/9158 9159/9159
f 9160/9160 9161/9161 9162/9162
f 9163/9163 9164/9164 9165/9165
f 9166/9166 9167/9167 9168/9168
f 9169/9169 9170/9170 9171/9171
f 9172/9172 9173/9173 9174/9174
f 9175/9175 9176/9176 9177/9177
f 9178/9178 9179/9179 9180/9180
f 9181/9181 9182/9182 9183/9183
f 9184/9184 9185/9185 9186/9186
f 9187/9187 9188/9188 9189/9189
f 9190/9190 9191/9191 9192/9192
f 9193/9193 9194/9194 9195/9195
f 9196/9196 9197/9197 9198/9198
f 9199/9199 9200/9200 9201/9201
f 9202/9202 9203/9203 9204/9204
f 9205/9205 9206/9206 9207/9207
f 9208/9208 9209/9209 9210/9210
f 9211/9211 9212/9212 9213/9213
f 9214/9214 9215/9215 9216/9216
f 9217/9217 9218/9218 9219/9219
f 9220/9220 9221/9221 9222/9222
f 9223/9223 9224/9224 9225/9225
f 9226/9226 9227/9227 9228/9228
f 9229/9229 9230/9230 9231/9231
f 9232/9232 9233/9233 9234/9234
f 9235/9235 9236/9236 9237/9237
f 9238/9238 9239/9239 9240/9240
f 9241/9241 9242/9242 9243/9243
f 9244/9244 9245/9245 9246/9246
f 9247/9247 9248/9248 9249/9249
f 9250/9250 9251/9251 9252/9252
f 9253/9253 9254/9254 9255/9255
f 9256/9256 9257/9257 9258/9258
f 9259/9259 9260/9260 9261/9261
f 9262/9262 9263/9263 9264/9264
f 9265/9265 9266/9266 9267/9267
f 9268/9268 9269/9269 9270/9270
f 9271/9271 9272/9272 9273/9273
f 9274/9274 9275/9275 9276/9276
f 9277/9277 9278/9278 9279/9279
f 9280/9280 9281/9281 9282/9282
f 9283/9283 9284/9284 9285/9285
f 9286/9286 9287/9287 9288/9288
f 9289/9289 9290/9290 9291/9291
f 9292/9292 9293/9293 9294/9294
f 9295/9295 9296/9296 9297/9297
f 9298/9298 9299/9299 9300/9300
f 9301/9301 9302/9302 9303/9303
f 9304/9304 9305/9305 9306/9306
f 9307/9307 9308/9308 9309/9309
f 9310/9310 9311/9311 9312/9312
f 9313/9313 9314/9314 9315/9315
f 9316/9316 9317/9317 9318/9318
f 9319/9319 9320/9320 9321/9321
f 9322/9322 9323/9323 9324/9324
f 9325/9325 9326/9326 9327/9327
f 9328/9328 9329/9329 9330/9330
f 9331/9331 9332/9332 9333/9333
f 9334/9334 9335/9335 9336/9336
f 9337/9337 9338/9338 9339/9339
f 9340/9340 9341/9341 9342/9342
f 9343/9343 9344/9344 9345/9345
f 9346/9346 9347/9347 9348/9348
f 9349/9349 9350/9350 9351/9351
f 9352/9352 9353/9353 9354/9354
f 9355/9355 9356/9356 9357/9357
f 9358/9358 9359/9359 9360/9360
f 9361/9361 9362/9362 9363/9363
f 9364/9364 9365/9365 9366/9366
f 9367/9367 9368/9368 9369/9369
f 9370/9370 9371/9371 9372/9372
f 9373/9373 9374/9374 9375/9375
f 9376/9376 9377/9377 9378/9378
f 9379/9379 9380/9380 9381/9381
f 9382/9382 9383/9383 9384/9384
f 9385/9385 9386/9386 9387/9387
f 9388/9388 9389/9389 9390/9390
f 9391/9391 9392/9392 9393/9393
f 9394/9394 9395/9395 9396/9396
f 9397/9397 9398/9398 9399/9399
f 9400/9400 9401/9401 9402/9402
f 9403/9403 9404/9404 9405/9405
f 9406/9406 9407/9407 9408/9408
f 9409/9409 9410/9410 9411/9411
f 9412/9412 9413/9413 9414/9414
f 9415/9415 9416/9416 9417/9417
f 9418/9418 9419/9419 9420/9420
f 9421/9421 9422/9422 9423/9423
f 9424/9424 9425/9425 9426/9426
f 9427/9427 9428/9428 9429/9429
f 9430/9430 9431/9431 9432/9432
f 9433/9433 9434/9434 9435/9435
f 9436/9436 9437/9437 9438/9438
f 9439/9439 9440/9440 9441/9441
f 9442/9442 9443/9443 9444/9444
f 9445/9445 9446/9446 9447/9447
f 9448/9448 9449/9449 9450/9450
f 9451/9451 9452/9452 9453/9453
f 9454/9454 9455/9455 9456/9456
f 9457/9457 9458/9458 9459/9459
f 9460/9460 9461/9461 9462/9462
f 9463/9463 9464/9464 9465/9465
f 9466/9466 9467/9467 9468/9468
f 9469/9469 9470/9470 9471/9471
f 9472/9472 9473/9473 9474/9474
f 9475/9475 9476/9476 9477/9477
f 9478/9478 9479/9479 9480/9480
f 9481/9481 9482/9482 9483/9483
f 9484/9484 9485/9485 9486/9486
f 9487/9487 9488/9488 9489/9489
f 9490/9490 9491/9491 9492/9492
f 9493/9493 9494/9494 9495/9495
f 9496/9496 9497/9497 9498/9498
f 9499/9499 9500/9500 9501/9501
f 9502/9502 9503/9503 9504/9504
f 9505/9505 9506/9506 9507/9507
f 9508/9508 9509/9509 9510/9510
f 9511/9511 9512/9512 9513/9513
f 9514/9514 9515/9515 9516/9516
f 9517/9517 9518/9518 9519/9519
f 9520/9520 9521/9521 9522/9522
f 9523/9523 9524/9524 9525/9525
f 9526/9526 9527/9527 9528/9528
f 9529/9529 9530/9530 9531/9531
f 9532/9532 9533/9533 9534/9534
f 9535/9535 9536/9536 9537/9537
f 9538/9538 9539/9539 9540/9540
f 9541/9541 9542/9542 9543/9543
f 9544/9544 9545/9545 9546/9546
f 9547/9547 9548/9548 9549/9549
f 9550/9550 9551/9551 9552/9552
f 9553/9553 9554/9554 9555/9555
f 9556/9556 9557/9557 9558/9558
f 9559/9559 9560/9560 9561/9561
f 9562/9562 9563/9563 9564/9564
f 9565/9565 9566/9566 9567/9567
f 9568/9568 9569/9569 9570/9570
f 9571/9571 9572/9572 9573/9573
f 9574/9574 9575/9575 9576/9576
f 9577/9577 9578/9578 9579/9579
f 9580/9580 9581/9581 9582/9582
f 9583/9583 9584/9584 9585/9585
f 9586/9586 9587/9587 9588/9588
f 9589/9589 9590/9590 9591/9591
f 9592/9592 9593/9593 9594/9594
f 9595/9595 9596/9596 9597/9597
f 9598/9598 9599/9599 9600/9600
f 9601/9601 9602/9602 9603/9603
f 9604/9604 9605/9605 9606/9606
f 9607/9607 9608/9608 9609/9609
f 9610/9610 9611/9611 9612/9612
f 9613/9613 9614/9614 9615/9615
f 9616/9616 9617/9617 9618/9618
f 9619/9619 9620/9620 9621/9621
f 9622/9622 9623/9623 9624/9624
f 9625/9625 9626/9626 9627/9627
f 9628/9628 9629/9629 9630/9630
f 9631/9631 9632/9632 9633/9633
f 9634/9634 9635/9635 9636/9636
f 9637/9637 9638/9638 9639/9639
f 9640/9640 9641/9641 9642/9642
f 9643/9643 9644/9644 9645/9645
f 9646/9646 9647/9647 9648/9648
f 9649/9649 9650/9650 9651/9651
f 9652/9652 9653/9653 9654/9654
f 9655/9655 9656/9656 9657/9657
f 9658/9658 9659/9659 9660/9660
f 9661/9661 9662/9662 9663/9663
f 9664/9664 9665/9665 9666/9666
f 9667/9667 9668/9668 9669/9669
f 9670/9670 9671/9671 9672/9672
f 9673/9673 9674/9674 9675/9675
f 9676/9676 9677/9677 9678/9678
f 9679/9679 9680/9680 9681/9681
f 9682/9682 9683/9683 9684/9684
f 9685/9685 9686/9686 9687/9687
f 9688/9688 9689/9689 9690/9690
f 9691/9691 9692/9692 9693/9693
f 9694/9694 9695/9695 9696/9696
f 9697/9697 9698/9698 9699/9699
f 9700/9700 9701/9701 9702/9702
f 9703/9703 9704/9704 9705/9705
f 9706/9706 9707/9707 9708/9708
f 9709/9709 9710/9710 9711/9711
f 9712/9712 9713/9713 9714/9714
f 9715/9715 9716/9716 9717/9717
f 9718/9718 9719/9719 9720/9720
f 9721/9721 9722/9722 9723/9723
f 9724/9724 9725/9725 9726/9726
f 9727/9727 9728/9728 9729/9729
f 9730/9730 9731/9731 9732/9732
f 9733/9733 9734/9734 9735/9735
f 9736/9736 9737/9737 9738/9738
f 9739/9739 9740/9740 9741/9741
f 9742/9742 9743/9743 9744/9744
f 9745/9745 9746/9746 9747/9747
f 9748/9748 9749/9749 9750/9750
f 9751/9751 9752/9752 9753/9753
f 9754/9754 9755/9755 9756/9756
f 9757/9757 9758/9758 9759/9759
f 9760/9760 9761/9761 9762/9762
f 9763/9763 9764/9764 9765/9765
f 9766/9766 9767/9767 9768/9768
f 9769/9769 9770/9770 9771/9771
f 9772/9772 9773/9773 9774/9774
f 9775/9775 9776/9776 9777/9777
f 9778/9778 9779/9779 9780/9780
f 9781/9781 9782/9782 9783/9783
f 9784/9784 9785/9785 9786/9786
f 9787/9787 9788/9788 9789/9789
f 9790/9790 9791/9791 9792/9792
f 9793/9793 9794/9794 9795/9795
f 9796/9796 9797/9797 9798/9798
f 9799/9799 9800/9800 9801/9801
f 9802/9802 9803/9803 9804/9804
f 9805/9805 9806/9806 9807/9807
f 9808/9808 9809/9809 9810/9810
f 9811/9811 9812/9812 9813/9813
f 9814/9814 9815/9815 9816/9816
f 9817/9817 9818/9818 9819/9819
f 9820/9820 9821/9821 9822/9822
f 9823/9823 9824/9824 9825/9825
f 9826/9826 9827/9827 9828/9828
f 9829/9829 9830/9830 9831/9831
f 9832/9832 9833/9833 9834/9834
f 9835/9835 9836/9836 9837/9837
f 9838/9838 9839/9839 9840/9840
f 9841/9841 9842/9842 9843/9843
f 9844/9844 9845/9845 9846/9846
f 9847/9847 9848/9848 9849/9849
f 9850/9850 9851/9851 9852/9852
f 9853/9853 9854/9854 9855/9855
f 9856/9856 9857/9857 9858/9858
f 9859/9859 9860/9860 9861/9861
f 9862/9862 9863/9863 9864/9864
f 9865/9865 9866/9866 9867/9867
f 9868/9868 9869/9869 9870/9870
f 9871/9871 9872/9872 9873/9873
f 9874/9874 9875/9875 9876/9876
f 9877/9877 9878/9878 9879/9879
f 9880/9880 9881/9881 9882/9882
f 9883/9883 9884/9884 9885/9885
f 9886/9886 9887/9887 9888/9888
f 9889/9889 9890/9890 9891/9891
f 9892/9892 9893/9893 9894/9894
f 9895/9895 9896/9896 9897/9897
f 9898/9898 9899/9899 9900/9900
f 9901/9901 9902/9902 9903/9903
f 9904/9904 9905/9905 9906/9906
f 9907/9907 9908/9908 9909/9909
f 9910/9910 9911/9911 9912/9912
f 9913/9913 9914/9914 9915/9915
f 9916/9916 9917/9917 9918/9918
f 9919/9919 9920/9920 9921/9921
f 9922/9922 9923/9923 9924/9924
f 9925/9925 9926/9926 9927/9927
f 9928/9928 9929/9929 9930/9930
f 9931/9931 9932/9932 9933/9933
f 9934/9934 9935/9935 9936/9936
f 9937/9937 9938/9938 9939/9939
f 9940/9940 9941/9941 9942/9942
f 9943/9943 9944/9944 9945/9945
f 9946/9946 9947/9947 9948/9948
f 9949/9949 9950/9950 9951/9951
f 9952/9952 9953/9953 9954/9954
f 9955/9955 9956/9956 9957/9957
f 9958/9958 9959/9959 9960/9960
f 9961/9961 9962/9962 9963/9963
f 9964/9964 9965/9965 9966/9966
f 9967/9967 9968/9968 9969/9969
f 9970/9970 9971/9971 9972/9972
f 9973/9973 9974/9974 9975/9975
f 9976/9976 9977/9977 9978/9978
f 9979/9979 9980/9980 9981/9981
f 9982/9982 9983/9983 9984/9984
f 9985/9985 9986/9986 9987/9987
f 9988/9988 9989/9989 9990/9990
f 9991/9991 9992/9992 9993/9993
f 9994/9994 9995/9995 9996/9996
f 9997/9997 9998/9998 9999/9999
f 10000/10000 10001/10001 10002/10002
f 10003/10003 10004/10004 10005/10005
f 10006/10006 10007/10007 10008/10008
f 10009/10009 10010/10010 10011/10011
f 10012/10012 10013/10013 10014/10014
f 10015/10015 10016/10016 10017/10017
f 10018/10018 10019/10019 10020/10020
f 10021/10021 10022/10022 10023/10023
f 10024/10024 10025/10025 10026/10026
f 10027/10027 10028/10028 10029/10029
f 10030/10030 10031/10031 10032/10032
f 10033/10033 10034/10034 10035/10035
f 10036/10036 10037/10037 10038/10038
f 10039/10039 10040/10040 10041/10041
f 10042/10042 10043/10043 10044/10044
f 10045/10045 10046/10046 10047/10047
f 10048/10048 10049/10049 10050/10050
f 10051/10051 10052/10052 10053/10053
f 10054/10054 10055/10055 10056/10056
f 10057/10057 10058/10058 10059/10059
f 10060/10060 10061/10061 10062/10062
f 10063/10063 10064/10064 10065/10065
f 10066/10066 10067/10067 10068/10068
f 10069/10069 10070/10070 10071/10071
f 10072/10072 10073/10073 10074/10074
f 10075/10075 10076/10076 10077/10077
f 10078/10078 10079/10079 10080/10080
f 10081/10081 10082/10082 10083/10083
f 10084/10084 10085/10085 10086/10086
f 10087/10087 10088/10088 10089/10089
f 10090/10090 10091/10091 10092/10092
f 10093/10093 10094/10094 10095/10095
f 10096/10096 10097/10097 10098/10098
f 10099/10099 10100/10100 10101/10101
f 10102/10102 10103/10103 10104/10104
f 10105/10105 10106/10106 10107/10107
f 10108/10108 10109/10109 10110/10110
f 10111/10111 10112/10112 10113/10113
f 10114/10114 10115/10115 10116/10116
f 10117/10117 10118/10118 10119/10119
f 10120/10120 10121/10121 10122/10122
f 10123/10123 10124/10124 10125/10125
f 10126/10126 10127/10127 10128/10128
f 10129/10129 10130/10130 10131/10131
f 10132/10132 10133/10133 10134/10134
f 10135/10135 10136/10136 10137/10137
f 10138/10138 10139/10139 10140/10140
f 10141/10141 10142/10142 10143/10143
f 10144/10144 10145/10145 10146/10146
f 10147/10147 10148/10148 10149/10149
f 10150/10150 10151/10151 10152/10152
f 10153/10153 10154/10154 10155/10155
f 10156/10156 10157/10157 10158/10158
f 10159/10159 10160/10160 10161/10161
f 10162/10162 10163/10163 10164/10164
f 10165/10165 10166/10166 10167/10167
f 10168/10168 10169/10169 10170/10170
f 10171/10171 10172/10172 10173/10173
f 10174/10174 10175/10175 10176/10176
f 10177/10177 10178/10178 10179/10179
f 10180/10180 10181/10181 10182/10182
f 10183/10183 10184/10184 10185/10185
f 10186/10186 10187/10187 10188/10188
f 10189/10189 10190/10190 10191/10191
f 10192/10192 10193/10193 10194/10194
f 10195/10195 10196/10196 10197/10197
f 10198/10198 10199/10199 10200/10200
f 10201/10201 10202/10202 10203/10203
f 10204/10204 10205/10205 10206/10206
f 10207/10207 10208/10208 10209/10209
f 10210/10210 10211/10211 10212/10212
f 10213/10213 10214/10214 10215/10215
f 10216/10216 10217/10217 10218/10218
f 10219/10219 10220/10220 10221/10221
f 10222/10222 10223/10223 10224/10224
f 10225/10225 10226/10226 10227/10227
f 10228/10228 10229/10229 10230/10230
f 10231/10231 10232/10232 10233/10233
f 10234/10234 10235/10235 10236/10236
f 10237/10237 10238/10238 10239/10239
f 10240/10240 10241/10241 10242/10242
f 10243/10243 10244/10244 10245/10245
f 10246/10246 10247/10247 10248/10248
f 10249/10249 10250/10250 10251/10251
f 10252/10252 10253/10253 10254/10254
f 10255/10255 10256/10256 10257/10257
f 10258/10258 10259/10259 10260/10260
f 10261/10261 10262/10262 10263/10263
f 10264/10264 10265/10265 10266/10266
f 10267/10267 10268/10268 10269/10269
f 10270/10270 10271/10271 10272/10272
f 10273/10273 10274/10274 10275/10275
f 10276/10276 10277/10277 10278/10278
f 10279/10279 10280/10280 10281/10281
f 10282/10282 10283/10283 10284/10284
f 10285/10285 10286/10286 10287/10287
f 10288/10288 10289/10289 10290/10290
f 10291/10291 10292/10292 10293/10293
f 10294/10294 10295/10295 10296/10296
f 10297/10297 10298/10298 10299/10299
f 10300/10300 10301/10301 10302/10302
f 10303/10303 10304/10304 10305/10305
f 10306/10306 10307/10307 10308/10308
f 10309/10309 10310/10310 10311/10311
f 10312/10312 10313/10313 10314/10314
f 10315/10315 10316/10316 10317/10317
f 10318/10318 10319/10319 10320/10320
f 10321/10321 10322/10322 10323/10323
f 10324/10324 10325/10325 10326/10326
f 10327/10327 10328/10328 10329/10329
f 10330/10330 10331/10331 10332/10332
f 10333/10333 10334/10334 10335/10335
f 10336/10336 10337/10337 10338/10338
f 10339/10339 10340/10340 10341/10341
f 10342/10342 10343/10343 10344/10344
f 10345/10345 10346/10346 10347/10347
f 10348/10348 10349/10349 10350/10350
f 10351/10351 10352/10352 10353/10353
f 10354/10354 10355/10355 10356/10356
f 10357/10357 10358/10358 10359/10359
f 10360/10360 10361/10361 10362/10362
f 10363/10363 10364/10364 10365/10365
f 10366/10366 10367/10367 10368/10368
f 10369/10369 10370/10370 10371/10371
f 10372/10372 10373/10373 10374/10374
f 10375/10375 10376/10376 10377/10377
f 10378/10378 10379/10379 10380/10380
f 10381/10381 10382/10382 10383/10383
f 10384/10384 10385/10385 10386/10386
f 10387/10387 10388/10388 10389/10389
f 10390/10390 10391/10391 10392/10392
f 10393/10393 10394/10394 10395/10395
f 10396/10396 10397/10397 10398/10398
f 10399/10399 10400/10400 10401/10401
f 10402/10402 10403/10403 10404/10404
f 10405/10405 10406/10406 10407/10407
f 10408/10408 10409/10409 10410/10410
f 10411/10411 10412/10412 10413/10413
f 10414/10414 10415/10415 10416/10416
f 10417/10417 10418/10418 10419/10419
f 10420/10420 10421/10421 10422/10422
f 10423/10423 10424/10424 10425/10425
f 10426/10426 10427/10427 10428/10428
f 10429/10429 10430/10430 10431/10431
f 10432/10432 10433/10433 10434/10434
f 10435/10435 10436/10436 10437/10437
f 10438/10438 10439/10439 10440/10440
f 10441/10441 10442/10442 10443/10443
f 10444/10444 10445/10445 10446/10446
f 10447/10447 10448/10448 10449/10449
f 10450/10450 10451/10451 10452/10452
f 10453/10453 10454/10454 10455/10455
f 10456/10456 10457/10457 10458/10458
f 10459/10459 10460/10460 10461/10461
f 10462/10462 10463/10463 10464/10464
f 10465/10465 10466/10466 10467/10467
f 10468/10468 10469/10469 10470/10470
f 10471/10471 10472/10472 10473/10473
f 10474/10474 10475/10475 10476/10476
f 10477/10477 10478/10478 10479/10479
f 10480/10480 10481/10481 10482/10482
f 10483/10483 10484/10484 10485/10485
f 10486/10486 10487/10487 10488/10488
f 10489/10489 10490/10490 10491/10491
f 10492/10492 10493/10493 10494/10494
f 10495/10495 10496/10496 10497/10497
f 10498/10498 10499/10499 10500/10500
f 10501/10501 10502/10502 10503/10503
f 10504/10504 10505/10505 10506/10506
f 10507/10507 10508/10508 10509/10509
f 10510/10510 10511/10511 10512/10512
f 10513/10513 10514/10514 10515/10515
f 10516/10516 10517/10517 10518/10518
f 10519/10519 10520/10520 10521/10521
f 10522/10522 10523/10523 10524/10524
f 10525/10525 10526/10526 10527/10527
f 10528/10528 10529/10529 10530/10530
f 10531/10531 10532/10532 10533/10533
f 10534/10534 10535/10535 10536/10536
f 10537/10537 10538/10538 10539/10539
f 10540/10540 10541/10541 10542/10542
f 10543/10543 10544/10544 10545/10545
f 10546/10546 10547/10547 10548/10548
f 10549/10549 10550/10550 10551/10551
f 10552/10552 10553/10553 10554/10554
f 10555/10555 10556/10556 10557/10557
f 10558/10558 10559/10559 10560/10560
f 10561/10561 10562/10562 10563/10563
f 10564/10564 10565/10565 10566/10566
f 10567/10567 10568/10568 10569/10569
f 10570/10570 10571/10571 10572/10572
f 10573/10573 10574/10574 10575/10575
f 10576/10576 10577/10577 10578/10578
f 10579/10579 10580/10580 10581/10581
f 10582/10582 10583/10583 10584/10584
f 10585/10585 10586/10586 10587/10587
f 10588/10588 10589/10589 10590/10590
f 10591/10591 10592/10592 10593/10593
f 10594/10594 10595/10595 10596/10596
f 10597/10597 10598/10598 10599/10599
f 10600/10600 10601/10601 10602/10602
f 10603/10603 10604/10604 10605/10605
f 10606/10606 10607/10607 10608/10608
f 10609/10609 10610/10610 10611/10611
f 10612/10612 10613/10613 10614/10614
f 10615/10615 10616/10616 10617/10617
f 10618/10618 10619/10619 10620/10620
f 10621/10621 10622/10622 10623/10623
f 10624/10624 10625/10625 10626/10626
f 10627/10627 10628/10628 10629/10629
f 10630/10630 10631/10631 10632/10632
f 10633/10633 10634/10634 10635/10635
f 10636/10636 10637/10637 10638/10638
f 10639/10639 10640/10640 10641/10641
f 10642/10642 10643/10643 10644/10644
f 10645/10645 10646/10646 10647/10647
f 10648/10648 10649/10649 10650/10650
f 10651/10651 10652/10652 10653/10653
f 10654/10654 10655/10655 10656/10656
f 10657/10657 10658/10658 10659/10659
f 10660/10660 10661/10661 10662/10662
f 10663/10663 10664/10664 10665/10665
f 10666/10666 10667/10667 10668/10668
f 10669/10669 10670/10670 10671/10671
f 10672/10672 10673/10673 10674/10674
f 10675/10675 10676/10676 10677/10677
f 10678/10678 10679/10679 10680/10680
f 10681/10681 10682/10682 10683/10683
f 10684/10684 10685/10685 10686/10686
f 10687/10687 10688/10688 10689/10689
f 10690/10690 10691/10691 10692/10692
f 10693/10693 10694/10694 10695/10695
f 10696/10696 10697/10697 10698/10698
f 10699/10699 10700/10700 10701/10701
f 10702/10702 10703/10703 10704/10704
f 10705/10705 10706/10706 10707/10707
f 10708/10708 10709/10709 10710/10710
f 10711/10711 10712/10712 10713/10713
f 10714/10714 10715/10715 10716/10716
f 10717/10717 10718/10718 10719/10719
f 10720/10720 10721/10721 10722/10722
f 10723/10723 10724/10724 10725/10725
f 10726/10726 10727/10727 10728/10728
f 10729/10729 10730/10730 10731/10731
f 10732/10732 10733/10733 10734/10734
f 10735/10735 10736/10736 10737/10737
f 10738/10738 10739/10739 10740/10740
f 10741/10741 10742/10742 10743/10743
f 10744/10744 10745/10745 10746/10746
f 10747/10747 10748/10748 10749/10749
f 10750/10750 10751/10751 10752/10752
f 10753/10753 10754/10754 10755/10755
f 10756/10756 10757/10757 10758/10758
f 10759/10759 10760/10760 10761/10761
f 10762/10762 10763/10763 10764/10764
f 10765/10765 10766/10766 10767/10767
f 10768/10768 10769/10769 10770/10770
f 10771/10771 10772/10772 10773/10773
f 10774/10774 10775/10775 10776/10776
f 10777/10777 10778/10778 10779/10779
f 10780/10780 10781/10781 10782/10782
f 10783/10783 10784/10784 10785/10785
f 10786/10786 10787/10787 10788/10788
f 10789/10789 10790/10790 10791/10791
f 10792/10792 10793/10793 10794/10794
f 10795/10795 10796/10796 10797/10797
f 10798/10798 10799/10799 10800/10800
f 10801/10801 10802/10802 10803/10803
f 10804/10804 10805/10805 10806/10806
f 10807/10807 10808/10808 10809/10809
f 10810/10810 10811/10811 10812/10812
f 10813/10813 10814/10814 10815/10815
f 10816/10816 10817/10817 10818/10818
f 10819/10819 10820/10820 10821/10821
f 10822/10822 10823/10823 10824/10824
f 10825/10825 10826/10826 10827/10827
f 10828/10828 10829/10829 10830/10830
f 10831/10831 10832/10832 10833/10833
f 10834/10834 10835/10835 10836/10836
f 10837/10837 10838/10838 10839/10839
f 10840/10840 10841/10841 10842/10842
f 10843/10843 10844/10844 10845/10845
f 10846/10846 10847/10847 10848/10848
f 10849/10849 10850/10850 10851/10851
f 10852/10852 10853/10853 10854/10854
f 10855/10855 10856/10856 10857/10857
f 10858/10858 10859/10859 10860/10860
f 10861/10861 10862/10862 10863/10863
f 10864/10864 10865/10865 10866/10866
f 10867/10867 10868/10868 10869/10869
f 10870/10870 10871/10871 10872/10872
f 10873/10873 10874/10874 10875/10875
f 10876/10876 10877/10877 10878/10878
f 10879/10879 10880/10880 10881/10881
f 10882/10882 10883/10883 10884/10884
f 10885/10885 10886/10886 10887/10887
f 10888/10888 10889/10889 10890/10890
f 10891/10891 10892/10892 10893/10893
f 10894/10894 10895/10895 10896/10896
f 10897/10897 10898/10898 10899/10899
f 10900/10900 10901/10901 10902/10902
f 10903/10903 10904/10904 10905/10905
f 10906/10906 10907/10907 10908/10908
f 10909/10909 10910/10910 10911/10911
f 10912/10912 10913/10913 10914/10914
f 10915/10915 10916/10916 10917/10917
f 10918/10918 10919/10919 10920/10920
f 10921/10921 10922/10922 10923/10923
f 10924/10924 10925/10925 10926/10926
f 10927/10927 10928/10928 10929/10929
f 10930/10930 10931/10931 10932/10932
f 10933/10933 10934/10934 10935/10935
f 10936/10936 10937/10937 10938/10938
f 10939/10939 10940/10940 10941/10941
f 10942/10942 10943/10943 10944/10944
f 10945/10945 10946/10946 10947/10947
f 10948/10948 10949/10949 10950/10950
f 10951/10951 10952/10952 10953/10953
f 10954/10954 10955/10955 10956/10956
f 10957/10957 10958/10958 10959/10959
f 10960/10960 10961/10961 10962/10962
f 10963/10963 10964/10964 10965/10965
f 10966/10966 10967/10967 10968/10968
f 10969/10969 10970/10970 10971/10971
f 10972/10972 10973/10973 10974/10974
f 10975/10975 10976/10976 10977/10977
f 10978/10978 10979/10979 10980/10980
f 10981/10981 10982/10982 10983/10983
f 10984/10984 10985/10985 10986/10986
f 10987/10987 10988/10988 10989/10989
f 10990/10990 10991/10991 10992/10992
f 10993/10993 10994/10994 10995/10995
f 10996/10996 10997/10997 10998/10998
f 10999/10999 11000/11000 11001/11001
f 11002/11002 11003/11003 11004/11004
f 11005/11005 11006/11006 11007/11007
f 11008/11008 11009/11009 11010/11010
f 11011/11011 11012/11012 11013/11013
f 11014/11014 11015/11015 11016/11016
f 11017/11017 11018/11018 11019/11019
f 11020/11020 11021/11021 11022/11022
f 11023/11023 11024/11024 11025/11025
f 11026/11026 11027/11027 11028/11028
f 11029/11029 11030/11030 11031/11031
f 11032/11032 11033/11033 11034/11034
f 11035/11035 11036/11036 11037/11037
f 11038/11038 11039/11039 11040/11040
f 11041/11041 11042/11042 11043/11043
f 11044/11044 11045/11045 11046/11046
f 11047/11047 11048/11048 11049/11049
f 11050/11050 11051/11051 11052/11052
f 11053/11053 11054/11054 11055/11055
f 11056/11056 11057/11057 11058/11058
f 11059/11059 11060/11060 11061/11061
f 11062/11062 11063/11063 11064/11064
f 11065/11065 11066/11066 11067/11067
f 11068/11068 11069/11069 11070/11070
f 11071/11071 11072/11072 11073/11073
f 11074/11074 11075/11075 11076/11076
f 11077/11077 11078/11078 11079/11079
f 11080/11080 11081/11081 11082/11082
f 11083/11083 11084/11084 11085/11085
f 11086/11086 11087/11087 11088/11088
f 11089/11089 11090/11090 11091/11091
f 11092/11092 11093/11093 11094/11094
f 11095/11095 11096/11096 11097/11097
f 11098/11098 11099/11099 11100/11100
f 11101/11101 11102/11102 11103/11103
f 11104/11104 11105/11105 11106/11106
f 11107/11107 11108/11108 11109/11109
f 11110/11110 11111/11111 11112/11112
f 11113/11113 11114/11114 11115/11115
f 11116/11116 11117/11117 11118/11118
f 11119/11119 11120/11120 11121/11121
f 11122/11122 11123/11123 11124/11124
f 11125/11125 11126/11126 11127/11127
f 11128/11128 11129/11129 11130/11130
f 11131/11131 11132/11132 11133/11133
f 11134/11134 11135/11135 11136/11136
f 11137/11137 11138/11138 11139/11139
f 11140/11140 11141/11141 11142/11142
f 11143/11143 11144/11144 11145/11145
f 11146/11146 11147/11147 11148/11148
f 11149/11149 11150/11150 11151/11151
f 11152/11152 11153/11153 11154/11154
f 11155/11155 11156/11156 11157/11157
f 11158/11158 11159/11159 11160/11160
f 11161/11161 11162/11162 11163/11163
f 11164/11164 11165/11165 11166/11166
f 11167/11167 11168/11168 11169/11169
f 11170/11170 11171/11171 11172/11172
f 11173/11173 11174/11174 11175/11175
f 11176/11176 11177/11177 11178/11178
f 11179/11179 11180/11180 11181/11181
f 11182/11182 11183/11183 11184/11184
f 11185/11185 11186/11186 11187/11187
f 11188/11188 11189/11189 11190/11190
f 11191/11191 11192/11192 11193/11193
f 11194/11194 11195/11195 11196/11196
f 11197/11197 11198/11198 11199/11199
f 11200/11200 11201/11201 11202/11202
f 11203/11203 11204/11204 11205/11205
f 11206/11206 11207/11207 11208/11208
f 11209/11209 11210/11210 11211/11211
f 11212/11212 11213/11213 11214/11214
f 11215/11215 11216/11216 11217/11217
f 11218/11218 11219/11219 11220/11220
f 11221/11221 11222/11222 11223/11223
f 11224/11224 11225/11225 11226/11226
f 11227/11227 11228/11228 11229/11229
f 11230/11230 11231/11231 11232/11232
f 11233/11233 11234/11234 11235/11235
f 11236/11236 11237/11237 11238/11238
f 11239/11239 11240/11240 11241/11241
f 11242/11242 11243/11243 11244/11244
f 11245/11245 11246/11246 11247/11247
f 11248/11248 11249/11249 11250/11250
f 11251/11251 11252/11252 11253/11253
f 11254/11254 11255/11255 11256/11256
f 11257/11257 11258/11258 11259/11259
f 11260/11260 11261/11261 11262/11262
f 11263/11263 11264/11264 11265/11265
f 11266/11266 11267/11267 11268/11268
f 11269/11269 11270/11270 11271/11271
f 11272/11272 11273/11273 11274/11274
f 11275/11275 11276/11276 11277/11277
f 11278/11278 11279/11279 11280/11280
f 11281/11281 11282/11282 11283/11283
f 11284/11284 11285/11285 11286/11286
f 11287/11287 11288/11288 11289/11289
f 11290/11290 11291/11291 11292/11292
f 11293/11293 11294/11294 11295/11295
f 11296/11296 11297/11297 11298/11298
f 11299/11299 11300/11300 11301/11301
f 11302/11302 11303/11303 11304/11304
f 11305/11305 11306/11306 11307/11307
f 11308/11308 11309/11309 11310/11310
f 11311/11311 11312/11312 11313/11313
f 11314/11314 11315/11315 11316/11316
f 11317/11317 11318/11318 11319/11319
f 11320/11320 11321/11321 11322/11322
f 11323/11323 11324/11324 11325/11325
f 11326/11326 11327/11327 11328/11328
f 11329/11329 11330/11330 11331/11331
f 11332/11332 11333/11333 11334/11334
f 11335/11335 11336/11336 11337/11337
f 11338/11338 11339/11339 11340/11340
f 11341/11341 11342/11342 11343/11343
f 11344/11344 11345/11345 11346/11346
f 11347/11347 11348/11348 11349/11349
f 11350/11350 11351/11351 11352/11352
f 11353/11353 11354/11354 11355/11355
f 11356/11356 11357/11357 11358/11358
f 11359/11359 11360/11360 11361/11361
f 11362/11362 11363/11363 11364/11364
f 11365/11365 11366/11366 11367/11367
f 11368/11368 11369/11369 11370/11370
f 11371/11371 11372/11372 11373/11373
f 11374/11374 11375/11375 11376/11376
f 11377/11377 11378/11378 11379/11379
f 11380/11380 11381/11381 11382/11382
f 11383/11383 11384/11384 11385/11385
f 11386/11386 11387/11387 11388/11388
f 11389/11389 11390/11390 11391/11391
f 11392/11392 11393/11393 11394/11394
f 11395/11395 11396/11396 11397/11397
f 11398/11398 11399/11399 11400/11400
f 11401/11401 11402/11402 11403/11403
f 11404/11404 11405/11405 11406/11406
f 11407/11407 11408/11408 11409/11409
f 11410/11410 11411/11411 11412/11412
f 11413/11413 11414/11414 11415/11415
f 11416/11416 11417/11417 11418/11418
f 11419/11419 11420/11420 11421/11421
f 11422/11422 11423/11423 11424/11424
f 11425/11425 11426/11426 11427/11427
f 11428/11428 11429/11429 11430/11430
f 11431/11431 11432/11432 11433/11433
f 11434/11434 11435/11435 11436/11436
f 11437/11437 11438/11438 11439/11439
f 11440/11440 11441/11441 11442/11442
f 11443/11443 11444/11444 11445/11445
f 11446/11446 11447/11447 11448/11448
f 11449/11449 11450/11450 11451/11451
f 11452/11452 11453/11453 11454/11454
f 11455/11455 11456/11456 11457/11457
f 11458/11458 11459/11459 11460/11460
f 11461/11461 11462/11462 11463/11463
f 11464/11464 11465/11465 11466/11466
f 11467/11467 11468/11468 11469/11469
f 11470/11470 11471/11471 11472/11472
f 11473/11473 11474/11474 11475/11475
f 11476/11476 11477/11477 11478/11478
f 11479/11479 11480/11480 11481/11481
f 11482/11482 11483/11483 11484/11484
f 11485/11485 11486/11486 11487/11487
f 11488/11488 11489/11489 11490/11490
f 11491/11491 11492/11492 11493/11493
f 11494/11494 11495/11495 11496/11496
f 11497/11497 11498/11498 11499/11499
f 11500/11500 11501/11501 11502/11502
f 11503/11503 11504/11504 11505/11505
f 11506/11506 11507/11507 11508/11508
f 11509/11509 11510/11510 11511/11511
f 11512/11512 11513/11513 11514/11514
f 11515/11515 11516/11516 11517/11517
f 11518/11518 11519/11519 11520/11520
f 11521/11521 11522/11522 11523/11523
f 11524/11524 11525/11525 11526/11526
f 11527/11527 11528/11528 11529/11529
f 11530/11530 11531/11531 11532/11532
f 11533/11533 11534/11534 11535/11535
f 11536/11536 11537/11537 11538/11538
f 11539/11539 11540/11540 11541/11541
f 11542/11542 11543/11543 11544/11544
f 11545/11545 11546/11546 11547/11547
f 11548/11548 11549/11549 11550/11550
f 11551/11551 11552/11552 11553/11553
f 11554/11554 11555/11555 11556/11556
f 11557/11557 11558/11558 11559/11559
f 11560/11560 11561/11561 11562/11562
f 11563/11563 11564/11564 11565/11565
f 11566/11566 11567/11567 11568/11568
f 11569/11569 11570/11570 11571/11571
f 11572/11572 11573/11573 11574/11574
f 11575/11575 11576/11576 11577/11577
f 11578/11578 11579/11579 11580/11580
f 11581/11581 11582/11582 11583/11583
f 11584/11584 11585/11585 11586/11586
f 11587/11587 11588/11588 11589/11589
f 11590/11590 11591/11591 11592/11592
f 11593/11593 11594/11594 11595/11595
f 11596/11596 11597/11597 11598/11598
f 11599/11599 11600/11600 11601/11601
f 11602/11602 11603/11603 11604/11604
f 11605/11605 11606/11606 11607/11607
f 11608/11608 11609/11609 11610/11610
f 11611/11611 11612/11612 11613/11613
f 11614/11614 11615/11615 11616/11616
f 11617/11617 11618/11618 11619/11619
f 11620/11620 11621/11621 11622/11622
f 11623/11623 11624/11624 11625/11625
f 11626/11626 11627/11627 11628/11628
f 11629/11629 11630/11630 11631/11631
f 11632/11632 11633/11633 11634/11634
f 11635/11635 11636/11636 11637/11637
f 11638/11638 11639/11639 11640/11640
f 11641/11641 11642/11642 11643/11643
f 11644/11644 11645/11645 11646/11646
f 11647/11647 11648/11648 11649/11649
f 11650/11650 11651/11651 11652/11652
f 11653/11653 11654/11654 11655/11655
f 11656/11656 11657/11657 11658/11658
f 11659/11659 11660/11660 11661/11661
f 11662/11662 11663/11663 11664/11664
f 11665/11665 11666/11666 11667/11667
f 11668/11668 11669/11669 11670/11670
f 11671/11671 11672/11672 11673/11673
f 11674/11674 11675/11675 11676/11676
f 11677/11677 11678/11678 11679/11679
f 11680/11680 11681/11681 11682/11682
f 11683/11683 11684/11684 11685/11685
f 11686/11686 11687/11687 11688/11688
f 11689/11689 11690/11690 11691/11691
f 11692/11692 11693/11693 11694/11694
f 11695/11695 11696/11696 11697/11697
f 11698/11698 11699/11699 11700/11700
f 11701/11701 11702/11702 11703/11703
f 11704/11704 11705/11705 11706/11706
f 11707/11707 11708/11708 11709/11709
f 11710/11710 11711/11711 11712/11712
f 11713/11713 11714/11714 11715/11715
f 11716/11716 11717/11717 11718/11718
f 11719/11719 11720/11720 11721/11721
f 11722/11722 11723/11723 11724/11724
f 11725/11725 11726/11726 11727/11727
f 11728/11728 11729/11729 11730/11730
f 11731/11731 11732/11732 11733/11733
f 11734/11734 11735/11735 11736/11736
f 11737/11737 11738/11738 11739/11739
f 11740/11740 11741/11741 11742/11742
f 11743/11743 11744/11744 11745/11745
f 11746/11746 11747/11747 11748/11748
f 11749/11749 11750/11750 11751/11751
f 11752/11752 11753/11753 11754/11754
f 11755/11755 11756/11756 11757/11757
f 11758/11758 11759/11759 11760/11760
f 11761/11761 11762/11762 11763/11763
f 11764/11764 11765/11765 11766/11766
f 11767/11767 11768/11768 11769/11769
f 11770/11770 11771/11771 11772/11772
f 11773/11773 11774/11774 11775/11775
f 11776/11776 11777/11777 11778/11778
f 11779/11779 11780/11780 11781/11781
f 11782/11782 11783/11783 11784/11784
f 11785/11785 11786/11786 11787/11787
f 11788/11788 11789/11789 11790/11790
f 11791/11791 11792/11792 11793/11793
f 11794/11794 11795/11795 11796/11796
f 11797/11797 11798/11798 11799/11799
f 11800/11800 11801/11801 11802/11802
f 11803/11803 11804/11804 11805/11805
f 11806/11806 11807/11807 11808/11808
f 11809/11809 11810/11810 11811/11811
f 11812/11812 11813/11813 11814/11814
f 11815/11815 11816/11816 11817/11817
f 11818/11818 11819/11819 11820/11820
f 11821/11821 11822/11822 11823/11823
f 11824/11824 11825/11825 11826/11826
f 11827/11827 11828/11828 11829/11829
f 11830/11830 11831/11831 11832/11832
f 11833/11833 11834/11834 11835/11835
f 11836/11836 11837/11837 11838/11838
f 11839/11839 11840/11840 11841/11841
f 11842/11842 11843/11843 11844/11844
f 11845/11845 11846/11846 11847/11847
f 11848/11848 11849/11849 11850/11850
f 11851/11851 11852/11852 11853/11853
f 11854/11854 11855/11855 11856/11856
f 11857/11857 11858/11858 11859/11859
f 11860/11860 11861/11861 11862/11862
f 11863/11863 11864/11864 11865/11865
f 11866/11866 11867/11867 11868/11868
f 11869/11869 11870/11870 11871/11871
f 11872/11872 11873/11873 11874/11874
f 11875/11875 11876/11876 11877/11877
f 11878/11878 11879/11879 11880/11880
f 11881/11881 11882/11882 11883/11883
f 11884/11884 11885/11885 11886/11886
f 11887/11887 11888/11888 11889/11889
f 11890/11890 11891/11891 11892/11892
f 11893/11893 11894/11894 11895/11895
f 11896/11896 11897/11897 11898/11898
f 11899/11899 11900/11900 11901/11901
f 11902/11902 11903/11903 11904/11904
f 11905/11905 11906/11906 11907/11907
f 11908/11908 11909/11909 11910/11910
f 11911/11911 11912/11912 11913/11913
f 11914/11914 11915/11915 11916/11916
f 11917/11917 11918/11918 11919/11919
f 11920/11920 11921/11921 11922/11922
f 11923/11923 11924/11924 11925/11925
f 11926/11926 11927/11927 11928/11928
f 11929/11929 11930/11930 11931/11931
f 11932/11932 11933/11933 11934/11934
f 11935/11935 11936/11936 11937/11937
f 11938/11938 11939/11939 11940/11940
f 11941/11941 11942/11942 11943/11943
f 11944/11944 11945/11945 11946/11946
f 11947/11947 11948/11948 11949/11949
f 11950/11950 11951/11951 11952/11952
f 11953/11953 11954/11954 11955/11955
f 11956/11956 11957/11957 11958/11958
f 11959/11959 11960/11960 11961/11961
f 11962/11962 11963/11963 11964/11964
f 11965/11965 11966/11966 11967/11967
f 11968/11968 11969/11969 11970/11970
f 11971/11971 11972/11972 11973/11973
f 11974/11974 11975/11975 11976/11976
f 11977/11977 11978/11978 11979/11979
f 11980/11980 11981/11981 11982/11982
f 11983/11983 11984/11984 11985/11985
f 11986/11986 11987/11987 11988/11988
f 11989/11989 11990/11990 11991/11991
f 11992/11992 11993/11993 11994/11994
f 11995/11995 11996/11996 11997/11997
f 11998/11998 11999/11999 12000/12000
f 12001/12001 12002/12002 12003/12003
f 12004/12004 12005/12005 12006/12006
f 12007/12007 12008/12008 12009/12009
f 12010/12010 12011/12011 12012/12012
f 12013/12013 12014/12014 12015/12015
f 12016/12016 12017/12017 12018/12018
f 12019/12019 12020/12020 12021/12021
f 12022/12022 12023/12023 12024/12024
f 12025/12025 12026/12026 12027/12027
f 12028/12028 12029/12029 12030/12030
f 12031/12031 12032/12032 12033/12033
f 12034/12034 12035/12035 12036/12036
f 12037/12037 12038/12038 12039/12039
f 12040/12040 12041/12041 12042/12042
f 12043/12043 12044/12044 12045/12045
f 12046/12046 12047/12047 12048/12048
f 12049/12049 12050/12050 12051/12051
f 12052/12052 12053/12053 12054/12054
f 12055/12055 12056/12056 12057/12057
f 12058/12058 12059/12059 12060/12060
f 12061/12061 12062/12062 12063/12063
f 12064/12064 12065/12065 12066/12066
f 12067/12067 12068/12068 12069/12069
f 12070/12070 12071/12071 12072/12072
f 12073/12073 12074/12074 12075/12075
f 12076/12076 12077/12077 12078/12078
f 12079/12079 12080/12080 12081/12081
f 12082/12082 12083/12083 12084/12084
f 12085/12085 12086/12086 12087/12087
f 12088/12088 12089/12089 12090/12090
f 12091/12091 12092/12092 12093/12093
f 12094/12094 12095/12095 12096/12096
f 12097/12097 12098/12098 12099/12099
f 12100/12100 12101/12101 12102/12102
f 12103/12103 12104/12104 12105/12105
f 12106/12106 12107/12107 12108/12108
f 12109/12109 12110/12110 12111/12111
f 12112/12112 12113/12113 12114/12114
f 12115/12115 12116/12116 12117/12117
f 12118/12118 12119/12119 12120/12120
f 12121/12121 12122/12122 12123/12123
f 12124/12124 12125/12125 12126/12126
f 12127/12127 12128/12128 12129/12129
f 12130/12130 12131/12131 12132/12132
f 12133/12133 12134/12134 12135/12135
f 12136/12136 12137/12137 12138/12138
f 12139/12139 12140/12140 12141/12141
f 12142/12142 12143/12143 12144/12144
f 12145/12145 12146/12146 12147/12147
f 12148/12148 12149/12149 12150/12150
f 12151/12151 12152/12152 12153/12153
f 12154/12154 12155/12155 12156/12156
f 12157/12157 12158/12158 12159/12159
f 12160/12160 12161/12161 12162/12162
f 12163/12163 12164/12164 12165/12165
f 12166/12166 12167/12167 12168/12168
f 12169/12169 12170/12170 12171/12171
f 12172/12172 12173/12173 12174/12174
f 12175/12175 12176/12176 12177/12177
f 12178/12178 12179/12179 12180/12180
f 12181/12181 12182/12182 12183/12183
f 12184/12184 12185/12185 12186/12186
f 12187/12187 12188/12188 12189/12189
f 12190/12190 12191/12191 12192/12192
f 12193/12193 12194/12194 12195/12195
f 12196/12196 12197/12197 12198/12198
f 12199/12199 12200/12200 12201/12201
f 12202/12202 12203/12203 12204/12204
f 12205/12205 12206/12206 12207/12207
f 12208/12208 12209/12209 12210/12210
f 12211/12211 12212/12212 12213/12213
f 12214/12214 12215/12215 12216/12216
f 12217/12217 12218/12218 12219/12219
f 12220/12220 12221/12221 12222/12222
f 12223/12223 12224/12224 12225/12225
f 12226/12226 12227/12227 12228/12228
f 12229/12229 12230/12230 12231/12231
f 12232/12232 12233/12233 12234/12234
f 12235/12235 12236/12236 12237/12237
f 12238/12238 12239/12239 12240/12240
f 12241/12241 12242/12242 12243/12243
f 12244/12244 12245/12245 12246/12246
f 12247/12247 12248/12248 12249/12249
f 12250/12250 12251/12251 12252/12252
f 12253/12253 12254/12254 12255/12255
f 12256/12256 12257/12257 12258/12258
f 12259/12259 12260/12260 12261/12261
f 12262/12262 12263/12263 12264/12264
f 12265/12265 12266/12266 12267/12267
f 12268/12268 12269/12269 12270/12270
f 12271/12271 12272/12272 12273/12273
f 12274/12274 12275/12275 12276/12276
f 12277/12277 12278/12278 12279/12279
f 12280/12280 12281/12281 12282/12282
f 12283/12283 12284/12284 12285/12285
f 12286/12286 12287/12287 12288/12288
f 12289/12289 12290/12290 12291/12291
f 12292/12292 12293/12293 12294/12294
f 12295/12295 12296/12296 12297/12297
f 12298/12298 12299/12299 12300/12300
f 12301/12301 12302/12302 12303/12303
f 12304/12304 12305/12305 12306/12306
f 12307/12307 12308/12308 12309/12309
f 12310/12310 12311/12311 12312/12312
f 12313/12313 12314/12314 12315/12315
f 12316/12316 12317/12317 12318/12318
f 12319/12319 12320/12320 12321/12321
f 12322/12322 12323/12323 12324/12324
f 12325/12325 12326/12326 12327/12327
f 12328/12328 12329/12329 12330/12330
f 12331/12331 12332/12332 12333/12333
f 12334/12334 12335/12335 12336/12336
f 12337/12337 12338/12338 12339/12339
f 12340/12340 12341/12341 12342/12342
f 12343/12343 12344/12344 12345/12345
f 12346/12346 12347/12347 12348/12348
f 12349/12349 12350/12350 12351/12351
f 12352/12352 12353/12353 12354/12354
f 12355/12355 12356/12356 12357/12357
f 12358/12358 12359/12359 12360/12360
f 12361/12361 12362/12362 12363/12363
f 12364/12364 12365/12365 12366/12366
f 12367/12367 12368/12368 12369/12369
f 12370/12370 12371/12371 12372/12372
f 12373/12373 12374/12374 12375/12375
f 12376/12376 12377/12377 12378/12378
f 12379/12379 12380/12380 12381/12381
f 12382/12382 12383/12383 12384/12384
f 12385/12385 12386/12386 12387/12387
f 12388/12388 12389/12389 12390/12390
f 12391/12391 12392/12392 12393/12393
f 12394/12394 12395/12395 12396/12396
f 12397/12397 12398/12398 12399/12399
f 12400/12400 12401/12401 12402/12402
f 12403/12403 12404/12404 12405/12405
f 12406/12406 12407/12407 12408/12408
f 12409/12409 12410/12410 12411/12411
f 12412/12412 12413/12413 12414/12414
f 12415/12415 12416/12416 12417/12417
f 12418/12418 12419/12419 12420/12420
f 12421/12421 12422/12422 12423/12423
f 12424/12424 12425/12425 12426/12426
f 12427/12427 12428/12428 12429/12429
f 12430/12430 12431/12431 12432/12432
f 12433/12433 12434/12434 12435/12435
f 12436/12436 12437/12437 12438/12438
f 12439/12439 12440/12440 12441/12441
f 12442/12442 12443/12443 12444/12444
f 12445/12445 12446/12446 12447/12447
f 12448/12448 12449/12449 12450/12450
f 12451/12451 12452/12452 12453/12453
f 12454/12454 12455/12455 12456/12456
f 12457/12457 12458/12458 12459/12459
f 12460/12460 12461/12461 12462/12462
f 12463/12463 12464/12464 12465/12465
f 12466/12466 12467/12467 12468/12468
f 12469/12469 12470/12470 12471/12471
f 12472/12472 12473/12473 12474/12474
f 12475/12475 12476/12476 12477/12477
f 12478/12478 12479/12479 12480/12480
f 12481/12481 12482/12482 12483/12483
f 12484/12484 12485/12485 12486/12486
f 12487/12487 12488/12488 12489/12489
f 12490/12490 12491/12491 12492/12492
f 12493/12493 12494/12494 12495/12495
f 12496/12496 12497/12497 12498/12498
f 12499/12499 12500/12500 12501/12501
f 12502/12502 12503/12503 12504/12504
f 12505/12505 12506/12506 12507/12507
f 12508/12508 12509/12509 12510/12510
f 12511/12511 12512/12512 12513/12513
f 12514/12514 12515/12515 12516/12516
f 12517/12517 12518/12518 12519/12519
f 12520/12520 12521/12521 12522/12522
f 12523/12523 12524/12524 12525/12525
f 12526/12526 12527/12527 12528/12528
f 12529/12529 12530/12530 12531/12531
f 12532/12532 12533/12533 12534/12534
f 12535/12535 12536/12536 12537/12537
f 12538/12538 12539/12539 12540/12540
f 12541/12541 12542/12542 12543/12543
f 12544/12544 12545/12545 12546/12546
f 12547/12547 12548/12548 12549/12549
f 12550/12550 12551/12551 12552/12552
f 12553/12553 12554/12554 12555/12555
f 12556/12556 12557/12557 12558/12558
f 12559/12559 12560/12560 12561/12561
f 12562/12562 12563/12563 12564/12564
f 12565/12565 12566/12566 12567/12567
f 12568/12568 12569/12569 12570/12570
f 12571/12571 12572/12572 12573/12573
f 12574/12574 12575/12575 12576/12576
f 12577/12577 12578/12578 12579/12579
f 12580/12580 12581/12581 12582/12582
f 12583/12583 12584/12584 12585/12585
f 12586/12586 12587/12587 12588/12588
f 12589/12589 12590/12590 12591/12591
f 12592/12592 12593/12593 12594/12594
f 12595/12595 12596/12596 12597/12597
f 12598/12598 12599/12599 12600/12600
f 12601/12601 12602/12602 12603/12603
f 12604/12604 12605/12605 12606/12606
f 12607/12607 12608/12608 12609/12609
f 12610/12610 12611/12611 12612/12612
f 12613/12613 12614/12614 12615/12615
f 12616/12616 12617/12617 12618/12618
f 12619/12619 12620/12620 12621/12621
f 12622/12622 12623/12623 12624/12624
f 12625/12625 12626/12626 12627/12627
f 12628/12628 12629/12629 12630/12630
f 12631/12631 12632/12632 12633/12633
f 12634/12634 12635/12635 12636/12636
f 12637/12637 12638/12638 12639/12639
f 12640/12640 12641/12641 12642/12642
f 12643/12643 12644/12644 12645/12645
f 12646/12646 12647/12647 12648/12648
f 12649/12649 12650/12650 12651/12651
f 12652/12652 12653/12653 12654/12654
f 12655/12655 12656/12656 12657/12657
f 12658/12658 12659/12659 12660/12660
f 12661/12661 12662/12662 12663/12663
f 12664/12664 12665/12665 12666/12666
f 12667/12667 12668/12668 12669/12669
f 12670/12670 12671/12671 12672/12672
f 12673/12673 12674/12674 12675/12675
f 12676/12676 12677/12677 12678/12678
f 12679/12679 12680/12680 12681/12681
f 12682/12682 12683/12683 12684/12684
f 12685/12685 12686/12686 12687/12687
f 12688/12688 12689/12689 12690/12690
f 12691/12691 12692/12692 12693/12693
f 12694/12694 12695/12695 12696/12696
f 12697/12697 12698/12698 12699/12699
f 12700/12700 12701/12701 12702/12702
f 12703/12703 12704/12704 12705/12705
f 12706/12706 12707/12707 12708/12708
f 12709/12709 12710/12710 12711/12711
f 12712/12712 12713/12713 12714/12714
f 12715/12715 12716/12716 12717/12717
f 12718/12718 12719/12719 12720/12720
f 12721/12721 12722/12722 12723/12723
f 12724/12724 12725/12725 12726/12726
f 12727/12727 12728/12728 12729/12729
f 12730/12730 12731/12731 12732/12732
f 12733/12733 12734/12734 12735/12735
f 12736/12736 12737/12737 12738/12738
f 12739/12739 12740/12740 12741/12741
f 12742/12742 12743/12743 12744/12744
f 12745/12745 12746/12746 12747/12747
f 12748/12748 12749/12749 12750/12750
f 12751/12751 12752/12752 12753/12753
f 12754/12754 12755/12755 12756/12756
f 12757/12757 12758/12758 12759/12759
f 12760/12760 12761/12761 12762/12762
f 12763/12763 12764/12764 12765/12765
f 12766/12766 12767/12767 12768/12768
f 12769/12769 12770/12770 12771/12771
f 12772/12772 12773/12773 12774/12774
f 12775/12775 12776/12776 12777/12777
f 12778/12778 12779/12779 12780/12780
f 12781/12781 12782/12782 12783/12783
f 12784/12784 12785/12785 12786/12786
f 12787/12787 12788/12788 12789/12789
f 12790/12790 12791/12791 12792/12792
f 12793/12793 12794/12794 12795/12795
f 12796/12796 12797/12797 12798/12798
f 12799/12799 12800/12800 12801/12801
f 12802/12802 12803/12803 12804/12804
f 12805/12805 12806/12806 12807/12807
f 12808/12808 12809/12809 12810/12810
f 12811/12811 12812/12812 12813/12813
f 12814/12814 12815/12815 12816/12816
f 12817/12817 12818/12818 12819/12819
f 12820/12820 12821/12821 12822/12822
f 12823/12823 12824/12824 12825/12825
f 12826/12826 12827/12827 12828/12828
f 12829/12829 12830/12830 12831/12831
f 12832/12832 12833/12833 12834/12834
f 12835/12835 12836/12836 12837/12837
f 12838/12838 12839/12839 12840/12840
f 12841/12841 12842/12842 12843/12843
f 12844/12844 12845/12845 12846/12846
f 12847/12847 12848/12848 12849/12849
f 12850/12850 12851/12851 12852/12852
f 12853/12853 12854/12854 12855/12855
f 12856/12856 12857/12857 12858/12858
f 12859/12859 12860/12860 12861/12861
f 12862/12862 12863/12863 12864/12864
f 12865/12865 12866/12866 12867/12867
f 12868/12868 12869/12869 12870/12870
f 12871/12871 12872/12872 12873/12873
f 12874/12874 12875/12875 12876/12876
f 12877/12877 12878/12878 12879/12879
f 12880/12880 12881/12881 12882/12882
f 12883/12883 12884/12884 12885/12885
f 12886/12886 12887/12887 12888/12888
f 12889/12889 12890/12890 12891/12891
f 12892/12892 12893/12893 12894/12894
f 12895/12895 12896/12896 12897/12897
f 12898/12898 12899/12899 12900/12900
f 12901/12901 12902/12902 12903/12903
f 12904/12904 12905/12905 12906/12906
f 12907/12907 12908/12908 12909/12909
f 12910/12910 12911/12911 12912/12912
f 12913/12913 12914/12914 12915/12915
f 12916/12916 12917/12917 12918/12918
f 12919/12919 12920/12920 12921/12921
f 12922/12922 12923/12923 12924/12924
f 12925/12925 12926/12926 12927/12927
f 12928/12928 12929/12929 12930/12930
f 12931/12931 12932/12932 12933/12933
f 12934/12934 12935/12935 12936/12936
f 12937/12937 12938/12938 12939/12939
f 12940/12940 12941/12941 12942/12942
f 12943/12943 12944/12944 12945/12945
f 12946/12946 12947/12947 12948/12948
f 12949/12949 12950/12950 12951/12951
f 12952/12952 12953/12953 12954/12954
f 12955/12955 12956/12956 12957/12957
f 12958/12958 12959/12959 12960/12960
f 12961/12961 12962/12962 12963/12963
f 12964/12964 12965/12965 12966/12966
f 12967/12967 12968/12968 12969/12969
f 12970/12970 12971/12971 12972/12972
f 12973/12973 12974/12974 12975/12975
f 12976/12976 12977/12977 12978/12978
f 12979/12979 12980/12980 12981/12981
f 12982/12982 12983/12983 12984/12984
f 12985/12985 12986/12986 12987/12987
f 12988/12988 12989/12989 12990/12990
f 12991/12991 12992/12992 12993/12993
f 12994/12994 12995/12995 12996/12996
f 12997/12997 12998/12998 12999/12999
f 13000/13000 13001/13001 13002/13002
f 13003/13003 13004/13004 13005/13005
f 13006/13006 13007/13007 13008/13008
f 13009/13009 13010/13010 13011/13011
f 13012/13012 13013/13013 13014/13014
f 13015/13015 13016/13016 13017/13017
f 13018/13018 13019/13019 13020/13020
f 13021/13021 13022/13022 13023/13023
f 13024/13024 13025/13025 13026/13026
f 13027/13027 13028/13028 13029/13029
f 13030/13030 13031/13031 13032/13032
f 13033/13033 13034/13034 13035/13035
f 13036/13036 13037/13037 13038/13038
f 13039/13039 13040/13040 13041/13041
f 13042/13042 13043/13043 13044/13044
f 13045/13045 13046/13046 13047/13047
f 13048/13048 13049/13049 13050/13050
f 13051/13051 13052/13052 13053/13053
f 13054/13054 13055/13055 13056/13056
f 13057/13057 13058/13058 13059/13059
f 13060/13060 13061/13061 13062/13062
f 13063/13063 13064/13064 13065/13065
f 13066/13066 13067/13067 13068/13068
f 13069/13069 13070/13070 13071/13071
f 13072/13072 13073/13073 13074/13074
f 13075/13075 13076/13076 13077/13077
f 13078/13078 13079/13079 13080/13080
f 13081/13081 13082/13082 13083/13083
f 13084/13084 13085/13085 13086/13086
f 13087/13087 13088/13088 13089/13089
f 13090/13090 13091/13091 13092/13092
f 13093/13093 13094/13094 13095/13095
f 13096/13096 13097/13097 13098/13098
f 13099/13099 13100/13100 13101/13101
f 13102/13102 13103/13103 13104/13104
f 13105/13105 13106/13106 13107/13107
f 13108/13108 13109/13109 13110/13110
f 13111/13111 13112/13112 13113/13113
f 13114/13114 13115/13115 13116/13116
f 13117/13117 13118/13118 13119/13119
f 13120/13120 13121/13121 13122/13122
f 13123/13123 13124/13124 13125/13125
f 13126/13126 13127/13127 13128/13128
f 13129/13129 13130/13130 13131/13131
f 13132/13132 13133/13133 13134/13134
f 13135/13135 13136/13136 13137/13137
f 13138/13138 13139/13139 13140/13140
f 13141/13141 13142/13142 13143/13143
f 13144/13144 13145/13145 13146/13146
f 13147/13147 13148/13148 13149/13149
f 13150/13150 13151/13151 13152/13152
f 13153/13153 13154/13154 13155/13155
f 13156/13156 13157/13157 13158/13158
f 13159/13159 13160/13160 13161/13161
f 13162/13162 13163/13163 13164/13164
f 13165/13165 13166/13166 13167/13167
f 13168/13168 13169/13169 13170/13170
f 13171/13171 13172/13172 13173/13173
f 13174/13174 13175/13175 13176/13176
f 13177/13177 13178/13178 13179/13179
f 13180/13180 13181/13181 13182/13182
f 13183/13183 13184/13184 13185/13185
f 13186/13186 13187/13187 13188/13188
f 13189/13189 13190/13190 13191/13191
f 13192/13192 13193/13193 13194/13194
f 13195/13195 13196/13196 13197/13197
f 13198/13198 13199/13199 13200/13200
f 13201/13201 13202/13202 13203/13203
f 13204/13204 13205/13205 13206/13206
f 13207/13207 13208/13208 13209/13209
f 13210/13210 13211/13211 13212/13212
f 13213/13213 13214/13214 13215/13215
f 13216/13216 13217/13217 13218/13218
f 13219/13219 13220/13220 13221/13221
f 13222/13222 13223/13223 13224/13224
f 13225/13225 13226/13226 13227/13227
f 13228/13228 13229/13229 13230/13230
f 13231/13231 13232/13232 13233/13233
f 13234/13234 13235/13235 13236/13236
f 13237/13237 13238/13238 13239/13239
f 13240/13240 13241/13241 13242/13242
f 13243/13243 13244/13244 13245/13245
f 13246/13246 13247/13247 13248/13248
f 13249/13249 13250/13250 13251/13251
f 13252/13252 13253/13253 13254/13254
f 13255/13255 13256/13256 13257/13257
f 13258/13258 13259/13259 13260/13260
f 13261/13261 13262/13262 13263/13263
f 13264/13264 13265/13265 13266/13266
f 13267/13267 13268/13268 13269/13269
f 13270/13270 13271/13271 13272/13272
f 13273/13273 13274/13274 13275/13275
f 13276/13276 13277/13277 13278/13278
f 13279/13279 13280/13280 13281/13281
f 13282/13282 13283/13283 13284/13284
f 13285/13285 13286/13286 13287/13287
f 13288/13288 13289/13289 13290/13290
f 13291/13291 13292/13292 13293/13293
f 13294/13294 13295/13295 13296/13296
f 13297/13297 13298/13298 13299/13299
f 13300/13300 13301/13301 13302/13302
f 13303/13303 13304/13304 13305/13305
f 13306/13306 13307/13307 13308/13308
f 13309/13309 13310/13310 13311/13311
f 13312/13312 13313/13313 13314/13314
f 13315/13315 13316/13316 13317/13317
f 13318/13318 13319/13319 13320/13320
f 13321/13321 13322/13322 13323/13323
f 13324/13324 13325/13325 13326/13326
f 13327/13327 13328/13328 13329/13329
f 13330/13330 13331/13331 13332/13332
f 13333/13333 13334/13334 13335/13335
f 13336/13336 13337/13337 13338/13338
f 13339/13339 13340/13340 13341/13341
f 13342/13342 13343/13343 13344/13344
f 13345/13345 13346/13346 13347/13347
f 13348/13348 13349/13349 13350/13350
f 13351/13351 13352/13352 13353/13353
f 13354/13354 13355/13355 13356/13356
f 13357/13357 13358/13358 13359/13359
f 13360/13360 13361/13361 13362/13362
f 13363/13363 13364/13364 13365/13365
f 13366/13366 13367/13367 13368/13368
f 13369/13369 13370/13370 13371/13371
f 13372/13372 13373/13373 13374/13374
f 13375/13375 13376/13376 13377/13377
f 13378/13378 13379/13379 13380/13380
f 13381/13381 13382/13382 13383/13383
f 13384/13384 13385/13385 13386/13386
f 13387/13387 13388/13388 13389/13389
f 13390/13390 13391/13391 13392/13392
f 13393/13393 13394/13394 13395/13395
f 13396/13396 13397/13397 13398/13398
f 13399/13399 13400/13400 13401/13401
f 13402/13402 13403/13403 13404/13404
f 13405/13405 13406/13406 13407/13407
f 13408/13408 13409/13409 13410/13410
f 13411/13411 13412/13412 13413/13413
f 13414/13414 13415/13415 13416/13416
