# converted from UMD2 by mdl_to_obj.py
v 0.411133 -0.493164 -0.450195
v 0.411133 -0.485352 -0.450195
v -0.401367 -0.493164 -0.450195
v 0.411133 -0.485352 0.450195
v 0.411133 -0.485352 -0.450195
v 0.411133 -0.493164 -0.450195
v 0.411133 -0.493164 -0.450195
v 0.411133 -0.493164 0.450195
v 0.411133 -0.485352 0.450195
v -0.401367 -0.485352 -0.450195
v -0.401367 -0.493164 -0.450195
v 0.411133 -0.485352 -0.450195
v 0.411133 -0.485352 0.450195
v -0.401367 -0.485352 -0.450195
v 0.411133 -0.485352 -0.450195
v 0.346680 -0.432617 -0.415039
v 0.346680 -0.487305 -0.415039
v 0.346680 -0.487305 -0.428711
v 0.346680 -0.487305 -0.428711
v 0.333008 -0.487305 -0.428711
v 0.346680 -0.432617 -0.428711
v 0.346680 -0.487305 -0.428711
v 0.346680 -0.432617 -0.428711
v 0.346680 -0.432617 -0.415039
v 0.333008 -0.432617 -0.415039
v 0.333008 -0.489258 -0.415039
v 0.346680 -0.487305 -0.415039
v 0.346680 -0.487305 -0.415039
v 0.346680 -0.432617 -0.415039
v 0.333008 -0.432617 -0.415039
v 0.333008 -0.487305 -0.428711
v 0.333008 -0.489258 -0.415039
v 0.333008 -0.432617 -0.428711
v 0.333008 -0.432617 -0.428711
v 0.346680 -0.432617 -0.428711
v 0.333008 -0.487305 -0.428711
v 0.219727 -0.483398 -0.430664
v 0.336914 -0.475586 -0.430664
v 0.336914 -0.483398 -0.430664
v 0.336914 -0.483398 -0.430664
v 0.336914 -0.483398 -0.426758
v 0.219727 -0.483398 -0.426758
v 0.219727 -0.483398 -0.426758
v 0.219727 -0.483398 -0.430664
v 0.336914 -0.483398 -0.430664
v 0.219727 -0.475586 -0.430664
v 0.336914 -0.475586 -0.426758
v 0.336914 -0.475586 -0.430664
v 0.336914 -0.475586 -0.430664
v 0.219727 -0.483398 -0.430664
v 0.219727 -0.475586 -0.430664
v 0.336914 -0.483398 -0.426758
v 0.336914 -0.475586 -0.426758
v 0.219727 -0.483398 -0.426758
v 0.336914 -0.475586 -0.426758
v 0.219727 -0.475586 -0.430664
v 0.219727 -0.475586 -0.426758
v 0.219727 -0.475586 -0.426758
v 0.219727 -0.483398 -0.426758
v 0.336914 -0.475586 -0.426758
v 0.333008 -0.432617 -0.415039
v 0.333008 -0.432617 -0.428711
v 0.333008 -0.489258 -0.415039
v 0.336914 -0.479492 -0.252930
v 0.336914 -0.479492 -0.416992
v 0.342773 -0.479492 -0.416992
v 0.342773 -0.479492 -0.416992
v 0.342773 -0.473633 -0.416992
v 0.342773 -0.479492 -0.252930
v 0.342773 -0.479492 -0.416992
v 0.342773 -0.479492 -0.252930
v 0.336914 -0.479492 -0.252930
v 0.336914 -0.479492 -0.252930
v 0.336914 -0.473633 -0.416992
v 0.336914 -0.479492 -0.416992
v 0.342773 -0.473633 -0.416992
v 0.336914 -0.473633 -0.416992
v 0.342773 -0.473633 -0.252930
v 0.342773 -0.473633 -0.252930
v 0.342773 -0.479492 -0.252930
v 0.342773 -0.473633 -0.416992
v 0.336914 -0.473633 -0.416992
v 0.336914 -0.479492 -0.252930
v 0.336914 -0.473633 -0.252930
v 0.336914 -0.473633 -0.252930
v 0.342773 -0.473633 -0.252930
v 0.336914 -0.473633 -0.416992
v 0.334961 -0.483398 -0.418945
v 0.020508 -0.483398 -0.430664
v 0.016602 -0.483398 -0.247070
v 0.016602 -0.483398 -0.247070
v 0.334961 -0.483398 -0.247070
v 0.334961 -0.483398 -0.418945
v 0.336914 -0.456055 -0.428711
v 0.336914 -0.456055 -0.422852
v 0.219727 -0.456055 -0.422852
v 0.219727 -0.456055 -0.428711
v 0.336914 -0.446289 -0.428711
v 0.336914 -0.456055 -0.428711
v 0.219727 -0.456055 -0.422852
v 0.219727 -0.456055 -0.428711
v 0.336914 -0.456055 -0.428711
v 0.336914 -0.456055 -0.422852
v 0.336914 -0.446289 -0.422852
v 0.219727 -0.446289 -0.422852
v 0.219727 -0.446289 -0.422852
v 0.219727 -0.456055 -0.422852
v 0.336914 -0.456055 -0.422852
v 0.219727 -0.446289 -0.422852
v 0.336914 -0.446289 -0.422852
v 0.336914 -0.446289 -0.428711
v 0.336914 -0.446289 -0.428711
v 0.219727 -0.456055 -0.428711
v 0.219727 -0.446289 -0.428711
v 0.336914 -0.446289 -0.428711
v 0.219727 -0.446289 -0.428711
v 0.219727 -0.446289 -0.422852
v 0.336914 -0.454102 -0.252930
v 0.336914 -0.454102 -0.416992
v 0.342773 -0.454102 -0.416992
v 0.342773 -0.454102 -0.416992
v 0.342773 -0.448242 -0.416992
v 0.342773 -0.454102 -0.252930
v 0.342773 -0.454102 -0.416992
v 0.342773 -0.454102 -0.252930
v 0.336914 -0.454102 -0.252930
v 0.336914 -0.454102 -0.252930
v 0.336914 -0.448242 -0.416992
v 0.336914 -0.454102 -0.416992
v 0.342773 -0.448242 -0.416992
v 0.336914 -0.448242 -0.416992
v 0.342773 -0.448242 -0.252930
v 0.342773 -0.448242 -0.252930
v 0.342773 -0.454102 -0.252930
v 0.342773 -0.448242 -0.416992
v 0.336914 -0.448242 -0.416992
v 0.336914 -0.454102 -0.252930
v 0.336914 -0.448242 -0.252930
v 0.336914 -0.448242 -0.252930
v 0.342773 -0.448242 -0.252930
v 0.336914 -0.448242 -0.416992
v 0.346680 -0.487305 -0.387695
v 0.333008 -0.487305 -0.387695
v 0.346680 -0.432617 -0.387695
v 0.346680 -0.487305 -0.387695
v 0.346680 -0.432617 -0.387695
v 0.346680 -0.432617 -0.374023
v 0.346680 -0.432617 -0.374023
v 0.346680 -0.487305 -0.374023
v 0.346680 -0.487305 -0.387695
v 0.333008 -0.432617 -0.387695
v 0.346680 -0.432617 -0.387695
v 0.333008 -0.487305 -0.387695
v 0.333008 -0.489258 -0.374023
v 0.333008 -0.432617 -0.387695
v 0.333008 -0.487305 -0.387695
v 0.338867 -0.422852 -0.422852
v 0.346680 -0.432617 -0.415039
v 0.346680 -0.432617 -0.428711
v 0.333008 -0.432617 -0.428711
v 0.338867 -0.422852 -0.422852
v 0.346680 -0.432617 -0.428711
v 0.346680 -0.432617 -0.415039
v 0.338867 -0.422852 -0.422852
v 0.333008 -0.432617 -0.415039
v 0.338867 -0.422852 -0.422852
v 0.333008 -0.432617 -0.428711
v 0.333008 -0.432617 -0.415039
v 0.346680 -0.432617 -0.387695
v 0.333008 -0.432617 -0.387695
v 0.340820 -0.422852 -0.379883
v 0.346680 -0.432617 -0.387695
v 0.340820 -0.422852 -0.379883
v 0.346680 -0.432617 -0.374023
v 0.333008 -0.432617 -0.374023
v 0.340820 -0.422852 -0.379883
v 0.333008 -0.432617 -0.387695
v 0.333008 -0.432617 -0.387695
v 0.333008 -0.489258 -0.374023
v 0.333008 -0.432617 -0.374023
v 0.333008 -0.432617 -0.374023
v 0.346680 -0.432617 -0.374023
v 0.340820 -0.422852 -0.379883
v 0.311523 -0.487305 -0.432617
v 0.293945 -0.489258 -0.432617
v 0.293945 -0.432617 -0.432617
v 0.303711 -0.432617 -0.416992
v 0.303711 -0.489258 -0.418945
v 0.311523 -0.487305 -0.432617
v 0.293945 -0.432617 -0.432617
v 0.311523 -0.432617 -0.432617
v 0.311523 -0.487305 -0.432617
v 0.311523 -0.487305 -0.432617
v 0.311523 -0.432617 -0.432617
v 0.303711 -0.432617 -0.416992
v 0.293945 -0.489258 -0.432617
v 0.303711 -0.489258 -0.418945
v 0.303711 -0.432617 -0.416992
v 0.303711 -0.432617 -0.416992
v 0.293945 -0.432617 -0.432617
v 0.293945 -0.489258 -0.432617
v 0.239258 -0.432617 -0.432617
v 0.254883 -0.432617 -0.432617
v 0.254883 -0.487305 -0.432617
v 0.254883 -0.487305 -0.432617
v 0.254883 -0.432617 -0.432617
v 0.247070 -0.432617 -0.416992
v 0.254883 -0.487305 -0.432617
v 0.239258 -0.489258 -0.432617
v 0.239258 -0.432617 -0.432617
v 0.247070 -0.432617 -0.416992
v 0.247070 -0.489258 -0.418945
v 0.254883 -0.487305 -0.432617
v 0.293945 -0.432617 -0.432617
v 0.303711 -0.422852 -0.426758
v 0.311523 -0.432617 -0.432617
v 0.311523 -0.432617 -0.432617
v 0.303711 -0.422852 -0.426758
v 0.303711 -0.432617 -0.416992
v 0.303711 -0.422852 -0.426758
v 0.293945 -0.432617 -0.432617
v 0.303711 -0.432617 -0.416992
v 0.254883 -0.432617 -0.432617
v 0.239258 -0.432617 -0.432617
v 0.247070 -0.422852 -0.426758
v 0.254883 -0.432617 -0.432617
v 0.247070 -0.422852 -0.426758
v 0.247070 -0.432617 -0.416992
v 0.305664 -0.352539 -0.381836
v 0.299805 -0.356445 -0.387695
v 0.313477 -0.327148 -0.407227
v 0.313477 -0.327148 -0.407227
v 0.299805 -0.356445 -0.387695
v 0.293945 -0.350586 -0.385742
v 0.299805 -0.348633 -0.379883
v 0.305664 -0.352539 -0.381836
v 0.313477 -0.327148 -0.407227
v 0.293945 -0.350586 -0.385742
v 0.299805 -0.348633 -0.379883
v 0.313477 -0.327148 -0.407227
v 0.299805 -0.356445 -0.387695
v 0.305664 -0.352539 -0.381836
v 0.291992 -0.379883 -0.370117
v 0.291992 -0.379883 -0.370117
v 0.293945 -0.350586 -0.385742
v 0.299805 -0.356445 -0.387695
v 0.305664 -0.352539 -0.381836
v 0.299805 -0.348633 -0.379883
v 0.290039 -0.364258 -0.366211
v 0.293945 -0.375977 -0.360352
v 0.291992 -0.379883 -0.370117
v 0.305664 -0.352539 -0.381836
v 0.290039 -0.364258 -0.366211
v 0.293945 -0.375977 -0.360352
v 0.305664 -0.352539 -0.381836
v 0.299805 -0.348633 -0.379883
v 0.293945 -0.350586 -0.385742
v 0.290039 -0.364258 -0.366211
v 0.293945 -0.350586 -0.385742
v 0.291992 -0.379883 -0.370117
v 0.280273 -0.375977 -0.368164
v 0.293945 -0.350586 -0.385742
v 0.280273 -0.375977 -0.368164
v 0.290039 -0.364258 -0.366211
v 0.342773 -0.473633 -0.368164
v 0.364258 -0.481445 -0.368164
v 0.362305 -0.485352 -0.368164
v 0.362305 -0.485352 -0.368164
v 0.364258 -0.481445 -0.368164
v 0.364258 -0.481445 -0.333008
v 0.362305 -0.485352 -0.368164
v 0.340820 -0.477539 -0.368164
v 0.342773 -0.473633 -0.368164
v 0.364258 -0.481445 -0.333008
v 0.362305 -0.485352 -0.333008
v 0.362305 -0.485352 -0.368164
v 0.364258 -0.481445 -0.368164
v 0.342773 -0.473633 -0.368164
v 0.342773 -0.473633 -0.333008
v 0.342773 -0.473633 -0.333008
v 0.364258 -0.481445 -0.333008
v 0.364258 -0.481445 -0.368164
v 0.333008 -0.432617 -0.374023
v 0.333008 -0.489258 -0.374023
v 0.346680 -0.487305 -0.374023
v 0.346680 -0.487305 -0.374023
v 0.346680 -0.432617 -0.374023
v 0.333008 -0.432617 -0.374023
v 0.340820 -0.477539 -0.333008
v 0.342773 -0.473633 -0.368164
v 0.340820 -0.477539 -0.368164
v 0.342773 -0.473633 -0.368164
v 0.340820 -0.477539 -0.333008
v 0.342773 -0.473633 -0.333008
v 0.362305 -0.485352 -0.333008
v 0.364258 -0.481445 -0.333008
v 0.342773 -0.473633 -0.333008
v 0.342773 -0.473633 -0.333008
v 0.340820 -0.477539 -0.333008
v 0.362305 -0.485352 -0.333008
v 0.346680 -0.432617 -0.313477
v 0.346680 -0.487305 -0.313477
v 0.346680 -0.487305 -0.327148
v 0.346680 -0.487305 -0.327148
v 0.333008 -0.487305 -0.327148
v 0.346680 -0.432617 -0.327148
v 0.346680 -0.487305 -0.327148
v 0.346680 -0.432617 -0.327148
v 0.346680 -0.432617 -0.313477
v 0.333008 -0.432617 -0.313477
v 0.333008 -0.489258 -0.313477
v 0.346680 -0.487305 -0.313477
v 0.346680 -0.487305 -0.313477
v 0.346680 -0.432617 -0.313477
v 0.333008 -0.432617 -0.313477
v 0.333008 -0.487305 -0.327148
v 0.333008 -0.489258 -0.313477
v 0.333008 -0.432617 -0.327148
v 0.333008 -0.432617 -0.327148
v 0.346680 -0.432617 -0.327148
v 0.333008 -0.487305 -0.327148
v 0.333008 -0.432617 -0.313477
v 0.333008 -0.432617 -0.327148
v 0.333008 -0.489258 -0.313477
v 0.340820 -0.422852 -0.319336
v 0.346680 -0.432617 -0.313477
v 0.346680 -0.432617 -0.327148
v 0.346680 -0.432617 -0.327148
v 0.333008 -0.432617 -0.327148
v 0.340820 -0.422852 -0.319336
v 0.346680 -0.432617 -0.313477
v 0.340820 -0.422852 -0.319336
v 0.333008 -0.432617 -0.313477
v 0.333008 -0.432617 -0.313477
v 0.340820 -0.422852 -0.319336
v 0.333008 -0.432617 -0.327148
v 0.293945 -0.436523 -0.372070
v 0.282227 -0.436523 -0.370117
v 0.291992 -0.379883 -0.370117
v 0.293945 -0.375977 -0.360352
v 0.295898 -0.436523 -0.360352
v 0.293945 -0.436523 -0.372070
v 0.293945 -0.436523 -0.372070
v 0.291992 -0.379883 -0.370117
v 0.293945 -0.375977 -0.360352
v 0.282227 -0.436523 -0.370117
v 0.284180 -0.436523 -0.358398
v 0.284180 -0.379883 -0.358398
v 0.280273 -0.375977 -0.368164
v 0.291992 -0.379883 -0.370117
v 0.282227 -0.436523 -0.370117
v 0.282227 -0.436523 -0.370117
v 0.284180 -0.379883 -0.358398
v 0.280273 -0.375977 -0.368164
v 0.284180 -0.379883 -0.358398
v 0.284180 -0.436523 -0.358398
v 0.295898 -0.436523 -0.360352
v 0.295898 -0.436523 -0.360352
v 0.293945 -0.375977 -0.360352
v 0.284180 -0.379883 -0.358398
v 0.274414 -0.348633 -0.348633
v 0.284180 -0.379883 -0.358398
v 0.293945 -0.375977 -0.360352
v 0.293945 -0.375977 -0.360352
v 0.290039 -0.364258 -0.366211
v 0.284180 -0.346680 -0.348633
v 0.293945 -0.375977 -0.360352
v 0.284180 -0.346680 -0.348633
v 0.274414 -0.348633 -0.348633
v 0.274414 -0.348633 -0.348633
v 0.280273 -0.375977 -0.368164
v 0.284180 -0.379883 -0.358398
v 0.274414 -0.346680 -0.356445
v 0.290039 -0.364258 -0.366211
v 0.280273 -0.375977 -0.368164
v 0.274414 -0.348633 -0.348633
v 0.274414 -0.346680 -0.356445
v 0.280273 -0.375977 -0.368164
v 0.342773 -0.471680 -0.311523
v 0.374023 -0.479492 -0.311523
v 0.372070 -0.485352 -0.311523
v 0.372070 -0.485352 -0.311523
v 0.374023 -0.479492 -0.311523
v 0.374023 -0.479492 -0.262695
v 0.372070 -0.485352 -0.311523
v 0.340820 -0.479492 -0.311523
v 0.342773 -0.471680 -0.311523
v 0.374023 -0.479492 -0.262695
v 0.372070 -0.485352 -0.262695
v 0.372070 -0.485352 -0.311523
v 0.374023 -0.479492 -0.311523
v 0.342773 -0.471680 -0.311523
v 0.342773 -0.471680 -0.262695
v 0.342773 -0.471680 -0.262695
v 0.374023 -0.479492 -0.262695
v 0.374023 -0.479492 -0.311523
v 0.340820 -0.479492 -0.262695
v 0.342773 -0.471680 -0.311523
v 0.340820 -0.479492 -0.311523
v 0.342773 -0.471680 -0.311523
v 0.340820 -0.479492 -0.262695
v 0.342773 -0.471680 -0.262695
v 0.372070 -0.485352 -0.262695
v 0.374023 -0.479492 -0.262695
v 0.342773 -0.471680 -0.262695
v 0.342773 -0.471680 -0.262695
v 0.340820 -0.479492 -0.262695
v 0.372070 -0.485352 -0.262695
v 0.346680 -0.487305 -0.252930
v 0.333008 -0.487305 -0.252930
v 0.346680 -0.432617 -0.252930
v 0.346680 -0.487305 -0.252930
v 0.346680 -0.432617 -0.252930
v 0.346680 -0.432617 -0.239258
v 0.346680 -0.432617 -0.239258
v 0.346680 -0.487305 -0.239258
v 0.346680 -0.487305 -0.252930
v 0.333008 -0.432617 -0.252930
v 0.346680 -0.432617 -0.252930
v 0.333008 -0.487305 -0.252930
v 0.333008 -0.489258 -0.239258
v 0.333008 -0.432617 -0.252930
v 0.333008 -0.487305 -0.252930
v 0.346680 -0.432617 -0.252930
v 0.333008 -0.432617 -0.252930
v 0.338867 -0.422852 -0.247070
v 0.338867 -0.422852 -0.247070
v 0.346680 -0.432617 -0.239258
v 0.346680 -0.432617 -0.252930
v 0.333008 -0.432617 -0.252930
v 0.333008 -0.489258 -0.239258
v 0.333008 -0.432617 -0.239258
v 0.333008 -0.432617 -0.239258
v 0.338867 -0.422852 -0.247070
v 0.333008 -0.432617 -0.252930
v 0.274414 -0.420898 -0.270508
v 0.274414 -0.485352 -0.270508
v 0.270508 -0.485352 -0.278320
v 0.270508 -0.485352 -0.278320
v 0.264648 -0.485352 -0.274414
v 0.270508 -0.420898 -0.278320
v 0.270508 -0.485352 -0.278320
v 0.270508 -0.420898 -0.278320
v 0.274414 -0.420898 -0.270508
v 0.266602 -0.420898 -0.268555
v 0.266602 -0.485352 -0.268555
v 0.274414 -0.485352 -0.270508
v 0.274414 -0.485352 -0.270508
v 0.274414 -0.420898 -0.270508
v 0.266602 -0.420898 -0.268555
v 0.266602 -0.420898 -0.268555
v 0.264648 -0.485352 -0.274414
v 0.266602 -0.485352 -0.268555
v 0.264648 -0.420898 -0.274414
v 0.270508 -0.420898 -0.278320
v 0.264648 -0.485352 -0.274414
v 0.264648 -0.485352 -0.274414
v 0.266602 -0.420898 -0.268555
v 0.264648 -0.420898 -0.274414
v 0.293945 -0.411133 -0.297852
v 0.286133 -0.426758 -0.290039
v 0.268555 -0.426758 -0.297852
v 0.303711 -0.411133 -0.272461
v 0.286133 -0.426758 -0.290039
v 0.293945 -0.411133 -0.297852
v 0.268555 -0.377930 -0.303711
v 0.290039 -0.377930 -0.293945
v 0.293945 -0.411133 -0.297852
v 0.293945 -0.411133 -0.297852
v 0.290039 -0.377930 -0.293945
v 0.303711 -0.411133 -0.272461
v 0.293945 -0.411133 -0.297852
v 0.268555 -0.426758 -0.297852
v 0.268555 -0.411133 -0.307617
v 0.293945 -0.411133 -0.297852
v 0.268555 -0.411133 -0.307617
v 0.268555 -0.377930 -0.303711
v 0.250977 -0.426758 -0.290039
v 0.268555 -0.426758 -0.297852
v 0.286133 -0.426758 -0.290039
v 0.293945 -0.426758 -0.272461
v 0.250977 -0.426758 -0.290039
v 0.286133 -0.426758 -0.290039
v 0.286133 -0.426758 -0.290039
v 0.303711 -0.411133 -0.272461
v 0.293945 -0.426758 -0.272461
v 0.288086 -0.405273 -0.305664
v 0.297852 -0.405273 -0.301758
v 0.288086 -0.411133 -0.291992
v 0.288086 -0.411133 -0.291992
v 0.297852 -0.405273 -0.301758
v 0.301758 -0.405273 -0.291992
v 0.280273 -0.405273 -0.301758
v 0.288086 -0.405273 -0.305664
v 0.288086 -0.411133 -0.291992
v 0.288086 -0.411133 -0.291992
v 0.301758 -0.405273 -0.291992
v 0.297852 -0.405273 -0.284180
v 0.288086 -0.411133 -0.291992
v 0.297852 -0.405273 -0.284180
v 0.288086 -0.405273 -0.278320
v 0.276367 -0.405273 -0.291992
v 0.280273 -0.405273 -0.301758
v 0.288086 -0.411133 -0.291992
v 0.301758 -0.395508 -0.305664
v 0.297852 -0.405273 -0.301758
v 0.288086 -0.405273 -0.305664
v 0.301758 -0.405273 -0.291992
v 0.297852 -0.405273 -0.301758
v 0.301758 -0.395508 -0.305664
v 0.288086 -0.383789 -0.309570
v 0.301758 -0.383789 -0.305664
v 0.301758 -0.395508 -0.305664
v 0.301758 -0.395508 -0.305664
v 0.301758 -0.383789 -0.305664
v 0.307617 -0.395508 -0.291992
v 0.301758 -0.395508 -0.305664
v 0.288086 -0.405273 -0.305664
v 0.288086 -0.395508 -0.311523
v 0.301758 -0.395508 -0.305664
v 0.288086 -0.395508 -0.311523
v 0.288086 -0.383789 -0.309570
v 0.301758 -0.395508 -0.305664
v 0.307617 -0.395508 -0.291992
v 0.301758 -0.405273 -0.291992
v 0.301758 -0.383789 -0.305664
v 0.288086 -0.383789 -0.309570
v 0.288086 -0.374023 -0.303711
v 0.305664 -0.383789 -0.291992
v 0.307617 -0.395508 -0.291992
v 0.301758 -0.383789 -0.305664
v 0.299805 -0.374023 -0.291992
v 0.305664 -0.383789 -0.291992
v 0.301758 -0.383789 -0.305664
v 0.288086 -0.374023 -0.303711
v 0.295898 -0.374023 -0.299805
v 0.301758 -0.383789 -0.305664
v 0.301758 -0.383789 -0.305664
v 0.295898 -0.374023 -0.299805
v 0.299805 -0.374023 -0.291992
v 0.276367 -0.395508 -0.305664
v 0.288086 -0.395508 -0.311523
v 0.288086 -0.405273 -0.305664
v 0.280273 -0.405273 -0.301758
v 0.276367 -0.395508 -0.305664
v 0.288086 -0.405273 -0.305664
v 0.276367 -0.395508 -0.305664
v 0.288086 -0.383789 -0.309570
v 0.288086 -0.395508 -0.311523
v 0.288086 -0.383789 -0.309570
v 0.276367 -0.395508 -0.305664
v 0.276367 -0.383789 -0.305664
v 0.288086 -0.383789 -0.309570
v 0.276367 -0.383789 -0.305664
v 0.288086 -0.374023 -0.303711
v 0.297852 -0.405273 -0.284180
v 0.301758 -0.405273 -0.291992
v 0.307617 -0.395508 -0.291992
v 0.301758 -0.395508 -0.280273
v 0.297852 -0.405273 -0.284180
v 0.307617 -0.395508 -0.291992
v 0.307617 -0.395508 -0.291992
v 0.305664 -0.383789 -0.291992
v 0.301758 -0.395508 -0.280273
v 0.297852 -0.405273 -0.284180
v 0.301758 -0.395508 -0.280273
v 0.290039 -0.397461 -0.274414
v 0.297852 -0.405273 -0.284180
v 0.290039 -0.397461 -0.274414
v 0.288086 -0.405273 -0.278320
v 0.301758 -0.383789 -0.280273
v 0.301758 -0.395508 -0.280273
v 0.305664 -0.383789 -0.291992
v 0.299805 -0.374023 -0.291992
v 0.301758 -0.383789 -0.280273
v 0.305664 -0.383789 -0.291992
v 0.290039 -0.377930 -0.293945
v 0.268555 -0.377930 -0.303711
v 0.268555 -0.344727 -0.290039
v 0.299805 -0.377930 -0.272461
v 0.303711 -0.411133 -0.272461
v 0.290039 -0.377930 -0.293945
v 0.282227 -0.344727 -0.286133
v 0.299805 -0.377930 -0.272461
v 0.290039 -0.377930 -0.293945
v 0.268555 -0.344727 -0.290039
v 0.282227 -0.344727 -0.286133
v 0.290039 -0.377930 -0.293945
v 0.245117 -0.411133 -0.297852
v 0.268555 -0.411133 -0.307617
v 0.268555 -0.426758 -0.297852
v 0.268555 -0.426758 -0.297852
v 0.250977 -0.426758 -0.290039
v 0.245117 -0.411133 -0.297852
v 0.245117 -0.411133 -0.297852
v 0.268555 -0.377930 -0.303711
v 0.268555 -0.411133 -0.307617
v 0.250977 -0.426758 -0.290039
v 0.293945 -0.426758 -0.272461
v 0.245117 -0.426758 -0.272461
v 0.235352 -0.411133 -0.272461
v 0.245117 -0.411133 -0.297852
v 0.250977 -0.426758 -0.290039
v 0.250977 -0.426758 -0.290039
v 0.245117 -0.426758 -0.272461
v 0.235352 -0.411133 -0.272461
v 0.276367 -0.395508 -0.305664
v 0.280273 -0.405273 -0.301758
v 0.276367 -0.405273 -0.291992
v 0.272461 -0.383789 -0.291992
v 0.276367 -0.383789 -0.305664
v 0.276367 -0.395508 -0.305664
v 0.276367 -0.395508 -0.305664
v 0.276367 -0.405273 -0.291992
v 0.270508 -0.395508 -0.291992
v 0.276367 -0.395508 -0.305664
v 0.270508 -0.395508 -0.291992
v 0.272461 -0.383789 -0.291992
v 0.276367 -0.383789 -0.305664
v 0.272461 -0.383789 -0.291992
v 0.282227 -0.374023 -0.299805
v 0.282227 -0.374023 -0.299805
v 0.288086 -0.374023 -0.303711
v 0.276367 -0.383789 -0.305664
v 0.247070 -0.377930 -0.293945
v 0.268555 -0.344727 -0.290039
v 0.268555 -0.377930 -0.303711
v 0.268555 -0.377930 -0.303711
v 0.245117 -0.411133 -0.297852
v 0.247070 -0.377930 -0.293945
v 0.278320 -0.374023 -0.291992
v 0.282227 -0.374023 -0.299805
v 0.272461 -0.383789 -0.291992
v 0.286133 -0.426758 -0.254883
v 0.293945 -0.426758 -0.272461
v 0.303711 -0.411133 -0.272461
v 0.293945 -0.411133 -0.249023
v 0.286133 -0.426758 -0.254883
v 0.303711 -0.411133 -0.272461
v 0.303711 -0.411133 -0.272461
v 0.299805 -0.377930 -0.272461
v 0.290039 -0.377930 -0.250977
v 0.303711 -0.411133 -0.272461
v 0.290039 -0.377930 -0.250977
v 0.293945 -0.411133 -0.249023
v 0.293945 -0.426758 -0.272461
v 0.286133 -0.426758 -0.254883
v 0.250977 -0.426758 -0.254883
v 0.293945 -0.426758 -0.272461
v 0.250977 -0.426758 -0.254883
v 0.245117 -0.426758 -0.272461
v 0.268555 -0.426758 -0.249023
v 0.250977 -0.426758 -0.254883
v 0.286133 -0.426758 -0.254883
v 0.286133 -0.426758 -0.254883
v 0.293945 -0.411133 -0.249023
v 0.268555 -0.426758 -0.249023
v 0.301758 -0.395508 -0.280273
v 0.301758 -0.383789 -0.280273
v 0.290039 -0.397461 -0.274414
v 0.290039 -0.383789 -0.276367
v 0.290039 -0.397461 -0.274414
v 0.301758 -0.383789 -0.280273
v 0.295898 -0.374023 -0.286133
v 0.290039 -0.383789 -0.276367
v 0.301758 -0.383789 -0.280273
v 0.301758 -0.383789 -0.280273
v 0.299805 -0.374023 -0.291992
v 0.295898 -0.374023 -0.286133
v 0.286133 -0.344727 -0.272461
v 0.290039 -0.377930 -0.250977
v 0.299805 -0.377930 -0.272461
v 0.299805 -0.377930 -0.272461
v 0.282227 -0.344727 -0.286133
v 0.286133 -0.344727 -0.272461
v 0.290039 -0.383789 -0.276367
v 0.295898 -0.374023 -0.286133
v 0.286133 -0.374023 -0.282227
v 0.290039 -0.377930 -0.250977
v 0.286133 -0.344727 -0.272461
v 0.282227 -0.344727 -0.260742
v 0.290039 -0.377930 -0.250977
v 0.282227 -0.344727 -0.260742
v 0.268555 -0.377930 -0.243164
v 0.268555 -0.377930 -0.243164
v 0.293945 -0.411133 -0.249023
v 0.290039 -0.377930 -0.250977
v 0.245117 -0.411133 -0.249023
v 0.245117 -0.426758 -0.272461
v 0.250977 -0.426758 -0.254883
v 0.250977 -0.426758 -0.254883
v 0.268555 -0.426758 -0.249023
v 0.268555 -0.411133 -0.239258
v 0.250977 -0.426758 -0.254883
v 0.268555 -0.411133 -0.239258
v 0.245117 -0.411133 -0.249023
v 0.290039 -0.364258 -0.366211
v 0.282227 -0.344727 -0.356445
v 0.284180 -0.346680 -0.348633
v 0.274414 -0.346680 -0.356445
v 0.282227 -0.344727 -0.356445
v 0.290039 -0.364258 -0.366211
v 0.262695 -0.307617 -0.331055
v 0.284180 -0.346680 -0.348633
v 0.282227 -0.344727 -0.356445
v 0.282227 -0.344727 -0.356445
v 0.274414 -0.346680 -0.356445
v 0.262695 -0.307617 -0.331055
v 0.262695 -0.307617 -0.331055
v 0.274414 -0.348633 -0.348633
v 0.284180 -0.346680 -0.348633
v 0.274414 -0.346680 -0.356445
v 0.274414 -0.348633 -0.348633
v 0.262695 -0.307617 -0.331055
v 0.295898 -0.374023 -0.299805
v 0.288086 -0.374023 -0.303711
v 0.288086 -0.370117 -0.291992
v 0.288086 -0.370117 -0.291992
v 0.299805 -0.374023 -0.291992
v 0.295898 -0.374023 -0.299805
v 0.288086 -0.374023 -0.303711
v 0.282227 -0.374023 -0.299805
v 0.288086 -0.370117 -0.291992
v 0.278320 -0.374023 -0.291992
v 0.288086 -0.370117 -0.291992
v 0.282227 -0.374023 -0.299805
v 0.299805 -0.374023 -0.291992
v 0.288086 -0.370117 -0.291992
v 0.295898 -0.374023 -0.286133
v 0.286133 -0.374023 -0.282227
v 0.295898 -0.374023 -0.286133
v 0.288086 -0.370117 -0.291992
v 0.282227 -0.344727 -0.286133
v 0.268555 -0.344727 -0.290039
v 0.274414 -0.338867 -0.276367
v 0.274414 -0.338867 -0.276367
v 0.286133 -0.344727 -0.272461
v 0.282227 -0.344727 -0.286133
v 0.268555 -0.344727 -0.290039
v 0.256836 -0.344727 -0.286133
v 0.252930 -0.344727 -0.272461
v 0.247070 -0.377930 -0.293945
v 0.256836 -0.344727 -0.286133
v 0.268555 -0.344727 -0.290039
v 0.268555 -0.344727 -0.290039
v 0.252930 -0.344727 -0.272461
v 0.268555 -0.311523 -0.272461
v 0.268555 -0.311523 -0.272461
v 0.274414 -0.338867 -0.276367
v 0.268555 -0.344727 -0.290039
v 0.239258 -0.377930 -0.272461
v 0.252930 -0.344727 -0.272461
v 0.256836 -0.344727 -0.286133
v 0.256836 -0.344727 -0.286133
v 0.247070 -0.377930 -0.293945
v 0.239258 -0.377930 -0.272461
v 0.274414 -0.342773 -0.260742
v 0.282227 -0.344727 -0.260742
v 0.286133 -0.344727 -0.272461
v 0.286133 -0.344727 -0.272461
v 0.274414 -0.338867 -0.276367
v 0.274414 -0.342773 -0.260742
v 0.282227 -0.344727 -0.260742
v 0.274414 -0.342773 -0.260742
v 0.268555 -0.377930 -0.243164
v 0.256836 -0.344727 -0.260742
v 0.268555 -0.344727 -0.256836
v 0.252930 -0.344727 -0.272461
v 0.252930 -0.344727 -0.272461
v 0.268555 -0.344727 -0.256836
v 0.274414 -0.342773 -0.260742
v 0.239258 -0.377930 -0.272461
v 0.256836 -0.344727 -0.260742
v 0.252930 -0.344727 -0.272461
v 0.252930 -0.344727 -0.272461
v 0.274414 -0.342773 -0.260742
v 0.268555 -0.311523 -0.272461
v 0.268555 -0.344727 -0.256836
v 0.256836 -0.344727 -0.260742
v 0.268555 -0.377930 -0.243164
v 0.268555 -0.377930 -0.243164
v 0.274414 -0.342773 -0.260742
v 0.268555 -0.344727 -0.256836
v 0.256836 -0.344727 -0.260742
v 0.239258 -0.377930 -0.272461
v 0.247070 -0.377930 -0.250977
v 0.256836 -0.344727 -0.260742
v 0.247070 -0.377930 -0.250977
v 0.268555 -0.377930 -0.243164
v 0.268555 -0.311523 -0.272461
v 0.274414 -0.342773 -0.260742
v 0.274414 -0.338867 -0.276367
v 0.239258 -0.489258 -0.432617
v 0.247070 -0.489258 -0.418945
v 0.247070 -0.432617 -0.416992
v 0.247070 -0.432617 -0.416992
v 0.239258 -0.432617 -0.432617
v 0.239258 -0.489258 -0.432617
v 0.219727 -0.475586 -0.426758
v 0.219727 -0.475586 -0.430664
v 0.219727 -0.483398 -0.430664
v 0.219727 -0.483398 -0.430664
v 0.219727 -0.483398 -0.426758
v 0.219727 -0.475586 -0.426758
v 0.219727 -0.456055 -0.428711
v 0.219727 -0.456055 -0.422852
v 0.219727 -0.446289 -0.422852
v 0.219727 -0.446289 -0.422852
v 0.219727 -0.446289 -0.428711
v 0.219727 -0.456055 -0.428711
v 0.194336 -0.432617 -0.416992
v 0.192383 -0.489258 -0.418945
v 0.200195 -0.487305 -0.432617
v 0.200195 -0.487305 -0.432617
v 0.200195 -0.432617 -0.432617
v 0.194336 -0.432617 -0.416992
v 0.184570 -0.432617 -0.432617
v 0.200195 -0.432617 -0.432617
v 0.200195 -0.487305 -0.432617
v 0.200195 -0.487305 -0.432617
v 0.184570 -0.489258 -0.432617
v 0.184570 -0.432617 -0.432617
v 0.192383 -0.489258 -0.418945
v 0.194336 -0.432617 -0.416992
v 0.184570 -0.489258 -0.432617
v 0.114258 -0.463867 -0.411133
v 0.211914 -0.463867 -0.405273
v 0.206055 -0.485352 -0.399414
v 0.206055 -0.485352 -0.399414
v 0.211914 -0.463867 -0.405273
v 0.211914 -0.485352 -0.280273
v 0.120117 -0.485352 -0.405273
v 0.114258 -0.463867 -0.411133
v 0.206055 -0.485352 -0.399414
v 0.211914 -0.463867 -0.405273
v 0.114258 -0.463867 -0.411133
v 0.094727 -0.463867 -0.323242
v 0.217773 -0.463867 -0.272461
v 0.211914 -0.485352 -0.280273
v 0.211914 -0.463867 -0.405273
v 0.094727 -0.463867 -0.323242
v 0.217773 -0.463867 -0.272461
v 0.211914 -0.463867 -0.405273
v 0.247070 -0.432617 -0.416992
v 0.247070 -0.422852 -0.426758
v 0.239258 -0.432617 -0.432617
v 0.200195 -0.432617 -0.432617
v 0.192383 -0.422852 -0.426758
v 0.194336 -0.432617 -0.416992
v 0.184570 -0.432617 -0.432617
v 0.192383 -0.422852 -0.426758
v 0.200195 -0.432617 -0.432617
v 0.184570 -0.432617 -0.432617
v 0.194336 -0.432617 -0.416992
v 0.192383 -0.422852 -0.426758
v 0.184570 -0.432617 -0.432617
v 0.184570 -0.489258 -0.432617
v 0.194336 -0.432617 -0.416992
v 0.145508 -0.487305 -0.432617
v 0.129883 -0.489258 -0.432617
v 0.129883 -0.432617 -0.432617
v 0.139648 -0.432617 -0.416992
v 0.137695 -0.489258 -0.418945
v 0.145508 -0.487305 -0.432617
v 0.129883 -0.432617 -0.432617
v 0.147461 -0.432617 -0.432617
v 0.145508 -0.487305 -0.432617
v 0.145508 -0.487305 -0.432617
v 0.147461 -0.432617 -0.432617
v 0.139648 -0.432617 -0.416992
v 0.129883 -0.489258 -0.432617
v 0.137695 -0.489258 -0.418945
v 0.139648 -0.432617 -0.416992
v 0.139648 -0.432617 -0.416992
v 0.129883 -0.432617 -0.432617
v 0.129883 -0.489258 -0.432617
v 0.147461 -0.432617 -0.432617
v 0.129883 -0.432617 -0.432617
v 0.137695 -0.422852 -0.426758
v 0.147461 -0.432617 -0.432617
v 0.137695 -0.422852 -0.426758
v 0.139648 -0.432617 -0.416992
v 0.139648 -0.432617 -0.416992
v 0.137695 -0.422852 -0.426758
v 0.129883 -0.432617 -0.432617
v 0.135742 -0.362305 -0.385742
v 0.133789 -0.372070 -0.377930
v 0.122070 -0.362305 -0.393555
v 0.137695 -0.358398 -0.358398
v 0.133789 -0.372070 -0.377930
v 0.135742 -0.362305 -0.385742
v 0.127930 -0.338867 -0.387695
v 0.139648 -0.348633 -0.381836
v 0.135742 -0.362305 -0.385742
v 0.135742 -0.362305 -0.385742
v 0.139648 -0.348633 -0.381836
v 0.139648 -0.346680 -0.368164
v 0.122070 -0.362305 -0.393555
v 0.127930 -0.338867 -0.387695
v 0.135742 -0.362305 -0.385742
v 0.135742 -0.362305 -0.385742
v 0.139648 -0.346680 -0.368164
v 0.137695 -0.358398 -0.358398
v 0.133789 -0.372070 -0.377930
v 0.122070 -0.377930 -0.379883
v 0.122070 -0.362305 -0.393555
v 0.135742 -0.372070 -0.364258
v 0.122070 -0.377930 -0.379883
v 0.133789 -0.372070 -0.377930
v 0.137695 -0.358398 -0.358398
v 0.135742 -0.372070 -0.364258
v 0.133789 -0.372070 -0.377930
v 0.139648 -0.348633 -0.381836
v 0.127930 -0.338867 -0.387695
v 0.139648 -0.346680 -0.368164
v 0.122070 -0.362305 -0.393555
v 0.118164 -0.352539 -0.407227
v 0.127930 -0.338867 -0.387695
v 0.127930 -0.338867 -0.387695
v 0.118164 -0.352539 -0.407227
v 0.122070 -0.336914 -0.403320
v 0.122070 -0.336914 -0.403320
v 0.114258 -0.319336 -0.407227
v 0.127930 -0.338867 -0.387695
v 0.127930 -0.338867 -0.387695
v 0.114258 -0.319336 -0.407227
v 0.114258 -0.313477 -0.393555
v 0.127930 -0.338867 -0.387695
v 0.114258 -0.313477 -0.393555
v 0.118164 -0.311523 -0.368164
v 0.127930 -0.334961 -0.364258
v 0.139648 -0.346680 -0.368164
v 0.127930 -0.338867 -0.387695
v 0.118164 -0.311523 -0.368164
v 0.127930 -0.334961 -0.364258
v 0.127930 -0.338867 -0.387695
v 0.094727 -0.487305 -0.432617
v 0.079102 -0.489258 -0.432617
v 0.079102 -0.432617 -0.432617
v 0.088867 -0.432617 -0.416992
v 0.086914 -0.489258 -0.418945
v 0.094727 -0.487305 -0.432617
v 0.079102 -0.432617 -0.432617
v 0.094727 -0.432617 -0.432617
v 0.094727 -0.487305 -0.432617
v 0.094727 -0.487305 -0.432617
v 0.094727 -0.432617 -0.432617
v 0.088867 -0.432617 -0.416992
v 0.108398 -0.483398 -0.430664
v 0.108398 -0.473633 -0.430664
v 0.108398 -0.483398 -0.426758
v 0.010742 -0.485352 -0.430664
v 0.108398 -0.473633 -0.430664
v 0.108398 -0.483398 -0.430664
v 0.108398 -0.483398 -0.430664
v 0.108398 -0.483398 -0.426758
v 0.010742 -0.485352 -0.426758
v 0.010742 -0.485352 -0.426758
v 0.010742 -0.485352 -0.430664
v 0.108398 -0.483398 -0.430664
v 0.108398 -0.473633 -0.426758
v 0.108398 -0.483398 -0.426758
v 0.108398 -0.473633 -0.430664
v 0.010742 -0.475586 -0.430664
v 0.108398 -0.473633 -0.426758
v 0.108398 -0.473633 -0.430664
v 0.108398 -0.473633 -0.430664
v 0.010742 -0.485352 -0.430664
v 0.010742 -0.475586 -0.430664
v 0.108398 -0.483398 -0.426758
v 0.108398 -0.473633 -0.426758
v 0.010742 -0.475586 -0.426758
v 0.010742 -0.475586 -0.426758
v 0.010742 -0.485352 -0.426758
v 0.108398 -0.483398 -0.426758
v 0.108398 -0.473633 -0.426758
v 0.010742 -0.475586 -0.430664
v 0.010742 -0.475586 -0.426758
v 0.108398 -0.448242 -0.428711
v 0.108398 -0.458008 -0.424805
v 0.108398 -0.458008 -0.428711
v 0.108398 -0.458008 -0.428711
v 0.108398 -0.458008 -0.424805
v 0.022461 -0.456055 -0.424805
v 0.024414 -0.456055 -0.428711
v 0.108398 -0.448242 -0.428711
v 0.108398 -0.458008 -0.428711
v 0.022461 -0.456055 -0.424805
v 0.024414 -0.456055 -0.428711
v 0.108398 -0.458008 -0.428711
v 0.108398 -0.458008 -0.424805
v 0.108398 -0.448242 -0.428711
v 0.108398 -0.448242 -0.424805
v 0.108398 -0.458008 -0.424805
v 0.108398 -0.448242 -0.424805
v 0.022461 -0.456055 -0.424805
v 0.024414 -0.446289 -0.428711
v 0.108398 -0.448242 -0.424805
v 0.108398 -0.448242 -0.428711
v 0.108398 -0.448242 -0.428711
v 0.024414 -0.456055 -0.428711
v 0.024414 -0.446289 -0.428711
v 0.022461 -0.446289 -0.424805
v 0.022461 -0.456055 -0.424805
v 0.108398 -0.448242 -0.424805
v 0.108398 -0.448242 -0.424805
v 0.024414 -0.446289 -0.428711
v 0.022461 -0.446289 -0.424805
v 0.114258 -0.463867 -0.411133
v 0.120117 -0.485352 -0.405273
v 0.094727 -0.463867 -0.323242
v 0.079102 -0.489258 -0.432617
v 0.086914 -0.489258 -0.418945
v 0.088867 -0.432617 -0.416992
v 0.088867 -0.432617 -0.416992
v 0.079102 -0.432617 -0.432617
v 0.079102 -0.489258 -0.432617
v 0.120117 -0.485352 -0.405273
v 0.102539 -0.485352 -0.325195
v 0.094727 -0.463867 -0.323242
v 0.083008 -0.483398 -0.381836
v 0.069336 -0.483398 -0.389648
v 0.069336 -0.459961 -0.381836
v 0.069336 -0.459961 -0.381836
v 0.077148 -0.459961 -0.377930
v 0.083008 -0.483398 -0.381836
v 0.083008 -0.483398 -0.381836
v 0.077148 -0.459961 -0.377930
v 0.088867 -0.483398 -0.368164
v 0.059570 -0.459961 -0.377930
v 0.069336 -0.459961 -0.381836
v 0.069336 -0.483398 -0.389648
v 0.069336 -0.483398 -0.389648
v 0.055664 -0.483398 -0.383789
v 0.059570 -0.459961 -0.377930
v 0.077148 -0.459961 -0.377930
v 0.069336 -0.459961 -0.381836
v 0.075195 -0.424805 -0.374023
v 0.081055 -0.459961 -0.368164
v 0.088867 -0.483398 -0.368164
v 0.077148 -0.459961 -0.377930
v 0.077148 -0.424805 -0.368164
v 0.081055 -0.459961 -0.368164
v 0.077148 -0.459961 -0.377930
v 0.077148 -0.459961 -0.377930
v 0.075195 -0.424805 -0.374023
v 0.077148 -0.424805 -0.368164
v 0.059570 -0.459961 -0.377930
v 0.069336 -0.424805 -0.377930
v 0.069336 -0.459961 -0.381836
v 0.069336 -0.459961 -0.381836
v 0.069336 -0.424805 -0.377930
v 0.075195 -0.424805 -0.374023
v 0.094727 -0.432617 -0.432617
v 0.079102 -0.432617 -0.432617
v 0.086914 -0.422852 -0.426758
v 0.094727 -0.432617 -0.432617
v 0.086914 -0.422852 -0.426758
v 0.088867 -0.432617 -0.416992
v 0.098633 -0.391602 -0.411133
v 0.084961 -0.403320 -0.409180
v 0.084961 -0.389648 -0.420898
v 0.098633 -0.399414 -0.397461
v 0.084961 -0.403320 -0.409180
v 0.098633 -0.391602 -0.411133
v 0.098633 -0.391602 -0.411133
v 0.084961 -0.389648 -0.420898
v 0.102539 -0.375977 -0.405273
v 0.102539 -0.389648 -0.387695
v 0.098633 -0.399414 -0.397461
v 0.098633 -0.391602 -0.411133
v 0.098633 -0.391602 -0.411133
v 0.102539 -0.375977 -0.405273
v 0.102539 -0.389648 -0.387695
v 0.088867 -0.432617 -0.416992
v 0.086914 -0.422852 -0.426758
v 0.079102 -0.432617 -0.432617
v 0.073242 -0.393555 -0.418945
v 0.084961 -0.389648 -0.420898
v 0.084961 -0.403320 -0.409180
v 0.067383 -0.403320 -0.407227
v 0.073242 -0.393555 -0.418945
v 0.084961 -0.403320 -0.409180
v 0.073242 -0.407227 -0.395508
v 0.067383 -0.403320 -0.407227
v 0.084961 -0.403320 -0.409180
v 0.084961 -0.403320 -0.409180
v 0.098633 -0.399414 -0.397461
v 0.086914 -0.407227 -0.391602
v 0.084961 -0.403320 -0.409180
v 0.086914 -0.407227 -0.391602
v 0.073242 -0.407227 -0.395508
v 0.084961 -0.389648 -0.420898
v 0.073242 -0.393555 -0.418945
v 0.065430 -0.377930 -0.418945
v 0.084961 -0.389648 -0.420898
v 0.065430 -0.377930 -0.418945
v 0.081055 -0.372070 -0.422852
v 0.081055 -0.372070 -0.422852
v 0.102539 -0.375977 -0.405273
v 0.084961 -0.389648 -0.420898
v 0.073242 -0.393555 -0.418945
v 0.067383 -0.403320 -0.407227
v 0.065430 -0.377930 -0.418945
v 0.057617 -0.395508 -0.401367
v 0.065430 -0.377930 -0.418945
v 0.067383 -0.403320 -0.407227
v 0.067383 -0.403320 -0.407227
v 0.073242 -0.407227 -0.395508
v 0.057617 -0.395508 -0.401367
v 0.065430 -0.377930 -0.418945
v 0.057617 -0.395508 -0.401367
v 0.049805 -0.389648 -0.399414
v 0.065430 -0.377930 -0.418945
v 0.049805 -0.389648 -0.399414
v 0.045898 -0.372070 -0.415039
v 0.065430 -0.370117 -0.432617
v 0.081055 -0.372070 -0.422852
v 0.065430 -0.377930 -0.418945
v 0.045898 -0.372070 -0.415039
v 0.065430 -0.370117 -0.432617
v 0.065430 -0.377930 -0.418945
v 0.098633 -0.399414 -0.397461
v 0.102539 -0.389648 -0.387695
v 0.084961 -0.403320 -0.379883
v 0.084961 -0.403320 -0.379883
v 0.086914 -0.407227 -0.391602
v 0.098633 -0.399414 -0.397461
v 0.102539 -0.375977 -0.405273
v 0.122070 -0.377930 -0.379883
v 0.102539 -0.389648 -0.387695
v 0.122070 -0.362305 -0.393555
v 0.122070 -0.377930 -0.379883
v 0.102539 -0.375977 -0.405273
v 0.081055 -0.372070 -0.422852
v 0.104492 -0.360352 -0.418945
v 0.102539 -0.375977 -0.405273
v 0.102539 -0.375977 -0.405273
v 0.104492 -0.360352 -0.418945
v 0.122070 -0.362305 -0.393555
v 0.122070 -0.375977 -0.360352
v 0.102539 -0.389648 -0.387695
v 0.122070 -0.377930 -0.379883
v 0.122070 -0.377930 -0.379883
v 0.135742 -0.372070 -0.364258
v 0.122070 -0.375977 -0.360352
v 0.100586 -0.397461 -0.366211
v 0.084961 -0.403320 -0.379883
v 0.102539 -0.389648 -0.387695
v 0.102539 -0.389648 -0.387695
v 0.122070 -0.375977 -0.360352
v 0.100586 -0.397461 -0.366211
v 0.067383 -0.403320 -0.385742
v 0.073242 -0.407227 -0.395508
v 0.086914 -0.407227 -0.391602
v 0.086914 -0.407227 -0.391602
v 0.084961 -0.403320 -0.379883
v 0.067383 -0.403320 -0.385742
v 0.073242 -0.407227 -0.395508
v 0.067383 -0.403320 -0.385742
v 0.057617 -0.395508 -0.401367
v 0.063477 -0.389648 -0.375977
v 0.069336 -0.389648 -0.377930
v 0.069336 -0.424805 -0.377930
v 0.069336 -0.424805 -0.377930
v 0.069336 -0.389648 -0.377930
v 0.075195 -0.424805 -0.374023
v 0.063477 -0.424805 -0.374023
v 0.063477 -0.389648 -0.375977
v 0.069336 -0.424805 -0.377930
v 0.069336 -0.424805 -0.377930
v 0.059570 -0.459961 -0.377930
v 0.063477 -0.424805 -0.374023
v 0.071289 -0.405273 -0.366211
v 0.067383 -0.403320 -0.385742
v 0.084961 -0.403320 -0.379883
v 0.084961 -0.403320 -0.379883
v 0.100586 -0.397461 -0.366211
v 0.071289 -0.405273 -0.366211
v 0.038086 -0.393555 -0.383789
v 0.057617 -0.395508 -0.401367
v 0.067383 -0.403320 -0.385742
v 0.071289 -0.405273 -0.366211
v 0.038086 -0.393555 -0.383789
v 0.067383 -0.403320 -0.385742
v 0.075195 -0.424805 -0.374023
v 0.069336 -0.389648 -0.377930
v 0.075195 -0.389648 -0.375977
v 0.077148 -0.424805 -0.368164
v 0.075195 -0.424805 -0.374023
v 0.075195 -0.389648 -0.375977
v 0.077148 -0.389648 -0.368164
v 0.077148 -0.424805 -0.368164
v 0.075195 -0.389648 -0.375977
v 0.063477 -0.389648 -0.375977
v 0.063477 -0.424805 -0.374023
v 0.059570 -0.389648 -0.370117
v 0.022461 -0.483398 -0.434570
v 0.018555 -0.483398 -0.434570
v 0.022461 -0.444336 -0.434570
v 0.022461 -0.483398 -0.434570
v 0.022461 -0.444336 -0.434570
v 0.022461 -0.483398 -0.237305
v 0.018555 -0.444336 -0.434570
v 0.022461 -0.444336 -0.434570
v 0.018555 -0.483398 -0.434570
v 0.010742 -0.485352 -0.430664
v 0.010742 -0.485352 -0.426758
v 0.010742 -0.475586 -0.426758
v 0.010742 -0.475586 -0.426758
v 0.010742 -0.475586 -0.430664
v 0.010742 -0.485352 -0.430664
v 0.024414 -0.456055 -0.428711
v 0.022461 -0.456055 -0.424805
v 0.022461 -0.446289 -0.424805
v 0.022461 -0.446289 -0.424805
v 0.024414 -0.446289 -0.428711
v 0.024414 -0.456055 -0.428711
v 0.022461 -0.444336 -0.434570
v 0.018555 -0.444336 -0.434570
v 0.022461 -0.444336 -0.209961
v 0.022461 -0.444336 -0.209961
v 0.022461 -0.483398 -0.237305
v 0.022461 -0.444336 -0.434570
v 0.018555 -0.444336 -0.209961
v 0.022461 -0.444336 -0.209961
v 0.018555 -0.444336 -0.434570
v 0.055664 -0.459961 -0.370117
v 0.059570 -0.459961 -0.377930
v 0.055664 -0.483398 -0.383789
v 0.055664 -0.483398 -0.383789
v 0.049805 -0.483398 -0.370117
v 0.055664 -0.459961 -0.370117
v 0.055664 -0.459961 -0.370117
v 0.063477 -0.424805 -0.374023
v 0.059570 -0.459961 -0.377930
v 0.022461 -0.385742 -0.401367
v 0.022461 -0.375977 -0.409180
v 0.032227 -0.381836 -0.411133
v 0.032227 -0.381836 -0.411133
v 0.022461 -0.375977 -0.409180
v 0.045898 -0.372070 -0.415039
v 0.032227 -0.381836 -0.411133
v 0.049805 -0.389648 -0.399414
v 0.036133 -0.393555 -0.403320
v 0.045898 -0.372070 -0.415039
v 0.049805 -0.389648 -0.399414
v 0.032227 -0.381836 -0.411133
v 0.032227 -0.381836 -0.411133
v 0.036133 -0.393555 -0.403320
v 0.022461 -0.385742 -0.401367
v 0.022461 -0.375977 -0.409180
v 0.022461 -0.385742 -0.401367
v 0.016602 -0.374023 -0.399414
v 0.028320 -0.364258 -0.411133
v 0.045898 -0.372070 -0.415039
v 0.022461 -0.375977 -0.409180
v 0.016602 -0.374023 -0.399414
v 0.028320 -0.364258 -0.411133
v 0.022461 -0.375977 -0.409180
v 0.038086 -0.393555 -0.383789
v 0.049805 -0.389648 -0.399414
v 0.057617 -0.395508 -0.401367
v 0.038086 -0.393555 -0.383789
v 0.036133 -0.393555 -0.403320
v 0.049805 -0.389648 -0.399414
v 0.036133 -0.393555 -0.403320
v 0.038086 -0.393555 -0.383789
v 0.028320 -0.395508 -0.391602
v 0.036133 -0.393555 -0.403320
v 0.028320 -0.395508 -0.391602
v 0.022461 -0.385742 -0.401367
v 0.020508 -0.387695 -0.387695
v 0.028320 -0.395508 -0.391602
v 0.038086 -0.393555 -0.383789
v 0.024414 -0.385742 -0.375977
v 0.020508 -0.387695 -0.387695
v 0.038086 -0.393555 -0.383789
v 0.038086 -0.395508 -0.366211
v 0.024414 -0.385742 -0.375977
v 0.038086 -0.393555 -0.383789
v 0.038086 -0.393555 -0.383789
v 0.071289 -0.405273 -0.366211
v 0.038086 -0.395508 -0.366211
v 0.020508 -0.387695 -0.387695
v 0.022461 -0.385742 -0.401367
v 0.028320 -0.395508 -0.391602
v 0.022461 -0.385742 -0.401367
v 0.020508 -0.387695 -0.387695
v 0.016602 -0.379883 -0.389648
v 0.022461 -0.385742 -0.401367
v 0.016602 -0.379883 -0.389648
v 0.016602 -0.374023 -0.399414
v 0.016602 -0.372070 -0.381836
v 0.016602 -0.379883 -0.389648
v 0.020508 -0.387695 -0.387695
v 0.020508 -0.387695 -0.387695
v 0.024414 -0.385742 -0.375977
v 0.016602 -0.372070 -0.381836
v 0.020508 -0.362305 -0.395508
v 0.016602 -0.374023 -0.399414
v 0.016602 -0.379883 -0.389648
v 0.016602 -0.372070 -0.381836
v 0.020508 -0.362305 -0.395508
v 0.016602 -0.379883 -0.389648
v 0.014648 -0.366211 -0.374023
v 0.016602 -0.372070 -0.381836
v 0.024414 -0.385742 -0.375977
v 0.024414 -0.385742 -0.375977
v 0.038086 -0.395508 -0.366211
v 0.014648 -0.375977 -0.360352
v 0.024414 -0.385742 -0.375977
v 0.014648 -0.375977 -0.360352
v 0.014648 -0.366211 -0.374023
v 0.065430 -0.350586 -0.438477
v 0.086914 -0.352539 -0.428711
v 0.077148 -0.366211 -0.432617
v 0.084961 -0.333008 -0.428711
v 0.086914 -0.352539 -0.428711
v 0.065430 -0.350586 -0.438477
v 0.065430 -0.350586 -0.438477
v 0.077148 -0.366211 -0.432617
v 0.065430 -0.370117 -0.432617
v 0.065430 -0.350586 -0.438477
v 0.065430 -0.370117 -0.432617
v 0.051758 -0.364258 -0.430664
v 0.067383 -0.333008 -0.428711
v 0.084961 -0.333008 -0.428711
v 0.065430 -0.350586 -0.438477
v 0.053711 -0.331055 -0.426758
v 0.067383 -0.333008 -0.428711
v 0.065430 -0.350586 -0.438477
v 0.065430 -0.350586 -0.438477
v 0.051758 -0.364258 -0.430664
v 0.045898 -0.346680 -0.428711
v 0.065430 -0.350586 -0.438477
v 0.045898 -0.346680 -0.428711
v 0.053711 -0.331055 -0.426758
v 0.104492 -0.360352 -0.418945
v 0.100586 -0.344727 -0.434570
v 0.112305 -0.350586 -0.426758
v 0.112305 -0.350586 -0.426758
v 0.100586 -0.344727 -0.434570
v 0.114258 -0.334961 -0.430664
v 0.112305 -0.350586 -0.426758
v 0.120117 -0.346680 -0.420898
v 0.104492 -0.360352 -0.418945
v 0.114258 -0.334961 -0.430664
v 0.120117 -0.346680 -0.420898
v 0.112305 -0.350586 -0.426758
v 0.100586 -0.344727 -0.434570
v 0.104492 -0.360352 -0.418945
v 0.086914 -0.352539 -0.428711
v 0.098633 -0.333008 -0.434570
v 0.114258 -0.334961 -0.430664
v 0.100586 -0.344727 -0.434570
v 0.084961 -0.333008 -0.428711
v 0.098633 -0.333008 -0.434570
v 0.100586 -0.344727 -0.434570
v 0.100586 -0.344727 -0.434570
v 0.086914 -0.352539 -0.428711
v 0.084961 -0.333008 -0.428711
v 0.120117 -0.346680 -0.420898
v 0.118164 -0.352539 -0.407227
v 0.104492 -0.360352 -0.418945
v 0.124023 -0.334961 -0.416992
v 0.118164 -0.352539 -0.407227
v 0.120117 -0.346680 -0.420898
v 0.120117 -0.346680 -0.420898
v 0.114258 -0.334961 -0.430664
v 0.124023 -0.334961 -0.416992
v 0.122070 -0.362305 -0.393555
v 0.104492 -0.360352 -0.418945
v 0.118164 -0.352539 -0.407227
v 0.118164 -0.352539 -0.407227
v 0.124023 -0.334961 -0.416992
v 0.122070 -0.336914 -0.403320
v 0.104492 -0.360352 -0.418945
v 0.081055 -0.372070 -0.422852
v 0.077148 -0.366211 -0.432617
v 0.077148 -0.366211 -0.432617
v 0.086914 -0.352539 -0.428711
v 0.104492 -0.360352 -0.418945
v 0.114258 -0.334961 -0.430664
v 0.098633 -0.333008 -0.434570
v 0.104492 -0.323242 -0.428711
v 0.114258 -0.334961 -0.430664
v 0.104492 -0.323242 -0.428711
v 0.118164 -0.323242 -0.418945
v 0.118164 -0.323242 -0.418945
v 0.124023 -0.334961 -0.416992
v 0.114258 -0.334961 -0.430664
v 0.092773 -0.317383 -0.418945
v 0.104492 -0.323242 -0.428711
v 0.098633 -0.333008 -0.434570
v 0.098633 -0.333008 -0.434570
v 0.084961 -0.333008 -0.428711
v 0.092773 -0.317383 -0.418945
v 0.114258 -0.319336 -0.407227
v 0.118164 -0.323242 -0.418945
v 0.104492 -0.323242 -0.428711
v 0.092773 -0.317383 -0.418945
v 0.114258 -0.319336 -0.407227
v 0.104492 -0.323242 -0.428711
v 0.124023 -0.334961 -0.416992
v 0.118164 -0.323242 -0.418945
v 0.122070 -0.336914 -0.403320
v 0.118164 -0.323242 -0.418945
v 0.114258 -0.319336 -0.407227
v 0.122070 -0.336914 -0.403320
v 0.114258 -0.319336 -0.407227
v 0.092773 -0.317383 -0.418945
v 0.114258 -0.313477 -0.393555
v 0.065430 -0.370117 -0.432617
v 0.077148 -0.366211 -0.432617
v 0.081055 -0.372070 -0.422852
v 0.045898 -0.372070 -0.415039
v 0.051758 -0.364258 -0.430664
v 0.065430 -0.370117 -0.432617
v 0.084961 -0.333008 -0.428711
v 0.067383 -0.333008 -0.428711
v 0.092773 -0.317383 -0.418945
v 0.071289 -0.313477 -0.418945
v 0.092773 -0.317383 -0.418945
v 0.067383 -0.333008 -0.428711
v 0.055664 -0.317383 -0.420898
v 0.071289 -0.313477 -0.418945
v 0.067383 -0.333008 -0.428711
v 0.067383 -0.333008 -0.428711
v 0.053711 -0.331055 -0.426758
v 0.055664 -0.317383 -0.420898
v 0.092773 -0.317383 -0.418945
v 0.071289 -0.313477 -0.418945
v 0.092773 -0.309570 -0.413086
v 0.092773 -0.309570 -0.413086
v 0.114258 -0.313477 -0.393555
v 0.092773 -0.317383 -0.418945
v 0.081055 -0.293945 -0.415039
v 0.092773 -0.309570 -0.413086
v 0.071289 -0.313477 -0.418945
v 0.063477 -0.295898 -0.401367
v 0.081055 -0.293945 -0.415039
v 0.071289 -0.313477 -0.418945
v 0.041992 -0.307617 -0.403320
v 0.063477 -0.295898 -0.401367
v 0.071289 -0.313477 -0.418945
v 0.071289 -0.313477 -0.418945
v 0.055664 -0.317383 -0.420898
v 0.041992 -0.307617 -0.403320
v 0.114258 -0.313477 -0.393555
v 0.092773 -0.309570 -0.413086
v 0.104492 -0.301758 -0.395508
v 0.114258 -0.313477 -0.393555
v 0.104492 -0.301758 -0.395508
v 0.100586 -0.291992 -0.366211
v 0.100586 -0.291992 -0.366211
v 0.118164 -0.311523 -0.368164
v 0.114258 -0.313477 -0.393555
v 0.094727 -0.295898 -0.413086
v 0.092773 -0.309570 -0.413086
v 0.081055 -0.293945 -0.415039
v 0.104492 -0.301758 -0.395508
v 0.092773 -0.309570 -0.413086
v 0.094727 -0.295898 -0.413086
v 0.094727 -0.295898 -0.413086
v 0.081055 -0.293945 -0.415039
v 0.088867 -0.284180 -0.405273
v 0.100586 -0.291992 -0.401367
v 0.104492 -0.301758 -0.395508
v 0.094727 -0.295898 -0.413086
v 0.088867 -0.284180 -0.405273
v 0.100586 -0.291992 -0.401367
v 0.094727 -0.295898 -0.413086
v 0.081055 -0.293945 -0.415039
v 0.073242 -0.286133 -0.407227
v 0.088867 -0.284180 -0.405273
v 0.063477 -0.295898 -0.401367
v 0.073242 -0.286133 -0.407227
v 0.081055 -0.293945 -0.415039
v 0.079102 -0.280273 -0.393555
v 0.088867 -0.284180 -0.405273
v 0.073242 -0.286133 -0.407227
v 0.073242 -0.286133 -0.407227
v 0.063477 -0.295898 -0.401367
v 0.073242 -0.286133 -0.385742
v 0.073242 -0.286133 -0.407227
v 0.073242 -0.286133 -0.385742
v 0.079102 -0.280273 -0.393555
v 0.104492 -0.301758 -0.395508
v 0.100586 -0.291992 -0.401367
v 0.092773 -0.288086 -0.381836
v 0.104492 -0.301758 -0.395508
v 0.092773 -0.288086 -0.381836
v 0.100586 -0.291992 -0.366211
v 0.100586 -0.291992 -0.401367
v 0.088867 -0.284180 -0.405273
v 0.092773 -0.282227 -0.391602
v 0.100586 -0.291992 -0.401367
v 0.092773 -0.282227 -0.391602
v 0.092773 -0.288086 -0.381836
v 0.079102 -0.280273 -0.393555
v 0.092773 -0.282227 -0.391602
v 0.088867 -0.284180 -0.405273
v 0.073242 -0.286133 -0.385742
v 0.092773 -0.288086 -0.381836
v 0.092773 -0.282227 -0.391602
v 0.079102 -0.280273 -0.393555
v 0.073242 -0.286133 -0.385742
v 0.092773 -0.282227 -0.391602
v 0.051758 -0.293945 -0.391602
v 0.073242 -0.286133 -0.385742
v 0.063477 -0.295898 -0.401367
v 0.041992 -0.307617 -0.403320
v 0.051758 -0.293945 -0.391602
v 0.063477 -0.295898 -0.401367
v 0.092773 -0.288086 -0.381836
v 0.073242 -0.286133 -0.385742
v 0.071289 -0.284180 -0.366211
v 0.071289 -0.284180 -0.366211
v 0.100586 -0.291992 -0.366211
v 0.092773 -0.288086 -0.381836
v 0.073242 -0.286133 -0.385742
v 0.051758 -0.293945 -0.391602
v 0.049805 -0.288086 -0.370117
v 0.049805 -0.288086 -0.370117
v 0.071289 -0.284180 -0.366211
v 0.073242 -0.286133 -0.385742
v 0.030273 -0.354492 -0.415039
v 0.045898 -0.346680 -0.428711
v 0.051758 -0.364258 -0.430664
v 0.051758 -0.364258 -0.430664
v 0.045898 -0.372070 -0.415039
v 0.030273 -0.354492 -0.415039
v 0.034180 -0.336914 -0.430664
v 0.053711 -0.331055 -0.426758
v 0.045898 -0.346680 -0.428711
v 0.030273 -0.354492 -0.415039
v 0.034180 -0.336914 -0.430664
v 0.045898 -0.346680 -0.428711
v 0.045898 -0.372070 -0.415039
v 0.028320 -0.364258 -0.411133
v 0.030273 -0.354492 -0.415039
v 0.053711 -0.331055 -0.426758
v 0.034180 -0.336914 -0.430664
v 0.040039 -0.327148 -0.430664
v 0.053711 -0.331055 -0.426758
v 0.040039 -0.327148 -0.430664
v 0.040039 -0.317383 -0.426758
v 0.053711 -0.331055 -0.426758
v 0.040039 -0.317383 -0.426758
v 0.055664 -0.317383 -0.420898
v 0.026367 -0.325195 -0.424805
v 0.040039 -0.327148 -0.430664
v 0.034180 -0.336914 -0.430664
v 0.034180 -0.336914 -0.430664
v 0.030273 -0.354492 -0.415039
v 0.022461 -0.342773 -0.422852
v 0.034180 -0.336914 -0.430664
v 0.022461 -0.342773 -0.422852
v 0.026367 -0.325195 -0.424805
v 0.026367 -0.325195 -0.424805
v 0.040039 -0.317383 -0.426758
v 0.040039 -0.327148 -0.430664
v 0.032227 -0.311523 -0.416992
v 0.055664 -0.317383 -0.420898
v 0.040039 -0.317383 -0.426758
v 0.040039 -0.317383 -0.426758
v 0.026367 -0.325195 -0.424805
v 0.032227 -0.311523 -0.416992
v 0.055664 -0.317383 -0.420898
v 0.032227 -0.311523 -0.416992
v 0.041992 -0.307617 -0.403320
v 0.020508 -0.344727 -0.397461
v 0.030273 -0.354492 -0.415039
v 0.028320 -0.364258 -0.411133
v 0.028320 -0.364258 -0.411133
v 0.016602 -0.374023 -0.399414
v 0.020508 -0.362305 -0.395508
v 0.028320 -0.364258 -0.411133
v 0.020508 -0.362305 -0.395508
v 0.020508 -0.344727 -0.397461
v 0.020508 -0.344727 -0.397461
v 0.022461 -0.342773 -0.422852
v 0.030273 -0.354492 -0.415039
v 0.016602 -0.334961 -0.413086
v 0.026367 -0.325195 -0.424805
v 0.022461 -0.342773 -0.422852
v 0.020508 -0.344727 -0.397461
v 0.016602 -0.334961 -0.413086
v 0.022461 -0.342773 -0.422852
v 0.026367 -0.325195 -0.424805
v 0.016602 -0.334961 -0.413086
v 0.020508 -0.319336 -0.409180
v 0.026367 -0.325195 -0.424805
v 0.020508 -0.319336 -0.409180
v 0.032227 -0.311523 -0.416992
v 0.024414 -0.317383 -0.391602
v 0.020508 -0.319336 -0.409180
v 0.016602 -0.334961 -0.413086
v 0.016602 -0.334961 -0.413086
v 0.020508 -0.344727 -0.397461
v 0.024414 -0.317383 -0.391602
v 0.020508 -0.319336 -0.409180
v 0.024414 -0.317383 -0.391602
v 0.041992 -0.307617 -0.403320
v 0.041992 -0.307617 -0.403320
v 0.032227 -0.311523 -0.416992
v 0.020508 -0.319336 -0.409180
v 0.014648 -0.346680 -0.381836
v 0.020508 -0.344727 -0.397461
v 0.020508 -0.362305 -0.395508
v 0.020508 -0.362305 -0.395508
v 0.016602 -0.372070 -0.381836
v 0.014648 -0.346680 -0.381836
v 0.020508 -0.344727 -0.397461
v 0.014648 -0.346680 -0.381836
v 0.016602 -0.327148 -0.368164
v 0.016602 -0.327148 -0.368164
v 0.024414 -0.317383 -0.391602
v 0.020508 -0.344727 -0.397461
v 0.014648 -0.366211 -0.374023
v 0.014648 -0.346680 -0.381836
v 0.016602 -0.372070 -0.381836
v 0.014648 -0.346680 -0.381836
v 0.014648 -0.366211 -0.374023
v 0.002930 -0.348633 -0.370117
v 0.014648 -0.346680 -0.381836
v 0.002930 -0.348633 -0.370117
v 0.016602 -0.327148 -0.368164
v 0.022461 -0.301758 -0.385742
v 0.041992 -0.307617 -0.403320
v 0.024414 -0.317383 -0.391602
v 0.022461 -0.315430 -0.372070
v 0.022461 -0.301758 -0.385742
v 0.024414 -0.317383 -0.391602
v 0.024414 -0.317383 -0.391602
v 0.016602 -0.327148 -0.368164
v 0.022461 -0.315430 -0.372070
v 0.051758 -0.293945 -0.391602
v 0.041992 -0.307617 -0.403320
v 0.030273 -0.295898 -0.389648
v 0.030273 -0.295898 -0.389648
v 0.040039 -0.288086 -0.385742
v 0.051758 -0.293945 -0.391602
v 0.051758 -0.293945 -0.391602
v 0.040039 -0.288086 -0.385742
v 0.049805 -0.288086 -0.370117
v 0.041992 -0.307617 -0.403320
v 0.022461 -0.301758 -0.385742
v 0.030273 -0.295898 -0.389648
v 0.040039 -0.288086 -0.385742
v 0.030273 -0.295898 -0.389648
v 0.028320 -0.291992 -0.377930
v 0.040039 -0.288086 -0.385742
v 0.028320 -0.291992 -0.377930
v 0.040039 -0.286133 -0.374023
v 0.040039 -0.286133 -0.374023
v 0.049805 -0.288086 -0.370117
v 0.040039 -0.288086 -0.385742
v 0.028320 -0.291992 -0.377930
v 0.030273 -0.295898 -0.389648
v 0.022461 -0.301758 -0.385742
v 0.020508 -0.301758 -0.374023
v 0.028320 -0.291992 -0.377930
v 0.022461 -0.301758 -0.385742
v 0.022461 -0.301758 -0.385742
v 0.022461 -0.315430 -0.372070
v 0.020508 -0.301758 -0.374023
v 0.034180 -0.290039 -0.366211
v 0.040039 -0.286133 -0.374023
v 0.028320 -0.291992 -0.377930
v 0.026367 -0.295898 -0.366211
v 0.034180 -0.290039 -0.366211
v 0.028320 -0.291992 -0.377930
v 0.028320 -0.291992 -0.377930
v 0.020508 -0.301758 -0.374023
v 0.026367 -0.295898 -0.366211
v 0.211914 -0.485352 -0.280273
v 0.217773 -0.463867 -0.272461
v 0.102539 -0.485352 -0.325195
v 0.094727 -0.463867 -0.323242
v 0.102539 -0.485352 -0.325195
v 0.217773 -0.463867 -0.272461
v 0.239258 -0.377930 -0.272461
v 0.247070 -0.377930 -0.293945
v 0.245117 -0.411133 -0.297852
v 0.245117 -0.411133 -0.297852
v 0.235352 -0.411133 -0.272461
v 0.239258 -0.377930 -0.272461
v 0.245117 -0.411133 -0.249023
v 0.235352 -0.411133 -0.272461
v 0.245117 -0.426758 -0.272461
v 0.247070 -0.377930 -0.250977
v 0.239258 -0.377930 -0.272461
v 0.235352 -0.411133 -0.272461
v 0.245117 -0.411133 -0.249023
v 0.247070 -0.377930 -0.250977
v 0.235352 -0.411133 -0.272461
v 0.245117 -0.411133 -0.249023
v 0.268555 -0.377930 -0.243164
v 0.247070 -0.377930 -0.250977
v 0.135742 -0.372070 -0.364258
v 0.137695 -0.358398 -0.358398
v 0.122070 -0.375977 -0.360352
v 0.125977 -0.354492 -0.350586
v 0.137695 -0.358398 -0.358398
v 0.139648 -0.346680 -0.368164
v 0.127930 -0.334961 -0.364258
v 0.125977 -0.354492 -0.350586
v 0.139648 -0.346680 -0.368164
v 0.137695 -0.358398 -0.358398
v 0.125977 -0.354492 -0.350586
v 0.122070 -0.375977 -0.360352
v 0.125977 -0.354492 -0.350586
v 0.127930 -0.334961 -0.364258
v 0.120117 -0.342773 -0.338867
v 0.122070 -0.360352 -0.340820
v 0.122070 -0.375977 -0.360352
v 0.125977 -0.354492 -0.350586
v 0.120117 -0.342773 -0.338867
v 0.122070 -0.360352 -0.340820
v 0.125977 -0.354492 -0.350586
v 0.118164 -0.325195 -0.342773
v 0.120117 -0.342773 -0.338867
v 0.127930 -0.334961 -0.364258
v 0.118164 -0.311523 -0.368164
v 0.118164 -0.325195 -0.342773
v 0.127930 -0.334961 -0.364258
v 0.081055 -0.459961 -0.368164
v 0.083008 -0.483398 -0.354492
v 0.088867 -0.483398 -0.368164
v 0.077148 -0.459961 -0.360352
v 0.067383 -0.483398 -0.348633
v 0.083008 -0.483398 -0.354492
v 0.083008 -0.483398 -0.354492
v 0.081055 -0.459961 -0.368164
v 0.077148 -0.459961 -0.360352
v 0.067383 -0.483398 -0.348633
v 0.077148 -0.459961 -0.360352
v 0.069336 -0.459961 -0.356445
v 0.067383 -0.483398 -0.348633
v 0.069336 -0.459961 -0.356445
v 0.053711 -0.483398 -0.354492
v 0.075195 -0.424805 -0.362305
v 0.077148 -0.459961 -0.360352
v 0.081055 -0.459961 -0.368164
v 0.081055 -0.459961 -0.368164
v 0.077148 -0.424805 -0.368164
v 0.075195 -0.424805 -0.362305
v 0.069336 -0.424805 -0.360352
v 0.069336 -0.459961 -0.356445
v 0.077148 -0.459961 -0.360352
v 0.077148 -0.459961 -0.360352
v 0.075195 -0.424805 -0.362305
v 0.069336 -0.424805 -0.360352
v 0.069336 -0.424805 -0.360352
v 0.063477 -0.424805 -0.364258
v 0.069336 -0.459961 -0.356445
v 0.069336 -0.459961 -0.356445
v 0.063477 -0.424805 -0.364258
v 0.059570 -0.459961 -0.360352
v 0.059570 -0.459961 -0.360352
v 0.053711 -0.483398 -0.354492
v 0.069336 -0.459961 -0.356445
v 0.106445 -0.377930 -0.333008
v 0.100586 -0.397461 -0.366211
v 0.122070 -0.375977 -0.360352
v 0.122070 -0.360352 -0.340820
v 0.106445 -0.377930 -0.333008
v 0.122070 -0.375977 -0.360352
v 0.071289 -0.397461 -0.338867
v 0.071289 -0.405273 -0.366211
v 0.100586 -0.397461 -0.366211
v 0.100586 -0.397461 -0.366211
v 0.106445 -0.377930 -0.333008
v 0.084961 -0.385742 -0.327148
v 0.084961 -0.385742 -0.327148
v 0.071289 -0.397461 -0.338867
v 0.100586 -0.397461 -0.366211
v 0.077148 -0.389648 -0.368164
v 0.075195 -0.424805 -0.362305
v 0.077148 -0.424805 -0.368164
v 0.063477 -0.424805 -0.374023
v 0.055664 -0.459961 -0.370117
v 0.061523 -0.424805 -0.370117
v 0.063477 -0.424805 -0.374023
v 0.061523 -0.424805 -0.370117
v 0.059570 -0.389648 -0.370117
v 0.075195 -0.389648 -0.362305
v 0.069336 -0.424805 -0.360352
v 0.075195 -0.424805 -0.362305
v 0.075195 -0.424805 -0.362305
v 0.077148 -0.389648 -0.368164
v 0.075195 -0.389648 -0.362305
v 0.063477 -0.424805 -0.364258
v 0.069336 -0.424805 -0.360352
v 0.069336 -0.389648 -0.360352
v 0.063477 -0.424805 -0.364258
v 0.069336 -0.389648 -0.360352
v 0.061523 -0.389648 -0.362305
v 0.061523 -0.424805 -0.370117
v 0.059570 -0.459961 -0.360352
v 0.063477 -0.424805 -0.364258
v 0.061523 -0.389648 -0.362305
v 0.061523 -0.424805 -0.370117
v 0.063477 -0.424805 -0.364258
v 0.069336 -0.424805 -0.360352
v 0.075195 -0.389648 -0.362305
v 0.069336 -0.389648 -0.360352
v 0.071289 -0.405273 -0.366211
v 0.071289 -0.397461 -0.338867
v 0.049805 -0.393555 -0.342773
v 0.049805 -0.393555 -0.342773
v 0.038086 -0.395508 -0.366211
v 0.071289 -0.405273 -0.366211
v 0.094727 -0.364258 -0.317383
v 0.084961 -0.385742 -0.327148
v 0.106445 -0.377930 -0.333008
v 0.106445 -0.377930 -0.333008
v 0.122070 -0.360352 -0.340820
v 0.114258 -0.368164 -0.321289
v 0.106445 -0.377930 -0.333008
v 0.114258 -0.368164 -0.321289
v 0.094727 -0.364258 -0.317383
v 0.086914 -0.420898 -0.319336
v 0.086914 -0.393555 -0.315430
v 0.104492 -0.420898 -0.311523
v 0.067383 -0.420898 -0.311523
v 0.086914 -0.393555 -0.315430
v 0.086914 -0.420898 -0.319336
v 0.086914 -0.420898 -0.319336
v 0.104492 -0.420898 -0.311523
v 0.086914 -0.432617 -0.311523
v 0.086914 -0.420898 -0.319336
v 0.086914 -0.432617 -0.311523
v 0.067383 -0.420898 -0.311523
v 0.073242 -0.391602 -0.319336
v 0.063477 -0.397461 -0.329102
v 0.071289 -0.397461 -0.338867
v 0.071289 -0.397461 -0.338867
v 0.063477 -0.397461 -0.329102
v 0.049805 -0.393555 -0.331055
v 0.071289 -0.397461 -0.338867
v 0.084961 -0.385742 -0.327148
v 0.073242 -0.391602 -0.319336
v 0.049805 -0.393555 -0.331055
v 0.049805 -0.393555 -0.342773
v 0.071289 -0.397461 -0.338867
v 0.063477 -0.397461 -0.329102
v 0.073242 -0.391602 -0.319336
v 0.055664 -0.389648 -0.317383
v 0.055664 -0.389648 -0.317383
v 0.049805 -0.393555 -0.331055
v 0.063477 -0.397461 -0.329102
v 0.102539 -0.393555 -0.309570
v 0.104492 -0.420898 -0.311523
v 0.086914 -0.393555 -0.315430
v 0.086914 -0.366211 -0.305664
v 0.102539 -0.393555 -0.309570
v 0.086914 -0.393555 -0.315430
v 0.086914 -0.393555 -0.315430
v 0.067383 -0.420898 -0.311523
v 0.069336 -0.393555 -0.309570
v 0.086914 -0.393555 -0.315430
v 0.069336 -0.393555 -0.309570
v 0.086914 -0.366211 -0.305664
v 0.065430 -0.377930 -0.311523
v 0.073242 -0.391602 -0.319336
v 0.084961 -0.385742 -0.327148
v 0.094727 -0.364258 -0.317383
v 0.065430 -0.377930 -0.311523
v 0.084961 -0.385742 -0.327148
v 0.065430 -0.377930 -0.311523
v 0.055664 -0.389648 -0.317383
v 0.073242 -0.391602 -0.319336
v 0.049805 -0.483398 -0.370117
v 0.053711 -0.483398 -0.354492
v 0.059570 -0.459961 -0.360352
v 0.059570 -0.459961 -0.360352
v 0.055664 -0.459961 -0.370117
v 0.049805 -0.483398 -0.370117
v 0.055664 -0.459961 -0.370117
v 0.059570 -0.459961 -0.360352
v 0.061523 -0.424805 -0.370117
v 0.020508 -0.485352 -0.374023
v 0.020508 -0.444336 -0.374023
v 0.020508 -0.485352 -0.245117
v -0.368164 -0.444336 -0.374023
v 0.020508 -0.444336 -0.374023
v 0.020508 -0.485352 -0.374023
v 0.020508 -0.485352 -0.374023
v -0.368164 -0.485352 -0.374023
v -0.368164 -0.444336 -0.374023
v 0.010742 -0.188477 -0.338867
v 0.016602 -0.489258 -0.334961
v 0.016602 -0.489258 -0.370117
v 0.016602 -0.489258 -0.370117
v 0.010742 -0.188477 -0.366211
v 0.010742 -0.188477 -0.338867
v -0.020508 -0.489258 -0.370117
v 0.010742 -0.188477 -0.366211
v 0.016602 -0.489258 -0.370117
v 0.020508 -0.444336 -0.374023
v 0.004883 -0.444336 -0.358398
v 0.020508 -0.444336 -0.245117
v -0.354492 -0.444336 -0.358398
v 0.004883 -0.444336 -0.358398
v 0.020508 -0.444336 -0.374023
v 0.020508 -0.444336 -0.245117
v 0.020508 -0.485352 -0.245117
v 0.020508 -0.444336 -0.374023
v 0.020508 -0.444336 -0.374023
v -0.368164 -0.444336 -0.374023
v -0.354492 -0.444336 -0.358398
v 0.004883 -0.444336 -0.358398
v 0.004883 -0.172852 -0.358398
v 0.004883 -0.444336 -0.208008
v -0.354492 -0.172852 -0.358398
v 0.004883 -0.172852 -0.358398
v 0.004883 -0.444336 -0.358398
v 0.004883 -0.444336 -0.208008
v 0.020508 -0.444336 -0.245117
v 0.004883 -0.444336 -0.358398
v 0.004883 -0.444336 -0.358398
v -0.354492 -0.444336 -0.358398
v -0.354492 -0.172852 -0.358398
v 0.016602 -0.489258 -0.334961
v 0.010742 -0.188477 -0.338867
v -0.018555 -0.188477 -0.338867
v -0.018555 -0.188477 -0.338867
v -0.020508 -0.489258 -0.333008
v 0.016602 -0.489258 -0.334961
v 0.022461 -0.272461 -0.327148
v 0.022461 -0.483398 -0.327148
v 0.002930 -0.483398 -0.329102
v 0.002930 -0.483398 -0.329102
v 0.002930 -0.264648 -0.329102
v 0.022461 -0.272461 -0.327148
v 0.022461 -0.483398 -0.327148
v 0.022461 -0.272461 -0.327148
v 0.022461 -0.272461 -0.249023
v 0.022461 -0.272461 -0.249023
v 0.022461 -0.483398 -0.249023
v 0.022461 -0.483398 -0.327148
v 0.061523 -0.389648 -0.362305
v 0.059570 -0.389648 -0.370117
v 0.061523 -0.424805 -0.370117
v 0.018555 -0.372070 -0.344727
v 0.014648 -0.375977 -0.360352
v 0.038086 -0.395508 -0.366211
v 0.038086 -0.395508 -0.366211
v 0.049805 -0.393555 -0.342773
v 0.018555 -0.372070 -0.344727
v 0.004883 -0.364258 -0.356445
v 0.014648 -0.366211 -0.374023
v 0.014648 -0.375977 -0.360352
v 0.014648 -0.375977 -0.360352
v 0.018555 -0.372070 -0.344727
v 0.004883 -0.364258 -0.356445
v 0.049805 -0.393555 -0.342773
v 0.049805 -0.393555 -0.331055
v 0.036133 -0.379883 -0.338867
v 0.049805 -0.393555 -0.342773
v 0.036133 -0.379883 -0.338867
v 0.018555 -0.372070 -0.344727
v 0.041992 -0.381836 -0.325195
v 0.036133 -0.379883 -0.338867
v 0.049805 -0.393555 -0.331055
v 0.049805 -0.393555 -0.331055
v 0.055664 -0.389648 -0.317383
v 0.041992 -0.381836 -0.325195
v 0.036133 -0.379883 -0.338867
v 0.041992 -0.381836 -0.325195
v 0.036133 -0.368164 -0.331055
v 0.036133 -0.368164 -0.331055
v 0.018555 -0.372070 -0.344727
v 0.036133 -0.379883 -0.338867
v 0.051758 -0.374023 -0.313477
v 0.041992 -0.381836 -0.325195
v 0.055664 -0.389648 -0.317383
v 0.055664 -0.389648 -0.317383
v 0.065430 -0.377930 -0.311523
v 0.051758 -0.374023 -0.313477
v 0.051758 -0.374023 -0.313477
v 0.036133 -0.368164 -0.331055
v 0.041992 -0.381836 -0.325195
v 0.088867 -0.426758 -0.290039
v 0.088867 -0.487305 -0.290039
v 0.088867 -0.487305 -0.295898
v 0.088867 -0.487305 -0.295898
v 0.083008 -0.487305 -0.295898
v 0.088867 -0.426758 -0.295898
v 0.088867 -0.487305 -0.295898
v 0.088867 -0.426758 -0.295898
v 0.088867 -0.426758 -0.290039
v 0.083008 -0.426758 -0.290039
v 0.083008 -0.487305 -0.290039
v 0.088867 -0.487305 -0.290039
v 0.088867 -0.487305 -0.290039
v 0.088867 -0.426758 -0.290039
v 0.083008 -0.426758 -0.290039
v 0.083008 -0.487305 -0.295898
v 0.083008 -0.487305 -0.290039
v 0.083008 -0.426758 -0.290039
v 0.083008 -0.426758 -0.295898
v 0.088867 -0.426758 -0.295898
v 0.083008 -0.487305 -0.295898
v 0.083008 -0.426758 -0.290039
v 0.083008 -0.426758 -0.295898
v 0.083008 -0.487305 -0.295898
v 0.100586 -0.432617 -0.305664
v 0.104492 -0.420898 -0.311523
v 0.112305 -0.420898 -0.291992
v 0.086914 -0.432617 -0.311523
v 0.104492 -0.420898 -0.311523
v 0.100586 -0.432617 -0.305664
v 0.100586 -0.432617 -0.305664
v 0.112305 -0.420898 -0.291992
v 0.104492 -0.432617 -0.291992
v 0.100586 -0.432617 -0.305664
v 0.104492 -0.432617 -0.291992
v 0.073242 -0.432617 -0.305664
v 0.073242 -0.432617 -0.305664
v 0.086914 -0.432617 -0.311523
v 0.100586 -0.432617 -0.305664
v 0.102539 -0.393555 -0.309570
v 0.112305 -0.420898 -0.291992
v 0.104492 -0.420898 -0.311523
v 0.100586 -0.432617 -0.278320
v 0.104492 -0.432617 -0.291992
v 0.112305 -0.420898 -0.291992
v 0.112305 -0.420898 -0.291992
v 0.102539 -0.393555 -0.309570
v 0.108398 -0.393555 -0.291992
v 0.112305 -0.420898 -0.291992
v 0.108398 -0.393555 -0.291992
v 0.102539 -0.393555 -0.276367
v 0.104492 -0.420898 -0.274414
v 0.100586 -0.432617 -0.278320
v 0.112305 -0.420898 -0.291992
v 0.102539 -0.393555 -0.276367
v 0.104492 -0.420898 -0.274414
v 0.112305 -0.420898 -0.291992
v 0.067383 -0.432617 -0.291992
v 0.073242 -0.432617 -0.305664
v 0.104492 -0.432617 -0.291992
v 0.073242 -0.432617 -0.278320
v 0.067383 -0.432617 -0.291992
v 0.104492 -0.432617 -0.291992
v 0.104492 -0.432617 -0.291992
v 0.100586 -0.432617 -0.278320
v 0.073242 -0.432617 -0.278320
v 0.094727 -0.366211 -0.301758
v 0.108398 -0.393555 -0.291992
v 0.102539 -0.393555 -0.309570
v 0.086914 -0.366211 -0.305664
v 0.094727 -0.366211 -0.301758
v 0.102539 -0.393555 -0.309570
v 0.098633 -0.366211 -0.291992
v 0.102539 -0.393555 -0.276367
v 0.108398 -0.393555 -0.291992
v 0.108398 -0.393555 -0.291992
v 0.094727 -0.366211 -0.301758
v 0.098633 -0.366211 -0.291992
v 0.086914 -0.432617 -0.311523
v 0.073242 -0.432617 -0.305664
v 0.067383 -0.420898 -0.311523
v 0.059570 -0.420898 -0.291992
v 0.067383 -0.420898 -0.311523
v 0.073242 -0.432617 -0.305664
v 0.073242 -0.432617 -0.305664
v 0.067383 -0.432617 -0.291992
v 0.059570 -0.420898 -0.291992
v 0.063477 -0.393555 -0.291992
v 0.069336 -0.393555 -0.309570
v 0.067383 -0.420898 -0.311523
v 0.059570 -0.420898 -0.291992
v 0.063477 -0.393555 -0.291992
v 0.067383 -0.420898 -0.311523
v 0.067383 -0.432617 -0.291992
v 0.073242 -0.432617 -0.278320
v 0.067383 -0.420898 -0.274414
v 0.067383 -0.432617 -0.291992
v 0.067383 -0.420898 -0.274414
v 0.059570 -0.420898 -0.291992
v 0.069336 -0.393555 -0.309570
v 0.063477 -0.393555 -0.291992
v 0.073242 -0.366211 -0.291992
v 0.077148 -0.366211 -0.301758
v 0.086914 -0.366211 -0.305664
v 0.069336 -0.393555 -0.309570
v 0.073242 -0.366211 -0.291992
v 0.077148 -0.366211 -0.301758
v 0.069336 -0.393555 -0.309570
v 0.065430 -0.377930 -0.311523
v 0.094727 -0.364258 -0.317383
v 0.077148 -0.360352 -0.315430
v 0.065430 -0.377930 -0.311523
v 0.077148 -0.360352 -0.315430
v 0.051758 -0.374023 -0.313477
v 0.059570 -0.420898 -0.291992
v 0.069336 -0.393555 -0.276367
v 0.063477 -0.393555 -0.291992
v 0.063477 -0.393555 -0.291992
v 0.069336 -0.393555 -0.276367
v 0.077148 -0.366211 -0.284180
v 0.077148 -0.366211 -0.284180
v 0.073242 -0.366211 -0.291992
v 0.063477 -0.393555 -0.291992
v 0.100586 -0.432617 -0.278320
v 0.104492 -0.420898 -0.274414
v 0.086914 -0.432617 -0.274414
v 0.100586 -0.432617 -0.278320
v 0.086914 -0.432617 -0.274414
v 0.073242 -0.432617 -0.278320
v 0.104492 -0.420898 -0.274414
v 0.102539 -0.393555 -0.276367
v 0.086914 -0.393555 -0.270508
v 0.086914 -0.420898 -0.266602
v 0.086914 -0.432617 -0.274414
v 0.104492 -0.420898 -0.274414
v 0.086914 -0.393555 -0.270508
v 0.086914 -0.420898 -0.266602
v 0.104492 -0.420898 -0.274414
v 0.094727 -0.366211 -0.284180
v 0.086914 -0.393555 -0.270508
v 0.102539 -0.393555 -0.276367
v 0.102539 -0.393555 -0.276367
v 0.098633 -0.366211 -0.291992
v 0.094727 -0.366211 -0.284180
v 0.086914 -0.432617 -0.274414
v 0.086914 -0.420898 -0.266602
v 0.073242 -0.432617 -0.278320
v 0.067383 -0.420898 -0.274414
v 0.073242 -0.432617 -0.278320
v 0.086914 -0.420898 -0.266602
v 0.086914 -0.393555 -0.270508
v 0.067383 -0.420898 -0.274414
v 0.086914 -0.420898 -0.266602
v 0.067383 -0.420898 -0.274414
v 0.086914 -0.393555 -0.270508
v 0.069336 -0.393555 -0.276367
v 0.067383 -0.420898 -0.274414
v 0.069336 -0.393555 -0.276367
v 0.059570 -0.420898 -0.291992
v 0.077148 -0.366211 -0.284180
v 0.069336 -0.393555 -0.276367
v 0.086914 -0.393555 -0.270508
v 0.086914 -0.393555 -0.270508
v 0.094727 -0.366211 -0.284180
v 0.092773 -0.366211 -0.282227
v 0.086914 -0.393555 -0.270508
v 0.092773 -0.366211 -0.282227
v 0.086914 -0.366211 -0.280273
v 0.086914 -0.366211 -0.280273
v 0.077148 -0.366211 -0.284180
v 0.086914 -0.393555 -0.270508
v 0.122070 -0.360352 -0.340820
v 0.124023 -0.360352 -0.329102
v 0.114258 -0.368164 -0.321289
v 0.124023 -0.346680 -0.327148
v 0.124023 -0.360352 -0.329102
v 0.122070 -0.360352 -0.340820
v 0.120117 -0.342773 -0.338867
v 0.124023 -0.346680 -0.327148
v 0.122070 -0.360352 -0.340820
v 0.118164 -0.354492 -0.317383
v 0.114258 -0.368164 -0.321289
v 0.124023 -0.360352 -0.329102
v 0.124023 -0.360352 -0.329102
v 0.124023 -0.346680 -0.327148
v 0.118164 -0.354492 -0.317383
v 0.114258 -0.368164 -0.321289
v 0.118164 -0.354492 -0.317383
v 0.106445 -0.362305 -0.313477
v 0.114258 -0.368164 -0.321289
v 0.106445 -0.362305 -0.313477
v 0.094727 -0.364258 -0.317383
v 0.116211 -0.342773 -0.321289
v 0.118164 -0.354492 -0.317383
v 0.124023 -0.346680 -0.327148
v 0.124023 -0.346680 -0.327148
v 0.120117 -0.342773 -0.338867
v 0.116211 -0.342773 -0.321289
v 0.106445 -0.348633 -0.313477
v 0.106445 -0.362305 -0.313477
v 0.118164 -0.354492 -0.317383
v 0.116211 -0.342773 -0.321289
v 0.106445 -0.348633 -0.313477
v 0.118164 -0.354492 -0.317383
v 0.092773 -0.342773 -0.317383
v 0.094727 -0.364258 -0.317383
v 0.106445 -0.362305 -0.313477
v 0.106445 -0.362305 -0.313477
v 0.106445 -0.348633 -0.313477
v 0.092773 -0.342773 -0.317383
v 0.092773 -0.342773 -0.317383
v 0.077148 -0.360352 -0.315430
v 0.094727 -0.364258 -0.317383
v 0.116211 -0.342773 -0.321289
v 0.108398 -0.333008 -0.329102
v 0.106445 -0.348633 -0.313477
v 0.106445 -0.348633 -0.313477
v 0.108398 -0.333008 -0.329102
v 0.092773 -0.342773 -0.317383
v 0.120117 -0.342773 -0.338867
v 0.118164 -0.325195 -0.342773
v 0.108398 -0.333008 -0.329102
v 0.120117 -0.342773 -0.338867
v 0.108398 -0.333008 -0.329102
v 0.116211 -0.342773 -0.321289
v 0.118164 -0.325195 -0.342773
v 0.116211 -0.315430 -0.331055
v 0.110352 -0.319336 -0.323242
v 0.114258 -0.309570 -0.348633
v 0.116211 -0.315430 -0.331055
v 0.118164 -0.325195 -0.342773
v 0.110352 -0.319336 -0.323242
v 0.108398 -0.333008 -0.329102
v 0.118164 -0.325195 -0.342773
v 0.118164 -0.325195 -0.342773
v 0.118164 -0.311523 -0.368164
v 0.114258 -0.309570 -0.348633
v 0.104492 -0.299805 -0.331055
v 0.110352 -0.319336 -0.323242
v 0.116211 -0.315430 -0.331055
v 0.116211 -0.315430 -0.331055
v 0.114258 -0.309570 -0.348633
v 0.114258 -0.305664 -0.334961
v 0.116211 -0.315430 -0.331055
v 0.114258 -0.305664 -0.334961
v 0.104492 -0.299805 -0.331055
v 0.108398 -0.333008 -0.329102
v 0.110352 -0.319336 -0.323242
v 0.090820 -0.325195 -0.321289
v 0.090820 -0.325195 -0.321289
v 0.092773 -0.342773 -0.317383
v 0.108398 -0.333008 -0.329102
v 0.110352 -0.319336 -0.323242
v 0.102539 -0.315430 -0.319336
v 0.090820 -0.325195 -0.321289
v 0.098633 -0.305664 -0.323242
v 0.102539 -0.315430 -0.319336
v 0.110352 -0.319336 -0.323242
v 0.110352 -0.319336 -0.323242
v 0.104492 -0.299805 -0.331055
v 0.098633 -0.305664 -0.323242
v 0.098633 -0.305664 -0.323242
v 0.090820 -0.325195 -0.321289
v 0.102539 -0.315430 -0.319336
v 0.077148 -0.360352 -0.315430
v 0.092773 -0.342773 -0.317383
v 0.083008 -0.333008 -0.315430
v 0.077148 -0.360352 -0.315430
v 0.083008 -0.333008 -0.315430
v 0.071289 -0.344727 -0.299805
v 0.051758 -0.360352 -0.315430
v 0.051758 -0.374023 -0.313477
v 0.077148 -0.360352 -0.315430
v 0.071289 -0.344727 -0.299805
v 0.051758 -0.360352 -0.315430
v 0.077148 -0.360352 -0.315430
v 0.090820 -0.325195 -0.321289
v 0.083008 -0.333008 -0.315430
v 0.092773 -0.342773 -0.317383
v 0.083008 -0.333008 -0.315430
v 0.090820 -0.325195 -0.321289
v 0.065430 -0.317383 -0.315430
v 0.083008 -0.333008 -0.315430
v 0.065430 -0.317383 -0.315430
v 0.073242 -0.333008 -0.303711
v 0.073242 -0.333008 -0.303711
v 0.071289 -0.344727 -0.299805
v 0.083008 -0.333008 -0.315430
v 0.086914 -0.305664 -0.327148
v 0.065430 -0.317383 -0.315430
v 0.090820 -0.325195 -0.321289
v 0.090820 -0.325195 -0.321289
v 0.098633 -0.305664 -0.323242
v 0.086914 -0.305664 -0.327148
v 0.065430 -0.317383 -0.315430
v 0.086914 -0.305664 -0.327148
v 0.063477 -0.303711 -0.315430
v 0.065430 -0.317383 -0.315430
v 0.063477 -0.303711 -0.315430
v 0.043945 -0.317383 -0.327148
v 0.065430 -0.317383 -0.315430
v 0.043945 -0.317383 -0.327148
v 0.049805 -0.325195 -0.309570
v 0.061523 -0.325195 -0.303711
v 0.073242 -0.333008 -0.303711
v 0.065430 -0.317383 -0.315430
v 0.065430 -0.317383 -0.315430
v 0.049805 -0.325195 -0.309570
v 0.061523 -0.325195 -0.303711
v 0.118164 -0.311523 -0.368164
v 0.100586 -0.291992 -0.366211
v 0.114258 -0.309570 -0.348633
v 0.098633 -0.299805 -0.340820
v 0.114258 -0.309570 -0.348633
v 0.100586 -0.291992 -0.366211
v 0.100586 -0.291992 -0.366211
v 0.071289 -0.284180 -0.366211
v 0.086914 -0.291992 -0.344727
v 0.100586 -0.291992 -0.366211
v 0.086914 -0.291992 -0.344727
v 0.098633 -0.299805 -0.340820
v 0.098633 -0.299805 -0.340820
v 0.114258 -0.305664 -0.334961
v 0.114258 -0.309570 -0.348633
v 0.067383 -0.286133 -0.350586
v 0.086914 -0.291992 -0.344727
v 0.071289 -0.284180 -0.366211
v 0.049805 -0.288086 -0.370117
v 0.067383 -0.286133 -0.350586
v 0.071289 -0.284180 -0.366211
v 0.086914 -0.291992 -0.344727
v 0.067383 -0.286133 -0.350586
v 0.075195 -0.286133 -0.333008
v 0.086914 -0.305664 -0.327148
v 0.098633 -0.299805 -0.340820
v 0.086914 -0.291992 -0.344727
v 0.086914 -0.291992 -0.344727
v 0.075195 -0.286133 -0.333008
v 0.077148 -0.295898 -0.321289
v 0.077148 -0.295898 -0.321289
v 0.086914 -0.305664 -0.327148
v 0.086914 -0.291992 -0.344727
v 0.067383 -0.286133 -0.350586
v 0.063477 -0.284180 -0.336914
v 0.075195 -0.286133 -0.333008
v 0.049805 -0.290039 -0.333008
v 0.063477 -0.284180 -0.336914
v 0.067383 -0.286133 -0.350586
v 0.067383 -0.286133 -0.350586
v 0.049805 -0.288086 -0.370117
v 0.043945 -0.297852 -0.346680
v 0.067383 -0.286133 -0.350586
v 0.043945 -0.297852 -0.346680
v 0.049805 -0.290039 -0.333008
v 0.114258 -0.305664 -0.334961
v 0.098633 -0.299805 -0.340820
v 0.104492 -0.299805 -0.331055
v 0.086914 -0.305664 -0.327148
v 0.104492 -0.299805 -0.331055
v 0.098633 -0.299805 -0.340820
v 0.086914 -0.305664 -0.327148
v 0.098633 -0.305664 -0.323242
v 0.104492 -0.299805 -0.331055
v 0.061523 -0.290039 -0.323242
v 0.075195 -0.286133 -0.333008
v 0.063477 -0.284180 -0.336914
v 0.063477 -0.284180 -0.336914
v 0.049805 -0.290039 -0.333008
v 0.061523 -0.290039 -0.323242
v 0.061523 -0.290039 -0.323242
v 0.077148 -0.295898 -0.321289
v 0.075195 -0.286133 -0.333008
v 0.077148 -0.295898 -0.321289
v 0.063477 -0.303711 -0.315430
v 0.086914 -0.305664 -0.327148
v 0.063477 -0.303711 -0.315430
v 0.077148 -0.295898 -0.321289
v 0.061523 -0.290039 -0.323242
v 0.049805 -0.299805 -0.321289
v 0.043945 -0.317383 -0.327148
v 0.063477 -0.303711 -0.315430
v 0.061523 -0.290039 -0.323242
v 0.049805 -0.299805 -0.321289
v 0.063477 -0.303711 -0.315430
v 0.014648 -0.366211 -0.374023
v 0.002930 -0.360352 -0.364258
v 0.002930 -0.348633 -0.370117
v 0.004883 -0.364258 -0.356445
v 0.002930 -0.360352 -0.364258
v 0.014648 -0.366211 -0.374023
v 0.002930 -0.350586 -0.354492
v 0.002930 -0.348633 -0.370117
v 0.002930 -0.360352 -0.364258
v 0.002930 -0.360352 -0.364258
v 0.004883 -0.364258 -0.356445
v 0.002930 -0.350586 -0.354492
v 0.002930 -0.348633 -0.370117
v 0.002930 -0.350586 -0.354492
v 0.004883 -0.334961 -0.360352
v 0.004883 -0.334961 -0.360352
v 0.016602 -0.327148 -0.368164
v 0.002930 -0.348633 -0.370117
v 0.006836 -0.362305 -0.348633
v 0.004883 -0.364258 -0.356445
v 0.018555 -0.372070 -0.344727
v 0.008789 -0.352539 -0.342773
v 0.006836 -0.362305 -0.348633
v 0.018555 -0.372070 -0.344727
v 0.018555 -0.372070 -0.344727
v 0.036133 -0.368164 -0.331055
v 0.020508 -0.356445 -0.334961
v 0.018555 -0.372070 -0.344727
v 0.020508 -0.356445 -0.334961
v 0.008789 -0.352539 -0.342773
v 0.004883 -0.364258 -0.356445
v 0.006836 -0.362305 -0.348633
v 0.002930 -0.350586 -0.354492
v 0.008789 -0.352539 -0.342773
v 0.002930 -0.350586 -0.354492
v 0.006836 -0.362305 -0.348633
v 0.008789 -0.334961 -0.348633
v 0.004883 -0.334961 -0.360352
v 0.002930 -0.350586 -0.354492
v 0.008789 -0.342773 -0.342773
v 0.008789 -0.334961 -0.348633
v 0.002930 -0.350586 -0.354492
v 0.002930 -0.350586 -0.354492
v 0.008789 -0.352539 -0.342773
v 0.008789 -0.342773 -0.342773
v 0.030273 -0.305664 -0.358398
v 0.022461 -0.315430 -0.372070
v 0.016602 -0.327148 -0.368164
v 0.016602 -0.327148 -0.368164
v 0.004883 -0.334961 -0.360352
v 0.008789 -0.334961 -0.348633
v 0.008789 -0.334961 -0.348633
v 0.020508 -0.325195 -0.348633
v 0.016602 -0.327148 -0.368164
v 0.016602 -0.327148 -0.368164
v 0.020508 -0.325195 -0.348633
v 0.030273 -0.305664 -0.358398
v 0.030273 -0.305664 -0.358398
v 0.020508 -0.301758 -0.374023
v 0.022461 -0.315430 -0.372070
v 0.020508 -0.325195 -0.348633
v 0.008789 -0.334961 -0.348633
v 0.022461 -0.338867 -0.336914
v 0.020508 -0.325195 -0.348633
v 0.038086 -0.340820 -0.325195
v 0.043945 -0.317383 -0.327148
v 0.022461 -0.338867 -0.336914
v 0.038086 -0.340820 -0.325195
v 0.020508 -0.325195 -0.348633
v 0.020508 -0.325195 -0.348633
v 0.043945 -0.317383 -0.327148
v 0.043945 -0.297852 -0.346680
v 0.020508 -0.325195 -0.348633
v 0.043945 -0.297852 -0.346680
v 0.030273 -0.305664 -0.358398
v 0.008789 -0.342773 -0.342773
v 0.022461 -0.338867 -0.336914
v 0.008789 -0.334961 -0.348633
v 0.036133 -0.368164 -0.331055
v 0.051758 -0.374023 -0.313477
v 0.051758 -0.360352 -0.315430
v 0.036133 -0.368164 -0.331055
v 0.051758 -0.360352 -0.315430
v 0.038086 -0.340820 -0.325195
v 0.036133 -0.368164 -0.331055
v 0.038086 -0.340820 -0.325195
v 0.020508 -0.356445 -0.334961
v 0.055664 -0.342773 -0.299805
v 0.038086 -0.340820 -0.325195
v 0.051758 -0.360352 -0.315430
v 0.051758 -0.360352 -0.315430
v 0.071289 -0.344727 -0.299805
v 0.055664 -0.342773 -0.299805
v 0.043945 -0.334961 -0.307617
v 0.043945 -0.317383 -0.327148
v 0.038086 -0.340820 -0.325195
v 0.022461 -0.338867 -0.336914
v 0.020508 -0.356445 -0.334961
v 0.038086 -0.340820 -0.325195
v 0.038086 -0.340820 -0.325195
v 0.055664 -0.342773 -0.299805
v 0.043945 -0.334961 -0.307617
v 0.049805 -0.299805 -0.321289
v 0.043945 -0.297852 -0.346680
v 0.043945 -0.317383 -0.327148
v 0.043945 -0.334961 -0.307617
v 0.049805 -0.325195 -0.309570
v 0.043945 -0.317383 -0.327148
v 0.022461 -0.338867 -0.336914
v 0.008789 -0.352539 -0.342773
v 0.020508 -0.356445 -0.334961
v 0.008789 -0.352539 -0.342773
v 0.022461 -0.338867 -0.336914
v 0.008789 -0.342773 -0.342773
v 0.049805 -0.288086 -0.370117
v 0.040039 -0.286133 -0.374023
v 0.034180 -0.290039 -0.366211
v 0.034180 -0.290039 -0.366211
v 0.040039 -0.293945 -0.360352
v 0.049805 -0.288086 -0.370117
v 0.049805 -0.288086 -0.370117
v 0.040039 -0.293945 -0.360352
v 0.043945 -0.297852 -0.346680
v 0.040039 -0.293945 -0.360352
v 0.034180 -0.290039 -0.366211
v 0.030273 -0.305664 -0.358398
v 0.030273 -0.305664 -0.358398
v 0.043945 -0.297852 -0.346680
v 0.040039 -0.293945 -0.360352
v 0.034180 -0.290039 -0.366211
v 0.026367 -0.295898 -0.366211
v 0.030273 -0.305664 -0.358398
v 0.049805 -0.299805 -0.321289
v 0.049805 -0.290039 -0.333008
v 0.043945 -0.297852 -0.346680
v 0.030273 -0.305664 -0.358398
v 0.026367 -0.295898 -0.366211
v 0.020508 -0.301758 -0.374023
v 0.049805 -0.290039 -0.333008
v 0.049805 -0.299805 -0.321289
v 0.061523 -0.290039 -0.323242
v 0.002930 -0.264648 -0.247070
v 0.022461 -0.272461 -0.327148
v 0.002930 -0.264648 -0.329102
v 0.002930 -0.264648 -0.247070
v 0.022461 -0.272461 -0.249023
v 0.022461 -0.272461 -0.327148
v 0.092773 -0.362305 -0.295898
v 0.098633 -0.366211 -0.291992
v 0.094727 -0.366211 -0.301758
v 0.094727 -0.366211 -0.301758
v 0.086914 -0.366211 -0.305664
v 0.092773 -0.362305 -0.295898
v 0.092773 -0.366211 -0.282227
v 0.094727 -0.366211 -0.284180
v 0.098633 -0.366211 -0.291992
v 0.098633 -0.366211 -0.291992
v 0.092773 -0.362305 -0.295898
v 0.092773 -0.366211 -0.282227
v 0.086914 -0.366211 -0.305664
v 0.077148 -0.366211 -0.301758
v 0.073242 -0.366211 -0.291992
v 0.086914 -0.338867 -0.291992
v 0.092773 -0.362305 -0.295898
v 0.086914 -0.366211 -0.305664
v 0.086914 -0.366211 -0.305664
v 0.073242 -0.366211 -0.291992
v 0.086914 -0.338867 -0.291992
v 0.071289 -0.344727 -0.299805
v 0.073242 -0.333008 -0.303711
v 0.055664 -0.342773 -0.299805
v 0.086914 -0.338867 -0.291992
v 0.092773 -0.366211 -0.282227
v 0.092773 -0.362305 -0.295898
v 0.086914 -0.338867 -0.291992
v 0.073242 -0.366211 -0.291992
v 0.092773 -0.366211 -0.282227
v 0.092773 -0.366211 -0.282227
v 0.073242 -0.366211 -0.291992
v 0.086914 -0.366211 -0.280273
v 0.073242 -0.366211 -0.291992
v 0.077148 -0.366211 -0.284180
v 0.086914 -0.366211 -0.280273
v 0.061523 -0.325195 -0.303711
v 0.055664 -0.342773 -0.299805
v 0.073242 -0.333008 -0.303711
v 0.055664 -0.342773 -0.299805
v 0.061523 -0.325195 -0.303711
v 0.043945 -0.334961 -0.307617
v 0.043945 -0.334961 -0.307617
v 0.061523 -0.325195 -0.303711
v 0.049805 -0.325195 -0.309570
v 0.012695 -0.190430 -0.368164
v 0.020508 -0.184570 -0.374023
v 0.012695 -0.190430 -0.219727
v -0.368164 -0.184570 -0.374023
v 0.020508 -0.184570 -0.374023
v 0.012695 -0.190430 -0.368164
v 0.012695 -0.190430 -0.368164
v -0.362305 -0.190430 -0.368164
v -0.368164 -0.184570 -0.374023
v 0.010742 -0.188477 -0.366211
v -0.020508 -0.489258 -0.370117
v -0.018555 -0.188477 -0.366211
v 0.020508 -0.184570 -0.374023
v 0.020508 -0.155273 -0.374023
v 0.020508 -0.155273 -0.213867
v -0.368164 -0.155273 -0.374023
v 0.020508 -0.155273 -0.374023
v 0.020508 -0.184570 -0.374023
v 0.012695 -0.172852 -0.243164
v 0.012695 -0.190430 -0.219727
v 0.020508 -0.184570 -0.374023
v 0.020508 -0.155273 -0.213867
v 0.012695 -0.172852 -0.243164
v 0.020508 -0.184570 -0.374023
v 0.020508 -0.184570 -0.374023
v -0.368164 -0.184570 -0.374023
v -0.368164 -0.155273 -0.374023
v 0.020508 -0.172852 -0.229492
v 0.004883 -0.444336 -0.208008
v 0.004883 -0.172852 -0.358398
v 0.004883 0.028320 -0.229492
v 0.020508 -0.172852 -0.229492
v 0.004883 -0.172852 -0.358398
v 0.004883 -0.172852 -0.358398
v 0.004883 0.024414 -0.358398
v 0.004883 0.028320 -0.229492
v -0.051758 -0.096680 -0.368164
v 0.004883 0.024414 -0.358398
v 0.004883 -0.172852 -0.358398
v -0.354492 -0.172852 -0.358398
v -0.051758 -0.096680 -0.368164
v 0.004883 -0.172852 -0.358398
v 0.020508 -0.155273 -0.374023
v 0.012695 -0.149414 -0.368164
v 0.020508 -0.155273 -0.213867
v -0.362305 -0.149414 -0.368164
v 0.012695 -0.149414 -0.368164
v 0.020508 -0.155273 -0.374023
v -0.368164 -0.155273 -0.374023
v -0.362305 -0.149414 -0.368164
v 0.020508 -0.155273 -0.374023
v 0.012695 -0.149414 -0.213867
v 0.020508 -0.155273 -0.213867
v 0.012695 -0.149414 -0.368164
v 0.012695 -0.149414 -0.368164
v -0.362305 -0.149414 -0.368164
v -0.362305 -0.149414 0.166992
v -0.362305 -0.149414 0.166992
v 0.012695 -0.149414 0.137695
v 0.012695 -0.149414 -0.368164
v 0.004883 0.059570 -0.336914
v 0.010742 -0.153320 -0.336914
v 0.010742 -0.153320 -0.366211
v 0.010742 -0.153320 -0.366211
v 0.004883 0.059570 -0.368164
v 0.004883 0.059570 -0.336914
v -0.016602 -0.153320 -0.366211
v 0.004883 0.059570 -0.368164
v 0.010742 -0.153320 -0.366211
v 0.010742 -0.153320 -0.336914
v 0.004883 0.059570 -0.336914
v -0.016602 0.059570 -0.336914
v -0.016602 0.059570 -0.336914
v -0.016602 -0.153320 -0.336914
v 0.010742 -0.153320 -0.336914
v 0.375977 -0.485352 -0.166992
v 0.375977 -0.461914 -0.166992
v 0.374023 -0.485352 -0.151367
v 0.190430 -0.485352 -0.166992
v 0.375977 -0.461914 -0.166992
v 0.375977 -0.485352 -0.166992
v 0.374023 -0.461914 -0.151367
v 0.374023 -0.485352 -0.151367
v 0.375977 -0.461914 -0.166992
v 0.190430 -0.432617 -0.166992
v 0.374023 -0.461914 -0.151367
v 0.375977 -0.461914 -0.166992
v 0.375977 -0.461914 -0.166992
v 0.190430 -0.485352 -0.166992
v 0.190430 -0.432617 -0.166992
v 0.333008 -0.432617 -0.239258
v 0.333008 -0.489258 -0.239258
v 0.346680 -0.487305 -0.239258
v 0.346680 -0.487305 -0.239258
v 0.346680 -0.432617 -0.239258
v 0.333008 -0.432617 -0.239258
v 0.334961 -0.456055 -0.245117
v 0.334961 -0.456055 -0.241211
v 0.200195 -0.456055 -0.241211
v 0.200195 -0.456055 -0.245117
v 0.334961 -0.446289 -0.245117
v 0.334961 -0.456055 -0.245117
v 0.200195 -0.456055 -0.241211
v 0.200195 -0.456055 -0.245117
v 0.334961 -0.456055 -0.245117
v 0.334961 -0.456055 -0.241211
v 0.334961 -0.446289 -0.241211
v 0.200195 -0.456055 -0.241211
v 0.200195 -0.446289 -0.245117
v 0.334961 -0.446289 -0.241211
v 0.334961 -0.446289 -0.245117
v 0.334961 -0.446289 -0.245117
v 0.200195 -0.456055 -0.245117
v 0.200195 -0.446289 -0.245117
v 0.200195 -0.446289 -0.241211
v 0.200195 -0.456055 -0.241211
v 0.334961 -0.446289 -0.241211
v 0.334961 -0.446289 -0.241211
v 0.200195 -0.446289 -0.245117
v 0.200195 -0.446289 -0.241211
v 0.325195 -0.428711 -0.206055
v 0.329102 -0.487305 -0.190430
v 0.323242 -0.487305 -0.204102
v 0.309570 -0.428711 -0.211914
v 0.325195 -0.428711 -0.206055
v 0.323242 -0.487305 -0.204102
v 0.323242 -0.487305 -0.204102
v 0.309570 -0.487305 -0.209961
v 0.309570 -0.428711 -0.211914
v 0.329102 -0.487305 -0.190430
v 0.325195 -0.428711 -0.206055
v 0.331055 -0.428711 -0.190430
v 0.329102 -0.487305 -0.190430
v 0.331055 -0.428711 -0.190430
v 0.325195 -0.428711 -0.174805
v 0.325195 -0.428711 -0.174805
v 0.325195 -0.487305 -0.176758
v 0.329102 -0.487305 -0.190430
v 0.346680 -0.432617 -0.239258
v 0.338867 -0.422852 -0.247070
v 0.333008 -0.432617 -0.239258
v 0.309570 -0.407227 -0.211914
v 0.313477 -0.407227 -0.209961
v 0.315430 -0.399414 -0.223633
v 0.321289 -0.428711 -0.202148
v 0.331055 -0.428711 -0.190430
v 0.325195 -0.428711 -0.206055
v 0.309570 -0.428711 -0.206055
v 0.321289 -0.428711 -0.202148
v 0.325195 -0.428711 -0.206055
v 0.325195 -0.428711 -0.206055
v 0.309570 -0.428711 -0.211914
v 0.309570 -0.428711 -0.206055
v 0.309570 -0.418945 -0.202148
v 0.313477 -0.418945 -0.200195
v 0.313477 -0.407227 -0.209961
v 0.313477 -0.407227 -0.209961
v 0.309570 -0.407227 -0.211914
v 0.309570 -0.418945 -0.202148
v 0.331055 -0.428711 -0.190430
v 0.321289 -0.428711 -0.202148
v 0.327148 -0.428711 -0.190430
v 0.331055 -0.428711 -0.190430
v 0.327148 -0.428711 -0.190430
v 0.321289 -0.428711 -0.178711
v 0.331055 -0.428711 -0.190430
v 0.321289 -0.428711 -0.178711
v 0.325195 -0.428711 -0.174805
v 0.323242 -0.415039 -0.194336
v 0.331055 -0.409180 -0.196289
v 0.329102 -0.409180 -0.202148
v 0.329102 -0.409180 -0.202148
v 0.331055 -0.409180 -0.196289
v 0.338867 -0.401367 -0.206055
v 0.329102 -0.409180 -0.202148
v 0.321289 -0.415039 -0.200195
v 0.323242 -0.415039 -0.194336
v 0.323242 -0.415039 -0.194336
v 0.331055 -0.407227 -0.190430
v 0.331055 -0.409180 -0.196289
v 0.331055 -0.409180 -0.196289
v 0.331055 -0.407227 -0.190430
v 0.342773 -0.401367 -0.196289
v 0.331055 -0.407227 -0.190430
v 0.323242 -0.415039 -0.194336
v 0.325195 -0.415039 -0.188477
v 0.327148 -0.428711 -0.190430
v 0.321289 -0.428711 -0.202148
v 0.321289 -0.432617 -0.202148
v 0.321289 -0.432617 -0.202148
v 0.321289 -0.428711 -0.202148
v 0.309570 -0.432617 -0.206055
v 0.321289 -0.432617 -0.202148
v 0.327148 -0.432617 -0.190430
v 0.327148 -0.428711 -0.190430
v 0.321289 -0.432617 -0.178711
v 0.327148 -0.432617 -0.190430
v 0.321289 -0.432617 -0.202148
v 0.321289 -0.432617 -0.202148
v 0.309570 -0.432617 -0.206055
v 0.297852 -0.432617 -0.200195
v 0.321289 -0.432617 -0.202148
v 0.297852 -0.432617 -0.200195
v 0.299805 -0.432617 -0.176758
v 0.299805 -0.432617 -0.176758
v 0.321289 -0.432617 -0.178711
v 0.321289 -0.432617 -0.202148
v 0.309570 -0.428711 -0.206055
v 0.309570 -0.432617 -0.206055
v 0.321289 -0.428711 -0.202148
v 0.313477 -0.434570 -0.196289
v 0.313477 -0.418945 -0.200195
v 0.307617 -0.434570 -0.196289
v 0.317383 -0.428711 -0.196289
v 0.315430 -0.434570 -0.194336
v 0.319336 -0.428711 -0.192383
v 0.317383 -0.428711 -0.196289
v 0.319336 -0.428711 -0.192383
v 0.323242 -0.415039 -0.194336
v 0.323242 -0.415039 -0.194336
v 0.321289 -0.415039 -0.200195
v 0.317383 -0.428711 -0.196289
v 0.321289 -0.432617 -0.178711
v 0.327148 -0.428711 -0.190430
v 0.327148 -0.432617 -0.190430
v 0.327148 -0.428711 -0.190430
v 0.321289 -0.432617 -0.178711
v 0.321289 -0.428711 -0.178711
v 0.321289 -0.428711 -0.188477
v 0.319336 -0.434570 -0.188477
v 0.317383 -0.434570 -0.184570
v 0.321289 -0.428711 -0.188477
v 0.317383 -0.434570 -0.184570
v 0.319336 -0.428711 -0.184570
v 0.321289 -0.428711 -0.188477
v 0.319336 -0.428711 -0.184570
v 0.323242 -0.415039 -0.180664
v 0.323242 -0.415039 -0.180664
v 0.327148 -0.415039 -0.184570
v 0.321289 -0.428711 -0.188477
v 0.315430 -0.434570 -0.194336
v 0.317383 -0.434570 -0.190430
v 0.319336 -0.428711 -0.192383
v 0.317383 -0.434570 -0.190430
v 0.317383 -0.434570 -0.188477
v 0.319336 -0.428711 -0.186523
v 0.319336 -0.428711 -0.186523
v 0.319336 -0.428711 -0.192383
v 0.317383 -0.434570 -0.190430
v 0.325195 -0.415039 -0.188477
v 0.323242 -0.415039 -0.194336
v 0.319336 -0.428711 -0.192383
v 0.319336 -0.428711 -0.186523
v 0.325195 -0.415039 -0.188477
v 0.319336 -0.428711 -0.192383
v 0.309570 -0.418945 -0.202148
v 0.307617 -0.434570 -0.196289
v 0.313477 -0.418945 -0.200195
v 0.309570 -0.487305 -0.209961
v 0.295898 -0.487305 -0.204102
v 0.309570 -0.428711 -0.211914
v 0.295898 -0.487305 -0.204102
v 0.290039 -0.487305 -0.188477
v 0.293945 -0.428711 -0.204102
v 0.293945 -0.428711 -0.204102
v 0.309570 -0.428711 -0.211914
v 0.295898 -0.487305 -0.204102
v 0.288086 -0.428711 -0.188477
v 0.293945 -0.428711 -0.204102
v 0.290039 -0.487305 -0.188477
v 0.295898 -0.428711 -0.174805
v 0.288086 -0.428711 -0.188477
v 0.290039 -0.487305 -0.188477
v 0.290039 -0.487305 -0.188477
v 0.295898 -0.487305 -0.174805
v 0.295898 -0.428711 -0.174805
v 0.268555 -0.411133 -0.239258
v 0.268555 -0.426758 -0.249023
v 0.293945 -0.411133 -0.249023
v 0.268555 -0.377930 -0.243164
v 0.268555 -0.411133 -0.239258
v 0.293945 -0.411133 -0.249023
v 0.303711 -0.407227 -0.211914
v 0.309570 -0.407227 -0.211914
v 0.305664 -0.399414 -0.223633
v 0.299805 -0.395508 -0.206055
v 0.303711 -0.395508 -0.209961
v 0.295898 -0.385742 -0.219727
v 0.268555 -0.411133 -0.239258
v 0.268555 -0.377930 -0.243164
v 0.245117 -0.411133 -0.249023
v 0.293945 -0.428711 -0.204102
v 0.309570 -0.428711 -0.206055
v 0.309570 -0.428711 -0.211914
v 0.309570 -0.432617 -0.206055
v 0.309570 -0.428711 -0.206055
v 0.297852 -0.428711 -0.200195
v 0.297852 -0.428711 -0.200195
v 0.297852 -0.432617 -0.200195
v 0.309570 -0.432617 -0.206055
v 0.309570 -0.428711 -0.206055
v 0.293945 -0.428711 -0.204102
v 0.297852 -0.428711 -0.200195
v 0.309570 -0.407227 -0.211914
v 0.303711 -0.407227 -0.211914
v 0.309570 -0.418945 -0.202148
v 0.303711 -0.418945 -0.200195
v 0.309570 -0.418945 -0.202148
v 0.303711 -0.407227 -0.211914
v 0.288086 -0.428711 -0.188477
v 0.297852 -0.428711 -0.200195
v 0.293945 -0.428711 -0.204102
v 0.311523 -0.418945 -0.198242
v 0.307617 -0.434570 -0.194336
v 0.309570 -0.434570 -0.196289
v 0.303711 -0.418945 -0.200195
v 0.305664 -0.434570 -0.196289
v 0.307617 -0.434570 -0.196289
v 0.307617 -0.434570 -0.196289
v 0.309570 -0.418945 -0.202148
v 0.303711 -0.418945 -0.200195
v 0.297852 -0.432617 -0.200195
v 0.297852 -0.428711 -0.200195
v 0.293945 -0.428711 -0.188477
v 0.293945 -0.428711 -0.188477
v 0.293945 -0.432617 -0.188477
v 0.297852 -0.432617 -0.200195
v 0.297852 -0.432617 -0.200195
v 0.293945 -0.432617 -0.188477
v 0.299805 -0.432617 -0.176758
v 0.288086 -0.428711 -0.188477
v 0.293945 -0.428711 -0.188477
v 0.297852 -0.428711 -0.200195
v 0.305664 -0.418945 -0.194336
v 0.307617 -0.434570 -0.190430
v 0.307617 -0.434570 -0.194336
v 0.307617 -0.434570 -0.194336
v 0.311523 -0.418945 -0.198242
v 0.305664 -0.418945 -0.194336
v 0.303711 -0.415039 -0.188477
v 0.303711 -0.432617 -0.188477
v 0.305664 -0.432617 -0.192383
v 0.305664 -0.432617 -0.192383
v 0.305664 -0.415039 -0.194336
v 0.303711 -0.415039 -0.188477
v 0.303711 -0.418945 -0.192383
v 0.305664 -0.434570 -0.190430
v 0.307617 -0.434570 -0.190430
v 0.307617 -0.434570 -0.190430
v 0.305664 -0.418945 -0.194336
v 0.303711 -0.418945 -0.192383
v 0.299805 -0.418945 -0.184570
v 0.303711 -0.434570 -0.184570
v 0.303711 -0.434570 -0.188477
v 0.303711 -0.434570 -0.188477
v 0.297852 -0.418945 -0.186523
v 0.299805 -0.418945 -0.184570
v 0.303711 -0.432617 -0.188477
v 0.303711 -0.415039 -0.188477
v 0.301758 -0.415039 -0.184570
v 0.301758 -0.415039 -0.184570
v 0.303711 -0.432617 -0.186523
v 0.303711 -0.432617 -0.188477
v 0.303711 -0.405273 -0.200195
v 0.305664 -0.418945 -0.194336
v 0.311523 -0.418945 -0.198242
v 0.311523 -0.418945 -0.198242
v 0.307617 -0.405273 -0.204102
v 0.303711 -0.405273 -0.200195
v 0.299805 -0.405273 -0.196289
v 0.303711 -0.418945 -0.192383
v 0.305664 -0.418945 -0.194336
v 0.305664 -0.418945 -0.194336
v 0.303711 -0.405273 -0.200195
v 0.299805 -0.405273 -0.196289
v 0.297852 -0.399414 -0.190430
v 0.303711 -0.415039 -0.188477
v 0.305664 -0.415039 -0.194336
v 0.305664 -0.415039 -0.194336
v 0.299805 -0.401367 -0.196289
v 0.297852 -0.399414 -0.190430
v 0.303711 -0.415039 -0.188477
v 0.297852 -0.399414 -0.190430
v 0.295898 -0.401367 -0.184570
v 0.295898 -0.401367 -0.184570
v 0.301758 -0.415039 -0.184570
v 0.303711 -0.415039 -0.188477
v 0.293945 -0.432617 -0.188477
v 0.293945 -0.428711 -0.188477
v 0.299805 -0.432617 -0.176758
v 0.293945 -0.428711 -0.188477
v 0.288086 -0.428711 -0.188477
v 0.299805 -0.428711 -0.176758
v 0.299805 -0.428711 -0.176758
v 0.299805 -0.432617 -0.176758
v 0.293945 -0.428711 -0.188477
v 0.295898 -0.428711 -0.174805
v 0.299805 -0.428711 -0.176758
v 0.288086 -0.428711 -0.188477
v 0.307617 -0.405273 -0.204102
v 0.303711 -0.395508 -0.209961
v 0.303711 -0.405273 -0.200195
v 0.303711 -0.395508 -0.209961
v 0.299805 -0.395508 -0.206055
v 0.303711 -0.405273 -0.200195
v 0.299805 -0.395508 -0.206055
v 0.288086 -0.385742 -0.211914
v 0.293945 -0.395508 -0.202148
v 0.293945 -0.395508 -0.202148
v 0.303711 -0.405273 -0.200195
v 0.299805 -0.395508 -0.206055
v 0.293945 -0.395508 -0.202148
v 0.299805 -0.405273 -0.196289
v 0.303711 -0.405273 -0.200195
v 0.291992 -0.389648 -0.196289
v 0.297852 -0.399414 -0.190430
v 0.299805 -0.401367 -0.196289
v 0.297852 -0.399414 -0.190430
v 0.291992 -0.389648 -0.196289
v 0.290039 -0.389648 -0.190430
v 0.297852 -0.399414 -0.190430
v 0.290039 -0.389648 -0.190430
v 0.288086 -0.391602 -0.184570
v 0.288086 -0.391602 -0.184570
v 0.295898 -0.401367 -0.184570
v 0.297852 -0.399414 -0.190430
v 0.280273 -0.379883 -0.198242
v 0.290039 -0.389648 -0.190430
v 0.291992 -0.389648 -0.196289
v 0.290039 -0.389648 -0.190430
v 0.276367 -0.381836 -0.188477
v 0.288086 -0.391602 -0.184570
v 0.366211 -0.483398 -0.157227
v 0.364258 -0.473633 -0.157227
v 0.364258 -0.473633 0.083008
v 0.364258 -0.473633 0.083008
v 0.366211 -0.483398 0.083008
v 0.366211 -0.483398 -0.157227
v 0.364258 -0.473633 -0.157227
v 0.348633 -0.473633 -0.157227
v 0.364258 -0.473633 0.083008
v 0.348633 -0.491211 0.083008
v 0.346680 -0.483398 -0.157227
v 0.348633 -0.491211 -0.157227
v 0.348633 -0.473633 0.083008
v 0.348633 -0.473633 -0.157227
v 0.346680 -0.483398 -0.157227
v 0.346680 -0.483398 -0.157227
v 0.348633 -0.491211 0.083008
v 0.346680 -0.483398 0.083008
v 0.346680 -0.483398 -0.157227
v 0.346680 -0.483398 0.083008
v 0.348633 -0.473633 0.083008
v 0.348633 -0.473633 0.083008
v 0.364258 -0.473633 0.083008
v 0.348633 -0.473633 -0.157227
v 0.325195 -0.487305 -0.176758
v 0.325195 -0.428711 -0.174805
v 0.311523 -0.428711 -0.168945
v 0.311523 -0.428711 -0.168945
v 0.311523 -0.487305 -0.168945
v 0.325195 -0.487305 -0.176758
v 0.374023 -0.485352 -0.151367
v 0.374023 -0.461914 -0.151367
v 0.190430 -0.432617 -0.151367
v 0.190430 -0.432617 -0.151367
v 0.190430 -0.467773 -0.151367
v 0.374023 -0.485352 -0.151367
v 0.374023 -0.461914 -0.151367
v 0.190430 -0.432617 -0.166992
v 0.190430 -0.432617 -0.151367
v 0.323242 -0.415039 -0.180664
v 0.329102 -0.409180 -0.176758
v 0.331055 -0.409180 -0.180664
v 0.331055 -0.409180 -0.180664
v 0.329102 -0.409180 -0.176758
v 0.340820 -0.401367 -0.172852
v 0.331055 -0.409180 -0.180664
v 0.327148 -0.415039 -0.184570
v 0.323242 -0.415039 -0.180664
v 0.329102 -0.409180 -0.176758
v 0.323242 -0.415039 -0.180664
v 0.325195 -0.407227 -0.170898
v 0.329102 -0.409180 -0.176758
v 0.325195 -0.407227 -0.170898
v 0.334961 -0.401367 -0.165039
v 0.317383 -0.434570 -0.184570
v 0.315430 -0.434570 -0.182617
v 0.319336 -0.428711 -0.184570
v 0.315430 -0.428711 -0.180664
v 0.319336 -0.428711 -0.184570
v 0.315430 -0.434570 -0.182617
v 0.319336 -0.428711 -0.184570
v 0.315430 -0.428711 -0.180664
v 0.319336 -0.415039 -0.174805
v 0.319336 -0.415039 -0.174805
v 0.323242 -0.415039 -0.180664
v 0.319336 -0.428711 -0.184570
v 0.311523 -0.432617 -0.172852
v 0.321289 -0.428711 -0.178711
v 0.321289 -0.432617 -0.178711
v 0.299805 -0.432617 -0.176758
v 0.311523 -0.432617 -0.172852
v 0.321289 -0.432617 -0.178711
v 0.311523 -0.428711 -0.172852
v 0.325195 -0.428711 -0.174805
v 0.321289 -0.428711 -0.178711
v 0.321289 -0.428711 -0.178711
v 0.311523 -0.432617 -0.172852
v 0.311523 -0.428711 -0.172852
v 0.325195 -0.428711 -0.174805
v 0.311523 -0.428711 -0.172852
v 0.311523 -0.428711 -0.168945
v 0.323242 -0.415039 -0.180664
v 0.319336 -0.415039 -0.174805
v 0.325195 -0.407227 -0.170898
v 0.295898 -0.487305 -0.174805
v 0.311523 -0.487305 -0.168945
v 0.311523 -0.428711 -0.168945
v 0.311523 -0.428711 -0.168945
v 0.295898 -0.428711 -0.174805
v 0.295898 -0.487305 -0.174805
v 0.299805 -0.418945 -0.180664
v 0.303711 -0.434570 -0.182617
v 0.303711 -0.434570 -0.184570
v 0.303711 -0.434570 -0.184570
v 0.299805 -0.418945 -0.184570
v 0.299805 -0.418945 -0.180664
v 0.299805 -0.428711 -0.176758
v 0.311523 -0.428711 -0.172852
v 0.311523 -0.432617 -0.172852
v 0.311523 -0.432617 -0.172852
v 0.299805 -0.432617 -0.176758
v 0.299805 -0.428711 -0.176758
v 0.311523 -0.428711 -0.172852
v 0.299805 -0.428711 -0.176758
v 0.295898 -0.428711 -0.174805
v 0.311523 -0.428711 -0.172852
v 0.295898 -0.428711 -0.174805
v 0.311523 -0.428711 -0.168945
v 0.290039 -0.407227 -0.178711
v 0.299805 -0.418945 -0.184570
v 0.297852 -0.418945 -0.186523
v 0.297852 -0.418945 -0.186523
v 0.288086 -0.407227 -0.184570
v 0.290039 -0.407227 -0.178711
v 0.291992 -0.407227 -0.174805
v 0.299805 -0.418945 -0.180664
v 0.299805 -0.418945 -0.184570
v 0.299805 -0.418945 -0.184570
v 0.290039 -0.407227 -0.178711
v 0.291992 -0.407227 -0.174805
v 0.276367 -0.399414 -0.178711
v 0.290039 -0.407227 -0.178711
v 0.288086 -0.407227 -0.184570
v 0.280273 -0.399414 -0.170898
v 0.291992 -0.407227 -0.174805
v 0.290039 -0.407227 -0.178711
v 0.020508 -0.485352 -0.245117
v 0.206055 -0.444336 -0.245117
v 0.206055 -0.485352 -0.245117
v 0.206055 -0.485352 -0.245117
v 0.206055 -0.444336 -0.245117
v 0.206055 -0.444336 0.170898
v 0.206055 -0.444336 0.170898
v 0.206055 -0.485352 0.170898
v 0.206055 -0.485352 -0.245117
v 0.020508 -0.444336 -0.245117
v 0.190430 -0.444336 -0.229492
v 0.206055 -0.444336 -0.245117
v 0.206055 -0.444336 -0.245117
v 0.190430 -0.444336 -0.229492
v 0.190430 -0.444336 0.155273
v 0.206055 -0.444336 -0.245117
v 0.020508 -0.485352 -0.245117
v 0.020508 -0.444336 -0.245117
v 0.206055 -0.444336 -0.245117
v 0.190430 -0.444336 0.155273
v 0.206055 -0.444336 0.170898
v 0.200195 -0.456055 -0.245117
v 0.200195 -0.456055 -0.241211
v 0.020508 -0.456055 -0.247070
v 0.020508 -0.456055 -0.247070
v 0.200195 -0.446289 -0.245117
v 0.200195 -0.456055 -0.245117
v 0.200195 -0.456055 -0.241211
v 0.200195 -0.446289 -0.241211
v 0.020508 -0.446289 -0.241211
v 0.020508 -0.456055 -0.241211
v 0.020508 -0.456055 -0.247070
v 0.200195 -0.456055 -0.241211
v 0.020508 -0.446289 -0.241211
v 0.020508 -0.456055 -0.241211
v 0.200195 -0.456055 -0.241211
v 0.020508 -0.446289 -0.247070
v 0.200195 -0.446289 -0.241211
v 0.200195 -0.446289 -0.245117
v 0.200195 -0.446289 -0.245117
v 0.020508 -0.456055 -0.247070
v 0.020508 -0.446289 -0.247070
v 0.200195 -0.446289 -0.241211
v 0.020508 -0.446289 -0.247070
v 0.020508 -0.446289 -0.241211
v 0.190430 -0.444336 -0.229492
v 0.032227 -0.456055 -0.235352
v 0.020508 -0.172852 -0.229492
v 0.020508 -0.172852 -0.229492
v 0.190430 -0.172852 -0.229492
v 0.190430 -0.444336 -0.229492
v 0.190430 -0.444336 -0.229492
v 0.190430 -0.172852 -0.229492
v 0.190430 -0.172852 0.155273
v 0.190430 -0.172852 0.155273
v 0.190430 -0.444336 0.155273
v 0.190430 -0.444336 -0.229492
v 0.202148 -0.446289 -0.157227
v 0.186523 -0.446289 -0.157227
v 0.202148 -0.313477 -0.157227
v 0.202148 -0.446289 -0.157227
v 0.202148 -0.313477 -0.157227
v 0.204102 -0.297852 -0.122070
v 0.204102 -0.297852 -0.122070
v 0.204102 -0.446289 -0.122070
v 0.202148 -0.446289 -0.157227
v 0.186523 -0.313477 -0.157227
v 0.202148 -0.313477 -0.157227
v 0.186523 -0.446289 -0.157227
v 0.196289 -0.374023 -0.209961
v 0.190430 -0.374023 -0.209961
v 0.190430 -0.344727 -0.209961
v 0.190430 -0.374023 -0.166992
v 0.190430 -0.374023 -0.209961
v 0.196289 -0.374023 -0.209961
v 0.190430 -0.344727 -0.209961
v 0.196289 -0.344727 -0.209961
v 0.196289 -0.374023 -0.209961
v 0.196289 -0.374023 -0.209961
v 0.196289 -0.344727 -0.209961
v 0.196289 -0.374023 -0.166992
v 0.196289 -0.374023 -0.209961
v 0.196289 -0.374023 -0.166992
v 0.190430 -0.374023 -0.166992
v 0.196289 -0.344727 -0.209961
v 0.190430 -0.344727 -0.209961
v 0.196289 -0.344727 -0.166992
v 0.196289 -0.344727 -0.166992
v 0.196289 -0.374023 -0.166992
v 0.196289 -0.344727 -0.209961
v 0.190430 -0.344727 -0.166992
v 0.196289 -0.344727 -0.166992
v 0.190430 -0.344727 -0.209961
v 0.206055 -0.282227 -0.221680
v 0.188477 -0.282227 -0.239258
v 0.206055 -0.282227 -0.239258
v 0.206055 -0.282227 -0.239258
v 0.188477 -0.282227 -0.239258
v 0.184570 -0.256836 -0.243164
v 0.208008 -0.256836 -0.243164
v 0.206055 -0.282227 -0.221680
v 0.206055 -0.282227 -0.239258
v 0.184570 -0.256836 -0.243164
v 0.208008 -0.256836 -0.243164
v 0.206055 -0.282227 -0.239258
v 0.188477 -0.282227 -0.239258
v 0.206055 -0.282227 -0.221680
v 0.188477 -0.282227 -0.221680
v 0.188477 -0.282227 -0.239258
v 0.188477 -0.282227 -0.221680
v 0.184570 -0.256836 -0.243164
v 0.208008 -0.256836 -0.219727
v 0.188477 -0.282227 -0.221680
v 0.206055 -0.282227 -0.221680
v 0.206055 -0.282227 -0.221680
v 0.208008 -0.256836 -0.243164
v 0.208008 -0.256836 -0.219727
v 0.188477 -0.282227 -0.221680
v 0.208008 -0.256836 -0.219727
v 0.184570 -0.256836 -0.219727
v 0.184570 -0.256836 -0.219727
v 0.184570 -0.256836 -0.243164
v 0.188477 -0.282227 -0.221680
v 0.208008 -0.256836 -0.219727
v 0.208008 -0.256836 -0.243164
v 0.213867 -0.252930 -0.247070
v 0.213867 -0.252930 -0.247070
v 0.208008 -0.256836 -0.243164
v 0.184570 -0.256836 -0.243164
v 0.213867 -0.252930 -0.213867
v 0.208008 -0.256836 -0.219727
v 0.213867 -0.252930 -0.247070
v 0.208008 -0.249023 -0.219727
v 0.213867 -0.252930 -0.213867
v 0.213867 -0.252930 -0.247070
v 0.184570 -0.256836 -0.243164
v 0.180664 -0.252930 -0.247070
v 0.213867 -0.252930 -0.247070
v 0.213867 -0.252930 -0.247070
v 0.180664 -0.252930 -0.247070
v 0.184570 -0.249023 -0.243164
v 0.213867 -0.252930 -0.247070
v 0.208008 -0.249023 -0.243164
v 0.208008 -0.249023 -0.219727
v 0.184570 -0.249023 -0.243164
v 0.208008 -0.249023 -0.243164
v 0.213867 -0.252930 -0.247070
v 0.208008 -0.256836 -0.219727
v 0.213867 -0.252930 -0.213867
v 0.180664 -0.252930 -0.213867
v 0.180664 -0.252930 -0.213867
v 0.184570 -0.256836 -0.219727
v 0.208008 -0.256836 -0.219727
v 0.196289 -0.305664 -0.209961
v 0.190430 -0.305664 -0.209961
v 0.190430 -0.276367 -0.209961
v 0.190430 -0.305664 -0.166992
v 0.190430 -0.305664 -0.209961
v 0.196289 -0.305664 -0.209961
v 0.190430 -0.276367 -0.209961
v 0.196289 -0.276367 -0.209961
v 0.196289 -0.305664 -0.209961
v 0.196289 -0.305664 -0.209961
v 0.196289 -0.276367 -0.209961
v 0.196289 -0.305664 -0.166992
v 0.196289 -0.305664 -0.209961
v 0.196289 -0.305664 -0.166992
v 0.190430 -0.305664 -0.166992
v 0.184570 -0.249023 -0.219727
v 0.180664 -0.252930 -0.213867
v 0.213867 -0.252930 -0.213867
v 0.213867 -0.252930 -0.213867
v 0.208008 -0.249023 -0.219727
v 0.184570 -0.249023 -0.219727
v 0.196289 -0.276367 -0.209961
v 0.190430 -0.276367 -0.209961
v 0.196289 -0.276367 -0.166992
v 0.196289 -0.276367 -0.166992
v 0.196289 -0.305664 -0.166992
v 0.196289 -0.276367 -0.209961
v 0.190430 -0.276367 -0.166992
v 0.196289 -0.276367 -0.166992
v 0.190430 -0.276367 -0.209961
v 0.180664 -0.252930 -0.247070
v 0.184570 -0.256836 -0.243164
v 0.184570 -0.256836 -0.219727
v 0.180664 -0.252930 -0.247070
v 0.184570 -0.256836 -0.219727
v 0.180664 -0.252930 -0.213867
v 0.180664 -0.252930 -0.247070
v 0.180664 -0.252930 -0.213867
v 0.184570 -0.249023 -0.219727
v 0.184570 -0.249023 -0.219727
v 0.184570 -0.249023 -0.243164
v 0.180664 -0.252930 -0.247070
v 0.190430 -0.344727 -0.166992
v 0.190430 -0.374023 -0.166992
v 0.196289 -0.374023 -0.166992
v 0.196289 -0.374023 -0.166992
v 0.196289 -0.344727 -0.166992
v 0.190430 -0.344727 -0.166992
v 0.186523 -0.313477 -0.157227
v 0.202148 -0.250977 -0.147461
v 0.202148 -0.313477 -0.157227
v 0.202148 -0.313477 -0.157227
v 0.202148 -0.250977 -0.147461
v 0.204102 -0.297852 -0.122070
v 0.190430 -0.276367 -0.166992
v 0.190430 -0.305664 -0.166992
v 0.196289 -0.305664 -0.166992
v 0.196289 -0.305664 -0.166992
v 0.196289 -0.276367 -0.166992
v 0.190430 -0.276367 -0.166992
v 0.202148 -0.250977 -0.147461
v 0.186523 -0.313477 -0.157227
v 0.186523 -0.250977 -0.147461
v 0.202148 -0.250977 -0.147461
v 0.186523 -0.250977 -0.147461
v 0.186523 -0.211914 -0.124023
v 0.204102 -0.264648 -0.116211
v 0.204102 -0.297852 -0.122070
v 0.202148 -0.250977 -0.147461
v 0.202148 -0.211914 -0.124023
v 0.204102 -0.264648 -0.116211
v 0.202148 -0.250977 -0.147461
v 0.186523 -0.211914 -0.124023
v 0.202148 -0.211914 -0.124023
v 0.202148 -0.250977 -0.147461
v 0.022461 -0.272461 -0.249023
v 0.002930 -0.483398 -0.247070
v 0.022461 -0.483398 -0.249023
v 0.002930 -0.483398 -0.247070
v 0.022461 -0.272461 -0.249023
v 0.002930 -0.264648 -0.247070
v 0.170898 -0.297852 -0.122070
v 0.170898 -0.446289 -0.122070
v 0.204102 -0.446289 -0.122070
v 0.204102 -0.446289 -0.122070
v 0.204102 -0.297852 -0.122070
v 0.170898 -0.297852 -0.122070
v 0.176758 -0.295898 -0.124023
v 0.176758 -0.446289 -0.040039
v 0.176758 -0.444336 -0.124023
v 0.180664 -0.446289 -0.047852
v 0.170898 -0.446289 -0.047852
v 0.170898 -0.213867 -0.047852
v 0.180664 -0.213867 -0.034180
v 0.180664 -0.446289 -0.034180
v 0.180664 -0.446289 -0.047852
v 0.170898 -0.213867 -0.047852
v 0.180664 -0.213867 -0.047852
v 0.180664 -0.446289 -0.047852
v 0.180664 -0.446289 -0.047852
v 0.180664 -0.213867 -0.047852
v 0.180664 -0.213867 -0.034180
v 0.170898 -0.446289 -0.047852
v 0.170898 -0.446289 -0.034180
v 0.170898 -0.213867 -0.047852
v 0.176758 -0.446289 -0.040039
v 0.176758 -0.295898 -0.124023
v 0.176758 -0.235352 -0.100586
v 0.176758 -0.446289 -0.040039
v 0.176758 -0.235352 -0.100586
v 0.176758 -0.211914 -0.040039
v 0.176758 -0.446289 -0.040039
v 0.176758 -0.211914 -0.040039
v 0.176758 -0.235352 0.026367
v 0.176758 -0.295898 0.049805
v 0.176758 -0.446289 0.051758
v 0.176758 -0.446289 -0.040039
v 0.176758 -0.235352 0.026367
v 0.176758 -0.295898 0.049805
v 0.176758 -0.446289 -0.040039
v 0.180664 -0.213867 -0.034180
v 0.170898 -0.446289 -0.034180
v 0.180664 -0.446289 -0.034180
v 0.170898 -0.213867 -0.034180
v 0.170898 -0.213867 -0.047852
v 0.170898 -0.446289 -0.034180
v 0.170898 -0.446289 -0.034180
v 0.180664 -0.213867 -0.034180
v 0.170898 -0.213867 -0.034180
v 0.204102 -0.297852 -0.122070
v 0.204102 -0.264648 -0.116211
v 0.170898 -0.297852 -0.122070
v 0.170898 -0.266602 -0.116211
v 0.170898 -0.297852 -0.122070
v 0.204102 -0.264648 -0.116211
v 0.170898 -0.239258 -0.098633
v 0.170898 -0.266602 -0.116211
v 0.204102 -0.264648 -0.116211
v 0.202148 -0.211914 -0.124023
v 0.204102 -0.237305 -0.098633
v 0.204102 -0.264648 -0.116211
v 0.204102 -0.264648 -0.116211
v 0.204102 -0.237305 -0.098633
v 0.170898 -0.239258 -0.098633
v 0.182617 -0.297852 -0.124023
v 0.182617 -0.288086 -0.124023
v 0.182617 -0.288086 0.049805
v 0.182617 -0.297852 0.049805
v 0.170898 -0.299805 -0.124023
v 0.182617 -0.297852 -0.124023
v 0.182617 -0.288086 0.049805
v 0.182617 -0.297852 0.049805
v 0.182617 -0.297852 -0.124023
v 0.182617 -0.288086 -0.124023
v 0.170898 -0.288086 -0.124023
v 0.170898 -0.288086 0.049805
v 0.170898 -0.288086 0.049805
v 0.182617 -0.288086 0.049805
v 0.182617 -0.288086 -0.124023
v 0.170898 -0.288086 0.049805
v 0.170898 -0.288086 -0.124023
v 0.170898 -0.299805 -0.124023
v 0.170898 -0.299805 -0.124023
v 0.182617 -0.297852 0.049805
v 0.170898 -0.299805 0.049805
v 0.170898 -0.299805 -0.124023
v 0.170898 -0.299805 0.049805
v 0.170898 -0.288086 0.049805
v 0.208008 -0.249023 -0.243164
v 0.206055 -0.241211 -0.239258
v 0.206055 -0.241211 -0.223633
v 0.184570 -0.249023 -0.243164
v 0.206055 -0.241211 -0.239258
v 0.208008 -0.249023 -0.243164
v 0.206055 -0.241211 -0.223633
v 0.208008 -0.249023 -0.219727
v 0.208008 -0.249023 -0.243164
v 0.206055 -0.241211 -0.239258
v 0.188477 -0.241211 -0.239258
v 0.198242 -0.239258 -0.231445
v 0.184570 -0.249023 -0.243164
v 0.188477 -0.241211 -0.239258
v 0.206055 -0.241211 -0.239258
v 0.198242 -0.239258 -0.231445
v 0.206055 -0.241211 -0.223633
v 0.206055 -0.241211 -0.239258
v 0.188477 -0.241211 -0.223633
v 0.198242 -0.239258 -0.231445
v 0.188477 -0.241211 -0.239258
v 0.184570 -0.249023 -0.243164
v 0.188477 -0.241211 -0.223633
v 0.188477 -0.241211 -0.239258
v 0.208008 -0.249023 -0.219727
v 0.206055 -0.241211 -0.223633
v 0.188477 -0.241211 -0.223633
v 0.208008 -0.249023 -0.219727
v 0.188477 -0.241211 -0.223633
v 0.186523 -0.249023 -0.219727
v 0.206055 -0.241211 -0.223633
v 0.198242 -0.239258 -0.231445
v 0.188477 -0.241211 -0.223633
v 0.192383 -0.231445 -0.227539
v 0.196289 -0.247070 -0.227539
v 0.198242 -0.245117 -0.231445
v 0.198242 -0.245117 -0.231445
v 0.194336 -0.247070 -0.233398
v 0.192383 -0.233398 -0.233398
v 0.192383 -0.233398 -0.233398
v 0.196289 -0.229492 -0.231445
v 0.198242 -0.245117 -0.231445
v 0.198242 -0.245117 -0.231445
v 0.196289 -0.229492 -0.231445
v 0.192383 -0.231445 -0.227539
v 0.192383 -0.231445 -0.227539
v 0.194336 -0.247070 -0.233398
v 0.196289 -0.247070 -0.227539
v 0.192383 -0.231445 -0.227539
v 0.192383 -0.233398 -0.233398
v 0.194336 -0.247070 -0.233398
v 0.188477 -0.241211 -0.223633
v 0.184570 -0.249023 -0.243164
v 0.186523 -0.249023 -0.219727
v 0.196289 -0.229492 -0.231445
v 0.192383 -0.233398 -0.233398
v 0.184570 -0.223633 -0.231445
v 0.184570 -0.227539 -0.227539
v 0.192383 -0.231445 -0.227539
v 0.196289 -0.229492 -0.231445
v 0.184570 -0.223633 -0.231445
v 0.184570 -0.227539 -0.227539
v 0.196289 -0.229492 -0.231445
v 0.192383 -0.233398 -0.233398
v 0.192383 -0.231445 -0.227539
v 0.184570 -0.227539 -0.233398
v 0.192383 -0.233398 -0.233398
v 0.184570 -0.227539 -0.233398
v 0.184570 -0.223633 -0.231445
v 0.184570 -0.227539 -0.227539
v 0.184570 -0.227539 -0.233398
v 0.192383 -0.231445 -0.227539
v 0.196289 -0.229492 -0.209961
v 0.190430 -0.229492 -0.209961
v 0.190430 -0.200195 -0.209961
v 0.190430 -0.229492 -0.166992
v 0.190430 -0.229492 -0.209961
v 0.196289 -0.229492 -0.209961
v 0.190430 -0.200195 -0.209961
v 0.196289 -0.200195 -0.209961
v 0.196289 -0.229492 -0.209961
v 0.196289 -0.229492 -0.209961
v 0.196289 -0.200195 -0.209961
v 0.196289 -0.229492 -0.166992
v 0.196289 -0.229492 -0.209961
v 0.196289 -0.229492 -0.166992
v 0.190430 -0.229492 -0.166992
v 0.196289 -0.200195 -0.209961
v 0.190430 -0.200195 -0.209961
v 0.196289 -0.200195 -0.166992
v 0.196289 -0.200195 -0.166992
v 0.196289 -0.229492 -0.166992
v 0.196289 -0.200195 -0.209961
v 0.190430 -0.200195 -0.166992
v 0.196289 -0.200195 -0.166992
v 0.190430 -0.200195 -0.209961
v 0.204102 -0.172852 -0.241211
v 0.190430 -0.172852 -0.229492
v 0.012695 -0.172852 -0.243164
v 0.190430 -0.172852 0.155273
v 0.190430 -0.172852 -0.229492
v 0.204102 -0.172852 -0.241211
v 0.020508 -0.155273 -0.213867
v 0.204102 -0.149414 -0.241211
v 0.204102 -0.172852 -0.241211
v 0.204102 -0.172852 -0.241211
v 0.204102 -0.149414 -0.241211
v 0.204102 -0.172852 0.166992
v 0.204102 -0.172852 -0.241211
v 0.012695 -0.172852 -0.243164
v 0.020508 -0.155273 -0.213867
v 0.204102 -0.172852 0.166992
v 0.190430 -0.172852 0.155273
v 0.204102 -0.172852 -0.241211
v 0.020508 -0.172852 -0.229492
v 0.012695 -0.172852 -0.243164
v 0.190430 -0.172852 -0.229492
v 0.020508 -0.155273 -0.213867
v 0.172852 -0.149414 -0.219727
v 0.204102 -0.149414 -0.241211
v 0.204102 -0.149414 -0.241211
v 0.172852 -0.149414 -0.219727
v 0.172852 -0.149414 0.143555
v 0.204102 -0.149414 0.166992
v 0.204102 -0.172852 0.166992
v 0.204102 -0.149414 -0.241211
v 0.172852 -0.149414 0.143555
v 0.204102 -0.149414 0.166992
v 0.204102 -0.149414 -0.241211
v 0.166992 -0.219727 -0.239258
v 0.166992 -0.233398 -0.239258
v 0.159180 -0.237305 -0.239258
v 0.159180 -0.237305 -0.239258
v 0.166992 -0.233398 -0.239258
v 0.170898 -0.235352 -0.233398
v 0.159180 -0.215820 -0.239258
v 0.166992 -0.219727 -0.239258
v 0.159180 -0.237305 -0.239258
v 0.159180 -0.237305 -0.239258
v 0.170898 -0.235352 -0.233398
v 0.159180 -0.241211 -0.233398
v 0.159180 -0.237305 -0.239258
v 0.159180 -0.241211 -0.233398
v 0.149414 -0.233398 -0.239258
v 0.149414 -0.219727 -0.239258
v 0.159180 -0.215820 -0.239258
v 0.159180 -0.237305 -0.239258
v 0.159180 -0.237305 -0.239258
v 0.149414 -0.233398 -0.239258
v 0.149414 -0.219727 -0.239258
v 0.166992 -0.233398 -0.239258
v 0.166992 -0.219727 -0.239258
v 0.170898 -0.217773 -0.233398
v 0.170898 -0.217773 -0.233398
v 0.170898 -0.235352 -0.233398
v 0.166992 -0.233398 -0.239258
v 0.166992 -0.219727 -0.239258
v 0.159180 -0.215820 -0.239258
v 0.159180 -0.211914 -0.233398
v 0.159180 -0.211914 -0.233398
v 0.170898 -0.217773 -0.233398
v 0.166992 -0.219727 -0.239258
v 0.184570 -0.227539 -0.233398
v 0.184570 -0.227539 -0.227539
v 0.163086 -0.227539 -0.233398
v 0.163086 -0.227539 -0.233398
v 0.184570 -0.223633 -0.231445
v 0.184570 -0.227539 -0.233398
v 0.184570 -0.227539 -0.227539
v 0.184570 -0.223633 -0.231445
v 0.163086 -0.227539 -0.227539
v 0.163086 -0.227539 -0.227539
v 0.163086 -0.227539 -0.233398
v 0.184570 -0.227539 -0.227539
v 0.184570 -0.223633 -0.231445
v 0.163086 -0.227539 -0.233398
v 0.163086 -0.223633 -0.231445
v 0.163086 -0.223633 -0.231445
v 0.163086 -0.227539 -0.227539
v 0.184570 -0.223633 -0.231445
v 0.159180 -0.241211 -0.219727
v 0.159180 -0.241211 -0.233398
v 0.170898 -0.235352 -0.233398
v 0.170898 -0.235352 -0.233398
v 0.170898 -0.235352 -0.219727
v 0.159180 -0.241211 -0.219727
v 0.170898 -0.217773 -0.233398
v 0.170898 -0.235352 -0.219727
v 0.170898 -0.235352 -0.233398
v 0.159180 -0.241211 -0.233398
v 0.159180 -0.241211 -0.219727
v 0.145508 -0.235352 -0.219727
v 0.145508 -0.235352 -0.233398
v 0.149414 -0.233398 -0.239258
v 0.159180 -0.241211 -0.233398
v 0.145508 -0.235352 -0.219727
v 0.145508 -0.235352 -0.233398
v 0.159180 -0.241211 -0.233398
v 0.170898 -0.235352 -0.219727
v 0.170898 -0.217773 -0.233398
v 0.170898 -0.217773 -0.219727
v 0.145508 -0.217773 -0.233398
v 0.159180 -0.211914 -0.233398
v 0.159180 -0.215820 -0.239258
v 0.159180 -0.215820 -0.239258
v 0.149414 -0.219727 -0.239258
v 0.145508 -0.217773 -0.233398
v 0.170898 -0.217773 -0.233398
v 0.159180 -0.211914 -0.233398
v 0.170898 -0.217773 -0.219727
v 0.159180 -0.211914 -0.219727
v 0.170898 -0.217773 -0.219727
v 0.159180 -0.211914 -0.233398
v 0.145508 -0.217773 -0.233398
v 0.159180 -0.211914 -0.219727
v 0.159180 -0.211914 -0.233398
v 0.159180 -0.211914 -0.219727
v 0.145508 -0.217773 -0.233398
v 0.145508 -0.217773 -0.219727
v 0.145508 -0.235352 -0.233398
v 0.149414 -0.219727 -0.239258
v 0.149414 -0.233398 -0.239258
v 0.149414 -0.219727 -0.239258
v 0.145508 -0.235352 -0.233398
v 0.145508 -0.217773 -0.233398
v 0.145508 -0.235352 -0.233398
v 0.145508 -0.235352 -0.219727
v 0.145508 -0.217773 -0.219727
v 0.145508 -0.217773 -0.219727
v 0.145508 -0.217773 -0.233398
v 0.145508 -0.235352 -0.233398
v 0.170898 -0.157227 -0.219727
v 0.172852 -0.149414 -0.219727
v 0.038086 -0.157227 -0.219727
v 0.172852 -0.149414 0.143555
v 0.172852 -0.149414 -0.219727
v 0.170898 -0.157227 -0.219727
v 0.170898 -0.157227 -0.219727
v 0.038086 -0.157227 -0.219727
v 0.038086 -0.157227 -0.038086
v 0.170898 -0.157227 -0.219727
v 0.038086 -0.157227 -0.038086
v 0.038086 -0.157227 0.143555
v 0.170898 -0.157227 -0.219727
v 0.170898 -0.157227 0.143555
v 0.172852 -0.149414 0.143555
v 0.038086 -0.157227 0.143555
v 0.170898 -0.157227 0.143555
v 0.170898 -0.157227 -0.219727
v 0.176758 -0.116211 -0.225586
v 0.182617 -0.151367 -0.217773
v 0.176758 -0.151367 -0.225586
v 0.176758 -0.151367 -0.225586
v 0.170898 -0.151367 -0.217773
v 0.170898 -0.116211 -0.217773
v 0.170898 -0.116211 -0.217773
v 0.176758 -0.116211 -0.225586
v 0.176758 -0.151367 -0.225586
v 0.020508 -0.155273 -0.213867
v 0.038086 -0.157227 -0.219727
v 0.172852 -0.149414 -0.219727
v 0.149414 -0.151367 -0.227539
v 0.141602 -0.151367 -0.221680
v 0.141602 -0.116211 -0.221680
v 0.147461 -0.116211 -0.225586
v 0.153320 -0.151367 -0.217773
v 0.149414 -0.151367 -0.227539
v 0.141602 -0.116211 -0.221680
v 0.147461 -0.116211 -0.225586
v 0.149414 -0.151367 -0.227539
v 0.141602 -0.151367 -0.221680
v 0.145508 -0.151367 -0.213867
v 0.141602 -0.116211 -0.221680
v 0.182617 -0.116211 -0.217773
v 0.176758 -0.151367 -0.211914
v 0.182617 -0.151367 -0.217773
v 0.182617 -0.151367 -0.217773
v 0.176758 -0.116211 -0.225586
v 0.182617 -0.116211 -0.217773
v 0.170898 -0.116211 -0.217773
v 0.170898 -0.151367 -0.217773
v 0.176758 -0.151367 -0.211914
v 0.176758 -0.151367 -0.211914
v 0.182617 -0.116211 -0.217773
v 0.176758 -0.116211 -0.211914
v 0.176758 -0.151367 -0.211914
v 0.176758 -0.116211 -0.211914
v 0.170898 -0.116211 -0.217773
v 0.176758 -0.116211 -0.190430
v 0.182617 -0.151367 -0.184570
v 0.176758 -0.151367 -0.190430
v 0.176758 -0.151367 -0.190430
v 0.170898 -0.151367 -0.184570
v 0.170898 -0.116211 -0.184570
v 0.170898 -0.116211 -0.184570
v 0.176758 -0.116211 -0.190430
v 0.176758 -0.151367 -0.190430
v 0.153320 -0.116211 -0.217773
v 0.145508 -0.151367 -0.213867
v 0.153320 -0.151367 -0.217773
v 0.153320 -0.151367 -0.217773
v 0.147461 -0.116211 -0.225586
v 0.153320 -0.116211 -0.217773
v 0.145508 -0.116211 -0.213867
v 0.141602 -0.116211 -0.221680
v 0.145508 -0.151367 -0.213867
v 0.145508 -0.151367 -0.213867
v 0.153320 -0.116211 -0.217773
v 0.145508 -0.116211 -0.213867
v 0.190430 -0.200195 -0.166992
v 0.190430 -0.229492 -0.166992
v 0.196289 -0.229492 -0.166992
v 0.196289 -0.229492 -0.166992
v 0.196289 -0.200195 -0.166992
v 0.190430 -0.200195 -0.166992
v 0.182617 -0.116211 -0.184570
v 0.176758 -0.151367 -0.178711
v 0.182617 -0.151367 -0.184570
v 0.182617 -0.151367 -0.184570
v 0.176758 -0.116211 -0.190430
v 0.182617 -0.116211 -0.184570
v 0.170898 -0.116211 -0.184570
v 0.170898 -0.151367 -0.184570
v 0.176758 -0.151367 -0.178711
v 0.176758 -0.151367 -0.178711
v 0.182617 -0.116211 -0.184570
v 0.176758 -0.116211 -0.178711
v 0.176758 -0.151367 -0.178711
v 0.176758 -0.116211 -0.178711
v 0.170898 -0.116211 -0.184570
v 0.176758 -0.116211 -0.157227
v 0.182617 -0.151367 -0.151367
v 0.176758 -0.151367 -0.157227
v 0.176758 -0.151367 -0.157227
v 0.170898 -0.151367 -0.151367
v 0.170898 -0.116211 -0.151367
v 0.170898 -0.116211 -0.151367
v 0.176758 -0.116211 -0.157227
v 0.176758 -0.151367 -0.157227
v 0.182617 -0.116211 -0.151367
v 0.176758 -0.151367 -0.145508
v 0.182617 -0.151367 -0.151367
v 0.182617 -0.151367 -0.151367
v 0.176758 -0.116211 -0.157227
v 0.182617 -0.116211 -0.151367
v 0.170898 -0.116211 -0.151367
v 0.170898 -0.151367 -0.151367
v 0.176758 -0.151367 -0.145508
v 0.176758 -0.151367 -0.145508
v 0.182617 -0.116211 -0.151367
v 0.176758 -0.116211 -0.145508
v 0.176758 -0.151367 -0.145508
v 0.176758 -0.116211 -0.145508
v 0.170898 -0.116211 -0.151367
v 0.038086 -0.116211 -0.231445
v 0.186523 -0.104492 -0.231445
v 0.186523 -0.116211 -0.231445
v 0.186523 -0.116211 -0.231445
v 0.186523 -0.104492 -0.231445
v 0.186523 -0.104492 0.155273
v 0.186523 -0.104492 0.155273
v 0.186523 -0.116211 0.155273
v 0.186523 -0.116211 -0.231445
v 0.038086 -0.104492 -0.231445
v 0.166992 -0.104492 -0.213867
v 0.186523 -0.104492 -0.231445
v 0.186523 -0.104492 -0.231445
v 0.166992 -0.104492 -0.213867
v 0.166992 -0.104492 0.137695
v 0.186523 -0.104492 -0.231445
v 0.038086 -0.116211 -0.231445
v 0.038086 -0.104492 -0.231445
v 0.186523 -0.104492 -0.231445
v 0.166992 -0.104492 0.137695
v 0.186523 -0.104492 0.155273
v 0.166992 -0.116211 -0.213867
v 0.166992 -0.104492 -0.213867
v 0.038086 -0.116211 -0.213867
v 0.166992 -0.104492 0.137695
v 0.166992 -0.104492 -0.213867
v 0.166992 -0.116211 -0.213867
v 0.166992 -0.116211 -0.213867
v 0.166992 -0.116211 0.137695
v 0.166992 -0.104492 0.137695
v 0.166992 -0.104492 -0.213867
v 0.038086 -0.104492 -0.231445
v 0.038086 -0.104492 -0.213867
v 0.038086 -0.104492 -0.213867
v 0.038086 -0.116211 -0.213867
v 0.166992 -0.104492 -0.213867
v 0.112305 -0.151367 -0.227539
v 0.104492 -0.151367 -0.221680
v 0.104492 -0.116211 -0.221680
v 0.112305 -0.116211 -0.225586
v 0.118164 -0.151367 -0.217773
v 0.112305 -0.151367 -0.227539
v 0.104492 -0.116211 -0.221680
v 0.112305 -0.116211 -0.225586
v 0.112305 -0.151367 -0.227539
v 0.104492 -0.151367 -0.221680
v 0.110352 -0.151367 -0.213867
v 0.104492 -0.116211 -0.221680
v 0.081055 -0.151367 -0.227539
v 0.073242 -0.151367 -0.221680
v 0.071289 -0.116211 -0.221680
v 0.079102 -0.116211 -0.225586
v 0.084961 -0.151367 -0.217773
v 0.081055 -0.151367 -0.227539
v 0.071289 -0.116211 -0.221680
v 0.079102 -0.116211 -0.225586
v 0.081055 -0.151367 -0.227539
v 0.073242 -0.151367 -0.221680
v 0.077148 -0.151367 -0.213867
v 0.071289 -0.116211 -0.221680
v 0.116211 -0.116211 -0.217773
v 0.110352 -0.151367 -0.213867
v 0.118164 -0.151367 -0.217773
v 0.118164 -0.151367 -0.217773
v 0.112305 -0.116211 -0.225586
v 0.116211 -0.116211 -0.217773
v 0.108398 -0.116211 -0.213867
v 0.104492 -0.116211 -0.221680
v 0.110352 -0.151367 -0.213867
v 0.110352 -0.151367 -0.213867
v 0.116211 -0.116211 -0.217773
v 0.108398 -0.116211 -0.213867
v 0.084961 -0.116211 -0.217773
v 0.077148 -0.151367 -0.213867
v 0.084961 -0.151367 -0.217773
v 0.084961 -0.151367 -0.217773
v 0.079102 -0.116211 -0.225586
v 0.084961 -0.116211 -0.217773
v 0.077148 -0.116211 -0.213867
v 0.071289 -0.116211 -0.221680
v 0.077148 -0.151367 -0.213867
v 0.077148 -0.151367 -0.213867
v 0.084961 -0.116211 -0.217773
v 0.077148 -0.116211 -0.213867
v 0.063477 -0.145508 -0.198242
v 0.063477 -0.147461 -0.194336
v 0.073242 -0.124023 -0.204102
v 0.073242 -0.145508 -0.192383
v 0.073242 -0.145508 -0.188477
v 0.079102 -0.118164 -0.186523
v 0.079102 -0.118164 -0.186523
v 0.083008 -0.116211 -0.190430
v 0.073242 -0.145508 -0.192383
v 0.073242 -0.145508 -0.188477
v 0.069336 -0.143555 -0.186523
v 0.077148 -0.116211 -0.182617
v 0.077148 -0.116211 -0.182617
v 0.079102 -0.118164 -0.186523
v 0.073242 -0.145508 -0.188477
v 0.063477 -0.147461 -0.194336
v 0.063477 -0.145508 -0.190430
v 0.075195 -0.124023 -0.200195
v 0.075195 -0.124023 -0.200195
v 0.073242 -0.124023 -0.204102
v 0.063477 -0.147461 -0.194336
v 0.075195 -0.122070 -0.194336
v 0.075195 -0.124023 -0.200195
v 0.063477 -0.145508 -0.190430
v 0.071289 -0.118164 -0.211914
v 0.071289 -0.129883 -0.198242
v 0.071289 -0.129883 -0.200195
v 0.071289 -0.129883 -0.200195
v 0.073242 -0.118164 -0.211914
v 0.071289 -0.118164 -0.211914
v 0.071289 -0.129883 -0.198242
v 0.071289 -0.118164 -0.211914
v 0.067383 -0.116211 -0.209961
v 0.071289 -0.127930 -0.192383
v 0.075195 -0.129883 -0.190430
v 0.081055 -0.100586 -0.192383
v 0.077148 -0.100586 -0.194336
v 0.069336 -0.127930 -0.194336
v 0.071289 -0.127930 -0.192383
v 0.071289 -0.127930 -0.192383
v 0.081055 -0.100586 -0.192383
v 0.077148 -0.100586 -0.194336
v 0.077148 -0.100586 -0.194336
v 0.073242 -0.098633 -0.196289
v 0.069336 -0.127930 -0.194336
v 0.069336 -0.127930 -0.190430
v 0.067383 -0.127930 -0.188477
v 0.069336 -0.098633 -0.194336
v 0.073242 -0.100586 -0.190430
v 0.071289 -0.125977 -0.186523
v 0.069336 -0.127930 -0.190430
v 0.069336 -0.098633 -0.194336
v 0.073242 -0.100586 -0.190430
v 0.069336 -0.127930 -0.190430
v 0.047852 0.047852 -0.225586
v 0.043945 -0.157227 -0.223633
v 0.040039 -0.157227 -0.235352
v 0.040039 -0.157227 -0.235352
v 0.014648 -0.155273 -0.237305
v 0.012695 0.053711 -0.241211
v 0.040039 -0.157227 -0.235352
v 0.043945 0.051758 -0.239258
v 0.047852 0.047852 -0.225586
v 0.012695 0.053711 -0.241211
v 0.043945 0.051758 -0.239258
v 0.040039 -0.157227 -0.235352
v 0.047852 0.047852 -0.225586
v 0.038086 -0.157227 -0.219727
v 0.043945 -0.157227 -0.223633
v 0.038086 0.170898 -0.038086
v 0.038086 -0.157227 -0.038086
v 0.038086 -0.157227 -0.219727
v 0.038086 -0.157227 -0.219727
v 0.047852 0.047852 -0.225586
v 0.036133 0.045898 -0.221680
v 0.038086 -0.157227 -0.219727
v 0.036133 0.045898 -0.221680
v 0.038086 0.170898 -0.038086
v 0.061523 -0.112305 -0.204102
v 0.057617 -0.143555 -0.198242
v 0.059570 -0.145508 -0.202148
v 0.059570 -0.145508 -0.202148
v 0.063477 -0.112305 -0.208008
v 0.061523 -0.112305 -0.204102
v 0.061523 -0.112305 -0.204102
v 0.055664 -0.143555 -0.196289
v 0.057617 -0.143555 -0.198242
v 0.055664 -0.143555 -0.196289
v 0.061523 -0.112305 -0.204102
v 0.059570 -0.112305 -0.200195
v 0.061523 -0.110352 -0.184570
v 0.057617 -0.141602 -0.186523
v 0.055664 -0.141602 -0.188477
v 0.071289 -0.125977 -0.186523
v 0.073242 -0.100586 -0.190430
v 0.075195 -0.098633 -0.184570
v 0.065430 -0.116211 -0.174805
v 0.059570 -0.145508 -0.184570
v 0.059570 -0.145508 -0.186523
v 0.069336 -0.118164 -0.174805
v 0.071289 -0.120117 -0.172852
v 0.059570 -0.145508 -0.184570
v 0.065430 -0.116211 -0.174805
v 0.069336 -0.118164 -0.174805
v 0.059570 -0.145508 -0.184570
v 0.065430 -0.112305 -0.178711
v 0.057617 -0.143555 -0.184570
v 0.057617 -0.141602 -0.186523
v 0.057617 -0.141602 -0.186523
v 0.065430 -0.112305 -0.182617
v 0.065430 -0.112305 -0.178711
v 0.061523 -0.110352 -0.184570
v 0.065430 -0.112305 -0.182617
v 0.057617 -0.141602 -0.186523
v 0.069336 -0.088867 -0.241211
v 0.069336 -0.094727 -0.227539
v 0.073242 -0.096680 -0.229492
v 0.073242 -0.096680 -0.229492
v 0.069336 -0.094727 -0.227539
v 0.071289 -0.106445 -0.217773
v 0.071289 -0.106445 -0.217773
v 0.075195 -0.108398 -0.217773
v 0.073242 -0.096680 -0.229492
v 0.069336 -0.094727 -0.227539
v 0.063477 -0.092773 -0.225586
v 0.071289 -0.106445 -0.217773
v 0.061523 -0.086914 -0.239258
v 0.063477 -0.092773 -0.225586
v 0.069336 -0.094727 -0.227539
v 0.065430 -0.104492 -0.213867
v 0.071289 -0.106445 -0.217773
v 0.063477 -0.092773 -0.225586
v 0.102539 -0.096680 -0.215820
v 0.090820 -0.102539 -0.211914
v 0.090820 -0.102539 -0.206055
v 0.104492 -0.094727 -0.204102
v 0.090820 -0.102539 -0.206055
v 0.092773 -0.102539 -0.198242
v 0.083008 -0.110352 -0.202148
v 0.090820 -0.102539 -0.211914
v 0.081055 -0.110352 -0.208008
v 0.081055 -0.110352 -0.208008
v 0.073242 -0.124023 -0.204102
v 0.075195 -0.124023 -0.200195
v 0.075195 -0.124023 -0.200195
v 0.083008 -0.110352 -0.202148
v 0.081055 -0.110352 -0.208008
v 0.083008 -0.110352 -0.202148
v 0.090820 -0.102539 -0.206055
v 0.090820 -0.102539 -0.211914
v 0.090820 -0.102539 -0.206055
v 0.083008 -0.110352 -0.202148
v 0.092773 -0.102539 -0.198242
v 0.075195 -0.108398 -0.217773
v 0.071289 -0.118164 -0.211914
v 0.073242 -0.118164 -0.211914
v 0.071289 -0.106445 -0.217773
v 0.067383 -0.116211 -0.209961
v 0.071289 -0.118164 -0.211914
v 0.071289 -0.118164 -0.211914
v 0.075195 -0.108398 -0.217773
v 0.071289 -0.106445 -0.217773
v 0.067383 -0.116211 -0.209961
v 0.071289 -0.106445 -0.217773
v 0.065430 -0.104492 -0.213867
v 0.057617 -0.094727 -0.211914
v 0.061523 -0.112305 -0.204102
v 0.063477 -0.112305 -0.208008
v 0.063477 -0.112305 -0.208008
v 0.059570 -0.096680 -0.217773
v 0.057617 -0.094727 -0.211914
v 0.083008 -0.110352 -0.202148
v 0.083008 -0.110352 -0.196289
v 0.092773 -0.102539 -0.198242
v 0.075195 -0.122070 -0.194336
v 0.083008 -0.110352 -0.196289
v 0.083008 -0.110352 -0.202148
v 0.083008 -0.110352 -0.202148
v 0.075195 -0.124023 -0.200195
v 0.075195 -0.122070 -0.194336
v 0.084961 -0.100586 -0.182617
v 0.088867 -0.102539 -0.188477
v 0.083008 -0.116211 -0.190430
v 0.083008 -0.116211 -0.190430
v 0.079102 -0.118164 -0.186523
v 0.084961 -0.100586 -0.182617
v 0.084961 -0.100586 -0.182617
v 0.094727 -0.090820 -0.182617
v 0.088867 -0.102539 -0.188477
v 0.083008 -0.077148 -0.196289
v 0.077148 -0.100586 -0.194336
v 0.081055 -0.100586 -0.192383
v 0.073242 -0.098633 -0.196289
v 0.077148 -0.100586 -0.194336
v 0.079102 -0.077148 -0.198242
v 0.073242 -0.098633 -0.196289
v 0.079102 -0.077148 -0.198242
v 0.073242 -0.077148 -0.200195
v 0.077148 -0.100586 -0.194336
v 0.083008 -0.077148 -0.196289
v 0.079102 -0.077148 -0.198242
v 0.073242 -0.100586 -0.190430
v 0.069336 -0.098633 -0.194336
v 0.067383 -0.075195 -0.194336
v 0.067383 -0.075195 -0.194336
v 0.073242 -0.073242 -0.188477
v 0.073242 -0.100586 -0.190430
v 0.073242 -0.100586 -0.190430
v 0.073242 -0.073242 -0.188477
v 0.075195 -0.098633 -0.184570
v 0.084961 -0.059570 -0.204102
v 0.079102 -0.077148 -0.198242
v 0.083008 -0.077148 -0.196289
v 0.075195 -0.061523 -0.208008
v 0.073242 -0.077148 -0.200195
v 0.079102 -0.077148 -0.198242
v 0.079102 -0.077148 -0.198242
v 0.084961 -0.059570 -0.204102
v 0.079102 -0.059570 -0.204102
v 0.079102 -0.077148 -0.198242
v 0.079102 -0.059570 -0.204102
v 0.075195 -0.061523 -0.208008
v 0.073242 -0.073242 -0.188477
v 0.067383 -0.075195 -0.194336
v 0.061523 -0.059570 -0.188477
v 0.073242 -0.073242 -0.188477
v 0.061523 -0.059570 -0.188477
v 0.065430 -0.059570 -0.180664
v 0.073242 -0.075195 -0.178711
v 0.075195 -0.098633 -0.184570
v 0.073242 -0.073242 -0.188477
v 0.065430 -0.059570 -0.180664
v 0.073242 -0.075195 -0.178711
v 0.073242 -0.073242 -0.188477
v 0.079102 -0.059570 -0.204102
v 0.084961 -0.059570 -0.204102
v 0.084961 -0.049805 -0.213867
v 0.079102 -0.059570 -0.204102
v 0.075195 -0.051758 -0.215820
v 0.075195 -0.061523 -0.208008
v 0.051758 -0.081055 -0.219727
v 0.055664 -0.083008 -0.225586
v 0.045898 -0.071289 -0.235352
v 0.055664 -0.083008 -0.225586
v 0.051758 -0.081055 -0.219727
v 0.057617 -0.094727 -0.211914
v 0.057617 -0.094727 -0.211914
v 0.059570 -0.096680 -0.217773
v 0.055664 -0.083008 -0.225586
v 0.051758 -0.081055 -0.219727
v 0.040039 -0.069336 -0.223633
v 0.047852 -0.081055 -0.213867
v 0.053711 -0.094727 -0.206055
v 0.057617 -0.094727 -0.211914
v 0.051758 -0.081055 -0.219727
v 0.047852 -0.081055 -0.213867
v 0.053711 -0.094727 -0.206055
v 0.051758 -0.081055 -0.219727
v 0.061523 -0.112305 -0.204102
v 0.057617 -0.094727 -0.211914
v 0.059570 -0.112305 -0.200195
v 0.057617 -0.094727 -0.211914
v 0.053711 -0.094727 -0.206055
v 0.059570 -0.112305 -0.200195
v 0.053711 -0.041992 -0.176758
v 0.065430 -0.059570 -0.180664
v 0.061523 -0.059570 -0.188477
v 0.092773 -0.090820 -0.176758
v 0.104492 -0.079102 -0.174805
v 0.094727 -0.090820 -0.182617
v 0.094727 -0.090820 -0.182617
v 0.084961 -0.100586 -0.182617
v 0.092773 -0.090820 -0.176758
v 0.098633 -0.079102 -0.165039
v 0.092773 -0.090820 -0.176758
v 0.088867 -0.088867 -0.172852
v 0.081055 -0.100586 -0.176758
v 0.084961 -0.100586 -0.182617
v 0.079102 -0.118164 -0.186523
v 0.077148 -0.116211 -0.182617
v 0.081055 -0.100586 -0.176758
v 0.079102 -0.118164 -0.186523
v 0.084961 -0.100586 -0.182617
v 0.081055 -0.100586 -0.176758
v 0.088867 -0.088867 -0.172852
v 0.088867 -0.088867 -0.172852
v 0.092773 -0.090820 -0.176758
v 0.084961 -0.100586 -0.182617
v 0.069336 -0.094727 -0.170898
v 0.065430 -0.112305 -0.178711
v 0.065430 -0.112305 -0.182617
v 0.067383 -0.092773 -0.176758
v 0.069336 -0.094727 -0.170898
v 0.065430 -0.112305 -0.182617
v 0.065430 -0.112305 -0.182617
v 0.063477 -0.092773 -0.180664
v 0.067383 -0.092773 -0.176758
v 0.061523 -0.110352 -0.184570
v 0.063477 -0.092773 -0.180664
v 0.065430 -0.112305 -0.182617
v 0.071289 -0.120117 -0.172852
v 0.069336 -0.118164 -0.174805
v 0.077148 -0.106445 -0.166992
v 0.069336 -0.118164 -0.174805
v 0.065430 -0.116211 -0.174805
v 0.073242 -0.102539 -0.168945
v 0.069336 -0.118164 -0.174805
v 0.073242 -0.102539 -0.168945
v 0.077148 -0.106445 -0.166992
v 0.067383 -0.102539 -0.168945
v 0.073242 -0.102539 -0.168945
v 0.065430 -0.116211 -0.174805
v 0.065430 -0.122070 -0.159180
v 0.065430 -0.096680 -0.159180
v 0.083008 -0.122070 -0.151367
v 0.047852 -0.096680 -0.153320
v 0.065430 -0.096680 -0.159180
v 0.065430 -0.122070 -0.159180
v 0.065430 -0.122070 -0.159180
v 0.047852 -0.122070 -0.153320
v 0.047852 -0.096680 -0.153320
v 0.077148 -0.100586 -0.163086
v 0.077148 -0.106445 -0.166992
v 0.073242 -0.102539 -0.168945
v 0.073242 -0.102539 -0.168945
v 0.067383 -0.102539 -0.168945
v 0.073242 -0.098633 -0.163086
v 0.073242 -0.098633 -0.163086
v 0.077148 -0.100586 -0.163086
v 0.073242 -0.102539 -0.168945
v 0.067383 -0.096680 -0.163086
v 0.073242 -0.098633 -0.163086
v 0.067383 -0.102539 -0.168945
v 0.069336 -0.094727 -0.170898
v 0.067383 -0.092773 -0.176758
v 0.069336 -0.084961 -0.165039
v 0.077148 -0.100586 -0.163086
v 0.073242 -0.098633 -0.163086
v 0.079102 -0.092773 -0.153320
v 0.073242 -0.098633 -0.163086
v 0.067383 -0.096680 -0.163086
v 0.069336 -0.088867 -0.153320
v 0.083008 -0.096680 -0.151367
v 0.083008 -0.122070 -0.151367
v 0.065430 -0.096680 -0.159180
v 0.088867 -0.096680 -0.133789
v 0.083008 -0.096680 -0.151367
v 0.065430 -0.096680 -0.159180
v 0.063477 -0.096680 -0.110352
v 0.088867 -0.096680 -0.133789
v 0.065430 -0.096680 -0.159180
v 0.065430 -0.096680 -0.159180
v 0.047852 -0.096680 -0.153320
v 0.040039 -0.096680 -0.135742
v 0.065430 -0.096680 -0.159180
v 0.040039 -0.096680 -0.135742
v 0.063477 -0.096680 -0.110352
v 0.059570 -0.083008 -0.170898
v 0.067383 -0.092773 -0.176758
v 0.063477 -0.092773 -0.180664
v 0.063477 -0.083008 -0.166992
v 0.069336 -0.084961 -0.165039
v 0.067383 -0.092773 -0.176758
v 0.059570 -0.083008 -0.170898
v 0.063477 -0.083008 -0.166992
v 0.067383 -0.092773 -0.176758
v 0.073242 -0.075195 -0.178711
v 0.065430 -0.059570 -0.180664
v 0.069336 -0.059570 -0.174805
v 0.069336 -0.084961 -0.165039
v 0.063477 -0.083008 -0.166992
v 0.065430 -0.073242 -0.155273
v 0.063477 -0.083008 -0.166992
v 0.059570 -0.083008 -0.170898
v 0.057617 -0.071289 -0.161133
v 0.083008 -0.122070 -0.151367
v 0.083008 -0.096680 -0.151367
v 0.088867 -0.122070 -0.133789
v 0.088867 -0.096680 -0.133789
v 0.088867 -0.122070 -0.133789
v 0.083008 -0.096680 -0.151367
v 0.088867 -0.122070 -0.133789
v 0.088867 -0.096680 -0.133789
v 0.081055 -0.122070 -0.116211
v 0.081055 -0.096680 -0.116211
v 0.081055 -0.122070 -0.116211
v 0.088867 -0.096680 -0.133789
v 0.063477 -0.096680 -0.110352
v 0.081055 -0.096680 -0.116211
v 0.088867 -0.096680 -0.133789
v 0.059570 -0.041992 -0.165039
v 0.069336 -0.059570 -0.174805
v 0.065430 -0.059570 -0.180664
v 0.040039 -0.096680 -0.135742
v 0.047852 -0.096680 -0.153320
v 0.047852 -0.122070 -0.153320
v 0.047852 -0.122070 -0.153320
v 0.040039 -0.122070 -0.135742
v 0.040039 -0.096680 -0.135742
v 0.045898 -0.096680 -0.118164
v 0.040039 -0.096680 -0.135742
v 0.040039 -0.122070 -0.135742
v 0.040039 -0.122070 -0.135742
v 0.045898 -0.122070 -0.118164
v 0.045898 -0.096680 -0.118164
v 0.045898 -0.096680 -0.118164
v 0.063477 -0.096680 -0.110352
v 0.040039 -0.096680 -0.135742
v 0.204102 -0.237305 -0.098633
v 0.202148 -0.211914 -0.124023
v 0.202148 -0.186523 -0.084961
v 0.202148 -0.186523 -0.084961
v 0.204102 -0.219727 -0.071289
v 0.204102 -0.237305 -0.098633
v 0.204102 -0.237305 -0.098633
v 0.204102 -0.219727 -0.071289
v 0.170898 -0.239258 -0.098633
v 0.186523 -0.188477 -0.084961
v 0.202148 -0.186523 -0.084961
v 0.202148 -0.211914 -0.124023
v 0.202148 -0.211914 -0.124023
v 0.186523 -0.211914 -0.124023
v 0.186523 -0.188477 -0.084961
v 0.204102 -0.219727 -0.071289
v 0.202148 -0.186523 -0.084961
v 0.204102 -0.213867 -0.036133
v 0.170898 -0.221680 -0.071289
v 0.170898 -0.239258 -0.098633
v 0.204102 -0.219727 -0.071289
v 0.204102 -0.213867 -0.036133
v 0.170898 -0.221680 -0.071289
v 0.204102 -0.219727 -0.071289
v 0.202148 -0.186523 -0.084961
v 0.186523 -0.188477 -0.084961
v 0.186523 -0.178711 -0.036133
v 0.202148 -0.178711 -0.036133
v 0.204102 -0.213867 -0.036133
v 0.202148 -0.186523 -0.084961
v 0.186523 -0.178711 -0.036133
v 0.202148 -0.178711 -0.036133
v 0.202148 -0.186523 -0.084961
v 0.170898 -0.221680 -0.071289
v 0.204102 -0.213867 -0.036133
v 0.170898 -0.215820 -0.036133
v 0.182617 -0.151367 -0.118164
v 0.176758 -0.151367 -0.124023
v 0.176758 -0.116211 -0.124023
v 0.182617 -0.116211 -0.118164
v 0.176758 -0.151367 -0.112305
v 0.182617 -0.151367 -0.118164
v 0.176758 -0.116211 -0.124023
v 0.182617 -0.116211 -0.118164
v 0.182617 -0.151367 -0.118164
v 0.176758 -0.151367 -0.124023
v 0.170898 -0.151367 -0.118164
v 0.170898 -0.116211 -0.118164
v 0.170898 -0.116211 -0.118164
v 0.176758 -0.116211 -0.124023
v 0.176758 -0.151367 -0.124023
v 0.170898 -0.116211 -0.118164
v 0.170898 -0.151367 -0.118164
v 0.176758 -0.151367 -0.112305
v 0.176758 -0.151367 -0.112305
v 0.182617 -0.116211 -0.118164
v 0.176758 -0.116211 -0.112305
v 0.176758 -0.151367 -0.112305
v 0.176758 -0.116211 -0.112305
v 0.170898 -0.116211 -0.118164
v 0.176758 -0.116211 -0.090820
v 0.182617 -0.151367 -0.084961
v 0.176758 -0.151367 -0.090820
v 0.176758 -0.151367 -0.090820
v 0.170898 -0.151367 -0.084961
v 0.170898 -0.116211 -0.084961
v 0.170898 -0.116211 -0.084961
v 0.176758 -0.116211 -0.090820
v 0.176758 -0.151367 -0.090820
v 0.182617 -0.116211 -0.084961
v 0.176758 -0.151367 -0.079102
v 0.182617 -0.151367 -0.084961
v 0.182617 -0.151367 -0.084961
v 0.176758 -0.116211 -0.090820
v 0.182617 -0.116211 -0.084961
v 0.170898 -0.116211 -0.084961
v 0.170898 -0.151367 -0.084961
v 0.176758 -0.151367 -0.079102
v 0.176758 -0.151367 -0.079102
v 0.182617 -0.116211 -0.084961
v 0.176758 -0.116211 -0.079102
v 0.176758 -0.151367 -0.079102
v 0.176758 -0.116211 -0.079102
v 0.170898 -0.116211 -0.084961
v 0.202148 -0.178711 -0.036133
v 0.204102 -0.219727 -0.002930
v 0.204102 -0.213867 -0.036133
v 0.204102 -0.213867 -0.036133
v 0.204102 -0.219727 -0.002930
v 0.170898 -0.221680 -0.002930
v 0.170898 -0.221680 -0.002930
v 0.170898 -0.215820 -0.036133
v 0.204102 -0.213867 -0.036133
v 0.204102 -0.219727 -0.002930
v 0.202148 -0.178711 -0.036133
v 0.202148 -0.186523 0.010742
v 0.170898 -0.239258 0.024414
v 0.170898 -0.221680 -0.002930
v 0.204102 -0.219727 -0.002930
v 0.202148 -0.186523 0.010742
v 0.204102 -0.237305 0.024414
v 0.204102 -0.219727 -0.002930
v 0.204102 -0.219727 -0.002930
v 0.204102 -0.237305 0.024414
v 0.170898 -0.239258 0.024414
v 0.202148 -0.178711 -0.036133
v 0.186523 -0.178711 -0.036133
v 0.186523 -0.188477 0.010742
v 0.186523 -0.188477 0.010742
v 0.202148 -0.186523 0.010742
v 0.202148 -0.178711 -0.036133
v 0.176758 -0.116211 -0.057617
v 0.182617 -0.151367 -0.051758
v 0.176758 -0.151367 -0.057617
v 0.176758 -0.151367 -0.057617
v 0.170898 -0.151367 -0.051758
v 0.170898 -0.116211 -0.051758
v 0.170898 -0.116211 -0.051758
v 0.176758 -0.116211 -0.057617
v 0.176758 -0.151367 -0.057617
v 0.182617 -0.116211 -0.051758
v 0.176758 -0.151367 -0.043945
v 0.182617 -0.151367 -0.051758
v 0.182617 -0.151367 -0.051758
v 0.176758 -0.116211 -0.057617
v 0.182617 -0.116211 -0.051758
v 0.170898 -0.151367 -0.051758
v 0.176758 -0.151367 -0.043945
v 0.170898 -0.116211 -0.051758
v 0.176758 -0.151367 -0.043945
v 0.182617 -0.116211 -0.051758
v 0.176758 -0.116211 -0.043945
v 0.176758 -0.116211 -0.043945
v 0.170898 -0.116211 -0.051758
v 0.176758 -0.151367 -0.043945
v 0.182617 -0.116211 -0.018555
v 0.182617 -0.151367 -0.018555
v 0.176758 -0.151367 -0.024414
v 0.176758 -0.151367 -0.024414
v 0.170898 -0.151367 -0.018555
v 0.170898 -0.116211 -0.018555
v 0.176758 -0.151367 -0.024414
v 0.176758 -0.116211 -0.024414
v 0.182617 -0.116211 -0.018555
v 0.170898 -0.116211 -0.018555
v 0.176758 -0.116211 -0.024414
v 0.176758 -0.151367 -0.024414
v 0.176758 -0.116211 -0.010742
v 0.176758 -0.151367 -0.010742
v 0.182617 -0.151367 -0.018555
v 0.182617 -0.151367 -0.018555
v 0.182617 -0.116211 -0.018555
v 0.176758 -0.116211 -0.010742
v 0.170898 -0.151367 -0.018555
v 0.176758 -0.151367 -0.010742
v 0.170898 -0.116211 -0.018555
v 0.176758 -0.116211 -0.010742
v 0.170898 -0.116211 -0.018555
v 0.176758 -0.151367 -0.010742
v 0.038086 -0.157227 -0.038086
v 0.038086 0.170898 -0.038086
v 0.036133 0.041992 0.141602
v 0.036133 0.041992 0.141602
v 0.038086 -0.157227 0.143555
v 0.038086 -0.157227 -0.038086
v 0.081055 -0.122070 -0.116211
v 0.081055 -0.096680 -0.116211
v 0.063477 -0.122070 -0.110352
v 0.063477 -0.096680 -0.110352
v 0.063477 -0.122070 -0.110352
v 0.081055 -0.096680 -0.116211
v 0.063477 -0.122070 -0.110352
v 0.063477 -0.096680 -0.110352
v 0.045898 -0.122070 -0.118164
v 0.045898 -0.096680 -0.118164
v 0.045898 -0.122070 -0.118164
v 0.063477 -0.096680 -0.110352
v 0.077148 -0.104492 -0.063477
v 0.084961 -0.110352 -0.059570
v 0.073242 -0.114258 -0.053711
v 0.075195 -0.094727 -0.061523
v 0.084961 -0.110352 -0.059570
v 0.077148 -0.104492 -0.063477
v 0.077148 -0.104492 -0.063477
v 0.073242 -0.114258 -0.053711
v 0.067383 -0.106445 -0.055664
v 0.067383 -0.106445 -0.055664
v 0.075195 -0.094727 -0.061523
v 0.077148 -0.104492 -0.063477
v 0.084961 -0.110352 -0.059570
v 0.090820 -0.108398 -0.051758
v 0.079102 -0.116211 -0.045898
v 0.075195 -0.086914 -0.055664
v 0.090820 -0.108398 -0.051758
v 0.084961 -0.110352 -0.059570
v 0.079102 -0.116211 -0.045898
v 0.073242 -0.114258 -0.053711
v 0.084961 -0.110352 -0.059570
v 0.084961 -0.110352 -0.059570
v 0.075195 -0.094727 -0.061523
v 0.075195 -0.086914 -0.055664
v 0.083008 -0.108398 -0.036133
v 0.079102 -0.116211 -0.045898
v 0.090820 -0.108398 -0.051758
v 0.090820 -0.108398 -0.051758
v 0.092773 -0.104492 -0.045898
v 0.083008 -0.108398 -0.036133
v 0.081055 -0.084961 -0.047852
v 0.092773 -0.104492 -0.045898
v 0.090820 -0.108398 -0.051758
v 0.075195 -0.086914 -0.055664
v 0.081055 -0.084961 -0.047852
v 0.090820 -0.108398 -0.051758
v 0.067383 -0.112305 -0.051758
v 0.083008 -0.112305 -0.045898
v 0.067383 -0.122070 -0.045898
v 0.067383 -0.090820 -0.049805
v 0.083008 -0.112305 -0.045898
v 0.067383 -0.112305 -0.051758
v 0.067383 -0.112305 -0.051758
v 0.067383 -0.122070 -0.045898
v 0.051758 -0.112305 -0.045898
v 0.051758 -0.112305 -0.045898
v 0.067383 -0.090820 -0.049805
v 0.067383 -0.112305 -0.051758
v 0.075195 -0.094727 -0.061523
v 0.067383 -0.106445 -0.055664
v 0.063477 -0.100586 -0.053711
v 0.075195 -0.094727 -0.061523
v 0.063477 -0.100586 -0.053711
v 0.065430 -0.092773 -0.047852
v 0.065430 -0.092773 -0.047852
v 0.075195 -0.086914 -0.055664
v 0.075195 -0.094727 -0.061523
v 0.083008 -0.112305 -0.045898
v 0.077148 -0.122070 -0.040039
v 0.067383 -0.122070 -0.045898
v 0.083008 -0.122070 -0.030273
v 0.077148 -0.122070 -0.040039
v 0.083008 -0.112305 -0.045898
v 0.083008 -0.112305 -0.045898
v 0.067383 -0.090820 -0.049805
v 0.081055 -0.090820 -0.043945
v 0.083008 -0.112305 -0.045898
v 0.081055 -0.090820 -0.043945
v 0.086914 -0.090820 -0.030273
v 0.083008 -0.112305 -0.045898
v 0.088867 -0.112305 -0.030273
v 0.083008 -0.122070 -0.030273
v 0.086914 -0.090820 -0.030273
v 0.088867 -0.112305 -0.030273
v 0.083008 -0.112305 -0.045898
v 0.092773 -0.104492 -0.045898
v 0.090820 -0.094727 -0.041992
v 0.083008 -0.108398 -0.036133
v 0.086914 -0.088867 -0.043945
v 0.090820 -0.094727 -0.041992
v 0.092773 -0.104492 -0.045898
v 0.092773 -0.104492 -0.045898
v 0.081055 -0.084961 -0.047852
v 0.086914 -0.088867 -0.043945
v 0.083008 -0.100586 -0.034180
v 0.083008 -0.108398 -0.036133
v 0.090820 -0.094727 -0.041992
v 0.086914 -0.088867 -0.043945
v 0.083008 -0.100586 -0.034180
v 0.090820 -0.094727 -0.041992
v 0.083008 -0.100586 -0.034180
v 0.086914 -0.088867 -0.043945
v 0.077148 -0.092773 -0.036133
v 0.055664 -0.122070 -0.040039
v 0.067383 -0.122070 -0.045898
v 0.077148 -0.122070 -0.040039
v 0.077148 -0.122070 -0.040039
v 0.083008 -0.122070 -0.030273
v 0.077148 -0.122070 -0.018555
v 0.077148 -0.122070 -0.040039
v 0.077148 -0.122070 -0.018555
v 0.055664 -0.122070 -0.018555
v 0.055664 -0.122070 -0.018555
v 0.055664 -0.122070 -0.040039
v 0.077148 -0.122070 -0.040039
v 0.067383 -0.122070 -0.045898
v 0.055664 -0.122070 -0.040039
v 0.051758 -0.112305 -0.045898
v 0.081055 -0.084961 -0.047852
v 0.075195 -0.086914 -0.055664
v 0.069336 -0.088867 -0.041992
v 0.077148 -0.092773 -0.036133
v 0.086914 -0.088867 -0.043945
v 0.081055 -0.084961 -0.047852
v 0.081055 -0.084961 -0.047852
v 0.069336 -0.088867 -0.041992
v 0.077148 -0.092773 -0.036133
v 0.075195 -0.086914 -0.055664
v 0.065430 -0.092773 -0.047852
v 0.069336 -0.088867 -0.041992
v 0.067383 -0.069336 -0.040039
v 0.081055 -0.090820 -0.043945
v 0.067383 -0.090820 -0.049805
v 0.053711 -0.090820 -0.043945
v 0.067383 -0.069336 -0.040039
v 0.067383 -0.090820 -0.049805
v 0.067383 -0.090820 -0.049805
v 0.051758 -0.112305 -0.045898
v 0.053711 -0.090820 -0.043945
v 0.081055 -0.090820 -0.043945
v 0.067383 -0.069336 -0.040039
v 0.075195 -0.069336 -0.038086
v 0.081055 -0.090820 -0.043945
v 0.075195 -0.069336 -0.038086
v 0.077148 -0.069336 -0.030273
v 0.077148 -0.069336 -0.030273
v 0.086914 -0.090820 -0.030273
v 0.081055 -0.090820 -0.043945
v 0.077148 -0.069336 -0.030273
v 0.075195 -0.069336 -0.038086
v 0.067383 -0.069336 -0.040039
v 0.067383 -0.069336 -0.040039
v 0.063477 -0.069336 -0.032227
v 0.067383 -0.047852 -0.030273
v 0.059570 -0.069336 -0.038086
v 0.063477 -0.069336 -0.032227
v 0.067383 -0.069336 -0.040039
v 0.067383 -0.047852 -0.030273
v 0.077148 -0.069336 -0.030273
v 0.067383 -0.069336 -0.040039
v 0.067383 -0.069336 -0.040039
v 0.053711 -0.090820 -0.043945
v 0.059570 -0.069336 -0.038086
v 0.063477 -0.069336 -0.032227
v 0.065430 -0.073242 -0.022461
v 0.067383 -0.047852 -0.030273
v 0.055664 -0.069336 -0.030273
v 0.065430 -0.073242 -0.022461
v 0.063477 -0.069336 -0.032227
v 0.063477 -0.069336 -0.032227
v 0.059570 -0.069336 -0.038086
v 0.055664 -0.069336 -0.030273
v 0.083008 -0.112305 -0.014648
v 0.083008 -0.122070 -0.030273
v 0.088867 -0.112305 -0.030273
v 0.086914 -0.090820 -0.030273
v 0.083008 -0.112305 -0.014648
v 0.088867 -0.112305 -0.030273
v 0.083008 -0.112305 -0.014648
v 0.077148 -0.122070 -0.018555
v 0.083008 -0.122070 -0.030273
v 0.077148 -0.122070 -0.018555
v 0.083008 -0.112305 -0.014648
v 0.067383 -0.122070 -0.014648
v 0.077148 -0.122070 -0.018555
v 0.067383 -0.122070 -0.014648
v 0.055664 -0.122070 -0.018555
v 0.067383 -0.112305 -0.008789
v 0.067383 -0.122070 -0.014648
v 0.083008 -0.112305 -0.014648
v 0.081055 -0.090820 -0.016602
v 0.067383 -0.112305 -0.008789
v 0.083008 -0.112305 -0.014648
v 0.083008 -0.112305 -0.014648
v 0.086914 -0.090820 -0.030273
v 0.081055 -0.090820 -0.016602
v 0.067383 -0.122070 -0.014648
v 0.067383 -0.112305 -0.008789
v 0.055664 -0.122070 -0.018555
v 0.067383 -0.112305 -0.008789
v 0.081055 -0.090820 -0.016602
v 0.067383 -0.090820 -0.010742
v 0.067383 -0.112305 -0.008789
v 0.067383 -0.090820 -0.010742
v 0.051758 -0.112305 -0.014648
v 0.051758 -0.112305 -0.014648
v 0.055664 -0.122070 -0.018555
v 0.067383 -0.112305 -0.008789
v 0.077148 -0.069336 -0.030273
v 0.081055 -0.090820 -0.016602
v 0.086914 -0.090820 -0.030273
v 0.081055 -0.090820 -0.016602
v 0.077148 -0.069336 -0.030273
v 0.075195 -0.069336 -0.022461
v 0.081055 -0.090820 -0.016602
v 0.075195 -0.069336 -0.022461
v 0.067383 -0.090820 -0.010742
v 0.067383 -0.047852 -0.030273
v 0.075195 -0.069336 -0.022461
v 0.077148 -0.069336 -0.030273
v 0.075195 -0.069336 -0.022461
v 0.067383 -0.069336 -0.018555
v 0.067383 -0.090820 -0.010742
v 0.067383 -0.047852 -0.030273
v 0.067383 -0.069336 -0.018555
v 0.075195 -0.069336 -0.022461
v 0.067383 -0.090820 -0.010742
v 0.067383 -0.069336 -0.018555
v 0.065430 -0.073242 -0.022461
v 0.065430 -0.073242 -0.022461
v 0.067383 -0.069336 -0.018555
v 0.067383 -0.047852 -0.030273
v 0.059570 -0.069336 -0.022461
v 0.067383 -0.090820 -0.010742
v 0.065430 -0.073242 -0.022461
v 0.065430 -0.073242 -0.022461
v 0.055664 -0.069336 -0.030273
v 0.059570 -0.069336 -0.022461
v 0.053711 -0.090820 -0.016602
v 0.051758 -0.112305 -0.014648
v 0.067383 -0.090820 -0.010742
v 0.059570 -0.069336 -0.022461
v 0.053711 -0.090820 -0.016602
v 0.067383 -0.090820 -0.010742
v 0.045898 -0.112305 -0.030273
v 0.051758 -0.112305 -0.045898
v 0.055664 -0.122070 -0.040039
v 0.055664 -0.122070 -0.018555
v 0.051758 -0.122070 -0.030273
v 0.055664 -0.122070 -0.040039
v 0.055664 -0.122070 -0.040039
v 0.051758 -0.122070 -0.030273
v 0.045898 -0.112305 -0.030273
v 0.047852 -0.090820 -0.030273
v 0.053711 -0.090820 -0.043945
v 0.051758 -0.112305 -0.045898
v 0.051758 -0.112305 -0.045898
v 0.045898 -0.112305 -0.030273
v 0.047852 -0.090820 -0.030273
v 0.047852 -0.090820 -0.030273
v 0.059570 -0.069336 -0.038086
v 0.053711 -0.090820 -0.043945
v 0.059570 -0.069336 -0.038086
v 0.047852 -0.090820 -0.030273
v 0.055664 -0.069336 -0.030273
v 0.051758 -0.122070 -0.030273
v 0.055664 -0.122070 -0.018555
v 0.051758 -0.112305 -0.014648
v 0.051758 -0.112305 -0.014648
v 0.045898 -0.112305 -0.030273
v 0.051758 -0.122070 -0.030273
v 0.045898 -0.112305 -0.030273
v 0.051758 -0.112305 -0.014648
v 0.053711 -0.090820 -0.016602
v 0.053711 -0.090820 -0.016602
v 0.047852 -0.090820 -0.030273
v 0.045898 -0.112305 -0.030273
v 0.047852 -0.090820 -0.030273
v 0.053711 -0.090820 -0.016602
v 0.059570 -0.069336 -0.022461
v 0.059570 -0.069336 -0.022461
v 0.055664 -0.069336 -0.030273
v 0.047852 -0.090820 -0.030273
v 0.014648 0.073242 -0.366211
v 0.006836 0.063477 -0.385742
v 0.014648 0.073242 -0.385742
v 0.014648 0.073242 -0.385742
v 0.006836 0.063477 -0.385742
v -0.174805 0.194336 -0.385742
v -0.174805 0.206055 -0.366211
v 0.014648 0.073242 -0.366211
v 0.014648 0.073242 -0.385742
v 0.014648 0.073242 -0.385742
v -0.174805 0.194336 -0.385742
v -0.174805 0.206055 -0.385742
v 0.014648 0.073242 -0.385742
v -0.174805 0.206055 -0.385742
v -0.174805 0.206055 -0.366211
v 0.006836 0.063477 -0.385742
v 0.014648 0.073242 -0.366211
v 0.006836 0.063477 -0.360352
v 0.006836 0.063477 -0.385742
v 0.006836 0.063477 -0.360352
v -0.004883 0.049805 -0.370117
v 0.006836 0.063477 -0.385742
v -0.006836 0.051758 -0.381836
v -0.174805 0.194336 -0.385742
v -0.004883 0.049805 -0.370117
v -0.006836 0.051758 -0.381836
v 0.006836 0.063477 -0.385742
v 0.004883 0.024414 -0.358398
v 0.004883 0.045898 -0.358398
v 0.004883 0.049805 -0.229492
v -0.051758 0.022461 -0.370117
v 0.004883 0.045898 -0.358398
v 0.004883 0.024414 -0.358398
v 0.004883 0.049805 -0.229492
v 0.004883 0.028320 -0.229492
v 0.004883 0.024414 -0.358398
v 0.004883 0.024414 -0.358398
v -0.051758 -0.096680 -0.368164
v -0.051758 0.022461 -0.370117
v 0.004883 0.059570 -0.368164
v -0.016602 -0.153320 -0.366211
v -0.016602 0.059570 -0.368164
v 0.004883 0.045898 -0.358398
v -0.051758 0.022461 -0.370117
v -0.174805 0.141602 -0.370117
v -0.354492 0.045898 -0.358398
v -0.174805 0.141602 -0.370117
v 0.004883 0.045898 -0.358398
v 0.006836 0.067383 -0.374023
v 0.006836 0.067383 -0.340820
v -0.010742 0.041992 -0.370117
v -0.174805 0.198242 -0.374023
v 0.006836 0.067383 -0.340820
v 0.006836 0.067383 -0.374023
v 0.006836 0.067383 -0.374023
v -0.010742 0.041992 -0.370117
v -0.174805 0.163086 -0.370117
v 0.006836 0.067383 -0.374023
v -0.174805 0.163086 -0.370117
v -0.174805 0.198242 -0.374023
v -0.174805 0.194336 -0.360352
v 0.006836 0.063477 -0.360352
v 0.014648 0.073242 -0.366211
v -0.174805 0.206055 -0.366211
v -0.174805 0.194336 -0.360352
v 0.014648 0.073242 -0.366211
v 0.006836 0.067383 -0.340820
v 0.006836 0.067383 -0.174805
v -0.010742 0.038086 -0.174805
v -0.010742 0.041992 -0.340820
v -0.010742 0.041992 -0.370117
v 0.006836 0.067383 -0.340820
v -0.010742 0.038086 -0.174805
v -0.010742 0.041992 -0.340820
v 0.006836 0.067383 -0.340820
v 0.006836 0.067383 -0.340820
v -0.174805 0.198242 -0.374023
v -0.174805 0.198242 -0.340820
v 0.059570 0.065430 -0.266602
v 0.079102 0.065430 -0.266602
v 0.081055 0.055664 -0.256836
v 0.081055 0.055664 -0.256836
v 0.079102 0.065430 -0.266602
v 0.081055 0.227539 -0.043945
v 0.063477 0.040039 -0.243164
v 0.059570 0.065430 -0.266602
v 0.081055 0.055664 -0.256836
v 0.081055 0.227539 -0.043945
v 0.063477 0.040039 -0.243164
v 0.081055 0.055664 -0.256836
v 0.063477 0.036133 -0.241211
v 0.018555 0.059570 -0.256836
v 0.069336 0.059570 -0.256836
v 0.069336 0.059570 -0.256836
v 0.018555 0.059570 -0.256836
v 0.069336 0.229492 -0.041992
v 0.063477 0.196289 -0.041992
v 0.063477 0.036133 -0.241211
v 0.069336 0.059570 -0.256836
v 0.069336 0.229492 -0.041992
v 0.063477 0.196289 -0.041992
v 0.069336 0.059570 -0.256836
v 0.079102 0.065430 -0.266602
v 0.059570 0.065430 -0.266602
v 0.079102 0.237305 -0.053711
v 0.079102 0.065430 -0.266602
v 0.079102 0.237305 -0.053711
v 0.081055 0.227539 -0.043945
v 0.053711 0.053711 -0.256836
v 0.059570 0.065430 -0.266602
v 0.063477 0.040039 -0.243164
v 0.053711 0.225586 -0.045898
v 0.059570 0.065430 -0.266602
v 0.053711 0.053711 -0.256836
v 0.018555 0.059570 -0.256836
v 0.063477 0.036133 -0.241211
v 0.018555 0.036133 -0.241211
v 0.018555 0.229492 -0.041992
v 0.069336 0.229492 -0.041992
v 0.018555 0.059570 -0.256836
v 0.059570 0.237305 -0.053711
v 0.079102 0.237305 -0.053711
v 0.059570 0.065430 -0.266602
v 0.053711 0.225586 -0.045898
v 0.059570 0.237305 -0.053711
v 0.059570 0.065430 -0.266602
v 0.081055 0.227539 -0.043945
v 0.063477 0.202148 -0.040039
v 0.063477 0.040039 -0.243164
v 0.018555 0.196289 -0.041992
v 0.018555 0.036133 -0.241211
v 0.063477 0.036133 -0.241211
v 0.063477 0.036133 -0.241211
v 0.063477 0.196289 -0.041992
v 0.018555 0.196289 -0.041992
v 0.083008 0.006836 -0.208008
v 0.079102 0.002930 -0.204102
v 0.051758 0.006836 -0.208008
v 0.077148 0.002930 -0.180664
v 0.079102 0.002930 -0.204102
v 0.083008 0.006836 -0.208008
v 0.051758 0.006836 -0.208008
v 0.079102 0.012695 -0.204102
v 0.083008 0.006836 -0.208008
v 0.083008 0.006836 -0.208008
v 0.079102 0.012695 -0.204102
v 0.079102 0.012695 -0.180664
v 0.083008 0.006836 -0.208008
v 0.079102 0.012695 -0.180664
v 0.083008 0.006836 -0.174805
v 0.083008 0.006836 -0.208008
v 0.083008 0.006836 -0.174805
v 0.077148 0.002930 -0.180664
v 0.079102 0.002930 -0.204102
v 0.055664 0.002930 -0.204102
v 0.051758 0.006836 -0.208008
v 0.055664 0.010742 -0.204102
v 0.075195 0.018555 -0.200195
v 0.079102 0.012695 -0.204102
v 0.079102 0.012695 -0.204102
v 0.075195 0.018555 -0.200195
v 0.075195 0.018555 -0.184570
v 0.079102 0.012695 -0.204102
v 0.051758 0.006836 -0.208008
v 0.055664 0.012695 -0.202148
v 0.075195 0.018555 -0.184570
v 0.079102 0.010742 -0.180664
v 0.079102 0.012695 -0.204102
v 0.065430 0.014648 -0.194336
v 0.065430 0.014648 -0.190430
v 0.063477 0.030273 -0.190430
v 0.063477 0.030273 -0.194336
v 0.067383 0.016602 -0.190430
v 0.065430 0.014648 -0.194336
v 0.063477 0.030273 -0.190430
v 0.063477 0.030273 -0.194336
v 0.065430 0.014648 -0.194336
v 0.065430 0.014648 -0.190430
v 0.067383 0.016602 -0.190430
v 0.063477 0.030273 -0.190430
v 0.059570 0.018555 -0.200195
v 0.067383 0.022461 -0.192383
v 0.075195 0.018555 -0.200195
v 0.075195 0.018555 -0.200195
v 0.067383 0.022461 -0.192383
v 0.075195 0.018555 -0.184570
v 0.075195 0.018555 -0.200195
v 0.055664 0.010742 -0.204102
v 0.059570 0.018555 -0.200195
v 0.067383 0.022461 -0.192383
v 0.059570 0.018555 -0.200195
v 0.059570 0.018555 -0.184570
v 0.059570 0.018555 -0.184570
v 0.075195 0.018555 -0.184570
v 0.067383 0.022461 -0.192383
v 0.067383 0.016602 -0.190430
v 0.063477 0.030273 -0.194336
v 0.067383 0.032227 -0.192383
v 0.067383 0.032227 -0.192383
v 0.063477 0.030273 -0.190430
v 0.067383 0.016602 -0.190430
v 0.063477 0.030273 -0.194336
v 0.063477 0.030273 -0.190430
v 0.055664 0.034180 -0.194336
v 0.057617 0.038086 -0.192383
v 0.067383 0.032227 -0.192383
v 0.063477 0.030273 -0.194336
v 0.063477 0.030273 -0.194336
v 0.055664 0.034180 -0.194336
v 0.057617 0.038086 -0.192383
v 0.063477 0.030273 -0.190430
v 0.067383 0.032227 -0.192383
v 0.055664 0.036133 -0.190430
v 0.055664 0.036133 -0.190430
v 0.055664 0.034180 -0.194336
v 0.063477 0.030273 -0.190430
v 0.067383 0.032227 -0.192383
v 0.057617 0.038086 -0.192383
v 0.055664 0.036133 -0.190430
v 0.051758 0.174805 -0.038086
v 0.047852 0.047852 -0.225586
v 0.043945 0.051758 -0.239258
v 0.047852 0.202148 -0.038086
v 0.051758 0.174805 -0.038086
v 0.043945 0.051758 -0.239258
v 0.051758 0.174805 -0.038086
v 0.036133 0.045898 -0.221680
v 0.047852 0.047852 -0.225586
v 0.036133 0.045898 -0.221680
v 0.051758 0.174805 -0.038086
v 0.038086 0.170898 -0.038086
v 0.051758 0.006836 -0.176758
v 0.051758 0.006836 -0.208008
v 0.055664 0.002930 -0.204102
v 0.055664 0.002930 -0.204102
v 0.055664 0.002930 -0.180664
v 0.051758 0.006836 -0.176758
v 0.059570 0.018555 -0.184570
v 0.059570 0.018555 -0.200195
v 0.055664 0.010742 -0.204102
v 0.055664 0.010742 -0.204102
v 0.055664 0.012695 -0.180664
v 0.059570 0.018555 -0.184570
v 0.051758 0.006836 -0.176758
v 0.055664 0.012695 -0.202148
v 0.051758 0.006836 -0.208008
v 0.051758 0.006836 -0.176758
v 0.055664 0.012695 -0.180664
v 0.055664 0.012695 -0.202148
v 0.047852 0.030273 -0.200195
v 0.047852 0.028320 -0.192383
v 0.038086 0.026367 -0.192383
v 0.047852 0.038086 -0.202148
v 0.047852 0.028320 -0.192383
v 0.047852 0.030273 -0.200195
v 0.038086 0.026367 -0.192383
v 0.038086 0.028320 -0.200195
v 0.047852 0.030273 -0.200195
v 0.047852 0.030273 -0.200195
v 0.038086 0.028320 -0.200195
v 0.038086 0.038086 -0.204102
v 0.047852 0.030273 -0.200195
v 0.038086 0.038086 -0.204102
v 0.047852 0.038086 -0.202148
v 0.038086 0.028320 -0.184570
v 0.038086 0.026367 -0.192383
v 0.047852 0.028320 -0.192383
v 0.047852 0.028320 -0.192383
v 0.047852 0.038086 -0.202148
v 0.047852 0.047852 -0.192383
v 0.047852 0.028320 -0.192383
v 0.047852 0.047852 -0.192383
v 0.047852 0.043945 -0.186523
v 0.047852 0.028320 -0.192383
v 0.047852 0.030273 -0.186523
v 0.038086 0.028320 -0.184570
v 0.047852 0.038086 -0.182617
v 0.047852 0.030273 -0.186523
v 0.047852 0.028320 -0.192383
v 0.047852 0.043945 -0.186523
v 0.047852 0.038086 -0.182617
v 0.047852 0.028320 -0.192383
v 0.047852 0.043945 -0.200195
v 0.047852 0.038086 -0.202148
v 0.038086 0.038086 -0.204102
v 0.038086 0.045898 -0.200195
v 0.047852 0.043945 -0.200195
v 0.038086 0.038086 -0.204102
v 0.047852 0.038086 -0.202148
v 0.047852 0.043945 -0.200195
v 0.047852 0.047852 -0.192383
v 0.038086 0.045898 -0.200195
v 0.047852 0.047852 -0.192383
v 0.047852 0.043945 -0.200195
v 0.043945 0.038086 -0.196289
v 0.057617 0.038086 -0.192383
v 0.055664 0.034180 -0.194336
v 0.055664 0.034180 -0.194336
v 0.055664 0.036133 -0.190430
v 0.043945 0.038086 -0.196289
v 0.043945 0.038086 -0.190430
v 0.055664 0.036133 -0.190430
v 0.057617 0.038086 -0.192383
v 0.057617 0.038086 -0.192383
v 0.043945 0.038086 -0.196289
v 0.043945 0.041992 -0.192383
v 0.043945 0.041992 -0.192383
v 0.043945 0.038086 -0.190430
v 0.057617 0.038086 -0.192383
v 0.043945 0.038086 -0.190430
v 0.043945 0.038086 -0.196289
v 0.055664 0.036133 -0.190430
v 0.047852 0.047852 -0.192383
v 0.038086 0.045898 -0.200195
v 0.038086 0.049805 -0.192383
v 0.047852 0.047852 -0.192383
v 0.038086 0.049805 -0.192383
v 0.038086 0.045898 -0.184570
v 0.038086 0.045898 -0.184570
v 0.047852 0.043945 -0.186523
v 0.047852 0.047852 -0.192383
v 0.079102 0.010742 -0.180664
v 0.075195 0.018555 -0.184570
v 0.059570 0.018555 -0.184570
v 0.059570 0.018555 -0.184570
v 0.055664 0.012695 -0.180664
v 0.079102 0.010742 -0.180664
v 0.055664 0.012695 -0.180664
v 0.083008 0.006836 -0.174805
v 0.079102 0.012695 -0.180664
v 0.051758 0.006836 -0.176758
v 0.077148 0.002930 -0.180664
v 0.083008 0.006836 -0.174805
v 0.083008 0.006836 -0.174805
v 0.055664 0.012695 -0.180664
v 0.051758 0.006836 -0.176758
v 0.051758 0.006836 -0.176758
v 0.055664 0.002930 -0.180664
v 0.077148 0.002930 -0.180664
v 0.038086 0.038086 -0.180664
v 0.038086 0.028320 -0.184570
v 0.047852 0.030273 -0.186523
v 0.047852 0.030273 -0.186523
v 0.047852 0.038086 -0.182617
v 0.038086 0.038086 -0.180664
v 0.047852 0.038086 -0.182617
v 0.047852 0.043945 -0.186523
v 0.038086 0.045898 -0.184570
v 0.038086 0.045898 -0.184570
v 0.038086 0.038086 -0.180664
v 0.047852 0.038086 -0.182617
v 0.092773 0.241211 -0.059570
v 0.083008 0.204102 -0.040039
v 0.084961 0.204102 -0.053711
v 0.020508 0.221680 -0.057617
v 0.092773 0.241211 -0.059570
v 0.084961 0.204102 -0.053711
v 0.084961 0.204102 -0.053711
v 0.018555 0.192383 -0.051758
v 0.020508 0.221680 -0.057617
v 0.083008 0.204102 -0.040039
v 0.092773 0.241211 -0.059570
v 0.090820 0.254883 -0.051758
v 0.092773 0.241211 -0.018555
v 0.084961 0.204102 -0.026367
v 0.083008 0.204102 -0.040039
v 0.088867 0.258789 -0.040039
v 0.092773 0.241211 -0.018555
v 0.083008 0.204102 -0.040039
v 0.083008 0.204102 -0.040039
v 0.090820 0.254883 -0.051758
v 0.088867 0.258789 -0.040039
v 0.063477 0.196289 -0.041992
v 0.069336 0.229492 -0.041992
v 0.069336 0.059570 0.178711
v 0.063477 0.036133 0.161133
v 0.018555 0.196289 -0.041992
v 0.063477 0.196289 -0.041992
v 0.069336 0.059570 0.178711
v 0.063477 0.036133 0.161133
v 0.063477 0.196289 -0.041992
v 0.063477 0.202148 -0.040039
v 0.079102 0.225586 -0.040039
v 0.084961 0.055664 0.178711
v 0.084961 0.055664 0.178711
v 0.077148 0.041992 0.166992
v 0.063477 0.202148 -0.040039
v 0.092773 0.241211 -0.059570
v 0.020508 0.221680 -0.057617
v 0.090820 0.254883 -0.051758
v 0.079102 0.225586 -0.040039
v 0.079102 0.235352 -0.030273
v 0.083008 0.065430 0.188477
v 0.083008 0.065430 0.188477
v 0.084961 0.055664 0.178711
v 0.079102 0.225586 -0.040039
v 0.069336 0.229492 -0.041992
v 0.018555 0.229492 -0.041992
v 0.018555 0.059570 0.178711
v 0.018555 0.059570 0.178711
v 0.069336 0.059570 0.178711
v 0.069336 0.229492 -0.041992
v 0.084961 0.204102 -0.026367
v 0.092773 0.241211 -0.018555
v 0.018555 0.190430 -0.028320
v 0.079102 0.235352 -0.030273
v 0.059570 0.235352 -0.030273
v 0.063477 0.065430 0.188477
v 0.063477 0.065430 0.188477
v 0.083008 0.065430 0.188477
v 0.079102 0.235352 -0.030273
v 0.020508 0.219727 -0.022461
v 0.018555 0.190430 -0.028320
v 0.092773 0.241211 -0.018555
v 0.024414 0.235352 -0.028320
v 0.020508 0.219727 -0.022461
v 0.092773 0.241211 -0.018555
v 0.090820 0.254883 -0.026367
v 0.024414 0.235352 -0.028320
v 0.092773 0.241211 -0.018555
v 0.092773 0.241211 -0.018555
v 0.088867 0.258789 -0.040039
v 0.090820 0.254883 -0.026367
v 0.036133 0.041992 0.141602
v 0.038086 0.170898 -0.038086
v 0.051758 0.174805 -0.038086
v 0.051758 0.174805 -0.038086
v 0.047852 0.202148 -0.038086
v 0.043945 0.053711 0.157227
v 0.051758 0.174805 -0.038086
v 0.045898 0.043945 0.145508
v 0.036133 0.041992 0.141602
v 0.043945 0.053711 0.157227
v 0.045898 0.043945 0.145508
v 0.051758 0.174805 -0.038086
v 0.063477 0.065430 0.188477
v 0.059570 0.235352 -0.030273
v 0.053711 0.225586 -0.038086
v 0.053711 0.225586 -0.038086
v 0.057617 0.055664 0.178711
v 0.063477 0.065430 0.188477
v -0.157227 0.196289 -0.053711
v 0.020508 0.221680 -0.057617
v 0.018555 0.192383 -0.051758
v 0.018555 0.192383 -0.051758
v -0.157227 0.170898 -0.049805
v -0.157227 0.196289 -0.053711
v 0.018555 0.196289 -0.041992
v 0.063477 0.036133 0.161133
v 0.018555 0.036133 0.161133
v 0.018555 0.239258 -0.049805
v 0.024414 0.237305 -0.049805
v 0.020508 0.221680 -0.057617
v 0.020508 0.221680 -0.057617
v 0.024414 0.237305 -0.049805
v 0.090820 0.254883 -0.051758
v -0.157227 0.209961 -0.049805
v 0.018555 0.239258 -0.049805
v 0.020508 0.221680 -0.057617
v 0.020508 0.221680 -0.057617
v -0.157227 0.196289 -0.053711
v -0.157227 0.209961 -0.049805
v 0.024414 0.237305 -0.049805
v 0.018555 0.239258 -0.049805
v 0.018555 0.241211 -0.040039
v 0.018555 0.241211 -0.040039
v 0.024414 0.239258 -0.040039
v 0.024414 0.237305 -0.049805
v 0.024414 0.237305 -0.049805
v 0.024414 0.239258 -0.040039
v 0.088867 0.258789 -0.040039
v 0.088867 0.258789 -0.040039
v 0.090820 0.254883 -0.051758
v 0.024414 0.237305 -0.049805
v -0.157227 0.213867 -0.040039
v 0.018555 0.241211 -0.040039
v 0.018555 0.239258 -0.049805
v 0.018555 0.239258 -0.049805
v -0.157227 0.209961 -0.049805
v -0.157227 0.213867 -0.040039
v 0.024414 0.239258 -0.040039
v 0.018555 0.241211 -0.040039
v 0.018555 0.237305 -0.028320
v 0.018555 0.237305 -0.028320
v 0.024414 0.235352 -0.028320
v 0.024414 0.239258 -0.040039
v 0.024414 0.239258 -0.040039
v 0.024414 0.235352 -0.028320
v 0.090820 0.254883 -0.026367
v 0.090820 0.254883 -0.026367
v 0.088867 0.258789 -0.040039
v 0.024414 0.239258 -0.040039
v -0.157227 0.213867 -0.040039
v 0.018555 0.237305 -0.028320
v 0.018555 0.241211 -0.040039
v 0.018555 0.190430 -0.028320
v 0.020508 0.219727 -0.022461
v -0.157227 0.196289 -0.024414
v -0.157227 0.196289 -0.024414
v -0.157227 0.170898 -0.030273
v 0.018555 0.190430 -0.028320
v 0.020508 0.219727 -0.022461
v 0.024414 0.235352 -0.028320
v 0.018555 0.237305 -0.028320
v 0.020508 0.219727 -0.022461
v 0.018555 0.237305 -0.028320
v -0.157227 0.209961 -0.030273
v -0.157227 0.209961 -0.030273
v -0.157227 0.196289 -0.024414
v 0.020508 0.219727 -0.022461
v 0.018555 0.237305 -0.028320
v -0.157227 0.213867 -0.040039
v -0.157227 0.209961 -0.030273
v -0.020508 -0.489258 -0.370117
v -0.020508 -0.489258 -0.333008
v -0.018555 -0.188477 -0.338867
v -0.018555 -0.188477 -0.338867
v -0.018555 -0.188477 -0.366211
v -0.020508 -0.489258 -0.370117
v -0.045898 -0.124023 -0.387695
v -0.041992 -0.092773 -0.393555
v -0.045898 -0.124023 -0.340820
v -0.297852 -0.124023 -0.387695
v -0.041992 -0.092773 -0.393555
v -0.045898 -0.124023 -0.387695
v -0.045898 -0.124023 -0.387695
v -0.045898 -0.124023 -0.340820
v -0.297852 -0.124023 -0.340820
v -0.297852 -0.124023 -0.340820
v -0.297852 -0.124023 -0.387695
v -0.045898 -0.124023 -0.387695
v -0.051758 -0.094727 -0.385742
v -0.053711 -0.088867 -0.391602
v -0.045898 -0.081055 -0.379883
v -0.071289 -0.096680 -0.393555
v -0.053711 -0.088867 -0.391602
v -0.051758 -0.094727 -0.385742
v -0.051758 -0.094727 -0.385742
v -0.045898 -0.081055 -0.379883
v -0.049805 -0.092773 -0.375977
v -0.041992 -0.092773 -0.340820
v -0.045898 -0.124023 -0.340820
v -0.041992 -0.092773 -0.393555
v -0.301758 -0.092773 -0.393555
v -0.041992 -0.092773 -0.340820
v -0.041992 -0.092773 -0.393555
v -0.041992 -0.092773 -0.393555
v -0.297852 -0.124023 -0.387695
v -0.301758 -0.092773 -0.393555
v -0.053711 -0.088867 -0.391602
v -0.055664 -0.077148 -0.391602
v -0.045898 -0.081055 -0.379883
v -0.071289 -0.077148 -0.389648
v -0.055664 -0.077148 -0.391602
v -0.053711 -0.088867 -0.391602
v -0.053711 -0.088867 -0.391602
v -0.071289 -0.096680 -0.393555
v -0.065430 -0.084961 -0.393555
v -0.053711 -0.088867 -0.391602
v -0.065430 -0.084961 -0.393555
v -0.071289 -0.077148 -0.389648
v -0.053711 -0.069336 -0.381836
v -0.045898 -0.081055 -0.379883
v -0.055664 -0.077148 -0.391602
v -0.067383 -0.069336 -0.381836
v -0.053711 -0.069336 -0.381836
v -0.055664 -0.077148 -0.391602
v -0.055664 -0.077148 -0.391602
v -0.071289 -0.077148 -0.389648
v -0.067383 -0.069336 -0.381836
v -0.053711 -0.086914 -0.366211
v -0.049805 -0.092773 -0.375977
v -0.045898 -0.081055 -0.379883
v -0.045898 -0.081055 -0.379883
v -0.053711 -0.069336 -0.381836
v -0.055664 -0.071289 -0.370117
v -0.053711 -0.077148 -0.366211
v -0.053711 -0.086914 -0.366211
v -0.045898 -0.081055 -0.379883
v -0.045898 -0.081055 -0.379883
v -0.055664 -0.071289 -0.370117
v -0.053711 -0.077148 -0.366211
v -0.053711 -0.069336 -0.381836
v -0.067383 -0.069336 -0.381836
v -0.069336 -0.071289 -0.372070
v -0.069336 -0.071289 -0.372070
v -0.055664 -0.071289 -0.370117
v -0.053711 -0.069336 -0.381836
v -0.071289 -0.096680 -0.393555
v -0.075195 -0.084961 -0.401367
v -0.065430 -0.084961 -0.393555
v -0.090820 -0.084961 -0.401367
v -0.075195 -0.084961 -0.401367
v -0.071289 -0.096680 -0.393555
v -0.118164 -0.096680 -0.397461
v -0.090820 -0.084961 -0.401367
v -0.071289 -0.096680 -0.393555
v -0.071289 -0.077148 -0.389648
v -0.065430 -0.084961 -0.393555
v -0.075195 -0.084961 -0.401367
v -0.088867 -0.073242 -0.395508
v -0.075195 -0.073242 -0.395508
v -0.075195 -0.084961 -0.401367
v -0.075195 -0.084961 -0.401367
v -0.075195 -0.073242 -0.395508
v -0.071289 -0.077148 -0.389648
v -0.075195 -0.084961 -0.401367
v -0.090820 -0.084961 -0.401367
v -0.088867 -0.073242 -0.395508
v -0.075195 -0.073242 -0.395508
v -0.088867 -0.073242 -0.395508
v -0.086914 -0.073242 -0.389648
v -0.086914 -0.073242 -0.389648
v -0.071289 -0.077148 -0.389648
v -0.075195 -0.073242 -0.395508
v -0.092773 -0.077148 -0.389648
v -0.088867 -0.073242 -0.395508
v -0.090820 -0.084961 -0.401367
v -0.102539 -0.077148 -0.391602
v -0.092773 -0.077148 -0.389648
v -0.090820 -0.084961 -0.401367
v -0.090820 -0.084961 -0.401367
v -0.118164 -0.096680 -0.397461
v -0.118164 -0.086914 -0.399414
v -0.118164 -0.086914 -0.399414
v -0.102539 -0.077148 -0.391602
v -0.090820 -0.084961 -0.401367
v -0.092773 -0.077148 -0.389648
v -0.086914 -0.073242 -0.389648
v -0.088867 -0.073242 -0.395508
v -0.071289 -0.075195 -0.379883
v -0.067383 -0.069336 -0.381836
v -0.071289 -0.077148 -0.389648
v -0.086914 -0.073242 -0.389648
v -0.071289 -0.075195 -0.379883
v -0.071289 -0.077148 -0.389648
v -0.067383 -0.069336 -0.381836
v -0.071289 -0.075195 -0.379883
v -0.069336 -0.071289 -0.372070
v -0.071289 -0.075195 -0.379883
v -0.086914 -0.073242 -0.389648
v -0.084961 -0.063477 -0.381836
v -0.071289 -0.075195 -0.379883
v -0.084961 -0.063477 -0.381836
v -0.081055 -0.065430 -0.370117
v -0.071289 -0.075195 -0.366211
v -0.069336 -0.071289 -0.372070
v -0.071289 -0.075195 -0.379883
v -0.081055 -0.065430 -0.370117
v -0.071289 -0.075195 -0.366211
v -0.071289 -0.075195 -0.379883
v -0.086914 -0.073242 -0.389648
v -0.092773 -0.077148 -0.389648
v -0.094727 -0.067383 -0.381836
v -0.094727 -0.067383 -0.381836
v -0.084961 -0.063477 -0.381836
v -0.086914 -0.073242 -0.389648
v -0.092773 -0.077148 -0.389648
v -0.102539 -0.077148 -0.391602
v -0.098633 -0.069336 -0.381836
v -0.098633 -0.069336 -0.381836
v -0.094727 -0.067383 -0.381836
v -0.092773 -0.077148 -0.389648
v -0.084961 -0.063477 -0.381836
v -0.094727 -0.067383 -0.381836
v -0.090820 -0.065430 -0.372070
v -0.090820 -0.065430 -0.372070
v -0.081055 -0.065430 -0.370117
v -0.084961 -0.063477 -0.381836
v -0.137695 -0.084961 -0.401367
v -0.118164 -0.086914 -0.399414
v -0.118164 -0.096680 -0.397461
v -0.118164 -0.096680 -0.397461
v -0.149414 -0.096680 -0.393555
v -0.137695 -0.084961 -0.401367
v -0.102539 -0.077148 -0.391602
v -0.118164 -0.086914 -0.399414
v -0.116211 -0.077148 -0.389648
v -0.102539 -0.077148 -0.391602
v -0.106445 -0.065430 -0.387695
v -0.098633 -0.069336 -0.381836
v -0.116211 -0.077148 -0.389648
v -0.106445 -0.065430 -0.387695
v -0.102539 -0.077148 -0.391602
v -0.137695 -0.084961 -0.401367
v -0.116211 -0.077148 -0.389648
v -0.118164 -0.086914 -0.399414
v -0.106445 -0.063477 -0.375977
v -0.098633 -0.069336 -0.381836
v -0.106445 -0.065430 -0.387695
v -0.116211 -0.071289 -0.381836
v -0.106445 -0.063477 -0.375977
v -0.106445 -0.065430 -0.387695
v -0.106445 -0.065430 -0.387695
v -0.116211 -0.077148 -0.389648
v -0.116211 -0.071289 -0.381836
v -0.094727 -0.067383 -0.381836
v -0.098633 -0.069336 -0.381836
v -0.090820 -0.065430 -0.372070
v -0.098633 -0.069336 -0.381836
v -0.106445 -0.063477 -0.375977
v -0.100586 -0.069336 -0.374023
v -0.100586 -0.069336 -0.374023
v -0.090820 -0.065430 -0.372070
v -0.098633 -0.069336 -0.381836
v -0.106445 -0.063477 -0.375977
v -0.116211 -0.071289 -0.381836
v -0.110352 -0.073242 -0.368164
v -0.110352 -0.073242 -0.368164
v -0.100586 -0.069336 -0.374023
v -0.106445 -0.063477 -0.375977
v -0.118164 -0.069336 -0.374023
v -0.116211 -0.071289 -0.381836
v -0.116211 -0.077148 -0.389648
v -0.116211 -0.077148 -0.389648
v -0.137695 -0.084961 -0.401367
v -0.133789 -0.077148 -0.393555
v -0.116211 -0.077148 -0.389648
v -0.133789 -0.077148 -0.393555
v -0.125977 -0.069336 -0.387695
v -0.116211 -0.077148 -0.389648
v -0.125977 -0.069336 -0.387695
v -0.118164 -0.069336 -0.374023
v -0.118164 -0.069336 -0.374023
v -0.110352 -0.073242 -0.368164
v -0.116211 -0.071289 -0.381836
v -0.124023 -0.065430 -0.381836
v -0.125977 -0.069336 -0.387695
v -0.137695 -0.065430 -0.381836
v -0.118164 -0.069336 -0.374023
v -0.125977 -0.069336 -0.387695
v -0.124023 -0.065430 -0.381836
v -0.124023 -0.065430 -0.381836
v -0.137695 -0.065430 -0.381836
v -0.133789 -0.065430 -0.372070
v -0.133789 -0.065430 -0.372070
v -0.118164 -0.069336 -0.374023
v -0.124023 -0.065430 -0.381836
v -0.147461 -0.083008 -0.391602
v -0.137695 -0.084961 -0.401367
v -0.149414 -0.096680 -0.393555
v -0.163086 -0.088867 -0.391602
v -0.147461 -0.083008 -0.391602
v -0.149414 -0.096680 -0.393555
v -0.149414 -0.096680 -0.393555
v -0.163086 -0.094727 -0.385742
v -0.163086 -0.088867 -0.391602
v -0.147461 -0.083008 -0.391602
v -0.133789 -0.077148 -0.393555
v -0.137695 -0.084961 -0.401367
v -0.133789 -0.077148 -0.393555
v -0.147461 -0.083008 -0.391602
v -0.135742 -0.071289 -0.389648
v -0.135742 -0.071289 -0.389648
v -0.125977 -0.069336 -0.387695
v -0.133789 -0.077148 -0.393555
v -0.147461 -0.083008 -0.391602
v -0.153320 -0.075195 -0.391602
v -0.145508 -0.075195 -0.379883
v -0.161133 -0.081055 -0.391602
v -0.153320 -0.075195 -0.391602
v -0.147461 -0.083008 -0.391602
v -0.137695 -0.065430 -0.381836
v -0.135742 -0.071289 -0.389648
v -0.147461 -0.083008 -0.391602
v -0.145508 -0.075195 -0.379883
v -0.137695 -0.065430 -0.381836
v -0.147461 -0.083008 -0.391602
v -0.147461 -0.083008 -0.391602
v -0.163086 -0.088867 -0.391602
v -0.161133 -0.081055 -0.391602
v -0.149414 -0.069336 -0.381836
v -0.145508 -0.075195 -0.379883
v -0.153320 -0.075195 -0.391602
v -0.161133 -0.069336 -0.385742
v -0.149414 -0.069336 -0.381836
v -0.153320 -0.075195 -0.391602
v -0.153320 -0.075195 -0.391602
v -0.161133 -0.081055 -0.391602
v -0.161133 -0.069336 -0.385742
v -0.125977 -0.069336 -0.387695
v -0.135742 -0.071289 -0.389648
v -0.137695 -0.065430 -0.381836
v -0.137695 -0.065430 -0.381836
v -0.145508 -0.075195 -0.379883
v -0.133789 -0.065430 -0.372070
v -0.145508 -0.075195 -0.379883
v -0.149414 -0.069336 -0.381836
v -0.147461 -0.069336 -0.372070
v -0.145508 -0.075195 -0.366211
v -0.133789 -0.065430 -0.372070
v -0.145508 -0.075195 -0.379883
v -0.145508 -0.075195 -0.379883
v -0.147461 -0.069336 -0.372070
v -0.145508 -0.075195 -0.366211
v -0.149414 -0.069336 -0.381836
v -0.161133 -0.069336 -0.385742
v -0.159180 -0.067383 -0.375977
v -0.149414 -0.069336 -0.381836
v -0.159180 -0.067383 -0.375977
v -0.147461 -0.069336 -0.372070
v -0.170898 -0.081055 -0.379883
v -0.163086 -0.088867 -0.391602
v -0.163086 -0.094727 -0.385742
v -0.163086 -0.094727 -0.385742
v -0.166992 -0.092773 -0.375977
v -0.170898 -0.081055 -0.379883
v -0.182617 -0.088867 -0.391602
v -0.178711 -0.094727 -0.377930
v -0.184570 -0.094727 -0.389648
v -0.196289 -0.092773 -0.393555
v -0.182617 -0.088867 -0.391602
v -0.184570 -0.094727 -0.389648
v -0.178711 -0.094727 -0.377930
v -0.182617 -0.088867 -0.391602
v -0.178711 -0.081055 -0.379883
v -0.178711 -0.094727 -0.377930
v -0.178711 -0.081055 -0.379883
v -0.184570 -0.083008 -0.368164
v -0.170898 -0.081055 -0.379883
v -0.161133 -0.081055 -0.391602
v -0.163086 -0.088867 -0.391602
v -0.161133 -0.081055 -0.391602
v -0.170898 -0.081055 -0.379883
v -0.161133 -0.069336 -0.385742
v -0.188477 -0.083008 -0.387695
v -0.178711 -0.081055 -0.379883
v -0.182617 -0.088867 -0.391602
v -0.196289 -0.092773 -0.393555
v -0.196289 -0.086914 -0.395508
v -0.182617 -0.088867 -0.391602
v -0.182617 -0.088867 -0.391602
v -0.196289 -0.086914 -0.395508
v -0.188477 -0.083008 -0.387695
v -0.163086 -0.086914 -0.366211
v -0.170898 -0.081055 -0.379883
v -0.166992 -0.092773 -0.375977
v -0.159180 -0.067383 -0.375977
v -0.161133 -0.069336 -0.385742
v -0.170898 -0.081055 -0.379883
v -0.165039 -0.077148 -0.368164
v -0.159180 -0.067383 -0.375977
v -0.170898 -0.081055 -0.379883
v -0.170898 -0.081055 -0.379883
v -0.163086 -0.086914 -0.366211
v -0.165039 -0.077148 -0.368164
v -0.157227 -0.073242 -0.366211
v -0.147461 -0.069336 -0.372070
v -0.159180 -0.067383 -0.375977
v -0.159180 -0.067383 -0.375977
v -0.165039 -0.077148 -0.368164
v -0.157227 -0.073242 -0.366211
v -0.188477 -0.083008 -0.387695
v -0.184570 -0.077148 -0.379883
v -0.178711 -0.081055 -0.379883
v -0.178711 -0.081055 -0.379883
v -0.184570 -0.077148 -0.379883
v -0.186523 -0.079102 -0.374023
v -0.178711 -0.081055 -0.379883
v -0.186523 -0.079102 -0.374023
v -0.184570 -0.083008 -0.368164
v -0.184570 -0.073242 -0.383789
v -0.184570 -0.077148 -0.379883
v -0.188477 -0.083008 -0.387695
v -0.186523 -0.079102 -0.374023
v -0.184570 -0.077148 -0.379883
v -0.184570 -0.073242 -0.383789
v -0.188477 -0.083008 -0.387695
v -0.194336 -0.075195 -0.391602
v -0.184570 -0.073242 -0.383789
v -0.184570 -0.073242 -0.383789
v -0.194336 -0.075195 -0.391602
v -0.192383 -0.069336 -0.381836
v -0.184570 -0.073242 -0.383789
v -0.192383 -0.069336 -0.381836
v -0.186523 -0.073242 -0.374023
v -0.186523 -0.073242 -0.374023
v -0.186523 -0.079102 -0.374023
v -0.184570 -0.073242 -0.383789
v -0.208008 -0.094727 -0.395508
v -0.196289 -0.086914 -0.395508
v -0.196289 -0.092773 -0.393555
v -0.202148 -0.081055 -0.389648
v -0.196289 -0.086914 -0.395508
v -0.208008 -0.094727 -0.395508
v -0.208008 -0.094727 -0.395508
v -0.211914 -0.081055 -0.395508
v -0.202148 -0.081055 -0.389648
v -0.223633 -0.086914 -0.403320
v -0.211914 -0.081055 -0.395508
v -0.208008 -0.094727 -0.395508
v -0.208008 -0.094727 -0.395508
v -0.235352 -0.096680 -0.397461
v -0.223633 -0.086914 -0.403320
v -0.202148 -0.081055 -0.389648
v -0.188477 -0.083008 -0.387695
v -0.196289 -0.086914 -0.395508
v -0.194336 -0.075195 -0.391602
v -0.188477 -0.083008 -0.387695
v -0.202148 -0.081055 -0.389648
v -0.194336 -0.075195 -0.391602
v -0.202148 -0.081055 -0.389648
v -0.200195 -0.075195 -0.387695
v -0.194336 -0.075195 -0.391602
v -0.200195 -0.075195 -0.387695
v -0.192383 -0.069336 -0.381836
v -0.211914 -0.081055 -0.395508
v -0.209961 -0.071289 -0.391602
v -0.202148 -0.081055 -0.389648
v -0.219727 -0.077148 -0.391602
v -0.209961 -0.071289 -0.391602
v -0.211914 -0.081055 -0.395508
v -0.211914 -0.081055 -0.395508
v -0.223633 -0.086914 -0.403320
v -0.223633 -0.077148 -0.397461
v -0.211914 -0.081055 -0.395508
v -0.223633 -0.077148 -0.397461
v -0.219727 -0.077148 -0.391602
v -0.204102 -0.079102 -0.379883
v -0.202148 -0.081055 -0.389648
v -0.209961 -0.071289 -0.391602
v -0.211914 -0.065430 -0.381836
v -0.204102 -0.079102 -0.379883
v -0.209961 -0.071289 -0.391602
v -0.209961 -0.071289 -0.391602
v -0.217773 -0.071289 -0.389648
v -0.211914 -0.065430 -0.381836
v -0.219727 -0.077148 -0.391602
v -0.217773 -0.071289 -0.389648
v -0.209961 -0.071289 -0.391602
v -0.202148 -0.071289 -0.381836
v -0.200195 -0.075195 -0.387695
v -0.202148 -0.081055 -0.389648
v -0.204102 -0.079102 -0.379883
v -0.202148 -0.071289 -0.381836
v -0.202148 -0.081055 -0.389648
v -0.202148 -0.071289 -0.381836
v -0.192383 -0.069336 -0.381836
v -0.200195 -0.075195 -0.387695
v -0.192383 -0.069336 -0.381836
v -0.202148 -0.071289 -0.381836
v -0.194336 -0.071289 -0.372070
v -0.194336 -0.071289 -0.372070
v -0.186523 -0.073242 -0.374023
v -0.192383 -0.069336 -0.381836
v -0.202148 -0.071289 -0.381836
v -0.204102 -0.079102 -0.379883
v -0.202148 -0.079102 -0.370117
v -0.202148 -0.071289 -0.381836
v -0.202148 -0.079102 -0.370117
v -0.194336 -0.071289 -0.372070
v -0.204102 -0.079102 -0.379883
v -0.211914 -0.065430 -0.381836
v -0.204102 -0.073242 -0.372070
v -0.204102 -0.073242 -0.372070
v -0.202148 -0.079102 -0.370117
v -0.204102 -0.079102 -0.379883
v -0.219727 -0.069336 -0.381836
v -0.211914 -0.065430 -0.381836
v -0.217773 -0.071289 -0.389648
v -0.217773 -0.071289 -0.389648
v -0.219727 -0.077148 -0.391602
v -0.221680 -0.075195 -0.381836
v -0.217773 -0.071289 -0.389648
v -0.221680 -0.075195 -0.381836
v -0.219727 -0.069336 -0.381836
v -0.211914 -0.065430 -0.381836
v -0.219727 -0.069336 -0.381836
v -0.211914 -0.067383 -0.372070
v -0.211914 -0.067383 -0.372070
v -0.204102 -0.073242 -0.372070
v -0.211914 -0.065430 -0.381836
v -0.235352 -0.086914 -0.399414
v -0.223633 -0.086914 -0.403320
v -0.235352 -0.096680 -0.397461
v -0.241211 -0.081055 -0.389648
v -0.235352 -0.086914 -0.399414
v -0.235352 -0.096680 -0.397461
v -0.254883 -0.084961 -0.401367
v -0.241211 -0.081055 -0.389648
v -0.235352 -0.096680 -0.397461
v -0.235352 -0.096680 -0.397461
v -0.274414 -0.096680 -0.393555
v -0.254883 -0.084961 -0.401367
v -0.235352 -0.086914 -0.399414
v -0.223633 -0.077148 -0.397461
v -0.223633 -0.086914 -0.403320
v -0.235352 -0.079102 -0.395508
v -0.219727 -0.077148 -0.391602
v -0.223633 -0.077148 -0.397461
v -0.223633 -0.077148 -0.397461
v -0.235352 -0.086914 -0.399414
v -0.235352 -0.079102 -0.395508
v -0.219727 -0.077148 -0.391602
v -0.235352 -0.079102 -0.395508
v -0.241211 -0.081055 -0.389648
v -0.219727 -0.077148 -0.391602
v -0.231445 -0.069336 -0.387695
v -0.221680 -0.075195 -0.381836
v -0.241211 -0.081055 -0.389648
v -0.231445 -0.069336 -0.387695
v -0.219727 -0.077148 -0.391602
v -0.241211 -0.081055 -0.389648
v -0.235352 -0.079102 -0.395508
v -0.235352 -0.086914 -0.399414
v -0.231445 -0.067383 -0.374023
v -0.221680 -0.075195 -0.381836
v -0.231445 -0.069336 -0.387695
v -0.231445 -0.069336 -0.387695
v -0.241211 -0.081055 -0.389648
v -0.241211 -0.073242 -0.381836
v -0.231445 -0.069336 -0.387695
v -0.241211 -0.073242 -0.381836
v -0.231445 -0.067383 -0.374023
v -0.221680 -0.069336 -0.372070
v -0.219727 -0.069336 -0.381836
v -0.221680 -0.075195 -0.381836
v -0.221680 -0.075195 -0.381836
v -0.231445 -0.081055 -0.368164
v -0.221680 -0.069336 -0.372070
v -0.231445 -0.067383 -0.374023
v -0.231445 -0.081055 -0.368164
v -0.221680 -0.075195 -0.381836
v -0.221680 -0.069336 -0.372070
v -0.211914 -0.067383 -0.372070
v -0.219727 -0.069336 -0.381836
v -0.241211 -0.081055 -0.389648
v -0.247070 -0.071289 -0.389648
v -0.245117 -0.065430 -0.381836
v -0.256836 -0.077148 -0.389648
v -0.247070 -0.071289 -0.389648
v -0.241211 -0.081055 -0.389648
v -0.245117 -0.065430 -0.381836
v -0.241211 -0.073242 -0.381836
v -0.241211 -0.081055 -0.389648
v -0.241211 -0.081055 -0.389648
v -0.254883 -0.084961 -0.401367
v -0.256836 -0.077148 -0.389648
v -0.258789 -0.069336 -0.389648
v -0.245117 -0.065430 -0.381836
v -0.247070 -0.071289 -0.389648
v -0.247070 -0.071289 -0.389648
v -0.256836 -0.077148 -0.389648
v -0.258789 -0.069336 -0.389648
v -0.241211 -0.073242 -0.381836
v -0.245117 -0.065430 -0.381836
v -0.247070 -0.067383 -0.374023
v -0.241211 -0.073242 -0.381836
v -0.231445 -0.081055 -0.368164
v -0.231445 -0.067383 -0.374023
v -0.247070 -0.067383 -0.374023
v -0.231445 -0.081055 -0.368164
v -0.241211 -0.073242 -0.381836
v -0.256836 -0.067383 -0.372070
v -0.247070 -0.067383 -0.374023
v -0.245117 -0.065430 -0.381836
v -0.245117 -0.065430 -0.381836
v -0.258789 -0.069336 -0.389648
v -0.262695 -0.065430 -0.381836
v -0.245117 -0.065430 -0.381836
v -0.262695 -0.065430 -0.381836
v -0.256836 -0.067383 -0.372070
v -0.016602 -0.153320 -0.366211
v -0.016602 -0.153320 -0.336914
v -0.016602 0.059570 -0.336914
v -0.016602 0.059570 -0.336914
v -0.016602 0.059570 -0.368164
v -0.016602 -0.153320 -0.366211
v -0.051758 -0.096680 -0.368164
v -0.057617 -0.096680 -0.358398
v -0.051758 0.022461 -0.370117
v -0.051758 -0.096680 -0.368164
v -0.354492 -0.172852 -0.358398
v -0.297852 -0.096680 -0.368164
v -0.057617 -0.096680 -0.358398
v -0.174805 -0.096680 -0.358398
v -0.057617 0.020508 -0.358398
v -0.057617 0.020508 -0.358398
v -0.051758 0.022461 -0.370117
v -0.057617 -0.096680 -0.358398
v -0.069336 -0.071289 -0.372070
v -0.053711 -0.077148 -0.366211
v -0.055664 -0.071289 -0.370117
v -0.053711 -0.077148 -0.366211
v -0.069336 -0.071289 -0.372070
v -0.071289 -0.075195 -0.366211
v -0.041992 -0.092773 -0.340820
v -0.301758 -0.092773 -0.393555
v -0.301758 -0.092773 -0.340820
v -0.071289 -0.075195 -0.366211
v -0.081055 -0.065430 -0.370117
v -0.110352 -0.073242 -0.368164
v -0.081055 -0.065430 -0.370117
v -0.090820 -0.065430 -0.372070
v -0.110352 -0.073242 -0.368164
v -0.090820 -0.065430 -0.372070
v -0.100586 -0.069336 -0.374023
v -0.110352 -0.073242 -0.368164
v -0.110352 -0.073242 -0.368164
v -0.118164 -0.069336 -0.374023
v -0.133789 -0.065430 -0.372070
v -0.110352 -0.073242 -0.368164
v -0.133789 -0.065430 -0.372070
v -0.145508 -0.075195 -0.366211
v -0.157227 -0.073242 -0.366211
v -0.145508 -0.075195 -0.366211
v -0.147461 -0.069336 -0.372070
v -0.174805 -0.096680 -0.358398
v -0.293945 -0.096680 -0.358398
v -0.293945 0.020508 -0.358398
v -0.174805 0.131836 -0.358398
v -0.057617 0.020508 -0.358398
v -0.174805 -0.096680 -0.358398
v -0.293945 0.020508 -0.358398
v -0.174805 0.131836 -0.358398
v -0.174805 -0.096680 -0.358398
v -0.194336 -0.077148 -0.368164
v -0.184570 -0.083008 -0.368164
v -0.186523 -0.079102 -0.374023
v -0.186523 -0.079102 -0.374023
v -0.186523 -0.073242 -0.374023
v -0.194336 -0.077148 -0.368164
v -0.184570 -0.083008 -0.368164
v -0.194336 -0.077148 -0.368164
v -0.204102 -0.084961 -0.366211
v -0.186523 -0.073242 -0.374023
v -0.194336 -0.071289 -0.372070
v -0.194336 -0.077148 -0.368164
v -0.194336 -0.077148 -0.368164
v -0.194336 -0.071289 -0.372070
v -0.202148 -0.079102 -0.370117
v -0.204102 -0.084961 -0.366211
v -0.194336 -0.077148 -0.368164
v -0.202148 -0.079102 -0.370117
v -0.204102 -0.073242 -0.372070
v -0.204102 -0.084961 -0.366211
v -0.202148 -0.079102 -0.370117
v -0.204102 -0.084961 -0.366211
v -0.204102 -0.073242 -0.372070
v -0.211914 -0.067383 -0.372070
v -0.204102 -0.084961 -0.366211
v -0.211914 -0.067383 -0.372070
v -0.221680 -0.069336 -0.372070
v -0.221680 -0.069336 -0.372070
v -0.231445 -0.081055 -0.368164
v -0.204102 -0.084961 -0.366211
v -0.231445 -0.081055 -0.368164
v -0.247070 -0.067383 -0.374023
v -0.256836 -0.067383 -0.372070
v -0.231445 -0.081055 -0.368164
v -0.256836 -0.067383 -0.372070
v -0.268555 -0.075195 -0.366211
v -0.401367 -0.493164 -0.450195
v -0.401367 -0.485352 -0.450195
v -0.401367 -0.493164 0.245117
v -0.401367 -0.485352 -0.450195
v 0.411133 -0.485352 0.450195
v -0.401367 -0.485352 0.245117
v -0.401367 -0.485352 0.245117
v -0.401367 -0.493164 0.245117
v -0.401367 -0.485352 -0.450195
v -0.329102 -0.489258 -0.370117
v -0.364258 -0.489258 -0.370117
v -0.358398 -0.188477 -0.364258
v -0.329102 -0.188477 -0.334961
v -0.327148 -0.489258 -0.333008
v -0.329102 -0.489258 -0.370117
v -0.358398 -0.188477 -0.364258
v -0.329102 -0.188477 -0.364258
v -0.329102 -0.489258 -0.370117
v -0.329102 -0.489258 -0.370117
v -0.329102 -0.188477 -0.364258
v -0.329102 -0.188477 -0.334961
v -0.364258 -0.489258 -0.370117
v -0.364258 -0.489258 -0.334961
v -0.358398 -0.188477 -0.334961
v -0.358398 -0.188477 -0.334961
v -0.358398 -0.188477 -0.364258
v -0.364258 -0.489258 -0.370117
v -0.368164 -0.485352 -0.229492
v -0.368164 -0.444336 -0.374023
v -0.368164 -0.485352 -0.374023
v -0.368164 -0.444336 -0.229492
v -0.354492 -0.444336 -0.358398
v -0.368164 -0.444336 -0.374023
v -0.368164 -0.444336 -0.374023
v -0.368164 -0.485352 -0.229492
v -0.368164 -0.444336 -0.229492
v -0.354492 -0.444336 -0.229492
v -0.354492 -0.172852 -0.358398
v -0.354492 -0.444336 -0.358398
v -0.368164 -0.444336 -0.229492
v -0.354492 -0.444336 -0.229492
v -0.354492 -0.444336 -0.358398
v -0.358398 -0.188477 -0.334961
v -0.364258 -0.489258 -0.334961
v -0.327148 -0.489258 -0.333008
v -0.327148 -0.489258 -0.333008
v -0.329102 -0.188477 -0.334961
v -0.358398 -0.188477 -0.334961
v -0.272461 -0.084961 -0.401367
v -0.254883 -0.084961 -0.401367
v -0.274414 -0.096680 -0.393555
v -0.280273 -0.084961 -0.393555
v -0.272461 -0.084961 -0.401367
v -0.274414 -0.096680 -0.393555
v -0.291992 -0.088867 -0.391602
v -0.280273 -0.084961 -0.393555
v -0.274414 -0.096680 -0.393555
v -0.274414 -0.096680 -0.393555
v -0.293945 -0.094727 -0.385742
v -0.291992 -0.088867 -0.391602
v -0.272461 -0.084961 -0.401367
v -0.258789 -0.073242 -0.395508
v -0.254883 -0.084961 -0.401367
v -0.254883 -0.084961 -0.401367
v -0.258789 -0.073242 -0.395508
v -0.256836 -0.077148 -0.389648
v -0.258789 -0.073242 -0.395508
v -0.272461 -0.084961 -0.401367
v -0.270508 -0.073242 -0.395508
v -0.258789 -0.073242 -0.395508
v -0.270508 -0.073242 -0.395508
v -0.274414 -0.077148 -0.389648
v -0.274414 -0.077148 -0.389648
v -0.256836 -0.077148 -0.389648
v -0.258789 -0.073242 -0.395508
v -0.272461 -0.084961 -0.401367
v -0.280273 -0.084961 -0.393555
v -0.274414 -0.077148 -0.389648
v -0.274414 -0.077148 -0.389648
v -0.270508 -0.073242 -0.395508
v -0.272461 -0.084961 -0.401367
v -0.291992 -0.088867 -0.391602
v -0.274414 -0.077148 -0.389648
v -0.280273 -0.084961 -0.393555
v -0.266602 -0.075195 -0.379883
v -0.258789 -0.069336 -0.389648
v -0.256836 -0.077148 -0.389648
v -0.256836 -0.077148 -0.389648
v -0.274414 -0.077148 -0.389648
v -0.266602 -0.075195 -0.379883
v -0.266602 -0.075195 -0.379883
v -0.262695 -0.065430 -0.381836
v -0.258789 -0.069336 -0.389648
v -0.262695 -0.065430 -0.381836
v -0.266602 -0.075195 -0.379883
v -0.256836 -0.067383 -0.372070
v -0.280273 -0.071289 -0.381836
v -0.266602 -0.075195 -0.379883
v -0.274414 -0.077148 -0.389648
v -0.290039 -0.079102 -0.389648
v -0.280273 -0.071289 -0.381836
v -0.274414 -0.077148 -0.389648
v -0.274414 -0.077148 -0.389648
v -0.291992 -0.088867 -0.391602
v -0.290039 -0.079102 -0.389648
v -0.266602 -0.075195 -0.379883
v -0.280273 -0.071289 -0.381836
v -0.278320 -0.073242 -0.372070
v -0.268555 -0.075195 -0.366211
v -0.256836 -0.067383 -0.372070
v -0.266602 -0.075195 -0.379883
v -0.266602 -0.075195 -0.379883
v -0.278320 -0.073242 -0.372070
v -0.268555 -0.075195 -0.366211
v -0.280273 -0.071289 -0.381836
v -0.290039 -0.079102 -0.389648
v -0.293945 -0.073242 -0.379883
v -0.280273 -0.071289 -0.381836
v -0.293945 -0.073242 -0.379883
v -0.278320 -0.073242 -0.372070
v -0.297852 -0.092773 -0.375977
v -0.291992 -0.088867 -0.391602
v -0.293945 -0.094727 -0.385742
v -0.301758 -0.092773 -0.340820
v -0.301758 -0.092773 -0.393555
v -0.297852 -0.124023 -0.387695
v -0.297852 -0.124023 -0.387695
v -0.297852 -0.124023 -0.340820
v -0.301758 -0.092773 -0.340820
v -0.293945 -0.073242 -0.379883
v -0.290039 -0.079102 -0.389648
v -0.291992 -0.088867 -0.391602
v -0.291992 -0.088867 -0.391602
v -0.295898 -0.083008 -0.377930
v -0.293945 -0.073242 -0.379883
v -0.297852 -0.092773 -0.375977
v -0.295898 -0.083008 -0.377930
v -0.291992 -0.088867 -0.391602
v -0.288086 -0.077148 -0.368164
v -0.293945 -0.073242 -0.379883
v -0.295898 -0.083008 -0.377930
v -0.295898 -0.083008 -0.377930
v -0.297852 -0.092773 -0.375977
v -0.288086 -0.086914 -0.366211
v -0.295898 -0.083008 -0.377930
v -0.288086 -0.086914 -0.366211
v -0.288086 -0.077148 -0.368164
v -0.288086 -0.077148 -0.368164
v -0.278320 -0.073242 -0.372070
v -0.293945 -0.073242 -0.379883
v -0.368164 -0.184570 0.172852
v -0.368164 -0.184570 -0.374023
v -0.362305 -0.190430 -0.368164
v -0.362305 -0.190430 -0.368164
v -0.362305 -0.190430 0.166992
v -0.368164 -0.184570 0.172852
v -0.331055 -0.153320 -0.366211
v -0.360352 -0.153320 -0.366211
v -0.331055 0.055664 -0.366211
v -0.331055 0.051758 -0.336914
v -0.331055 -0.153320 -0.336914
v -0.331055 -0.153320 -0.366211
v -0.331055 -0.153320 -0.366211
v -0.331055 0.055664 -0.366211
v -0.331055 0.051758 -0.336914
v -0.368164 -0.184570 0.172852
v -0.368164 -0.155273 -0.374023
v -0.368164 -0.184570 -0.374023
v -0.354492 0.024414 -0.358398
v -0.297852 -0.096680 -0.368164
v -0.354492 -0.172852 -0.358398
v -0.354492 -0.172852 -0.358398
v -0.354492 -0.444336 -0.229492
v -0.354492 -0.172852 -0.229492
v -0.354492 -0.172852 -0.358398
v -0.354492 -0.172852 -0.229492
v -0.354492 0.049805 -0.229492
v -0.354492 0.049805 -0.229492
v -0.354492 0.024414 -0.358398
v -0.354492 -0.172852 -0.358398
v -0.362305 -0.149414 -0.368164
v -0.368164 -0.155273 -0.374023
v -0.362305 -0.149414 0.166992
v -0.368164 -0.155273 -0.374023
v -0.368164 -0.184570 0.172852
v -0.368164 -0.155273 0.172852
v -0.368164 -0.155273 0.172852
v -0.362305 -0.149414 0.166992
v -0.368164 -0.155273 -0.374023
v -0.360352 -0.153320 -0.366211
v -0.360352 -0.153320 -0.336914
v -0.360352 0.051758 -0.336914
v -0.360352 0.055664 -0.366211
v -0.331055 0.055664 -0.366211
v -0.360352 -0.153320 -0.366211
v -0.360352 0.051758 -0.336914
v -0.360352 0.055664 -0.366211
v -0.360352 -0.153320 -0.366211
v -0.360352 0.051758 -0.336914
v -0.360352 -0.153320 -0.336914
v -0.331055 -0.153320 -0.336914
v -0.331055 -0.153320 -0.336914
v -0.331055 0.051758 -0.336914
v -0.360352 0.051758 -0.336914
v -0.288086 -0.077148 -0.368164
v -0.268555 -0.075195 -0.366211
v -0.278320 -0.073242 -0.372070
v -0.297852 0.022461 -0.370117
v -0.293945 -0.096680 -0.358398
v -0.297852 -0.096680 -0.368164
v -0.354492 0.024414 -0.358398
v -0.297852 0.022461 -0.370117
v -0.297852 -0.096680 -0.368164
v -0.293945 -0.096680 -0.358398
v -0.297852 0.022461 -0.370117
v -0.293945 0.020508 -0.358398
v -0.368164 -0.444336 0.172852
v -0.368164 -0.444336 -0.229492
v -0.368164 -0.485352 -0.229492
v -0.368164 -0.485352 -0.229492
v -0.368164 -0.485352 0.172852
v -0.368164 -0.444336 0.172852
v -0.354492 -0.444336 -0.229492
v -0.368164 -0.444336 -0.229492
v -0.354492 -0.444336 0.159180
v -0.354492 -0.172852 0.159180
v -0.354492 -0.172852 -0.229492
v -0.354492 -0.444336 -0.229492
v -0.354492 -0.444336 -0.229492
v -0.354492 -0.444336 0.159180
v -0.354492 -0.172852 0.159180
v -0.368164 -0.444336 0.172852
v -0.354492 -0.444336 0.159180
v -0.368164 -0.444336 -0.229492
v -0.354492 0.028320 0.159180
v -0.354492 0.049805 -0.229492
v -0.354492 -0.172852 -0.229492
v -0.354492 -0.172852 -0.229492
v -0.354492 -0.172852 0.159180
v -0.354492 0.028320 0.159180
v -0.006836 0.051758 -0.381836
v -0.174805 0.174805 -0.379883
v -0.174805 0.194336 -0.385742
v -0.174805 0.174805 -0.370117
v -0.174805 0.174805 -0.379883
v -0.006836 0.051758 -0.381836
v -0.006836 0.051758 -0.381836
v -0.004883 0.049805 -0.370117
v -0.174805 0.174805 -0.370117
v -0.159180 0.172852 -0.379883
v -0.172852 0.172852 -0.377930
v -0.151367 0.202148 -0.389648
v -0.159180 0.172852 -0.379883
v -0.151367 0.202148 -0.389648
v -0.161133 0.168945 -0.309570
v -0.344727 0.049805 -0.379883
v -0.174805 0.194336 -0.385742
v -0.174805 0.174805 -0.379883
v -0.174805 0.174805 -0.379883
v -0.174805 0.174805 -0.370117
v -0.344727 0.049805 -0.379883
v -0.172852 0.172852 -0.377930
v -0.186523 0.172852 -0.379883
v -0.192383 0.202148 -0.389648
v -0.172852 0.217773 -0.385742
v -0.151367 0.202148 -0.389648
v -0.172852 0.172852 -0.377930
v -0.184570 0.213867 -0.387695
v -0.172852 0.217773 -0.385742
v -0.172852 0.172852 -0.377930
v -0.192383 0.202148 -0.389648
v -0.184570 0.213867 -0.387695
v -0.172852 0.172852 -0.377930
v -0.190430 0.194336 -0.313477
v -0.192383 0.202148 -0.389648
v -0.186523 0.172852 -0.379883
v -0.184570 0.168945 -0.309570
v -0.190430 0.194336 -0.313477
v -0.186523 0.172852 -0.379883
v -0.172852 0.217773 -0.385742
v -0.159180 0.213867 -0.387695
v -0.151367 0.202148 -0.389648
v -0.151367 0.202148 -0.389648
v -0.159180 0.213867 -0.387695
v -0.161133 0.206055 -0.317383
v -0.161133 0.206055 -0.317383
v -0.155273 0.192383 -0.313477
v -0.151367 0.202148 -0.389648
v -0.151367 0.202148 -0.389648
v -0.155273 0.192383 -0.313477
v -0.161133 0.168945 -0.309570
v -0.159180 0.213867 -0.387695
v -0.172852 0.217773 -0.385742
v -0.172852 0.208008 -0.317383
v -0.172852 0.208008 -0.317383
v -0.161133 0.206055 -0.317383
v -0.159180 0.213867 -0.387695
v -0.368164 0.069336 -0.385742
v -0.174805 0.206055 -0.385742
v -0.174805 0.194336 -0.385742
v -0.344727 0.049805 -0.379883
v -0.358398 0.059570 -0.385742
v -0.174805 0.194336 -0.385742
v -0.174805 0.194336 -0.385742
v -0.358398 0.059570 -0.385742
v -0.368164 0.069336 -0.385742
v -0.368164 0.069336 -0.366211
v -0.174805 0.206055 -0.366211
v -0.174805 0.206055 -0.385742
v -0.174805 0.206055 -0.385742
v -0.368164 0.069336 -0.385742
v -0.368164 0.069336 -0.366211
v -0.172852 0.217773 -0.385742
v -0.184570 0.213867 -0.387695
v -0.182617 0.206055 -0.317383
v -0.182617 0.206055 -0.317383
v -0.172852 0.208008 -0.317383
v -0.172852 0.217773 -0.385742
v -0.184570 0.213867 -0.387695
v -0.192383 0.202148 -0.389648
v -0.190430 0.194336 -0.313477
v -0.190430 0.194336 -0.313477
v -0.182617 0.206055 -0.317383
v -0.184570 0.213867 -0.387695
v -0.010742 0.041992 -0.370117
v -0.010742 0.041992 -0.340820
v -0.174805 0.163086 -0.370117
v -0.051758 0.022461 -0.370117
v -0.057617 0.020508 -0.358398
v -0.174805 0.131836 -0.358398
v -0.174805 0.131836 -0.358398
v -0.174805 0.141602 -0.370117
v -0.051758 0.022461 -0.370117
v -0.174805 0.163086 -0.340820
v -0.174805 0.163086 -0.370117
v -0.010742 0.041992 -0.340820
v -0.174805 0.141602 -0.370117
v -0.174805 0.131836 -0.358398
v -0.297852 0.022461 -0.370117
v -0.354492 0.045898 -0.358398
v -0.174805 0.198242 -0.374023
v -0.174805 0.141602 -0.370117
v -0.174805 0.141602 -0.370117
v -0.297852 0.022461 -0.370117
v -0.354492 0.045898 -0.358398
v -0.293945 0.020508 -0.358398
v -0.297852 0.022461 -0.370117
v -0.174805 0.131836 -0.358398
v -0.174805 0.163086 -0.370117
v -0.174805 0.163086 -0.340820
v -0.340820 0.040039 -0.340820
v -0.358398 0.065430 -0.374023
v -0.174805 0.198242 -0.374023
v -0.174805 0.163086 -0.370117
v -0.340820 0.040039 -0.340820
v -0.340820 0.040039 -0.370117
v -0.174805 0.163086 -0.370117
v -0.174805 0.163086 -0.370117
v -0.340820 0.040039 -0.370117
v -0.358398 0.065430 -0.374023
v -0.346680 0.045898 -0.370117
v -0.344727 0.049805 -0.379883
v -0.174805 0.174805 -0.370117
v -0.358398 0.065430 -0.340820
v -0.174805 0.198242 -0.340820
v -0.174805 0.198242 -0.374023
v -0.174805 0.198242 -0.374023
v -0.358398 0.065430 -0.374023
v -0.358398 0.065430 -0.340820
v -0.174805 0.194336 -0.360352
v -0.174805 0.206055 -0.366211
v -0.368164 0.069336 -0.366211
v -0.368164 0.069336 -0.366211
v -0.358398 0.059570 -0.360352
v -0.174805 0.194336 -0.360352
v -0.155273 0.192383 -0.313477
v -0.161133 0.206055 -0.317383
v -0.161133 0.208008 -0.309570
v -0.157227 0.186523 -0.040039
v -0.161133 0.168945 -0.309570
v -0.155273 0.192383 -0.313477
v -0.155273 0.192383 -0.313477
v -0.161133 0.208008 -0.309570
v -0.163086 0.196289 -0.040039
v -0.163086 0.196289 -0.040039
v -0.157227 0.186523 -0.040039
v -0.155273 0.192383 -0.313477
v -0.161133 0.206055 -0.317383
v -0.172852 0.208008 -0.317383
v -0.161133 0.208008 -0.309570
v -0.172852 0.208008 -0.317383
v -0.182617 0.206055 -0.317383
v -0.172852 0.211914 -0.309570
v -0.172852 0.211914 -0.309570
v -0.161133 0.208008 -0.309570
v -0.172852 0.208008 -0.317383
v -0.182617 0.206055 -0.317383
v -0.190430 0.194336 -0.313477
v -0.182617 0.208008 -0.309570
v -0.182617 0.208008 -0.309570
v -0.172852 0.211914 -0.309570
v -0.182617 0.206055 -0.317383
v -0.190430 0.194336 -0.313477
v -0.184570 0.168945 -0.309570
v -0.186523 0.186523 -0.040039
v -0.182617 0.196289 -0.040039
v -0.182617 0.208008 -0.309570
v -0.190430 0.194336 -0.313477
v -0.190430 0.194336 -0.313477
v -0.186523 0.186523 -0.040039
v -0.182617 0.196289 -0.040039
v -0.157227 0.186523 -0.040039
v -0.163086 0.166992 -0.040039
v -0.161133 0.168945 -0.309570
v -0.184570 0.168945 -0.309570
v -0.182617 0.166992 -0.040039
v -0.186523 0.186523 -0.040039
v -0.161133 0.208008 -0.309570
v -0.172852 0.211914 -0.309570
v -0.172852 0.200195 -0.040039
v -0.172852 0.200195 -0.040039
v -0.163086 0.196289 -0.040039
v -0.161133 0.208008 -0.309570
v -0.172852 0.211914 -0.309570
v -0.182617 0.208008 -0.309570
v -0.172852 0.200195 -0.040039
v -0.182617 0.196289 -0.040039
v -0.172852 0.200195 -0.040039
v -0.182617 0.208008 -0.309570
v -0.358398 0.059570 -0.385742
v -0.344727 0.049805 -0.379883
v -0.346680 0.045898 -0.370117
v -0.368164 0.069336 -0.366211
v -0.368164 0.069336 -0.385742
v -0.358398 0.059570 -0.385742
v -0.358398 0.059570 -0.385742
v -0.346680 0.045898 -0.370117
v -0.358398 0.059570 -0.360352
v -0.358398 0.059570 -0.385742
v -0.358398 0.059570 -0.360352
v -0.368164 0.069336 -0.366211
v -0.297852 0.022461 -0.370117
v -0.354492 0.024414 -0.358398
v -0.354492 0.045898 -0.358398
v -0.340820 0.040039 -0.370117
v -0.340820 0.040039 -0.340820
v -0.358398 0.065430 -0.340820
v -0.358398 0.065430 -0.340820
v -0.358398 0.065430 -0.374023
v -0.340820 0.040039 -0.370117
v -0.354492 0.049805 -0.229492
v -0.354492 0.045898 -0.358398
v -0.354492 0.024414 -0.358398
v -0.358398 0.065430 -0.174805
v -0.358398 0.065430 -0.340820
v -0.340820 0.040039 -0.340820
v -0.340820 0.040039 -0.340820
v -0.340820 0.034180 -0.174805
v -0.358398 0.065430 -0.174805
v -0.340820 0.055664 -0.262695
v -0.385742 0.038086 -0.252930
v -0.397461 0.055664 -0.262695
v -0.340820 0.030273 -0.247070
v -0.385742 0.038086 -0.252930
v -0.340820 0.055664 -0.262695
v -0.340820 0.055664 -0.262695
v -0.397461 0.055664 -0.262695
v -0.340820 0.229492 -0.041992
v -0.374023 0.053711 -0.262695
v -0.401367 0.053711 -0.262695
v -0.379883 0.063477 -0.272461
v -0.374023 0.225586 -0.043945
v -0.401367 0.053711 -0.262695
v -0.374023 0.053711 -0.262695
v -0.374023 0.053711 -0.262695
v -0.379883 0.063477 -0.272461
v -0.374023 0.225586 -0.043945
v -0.385742 0.038086 -0.252930
v -0.395508 0.038086 -0.252930
v -0.397461 0.055664 -0.262695
v -0.385742 0.204102 -0.041992
v -0.395508 0.038086 -0.252930
v -0.385742 0.038086 -0.252930
v -0.385742 0.038086 -0.252930
v -0.340820 0.030273 -0.247070
v -0.385742 0.030273 -0.247070
v -0.385742 0.038086 -0.252930
v -0.385742 0.030273 -0.247070
v -0.385742 0.194336 -0.041992
v -0.385742 0.038086 -0.252930
v -0.385742 0.194336 -0.041992
v -0.385742 0.204102 -0.041992
v -0.395508 0.204102 -0.041992
v -0.397461 0.055664 -0.262695
v -0.395508 0.038086 -0.252930
v -0.395508 0.038086 -0.252930
v -0.385742 0.204102 -0.041992
v -0.395508 0.204102 -0.041992
v -0.397461 0.229492 -0.041992
v -0.340820 0.229492 -0.041992
v -0.397461 0.055664 -0.262695
v -0.397461 0.055664 -0.262695
v -0.395508 0.204102 -0.041992
v -0.397461 0.229492 -0.041992
v -0.399414 0.063477 -0.272461
v -0.379883 0.063477 -0.272461
v -0.401367 0.053711 -0.262695
v -0.401367 0.225586 -0.043945
v -0.399414 0.063477 -0.272461
v -0.401367 0.053711 -0.262695
v -0.401367 0.053711 -0.262695
v -0.374023 0.225586 -0.043945
v -0.401367 0.225586 -0.043945
v -0.379883 0.063477 -0.272461
v -0.399414 0.063477 -0.272461
v -0.399414 0.237305 -0.051758
v -0.379883 0.235352 -0.053711
v -0.374023 0.225586 -0.043945
v -0.379883 0.063477 -0.272461
v -0.399414 0.237305 -0.051758
v -0.379883 0.235352 -0.053711
v -0.379883 0.063477 -0.272461
v -0.401367 0.225586 -0.043945
v -0.399414 0.237305 -0.051758
v -0.399414 0.063477 -0.272461
v -0.338867 0.221680 -0.057617
v -0.157227 0.196289 -0.053711
v -0.157227 0.170898 -0.049805
v -0.157227 0.170898 -0.049805
v -0.334961 0.192383 -0.051758
v -0.338867 0.221680 -0.057617
v -0.157227 0.170898 -0.030273
v -0.157227 0.196289 -0.024414
v -0.334961 0.192383 -0.028320
v -0.338867 0.221680 -0.057617
v -0.157227 0.209961 -0.049805
v -0.157227 0.196289 -0.053711
v -0.334961 0.239258 -0.049805
v -0.157227 0.213867 -0.040039
v -0.157227 0.209961 -0.049805
v -0.157227 0.209961 -0.049805
v -0.338867 0.221680 -0.057617
v -0.334961 0.239258 -0.049805
v -0.334961 0.239258 -0.028320
v -0.157227 0.209961 -0.030273
v -0.157227 0.213867 -0.040039
v -0.157227 0.213867 -0.040039
v -0.334961 0.239258 -0.049805
v -0.334961 0.243164 -0.040039
v -0.157227 0.213867 -0.040039
v -0.334961 0.243164 -0.040039
v -0.334961 0.239258 -0.028320
v -0.157227 0.196289 -0.024414
v -0.157227 0.209961 -0.030273
v -0.338867 0.219727 -0.022461
v -0.338867 0.219727 -0.022461
v -0.334961 0.192383 -0.028320
v -0.157227 0.196289 -0.024414
v -0.334961 0.239258 -0.028320
v -0.338867 0.219727 -0.022461
v -0.157227 0.209961 -0.030273
v -0.340820 0.194336 -0.041992
v -0.385742 0.030273 -0.247070
v -0.340820 0.030273 -0.247070
v -0.354492 0.049805 -0.229492
v -0.354492 0.028320 0.159180
v -0.354492 0.049805 0.159180
v -0.385742 0.030273 -0.247070
v -0.340820 0.194336 -0.041992
v -0.385742 0.194336 -0.041992
v -0.401367 0.204102 -0.053711
v -0.338867 0.221680 -0.057617
v -0.334961 0.192383 -0.051758
v -0.385742 0.030273 0.165039
v -0.385742 0.194336 -0.041992
v -0.340820 0.194336 -0.041992
v -0.340820 0.194336 -0.041992
v -0.340820 0.030273 0.165039
v -0.385742 0.030273 0.165039
v -0.342773 0.237305 -0.049805
v -0.334961 0.239258 -0.049805
v -0.338867 0.221680 -0.057617
v -0.411133 0.241211 -0.059570
v -0.342773 0.237305 -0.049805
v -0.338867 0.221680 -0.057617
v -0.338867 0.221680 -0.057617
v -0.401367 0.204102 -0.053711
v -0.411133 0.241211 -0.059570
v -0.334961 0.239258 -0.049805
v -0.342773 0.237305 -0.049805
v -0.334961 0.243164 -0.040039
v -0.342773 0.241211 -0.040039
v -0.334961 0.243164 -0.040039
v -0.342773 0.237305 -0.049805
v -0.409180 0.254883 -0.051758
v -0.342773 0.241211 -0.040039
v -0.342773 0.237305 -0.049805
v -0.342773 0.237305 -0.049805
v -0.411133 0.241211 -0.059570
v -0.409180 0.254883 -0.051758
v -0.340820 0.229492 -0.041992
v -0.397461 0.229492 -0.041992
v -0.397461 0.055664 0.180664
v -0.397461 0.055664 0.180664
v -0.340820 0.055664 0.180664
v -0.340820 0.229492 -0.041992
v -0.334961 0.243164 -0.040039
v -0.342773 0.241211 -0.040039
v -0.334961 0.239258 -0.028320
v -0.342773 0.237305 -0.028320
v -0.334961 0.239258 -0.028320
v -0.342773 0.241211 -0.040039
v -0.409180 0.254883 -0.026367
v -0.342773 0.237305 -0.028320
v -0.342773 0.241211 -0.040039
v -0.342773 0.241211 -0.040039
v -0.409180 0.254883 -0.051758
v -0.407227 0.258789 -0.040039
v -0.342773 0.241211 -0.040039
v -0.407227 0.258789 -0.040039
v -0.409180 0.254883 -0.026367
v -0.401367 0.053711 0.180664
v -0.401367 0.225586 -0.038086
v -0.374023 0.225586 -0.038086
v -0.374023 0.225586 -0.038086
v -0.379883 0.235352 -0.028320
v -0.379883 0.063477 0.190430
v -0.374023 0.225586 -0.038086
v -0.374023 0.053711 0.180664
v -0.401367 0.053711 0.180664
v -0.379883 0.063477 0.190430
v -0.374023 0.053711 0.180664
v -0.374023 0.225586 -0.038086
v -0.334961 0.192383 -0.028320
v -0.338867 0.219727 -0.022461
v -0.411133 0.241211 -0.018555
v -0.411133 0.241211 -0.018555
v -0.401367 0.204102 -0.026367
v -0.334961 0.192383 -0.028320
v -0.338867 0.219727 -0.022461
v -0.334961 0.239258 -0.028320
v -0.342773 0.237305 -0.028320
v -0.338867 0.219727 -0.022461
v -0.342773 0.237305 -0.028320
v -0.411133 0.241211 -0.018555
v -0.409180 0.254883 -0.026367
v -0.411133 0.241211 -0.018555
v -0.342773 0.237305 -0.028320
v -0.401367 0.204102 -0.053711
v -0.399414 0.204102 -0.040039
v -0.411133 0.241211 -0.059570
v -0.385742 0.038086 0.168945
v -0.385742 0.204102 -0.041992
v -0.385742 0.194336 -0.041992
v -0.385742 0.194336 -0.041992
v -0.385742 0.030273 0.165039
v -0.385742 0.038086 0.168945
v -0.395508 0.038086 0.168945
v -0.395508 0.204102 -0.041992
v -0.385742 0.204102 -0.041992
v -0.385742 0.204102 -0.041992
v -0.385742 0.038086 0.168945
v -0.395508 0.038086 0.168945
v -0.397461 0.055664 0.180664
v -0.397461 0.229492 -0.041992
v -0.395508 0.204102 -0.041992
v -0.395508 0.204102 -0.041992
v -0.395508 0.038086 0.168945
v -0.397461 0.055664 0.180664
v -0.409180 0.254883 -0.051758
v -0.411133 0.241211 -0.059570
v -0.399414 0.204102 -0.040039
v -0.399414 0.204102 -0.040039
v -0.401367 0.204102 -0.026367
v -0.411133 0.241211 -0.018555
v -0.399414 0.204102 -0.040039
v -0.411133 0.241211 -0.018555
v -0.407227 0.258789 -0.040039
v -0.407227 0.258789 -0.040039
v -0.409180 0.254883 -0.051758
v -0.399414 0.204102 -0.040039
v -0.399414 0.063477 0.190430
v -0.399414 0.237305 -0.028320
v -0.401367 0.225586 -0.038086
v -0.401367 0.225586 -0.038086
v -0.401367 0.053711 0.180664
v -0.399414 0.063477 0.190430
v -0.379883 0.235352 -0.028320
v -0.399414 0.237305 -0.028320
v -0.379883 0.063477 0.190430
v -0.399414 0.063477 0.190430
v -0.379883 0.063477 0.190430
v -0.399414 0.237305 -0.028320
v -0.409180 0.254883 -0.026367
v -0.407227 0.258789 -0.040039
v -0.411133 0.241211 -0.018555
v 0.374023 -0.461914 0.075195
v 0.374023 -0.485352 0.090820
v 0.374023 -0.485352 0.075195
v 0.188477 -0.467773 0.075195
v 0.374023 -0.461914 0.075195
v 0.374023 -0.485352 0.075195
v 0.374023 -0.485352 0.090820
v 0.374023 -0.461914 0.075195
v 0.374023 -0.461914 0.090820
v 0.374023 -0.485352 0.090820
v 0.374023 -0.461914 0.090820
v 0.188477 -0.432617 0.090820
v 0.188477 -0.432617 0.090820
v 0.188477 -0.485352 0.090820
v 0.374023 -0.485352 0.090820
v 0.188477 -0.432617 0.075195
v 0.374023 -0.461914 0.090820
v 0.374023 -0.461914 0.075195
v 0.374023 -0.461914 0.075195
v 0.188477 -0.467773 0.075195
v 0.188477 -0.432617 0.075195
v 0.374023 -0.461914 0.090820
v 0.188477 -0.432617 0.075195
v 0.188477 -0.432617 0.090820
v 0.313477 -0.487305 0.112305
v 0.305664 -0.487305 0.110352
v 0.303711 -0.405273 0.108398
v 0.307617 -0.405273 0.120117
v 0.309570 -0.487305 0.122070
v 0.313477 -0.487305 0.112305
v 0.313477 -0.487305 0.112305
v 0.303711 -0.405273 0.108398
v 0.311523 -0.405273 0.112305
v 0.313477 -0.487305 0.112305
v 0.311523 -0.405273 0.112305
v 0.307617 -0.405273 0.120117
v 0.305664 -0.409180 0.104492
v 0.313477 -0.409180 0.106445
v 0.315430 -0.463867 0.106445
v 0.315430 -0.463867 0.106445
v 0.313477 -0.409180 0.106445
v 0.280273 -0.463867 0.204102
v 0.315430 -0.463867 0.106445
v 0.307617 -0.463867 0.104492
v 0.305664 -0.409180 0.104492
v 0.280273 -0.463867 0.204102
v 0.307617 -0.463867 0.104492
v 0.315430 -0.463867 0.106445
v 0.313477 -0.409180 0.106445
v 0.305664 -0.409180 0.104492
v 0.278320 -0.409180 0.204102
v 0.278320 -0.409180 0.204102
v 0.280273 -0.463867 0.204102
v 0.313477 -0.409180 0.106445
v 0.305664 -0.487305 0.110352
v 0.301758 -0.487305 0.118164
v 0.299805 -0.407227 0.118164
v 0.305664 -0.487305 0.110352
v 0.299805 -0.407227 0.118164
v 0.303711 -0.405273 0.108398
v 0.299805 -0.407227 0.118164
v 0.301758 -0.487305 0.118164
v 0.309570 -0.487305 0.122070
v 0.307617 -0.405273 0.120117
v 0.299805 -0.407227 0.118164
v 0.309570 -0.487305 0.122070
v 0.272461 -0.463867 0.202148
v 0.305664 -0.409180 0.104492
v 0.307617 -0.463867 0.104492
v 0.280273 -0.463867 0.204102
v 0.272461 -0.463867 0.202148
v 0.307617 -0.463867 0.104492
v 0.305664 -0.409180 0.104492
v 0.272461 -0.463867 0.202148
v 0.270508 -0.409180 0.200195
v 0.305664 -0.409180 0.104492
v 0.270508 -0.409180 0.200195
v 0.278320 -0.409180 0.204102
v 0.307617 -0.405273 0.120117
v 0.303711 -0.405273 0.108398
v 0.299805 -0.407227 0.118164
v 0.307617 -0.405273 0.120117
v 0.311523 -0.405273 0.112305
v 0.303711 -0.405273 0.108398
v 0.274414 -0.407227 0.186523
v 0.284180 -0.487305 0.190430
v 0.276367 -0.487305 0.188477
v 0.282227 -0.407227 0.188477
v 0.284180 -0.487305 0.190430
v 0.274414 -0.407227 0.186523
v 0.274414 -0.407227 0.186523
v 0.276367 -0.487305 0.188477
v 0.270508 -0.407227 0.194336
v 0.278320 -0.405273 0.198242
v 0.282227 -0.407227 0.188477
v 0.274414 -0.407227 0.186523
v 0.274414 -0.407227 0.186523
v 0.270508 -0.407227 0.194336
v 0.278320 -0.405273 0.198242
v 0.278320 -0.405273 0.198242
v 0.282227 -0.487305 0.200195
v 0.284180 -0.487305 0.190430
v 0.284180 -0.487305 0.190430
v 0.282227 -0.407227 0.188477
v 0.278320 -0.405273 0.198242
v 0.278320 -0.405273 0.198242
v 0.274414 -0.487305 0.196289
v 0.282227 -0.487305 0.200195
v 0.276367 -0.487305 0.188477
v 0.274414 -0.487305 0.196289
v 0.270508 -0.407227 0.194336
v 0.278320 -0.405273 0.198242
v 0.270508 -0.407227 0.194336
v 0.274414 -0.487305 0.196289
v 0.272461 -0.463867 0.202148
v 0.280273 -0.463867 0.204102
v 0.278320 -0.409180 0.204102
v 0.278320 -0.409180 0.204102
v 0.270508 -0.409180 0.200195
v 0.272461 -0.463867 0.202148
v 0.204102 -0.446289 0.047852
v 0.170898 -0.446289 0.047852
v 0.204102 -0.297852 0.047852
v 0.204102 -0.297852 0.047852
v 0.202148 -0.446289 0.083008
v 0.204102 -0.446289 0.047852
v 0.170898 -0.297852 0.047852
v 0.204102 -0.297852 0.047852
v 0.170898 -0.446289 0.047852
v 0.202148 -0.313477 0.083008
v 0.186523 -0.446289 0.083008
v 0.202148 -0.446289 0.083008
v 0.202148 -0.446289 0.083008
v 0.204102 -0.297852 0.047852
v 0.202148 -0.313477 0.083008
v 0.186523 -0.446289 0.083008
v 0.202148 -0.313477 0.083008
v 0.186523 -0.313477 0.083008
v 0.170898 -0.297852 0.047852
v 0.204102 -0.264648 0.041992
v 0.204102 -0.297852 0.047852
v 0.204102 -0.297852 0.047852
v 0.204102 -0.264648 0.041992
v 0.202148 -0.250977 0.073242
v 0.202148 -0.250977 0.073242
v 0.202148 -0.313477 0.083008
v 0.204102 -0.297852 0.047852
v 0.204102 -0.264648 0.041992
v 0.170898 -0.297852 0.047852
v 0.170898 -0.266602 0.041992
v 0.204102 -0.264648 0.041992
v 0.170898 -0.266602 0.041992
v 0.170898 -0.239258 0.024414
v 0.204102 -0.237305 0.024414
v 0.202148 -0.250977 0.073242
v 0.204102 -0.264648 0.041992
v 0.170898 -0.239258 0.024414
v 0.204102 -0.237305 0.024414
v 0.204102 -0.264648 0.041992
v 0.196289 -0.374023 0.092773
v 0.190430 -0.374023 0.092773
v 0.190430 -0.344727 0.092773
v 0.196289 -0.374023 0.135742
v 0.190430 -0.374023 0.092773
v 0.196289 -0.374023 0.092773
v 0.190430 -0.344727 0.092773
v 0.196289 -0.344727 0.092773
v 0.196289 -0.374023 0.092773
v 0.196289 -0.374023 0.092773
v 0.196289 -0.344727 0.092773
v 0.196289 -0.344727 0.135742
v 0.196289 -0.344727 0.135742
v 0.196289 -0.374023 0.135742
v 0.196289 -0.374023 0.092773
v 0.190430 -0.374023 0.092773
v 0.196289 -0.374023 0.135742
v 0.190430 -0.374023 0.135742
v 0.196289 -0.344727 0.092773
v 0.190430 -0.344727 0.092773
v 0.196289 -0.344727 0.135742
v 0.190430 -0.344727 0.135742
v 0.196289 -0.344727 0.135742
v 0.190430 -0.344727 0.092773
v 0.202148 -0.313477 0.083008
v 0.202148 -0.250977 0.073242
v 0.186523 -0.313477 0.083008
v 0.196289 -0.305664 0.092773
v 0.190430 -0.305664 0.092773
v 0.190430 -0.276367 0.092773
v 0.196289 -0.305664 0.135742
v 0.190430 -0.305664 0.092773
v 0.196289 -0.305664 0.092773
v 0.190430 -0.276367 0.092773
v 0.196289 -0.276367 0.092773
v 0.196289 -0.305664 0.092773
v 0.196289 -0.305664 0.092773
v 0.196289 -0.276367 0.092773
v 0.196289 -0.276367 0.135742
v 0.196289 -0.276367 0.135742
v 0.196289 -0.305664 0.135742
v 0.196289 -0.305664 0.092773
v 0.190430 -0.305664 0.092773
v 0.196289 -0.305664 0.135742
v 0.190430 -0.305664 0.135742
v 0.186523 -0.250977 0.073242
v 0.186523 -0.313477 0.083008
v 0.202148 -0.250977 0.073242
v 0.186523 -0.211914 0.049805
v 0.186523 -0.250977 0.073242
v 0.202148 -0.250977 0.073242
v 0.202148 -0.250977 0.073242
v 0.204102 -0.237305 0.024414
v 0.202148 -0.211914 0.049805
v 0.202148 -0.250977 0.073242
v 0.202148 -0.211914 0.049805
v 0.186523 -0.211914 0.049805
v 0.196289 -0.276367 0.092773
v 0.190430 -0.276367 0.092773
v 0.196289 -0.276367 0.135742
v 0.190430 -0.276367 0.135742
v 0.196289 -0.276367 0.135742
v 0.190430 -0.276367 0.092773
v 0.014648 -0.444336 0.172852
v 0.206055 -0.444336 0.170898
v 0.190430 -0.444336 0.155273
v 0.190430 -0.444336 0.155273
v 0.020508 -0.444336 0.155273
v 0.014648 -0.444336 0.172852
v 0.190430 -0.172852 0.155273
v 0.020508 -0.444336 0.155273
v 0.190430 -0.444336 0.155273
v 0.206055 -0.485352 0.170898
v 0.206055 -0.444336 0.170898
v 0.014648 -0.485352 0.172852
v 0.014648 -0.444336 0.172852
v 0.014648 -0.485352 0.172852
v 0.206055 -0.444336 0.170898
v 0.196289 -0.344727 0.135742
v 0.190430 -0.374023 0.135742
v 0.196289 -0.374023 0.135742
v 0.190430 -0.374023 0.135742
v 0.196289 -0.344727 0.135742
v 0.190430 -0.344727 0.135742
v 0.196289 -0.276367 0.135742
v 0.190430 -0.305664 0.135742
v 0.196289 -0.305664 0.135742
v 0.190430 -0.305664 0.135742
v 0.196289 -0.276367 0.135742
v 0.190430 -0.276367 0.135742
v 0.206055 -0.282227 0.149414
v 0.188477 -0.282227 0.149414
v 0.209961 -0.256836 0.145508
v 0.206055 -0.282227 0.165039
v 0.188477 -0.282227 0.149414
v 0.206055 -0.282227 0.149414
v 0.206055 -0.282227 0.149414
v 0.209961 -0.256836 0.145508
v 0.209961 -0.256836 0.168945
v 0.209961 -0.256836 0.168945
v 0.206055 -0.282227 0.165039
v 0.206055 -0.282227 0.149414
v 0.186523 -0.256836 0.145508
v 0.209961 -0.256836 0.145508
v 0.188477 -0.282227 0.149414
v 0.188477 -0.282227 0.149414
v 0.206055 -0.282227 0.165039
v 0.188477 -0.282227 0.165039
v 0.188477 -0.282227 0.149414
v 0.188477 -0.282227 0.165039
v 0.186523 -0.256836 0.145508
v 0.213867 -0.252930 0.172852
v 0.209961 -0.256836 0.145508
v 0.213867 -0.252930 0.141602
v 0.213867 -0.252930 0.141602
v 0.209961 -0.256836 0.145508
v 0.186523 -0.256836 0.145508
v 0.209961 -0.249023 0.145508
v 0.213867 -0.252930 0.172852
v 0.213867 -0.252930 0.141602
v 0.186523 -0.256836 0.145508
v 0.180664 -0.252930 0.141602
v 0.213867 -0.252930 0.141602
v 0.213867 -0.252930 0.141602
v 0.180664 -0.252930 0.141602
v 0.209961 -0.249023 0.145508
v 0.213867 -0.252930 0.172852
v 0.209961 -0.256836 0.168945
v 0.209961 -0.256836 0.145508
v 0.209961 -0.256836 0.168945
v 0.188477 -0.282227 0.165039
v 0.206055 -0.282227 0.165039
v 0.188477 -0.282227 0.165039
v 0.209961 -0.256836 0.168945
v 0.186523 -0.256836 0.168945
v 0.186523 -0.256836 0.168945
v 0.186523 -0.256836 0.145508
v 0.188477 -0.282227 0.165039
v 0.209961 -0.256836 0.168945
v 0.213867 -0.252930 0.172852
v 0.180664 -0.252930 0.172852
v 0.180664 -0.252930 0.172852
v 0.186523 -0.256836 0.168945
v 0.209961 -0.256836 0.168945
v 0.208008 -0.249023 0.168945
v 0.180664 -0.252930 0.172852
v 0.213867 -0.252930 0.172852
v 0.213867 -0.252930 0.172852
v 0.209961 -0.249023 0.145508
v 0.208008 -0.249023 0.168945
v 0.180664 -0.252930 0.141602
v 0.186523 -0.256836 0.145508
v 0.180664 -0.252930 0.172852
v 0.180664 -0.252930 0.141602
v 0.180664 -0.252930 0.172852
v 0.184570 -0.249023 0.145508
v 0.184570 -0.249023 0.145508
v 0.209961 -0.249023 0.145508
v 0.180664 -0.252930 0.141602
v 0.186523 -0.256836 0.145508
v 0.186523 -0.256836 0.168945
v 0.180664 -0.252930 0.172852
v 0.180664 -0.252930 0.172852
v 0.208008 -0.249023 0.168945
v 0.186523 -0.249023 0.168945
v 0.186523 -0.249023 0.168945
v 0.184570 -0.249023 0.145508
v 0.180664 -0.252930 0.172852
v 0.004883 -0.444336 0.159180
v 0.020508 -0.444336 0.155273
v 0.004883 -0.444336 0.125977
v 0.020508 -0.444336 0.155273
v 0.004883 -0.444336 0.159180
v 0.014648 -0.444336 0.172852
v 0.020508 -0.172852 0.155273
v 0.004883 -0.444336 0.159180
v 0.020508 -0.444336 0.155273
v 0.020508 -0.444336 0.155273
v 0.190430 -0.172852 0.155273
v 0.020508 -0.172852 0.155273
v 0.083008 0.118164 0.200195
v 0.083008 -0.475586 0.200195
v 0.032227 -0.456055 0.163086
v -0.010742 -0.475586 0.116211
v 0.083008 0.118164 0.200195
v 0.032227 -0.456055 0.163086
v 0.014648 -0.485352 0.172852
v 0.014648 -0.444336 0.172852
v -0.368164 -0.444336 0.172852
v -0.368164 -0.444336 0.172852
v -0.368164 -0.485352 0.172852
v 0.014648 -0.485352 0.172852
v -0.354492 -0.444336 0.159180
v 0.014648 -0.444336 0.172852
v 0.004883 -0.444336 0.159180
v 0.004883 -0.444336 0.159180
v 0.004883 -0.172852 0.159180
v -0.354492 -0.172852 0.159180
v -0.354492 -0.172852 0.159180
v -0.354492 -0.444336 0.159180
v 0.004883 -0.444336 0.159180
v 0.014648 -0.444336 0.172852
v -0.354492 -0.444336 0.159180
v -0.368164 -0.444336 0.172852
v 0.114258 -0.489258 0.192383
v 0.124023 -0.497070 0.196289
v 0.090820 -0.497070 0.188477
v 0.114258 -0.489258 0.325195
v 0.124023 -0.497070 0.196289
v 0.114258 -0.489258 0.192383
v 0.090820 -0.497070 0.188477
v 0.124023 -0.461914 0.194336
v 0.114258 -0.489258 0.192383
v 0.114258 -0.489258 0.192383
v 0.124023 -0.461914 0.194336
v 0.114258 -0.489258 0.325195
v 0.124023 -0.497070 0.196289
v 0.114258 -0.489258 0.325195
v 0.112305 -0.497070 0.331055
v 0.112305 -0.461914 0.204102
v 0.114258 -0.469727 0.213867
v 0.100586 -0.469727 0.196289
v 0.100586 -0.469727 0.196289
v 0.104492 -0.456055 0.196289
v 0.112305 -0.461914 0.204102
v 0.092773 -0.448242 0.200195
v 0.104492 -0.456055 0.196289
v 0.100586 -0.469727 0.196289
v 0.114258 -0.469727 0.213867
v 0.112305 -0.461914 0.204102
v 0.114258 -0.454102 0.221680
v 0.114258 -0.454102 0.221680
v 0.120117 -0.471680 0.229492
v 0.114258 -0.469727 0.213867
v 0.124023 -0.461914 0.194336
v 0.090820 -0.497070 0.188477
v 0.081055 -0.461914 0.200195
v 0.124023 -0.461914 0.194336
v 0.081055 -0.461914 0.200195
v 0.114258 -0.461914 0.331055
v 0.114258 -0.461914 0.331055
v 0.114258 -0.489258 0.325195
v 0.124023 -0.461914 0.194336
v 0.104492 -0.456055 0.196289
v 0.108398 -0.448242 0.202148
v 0.116211 -0.454102 0.209961
v 0.092773 -0.448242 0.200195
v 0.108398 -0.448242 0.202148
v 0.104492 -0.456055 0.196289
v 0.116211 -0.454102 0.209961
v 0.112305 -0.461914 0.204102
v 0.104492 -0.456055 0.196289
v 0.104492 -0.440430 0.208008
v 0.116211 -0.454102 0.209961
v 0.108398 -0.448242 0.202148
v 0.092773 -0.448242 0.200195
v 0.104492 -0.440430 0.208008
v 0.108398 -0.448242 0.202148
v 0.112305 -0.461914 0.204102
v 0.116211 -0.454102 0.209961
v 0.114258 -0.454102 0.221680
v 0.104492 -0.440430 0.208008
v 0.110352 -0.442383 0.217773
v 0.116211 -0.454102 0.209961
v 0.116211 -0.454102 0.209961
v 0.110352 -0.442383 0.217773
v 0.114258 -0.454102 0.221680
v 0.110352 -0.442383 0.217773
v 0.104492 -0.440430 0.208008
v 0.096680 -0.440430 0.217773
v 0.110352 -0.442383 0.217773
v 0.096680 -0.440430 0.217773
v 0.102539 -0.446289 0.221680
v 0.102539 -0.446289 0.221680
v 0.114258 -0.454102 0.221680
v 0.110352 -0.442383 0.217773
v 0.092773 -0.442383 0.209961
v 0.096680 -0.440430 0.217773
v 0.104492 -0.440430 0.208008
v 0.104492 -0.440430 0.208008
v 0.092773 -0.448242 0.200195
v 0.092773 -0.442383 0.209961
v 0.096680 -0.440430 0.217773
v 0.092773 -0.442383 0.209961
v 0.088867 -0.448242 0.219727
v 0.088867 -0.448242 0.219727
v 0.102539 -0.446289 0.221680
v 0.096680 -0.440430 0.217773
v 0.071289 0.069336 0.219727
v 0.083008 -0.475586 0.321289
v 0.083008 -0.475586 0.200195
v 0.083008 -0.475586 0.200195
v 0.083008 0.118164 0.200195
v 0.086914 0.069336 0.219727
v 0.083008 -0.475586 0.200195
v 0.086914 0.069336 0.219727
v 0.071289 0.069336 0.219727
v 0.073242 -0.461914 0.325195
v 0.114258 -0.461914 0.331055
v 0.081055 -0.461914 0.200195
v 0.088867 -0.448242 0.219727
v 0.092773 -0.442383 0.209961
v 0.092773 -0.448242 0.200195
v 0.124023 -0.459961 0.249023
v 0.120117 -0.471680 0.249023
v 0.120117 -0.471680 0.229492
v 0.120117 -0.471680 0.229492
v 0.114258 -0.454102 0.221680
v 0.124023 -0.459961 0.231445
v 0.120117 -0.471680 0.229492
v 0.124023 -0.459961 0.231445
v 0.124023 -0.459961 0.249023
v 0.120117 -0.471680 0.249023
v 0.124023 -0.459961 0.249023
v 0.124023 -0.452148 0.282227
v 0.124023 -0.452148 0.282227
v 0.116211 -0.471680 0.295898
v 0.120117 -0.471680 0.249023
v 0.118164 -0.450195 0.239258
v 0.124023 -0.459961 0.231445
v 0.114258 -0.454102 0.221680
v 0.104492 -0.440430 0.225586
v 0.112305 -0.442383 0.229492
v 0.114258 -0.454102 0.221680
v 0.114258 -0.454102 0.221680
v 0.112305 -0.442383 0.229492
v 0.118164 -0.450195 0.239258
v 0.114258 -0.454102 0.221680
v 0.102539 -0.446289 0.221680
v 0.104492 -0.440430 0.225586
v 0.118164 -0.450195 0.239258
v 0.124023 -0.459961 0.249023
v 0.124023 -0.459961 0.231445
v 0.112305 -0.442383 0.229492
v 0.104492 -0.440430 0.225586
v 0.106445 -0.434570 0.235352
v 0.114258 -0.442383 0.241211
v 0.118164 -0.450195 0.239258
v 0.112305 -0.442383 0.229492
v 0.106445 -0.434570 0.235352
v 0.114258 -0.442383 0.241211
v 0.112305 -0.442383 0.229492
v 0.088867 -0.448242 0.219727
v 0.104492 -0.440430 0.225586
v 0.102539 -0.446289 0.221680
v 0.104492 -0.440430 0.225586
v 0.088867 -0.448242 0.219727
v 0.094727 -0.436523 0.229492
v 0.104492 -0.440430 0.225586
v 0.094727 -0.436523 0.229492
v 0.106445 -0.434570 0.235352
v 0.124023 -0.459961 0.249023
v 0.118164 -0.450195 0.239258
v 0.114258 -0.452148 0.256836
v 0.124023 -0.459961 0.249023
v 0.114258 -0.452148 0.256836
v 0.124023 -0.452148 0.282227
v 0.118164 -0.450195 0.239258
v 0.114258 -0.442383 0.241211
v 0.114258 -0.452148 0.256836
v 0.114258 -0.442383 0.241211
v 0.106445 -0.434570 0.235352
v 0.112305 -0.442383 0.250977
v 0.112305 -0.442383 0.250977
v 0.114258 -0.452148 0.256836
v 0.114258 -0.442383 0.241211
v 0.088867 -0.448242 0.219727
v 0.090820 -0.444336 0.249023
v 0.094727 -0.436523 0.229492
v 0.098633 -0.434570 0.243164
v 0.094727 -0.436523 0.229492
v 0.090820 -0.444336 0.249023
v 0.112305 -0.442383 0.250977
v 0.098633 -0.434570 0.243164
v 0.090820 -0.444336 0.249023
v 0.098633 -0.440430 0.250977
v 0.112305 -0.442383 0.250977
v 0.090820 -0.444336 0.249023
v 0.094727 -0.434570 0.262695
v 0.098633 -0.440430 0.250977
v 0.090820 -0.444336 0.249023
v 0.090820 -0.444336 0.249023
v 0.084961 -0.448242 0.291992
v 0.094727 -0.434570 0.262695
v 0.098633 -0.434570 0.243164
v 0.106445 -0.434570 0.235352
v 0.094727 -0.436523 0.229492
v 0.106445 -0.434570 0.235352
v 0.098633 -0.434570 0.243164
v 0.112305 -0.442383 0.250977
v 0.069336 -0.391602 0.225586
v 0.096680 -0.377930 0.225586
v 0.096680 -0.391602 0.225586
v 0.096680 -0.391602 0.225586
v 0.096680 -0.377930 0.225586
v 0.096680 -0.391602 0.301758
v 0.069336 -0.391602 0.301758
v 0.069336 -0.391602 0.225586
v 0.096680 -0.391602 0.225586
v 0.096680 -0.391602 0.225586
v 0.096680 -0.391602 0.301758
v 0.069336 -0.391602 0.301758
v 0.096680 -0.377930 0.225586
v 0.069336 -0.391602 0.225586
v 0.069336 -0.377930 0.225586
v 0.096680 -0.377930 0.225586
v 0.069336 -0.377930 0.225586
v 0.069336 -0.377930 0.301758
v 0.096680 -0.377930 0.301758
v 0.096680 -0.391602 0.301758
v 0.096680 -0.377930 0.225586
v 0.069336 -0.377930 0.301758
v 0.096680 -0.377930 0.301758
v 0.096680 -0.377930 0.225586
v 0.088867 -0.377930 0.233398
v 0.077148 -0.377930 0.233398
v 0.077148 -0.290039 0.233398
v 0.077148 -0.290039 0.233398
v 0.088867 -0.290039 0.233398
v 0.088867 -0.377930 0.233398
v 0.088867 -0.377930 0.233398
v 0.088867 -0.290039 0.233398
v 0.088867 -0.377930 0.295898
v 0.077148 -0.377930 0.295898
v 0.077148 -0.290039 0.233398
v 0.077148 -0.377930 0.233398
v 0.088867 -0.290039 0.233398
v 0.077148 -0.290039 0.233398
v 0.088867 -0.268555 0.247070
v 0.088867 -0.290039 0.233398
v 0.088867 -0.268555 0.247070
v 0.088867 -0.291992 0.293945
v 0.088867 -0.291992 0.293945
v 0.088867 -0.377930 0.295898
v 0.088867 -0.290039 0.233398
v 0.077148 -0.268555 0.247070
v 0.088867 -0.268555 0.247070
v 0.077148 -0.290039 0.233398
v 0.077148 -0.291992 0.293945
v 0.077148 -0.268555 0.247070
v 0.077148 -0.290039 0.233398
v 0.077148 -0.290039 0.233398
v 0.077148 -0.377930 0.295898
v 0.077148 -0.291992 0.293945
v 0.088867 -0.268555 0.247070
v 0.077148 -0.268555 0.247070
v 0.088867 -0.264648 0.264648
v 0.088867 -0.268555 0.247070
v 0.088867 -0.264648 0.264648
v 0.088867 -0.268555 0.280273
v 0.088867 -0.268555 0.247070
v 0.088867 -0.268555 0.280273
v 0.088867 -0.291992 0.293945
v 0.077148 -0.264648 0.264648
v 0.088867 -0.264648 0.264648
v 0.077148 -0.268555 0.247070
v 0.077148 -0.268555 0.280273
v 0.077148 -0.264648 0.264648
v 0.077148 -0.268555 0.247070
v 0.077148 -0.291992 0.293945
v 0.077148 -0.268555 0.280273
v 0.077148 -0.268555 0.247070
v 0.202148 -0.186523 0.010742
v 0.202148 -0.211914 0.049805
v 0.204102 -0.237305 0.024414
v 0.202148 -0.211914 0.049805
v 0.202148 -0.186523 0.010742
v 0.186523 -0.211914 0.049805
v 0.202148 -0.186523 0.010742
v 0.186523 -0.188477 0.010742
v 0.186523 -0.211914 0.049805
v 0.182617 -0.151367 0.014648
v 0.176758 -0.151367 0.008789
v 0.182617 -0.116211 0.014648
v 0.176758 -0.116211 0.022461
v 0.176758 -0.151367 0.022461
v 0.182617 -0.151367 0.014648
v 0.182617 -0.151367 0.014648
v 0.182617 -0.116211 0.014648
v 0.176758 -0.116211 0.022461
v 0.176758 -0.151367 0.008789
v 0.170898 -0.151367 0.014648
v 0.170898 -0.116211 0.014648
v 0.176758 -0.116211 0.008789
v 0.182617 -0.116211 0.014648
v 0.176758 -0.151367 0.008789
v 0.170898 -0.116211 0.014648
v 0.176758 -0.116211 0.008789
v 0.176758 -0.151367 0.008789
v 0.170898 -0.151367 0.014648
v 0.176758 -0.151367 0.022461
v 0.170898 -0.116211 0.014648
v 0.176758 -0.116211 0.022461
v 0.170898 -0.116211 0.014648
v 0.176758 -0.151367 0.022461
v 0.182617 -0.116211 0.047852
v 0.182617 -0.151367 0.047852
v 0.176758 -0.151367 0.041992
v 0.176758 -0.151367 0.041992
v 0.170898 -0.151367 0.047852
v 0.170898 -0.116211 0.047852
v 0.176758 -0.151367 0.041992
v 0.176758 -0.116211 0.041992
v 0.182617 -0.116211 0.047852
v 0.170898 -0.116211 0.047852
v 0.176758 -0.116211 0.041992
v 0.176758 -0.151367 0.041992
v 0.176758 -0.116211 0.055664
v 0.176758 -0.151367 0.055664
v 0.182617 -0.151367 0.047852
v 0.182617 -0.151367 0.047852
v 0.182617 -0.116211 0.047852
v 0.176758 -0.116211 0.055664
v 0.170898 -0.116211 0.047852
v 0.170898 -0.151367 0.047852
v 0.176758 -0.151367 0.055664
v 0.176758 -0.151367 0.055664
v 0.176758 -0.116211 0.055664
v 0.170898 -0.116211 0.047852
v 0.196289 -0.229492 0.092773
v 0.190430 -0.229492 0.092773
v 0.190430 -0.200195 0.092773
v 0.196289 -0.229492 0.135742
v 0.190430 -0.229492 0.092773
v 0.196289 -0.229492 0.092773
v 0.190430 -0.200195 0.092773
v 0.196289 -0.200195 0.092773
v 0.196289 -0.229492 0.092773
v 0.196289 -0.229492 0.092773
v 0.196289 -0.200195 0.092773
v 0.196289 -0.200195 0.135742
v 0.196289 -0.200195 0.135742
v 0.196289 -0.229492 0.135742
v 0.196289 -0.229492 0.092773
v 0.190430 -0.229492 0.092773
v 0.196289 -0.229492 0.135742
v 0.190430 -0.229492 0.135742
v 0.196289 -0.200195 0.092773
v 0.190430 -0.200195 0.092773
v 0.196289 -0.200195 0.135742
v 0.190430 -0.200195 0.135742
v 0.196289 -0.200195 0.135742
v 0.190430 -0.200195 0.092773
v 0.182617 -0.116211 0.081055
v 0.182617 -0.151367 0.081055
v 0.176758 -0.151367 0.075195
v 0.176758 -0.151367 0.075195
v 0.170898 -0.151367 0.081055
v 0.170898 -0.116211 0.081055
v 0.176758 -0.151367 0.075195
v 0.176758 -0.116211 0.075195
v 0.182617 -0.116211 0.081055
v 0.170898 -0.116211 0.081055
v 0.176758 -0.116211 0.075195
v 0.176758 -0.151367 0.075195
v 0.176758 -0.116211 0.088867
v 0.176758 -0.151367 0.088867
v 0.182617 -0.151367 0.081055
v 0.182617 -0.151367 0.081055
v 0.182617 -0.116211 0.081055
v 0.176758 -0.116211 0.088867
v 0.170898 -0.116211 0.081055
v 0.170898 -0.151367 0.081055
v 0.176758 -0.151367 0.088867
v 0.176758 -0.151367 0.088867
v 0.176758 -0.116211 0.088867
v 0.170898 -0.116211 0.081055
v 0.182617 -0.116211 0.114258
v 0.182617 -0.151367 0.114258
v 0.176758 -0.151367 0.108398
v 0.176758 -0.151367 0.108398
v 0.170898 -0.151367 0.114258
v 0.170898 -0.116211 0.114258
v 0.176758 -0.151367 0.108398
v 0.176758 -0.116211 0.108398
v 0.182617 -0.116211 0.114258
v 0.170898 -0.116211 0.114258
v 0.176758 -0.116211 0.108398
v 0.176758 -0.151367 0.108398
v 0.176758 -0.116211 0.122070
v 0.176758 -0.151367 0.122070
v 0.182617 -0.151367 0.114258
v 0.182617 -0.151367 0.114258
v 0.182617 -0.116211 0.114258
v 0.176758 -0.116211 0.122070
v 0.170898 -0.116211 0.114258
v 0.170898 -0.151367 0.114258
v 0.176758 -0.151367 0.122070
v 0.176758 -0.151367 0.122070
v 0.176758 -0.116211 0.122070
v 0.170898 -0.116211 0.114258
v 0.065430 -0.141602 0.114258
v 0.065430 -0.143555 0.118164
v 0.075195 -0.114258 0.116211
v 0.065430 -0.143555 0.118164
v 0.063477 -0.141602 0.120117
v 0.075195 -0.116211 0.120117
v 0.075195 -0.116211 0.120117
v 0.075195 -0.114258 0.116211
v 0.065430 -0.143555 0.118164
v 0.073242 -0.114258 0.125977
v 0.075195 -0.116211 0.120117
v 0.063477 -0.141602 0.120117
v 0.063477 -0.106445 0.112305
v 0.061523 -0.137695 0.114258
v 0.063477 -0.137695 0.110352
v 0.063477 -0.137695 0.110352
v 0.065430 -0.106445 0.108398
v 0.063477 -0.106445 0.112305
v 0.063477 -0.106445 0.112305
v 0.059570 -0.137695 0.116211
v 0.061523 -0.137695 0.114258
v 0.059570 -0.137695 0.116211
v 0.063477 -0.106445 0.112305
v 0.061523 -0.106445 0.116211
v 0.063477 -0.108398 0.124023
v 0.061523 -0.137695 0.118164
v 0.059570 -0.135742 0.114258
v 0.061523 -0.137695 0.118164
v 0.063477 -0.108398 0.124023
v 0.067383 -0.110352 0.125977
v 0.061523 -0.137695 0.118164
v 0.067383 -0.110352 0.125977
v 0.069336 -0.110352 0.129883
v 0.065430 -0.096680 0.049805
v 0.083008 -0.096680 0.057617
v 0.083008 -0.122070 0.057617
v 0.083008 -0.122070 0.057617
v 0.083008 -0.096680 0.057617
v 0.088867 -0.122070 0.075195
v 0.083008 -0.122070 0.057617
v 0.065430 -0.122070 0.049805
v 0.065430 -0.096680 0.049805
v 0.083008 -0.096680 0.057617
v 0.065430 -0.096680 0.049805
v 0.088867 -0.096680 0.075195
v 0.088867 -0.096680 0.075195
v 0.088867 -0.122070 0.075195
v 0.083008 -0.096680 0.057617
v 0.047852 -0.096680 0.055664
v 0.065430 -0.096680 0.049805
v 0.065430 -0.122070 0.049805
v 0.065430 -0.122070 0.049805
v 0.047852 -0.122070 0.055664
v 0.047852 -0.096680 0.055664
v 0.065430 -0.096680 0.049805
v 0.047852 -0.096680 0.055664
v 0.040039 -0.096680 0.073242
v 0.063477 -0.096680 0.098633
v 0.088867 -0.096680 0.075195
v 0.065430 -0.096680 0.049805
v 0.040039 -0.096680 0.073242
v 0.063477 -0.096680 0.098633
v 0.065430 -0.096680 0.049805
v 0.040039 -0.096680 0.073242
v 0.047852 -0.096680 0.055664
v 0.047852 -0.122070 0.055664
v 0.047852 -0.122070 0.055664
v 0.040039 -0.122070 0.073242
v 0.040039 -0.096680 0.073242
v 0.088867 -0.122070 0.075195
v 0.088867 -0.096680 0.075195
v 0.081055 -0.122070 0.092773
v 0.081055 -0.096680 0.092773
v 0.081055 -0.122070 0.092773
v 0.088867 -0.096680 0.075195
v 0.063477 -0.096680 0.098633
v 0.081055 -0.096680 0.092773
v 0.088867 -0.096680 0.075195
v 0.081055 -0.122070 0.092773
v 0.081055 -0.096680 0.092773
v 0.063477 -0.122070 0.098633
v 0.063477 -0.096680 0.098633
v 0.063477 -0.122070 0.098633
v 0.081055 -0.096680 0.092773
v 0.067383 -0.077148 0.079102
v 0.067383 -0.084961 0.092773
v 0.071289 -0.084961 0.090820
v 0.071289 -0.084961 0.090820
v 0.067383 -0.084961 0.092773
v 0.071289 -0.096680 0.102539
v 0.071289 -0.096680 0.102539
v 0.077148 -0.096680 0.100586
v 0.071289 -0.084961 0.090820
v 0.061523 -0.084961 0.094727
v 0.071289 -0.096680 0.102539
v 0.067383 -0.084961 0.092773
v 0.067383 -0.084961 0.092773
v 0.057617 -0.077148 0.081055
v 0.061523 -0.084961 0.094727
v 0.104492 -0.084961 0.120117
v 0.090820 -0.092773 0.118164
v 0.090820 -0.092773 0.124023
v 0.063477 -0.122070 0.098633
v 0.063477 -0.096680 0.098633
v 0.045898 -0.122070 0.090820
v 0.073242 -0.106445 0.106445
v 0.077148 -0.106445 0.104492
v 0.077148 -0.096680 0.100586
v 0.071289 -0.096680 0.102539
v 0.073242 -0.106445 0.106445
v 0.077148 -0.096680 0.100586
v 0.063477 -0.096680 0.098633
v 0.040039 -0.096680 0.073242
v 0.045898 -0.096680 0.090820
v 0.045898 -0.096680 0.090820
v 0.045898 -0.122070 0.090820
v 0.063477 -0.096680 0.098633
v 0.077148 -0.106445 0.104492
v 0.073242 -0.106445 0.106445
v 0.073242 -0.118164 0.112305
v 0.073242 -0.106445 0.106445
v 0.071289 -0.096680 0.102539
v 0.069336 -0.106445 0.106445
v 0.073242 -0.106445 0.106445
v 0.069336 -0.106445 0.106445
v 0.073242 -0.118164 0.114258
v 0.073242 -0.118164 0.114258
v 0.073242 -0.118164 0.112305
v 0.073242 -0.106445 0.106445
v 0.065430 -0.096680 0.104492
v 0.069336 -0.106445 0.106445
v 0.071289 -0.096680 0.102539
v 0.061523 -0.084961 0.094727
v 0.065430 -0.096680 0.104492
v 0.071289 -0.096680 0.102539
v 0.073242 -0.120117 0.116211
v 0.073242 -0.118164 0.114258
v 0.069336 -0.106445 0.106445
v 0.059570 -0.088867 0.108398
v 0.063477 -0.106445 0.112305
v 0.065430 -0.106445 0.108398
v 0.065430 -0.106445 0.108398
v 0.061523 -0.090820 0.102539
v 0.059570 -0.088867 0.108398
v 0.075195 -0.116211 0.120117
v 0.083008 -0.100586 0.122070
v 0.083008 -0.100586 0.116211
v 0.083008 -0.100586 0.116211
v 0.083008 -0.100586 0.122070
v 0.090820 -0.092773 0.118164
v 0.083008 -0.100586 0.116211
v 0.075195 -0.114258 0.116211
v 0.075195 -0.116211 0.120117
v 0.083008 -0.100586 0.122070
v 0.075195 -0.116211 0.120117
v 0.073242 -0.114258 0.125977
v 0.090820 -0.092773 0.124023
v 0.090820 -0.092773 0.118164
v 0.083008 -0.100586 0.122070
v 0.088867 -0.092773 0.129883
v 0.090820 -0.092773 0.124023
v 0.083008 -0.100586 0.122070
v 0.073242 -0.114258 0.125977
v 0.081055 -0.100586 0.127930
v 0.083008 -0.100586 0.122070
v 0.083008 -0.100586 0.122070
v 0.081055 -0.100586 0.127930
v 0.088867 -0.092773 0.129883
v 0.071289 -0.092773 0.114258
v 0.067383 -0.118164 0.118164
v 0.069336 -0.118164 0.116211
v 0.075195 -0.124023 0.120117
v 0.073242 -0.124023 0.122070
v 0.081055 -0.118164 0.129883
v 0.079102 -0.116211 0.129883
v 0.081055 -0.118164 0.129883
v 0.073242 -0.124023 0.122070
v 0.073242 -0.114258 0.129883
v 0.079102 -0.116211 0.129883
v 0.073242 -0.124023 0.122070
v 0.075195 -0.094727 0.120117
v 0.069336 -0.120117 0.120117
v 0.067383 -0.118164 0.118164
v 0.071289 -0.092773 0.114258
v 0.075195 -0.094727 0.120117
v 0.067383 -0.118164 0.118164
v 0.069336 -0.120117 0.120117
v 0.075195 -0.094727 0.120117
v 0.075195 -0.096680 0.125977
v 0.059570 -0.088867 0.108398
v 0.061523 -0.106445 0.116211
v 0.063477 -0.106445 0.112305
v 0.075195 -0.094727 0.120117
v 0.071289 -0.092773 0.114258
v 0.069336 -0.069336 0.116211
v 0.075195 -0.094727 0.120117
v 0.069336 -0.069336 0.116211
v 0.075195 -0.069336 0.125977
v 0.075195 -0.069336 0.125977
v 0.075195 -0.096680 0.125977
v 0.075195 -0.094727 0.120117
v 0.065430 -0.092773 0.131836
v 0.067383 -0.110352 0.125977
v 0.063477 -0.108398 0.124023
v 0.088867 -0.092773 0.129883
v 0.102539 -0.084961 0.131836
v 0.090820 -0.092773 0.124023
v 0.061523 -0.053711 0.125977
v 0.075195 -0.069336 0.125977
v 0.069336 -0.069336 0.116211
v 0.045898 -0.096680 0.090820
v 0.040039 -0.096680 0.073242
v 0.040039 -0.122070 0.073242
v 0.040039 -0.122070 0.073242
v 0.045898 -0.122070 0.090820
v 0.045898 -0.096680 0.090820
v 0.051758 -0.077148 0.100586
v 0.053711 -0.077148 0.094727
v 0.043945 -0.065430 0.084961
v 0.061523 -0.106445 0.116211
v 0.059570 -0.088867 0.108398
v 0.055664 -0.088867 0.112305
v 0.053711 -0.077148 0.094727
v 0.059570 -0.088867 0.108398
v 0.061523 -0.090820 0.102539
v 0.059570 -0.088867 0.108398
v 0.053711 -0.077148 0.094727
v 0.051758 -0.077148 0.100586
v 0.059570 -0.088867 0.108398
v 0.051758 -0.077148 0.100586
v 0.055664 -0.088867 0.112305
v 0.038086 -0.065430 0.096680
v 0.047852 -0.075195 0.106445
v 0.051758 -0.077148 0.100586
v 0.051758 -0.077148 0.100586
v 0.047852 -0.075195 0.106445
v 0.055664 -0.088867 0.112305
v 0.196289 -0.200195 0.135742
v 0.190430 -0.229492 0.135742
v 0.196289 -0.229492 0.135742
v 0.190430 -0.229492 0.135742
v 0.196289 -0.200195 0.135742
v 0.190430 -0.200195 0.135742
v 0.209961 -0.249023 0.145508
v 0.206055 -0.241211 0.149414
v 0.206055 -0.241211 0.165039
v 0.184570 -0.249023 0.145508
v 0.206055 -0.241211 0.149414
v 0.209961 -0.249023 0.145508
v 0.206055 -0.241211 0.165039
v 0.208008 -0.249023 0.168945
v 0.209961 -0.249023 0.145508
v 0.206055 -0.241211 0.149414
v 0.188477 -0.241211 0.149414
v 0.198242 -0.239258 0.157227
v 0.184570 -0.249023 0.145508
v 0.188477 -0.241211 0.149414
v 0.206055 -0.241211 0.149414
v 0.198242 -0.239258 0.157227
v 0.206055 -0.241211 0.165039
v 0.206055 -0.241211 0.149414
v 0.196289 -0.247070 0.155273
v 0.192383 -0.231445 0.155273
v 0.200195 -0.245117 0.157227
v 0.192383 -0.233398 0.159180
v 0.192383 -0.231445 0.155273
v 0.196289 -0.247070 0.155273
v 0.196289 -0.247070 0.155273
v 0.194336 -0.247070 0.159180
v 0.192383 -0.233398 0.159180
v 0.188477 -0.241211 0.165039
v 0.198242 -0.239258 0.157227
v 0.188477 -0.241211 0.149414
v 0.184570 -0.249023 0.145508
v 0.188477 -0.241211 0.165039
v 0.188477 -0.241211 0.149414
v 0.196289 -0.229492 0.157227
v 0.200195 -0.245117 0.157227
v 0.192383 -0.231445 0.155273
v 0.186523 -0.223633 0.157227
v 0.196289 -0.229492 0.157227
v 0.192383 -0.231445 0.155273
v 0.192383 -0.231445 0.155273
v 0.192383 -0.233398 0.159180
v 0.184570 -0.227539 0.155273
v 0.192383 -0.231445 0.155273
v 0.184570 -0.227539 0.155273
v 0.186523 -0.223633 0.157227
v 0.208008 -0.249023 0.168945
v 0.206055 -0.241211 0.165039
v 0.188477 -0.241211 0.165039
v 0.208008 -0.249023 0.168945
v 0.188477 -0.241211 0.165039
v 0.186523 -0.249023 0.168945
v 0.206055 -0.241211 0.165039
v 0.198242 -0.239258 0.157227
v 0.188477 -0.241211 0.165039
v 0.192383 -0.233398 0.159180
v 0.194336 -0.247070 0.159180
v 0.200195 -0.245117 0.157227
v 0.200195 -0.245117 0.157227
v 0.196289 -0.229492 0.157227
v 0.192383 -0.233398 0.159180
v 0.188477 -0.241211 0.165039
v 0.184570 -0.249023 0.145508
v 0.186523 -0.249023 0.168945
v 0.184570 -0.227539 0.159180
v 0.192383 -0.233398 0.159180
v 0.196289 -0.229492 0.157227
v 0.186523 -0.223633 0.157227
v 0.184570 -0.227539 0.159180
v 0.196289 -0.229492 0.157227
v 0.184570 -0.227539 0.159180
v 0.184570 -0.227539 0.155273
v 0.192383 -0.233398 0.159180
v 0.190430 -0.172852 0.155273
v 0.204102 -0.172852 0.166992
v 0.012695 -0.172852 0.166992
v 0.012695 -0.172852 0.166992
v 0.020508 -0.172852 0.155273
v 0.190430 -0.172852 0.155273
v 0.204102 -0.172852 0.166992
v 0.204102 -0.149414 0.166992
v 0.004883 -0.153320 0.172852
v 0.004883 -0.153320 0.172852
v 0.012695 -0.172852 0.166992
v 0.204102 -0.172852 0.166992
v 0.204102 -0.149414 0.166992
v 0.172852 -0.149414 0.143555
v 0.020508 -0.155273 0.137695
v 0.204102 -0.149414 0.166992
v 0.020508 -0.155273 0.137695
v 0.004883 -0.153320 0.172852
v 0.184570 -0.227539 0.159180
v 0.163086 -0.227539 0.155273
v 0.184570 -0.227539 0.155273
v 0.184570 -0.227539 0.155273
v 0.163086 -0.227539 0.155273
v 0.186523 -0.223633 0.157227
v 0.170898 -0.235352 0.159180
v 0.159180 -0.241211 0.145508
v 0.170898 -0.235352 0.145508
v 0.170898 -0.235352 0.145508
v 0.170898 -0.217773 0.145508
v 0.170898 -0.217773 0.159180
v 0.170898 -0.217773 0.159180
v 0.170898 -0.235352 0.159180
v 0.170898 -0.235352 0.145508
v 0.159180 -0.241211 0.159180
v 0.145508 -0.235352 0.145508
v 0.159180 -0.241211 0.145508
v 0.159180 -0.241211 0.145508
v 0.170898 -0.235352 0.159180
v 0.159180 -0.241211 0.159180
v 0.163086 -0.227539 0.155273
v 0.184570 -0.227539 0.159180
v 0.163086 -0.227539 0.159180
v 0.163086 -0.223633 0.157227
v 0.186523 -0.223633 0.157227
v 0.163086 -0.227539 0.155273
v 0.170898 -0.217773 0.145508
v 0.159180 -0.211914 0.145508
v 0.159180 -0.211914 0.159180
v 0.159180 -0.211914 0.159180
v 0.170898 -0.217773 0.159180
v 0.170898 -0.217773 0.145508
v 0.159180 -0.211914 0.145508
v 0.145508 -0.217773 0.145508
v 0.145508 -0.217773 0.159180
v 0.145508 -0.217773 0.159180
v 0.159180 -0.211914 0.159180
v 0.159180 -0.211914 0.145508
v 0.145508 -0.235352 0.159180
v 0.145508 -0.217773 0.145508
v 0.145508 -0.235352 0.145508
v 0.145508 -0.235352 0.145508
v 0.159180 -0.241211 0.159180
v 0.145508 -0.235352 0.159180
v 0.145508 -0.217773 0.145508
v 0.145508 -0.235352 0.159180
v 0.145508 -0.217773 0.159180
v 0.184570 -0.227539 0.159180
v 0.186523 -0.223633 0.157227
v 0.163086 -0.227539 0.159180
v 0.163086 -0.223633 0.157227
v 0.163086 -0.227539 0.159180
v 0.186523 -0.223633 0.157227
v 0.159180 -0.237305 0.165039
v 0.159180 -0.241211 0.159180
v 0.170898 -0.235352 0.159180
v 0.166992 -0.233398 0.165039
v 0.159180 -0.237305 0.165039
v 0.170898 -0.235352 0.159180
v 0.170898 -0.217773 0.159180
v 0.166992 -0.233398 0.165039
v 0.170898 -0.235352 0.159180
v 0.159180 -0.241211 0.159180
v 0.159180 -0.237305 0.165039
v 0.149414 -0.233398 0.165039
v 0.149414 -0.233398 0.165039
v 0.145508 -0.235352 0.159180
v 0.159180 -0.241211 0.159180
v 0.159180 -0.237305 0.165039
v 0.166992 -0.233398 0.165039
v 0.166992 -0.219727 0.165039
v 0.159180 -0.237305 0.165039
v 0.166992 -0.219727 0.165039
v 0.159180 -0.215820 0.165039
v 0.159180 -0.237305 0.165039
v 0.159180 -0.215820 0.165039
v 0.149414 -0.219727 0.165039
v 0.149414 -0.219727 0.165039
v 0.149414 -0.233398 0.165039
v 0.159180 -0.237305 0.165039
v 0.170898 -0.217773 0.159180
v 0.166992 -0.219727 0.165039
v 0.166992 -0.233398 0.165039
v 0.166992 -0.219727 0.165039
v 0.170898 -0.217773 0.159180
v 0.159180 -0.211914 0.159180
v 0.166992 -0.219727 0.165039
v 0.159180 -0.211914 0.159180
v 0.159180 -0.215820 0.165039
v 0.145508 -0.217773 0.159180
v 0.159180 -0.215820 0.165039
v 0.159180 -0.211914 0.159180
v 0.145508 -0.217773 0.159180
v 0.149414 -0.219727 0.165039
v 0.159180 -0.215820 0.165039
v 0.145508 -0.235352 0.159180
v 0.149414 -0.233398 0.165039
v 0.149414 -0.219727 0.165039
v 0.145508 -0.235352 0.159180
v 0.149414 -0.219727 0.165039
v 0.145508 -0.217773 0.159180
v 0.020508 -0.155273 0.137695
v 0.172852 -0.149414 0.143555
v 0.170898 -0.157227 0.143555
v 0.170898 -0.157227 0.143555
v 0.038086 -0.157227 0.143555
v 0.020508 -0.155273 0.137695
v 0.182617 -0.116211 0.145508
v 0.182617 -0.151367 0.145508
v 0.176758 -0.151367 0.137695
v 0.176758 -0.151367 0.137695
v 0.170898 -0.151367 0.145508
v 0.170898 -0.116211 0.145508
v 0.176758 -0.151367 0.137695
v 0.176758 -0.116211 0.137695
v 0.182617 -0.116211 0.145508
v 0.170898 -0.116211 0.145508
v 0.176758 -0.116211 0.137695
v 0.176758 -0.151367 0.137695
v 0.176758 -0.116211 0.151367
v 0.176758 -0.151367 0.151367
v 0.182617 -0.151367 0.145508
v 0.182617 -0.151367 0.145508
v 0.182617 -0.116211 0.145508
v 0.176758 -0.116211 0.151367
v 0.170898 -0.116211 0.145508
v 0.170898 -0.151367 0.145508
v 0.176758 -0.151367 0.151367
v 0.176758 -0.151367 0.151367
v 0.176758 -0.116211 0.151367
v 0.170898 -0.116211 0.145508
v 0.141602 -0.116211 0.139648
v 0.147461 -0.151367 0.147461
v 0.143555 -0.151367 0.139648
v 0.143555 -0.151367 0.139648
v 0.135742 -0.151367 0.143555
v 0.135742 -0.116211 0.143555
v 0.135742 -0.116211 0.143555
v 0.141602 -0.116211 0.139648
v 0.143555 -0.151367 0.139648
v 0.147461 -0.116211 0.147461
v 0.139648 -0.151367 0.151367
v 0.147461 -0.151367 0.147461
v 0.147461 -0.151367 0.147461
v 0.141602 -0.116211 0.139648
v 0.147461 -0.116211 0.147461
v 0.135742 -0.151367 0.143555
v 0.139648 -0.151367 0.151367
v 0.135742 -0.116211 0.143555
v 0.139648 -0.151367 0.151367
v 0.147461 -0.116211 0.147461
v 0.139648 -0.116211 0.151367
v 0.139648 -0.116211 0.151367
v 0.135742 -0.116211 0.143555
v 0.139648 -0.151367 0.151367
v 0.038086 -0.104492 0.137695
v 0.166992 -0.104492 0.137695
v 0.166992 -0.116211 0.137695
v 0.166992 -0.116211 0.137695
v 0.038086 -0.116211 0.137695
v 0.038086 -0.104492 0.137695
v 0.038086 -0.104492 0.137695
v 0.186523 -0.104492 0.155273
v 0.166992 -0.104492 0.137695
v 0.186523 -0.116211 0.155273
v 0.186523 -0.104492 0.155273
v 0.038086 -0.104492 0.155273
v 0.038086 -0.104492 0.155273
v 0.038086 -0.116211 0.155273
v 0.186523 -0.116211 0.155273
v 0.186523 -0.104492 0.155273
v 0.038086 -0.104492 0.137695
v 0.038086 -0.104492 0.155273
v 0.106445 -0.116211 0.139648
v 0.112305 -0.151367 0.147461
v 0.108398 -0.151367 0.139648
v 0.108398 -0.151367 0.139648
v 0.100586 -0.151367 0.143555
v 0.098633 -0.116211 0.143555
v 0.098633 -0.116211 0.143555
v 0.106445 -0.116211 0.139648
v 0.108398 -0.151367 0.139648
v 0.110352 -0.116211 0.147461
v 0.104492 -0.151367 0.151367
v 0.112305 -0.151367 0.147461
v 0.112305 -0.151367 0.147461
v 0.106445 -0.116211 0.139648
v 0.110352 -0.116211 0.147461
v 0.100586 -0.151367 0.143555
v 0.104492 -0.151367 0.151367
v 0.098633 -0.116211 0.143555
v 0.104492 -0.151367 0.151367
v 0.110352 -0.116211 0.147461
v 0.104492 -0.116211 0.151367
v 0.104492 -0.116211 0.151367
v 0.098633 -0.116211 0.143555
v 0.104492 -0.151367 0.151367
v 0.071289 -0.116211 0.139648
v 0.077148 -0.151367 0.147461
v 0.071289 -0.151367 0.139648
v 0.071289 -0.151367 0.139648
v 0.063477 -0.151367 0.143555
v 0.063477 -0.116211 0.143555
v 0.063477 -0.116211 0.143555
v 0.071289 -0.116211 0.139648
v 0.071289 -0.151367 0.139648
v 0.075195 -0.116211 0.147461
v 0.069336 -0.151367 0.151367
v 0.077148 -0.151367 0.147461
v 0.077148 -0.151367 0.147461
v 0.071289 -0.116211 0.139648
v 0.075195 -0.116211 0.147461
v 0.063477 -0.151367 0.143555
v 0.069336 -0.151367 0.151367
v 0.063477 -0.116211 0.143555
v 0.069336 -0.151367 0.151367
v 0.075195 -0.116211 0.147461
v 0.067383 -0.116211 0.151367
v 0.067383 -0.116211 0.151367
v 0.063477 -0.116211 0.143555
v 0.069336 -0.151367 0.151367
v 0.012695 -0.190430 0.143555
v 0.004883 -0.184570 0.172852
v -0.362305 -0.190430 0.166992
v 0.045898 0.043945 0.145508
v 0.041992 -0.157227 0.149414
v 0.038086 -0.157227 0.143555
v 0.036133 0.041992 0.141602
v 0.045898 0.043945 0.145508
v 0.038086 -0.157227 0.143555
v 0.045898 0.043945 0.145508
v 0.041992 -0.157227 0.157227
v 0.041992 -0.157227 0.149414
v 0.020508 -0.155273 0.137695
v 0.012695 -0.149414 0.137695
v 0.004883 -0.153320 0.172852
v -0.362305 -0.149414 0.166992
v 0.004883 -0.153320 0.172852
v 0.012695 -0.149414 0.137695
v 0.010742 0.053711 0.155273
v 0.016602 -0.155273 0.157227
v 0.041992 -0.157227 0.157227
v 0.041992 -0.157227 0.157227
v 0.045898 0.043945 0.145508
v 0.043945 0.053711 0.157227
v 0.043945 0.053711 0.157227
v 0.010742 0.053711 0.155273
v 0.041992 -0.157227 0.157227
v 0.004883 -0.172852 0.159180
v 0.004883 0.028320 0.159180
v -0.354492 0.028320 0.159180
v -0.354492 0.028320 0.159180
v -0.354492 -0.172852 0.159180
v 0.004883 -0.172852 0.159180
v 0.004883 -0.153320 0.172852
v 0.004883 -0.184570 0.172852
v 0.012695 -0.172852 0.166992
v 0.004883 -0.184570 0.172852
v 0.004883 -0.153320 0.172852
v -0.368164 -0.155273 0.172852
v -0.368164 -0.184570 0.172852
v -0.362305 -0.190430 0.166992
v 0.004883 -0.184570 0.172852
v -0.368164 -0.155273 0.172852
v -0.368164 -0.184570 0.172852
v 0.004883 -0.184570 0.172852
v 0.004883 -0.153320 0.172852
v -0.362305 -0.149414 0.166992
v -0.368164 -0.155273 0.172852
v 0.079102 -0.190430 0.319336
v 0.079102 -0.190430 0.202148
v 0.098633 -0.188477 0.194336
v 0.098633 -0.188477 0.194336
v 0.079102 -0.190430 0.202148
v -0.004883 -0.188477 0.098633
v 0.098633 -0.188477 0.194336
v 0.098633 -0.151367 0.194336
v 0.100586 -0.188477 0.327148
v -0.004883 -0.151367 0.098633
v 0.098633 -0.151367 0.194336
v 0.098633 -0.188477 0.194336
v 0.098633 -0.188477 0.194336
v 0.100586 -0.188477 0.327148
v 0.079102 -0.190430 0.319336
v 0.098633 -0.188477 0.194336
v -0.004883 -0.188477 0.098633
v -0.004883 -0.151367 0.098633
v -0.012695 -0.190430 0.120117
v -0.004883 -0.188477 0.098633
v 0.079102 -0.190430 0.202148
v 0.098633 -0.151367 0.194336
v 0.079102 -0.149414 0.202148
v 0.079102 -0.149414 0.319336
v -0.004883 -0.151367 0.098633
v 0.079102 -0.149414 0.202148
v 0.098633 -0.151367 0.194336
v 0.100586 -0.151367 0.327148
v 0.100586 -0.188477 0.327148
v 0.098633 -0.151367 0.194336
v 0.079102 -0.149414 0.319336
v 0.100586 -0.151367 0.327148
v 0.098633 -0.151367 0.194336
v 0.079102 -0.149414 0.202148
v -0.004883 -0.151367 0.098633
v -0.012695 -0.149414 0.120117
v 0.081055 -0.118164 0.129883
v 0.079102 -0.116211 0.129883
v 0.084961 -0.106445 0.137695
v 0.083008 -0.102539 0.137695
v 0.084961 -0.106445 0.137695
v 0.079102 -0.116211 0.129883
v 0.073242 -0.114258 0.129883
v 0.083008 -0.102539 0.137695
v 0.079102 -0.116211 0.129883
v 0.084961 -0.106445 0.137695
v 0.083008 -0.102539 0.137695
v 0.086914 -0.102539 0.143555
v 0.083008 -0.102539 0.137695
v 0.073242 -0.114258 0.129883
v 0.075195 -0.100586 0.137695
v 0.083008 -0.102539 0.137695
v 0.075195 -0.100586 0.137695
v 0.083008 -0.098633 0.145508
v 0.083008 -0.098633 0.145508
v 0.086914 -0.102539 0.143555
v 0.083008 -0.102539 0.137695
v 0.069336 -0.092773 0.135742
v 0.069336 -0.110352 0.129883
v 0.067383 -0.110352 0.125977
v 0.067383 -0.110352 0.125977
v 0.065430 -0.092773 0.131836
v 0.069336 -0.092773 0.135742
v 0.069336 -0.092773 0.135742
v 0.071289 -0.096680 0.139648
v 0.069336 -0.110352 0.129883
v 0.075195 -0.096680 0.125977
v 0.075195 -0.069336 0.125977
v 0.075195 -0.075195 0.137695
v 0.077148 -0.096680 0.143555
v 0.083008 -0.098633 0.145508
v 0.075195 -0.100586 0.137695
v 0.071289 -0.096680 0.139648
v 0.069336 -0.092773 0.135742
v 0.071289 -0.088867 0.149414
v 0.086914 -0.102539 0.143555
v 0.083008 -0.098633 0.145508
v 0.088867 -0.094727 0.155273
v 0.083008 -0.098633 0.145508
v 0.077148 -0.096680 0.143555
v 0.079102 -0.090820 0.157227
v 0.061523 -0.083008 0.143555
v 0.069336 -0.092773 0.135742
v 0.065430 -0.092773 0.131836
v 0.069336 -0.092773 0.135742
v 0.065430 -0.086914 0.147461
v 0.071289 -0.088867 0.149414
v 0.061523 -0.083008 0.143555
v 0.065430 -0.086914 0.147461
v 0.069336 -0.092773 0.135742
v 0.065430 -0.055664 0.135742
v 0.075195 -0.075195 0.137695
v 0.075195 -0.069336 0.125977
v 0.061523 -0.053711 0.125977
v 0.065430 -0.055664 0.135742
v 0.075195 -0.069336 0.125977
v 0.075195 -0.075195 0.137695
v 0.065430 -0.055664 0.135742
v 0.069336 -0.059570 0.145508
v 0.067383 -0.079102 0.163086
v 0.071289 -0.088867 0.149414
v 0.065430 -0.086914 0.147461
v 0.065430 -0.086914 0.147461
v 0.061523 -0.083008 0.143555
v 0.059570 -0.075195 0.157227
v 0.055664 -0.041992 0.157227
v 0.069336 -0.059570 0.145508
v 0.065430 -0.055664 0.135742
v 0.065430 -0.055664 0.135742
v 0.061523 -0.053711 0.125977
v 0.049805 -0.036133 0.139648
v 0.069336 -0.083008 0.225586
v 0.096680 -0.067383 0.225586
v 0.096680 -0.083008 0.225586
v 0.096680 -0.083008 0.225586
v 0.096680 -0.067383 0.225586
v 0.096680 -0.083008 0.301758
v 0.069336 -0.083008 0.301758
v 0.069336 -0.083008 0.225586
v 0.096680 -0.083008 0.225586
v 0.096680 -0.083008 0.225586
v 0.096680 -0.083008 0.301758
v 0.069336 -0.083008 0.301758
v 0.096680 -0.067383 0.225586
v 0.069336 -0.083008 0.225586
v 0.069336 -0.067383 0.225586
v 0.096680 -0.067383 0.225586
v 0.069336 -0.067383 0.225586
v 0.069336 -0.067383 0.301758
v 0.096680 -0.067383 0.301758
v 0.096680 -0.083008 0.301758
v 0.096680 -0.067383 0.225586
v 0.069336 -0.067383 0.301758
v 0.096680 -0.067383 0.301758
v 0.096680 -0.067383 0.225586
v 0.088867 -0.069336 0.233398
v 0.077148 -0.069336 0.233398
v 0.077148 0.014648 0.233398
v 0.088867 0.014648 0.233398
v 0.088867 -0.069336 0.295898
v 0.088867 -0.069336 0.233398
v 0.077148 0.014648 0.233398
v 0.088867 0.014648 0.233398
v 0.088867 -0.069336 0.233398
v 0.077148 -0.069336 0.233398
v 0.077148 -0.069336 0.295898
v 0.077148 0.014648 0.233398
v -0.249023 -0.485352 0.450195
v 0.411133 -0.485352 0.450195
v 0.411133 -0.493164 0.450195
v 0.411133 -0.493164 0.450195
v -0.249023 -0.493164 0.450195
v -0.249023 -0.485352 0.450195
v -0.249023 -0.485352 0.450195
v -0.401367 -0.485352 0.245117
v 0.411133 -0.485352 0.450195
v 0.114258 -0.452148 0.256836
v 0.112305 -0.442383 0.250977
v 0.118164 -0.442383 0.264648
v 0.114258 -0.452148 0.256836
v 0.118164 -0.442383 0.264648
v 0.114258 -0.452148 0.274414
v 0.114258 -0.452148 0.256836
v 0.114258 -0.452148 0.274414
v 0.124023 -0.452148 0.282227
v 0.112305 -0.436523 0.260742
v 0.118164 -0.442383 0.264648
v 0.112305 -0.442383 0.250977
v 0.112305 -0.442383 0.250977
v 0.098633 -0.440430 0.250977
v 0.106445 -0.432617 0.262695
v 0.106445 -0.432617 0.262695
v 0.112305 -0.436523 0.260742
v 0.112305 -0.442383 0.250977
v 0.108398 -0.442383 0.276367
v 0.114258 -0.452148 0.274414
v 0.118164 -0.442383 0.264648
v 0.118164 -0.442383 0.264648
v 0.110352 -0.438477 0.274414
v 0.108398 -0.442383 0.276367
v 0.112305 -0.436523 0.260742
v 0.110352 -0.438477 0.274414
v 0.118164 -0.442383 0.264648
v 0.094727 -0.434570 0.262695
v 0.106445 -0.432617 0.262695
v 0.098633 -0.440430 0.250977
v 0.114258 -0.452148 0.274414
v 0.108398 -0.442383 0.276367
v 0.124023 -0.452148 0.282227
v 0.096680 -0.438477 0.276367
v 0.108398 -0.442383 0.276367
v 0.110352 -0.438477 0.274414
v 0.106445 -0.432617 0.262695
v 0.096680 -0.438477 0.276367
v 0.110352 -0.438477 0.274414
v 0.110352 -0.438477 0.274414
v 0.112305 -0.436523 0.260742
v 0.106445 -0.432617 0.262695
v 0.108398 -0.442383 0.276367
v 0.096680 -0.438477 0.276367
v 0.112305 -0.436523 0.284180
v 0.112305 -0.436523 0.284180
v 0.124023 -0.452148 0.282227
v 0.108398 -0.442383 0.276367
v 0.094727 -0.434570 0.262695
v 0.084961 -0.448242 0.291992
v 0.096680 -0.438477 0.276367
v 0.096680 -0.438477 0.276367
v 0.084961 -0.448242 0.291992
v 0.104492 -0.434570 0.291992
v 0.096680 -0.438477 0.276367
v 0.106445 -0.432617 0.262695
v 0.094727 -0.434570 0.262695
v 0.104492 -0.434570 0.291992
v 0.112305 -0.436523 0.284180
v 0.096680 -0.438477 0.276367
v 0.116211 -0.471680 0.295898
v 0.124023 -0.452148 0.282227
v 0.124023 -0.452148 0.297852
v 0.124023 -0.452148 0.297852
v 0.118164 -0.459961 0.303711
v 0.116211 -0.471680 0.295898
v 0.116211 -0.471680 0.295898
v 0.118164 -0.459961 0.303711
v 0.112305 -0.459961 0.315430
v 0.116211 -0.471680 0.295898
v 0.112305 -0.459961 0.315430
v 0.108398 -0.467773 0.317383
v 0.114258 -0.440430 0.297852
v 0.124023 -0.452148 0.297852
v 0.124023 -0.452148 0.282227
v 0.112305 -0.436523 0.284180
v 0.114258 -0.440430 0.297852
v 0.124023 -0.452148 0.282227
v 0.118164 -0.459961 0.303711
v 0.124023 -0.452148 0.297852
v 0.104492 -0.450195 0.301758
v 0.118164 -0.459961 0.303711
v 0.104492 -0.450195 0.301758
v 0.104492 -0.448242 0.309570
v 0.118164 -0.459961 0.303711
v 0.104492 -0.448242 0.309570
v 0.112305 -0.459961 0.315430
v 0.124023 -0.452148 0.297852
v 0.114258 -0.440430 0.297852
v 0.104492 -0.450195 0.301758
v 0.104492 -0.434570 0.291992
v 0.104492 -0.450195 0.301758
v 0.114258 -0.440430 0.297852
v 0.114258 -0.440430 0.297852
v 0.112305 -0.436523 0.284180
v 0.104492 -0.434570 0.291992
v 0.094727 -0.446289 0.309570
v 0.104492 -0.448242 0.309570
v 0.104492 -0.450195 0.301758
v 0.092773 -0.446289 0.301758
v 0.094727 -0.446289 0.309570
v 0.104492 -0.450195 0.301758
v 0.104492 -0.450195 0.301758
v 0.084961 -0.448242 0.291992
v 0.092773 -0.446289 0.301758
v 0.104492 -0.434570 0.291992
v 0.084961 -0.448242 0.291992
v 0.104492 -0.450195 0.301758
v 0.104492 -0.448242 0.309570
v 0.094727 -0.446289 0.309570
v 0.100586 -0.454102 0.319336
v 0.100586 -0.454102 0.319336
v 0.112305 -0.459961 0.315430
v 0.104492 -0.448242 0.309570
v 0.094727 -0.446289 0.309570
v 0.092773 -0.446289 0.301758
v 0.086914 -0.452148 0.311523
v 0.094727 -0.446289 0.309570
v 0.086914 -0.452148 0.311523
v 0.100586 -0.454102 0.319336
v 0.086914 -0.452148 0.311523
v 0.092773 -0.446289 0.301758
v 0.084961 -0.448242 0.291992
v 0.092773 -0.463867 0.319336
v 0.100586 -0.454102 0.319336
v 0.086914 -0.452148 0.311523
v 0.096680 -0.391602 0.301758
v 0.096680 -0.377930 0.301758
v 0.069336 -0.377930 0.301758
v 0.069336 -0.377930 0.301758
v 0.069336 -0.391602 0.301758
v 0.096680 -0.391602 0.301758
v 0.077148 -0.291992 0.293945
v 0.077148 -0.377930 0.295898
v 0.088867 -0.377930 0.295898
v 0.088867 -0.377930 0.295898
v 0.088867 -0.291992 0.293945
v 0.077148 -0.291992 0.293945
v 0.073242 -0.497070 0.321289
v 0.112305 -0.497070 0.331055
v 0.114258 -0.489258 0.325195
v 0.114258 -0.489258 0.325195
v 0.114258 -0.461914 0.331055
v 0.073242 -0.461914 0.325195
v 0.073242 -0.461914 0.325195
v 0.073242 -0.497070 0.321289
v 0.114258 -0.489258 0.325195
v 0.100586 -0.454102 0.319336
v 0.108398 -0.467773 0.317383
v 0.112305 -0.459961 0.315430
v 0.108398 -0.467773 0.317383
v 0.100586 -0.454102 0.319336
v 0.092773 -0.463867 0.319336
v 0.083008 -0.475586 0.321289
v 0.071289 0.069336 0.219727
v 0.073242 0.069336 0.303711
v 0.083008 -0.475586 0.321289
v 0.073242 0.069336 0.303711
v 0.073242 0.071289 0.315430
v 0.083008 -0.475586 0.321289
v 0.073242 0.071289 0.315430
v 0.063477 0.069336 0.323242
v 0.083008 -0.475586 0.321289
v 0.063477 0.069336 0.323242
v -0.002930 -0.475586 0.405273
v 0.055664 -0.391602 0.327148
v 0.075195 -0.377930 0.344727
v 0.075195 -0.391602 0.344727
v 0.075195 -0.391602 0.344727
v 0.075195 -0.377930 0.344727
v 0.022461 -0.391602 0.399414
v 0.002930 -0.391602 0.379883
v 0.055664 -0.391602 0.327148
v 0.075195 -0.391602 0.344727
v 0.022461 -0.391602 0.399414
v 0.002930 -0.391602 0.379883
v 0.075195 -0.391602 0.344727
v 0.075195 -0.377930 0.344727
v 0.055664 -0.391602 0.327148
v 0.055664 -0.377930 0.327148
v 0.075195 -0.377930 0.344727
v 0.055664 -0.377930 0.327148
v 0.002930 -0.377930 0.379883
v 0.075195 -0.377930 0.344727
v 0.002930 -0.377930 0.379883
v 0.022461 -0.377930 0.399414
v 0.022461 -0.377930 0.399414
v 0.022461 -0.391602 0.399414
v 0.075195 -0.377930 0.344727
v 0.065430 -0.377930 0.346680
v 0.055664 -0.377930 0.336914
v 0.055664 -0.291992 0.336914
v 0.055664 -0.291992 0.336914
v 0.065430 -0.291992 0.346680
v 0.065430 -0.377930 0.346680
v 0.065430 -0.377930 0.346680
v 0.065430 -0.291992 0.346680
v 0.020508 -0.377930 0.389648
v 0.012695 -0.377930 0.379883
v 0.055664 -0.291992 0.336914
v 0.055664 -0.377930 0.336914
v 0.088867 -0.264648 0.264648
v 0.077148 -0.264648 0.264648
v 0.077148 -0.268555 0.280273
v 0.077148 -0.268555 0.280273
v 0.088867 -0.268555 0.280273
v 0.088867 -0.264648 0.264648
v 0.088867 -0.268555 0.280273
v 0.077148 -0.268555 0.280273
v 0.077148 -0.291992 0.293945
v 0.077148 -0.291992 0.293945
v 0.088867 -0.291992 0.293945
v 0.088867 -0.268555 0.280273
v 0.065430 -0.291992 0.346680
v 0.055664 -0.291992 0.336914
v 0.053711 -0.268555 0.356445
v 0.065430 -0.291992 0.346680
v 0.053711 -0.268555 0.356445
v 0.022461 -0.290039 0.389648
v 0.022461 -0.290039 0.389648
v 0.020508 -0.377930 0.389648
v 0.065430 -0.291992 0.346680
v 0.045898 -0.268555 0.346680
v 0.053711 -0.268555 0.356445
v 0.055664 -0.291992 0.336914
v 0.012695 -0.290039 0.379883
v 0.045898 -0.268555 0.346680
v 0.055664 -0.291992 0.336914
v 0.055664 -0.291992 0.336914
v 0.012695 -0.377930 0.379883
v 0.012695 -0.290039 0.379883
v 0.053711 -0.268555 0.356445
v 0.045898 -0.268555 0.346680
v 0.043945 -0.264648 0.366211
v 0.053711 -0.268555 0.356445
v 0.043945 -0.264648 0.366211
v 0.032227 -0.268555 0.377930
v 0.053711 -0.268555 0.356445
v 0.032227 -0.268555 0.377930
v 0.022461 -0.290039 0.389648
v 0.045898 -0.268555 0.346680
v 0.034180 -0.264648 0.358398
v 0.043945 -0.264648 0.366211
v 0.022461 -0.268555 0.370117
v 0.034180 -0.264648 0.358398
v 0.045898 -0.268555 0.346680
v 0.012695 -0.290039 0.379883
v 0.022461 -0.268555 0.370117
v 0.045898 -0.268555 0.346680
v 0.022461 -0.268555 0.370117
v 0.043945 -0.264648 0.366211
v 0.034180 -0.264648 0.358398
v 0.043945 -0.264648 0.366211
v 0.022461 -0.268555 0.370117
v 0.032227 -0.268555 0.377930
v 0.012695 -0.290039 0.379883
v 0.032227 -0.268555 0.377930
v 0.022461 -0.268555 0.370117
v 0.010742 -0.499023 0.403320
v 0.000977 -0.489258 0.430664
v 0.002930 -0.499023 0.438477
v 0.006836 -0.465820 0.438477
v 0.000977 -0.489258 0.430664
v 0.010742 -0.499023 0.403320
v -0.002930 -0.463867 0.395508
v 0.006836 -0.465820 0.438477
v 0.010742 -0.499023 0.403320
v -0.002930 -0.456055 0.405273
v 0.000977 -0.459961 0.418945
v 0.002930 -0.471680 0.413086
v 0.002930 -0.471680 0.413086
v 0.000977 -0.459961 0.418945
v -0.004883 -0.465820 0.428711
v -0.004883 -0.465820 0.428711
v -0.014648 -0.471680 0.430664
v 0.002930 -0.471680 0.413086
v -0.133789 -0.489258 0.430664
v 0.002930 -0.499023 0.438477
v 0.000977 -0.489258 0.430664
v 0.000977 -0.489258 0.430664
v 0.006836 -0.465820 0.438477
v -0.133789 -0.489258 0.430664
v 0.000977 -0.459961 0.418945
v -0.002930 -0.456055 0.405273
v -0.004883 -0.446289 0.413086
v 0.000977 -0.459961 0.418945
v -0.004883 -0.446289 0.413086
v -0.004883 -0.446289 0.422852
v -0.008789 -0.456055 0.432617
v -0.004883 -0.465820 0.428711
v 0.000977 -0.459961 0.418945
v -0.004883 -0.446289 0.422852
v -0.008789 -0.456055 0.432617
v 0.000977 -0.459961 0.418945
v 0.012695 -0.290039 0.379883
v 0.012695 -0.377930 0.379883
v 0.020508 -0.377930 0.389648
v 0.020508 -0.377930 0.389648
v 0.022461 -0.290039 0.389648
v 0.012695 -0.290039 0.379883
v 0.022461 -0.391602 0.399414
v 0.002930 -0.377930 0.379883
v 0.002930 -0.391602 0.379883
v 0.002930 -0.377930 0.379883
v 0.022461 -0.391602 0.399414
v 0.022461 -0.377930 0.399414
v -0.133789 -0.489258 0.430664
v -0.131836 -0.499023 0.432617
v 0.002930 -0.499023 0.438477
v 0.006836 -0.465820 0.438477
v -0.002930 -0.463867 0.395508
v -0.131836 -0.463867 0.434570
v -0.131836 -0.463867 0.434570
v -0.133789 -0.489258 0.430664
v 0.006836 -0.465820 0.438477
v 0.012695 -0.290039 0.379883
v 0.022461 -0.290039 0.389648
v 0.032227 -0.268555 0.377930
v -0.002930 -0.190430 0.403320
v 0.079102 -0.190430 0.319336
v 0.100586 -0.188477 0.327148
v 0.100586 -0.188477 0.327148
v 0.100586 -0.151367 0.327148
v 0.004883 -0.151367 0.422852
v 0.004883 -0.151367 0.422852
v 0.004883 -0.188477 0.422852
v 0.100586 -0.188477 0.327148
v 0.100586 -0.188477 0.327148
v 0.004883 -0.188477 0.422852
v -0.002930 -0.190430 0.403320
v 0.100586 -0.151367 0.327148
v 0.079102 -0.149414 0.319336
v -0.002930 -0.149414 0.403320
v -0.002930 -0.149414 0.403320
v 0.004883 -0.151367 0.422852
v 0.100586 -0.151367 0.327148
v 0.096680 -0.083008 0.301758
v 0.096680 -0.067383 0.301758
v 0.069336 -0.067383 0.301758
v 0.069336 -0.067383 0.301758
v 0.069336 -0.083008 0.301758
v 0.096680 -0.083008 0.301758
v 0.077148 0.016602 0.293945
v 0.077148 -0.069336 0.295898
v 0.088867 -0.069336 0.295898
v 0.088867 -0.069336 0.295898
v 0.088867 0.014648 0.233398
v 0.088867 0.016602 0.293945
v 0.088867 -0.069336 0.295898
v 0.088867 0.016602 0.293945
v 0.077148 0.016602 0.293945
v 0.077148 0.016602 0.293945
v 0.077148 0.014648 0.233398
v 0.077148 -0.069336 0.295898
v 0.055664 -0.083008 0.327148
v 0.075195 -0.067383 0.344727
v 0.075195 -0.083008 0.344727
v 0.075195 -0.083008 0.344727
v 0.075195 -0.067383 0.344727
v 0.022461 -0.083008 0.399414
v 0.002930 -0.083008 0.379883
v 0.055664 -0.083008 0.327148
v 0.075195 -0.083008 0.344727
v 0.022461 -0.083008 0.399414
v 0.002930 -0.083008 0.379883
v 0.075195 -0.083008 0.344727
v 0.075195 -0.067383 0.344727
v 0.055664 -0.083008 0.327148
v 0.055664 -0.067383 0.327148
v 0.075195 -0.067383 0.344727
v 0.055664 -0.067383 0.327148
v 0.002930 -0.067383 0.379883
v 0.075195 -0.067383 0.344727
v 0.002930 -0.067383 0.379883
v 0.022461 -0.067383 0.399414
v 0.022461 -0.067383 0.399414
v 0.022461 -0.083008 0.399414
v 0.075195 -0.067383 0.344727
v 0.053711 0.016602 0.334961
v 0.061523 -0.069336 0.342773
v 0.053711 -0.069336 0.333008
v 0.053711 -0.069336 0.333008
v 0.012695 -0.069336 0.377930
v 0.053711 0.016602 0.334961
v 0.063477 0.016602 0.344727
v 0.022461 -0.069336 0.387695
v 0.061523 -0.069336 0.342773
v 0.053711 0.016602 0.334961
v 0.063477 0.016602 0.344727
v 0.061523 -0.069336 0.342773
v 0.004883 -0.188477 0.422852
v 0.004883 -0.151367 0.422852
v -0.129883 -0.188477 0.422852
v -0.129883 -0.188477 0.422852
v -0.002930 -0.190430 0.403320
v 0.004883 -0.188477 0.422852
v 0.004883 -0.151367 0.422852
v -0.002930 -0.149414 0.403320
v -0.129883 -0.151367 0.422852
v -0.129883 -0.151367 0.422852
v -0.129883 -0.188477 0.422852
v 0.004883 -0.151367 0.422852
v 0.012695 0.014648 0.377930
v 0.012695 -0.069336 0.377930
v 0.022461 -0.069336 0.387695
v 0.022461 -0.069336 0.387695
v 0.063477 0.016602 0.344727
v 0.022461 0.014648 0.387695
v 0.022461 -0.069336 0.387695
v 0.022461 0.014648 0.387695
v 0.012695 0.014648 0.377930
v 0.022461 -0.083008 0.399414
v 0.002930 -0.067383 0.379883
v 0.002930 -0.083008 0.379883
v 0.012695 0.014648 0.377930
v 0.053711 0.016602 0.334961
v 0.012695 -0.069336 0.377930
v 0.002930 -0.067383 0.379883
v 0.022461 -0.083008 0.399414
v 0.022461 -0.067383 0.399414
v 0.083008 0.006836 0.104492
v 0.079102 0.002930 0.108398
v 0.051758 0.006836 0.104492
v 0.077148 0.002930 0.131836
v 0.079102 0.002930 0.108398
v 0.083008 0.006836 0.104492
v 0.051758 0.006836 0.104492
v 0.079102 0.012695 0.108398
v 0.083008 0.006836 0.104492
v 0.083008 0.006836 0.104492
v 0.079102 0.012695 0.108398
v 0.077148 0.012695 0.131836
v 0.083008 0.006836 0.104492
v 0.083008 0.006836 0.137695
v 0.077148 0.002930 0.131836
v 0.077148 0.012695 0.131836
v 0.083008 0.006836 0.137695
v 0.083008 0.006836 0.104492
v 0.079102 0.002930 0.108398
v 0.055664 0.002930 0.108398
v 0.051758 0.006836 0.104492
v 0.055664 0.010742 0.108398
v 0.075195 0.018555 0.112305
v 0.079102 0.012695 0.108398
v 0.079102 0.012695 0.108398
v 0.075195 0.018555 0.112305
v 0.075195 0.018555 0.127930
v 0.079102 0.012695 0.108398
v 0.051758 0.006836 0.104492
v 0.055664 0.012695 0.110352
v 0.075195 0.018555 0.127930
v 0.079102 0.010742 0.131836
v 0.079102 0.012695 0.108398
v 0.065430 0.014648 0.118164
v 0.065430 0.014648 0.122070
v 0.063477 0.030273 0.122070
v 0.063477 0.030273 0.118164
v 0.067383 0.016602 0.122070
v 0.065430 0.014648 0.118164
v 0.063477 0.030273 0.122070
v 0.063477 0.030273 0.118164
v 0.065430 0.014648 0.118164
v 0.065430 0.014648 0.122070
v 0.067383 0.016602 0.122070
v 0.063477 0.030273 0.122070
v 0.059570 0.018555 0.112305
v 0.067383 0.022461 0.120117
v 0.075195 0.018555 0.112305
v 0.075195 0.018555 0.112305
v 0.067383 0.022461 0.120117
v 0.075195 0.018555 0.127930
v 0.075195 0.018555 0.112305
v 0.055664 0.010742 0.108398
v 0.059570 0.018555 0.112305
v 0.067383 0.022461 0.120117
v 0.059570 0.018555 0.112305
v 0.059570 0.018555 0.127930
v 0.059570 0.018555 0.127930
v 0.075195 0.018555 0.127930
v 0.067383 0.022461 0.120117
v 0.067383 0.016602 0.122070
v 0.063477 0.030273 0.118164
v 0.067383 0.032227 0.120117
v 0.067383 0.032227 0.120117
v 0.063477 0.030273 0.122070
v 0.067383 0.016602 0.122070
v 0.063477 0.030273 0.118164
v 0.063477 0.030273 0.122070
v 0.055664 0.034180 0.118164
v 0.057617 0.038086 0.120117
v 0.067383 0.032227 0.120117
v 0.063477 0.030273 0.118164
v 0.063477 0.030273 0.118164
v 0.055664 0.034180 0.118164
v 0.057617 0.038086 0.120117
v 0.063477 0.030273 0.122070
v 0.067383 0.032227 0.120117
v 0.055664 0.036133 0.122070
v 0.055664 0.036133 0.122070
v 0.055664 0.034180 0.118164
v 0.063477 0.030273 0.122070
v 0.067383 0.032227 0.120117
v 0.057617 0.038086 0.120117
v 0.055664 0.036133 0.122070
v 0.051758 0.006836 0.135742
v 0.051758 0.006836 0.104492
v 0.055664 0.002930 0.108398
v 0.055664 0.002930 0.108398
v 0.055664 0.002930 0.131836
v 0.051758 0.006836 0.135742
v 0.059570 0.018555 0.127930
v 0.059570 0.018555 0.112305
v 0.055664 0.010742 0.108398
v 0.055664 0.010742 0.108398
v 0.055664 0.012695 0.131836
v 0.059570 0.018555 0.127930
v 0.051758 0.006836 0.135742
v 0.055664 0.012695 0.110352
v 0.051758 0.006836 0.104492
v 0.051758 0.006836 0.135742
v 0.055664 0.012695 0.131836
v 0.055664 0.012695 0.110352
v 0.047852 0.030273 0.112305
v 0.047852 0.028320 0.120117
v 0.038086 0.026367 0.120117
v 0.047852 0.038086 0.110352
v 0.047852 0.028320 0.120117
v 0.047852 0.030273 0.112305
v 0.038086 0.026367 0.120117
v 0.038086 0.028320 0.112305
v 0.047852 0.030273 0.112305
v 0.047852 0.030273 0.112305
v 0.038086 0.028320 0.112305
v 0.038086 0.038086 0.108398
v 0.047852 0.030273 0.112305
v 0.038086 0.038086 0.108398
v 0.047852 0.038086 0.110352
v 0.038086 0.028320 0.127930
v 0.038086 0.026367 0.120117
v 0.047852 0.028320 0.120117
v 0.047852 0.028320 0.120117
v 0.047852 0.038086 0.110352
v 0.047852 0.047852 0.120117
v 0.047852 0.028320 0.120117
v 0.047852 0.047852 0.120117
v 0.047852 0.043945 0.125977
v 0.047852 0.028320 0.120117
v 0.047852 0.030273 0.125977
v 0.038086 0.028320 0.127930
v 0.047852 0.038086 0.129883
v 0.047852 0.030273 0.125977
v 0.047852 0.028320 0.120117
v 0.047852 0.043945 0.125977
v 0.047852 0.038086 0.129883
v 0.047852 0.028320 0.120117
v 0.047852 0.043945 0.112305
v 0.047852 0.038086 0.110352
v 0.038086 0.038086 0.108398
v 0.038086 0.045898 0.112305
v 0.047852 0.043945 0.112305
v 0.038086 0.038086 0.108398
v 0.047852 0.038086 0.110352
v 0.047852 0.043945 0.112305
v 0.047852 0.047852 0.120117
v 0.038086 0.045898 0.112305
v 0.047852 0.047852 0.120117
v 0.047852 0.043945 0.112305
v 0.043945 0.038086 0.116211
v 0.057617 0.038086 0.120117
v 0.055664 0.034180 0.118164
v 0.055664 0.034180 0.118164
v 0.055664 0.036133 0.122070
v 0.043945 0.038086 0.116211
v 0.043945 0.038086 0.122070
v 0.055664 0.036133 0.122070
v 0.057617 0.038086 0.120117
v 0.057617 0.038086 0.120117
v 0.043945 0.038086 0.116211
v 0.043945 0.041992 0.120117
v 0.043945 0.041992 0.120117
v 0.043945 0.038086 0.122070
v 0.057617 0.038086 0.120117
v 0.043945 0.038086 0.122070
v 0.043945 0.038086 0.116211
v 0.055664 0.036133 0.122070
v 0.047852 0.047852 0.120117
v 0.038086 0.045898 0.112305
v 0.038086 0.049805 0.120117
v 0.047852 0.047852 0.120117
v 0.038086 0.049805 0.120117
v 0.038086 0.045898 0.127930
v 0.038086 0.045898 0.127930
v 0.047852 0.043945 0.125977
v 0.047852 0.047852 0.120117
v 0.000977 0.120117 0.083008
v 0.114258 0.120117 0.186523
v 0.100586 0.102539 0.192383
v 0.110352 0.127930 0.188477
v 0.114258 0.120117 0.186523
v 0.000977 0.120117 0.083008
v 0.000977 0.120117 0.083008
v 0.100586 0.102539 0.192383
v -0.004883 0.102539 0.096680
v -0.000977 0.127930 0.088867
v 0.110352 0.127930 0.188477
v 0.000977 0.120117 0.083008
v 0.000977 0.120117 0.083008
v -0.004883 0.102539 0.096680
v -0.124023 0.120117 0.083008
v 0.000977 0.120117 0.083008
v -0.124023 0.120117 0.083008
v -0.122070 0.127930 0.088867
v -0.122070 0.127930 0.088867
v -0.000977 0.127930 0.088867
v 0.000977 0.120117 0.083008
v 0.079102 0.010742 0.131836
v 0.075195 0.018555 0.127930
v 0.059570 0.018555 0.127930
v 0.059570 0.018555 0.127930
v 0.055664 0.012695 0.131836
v 0.079102 0.010742 0.131836
v 0.051758 0.006836 0.135742
v 0.077148 0.002930 0.131836
v 0.083008 0.006836 0.137695
v 0.083008 0.006836 0.137695
v 0.077148 0.012695 0.131836
v 0.055664 0.012695 0.131836
v 0.083008 0.006836 0.137695
v 0.055664 0.012695 0.131836
v 0.051758 0.006836 0.135742
v 0.051758 0.006836 0.135742
v 0.055664 0.002930 0.131836
v 0.077148 0.002930 0.131836
v 0.063477 0.036133 0.161133
v 0.069336 0.059570 0.178711
v 0.018555 0.059570 0.178711
v 0.018555 0.059570 0.178711
v 0.018555 0.036133 0.161133
v 0.063477 0.036133 0.161133
v 0.077148 0.041992 0.166992
v 0.084961 0.055664 0.178711
v 0.063477 0.065430 0.188477
v 0.063477 0.065430 0.188477
v 0.057617 0.055664 0.178711
v 0.077148 0.041992 0.166992
v 0.084961 0.055664 0.178711
v 0.083008 0.065430 0.188477
v 0.063477 0.065430 0.188477
v 0.102539 0.102539 0.327148
v 0.100586 0.102539 0.192383
v 0.114258 0.120117 0.186523
v 0.114258 0.120117 0.186523
v 0.110352 0.127930 0.188477
v 0.110352 0.127930 0.331055
v 0.116211 0.120117 0.333008
v 0.102539 0.102539 0.327148
v 0.114258 0.120117 0.186523
v 0.110352 0.127930 0.331055
v 0.116211 0.120117 0.333008
v 0.114258 0.120117 0.186523
v 0.038086 0.038086 0.131836
v 0.038086 0.028320 0.127930
v 0.047852 0.030273 0.125977
v 0.047852 0.030273 0.125977
v 0.047852 0.038086 0.129883
v 0.038086 0.038086 0.131836
v 0.047852 0.038086 0.129883
v 0.047852 0.043945 0.125977
v 0.038086 0.045898 0.127930
v 0.038086 0.045898 0.127930
v 0.038086 0.038086 0.131836
v 0.047852 0.038086 0.129883
v 0.004883 0.028320 0.159180
v 0.004883 0.049805 0.159180
v -0.354492 0.028320 0.159180
v -0.354492 0.049805 0.159180
v -0.354492 0.028320 0.159180
v 0.004883 0.049805 0.159180
v 0.088867 0.014648 0.233398
v 0.077148 0.014648 0.233398
v 0.088867 0.038086 0.247070
v 0.088867 0.014648 0.233398
v 0.088867 0.038086 0.247070
v 0.088867 0.016602 0.293945
v 0.077148 0.038086 0.247070
v 0.088867 0.038086 0.247070
v 0.077148 0.014648 0.233398
v 0.077148 0.016602 0.293945
v 0.077148 0.038086 0.247070
v 0.077148 0.014648 0.233398
v 0.088867 0.038086 0.247070
v 0.077148 0.038086 0.247070
v 0.088867 0.041992 0.264648
v 0.088867 0.038086 0.247070
v 0.088867 0.041992 0.264648
v 0.088867 0.038086 0.280273
v 0.088867 0.038086 0.247070
v 0.088867 0.038086 0.280273
v 0.088867 0.016602 0.293945
v 0.077148 0.041992 0.264648
v 0.088867 0.041992 0.264648
v 0.077148 0.038086 0.247070
v 0.077148 0.038086 0.280273
v 0.077148 0.041992 0.264648
v 0.077148 0.038086 0.247070
v 0.077148 0.016602 0.293945
v 0.077148 0.038086 0.280273
v 0.077148 0.038086 0.247070
v 0.084961 0.114258 0.321289
v 0.083008 0.114258 0.200195
v 0.100586 0.102539 0.192383
v 0.100586 0.102539 0.192383
v 0.102539 0.102539 0.327148
v 0.084961 0.114258 0.321289
v 0.086914 0.086914 0.235352
v 0.086914 0.069336 0.219727
v 0.083008 0.118164 0.200195
v 0.088867 0.096680 0.260742
v 0.086914 0.086914 0.235352
v 0.083008 0.118164 0.200195
v 0.083008 0.118164 0.321289
v 0.088867 0.096680 0.260742
v 0.083008 0.118164 0.200195
v 0.083008 0.118164 0.200195
v -0.010742 -0.475586 0.116211
v -0.010742 0.118164 0.116211
v 0.086914 0.086914 0.235352
v 0.071289 0.069336 0.219727
v 0.086914 0.069336 0.219727
v 0.071289 0.069336 0.219727
v 0.086914 0.086914 0.235352
v 0.071289 0.086914 0.237305
v 0.071289 0.069336 0.219727
v 0.071289 0.086914 0.237305
v 0.073242 0.069336 0.303711
v 0.088867 0.096680 0.260742
v 0.071289 0.086914 0.237305
v 0.086914 0.086914 0.235352
v 0.071289 0.086914 0.237305
v 0.088867 0.096680 0.260742
v 0.071289 0.096680 0.262695
v 0.071289 0.086914 0.237305
v 0.071289 0.096680 0.262695
v 0.073242 0.086914 0.288086
v 0.071289 0.086914 0.237305
v 0.073242 0.086914 0.288086
v 0.073242 0.069336 0.303711
v 0.110352 0.127930 0.188477
v 0.061523 0.180664 0.209961
v 0.110352 0.127930 0.331055
v -0.018555 0.180664 0.137695
v 0.061523 0.180664 0.209961
v 0.110352 0.127930 0.188477
v 0.110352 0.127930 0.188477
v -0.000977 0.127930 0.088867
v -0.018555 0.180664 0.137695
v 0.069336 0.176758 0.206055
v 0.069336 0.200195 0.206055
v 0.071289 0.200195 0.315430
v -0.016602 0.200195 0.127930
v 0.069336 0.200195 0.206055
v 0.069336 0.176758 0.206055
v 0.071289 0.200195 0.315430
v 0.071289 0.176758 0.315430
v 0.069336 0.176758 0.206055
v 0.069336 0.176758 0.206055
v -0.016602 0.176758 0.127930
v -0.016602 0.200195 0.127930
v 0.069336 0.200195 0.206055
v 0.059570 0.202148 0.209961
v 0.059570 0.202148 0.311523
v -0.016602 0.200195 0.127930
v 0.059570 0.202148 0.209961
v 0.069336 0.200195 0.206055
v 0.069336 0.200195 0.206055
v 0.059570 0.202148 0.311523
v 0.071289 0.200195 0.315430
v 0.061523 0.180664 0.209961
v 0.061523 0.243164 0.209961
v 0.061523 0.180664 0.311523
v -0.018555 0.243164 0.137695
v 0.061523 0.243164 0.209961
v 0.061523 0.180664 0.209961
v 0.061523 0.180664 0.209961
v 0.061523 0.180664 0.311523
v 0.110352 0.127930 0.331055
v 0.061523 0.180664 0.209961
v -0.018555 0.180664 0.137695
v -0.018555 0.243164 0.137695
v 0.059570 0.202148 0.209961
v -0.016602 0.200195 0.127930
v -0.020508 0.202148 0.139648
v 0.061523 0.243164 0.209961
v 0.051758 0.268555 0.213867
v 0.061523 0.243164 0.311523
v -0.022461 0.268555 0.147461
v 0.051758 0.268555 0.213867
v 0.061523 0.243164 0.209961
v 0.061523 0.243164 0.311523
v 0.061523 0.180664 0.311523
v 0.061523 0.243164 0.209961
v 0.061523 0.243164 0.209961
v -0.018555 0.243164 0.137695
v -0.022461 0.268555 0.147461
v 0.051758 0.268555 0.213867
v 0.036133 0.291992 0.219727
v 0.051758 0.268555 0.307617
v -0.028320 0.291992 0.163086
v 0.036133 0.291992 0.219727
v 0.051758 0.268555 0.213867
v 0.051758 0.268555 0.307617
v 0.061523 0.243164 0.311523
v 0.051758 0.268555 0.213867
v 0.051758 0.268555 0.213867
v -0.022461 0.268555 0.147461
v -0.028320 0.291992 0.163086
v 0.036133 0.291992 0.219727
v 0.014648 0.311523 0.229492
v 0.036133 0.291992 0.301758
v -0.036133 0.311523 0.184570
v 0.014648 0.311523 0.229492
v 0.036133 0.291992 0.219727
v 0.036133 0.291992 0.301758
v 0.051758 0.268555 0.307617
v 0.036133 0.291992 0.219727
v 0.036133 0.291992 0.219727
v -0.028320 0.291992 0.163086
v -0.036133 0.311523 0.184570
v 0.014648 0.311523 0.291992
v 0.036133 0.291992 0.301758
v 0.014648 0.311523 0.229492
v -0.026367 0.333008 0.276367
v 0.014648 0.311523 0.291992
v 0.014648 0.311523 0.229492
v 0.014648 0.311523 0.229492
v -0.036133 0.311523 0.184570
v -0.049805 0.333008 0.225586
v -0.049805 0.333008 0.225586
v -0.026367 0.333008 0.247070
v 0.014648 0.311523 0.229492
v 0.014648 0.311523 0.229492
v -0.026367 0.333008 0.247070
v -0.026367 0.333008 0.276367
v 0.088867 0.041992 0.264648
v 0.077148 0.041992 0.264648
v 0.077148 0.038086 0.280273
v 0.077148 0.038086 0.280273
v 0.088867 0.038086 0.280273
v 0.088867 0.041992 0.264648
v 0.088867 0.038086 0.280273
v 0.077148 0.038086 0.280273
v 0.077148 0.016602 0.293945
v 0.077148 0.016602 0.293945
v 0.088867 0.016602 0.293945
v 0.088867 0.038086 0.280273
v 0.088867 0.086914 0.286133
v 0.071289 0.096680 0.262695
v 0.088867 0.096680 0.260742
v 0.083008 0.118164 0.321289
v 0.088867 0.086914 0.286133
v 0.088867 0.096680 0.260742
v 0.071289 0.096680 0.262695
v 0.088867 0.086914 0.286133
v 0.073242 0.086914 0.288086
v 0.088867 0.069336 0.303711
v 0.073242 0.086914 0.288086
v 0.088867 0.086914 0.286133
v 0.083008 0.118164 0.321289
v 0.088867 0.069336 0.303711
v 0.088867 0.086914 0.286133
v 0.073242 0.086914 0.288086
v 0.088867 0.069336 0.303711
v 0.073242 0.069336 0.303711
v 0.088867 0.069336 0.321289
v 0.073242 0.069336 0.303711
v 0.088867 0.069336 0.303711
v 0.083008 0.118164 0.321289
v 0.088867 0.069336 0.321289
v 0.088867 0.069336 0.303711
v 0.073242 0.069336 0.303711
v 0.088867 0.069336 0.321289
v 0.073242 0.071289 0.315430
v 0.063477 0.016602 0.344727
v 0.053711 0.016602 0.334961
v 0.053711 0.038086 0.356445
v 0.063477 0.016602 0.344727
v 0.053711 0.038086 0.356445
v 0.032227 0.038086 0.377930
v 0.063477 0.016602 0.344727
v 0.032227 0.038086 0.377930
v 0.022461 0.014648 0.387695
v 0.102539 0.102539 0.327148
v 0.116211 0.120117 0.333008
v 0.010742 0.120117 0.438477
v 0.004883 0.102539 0.424805
v 0.084961 0.114258 0.321289
v 0.102539 0.102539 0.327148
v 0.010742 0.120117 0.438477
v 0.004883 0.102539 0.424805
v 0.102539 0.102539 0.327148
v 0.116211 0.120117 0.333008
v 0.110352 0.127930 0.331055
v 0.010742 0.120117 0.438477
v 0.077148 0.069336 0.334961
v 0.073242 0.071289 0.315430
v 0.088867 0.069336 0.321289
v 0.083008 0.118164 0.321289
v 0.077148 0.069336 0.334961
v 0.088867 0.069336 0.321289
v 0.077148 0.069336 0.334961
v 0.063477 0.069336 0.323242
v 0.073242 0.071289 0.315430
v 0.063477 0.069336 0.323242
v 0.077148 0.069336 0.334961
v 0.063477 0.086914 0.346680
v 0.063477 0.069336 0.323242
v 0.063477 0.086914 0.346680
v 0.051758 0.086914 0.334961
v 0.063477 0.069336 0.323242
v 0.051758 0.086914 0.334961
v 0.004883 0.069336 0.383789
v 0.063477 0.069336 0.323242
v 0.004883 0.069336 0.383789
v -0.002930 -0.475586 0.405273
v 0.077148 0.069336 0.334961
v 0.083008 0.118164 0.321289
v 0.063477 0.086914 0.346680
v 0.084961 0.114258 0.321289
v 0.004883 0.102539 0.424805
v -0.000977 0.114258 0.403320
v 0.045898 0.096680 0.364258
v 0.063477 0.086914 0.346680
v 0.083008 0.118164 0.321289
v -0.002930 0.118164 0.405273
v 0.045898 0.096680 0.364258
v 0.083008 0.118164 0.321289
v 0.045898 0.096680 0.364258
v 0.051758 0.086914 0.334961
v 0.063477 0.086914 0.346680
v 0.045898 0.038086 0.346680
v 0.053711 0.038086 0.356445
v 0.053711 0.016602 0.334961
v 0.012695 0.014648 0.377930
v 0.045898 0.038086 0.346680
v 0.053711 0.016602 0.334961
v 0.053711 0.038086 0.356445
v 0.045898 0.038086 0.346680
v 0.043945 0.041992 0.366211
v 0.053711 0.038086 0.356445
v 0.043945 0.041992 0.366211
v 0.032227 0.038086 0.377930
v 0.045898 0.038086 0.346680
v 0.034180 0.041992 0.358398
v 0.043945 0.041992 0.366211
v 0.022461 0.038086 0.370117
v 0.034180 0.041992 0.358398
v 0.045898 0.038086 0.346680
v 0.012695 0.014648 0.377930
v 0.022461 0.038086 0.370117
v 0.045898 0.038086 0.346680
v 0.022461 0.038086 0.370117
v 0.043945 0.041992 0.366211
v 0.034180 0.041992 0.358398
v 0.043945 0.041992 0.366211
v 0.022461 0.038086 0.370117
v 0.032227 0.038086 0.377930
v 0.012695 0.014648 0.377930
v 0.032227 0.038086 0.377930
v 0.022461 0.038086 0.370117
v 0.045898 0.096680 0.364258
v 0.034180 0.096680 0.354492
v 0.051758 0.086914 0.334961
v 0.051758 0.086914 0.334961
v 0.034180 0.096680 0.354492
v 0.016602 0.086914 0.372070
v 0.051758 0.086914 0.334961
v 0.016602 0.086914 0.372070
v 0.004883 0.069336 0.383789
v 0.034180 0.096680 0.354492
v 0.045898 0.096680 0.364258
v 0.028320 0.086914 0.381836
v 0.028320 0.086914 0.381836
v 0.016602 0.086914 0.372070
v 0.034180 0.096680 0.354492
v -0.002930 0.118164 0.405273
v 0.028320 0.086914 0.381836
v 0.045898 0.096680 0.364258
v 0.016602 0.086914 0.372070
v 0.028320 0.086914 0.381836
v 0.016602 0.069336 0.393555
v 0.016602 0.069336 0.393555
v 0.004883 0.069336 0.383789
v 0.016602 0.086914 0.372070
v 0.061523 0.180664 0.311523
v 0.061523 0.243164 0.311523
v -0.010742 0.243164 0.385742
v 0.008789 0.127930 0.432617
v 0.110352 0.127930 0.331055
v 0.061523 0.180664 0.311523
v -0.010742 0.180664 0.385742
v 0.008789 0.127930 0.432617
v 0.061523 0.180664 0.311523
v -0.010742 0.243164 0.385742
v -0.010742 0.180664 0.385742
v 0.061523 0.180664 0.311523
v -0.012695 0.202148 0.383789
v 0.071289 0.200195 0.315430
v 0.059570 0.202148 0.311523
v 0.061523 0.243164 0.311523
v 0.051758 0.268555 0.307617
v -0.010742 0.243164 0.385742
v 0.008789 0.127930 0.432617
v 0.010742 0.120117 0.438477
v 0.110352 0.127930 0.331055
v 0.071289 0.176758 0.315430
v 0.071289 0.200195 0.315430
v -0.006836 0.176758 0.393555
v -0.006836 0.200195 0.393555
v -0.006836 0.176758 0.393555
v 0.071289 0.200195 0.315430
v 0.071289 0.200195 0.315430
v -0.012695 0.202148 0.383789
v -0.006836 0.200195 0.393555
v 0.012695 0.014648 0.377930
v 0.022461 0.014648 0.387695
v 0.032227 0.038086 0.377930
v -0.002930 0.118164 0.405273
v 0.016602 0.069336 0.393555
v 0.028320 0.086914 0.381836
v 0.004883 0.069336 0.383789
v 0.016602 0.069336 0.393555
v 0.002930 0.069336 0.407227
v 0.004883 0.069336 0.383789
v 0.002930 0.069336 0.407227
v -0.002930 0.071289 0.391602
v -0.002930 0.071289 0.391602
v -0.002930 -0.475586 0.405273
v 0.004883 0.069336 0.383789
v -0.002930 0.118164 0.405273
v 0.002930 0.069336 0.407227
v 0.016602 0.069336 0.393555
v -0.014648 0.069336 0.407227
v -0.002930 0.071289 0.391602
v 0.002930 0.069336 0.407227
v 0.002930 0.069336 0.407227
v -0.002930 0.118164 0.405273
v -0.014648 0.069336 0.407227
v 0.004883 0.102539 0.424805
v 0.010742 0.120117 0.438477
v -0.135742 0.120117 0.438477
v -0.129883 0.102539 0.424805
v -0.000977 0.114258 0.403320
v 0.004883 0.102539 0.424805
v -0.135742 0.120117 0.438477
v -0.129883 0.102539 0.424805
v 0.004883 0.102539 0.424805
v 0.010742 0.120117 0.438477
v 0.008789 0.127930 0.432617
v -0.135742 0.120117 0.438477
v 0.008789 0.127930 0.432617
v -0.010742 0.180664 0.385742
v -0.133789 0.127930 0.432617
v -0.133789 0.127930 0.432617
v -0.135742 0.120117 0.438477
v 0.008789 0.127930 0.432617
v 0.051758 0.268555 0.307617
v 0.036133 0.291992 0.301758
v -0.014648 0.268555 0.375977
v -0.014648 0.268555 0.375977
v -0.010742 0.243164 0.385742
v 0.051758 0.268555 0.307617
v 0.036133 0.291992 0.301758
v 0.014648 0.311523 0.291992
v -0.022461 0.291992 0.360352
v 0.036133 0.291992 0.301758
v -0.022461 0.291992 0.360352
v -0.014648 0.268555 0.375977
v 0.014648 0.311523 0.291992
v -0.026367 0.333008 0.276367
v -0.030273 0.311523 0.338867
v 0.014648 0.311523 0.291992
v -0.030273 0.311523 0.338867
v -0.022461 0.291992 0.360352
v -0.010742 -0.475586 0.116211
v -0.114258 -0.475586 0.116211
v -0.010742 0.118164 0.116211
v -0.114258 -0.475586 0.116211
v -0.206055 -0.475586 0.200195
v -0.208008 0.069336 0.194336
v -0.114258 0.118164 0.116211
v -0.010742 0.118164 0.116211
v -0.114258 -0.475586 0.116211
v -0.206055 0.118164 0.200195
v -0.114258 0.118164 0.116211
v -0.114258 -0.475586 0.116211
v -0.114258 -0.475586 0.116211
v -0.208008 0.069336 0.194336
v -0.206055 0.118164 0.200195
v -0.241211 -0.499023 0.186523
v -0.237305 -0.489258 0.182617
v -0.200195 -0.499023 0.192383
v -0.243164 -0.499023 0.321289
v -0.237305 -0.489258 0.182617
v -0.241211 -0.499023 0.186523
v -0.237305 -0.489258 0.182617
v -0.243164 -0.463867 0.186523
v -0.202148 -0.463867 0.188477
v -0.243164 -0.465820 0.323242
v -0.243164 -0.463867 0.186523
v -0.237305 -0.489258 0.182617
v -0.202148 -0.463867 0.188477
v -0.200195 -0.499023 0.192383
v -0.237305 -0.489258 0.182617
v -0.243164 -0.499023 0.321289
v -0.239258 -0.489258 0.317383
v -0.237305 -0.489258 0.182617
v -0.237305 -0.489258 0.182617
v -0.239258 -0.489258 0.317383
v -0.243164 -0.465820 0.323242
v -0.200195 -0.463867 0.313477
v -0.202148 -0.463867 0.188477
v -0.243164 -0.463867 0.186523
v -0.243164 -0.465820 0.323242
v -0.200195 -0.463867 0.313477
v -0.243164 -0.463867 0.186523
v -0.206055 -0.475586 0.200195
v -0.208008 -0.475586 0.319336
v -0.192383 0.069336 0.211914
v -0.192383 0.069336 0.211914
v -0.208008 0.069336 0.194336
v -0.206055 -0.475586 0.200195
v -0.213867 -0.454102 0.200195
v -0.221680 -0.465820 0.190430
v -0.227539 -0.456055 0.192383
v -0.213867 -0.454102 0.200195
v -0.227539 -0.456055 0.192383
v -0.231445 -0.450195 0.202148
v -0.213867 -0.454102 0.200195
v -0.231445 -0.450195 0.202148
v -0.219727 -0.450195 0.209961
v -0.213867 -0.454102 0.200195
v -0.219727 -0.450195 0.209961
v -0.211914 -0.450195 0.219727
v -0.235352 -0.469727 0.194336
v -0.243164 -0.473633 0.217773
v -0.243164 -0.465820 0.202148
v -0.227539 -0.456055 0.192383
v -0.221680 -0.465820 0.190430
v -0.235352 -0.469727 0.194336
v -0.243164 -0.465820 0.202148
v -0.227539 -0.456055 0.192383
v -0.235352 -0.469727 0.194336
v -0.247070 -0.456055 0.213867
v -0.243164 -0.465820 0.202148
v -0.243164 -0.473633 0.217773
v -0.250977 -0.454102 0.233398
v -0.247070 -0.456055 0.213867
v -0.243164 -0.473633 0.217773
v -0.245117 -0.473633 0.266602
v -0.250977 -0.454102 0.233398
v -0.243164 -0.473633 0.217773
v -0.243164 -0.465820 0.202148
v -0.231445 -0.450195 0.202148
v -0.227539 -0.456055 0.192383
v -0.231445 -0.450195 0.202148
v -0.243164 -0.465820 0.202148
v -0.229492 -0.452148 0.211914
v -0.229492 -0.452148 0.211914
v -0.219727 -0.450195 0.209961
v -0.231445 -0.450195 0.202148
v -0.247070 -0.456055 0.213867
v -0.229492 -0.452148 0.211914
v -0.243164 -0.465820 0.202148
v -0.219727 -0.450195 0.209961
v -0.229492 -0.452148 0.211914
v -0.211914 -0.450195 0.219727
v -0.229492 -0.452148 0.211914
v -0.247070 -0.456055 0.213867
v -0.241211 -0.440430 0.217773
v -0.229492 -0.452148 0.211914
v -0.241211 -0.440430 0.217773
v -0.231445 -0.438477 0.221680
v -0.231445 -0.438477 0.221680
v -0.211914 -0.450195 0.219727
v -0.229492 -0.452148 0.211914
v -0.250977 -0.454102 0.233398
v -0.241211 -0.440430 0.217773
v -0.247070 -0.456055 0.213867
v -0.237305 -0.438477 0.229492
v -0.231445 -0.438477 0.221680
v -0.241211 -0.440430 0.217773
v -0.250977 -0.454102 0.233398
v -0.237305 -0.438477 0.229492
v -0.241211 -0.440430 0.217773
v -0.211914 -0.450195 0.219727
v -0.231445 -0.438477 0.221680
v -0.221680 -0.442383 0.235352
v -0.211914 -0.450195 0.219727
v -0.221680 -0.442383 0.235352
v -0.219727 -0.438477 0.250977
v -0.219727 -0.438477 0.250977
v -0.213867 -0.446289 0.264648
v -0.211914 -0.450195 0.219727
v -0.231445 -0.438477 0.221680
v -0.237305 -0.438477 0.229492
v -0.221680 -0.442383 0.235352
v -0.233398 -0.444336 0.237305
v -0.221680 -0.442383 0.235352
v -0.237305 -0.438477 0.229492
v -0.250977 -0.454102 0.233398
v -0.233398 -0.444336 0.237305
v -0.237305 -0.438477 0.229492
v -0.221680 -0.442383 0.235352
v -0.233398 -0.444336 0.237305
v -0.235352 -0.438477 0.243164
v -0.221680 -0.442383 0.235352
v -0.235352 -0.438477 0.243164
v -0.231445 -0.434570 0.250977
v -0.231445 -0.434570 0.250977
v -0.219727 -0.438477 0.250977
v -0.221680 -0.442383 0.235352
v -0.233398 -0.444336 0.237305
v -0.239258 -0.454102 0.239258
v -0.241211 -0.444336 0.249023
v -0.250977 -0.454102 0.233398
v -0.239258 -0.454102 0.239258
v -0.233398 -0.444336 0.237305
v -0.241211 -0.444336 0.249023
v -0.235352 -0.438477 0.243164
v -0.233398 -0.444336 0.237305
v -0.239258 -0.456055 0.258789
v -0.241211 -0.444336 0.249023
v -0.239258 -0.454102 0.239258
v -0.239258 -0.454102 0.239258
v -0.250977 -0.454102 0.233398
v -0.239258 -0.456055 0.258789
v -0.235352 -0.438477 0.243164
v -0.241211 -0.444336 0.249023
v -0.231445 -0.434570 0.250977
v -0.241211 -0.444336 0.249023
v -0.239258 -0.456055 0.258789
v -0.235352 -0.444336 0.262695
v -0.241211 -0.444336 0.249023
v -0.235352 -0.444336 0.262695
v -0.231445 -0.434570 0.250977
v -0.120117 -0.188477 0.098633
v -0.112305 -0.190430 0.120117
v -0.204102 -0.190430 0.200195
v -0.223633 -0.151367 0.192383
v -0.120117 -0.151367 0.098633
v -0.120117 -0.188477 0.098633
v -0.120117 -0.188477 0.098633
v -0.204102 -0.190430 0.200195
v -0.223633 -0.188477 0.192383
v -0.120117 -0.188477 0.098633
v -0.223633 -0.188477 0.192383
v -0.223633 -0.151367 0.192383
v -0.204102 -0.149414 0.200195
v -0.112305 -0.149414 0.120117
v -0.120117 -0.151367 0.098633
v -0.223633 -0.151367 0.192383
v -0.204102 -0.149414 0.200195
v -0.120117 -0.151367 0.098633
v -0.204102 -0.190430 0.319336
v -0.223633 -0.188477 0.192383
v -0.204102 -0.190430 0.200195
v -0.223633 -0.151367 0.327148
v -0.223633 -0.151367 0.192383
v -0.223633 -0.188477 0.192383
v -0.223633 -0.188477 0.192383
v -0.204102 -0.190430 0.319336
v -0.223633 -0.188477 0.327148
v -0.223633 -0.188477 0.192383
v -0.223633 -0.188477 0.327148
v -0.223633 -0.151367 0.327148
v -0.204102 -0.149414 0.200195
v -0.223633 -0.151367 0.192383
v -0.223633 -0.151367 0.327148
v -0.223633 -0.151367 0.327148
v -0.204102 -0.149414 0.319336
v -0.204102 -0.149414 0.200195
v -0.327148 -0.489258 0.133789
v -0.364258 -0.489258 0.133789
v -0.358398 -0.188477 0.133789
v -0.329102 -0.188477 0.163086
v -0.329102 -0.489258 0.168945
v -0.327148 -0.489258 0.133789
v -0.358398 -0.188477 0.133789
v -0.329102 -0.188477 0.133789
v -0.327148 -0.489258 0.133789
v -0.327148 -0.489258 0.133789
v -0.329102 -0.188477 0.133789
v -0.329102 -0.188477 0.163086
v -0.364258 -0.489258 0.133789
v -0.364258 -0.489258 0.168945
v -0.358398 -0.188477 0.163086
v -0.358398 -0.188477 0.163086
v -0.358398 -0.188477 0.133789
v -0.364258 -0.489258 0.133789
v -0.358398 -0.188477 0.163086
v -0.364258 -0.489258 0.168945
v -0.329102 -0.489258 0.168945
v -0.329102 -0.489258 0.168945
v -0.329102 -0.188477 0.163086
v -0.358398 -0.188477 0.163086
v -0.250977 -0.454102 0.233398
v -0.245117 -0.473633 0.266602
v -0.247070 -0.461914 0.266602
v -0.247070 -0.461914 0.266602
v -0.239258 -0.456055 0.258789
v -0.250977 -0.454102 0.233398
v -0.401367 -0.493164 0.245117
v -0.401367 -0.485352 0.245117
v -0.249023 -0.493164 0.450195
v -0.249023 -0.485352 0.450195
v -0.249023 -0.493164 0.450195
v -0.401367 -0.485352 0.245117
v -0.331055 -0.153320 0.137695
v -0.360352 -0.153320 0.137695
v -0.331055 0.055664 0.137695
v -0.331055 0.055664 0.137695
v -0.331055 -0.153320 0.165039
v -0.331055 -0.153320 0.137695
v -0.360352 -0.153320 0.137695
v -0.360352 -0.153320 0.165039
v -0.360352 0.055664 0.165039
v -0.360352 0.055664 0.137695
v -0.331055 0.055664 0.137695
v -0.360352 -0.153320 0.137695
v -0.360352 0.055664 0.165039
v -0.360352 0.055664 0.137695
v -0.360352 -0.153320 0.137695
v -0.360352 0.055664 0.165039
v -0.360352 -0.153320 0.165039
v -0.331055 -0.153320 0.165039
v -0.331055 -0.153320 0.165039
v -0.331055 0.055664 0.137695
v -0.331055 0.055664 0.165039
v -0.331055 -0.153320 0.165039
v -0.331055 0.055664 0.165039
v -0.360352 0.055664 0.165039
v -0.213867 -0.446289 0.264648
v -0.219727 -0.438477 0.250977
v -0.223633 -0.444336 0.262695
v -0.213867 -0.446289 0.264648
v -0.223633 -0.444336 0.262695
v -0.221680 -0.438477 0.268555
v -0.213867 -0.446289 0.264648
v -0.221680 -0.438477 0.268555
v -0.217773 -0.436523 0.274414
v -0.213867 -0.446289 0.264648
v -0.217773 -0.438477 0.284180
v -0.209961 -0.450195 0.293945
v -0.217773 -0.436523 0.274414
v -0.217773 -0.438477 0.284180
v -0.213867 -0.446289 0.264648
v -0.243164 -0.473633 0.286133
v -0.247070 -0.461914 0.266602
v -0.245117 -0.473633 0.266602
v -0.229492 -0.438477 0.260742
v -0.223633 -0.444336 0.262695
v -0.219727 -0.438477 0.250977
v -0.231445 -0.434570 0.250977
v -0.229492 -0.438477 0.260742
v -0.219727 -0.438477 0.250977
v -0.223633 -0.444336 0.262695
v -0.229492 -0.438477 0.260742
v -0.235352 -0.444336 0.262695
v -0.223633 -0.444336 0.262695
v -0.235352 -0.444336 0.262695
v -0.221680 -0.438477 0.268555
v -0.231445 -0.434570 0.250977
v -0.235352 -0.444336 0.262695
v -0.229492 -0.438477 0.260742
v -0.239258 -0.452148 0.272461
v -0.235352 -0.444336 0.262695
v -0.239258 -0.456055 0.258789
v -0.239258 -0.456055 0.258789
v -0.247070 -0.461914 0.266602
v -0.239258 -0.452148 0.272461
v -0.231445 -0.440430 0.270508
v -0.221680 -0.438477 0.268555
v -0.235352 -0.444336 0.262695
v -0.239258 -0.452148 0.272461
v -0.231445 -0.440430 0.270508
v -0.235352 -0.444336 0.262695
v -0.221680 -0.438477 0.268555
v -0.231445 -0.440430 0.270508
v -0.227539 -0.436523 0.280273
v -0.227539 -0.436523 0.280273
v -0.217773 -0.436523 0.274414
v -0.221680 -0.438477 0.268555
v -0.231445 -0.440430 0.270508
v -0.239258 -0.452148 0.272461
v -0.237305 -0.444336 0.278320
v -0.231445 -0.440430 0.270508
v -0.237305 -0.444336 0.278320
v -0.227539 -0.436523 0.280273
v -0.247070 -0.461914 0.284180
v -0.239258 -0.452148 0.272461
v -0.247070 -0.461914 0.266602
v -0.247070 -0.461914 0.266602
v -0.243164 -0.473633 0.286133
v -0.247070 -0.461914 0.284180
v -0.239258 -0.452148 0.284180
v -0.237305 -0.444336 0.278320
v -0.239258 -0.452148 0.272461
v -0.239258 -0.452148 0.272461
v -0.247070 -0.461914 0.284180
v -0.239258 -0.452148 0.284180
v -0.237305 -0.444336 0.278320
v -0.239258 -0.452148 0.284180
v -0.235352 -0.446289 0.286133
v -0.237305 -0.444336 0.278320
v -0.235352 -0.446289 0.286133
v -0.227539 -0.436523 0.280273
v -0.194336 0.071289 0.311523
v -0.208008 -0.475586 0.319336
v -0.190430 -0.477539 0.311523
v -0.227539 -0.442383 0.290039
v -0.209961 -0.450195 0.293945
v -0.217773 -0.438477 0.284180
v -0.227539 -0.436523 0.280273
v -0.227539 -0.442383 0.290039
v -0.217773 -0.438477 0.284180
v -0.217773 -0.438477 0.284180
v -0.217773 -0.436523 0.274414
v -0.227539 -0.436523 0.280273
v -0.219727 -0.442383 0.297852
v -0.213867 -0.444336 0.303711
v -0.209961 -0.450195 0.293945
v -0.209961 -0.450195 0.293945
v -0.213867 -0.444336 0.303711
v -0.209961 -0.456055 0.313477
v -0.227539 -0.442383 0.290039
v -0.225586 -0.450195 0.293945
v -0.209961 -0.450195 0.293945
v -0.209961 -0.450195 0.293945
v -0.225586 -0.450195 0.293945
v -0.219727 -0.442383 0.297852
v -0.227539 -0.446289 0.311523
v -0.217773 -0.446289 0.311523
v -0.213867 -0.444336 0.303711
v -0.213867 -0.444336 0.303711
v -0.217773 -0.446289 0.311523
v -0.209961 -0.456055 0.313477
v -0.213867 -0.444336 0.303711
v -0.219727 -0.442383 0.297852
v -0.227539 -0.446289 0.311523
v -0.217773 -0.446289 0.311523
v -0.227539 -0.446289 0.311523
v -0.223633 -0.459961 0.317383
v -0.223633 -0.459961 0.317383
v -0.209961 -0.456055 0.313477
v -0.217773 -0.446289 0.311523
v -0.243164 -0.473633 0.286133
v -0.235352 -0.471680 0.303711
v -0.237305 -0.458008 0.295898
v -0.237305 -0.458008 0.295898
v -0.247070 -0.461914 0.284180
v -0.243164 -0.473633 0.286133
v -0.233398 -0.465820 0.311523
v -0.237305 -0.458008 0.295898
v -0.235352 -0.471680 0.303711
v -0.217773 -0.471680 0.317383
v -0.233398 -0.465820 0.311523
v -0.235352 -0.471680 0.303711
v -0.225586 -0.450195 0.293945
v -0.227539 -0.442383 0.290039
v -0.237305 -0.458008 0.295898
v -0.225586 -0.450195 0.293945
v -0.237305 -0.458008 0.295898
v -0.231445 -0.446289 0.297852
v -0.231445 -0.446289 0.297852
v -0.219727 -0.442383 0.297852
v -0.225586 -0.450195 0.293945
v -0.235352 -0.446289 0.286133
v -0.237305 -0.458008 0.295898
v -0.227539 -0.442383 0.290039
v -0.227539 -0.436523 0.280273
v -0.235352 -0.446289 0.286133
v -0.227539 -0.442383 0.290039
v -0.247070 -0.461914 0.284180
v -0.237305 -0.458008 0.295898
v -0.239258 -0.452148 0.284180
v -0.235352 -0.446289 0.286133
v -0.239258 -0.452148 0.284180
v -0.237305 -0.458008 0.295898
v -0.237305 -0.458008 0.295898
v -0.233398 -0.465820 0.311523
v -0.237305 -0.456055 0.307617
v -0.237305 -0.456055 0.307617
v -0.231445 -0.446289 0.297852
v -0.237305 -0.458008 0.295898
v -0.223633 -0.459961 0.317383
v -0.237305 -0.456055 0.307617
v -0.233398 -0.465820 0.311523
v -0.233398 -0.465820 0.311523
v -0.217773 -0.471680 0.317383
v -0.223633 -0.459961 0.317383
v -0.219727 -0.442383 0.297852
v -0.231445 -0.446289 0.297852
v -0.227539 -0.446289 0.311523
v -0.237305 -0.456055 0.307617
v -0.227539 -0.446289 0.311523
v -0.231445 -0.446289 0.297852
v -0.227539 -0.446289 0.311523
v -0.237305 -0.456055 0.307617
v -0.223633 -0.459961 0.317383
v -0.200195 -0.391602 0.344727
v -0.180664 -0.377930 0.325195
v -0.180664 -0.391602 0.325195
v -0.147461 -0.391602 0.399414
v -0.200195 -0.391602 0.344727
v -0.180664 -0.391602 0.325195
v -0.180664 -0.391602 0.325195
v -0.127930 -0.391602 0.379883
v -0.147461 -0.391602 0.399414
v -0.180664 -0.377930 0.325195
v -0.200195 -0.391602 0.344727
v -0.200195 -0.377930 0.344727
v -0.180664 -0.377930 0.325195
v -0.200195 -0.377930 0.344727
v -0.147461 -0.377930 0.399414
v -0.147461 -0.377930 0.399414
v -0.127930 -0.377930 0.379883
v -0.180664 -0.377930 0.325195
v -0.180664 -0.377930 0.334961
v -0.190430 -0.377930 0.344727
v -0.180664 -0.290039 0.334961
v -0.180664 -0.377930 0.334961
v -0.180664 -0.290039 0.334961
v -0.137695 -0.291992 0.377930
v -0.137695 -0.291992 0.377930
v -0.137695 -0.377930 0.379883
v -0.180664 -0.377930 0.334961
v -0.208008 -0.499023 0.327148
v -0.200195 -0.463867 0.313477
v -0.243164 -0.465820 0.323242
v -0.208008 -0.499023 0.327148
v -0.239258 -0.489258 0.317383
v -0.243164 -0.499023 0.321289
v -0.243164 -0.465820 0.323242
v -0.239258 -0.489258 0.317383
v -0.208008 -0.499023 0.327148
v -0.192383 0.069336 0.297852
v -0.192383 0.069336 0.211914
v -0.208008 -0.475586 0.319336
v -0.194336 0.071289 0.311523
v -0.192383 0.069336 0.297852
v -0.208008 -0.475586 0.319336
v -0.184570 0.069336 0.319336
v -0.194336 0.071289 0.311523
v -0.208008 -0.475586 0.319336
v -0.124023 0.069336 0.381836
v -0.184570 0.069336 0.319336
v -0.208008 -0.475586 0.319336
v -0.217773 -0.471680 0.317383
v -0.209961 -0.456055 0.313477
v -0.223633 -0.459961 0.317383
v -0.147461 -0.377930 0.399414
v -0.200195 -0.377930 0.344727
v -0.200195 -0.391602 0.344727
v -0.200195 -0.391602 0.344727
v -0.147461 -0.391602 0.399414
v -0.147461 -0.377930 0.399414
v -0.190430 -0.290039 0.344727
v -0.180664 -0.290039 0.334961
v -0.190430 -0.377930 0.344727
v -0.147461 -0.291992 0.387695
v -0.190430 -0.290039 0.344727
v -0.190430 -0.377930 0.344727
v -0.190430 -0.377930 0.344727
v -0.147461 -0.377930 0.387695
v -0.147461 -0.291992 0.387695
v -0.170898 -0.268555 0.346680
v -0.147461 -0.268555 0.368164
v -0.180664 -0.290039 0.334961
v -0.180664 -0.290039 0.334961
v -0.147461 -0.268555 0.368164
v -0.137695 -0.291992 0.377930
v -0.180664 -0.268555 0.354492
v -0.170898 -0.268555 0.346680
v -0.180664 -0.290039 0.334961
v -0.190430 -0.290039 0.344727
v -0.180664 -0.268555 0.354492
v -0.180664 -0.290039 0.334961
v -0.147461 -0.268555 0.368164
v -0.170898 -0.268555 0.346680
v -0.159180 -0.264648 0.356445
v -0.147461 -0.268555 0.368164
v -0.159180 -0.264648 0.356445
v -0.168945 -0.264648 0.366211
v -0.147461 -0.268555 0.368164
v -0.168945 -0.264648 0.366211
v -0.157227 -0.268555 0.377930
v -0.157227 -0.268555 0.377930
v -0.137695 -0.291992 0.377930
v -0.147461 -0.268555 0.368164
v -0.168945 -0.264648 0.366211
v -0.159180 -0.264648 0.356445
v -0.170898 -0.268555 0.346680
v -0.170898 -0.268555 0.346680
v -0.180664 -0.268555 0.354492
v -0.168945 -0.264648 0.366211
v -0.157227 -0.268555 0.377930
v -0.168945 -0.264648 0.366211
v -0.180664 -0.268555 0.354492
v -0.180664 -0.268555 0.354492
v -0.190430 -0.290039 0.344727
v -0.147461 -0.291992 0.387695
v -0.180664 -0.268555 0.354492
v -0.147461 -0.291992 0.387695
v -0.157227 -0.268555 0.377930
v -0.016602 0.069336 0.391602
v -0.122070 -0.475586 0.405273
v -0.002930 -0.475586 0.405273
v -0.002930 -0.475586 0.405273
v -0.002930 0.071289 0.391602
v -0.016602 0.069336 0.391602
v -0.002930 -0.463867 0.395508
v -0.127930 -0.463867 0.393555
v -0.131836 -0.463867 0.434570
v -0.002930 -0.456055 0.405273
v -0.022461 -0.450195 0.405273
v -0.010742 -0.444336 0.409180
v -0.010742 -0.444336 0.409180
v -0.004883 -0.446289 0.413086
v -0.002930 -0.456055 0.405273
v -0.018555 -0.442383 0.413086
v -0.010742 -0.444336 0.409180
v -0.022461 -0.450195 0.405273
v -0.022461 -0.450195 0.418945
v -0.018555 -0.442383 0.413086
v -0.022461 -0.450195 0.405273
v -0.026367 -0.442383 0.420898
v -0.022461 -0.450195 0.418945
v -0.022461 -0.450195 0.405273
v -0.032227 -0.438477 0.411133
v -0.026367 -0.442383 0.420898
v -0.022461 -0.450195 0.405273
v -0.051758 -0.446289 0.409180
v -0.032227 -0.438477 0.411133
v -0.022461 -0.450195 0.405273
v -0.014648 -0.471680 0.430664
v -0.004883 -0.465820 0.428711
v -0.020508 -0.458008 0.430664
v -0.014648 -0.471680 0.430664
v -0.020508 -0.458008 0.430664
v -0.030273 -0.473633 0.438477
v -0.004883 -0.446289 0.413086
v -0.010742 -0.444336 0.409180
v -0.004883 -0.446289 0.422852
v -0.010742 -0.444336 0.409180
v -0.018555 -0.442383 0.413086
v -0.004883 -0.446289 0.422852
v -0.018555 -0.442383 0.413086
v -0.022461 -0.450195 0.418945
v -0.018555 -0.444336 0.426758
v -0.018555 -0.444336 0.426758
v -0.004883 -0.446289 0.422852
v -0.018555 -0.442383 0.413086
v -0.022461 -0.450195 0.418945
v -0.026367 -0.442383 0.420898
v -0.020508 -0.458008 0.430664
v -0.022461 -0.450195 0.418945
v -0.020508 -0.458008 0.430664
v -0.018555 -0.444336 0.426758
v -0.030273 -0.446289 0.430664
v -0.020508 -0.458008 0.430664
v -0.026367 -0.442383 0.420898
v -0.036133 -0.436523 0.422852
v -0.030273 -0.446289 0.430664
v -0.026367 -0.442383 0.420898
v -0.026367 -0.442383 0.420898
v -0.032227 -0.438477 0.411133
v -0.036133 -0.436523 0.422852
v -0.004883 -0.465820 0.428711
v -0.008789 -0.456055 0.432617
v -0.020508 -0.458008 0.430664
v -0.008789 -0.456055 0.432617
v -0.004883 -0.446289 0.422852
v -0.018555 -0.444336 0.426758
v -0.018555 -0.444336 0.426758
v -0.020508 -0.458008 0.430664
v -0.008789 -0.456055 0.432617
v -0.020508 -0.458008 0.430664
v -0.030273 -0.446289 0.430664
v -0.032227 -0.452148 0.434570
v -0.020508 -0.458008 0.430664
v -0.032227 -0.452148 0.434570
v -0.032227 -0.461914 0.442383
v -0.032227 -0.461914 0.442383
v -0.030273 -0.473633 0.438477
v -0.020508 -0.458008 0.430664
v -0.040039 -0.444336 0.432617
v -0.032227 -0.452148 0.434570
v -0.030273 -0.446289 0.430664
v -0.036133 -0.436523 0.422852
v -0.040039 -0.444336 0.432617
v -0.030273 -0.446289 0.430664
v -0.032227 -0.438477 0.411133
v -0.051758 -0.446289 0.409180
v -0.041992 -0.436523 0.413086
v -0.032227 -0.438477 0.411133
v -0.041992 -0.436523 0.413086
v -0.036133 -0.436523 0.422852
v -0.053711 -0.444336 0.416992
v -0.047852 -0.438477 0.416992
v -0.051758 -0.446289 0.409180
v -0.051758 -0.446289 0.409180
v -0.047852 -0.438477 0.416992
v -0.041992 -0.436523 0.413086
v -0.065430 -0.438477 0.413086
v -0.053711 -0.444336 0.416992
v -0.051758 -0.446289 0.409180
v -0.051758 -0.446289 0.409180
v -0.096680 -0.450195 0.405273
v -0.065430 -0.438477 0.413086
v -0.047852 -0.438477 0.416992
v -0.053711 -0.444336 0.416992
v -0.055664 -0.444336 0.430664
v -0.055664 -0.444336 0.430664
v -0.045898 -0.440430 0.426758
v -0.047852 -0.438477 0.416992
v -0.047852 -0.438477 0.416992
v -0.045898 -0.440430 0.426758
v -0.036133 -0.436523 0.422852
v -0.036133 -0.436523 0.422852
v -0.041992 -0.436523 0.413086
v -0.047852 -0.438477 0.416992
v -0.053711 -0.444336 0.416992
v -0.055664 -0.438477 0.422852
v -0.055664 -0.444336 0.430664
v -0.065430 -0.438477 0.413086
v -0.055664 -0.438477 0.422852
v -0.053711 -0.444336 0.416992
v -0.045898 -0.440430 0.426758
v -0.043945 -0.452148 0.434570
v -0.040039 -0.444336 0.432617
v -0.055664 -0.444336 0.430664
v -0.043945 -0.452148 0.434570
v -0.045898 -0.440430 0.426758
v -0.045898 -0.440430 0.426758
v -0.040039 -0.444336 0.432617
v -0.036133 -0.436523 0.422852
v -0.040039 -0.444336 0.432617
v -0.043945 -0.452148 0.434570
v -0.032227 -0.452148 0.434570
v -0.032227 -0.452148 0.434570
v -0.043945 -0.452148 0.434570
v -0.032227 -0.461914 0.442383
v -0.055664 -0.444336 0.430664
v -0.059570 -0.456055 0.432617
v -0.043945 -0.452148 0.434570
v -0.043945 -0.452148 0.434570
v -0.059570 -0.456055 0.432617
v -0.051758 -0.461914 0.442383
v -0.051758 -0.461914 0.442383
v -0.032227 -0.461914 0.442383
v -0.043945 -0.452148 0.434570
v -0.059570 -0.456055 0.432617
v -0.055664 -0.444336 0.430664
v -0.067383 -0.444336 0.436523
v -0.067383 -0.444336 0.436523
v -0.077148 -0.454102 0.432617
v -0.059570 -0.456055 0.432617
v -0.059570 -0.456055 0.432617
v -0.077148 -0.454102 0.432617
v -0.084961 -0.454102 0.444336
v -0.084961 -0.454102 0.444336
v -0.051758 -0.461914 0.442383
v -0.059570 -0.456055 0.432617
v -0.067383 -0.434570 0.424805
v -0.055664 -0.444336 0.430664
v -0.055664 -0.438477 0.422852
v -0.055664 -0.438477 0.422852
v -0.065430 -0.438477 0.413086
v -0.067383 -0.434570 0.424805
v -0.067383 -0.434570 0.424805
v -0.067383 -0.444336 0.436523
v -0.055664 -0.444336 0.430664
v -0.024414 -0.391602 0.391602
v -0.024414 -0.377930 0.391602
v -0.024414 -0.377930 0.418945
v -0.024414 -0.377930 0.418945
v -0.024414 -0.391602 0.418945
v -0.024414 -0.391602 0.391602
v -0.024414 -0.391602 0.391602
v -0.024414 -0.391602 0.418945
v -0.100586 -0.391602 0.391602
v -0.100586 -0.377930 0.391602
v -0.024414 -0.377930 0.418945
v -0.024414 -0.377930 0.391602
v -0.032227 -0.291992 0.411133
v -0.030273 -0.377930 0.411133
v -0.030273 -0.377930 0.399414
v -0.030273 -0.377930 0.399414
v -0.094727 -0.377930 0.399414
v -0.032227 -0.291992 0.399414
v -0.030273 -0.377930 0.399414
v -0.032227 -0.291992 0.399414
v -0.032227 -0.291992 0.411133
v -0.024414 -0.391602 0.418945
v -0.024414 -0.377930 0.418945
v -0.100586 -0.391602 0.418945
v -0.100586 -0.391602 0.418945
v -0.100586 -0.391602 0.391602
v -0.024414 -0.391602 0.418945
v -0.092773 -0.290039 0.411133
v -0.094727 -0.377930 0.411133
v -0.030273 -0.377930 0.411133
v -0.030273 -0.377930 0.411133
v -0.032227 -0.291992 0.411133
v -0.092773 -0.290039 0.411133
v -0.024414 -0.377930 0.418945
v -0.100586 -0.377930 0.391602
v -0.100586 -0.377930 0.418945
v -0.100586 -0.377930 0.418945
v -0.100586 -0.391602 0.418945
v -0.024414 -0.377930 0.418945
v -0.114258 -0.477539 0.389648
v -0.122070 -0.475586 0.405273
v -0.124023 0.069336 0.381836
v -0.133789 -0.489258 0.430664
v -0.127930 -0.463867 0.393555
v -0.124023 -0.499023 0.391602
v -0.124023 -0.499023 0.391602
v -0.131836 -0.499023 0.432617
v -0.133789 -0.489258 0.430664
v -0.122070 -0.475586 0.405273
v -0.016602 0.069336 0.391602
v -0.102539 0.069336 0.391602
v -0.116211 0.071289 0.391602
v -0.124023 0.069336 0.381836
v -0.122070 -0.475586 0.405273
v -0.122070 -0.475586 0.405273
v -0.102539 0.069336 0.391602
v -0.116211 0.071289 0.391602
v -0.083008 -0.442383 0.415039
v -0.065430 -0.438477 0.413086
v -0.096680 -0.450195 0.405273
v -0.096680 -0.438477 0.424805
v -0.083008 -0.442383 0.415039
v -0.096680 -0.450195 0.405273
v -0.096680 -0.450195 0.405273
v -0.120117 -0.454102 0.407227
v -0.112305 -0.448242 0.413086
v -0.096680 -0.450195 0.405273
v -0.112305 -0.448242 0.413086
v -0.110352 -0.450195 0.424805
v -0.102539 -0.444336 0.426758
v -0.096680 -0.438477 0.424805
v -0.096680 -0.450195 0.405273
v -0.110352 -0.450195 0.424805
v -0.102539 -0.444336 0.426758
v -0.096680 -0.450195 0.405273
v -0.065430 -0.438477 0.413086
v -0.083008 -0.442383 0.415039
v -0.067383 -0.434570 0.424805
v -0.081055 -0.444336 0.426758
v -0.075195 -0.438477 0.428711
v -0.083008 -0.442383 0.415039
v -0.083008 -0.442383 0.415039
v -0.075195 -0.438477 0.428711
v -0.067383 -0.434570 0.424805
v -0.086914 -0.440430 0.430664
v -0.081055 -0.444336 0.426758
v -0.083008 -0.442383 0.415039
v -0.096680 -0.438477 0.424805
v -0.086914 -0.440430 0.430664
v -0.083008 -0.442383 0.415039
v -0.077148 -0.454102 0.432617
v -0.067383 -0.444336 0.436523
v -0.081055 -0.444336 0.426758
v -0.077148 -0.454102 0.432617
v -0.081055 -0.444336 0.426758
v -0.084961 -0.454102 0.444336
v -0.081055 -0.444336 0.426758
v -0.067383 -0.444336 0.436523
v -0.075195 -0.438477 0.428711
v -0.075195 -0.438477 0.428711
v -0.067383 -0.444336 0.436523
v -0.067383 -0.434570 0.424805
v -0.081055 -0.444336 0.426758
v -0.086914 -0.440430 0.430664
v -0.084961 -0.454102 0.444336
v -0.086914 -0.440430 0.430664
v -0.096680 -0.438477 0.424805
v -0.100586 -0.440430 0.432617
v -0.086914 -0.440430 0.430664
v -0.100586 -0.440430 0.432617
v -0.084961 -0.454102 0.444336
v -0.104492 -0.456055 0.438477
v -0.120117 -0.465820 0.434570
v -0.100586 -0.473633 0.436523
v -0.100586 -0.473633 0.436523
v -0.120117 -0.465820 0.434570
v -0.125977 -0.469727 0.424805
v -0.100586 -0.473633 0.436523
v -0.051758 -0.473633 0.438477
v -0.084961 -0.454102 0.444336
v -0.100586 -0.473633 0.436523
v -0.084961 -0.454102 0.444336
v -0.104492 -0.456055 0.438477
v -0.127930 -0.456055 0.418945
v -0.112305 -0.448242 0.413086
v -0.120117 -0.454102 0.407227
v -0.120117 -0.454102 0.407227
v -0.127930 -0.467773 0.413086
v -0.129883 -0.463867 0.416992
v -0.120117 -0.454102 0.407227
v -0.129883 -0.463867 0.416992
v -0.127930 -0.456055 0.418945
v -0.122070 -0.452148 0.424805
v -0.110352 -0.450195 0.424805
v -0.112305 -0.448242 0.413086
v -0.127930 -0.456055 0.418945
v -0.122070 -0.452148 0.424805
v -0.112305 -0.448242 0.413086
v -0.096680 -0.438477 0.424805
v -0.102539 -0.444336 0.426758
v -0.100586 -0.440430 0.432617
v -0.104492 -0.456055 0.438477
v -0.100586 -0.440430 0.432617
v -0.102539 -0.444336 0.426758
v -0.102539 -0.444336 0.426758
v -0.110352 -0.450195 0.424805
v -0.104492 -0.456055 0.438477
v -0.104492 -0.456055 0.438477
v -0.084961 -0.454102 0.444336
v -0.100586 -0.440430 0.432617
v -0.120117 -0.465820 0.434570
v -0.110352 -0.450195 0.424805
v -0.122070 -0.452148 0.424805
v -0.104492 -0.456055 0.438477
v -0.110352 -0.450195 0.424805
v -0.120117 -0.465820 0.434570
v -0.120117 -0.465820 0.434570
v -0.122070 -0.452148 0.424805
v -0.127930 -0.456055 0.418945
v -0.127930 -0.456055 0.418945
v -0.125977 -0.469727 0.424805
v -0.120117 -0.465820 0.434570
v -0.100586 -0.391602 0.418945
v -0.100586 -0.377930 0.391602
v -0.100586 -0.391602 0.391602
v -0.100586 -0.377930 0.391602
v -0.100586 -0.391602 0.418945
v -0.100586 -0.377930 0.418945
v -0.094727 -0.377930 0.399414
v -0.094727 -0.377930 0.411133
v -0.092773 -0.290039 0.399414
v -0.092773 -0.290039 0.399414
v -0.032227 -0.291992 0.399414
v -0.094727 -0.377930 0.399414
v -0.092773 -0.290039 0.411133
v -0.092773 -0.290039 0.399414
v -0.094727 -0.377930 0.411133
v -0.051758 -0.461914 0.442383
v -0.051758 -0.473633 0.438477
v -0.030273 -0.473633 0.438477
v -0.030273 -0.473633 0.438477
v -0.032227 -0.461914 0.442383
v -0.051758 -0.461914 0.442383
v -0.051758 -0.473633 0.438477
v -0.051758 -0.461914 0.442383
v -0.084961 -0.454102 0.444336
v -0.032227 -0.291992 0.399414
v -0.045898 -0.268555 0.399414
v -0.045898 -0.268555 0.411133
v -0.092773 -0.290039 0.399414
v -0.045898 -0.268555 0.399414
v -0.032227 -0.291992 0.399414
v -0.045898 -0.268555 0.411133
v -0.032227 -0.291992 0.411133
v -0.032227 -0.291992 0.399414
v -0.045898 -0.268555 0.399414
v -0.061523 -0.264648 0.399414
v -0.061523 -0.264648 0.411133
v -0.079102 -0.268555 0.399414
v -0.061523 -0.264648 0.399414
v -0.045898 -0.268555 0.399414
v -0.061523 -0.264648 0.411133
v -0.045898 -0.268555 0.411133
v -0.045898 -0.268555 0.399414
v -0.045898 -0.268555 0.399414
v -0.092773 -0.290039 0.399414
v -0.079102 -0.268555 0.399414
v -0.079102 -0.268555 0.399414
v -0.061523 -0.264648 0.411133
v -0.061523 -0.264648 0.399414
v -0.032227 -0.291992 0.411133
v -0.045898 -0.268555 0.411133
v -0.092773 -0.290039 0.411133
v -0.045898 -0.268555 0.411133
v -0.061523 -0.264648 0.411133
v -0.079102 -0.268555 0.411133
v -0.079102 -0.268555 0.411133
v -0.092773 -0.290039 0.411133
v -0.045898 -0.268555 0.411133
v -0.061523 -0.264648 0.411133
v -0.079102 -0.268555 0.399414
v -0.079102 -0.268555 0.411133
v -0.079102 -0.268555 0.411133
v -0.079102 -0.268555 0.399414
v -0.092773 -0.290039 0.399414
v -0.092773 -0.290039 0.399414
v -0.092773 -0.290039 0.411133
v -0.079102 -0.268555 0.411133
v -0.127930 -0.463867 0.393555
v -0.133789 -0.489258 0.430664
v -0.131836 -0.463867 0.434570
v -0.129883 -0.463867 0.416992
v -0.127930 -0.467773 0.413086
v -0.125977 -0.469727 0.424805
v -0.127930 -0.456055 0.418945
v -0.129883 -0.463867 0.416992
v -0.125977 -0.469727 0.424805
v -0.127930 -0.391602 0.379883
v -0.127930 -0.377930 0.379883
v -0.147461 -0.377930 0.399414
v -0.147461 -0.377930 0.399414
v -0.147461 -0.391602 0.399414
v -0.127930 -0.391602 0.379883
v -0.137695 -0.291992 0.377930
v -0.147461 -0.377930 0.387695
v -0.137695 -0.377930 0.379883
v -0.147461 -0.377930 0.387695
v -0.137695 -0.291992 0.377930
v -0.147461 -0.291992 0.387695
v -0.157227 -0.268555 0.377930
v -0.147461 -0.291992 0.387695
v -0.137695 -0.291992 0.377930
v -0.120117 -0.190430 0.403320
v -0.223633 -0.188477 0.327148
v -0.204102 -0.190430 0.319336
v -0.129883 -0.151367 0.422852
v -0.223633 -0.151367 0.327148
v -0.223633 -0.188477 0.327148
v -0.223633 -0.188477 0.327148
v -0.120117 -0.190430 0.403320
v -0.129883 -0.188477 0.422852
v -0.223633 -0.188477 0.327148
v -0.129883 -0.188477 0.422852
v -0.129883 -0.151367 0.422852
v -0.204102 -0.149414 0.319336
v -0.223633 -0.151367 0.327148
v -0.129883 -0.151367 0.422852
v -0.129883 -0.151367 0.422852
v -0.120117 -0.149414 0.403320
v -0.204102 -0.149414 0.319336
v -0.200195 -0.083008 0.344727
v -0.180664 -0.067383 0.325195
v -0.180664 -0.083008 0.325195
v -0.147461 -0.083008 0.399414
v -0.200195 -0.083008 0.344727
v -0.180664 -0.083008 0.325195
v -0.180664 -0.083008 0.325195
v -0.127930 -0.083008 0.379883
v -0.147461 -0.083008 0.399414
v -0.180664 -0.067383 0.325195
v -0.200195 -0.083008 0.344727
v -0.200195 -0.067383 0.344727
v -0.180664 -0.067383 0.325195
v -0.200195 -0.067383 0.344727
v -0.147461 -0.067383 0.399414
v -0.147461 -0.067383 0.399414
v -0.127930 -0.067383 0.379883
v -0.180664 -0.067383 0.325195
v -0.178711 -0.069336 0.336914
v -0.188477 -0.069336 0.344727
v -0.180664 0.014648 0.334961
v -0.135742 0.016602 0.375977
v -0.133789 -0.069336 0.375977
v -0.178711 -0.069336 0.336914
v -0.178711 -0.069336 0.336914
v -0.180664 0.014648 0.334961
v -0.135742 0.016602 0.375977
v -0.147461 -0.067383 0.399414
v -0.200195 -0.067383 0.344727
v -0.200195 -0.083008 0.344727
v -0.200195 -0.083008 0.344727
v -0.147461 -0.083008 0.399414
v -0.147461 -0.067383 0.399414
v -0.188477 -0.069336 0.344727
v -0.143555 -0.069336 0.385742
v -0.145508 0.016602 0.385742
v -0.188477 0.014648 0.344727
v -0.180664 0.014648 0.334961
v -0.188477 -0.069336 0.344727
v -0.145508 0.016602 0.385742
v -0.188477 0.014648 0.344727
v -0.188477 -0.069336 0.344727
v -0.129883 -0.188477 0.422852
v -0.120117 -0.190430 0.403320
v -0.002930 -0.190430 0.403320
v -0.002930 -0.149414 0.403320
v -0.120117 -0.149414 0.403320
v -0.129883 -0.151367 0.422852
v -0.024414 -0.083008 0.389648
v -0.024414 -0.067383 0.389648
v -0.024414 -0.067383 0.416992
v -0.024414 -0.067383 0.416992
v -0.024414 -0.083008 0.416992
v -0.024414 -0.083008 0.389648
v -0.024414 -0.083008 0.389648
v -0.024414 -0.083008 0.416992
v -0.100586 -0.083008 0.389648
v -0.100586 -0.067383 0.389648
v -0.024414 -0.067383 0.416992
v -0.024414 -0.067383 0.389648
v -0.032227 0.016602 0.393555
v -0.030273 -0.069336 0.405273
v -0.030273 -0.069336 0.391602
v -0.030273 -0.069336 0.391602
v -0.092773 -0.069336 0.395508
v -0.032227 0.016602 0.393555
v -0.032227 0.016602 0.405273
v -0.092773 -0.069336 0.409180
v -0.030273 -0.069336 0.405273
v -0.030273 -0.069336 0.405273
v -0.032227 0.016602 0.393555
v -0.032227 0.016602 0.405273
v -0.024414 -0.083008 0.416992
v -0.024414 -0.067383 0.416992
v -0.100586 -0.083008 0.416992
v -0.100586 -0.083008 0.416992
v -0.100586 -0.083008 0.389648
v -0.024414 -0.083008 0.416992
v -0.024414 -0.067383 0.416992
v -0.100586 -0.067383 0.389648
v -0.100586 -0.067383 0.416992
v -0.100586 -0.067383 0.416992
v -0.100586 -0.083008 0.416992
v -0.024414 -0.067383 0.416992
v -0.092773 -0.069336 0.395508
v -0.092773 -0.069336 0.409180
v -0.092773 0.014648 0.395508
v -0.092773 0.014648 0.395508
v -0.032227 0.016602 0.393555
v -0.092773 -0.069336 0.395508
v -0.100586 -0.083008 0.416992
v -0.100586 -0.067383 0.389648
v -0.100586 -0.083008 0.389648
v -0.100586 -0.067383 0.389648
v -0.100586 -0.083008 0.416992
v -0.100586 -0.067383 0.416992
v -0.092773 -0.069336 0.409180
v -0.032227 0.016602 0.405273
v -0.092773 0.014648 0.409180
v -0.092773 0.014648 0.409180
v -0.092773 0.014648 0.395508
v -0.092773 -0.069336 0.409180
v -0.127930 -0.083008 0.379883
v -0.127930 -0.067383 0.379883
v -0.147461 -0.067383 0.399414
v -0.147461 -0.067383 0.399414
v -0.147461 -0.083008 0.399414
v -0.127930 -0.083008 0.379883
v -0.135742 0.016602 0.375977
v -0.143555 -0.069336 0.385742
v -0.133789 -0.069336 0.375977
v -0.143555 -0.069336 0.385742
v -0.135742 0.016602 0.375977
v -0.145508 0.016602 0.385742
v -0.120117 0.102539 0.096680
v -0.124023 0.120117 0.083008
v -0.004883 0.102539 0.096680
v -0.124023 0.120117 0.083008
v -0.120117 0.102539 0.096680
v -0.225586 0.102539 0.192383
v -0.233398 0.127930 0.188477
v -0.122070 0.127930 0.088867
v -0.124023 0.120117 0.083008
v -0.225586 0.102539 0.192383
v -0.239258 0.120117 0.186523
v -0.124023 0.120117 0.083008
v -0.124023 0.120117 0.083008
v -0.239258 0.120117 0.186523
v -0.233398 0.127930 0.188477
v -0.000977 0.127930 0.088867
v -0.122070 0.127930 0.088867
v -0.018555 0.180664 0.137695
v -0.104492 0.180664 0.137695
v -0.018555 0.180664 0.137695
v -0.122070 0.127930 0.088867
v -0.186523 0.180664 0.209961
v -0.104492 0.180664 0.137695
v -0.122070 0.127930 0.088867
v -0.233398 0.127930 0.188477
v -0.186523 0.180664 0.209961
v -0.122070 0.127930 0.088867
v -0.108398 0.200195 0.127930
v -0.016602 0.200195 0.127930
v -0.016602 0.176758 0.127930
v -0.016602 0.176758 0.127930
v -0.108398 0.176758 0.127930
v -0.108398 0.200195 0.127930
v -0.104492 0.243164 0.137695
v -0.018555 0.243164 0.137695
v -0.018555 0.180664 0.137695
v -0.018555 0.180664 0.137695
v -0.104492 0.180664 0.137695
v -0.104492 0.243164 0.137695
v -0.108398 0.200195 0.127930
v -0.020508 0.202148 0.139648
v -0.016602 0.200195 0.127930
v -0.020508 0.202148 0.139648
v -0.108398 0.200195 0.127930
v -0.104492 0.202148 0.139648
v -0.018555 0.243164 0.137695
v -0.104492 0.243164 0.137695
v -0.102539 0.268555 0.147461
v -0.102539 0.268555 0.147461
v -0.022461 0.268555 0.147461
v -0.018555 0.243164 0.137695
v -0.194336 0.200195 0.206055
v -0.108398 0.200195 0.127930
v -0.108398 0.176758 0.127930
v -0.108398 0.176758 0.127930
v -0.194336 0.176758 0.206055
v -0.194336 0.200195 0.206055
v -0.186523 0.243164 0.209961
v -0.104492 0.243164 0.137695
v -0.104492 0.180664 0.137695
v -0.104492 0.180664 0.137695
v -0.186523 0.180664 0.209961
v -0.186523 0.243164 0.209961
v -0.182617 0.202148 0.209961
v -0.104492 0.202148 0.139648
v -0.108398 0.200195 0.127930
v -0.194336 0.200195 0.206055
v -0.182617 0.202148 0.209961
v -0.108398 0.200195 0.127930
v -0.104492 0.243164 0.137695
v -0.186523 0.243164 0.209961
v -0.102539 0.268555 0.147461
v -0.239258 0.120117 0.186523
v -0.225586 0.102539 0.192383
v -0.227539 0.102539 0.327148
v -0.235352 0.127930 0.331055
v -0.233398 0.127930 0.188477
v -0.239258 0.120117 0.186523
v -0.239258 0.120117 0.186523
v -0.227539 0.102539 0.327148
v -0.241211 0.120117 0.333008
v -0.239258 0.120117 0.186523
v -0.241211 0.120117 0.333008
v -0.235352 0.127930 0.331055
v -0.208008 0.069336 0.194336
v -0.192383 0.069336 0.211914
v -0.208008 0.069336 0.211914
v -0.208008 0.069336 0.194336
v -0.208008 0.069336 0.211914
v -0.206055 0.118164 0.200195
v -0.192383 0.086914 0.227539
v -0.208008 0.069336 0.211914
v -0.192383 0.069336 0.211914
v -0.192383 0.086914 0.282227
v -0.192383 0.086914 0.227539
v -0.192383 0.069336 0.211914
v -0.192383 0.069336 0.297852
v -0.192383 0.086914 0.282227
v -0.192383 0.069336 0.211914
v -0.208008 0.086914 0.229492
v -0.206055 0.118164 0.200195
v -0.208008 0.069336 0.211914
v -0.208008 0.069336 0.211914
v -0.192383 0.086914 0.227539
v -0.208008 0.086914 0.229492
v -0.204102 0.114258 0.315430
v -0.225586 0.102539 0.192383
v -0.204102 0.114258 0.196289
v -0.206055 0.118164 0.200195
v -0.208008 0.086914 0.229492
v -0.208008 0.096680 0.256836
v -0.206055 0.118164 0.200195
v -0.208008 0.096680 0.256836
v -0.208008 0.118164 0.319336
v -0.225586 0.102539 0.192383
v -0.204102 0.114258 0.315430
v -0.227539 0.102539 0.327148
v -0.192383 0.096680 0.254883
v -0.208008 0.086914 0.229492
v -0.192383 0.086914 0.227539
v -0.192383 0.086914 0.282227
v -0.192383 0.096680 0.254883
v -0.192383 0.086914 0.227539
v -0.208008 0.086914 0.229492
v -0.192383 0.096680 0.254883
v -0.208008 0.096680 0.256836
v -0.186523 0.180664 0.311523
v -0.186523 0.243164 0.209961
v -0.186523 0.180664 0.209961
v -0.186523 0.180664 0.209961
v -0.233398 0.127930 0.188477
v -0.186523 0.180664 0.311523
v -0.182617 0.202148 0.209961
v -0.194336 0.200195 0.206055
v -0.196289 0.200195 0.315430
v -0.196289 0.200195 0.315430
v -0.184570 0.202148 0.311523
v -0.182617 0.202148 0.209961
v -0.176758 0.268555 0.213867
v -0.102539 0.268555 0.147461
v -0.186523 0.243164 0.209961
v -0.176758 0.268555 0.307617
v -0.176758 0.268555 0.213867
v -0.186523 0.243164 0.209961
v -0.186523 0.243164 0.209961
v -0.186523 0.180664 0.311523
v -0.186523 0.243164 0.311523
v -0.186523 0.243164 0.209961
v -0.186523 0.243164 0.311523
v -0.176758 0.268555 0.307617
v -0.196289 0.176758 0.315430
v -0.194336 0.200195 0.206055
v -0.194336 0.176758 0.206055
v -0.235352 0.127930 0.331055
v -0.186523 0.180664 0.311523
v -0.233398 0.127930 0.188477
v -0.194336 0.200195 0.206055
v -0.196289 0.176758 0.315430
v -0.196289 0.200195 0.315430
v -0.096680 0.291992 0.163086
v -0.028320 0.291992 0.163086
v -0.022461 0.268555 0.147461
v -0.022461 0.268555 0.147461
v -0.102539 0.268555 0.147461
v -0.096680 0.291992 0.163086
v -0.088867 0.311523 0.184570
v -0.036133 0.311523 0.184570
v -0.028320 0.291992 0.163086
v -0.096680 0.291992 0.163086
v -0.088867 0.311523 0.184570
v -0.028320 0.291992 0.163086
v -0.036133 0.311523 0.184570
v -0.088867 0.311523 0.184570
v -0.049805 0.333008 0.225586
v -0.161133 0.291992 0.219727
v -0.096680 0.291992 0.163086
v -0.102539 0.268555 0.147461
v -0.102539 0.268555 0.147461
v -0.176758 0.268555 0.213867
v -0.161133 0.291992 0.219727
v -0.088867 0.311523 0.184570
v -0.096680 0.291992 0.163086
v -0.139648 0.311523 0.229492
v -0.075195 0.333008 0.225586
v -0.049805 0.333008 0.225586
v -0.088867 0.311523 0.184570
v -0.098633 0.333008 0.247070
v -0.075195 0.333008 0.225586
v -0.088867 0.311523 0.184570
v -0.139648 0.311523 0.229492
v -0.098633 0.333008 0.247070
v -0.088867 0.311523 0.184570
v -0.161133 0.291992 0.219727
v -0.139648 0.311523 0.229492
v -0.096680 0.291992 0.163086
v -0.026367 0.333008 0.247070
v -0.049805 0.333008 0.225586
v -0.049805 0.383789 0.225586
v -0.049805 0.383789 0.225586
v -0.026367 0.383789 0.247070
v -0.026367 0.333008 0.247070
v -0.026367 0.333008 0.247070
v -0.026367 0.383789 0.247070
v -0.026367 0.383789 0.276367
v -0.026367 0.383789 0.276367
v -0.026367 0.333008 0.276367
v -0.026367 0.333008 0.247070
v -0.049805 0.333008 0.225586
v -0.075195 0.333008 0.225586
v -0.049805 0.383789 0.225586
v -0.075195 0.333008 0.225586
v -0.098633 0.333008 0.247070
v -0.075195 0.383789 0.225586
v -0.075195 0.383789 0.225586
v -0.049805 0.383789 0.225586
v -0.075195 0.333008 0.225586
v -0.098633 0.383789 0.247070
v -0.075195 0.383789 0.225586
v -0.098633 0.333008 0.247070
v -0.098633 0.333008 0.276367
v -0.098633 0.383789 0.247070
v -0.098633 0.333008 0.247070
v -0.098633 0.333008 0.247070
v -0.139648 0.311523 0.229492
v -0.139648 0.311523 0.291992
v -0.139648 0.311523 0.291992
v -0.098633 0.333008 0.276367
v -0.098633 0.333008 0.247070
v -0.047852 0.385742 0.215820
v -0.047852 0.393555 0.215820
v -0.016602 0.393555 0.243164
v -0.077148 0.385742 0.215820
v -0.047852 0.393555 0.215820
v -0.047852 0.385742 0.215820
v -0.047852 0.385742 0.215820
v -0.016602 0.385742 0.243164
v -0.026367 0.383789 0.247070
v -0.016602 0.393555 0.243164
v -0.016602 0.385742 0.243164
v -0.047852 0.385742 0.215820
v -0.047852 0.385742 0.215820
v -0.026367 0.383789 0.247070
v -0.049805 0.383789 0.225586
v -0.047852 0.385742 0.215820
v -0.049805 0.383789 0.225586
v -0.075195 0.383789 0.225586
v -0.075195 0.383789 0.225586
v -0.077148 0.385742 0.215820
v -0.047852 0.385742 0.215820
v -0.049805 0.397461 0.223633
v -0.016602 0.393555 0.243164
v -0.047852 0.393555 0.215820
v -0.077148 0.393555 0.215820
v -0.049805 0.397461 0.223633
v -0.047852 0.393555 0.215820
v -0.047852 0.393555 0.215820
v -0.077148 0.385742 0.215820
v -0.077148 0.393555 0.215820
v -0.016602 0.385742 0.280273
v -0.026367 0.383789 0.247070
v -0.016602 0.385742 0.243164
v -0.016602 0.385742 0.243164
v -0.016602 0.393555 0.243164
v -0.016602 0.393555 0.280273
v -0.016602 0.393555 0.280273
v -0.016602 0.385742 0.280273
v -0.016602 0.385742 0.243164
v -0.026367 0.383789 0.247070
v -0.016602 0.385742 0.280273
v -0.026367 0.383789 0.276367
v -0.049805 0.397461 0.223633
v -0.024414 0.397461 0.245117
v -0.016602 0.393555 0.243164
v -0.016602 0.393555 0.243164
v -0.024414 0.397461 0.245117
v -0.022461 0.397461 0.278320
v -0.022461 0.397461 0.278320
v -0.016602 0.393555 0.280273
v -0.016602 0.393555 0.243164
v -0.049805 0.397461 0.223633
v -0.030273 0.415039 0.249023
v -0.024414 0.397461 0.245117
v -0.024414 0.397461 0.245117
v -0.030273 0.415039 0.249023
v -0.030273 0.415039 0.274414
v -0.030273 0.415039 0.274414
v -0.022461 0.397461 0.278320
v -0.024414 0.397461 0.245117
v -0.030273 0.415039 0.249023
v -0.049805 0.397461 0.223633
v -0.051758 0.415039 0.229492
v -0.030273 0.415039 0.249023
v -0.051758 0.415039 0.229492
v -0.055664 0.430664 0.245117
v -0.030273 0.415039 0.249023
v -0.055664 0.430664 0.245117
v -0.045898 0.430664 0.254883
v -0.043945 0.430664 0.268555
v -0.030273 0.415039 0.274414
v -0.030273 0.415039 0.249023
v -0.030273 0.415039 0.249023
v -0.045898 0.430664 0.254883
v -0.043945 0.430664 0.268555
v -0.075195 0.397461 0.223633
v -0.051758 0.415039 0.229492
v -0.049805 0.397461 0.223633
v -0.049805 0.397461 0.223633
v -0.077148 0.393555 0.215820
v -0.075195 0.397461 0.223633
v -0.073242 0.415039 0.229492
v -0.055664 0.430664 0.245117
v -0.051758 0.415039 0.229492
v -0.051758 0.415039 0.229492
v -0.075195 0.397461 0.223633
v -0.073242 0.415039 0.229492
v -0.055664 0.430664 0.245117
v -0.073242 0.415039 0.229492
v -0.067383 0.430664 0.245117
v -0.055664 0.430664 0.245117
v -0.067383 0.430664 0.245117
v -0.061523 0.432617 0.262695
v -0.061523 0.432617 0.262695
v -0.045898 0.430664 0.254883
v -0.055664 0.430664 0.245117
v -0.108398 0.393555 0.243164
v -0.077148 0.393555 0.215820
v -0.077148 0.385742 0.215820
v -0.077148 0.385742 0.215820
v -0.075195 0.383789 0.225586
v -0.098633 0.383789 0.247070
v -0.077148 0.385742 0.215820
v -0.098633 0.383789 0.247070
v -0.108398 0.385742 0.243164
v -0.077148 0.385742 0.215820
v -0.108398 0.385742 0.243164
v -0.108398 0.393555 0.243164
v -0.108398 0.393555 0.243164
v -0.075195 0.397461 0.223633
v -0.077148 0.393555 0.215820
v -0.094727 0.415039 0.249023
v -0.073242 0.415039 0.229492
v -0.075195 0.397461 0.223633
v -0.108398 0.393555 0.243164
v -0.100586 0.397461 0.245117
v -0.075195 0.397461 0.223633
v -0.075195 0.397461 0.223633
v -0.100586 0.397461 0.245117
v -0.094727 0.415039 0.249023
v -0.094727 0.415039 0.249023
v -0.067383 0.430664 0.245117
v -0.073242 0.415039 0.229492
v -0.067383 0.430664 0.245117
v -0.094727 0.415039 0.249023
v -0.079102 0.430664 0.254883
v -0.079102 0.430664 0.254883
v -0.061523 0.432617 0.262695
v -0.067383 0.430664 0.245117
v -0.098633 0.383789 0.276367
v -0.108398 0.385742 0.243164
v -0.098633 0.383789 0.247070
v -0.098633 0.383789 0.247070
v -0.098633 0.333008 0.276367
v -0.098633 0.383789 0.276367
v -0.108398 0.385742 0.280273
v -0.108398 0.393555 0.243164
v -0.108398 0.385742 0.243164
v -0.108398 0.385742 0.243164
v -0.098633 0.383789 0.276367
v -0.108398 0.385742 0.280273
v -0.100586 0.397461 0.245117
v -0.108398 0.393555 0.243164
v -0.108398 0.393555 0.280273
v -0.094727 0.415039 0.274414
v -0.094727 0.415039 0.249023
v -0.100586 0.397461 0.245117
v -0.108398 0.393555 0.280273
v -0.100586 0.397461 0.278320
v -0.100586 0.397461 0.245117
v -0.100586 0.397461 0.245117
v -0.100586 0.397461 0.278320
v -0.094727 0.415039 0.274414
v -0.108398 0.393555 0.243164
v -0.108398 0.385742 0.280273
v -0.108398 0.393555 0.280273
v -0.079102 0.430664 0.268555
v -0.079102 0.430664 0.254883
v -0.094727 0.415039 0.249023
v -0.094727 0.415039 0.274414
v -0.079102 0.430664 0.268555
v -0.094727 0.415039 0.249023
v -0.176758 0.268555 0.307617
v -0.161133 0.291992 0.219727
v -0.176758 0.268555 0.213867
v -0.139648 0.311523 0.229492
v -0.161133 0.291992 0.219727
v -0.161133 0.291992 0.301758
v -0.161133 0.291992 0.301758
v -0.139648 0.311523 0.291992
v -0.139648 0.311523 0.229492
v -0.161133 0.291992 0.219727
v -0.176758 0.268555 0.307617
v -0.161133 0.291992 0.301758
v -0.340820 0.030273 0.165039
v -0.340820 0.055664 0.180664
v -0.385742 0.038086 0.168945
v -0.385742 0.038086 0.168945
v -0.385742 0.030273 0.165039
v -0.340820 0.030273 0.165039
v -0.397461 0.055664 0.180664
v -0.385742 0.038086 0.168945
v -0.340820 0.055664 0.180664
v -0.379883 0.063477 0.190430
v -0.401367 0.053711 0.180664
v -0.374023 0.053711 0.180664
v -0.397461 0.055664 0.180664
v -0.395508 0.038086 0.168945
v -0.385742 0.038086 0.168945
v -0.401367 0.053711 0.180664
v -0.379883 0.063477 0.190430
v -0.399414 0.063477 0.190430
v -0.192383 0.086914 0.282227
v -0.208008 0.096680 0.256836
v -0.192383 0.096680 0.254883
v -0.208008 0.096680 0.256836
v -0.192383 0.086914 0.282227
v -0.208008 0.086914 0.282227
v -0.208008 0.096680 0.256836
v -0.208008 0.086914 0.282227
v -0.208008 0.118164 0.319336
v -0.192383 0.069336 0.297852
v -0.208008 0.086914 0.282227
v -0.192383 0.086914 0.282227
v -0.208008 0.086914 0.282227
v -0.192383 0.069336 0.297852
v -0.208008 0.069336 0.299805
v -0.208008 0.086914 0.282227
v -0.208008 0.069336 0.299805
v -0.208008 0.118164 0.319336
v -0.192383 0.069336 0.297852
v -0.194336 0.071289 0.311523
v -0.208008 0.069336 0.317383
v -0.208008 0.069336 0.317383
v -0.208008 0.069336 0.299805
v -0.192383 0.069336 0.297852
v -0.194336 0.071289 0.311523
v -0.184570 0.069336 0.319336
v -0.208008 0.069336 0.317383
v -0.208008 0.069336 0.299805
v -0.208008 0.069336 0.317383
v -0.208008 0.118164 0.319336
v -0.170898 0.038086 0.346680
v -0.147461 0.038086 0.368164
v -0.180664 0.014648 0.334961
v -0.180664 0.014648 0.334961
v -0.147461 0.038086 0.368164
v -0.135742 0.016602 0.375977
v -0.180664 0.038086 0.354492
v -0.170898 0.038086 0.346680
v -0.180664 0.014648 0.334961
v -0.188477 0.014648 0.344727
v -0.180664 0.038086 0.354492
v -0.180664 0.014648 0.334961
v -0.147461 0.038086 0.368164
v -0.170898 0.038086 0.346680
v -0.159180 0.041992 0.356445
v -0.147461 0.038086 0.368164
v -0.159180 0.041992 0.356445
v -0.168945 0.041992 0.366211
v -0.147461 0.038086 0.368164
v -0.168945 0.041992 0.366211
v -0.157227 0.038086 0.377930
v -0.157227 0.038086 0.377930
v -0.135742 0.016602 0.375977
v -0.147461 0.038086 0.368164
v -0.168945 0.041992 0.366211
v -0.159180 0.041992 0.356445
v -0.170898 0.038086 0.346680
v -0.170898 0.038086 0.346680
v -0.180664 0.038086 0.354492
v -0.168945 0.041992 0.366211
v -0.157227 0.038086 0.377930
v -0.168945 0.041992 0.366211
v -0.180664 0.038086 0.354492
v -0.180664 0.038086 0.354492
v -0.188477 0.014648 0.344727
v -0.145508 0.016602 0.385742
v -0.180664 0.038086 0.354492
v -0.145508 0.016602 0.385742
v -0.157227 0.038086 0.377930
v -0.184570 0.069336 0.319336
v -0.172852 0.086914 0.331055
v -0.182617 0.086914 0.342773
v -0.124023 0.069336 0.381836
v -0.172852 0.086914 0.331055
v -0.184570 0.069336 0.319336
v -0.184570 0.069336 0.319336
v -0.182617 0.086914 0.342773
v -0.196289 0.069336 0.331055
v -0.196289 0.069336 0.331055
v -0.208008 0.069336 0.317383
v -0.184570 0.069336 0.319336
v -0.165039 0.096680 0.362305
v -0.182617 0.086914 0.342773
v -0.172852 0.086914 0.331055
v -0.172852 0.086914 0.331055
v -0.135742 0.086914 0.370117
v -0.153320 0.096680 0.350586
v -0.124023 0.069336 0.381836
v -0.135742 0.086914 0.370117
v -0.172852 0.086914 0.331055
v -0.172852 0.086914 0.331055
v -0.153320 0.096680 0.350586
v -0.165039 0.096680 0.362305
v -0.182617 0.086914 0.342773
v -0.165039 0.096680 0.362305
v -0.208008 0.118164 0.319336
v -0.208008 0.118164 0.319336
v -0.196289 0.069336 0.331055
v -0.182617 0.086914 0.342773
v -0.145508 0.086914 0.381836
v -0.153320 0.096680 0.350586
v -0.135742 0.086914 0.370117
v -0.135742 0.086914 0.370117
v -0.124023 0.069336 0.381836
v -0.145508 0.086914 0.381836
v -0.145508 0.086914 0.381836
v -0.165039 0.096680 0.362305
v -0.153320 0.096680 0.350586
v -0.122070 0.118164 0.405273
v -0.208008 0.118164 0.319336
v -0.165039 0.096680 0.362305
v -0.145508 0.086914 0.381836
v -0.122070 0.118164 0.405273
v -0.165039 0.096680 0.362305
v -0.208008 0.069336 0.317383
v -0.196289 0.069336 0.331055
v -0.208008 0.118164 0.319336
v -0.129883 0.102539 0.424805
v -0.227539 0.102539 0.327148
v -0.204102 0.114258 0.315430
v -0.204102 0.114258 0.315430
v -0.122070 0.114258 0.401367
v -0.129883 0.102539 0.424805
v -0.135742 0.120117 0.438477
v -0.241211 0.120117 0.333008
v -0.227539 0.102539 0.327148
v -0.227539 0.102539 0.327148
v -0.129883 0.102539 0.424805
v -0.135742 0.120117 0.438477
v -0.135742 0.120117 0.438477
v -0.235352 0.127930 0.331055
v -0.241211 0.120117 0.333008
v -0.114258 0.243164 0.385742
v -0.186523 0.243164 0.311523
v -0.186523 0.180664 0.311523
v -0.186523 0.180664 0.311523
v -0.235352 0.127930 0.331055
v -0.133789 0.127930 0.432617
v -0.186523 0.180664 0.311523
v -0.114258 0.180664 0.385742
v -0.114258 0.243164 0.385742
v -0.133789 0.127930 0.432617
v -0.114258 0.180664 0.385742
v -0.186523 0.180664 0.311523
v -0.184570 0.202148 0.311523
v -0.196289 0.200195 0.315430
v -0.116211 0.200195 0.393555
v -0.116211 0.200195 0.393555
v -0.112305 0.202148 0.383789
v -0.184570 0.202148 0.311523
v -0.186523 0.243164 0.311523
v -0.114258 0.243164 0.385742
v -0.110352 0.268555 0.375977
v -0.110352 0.268555 0.375977
v -0.176758 0.268555 0.307617
v -0.186523 0.243164 0.311523
v -0.116211 0.200195 0.393555
v -0.196289 0.200195 0.315430
v -0.196289 0.176758 0.315430
v -0.196289 0.176758 0.315430
v -0.116211 0.176758 0.393555
v -0.116211 0.200195 0.393555
v -0.235352 0.127930 0.331055
v -0.135742 0.120117 0.438477
v -0.133789 0.127930 0.432617
v -0.045898 0.038086 0.397461
v -0.032227 0.016602 0.405273
v -0.032227 0.016602 0.393555
v -0.092773 0.014648 0.395508
v -0.045898 0.038086 0.397461
v -0.032227 0.016602 0.393555
v -0.032227 0.016602 0.405273
v -0.045898 0.038086 0.397461
v -0.045898 0.038086 0.409180
v -0.032227 0.016602 0.405273
v -0.045898 0.038086 0.409180
v -0.092773 0.014648 0.409180
v -0.045898 0.038086 0.397461
v -0.061523 0.041992 0.397461
v -0.045898 0.038086 0.409180
v -0.079102 0.038086 0.395508
v -0.061523 0.041992 0.397461
v -0.045898 0.038086 0.397461
v -0.045898 0.038086 0.397461
v -0.092773 0.014648 0.395508
v -0.079102 0.038086 0.395508
v -0.061523 0.041992 0.409180
v -0.045898 0.038086 0.409180
v -0.061523 0.041992 0.397461
v -0.079102 0.038086 0.395508
v -0.061523 0.041992 0.409180
v -0.061523 0.041992 0.397461
v -0.045898 0.038086 0.409180
v -0.061523 0.041992 0.409180
v -0.079102 0.038086 0.409180
v -0.079102 0.038086 0.409180
v -0.092773 0.014648 0.409180
v -0.045898 0.038086 0.409180
v -0.061523 0.041992 0.409180
v -0.079102 0.038086 0.395508
v -0.079102 0.038086 0.409180
v -0.014648 0.069336 0.407227
v -0.016602 0.069336 0.391602
v -0.002930 0.071289 0.391602
v -0.032227 0.086914 0.407227
v -0.032227 0.086914 0.391602
v -0.016602 0.069336 0.391602
v -0.016602 0.069336 0.391602
v -0.032227 0.086914 0.391602
v -0.086914 0.086914 0.391602
v -0.016602 0.069336 0.391602
v -0.014648 0.069336 0.407227
v -0.032227 0.086914 0.407227
v -0.016602 0.069336 0.391602
v -0.086914 0.086914 0.391602
v -0.102539 0.069336 0.391602
v -0.129883 0.102539 0.424805
v -0.122070 0.114258 0.401367
v -0.000977 0.114258 0.403320
v -0.032227 0.086914 0.407227
v -0.014648 0.069336 0.407227
v -0.002930 0.118164 0.405273
v -0.059570 0.096680 0.407227
v -0.032227 0.086914 0.407227
v -0.002930 0.118164 0.405273
v -0.122070 0.118164 0.405273
v -0.059570 0.096680 0.407227
v -0.002930 0.118164 0.405273
v -0.059570 0.096680 0.407227
v -0.059570 0.096680 0.391602
v -0.032227 0.086914 0.391602
v -0.032227 0.086914 0.391602
v -0.059570 0.096680 0.391602
v -0.086914 0.086914 0.391602
v -0.032227 0.086914 0.391602
v -0.032227 0.086914 0.407227
v -0.059570 0.096680 0.407227
v -0.059570 0.096680 0.391602
v -0.059570 0.096680 0.407227
v -0.084961 0.086914 0.407227
v -0.084961 0.086914 0.407227
v -0.086914 0.086914 0.391602
v -0.059570 0.096680 0.391602
v -0.059570 0.096680 0.407227
v -0.122070 0.118164 0.405273
v -0.084961 0.086914 0.407227
v -0.079102 0.038086 0.409180
v -0.079102 0.038086 0.395508
v -0.092773 0.014648 0.395508
v -0.092773 0.014648 0.395508
v -0.092773 0.014648 0.409180
v -0.079102 0.038086 0.409180
v -0.102539 0.069336 0.407227
v -0.102539 0.069336 0.391602
v -0.086914 0.086914 0.391602
v -0.086914 0.086914 0.391602
v -0.084961 0.086914 0.407227
v -0.102539 0.069336 0.407227
v -0.124023 0.069336 0.381836
v -0.116211 0.071289 0.391602
v -0.122070 0.069336 0.407227
v -0.124023 0.069336 0.381836
v -0.122070 0.069336 0.407227
v -0.133789 0.069336 0.393555
v -0.133789 0.069336 0.393555
v -0.145508 0.086914 0.381836
v -0.124023 0.069336 0.381836
v -0.122070 0.069336 0.407227
v -0.116211 0.071289 0.391602
v -0.102539 0.069336 0.391602
v -0.102539 0.069336 0.391602
v -0.102539 0.069336 0.407227
v -0.122070 0.069336 0.407227
v -0.102539 0.069336 0.407227
v -0.084961 0.086914 0.407227
v -0.122070 0.118164 0.405273
v -0.122070 0.069336 0.407227
v -0.102539 0.069336 0.407227
v -0.122070 0.118164 0.405273
v -0.133789 0.069336 0.393555
v -0.122070 0.069336 0.407227
v -0.122070 0.118164 0.405273
v -0.122070 0.118164 0.405273
v -0.145508 0.086914 0.381836
v -0.133789 0.069336 0.393555
v -0.010742 0.180664 0.385742
v -0.010742 0.243164 0.385742
v -0.114258 0.180664 0.385742
v -0.010742 0.180664 0.385742
v -0.114258 0.180664 0.385742
v -0.133789 0.127930 0.432617
v -0.006836 0.176758 0.393555
v -0.006836 0.200195 0.393555
v -0.116211 0.176758 0.393555
v -0.112305 0.202148 0.383789
v -0.006836 0.200195 0.393555
v -0.012695 0.202148 0.383789
v -0.116211 0.200195 0.393555
v -0.116211 0.176758 0.393555
v -0.006836 0.200195 0.393555
v -0.006836 0.200195 0.393555
v -0.112305 0.202148 0.383789
v -0.116211 0.200195 0.393555
v -0.114258 0.243164 0.385742
v -0.114258 0.180664 0.385742
v -0.010742 0.243164 0.385742
v -0.014648 0.268555 0.375977
v -0.114258 0.243164 0.385742
v -0.010742 0.243164 0.385742
v -0.114258 0.243164 0.385742
v -0.014648 0.268555 0.375977
v -0.110352 0.268555 0.375977
v -0.157227 0.038086 0.377930
v -0.145508 0.016602 0.385742
v -0.135742 0.016602 0.375977
v -0.026367 0.333008 0.276367
v -0.047852 0.333008 0.297852
v -0.030273 0.311523 0.338867
v -0.026367 0.383789 0.276367
v -0.047852 0.333008 0.297852
v -0.026367 0.333008 0.276367
v -0.047852 0.333008 0.297852
v -0.077148 0.333008 0.297852
v -0.094727 0.311523 0.338867
v -0.047852 0.383789 0.297852
v -0.077148 0.333008 0.297852
v -0.047852 0.333008 0.297852
v -0.094727 0.311523 0.338867
v -0.030273 0.311523 0.338867
v -0.047852 0.333008 0.297852
v -0.047852 0.333008 0.297852
v -0.026367 0.383789 0.276367
v -0.047852 0.383789 0.297852
v -0.094727 0.311523 0.338867
v -0.077148 0.333008 0.297852
v -0.098633 0.333008 0.276367
v -0.098633 0.333008 0.276367
v -0.077148 0.333008 0.297852
v -0.077148 0.383789 0.297852
v -0.139648 0.311523 0.291992
v -0.094727 0.311523 0.338867
v -0.098633 0.333008 0.276367
v -0.077148 0.383789 0.297852
v -0.098633 0.383789 0.276367
v -0.098633 0.333008 0.276367
v -0.077148 0.333008 0.297852
v -0.047852 0.383789 0.297852
v -0.077148 0.383789 0.297852
v -0.102539 0.291992 0.360352
v -0.022461 0.291992 0.360352
v -0.030273 0.311523 0.338867
v -0.030273 0.311523 0.338867
v -0.094727 0.311523 0.338867
v -0.102539 0.291992 0.360352
v -0.022461 0.291992 0.360352
v -0.102539 0.291992 0.360352
v -0.110352 0.268555 0.375977
v -0.110352 0.268555 0.375977
v -0.014648 0.268555 0.375977
v -0.022461 0.291992 0.360352
v -0.139648 0.311523 0.291992
v -0.102539 0.291992 0.360352
v -0.094727 0.311523 0.338867
v -0.102539 0.291992 0.360352
v -0.139648 0.311523 0.291992
v -0.161133 0.291992 0.301758
v -0.161133 0.291992 0.301758
v -0.176758 0.268555 0.307617
v -0.102539 0.291992 0.360352
v -0.102539 0.291992 0.360352
v -0.176758 0.268555 0.307617
v -0.110352 0.268555 0.375977
v -0.043945 0.385742 0.307617
v -0.026367 0.383789 0.276367
v -0.016602 0.385742 0.280273
v -0.016602 0.385742 0.280273
v -0.016602 0.393555 0.280273
v -0.043945 0.393555 0.307617
v -0.043945 0.393555 0.307617
v -0.043945 0.385742 0.307617
v -0.016602 0.385742 0.280273
v -0.026367 0.383789 0.276367
v -0.043945 0.385742 0.307617
v -0.047852 0.383789 0.297852
v -0.016602 0.393555 0.280273
v -0.022461 0.397461 0.278320
v -0.045898 0.397461 0.301758
v -0.016602 0.393555 0.280273
v -0.045898 0.397461 0.301758
v -0.043945 0.393555 0.307617
v -0.022461 0.397461 0.278320
v -0.030273 0.415039 0.274414
v -0.045898 0.397461 0.301758
v -0.030273 0.415039 0.274414
v -0.043945 0.430664 0.268555
v -0.055664 0.430664 0.280273
v -0.030273 0.415039 0.274414
v -0.055664 0.430664 0.280273
v -0.049805 0.415039 0.293945
v -0.049805 0.415039 0.293945
v -0.045898 0.397461 0.301758
v -0.030273 0.415039 0.274414
v -0.045898 0.430664 0.254883
v -0.061523 0.432617 0.262695
v -0.043945 0.430664 0.268555
v -0.061523 0.499023 0.264648
v -0.059570 0.432617 0.264648
v -0.059570 0.432617 0.258789
v -0.059570 0.432617 0.258789
v -0.061523 0.499023 0.260742
v -0.061523 0.499023 0.264648
v -0.065430 0.432617 0.258789
v -0.061523 0.499023 0.260742
v -0.059570 0.432617 0.258789
v -0.055664 0.430664 0.280273
v -0.043945 0.430664 0.268555
v -0.061523 0.432617 0.262695
v -0.069336 0.430664 0.280273
v -0.055664 0.430664 0.280273
v -0.061523 0.432617 0.262695
v -0.061523 0.432617 0.262695
v -0.079102 0.430664 0.254883
v -0.079102 0.430664 0.268555
v -0.079102 0.430664 0.268555
v -0.069336 0.430664 0.280273
v -0.061523 0.432617 0.262695
v -0.059570 0.432617 0.264648
v -0.061523 0.499023 0.264648
v -0.063477 0.499023 0.264648
v -0.063477 0.499023 0.264648
v -0.065430 0.432617 0.264648
v -0.059570 0.432617 0.264648
v -0.061523 0.434570 0.262695
v -0.059570 0.438477 0.254883
v -0.055664 0.438477 0.260742
v -0.063477 0.438477 0.254883
v -0.059570 0.438477 0.254883
v -0.061523 0.434570 0.262695
v -0.061523 0.434570 0.262695
v -0.055664 0.438477 0.260742
v -0.055664 0.438477 0.266602
v -0.061523 0.434570 0.262695
v -0.055664 0.438477 0.266602
v -0.061523 0.438477 0.268555
v -0.061523 0.434570 0.262695
v -0.061523 0.438477 0.268555
v -0.065430 0.438477 0.268555
v -0.069336 0.438477 0.258789
v -0.063477 0.438477 0.254883
v -0.061523 0.434570 0.262695
v -0.069336 0.438477 0.264648
v -0.069336 0.438477 0.258789
v -0.061523 0.434570 0.262695
v -0.065430 0.438477 0.268555
v -0.069336 0.438477 0.264648
v -0.061523 0.434570 0.262695
v -0.069336 0.430664 0.280273
v -0.049805 0.415039 0.293945
v -0.055664 0.430664 0.280273
v -0.043945 0.385742 0.307617
v -0.043945 0.393555 0.307617
v -0.081055 0.393555 0.307617
v -0.077148 0.383789 0.297852
v -0.047852 0.383789 0.297852
v -0.043945 0.385742 0.307617
v -0.081055 0.385742 0.307617
v -0.077148 0.383789 0.297852
v -0.043945 0.385742 0.307617
v -0.081055 0.393555 0.307617
v -0.081055 0.385742 0.307617
v -0.043945 0.385742 0.307617
v -0.079102 0.397461 0.301758
v -0.043945 0.393555 0.307617
v -0.045898 0.397461 0.301758
v -0.045898 0.397461 0.301758
v -0.049805 0.415039 0.293945
v -0.075195 0.415039 0.293945
v -0.075195 0.415039 0.293945
v -0.079102 0.397461 0.301758
v -0.045898 0.397461 0.301758
v -0.043945 0.393555 0.307617
v -0.079102 0.397461 0.301758
v -0.081055 0.393555 0.307617
v -0.049805 0.415039 0.293945
v -0.069336 0.430664 0.280273
v -0.075195 0.415039 0.293945
v -0.059570 0.438477 0.254883
v -0.055664 0.446289 0.250977
v -0.051758 0.446289 0.258789
v -0.065430 0.446289 0.250977
v -0.055664 0.446289 0.250977
v -0.059570 0.438477 0.254883
v -0.059570 0.438477 0.254883
v -0.051758 0.446289 0.258789
v -0.055664 0.438477 0.260742
v -0.059570 0.438477 0.254883
v -0.063477 0.438477 0.254883
v -0.065430 0.446289 0.250977
v -0.055664 0.456055 0.250977
v -0.051758 0.446289 0.258789
v -0.055664 0.446289 0.250977
v -0.065430 0.446289 0.250977
v -0.055664 0.456055 0.250977
v -0.055664 0.446289 0.250977
v -0.051758 0.446289 0.268555
v -0.055664 0.438477 0.260742
v -0.051758 0.446289 0.258789
v -0.051758 0.446289 0.258789
v -0.055664 0.456055 0.250977
v -0.051758 0.456055 0.258789
v -0.051758 0.446289 0.258789
v -0.051758 0.456055 0.258789
v -0.051758 0.446289 0.268555
v -0.055664 0.438477 0.260742
v -0.051758 0.446289 0.268555
v -0.055664 0.438477 0.266602
v -0.055664 0.456055 0.250977
v -0.059570 0.463867 0.254883
v -0.055664 0.463867 0.260742
v -0.065430 0.456055 0.250977
v -0.059570 0.463867 0.254883
v -0.055664 0.456055 0.250977
v -0.055664 0.463867 0.260742
v -0.051758 0.456055 0.258789
v -0.055664 0.456055 0.250977
v -0.055664 0.456055 0.250977
v -0.065430 0.446289 0.250977
v -0.065430 0.456055 0.250977
v -0.061523 0.465820 0.262695
v -0.055664 0.463867 0.260742
v -0.059570 0.463867 0.254883
v -0.063477 0.463867 0.254883
v -0.061523 0.465820 0.262695
v -0.059570 0.463867 0.254883
v -0.059570 0.463867 0.254883
v -0.065430 0.456055 0.250977
v -0.063477 0.463867 0.254883
v -0.051758 0.456055 0.258789
v -0.055664 0.463867 0.260742
v -0.051758 0.456055 0.268555
v -0.051758 0.456055 0.268555
v -0.051758 0.446289 0.268555
v -0.051758 0.456055 0.258789
v -0.055664 0.463867 0.260742
v -0.061523 0.465820 0.262695
v -0.055664 0.463867 0.266602
v -0.055664 0.463867 0.266602
v -0.051758 0.456055 0.268555
v -0.055664 0.463867 0.260742
v -0.061523 0.463867 0.268555
v -0.055664 0.463867 0.266602
v -0.061523 0.465820 0.262695
v -0.065430 0.463867 0.268555
v -0.061523 0.463867 0.268555
v -0.061523 0.465820 0.262695
v -0.061523 0.465820 0.262695
v -0.063477 0.463867 0.254883
v -0.069336 0.463867 0.258789
v -0.061523 0.465820 0.262695
v -0.069336 0.463867 0.258789
v -0.069336 0.463867 0.264648
v -0.061523 0.465820 0.262695
v -0.069336 0.463867 0.264648
v -0.065430 0.463867 0.268555
v -0.061523 0.438477 0.268555
v -0.055664 0.438477 0.266602
v -0.051758 0.446289 0.268555
v -0.059570 0.446289 0.274414
v -0.061523 0.438477 0.268555
v -0.051758 0.446289 0.268555
v -0.051758 0.456055 0.268555
v -0.059570 0.446289 0.274414
v -0.051758 0.446289 0.268555
v -0.061523 0.438477 0.268555
v -0.059570 0.446289 0.274414
v -0.069336 0.446289 0.272461
v -0.069336 0.446289 0.272461
v -0.065430 0.438477 0.268555
v -0.061523 0.438477 0.268555
v -0.059570 0.446289 0.274414
v -0.051758 0.456055 0.268555
v -0.059570 0.456055 0.274414
v -0.059570 0.446289 0.274414
v -0.059570 0.456055 0.274414
v -0.069336 0.456055 0.272461
v -0.069336 0.456055 0.272461
v -0.069336 0.446289 0.272461
v -0.059570 0.446289 0.274414
v -0.051758 0.456055 0.268555
v -0.055664 0.463867 0.266602
v -0.061523 0.463867 0.268555
v -0.051758 0.456055 0.268555
v -0.061523 0.463867 0.268555
v -0.059570 0.456055 0.274414
v -0.069336 0.456055 0.272461
v -0.059570 0.456055 0.274414
v -0.061523 0.463867 0.268555
v -0.065430 0.463867 0.268555
v -0.069336 0.456055 0.272461
v -0.061523 0.463867 0.268555
v -0.063477 0.499023 0.264648
v -0.061523 0.499023 0.264648
v -0.061523 0.499023 0.260742
v -0.061523 0.499023 0.260742
v -0.065430 0.432617 0.258789
v -0.063477 0.499023 0.260742
v -0.061523 0.499023 0.260742
v -0.063477 0.499023 0.260742
v -0.063477 0.499023 0.264648
v -0.065430 0.432617 0.258789
v -0.065430 0.432617 0.264648
v -0.063477 0.499023 0.260742
v -0.063477 0.499023 0.264648
v -0.063477 0.499023 0.260742
v -0.065430 0.432617 0.264648
v -0.069336 0.430664 0.280273
v -0.079102 0.430664 0.268555
v -0.094727 0.415039 0.274414
v -0.069336 0.430664 0.280273
v -0.094727 0.415039 0.274414
v -0.075195 0.415039 0.293945
v -0.081055 0.385742 0.307617
v -0.108398 0.385742 0.280273
v -0.098633 0.383789 0.276367
v -0.098633 0.383789 0.276367
v -0.077148 0.383789 0.297852
v -0.081055 0.385742 0.307617
v -0.081055 0.385742 0.307617
v -0.108398 0.393555 0.280273
v -0.108398 0.385742 0.280273
v -0.100586 0.397461 0.278320
v -0.108398 0.393555 0.280273
v -0.081055 0.393555 0.307617
v -0.079102 0.397461 0.301758
v -0.094727 0.415039 0.274414
v -0.100586 0.397461 0.278320
v -0.081055 0.393555 0.307617
v -0.079102 0.397461 0.301758
v -0.100586 0.397461 0.278320
v -0.108398 0.393555 0.280273
v -0.081055 0.385742 0.307617
v -0.081055 0.393555 0.307617
v -0.094727 0.415039 0.274414
v -0.079102 0.397461 0.301758
v -0.075195 0.415039 0.293945
v -0.069336 0.438477 0.258789
v -0.065430 0.446289 0.250977
v -0.063477 0.438477 0.254883
v -0.069336 0.438477 0.258789
v -0.073242 0.446289 0.256836
v -0.065430 0.446289 0.250977
v -0.065430 0.446289 0.250977
v -0.073242 0.446289 0.256836
v -0.073242 0.456055 0.256836
v -0.073242 0.456055 0.256836
v -0.065430 0.456055 0.250977
v -0.065430 0.446289 0.250977
v -0.073242 0.446289 0.256836
v -0.069336 0.438477 0.258789
v -0.073242 0.446289 0.264648
v -0.073242 0.446289 0.256836
v -0.073242 0.446289 0.264648
v -0.073242 0.456055 0.264648
v -0.073242 0.456055 0.264648
v -0.073242 0.456055 0.256836
v -0.073242 0.446289 0.256836
v -0.069336 0.438477 0.258789
v -0.069336 0.438477 0.264648
v -0.073242 0.446289 0.264648
v -0.065430 0.438477 0.268555
v -0.073242 0.446289 0.264648
v -0.069336 0.438477 0.264648
v -0.069336 0.456055 0.272461
v -0.073242 0.456055 0.264648
v -0.073242 0.446289 0.264648
v -0.073242 0.446289 0.264648
v -0.065430 0.438477 0.268555
v -0.069336 0.446289 0.272461
v -0.073242 0.446289 0.264648
v -0.069336 0.446289 0.272461
v -0.069336 0.456055 0.272461
v -0.073242 0.456055 0.256836
v -0.063477 0.463867 0.254883
v -0.065430 0.456055 0.250977
v -0.063477 0.463867 0.254883
v -0.073242 0.456055 0.256836
v -0.069336 0.463867 0.258789
v -0.073242 0.456055 0.264648
v -0.069336 0.463867 0.258789
v -0.073242 0.456055 0.256836
v -0.073242 0.456055 0.264648
v -0.069336 0.463867 0.264648
v -0.069336 0.463867 0.258789
v -0.069336 0.463867 0.264648
v -0.073242 0.456055 0.264648
v -0.069336 0.456055 0.272461
v -0.069336 0.463867 0.264648
v -0.069336 0.456055 0.272461
v -0.065430 0.463867 0.268555
v 0.411133 -0.493164 -0.450195
v -0.249023 -0.493164 0.450195
v 0.411133 -0.493164 0.450195
v 0.411133 -0.493164 -0.450195
v -0.401367 -0.493164 0.245117
v -0.249023 -0.493164 0.450195
v 0.411133 -0.493164 -0.450195
v -0.401367 -0.493164 -0.450195
v -0.401367 -0.493164 0.245117
v 0.346680 -0.487305 -0.428711
v 0.346680 -0.487305 -0.415039
v 0.333008 -0.487305 -0.428711
v 0.346680 -0.487305 -0.415039
v 0.333008 -0.489258 -0.415039
v 0.333008 -0.487305 -0.428711
v 0.336914 -0.483398 -0.430664
v 0.336914 -0.475586 -0.426758
v 0.336914 -0.483398 -0.426758
v 0.336914 -0.483398 -0.430664
v 0.336914 -0.475586 -0.430664
v 0.336914 -0.475586 -0.426758
v 0.342773 -0.479492 -0.416992
v 0.336914 -0.473633 -0.416992
v 0.342773 -0.473633 -0.416992
v 0.342773 -0.479492 -0.416992
v 0.336914 -0.479492 -0.416992
v 0.336914 -0.473633 -0.416992
v 0.336914 -0.479492 -0.252930
v 0.342773 -0.473633 -0.252930
v 0.336914 -0.473633 -0.252930
v 0.336914 -0.479492 -0.252930
v 0.342773 -0.479492 -0.252930
v 0.342773 -0.473633 -0.252930
v 0.016602 -0.483398 -0.247070
v 0.020508 -0.483398 -0.430664
v 0.334961 -0.483398 -0.247070
v 0.020508 -0.483398 -0.430664
v 0.334961 -0.483398 -0.418945
v 0.334961 -0.483398 -0.247070
v 0.336914 -0.456055 -0.422852
v 0.336914 -0.446289 -0.428711
v 0.336914 -0.446289 -0.422852
v 0.336914 -0.456055 -0.422852
v 0.336914 -0.456055 -0.428711
v 0.336914 -0.446289 -0.428711
v 0.342773 -0.454102 -0.416992
v 0.336914 -0.448242 -0.416992
v 0.342773 -0.448242 -0.416992
v 0.342773 -0.454102 -0.416992
v 0.336914 -0.454102 -0.416992
v 0.336914 -0.448242 -0.416992
v 0.336914 -0.454102 -0.252930
v 0.342773 -0.454102 -0.252930
v 0.336914 -0.448242 -0.252930
v 0.342773 -0.454102 -0.252930
v 0.342773 -0.448242 -0.252930
v 0.336914 -0.448242 -0.252930
v 0.333008 -0.487305 -0.387695
v 0.346680 -0.487305 -0.374023
v 0.333008 -0.489258 -0.374023
v 0.333008 -0.487305 -0.387695
v 0.346680 -0.487305 -0.387695
v 0.346680 -0.487305 -0.374023
v 0.293945 -0.489258 -0.432617
v 0.311523 -0.487305 -0.432617
v 0.303711 -0.489258 -0.418945
v 0.239258 -0.489258 -0.432617
v 0.254883 -0.487305 -0.432617
v 0.247070 -0.489258 -0.418945
v 0.340820 -0.477539 -0.368164
v 0.362305 -0.485352 -0.333008
v 0.340820 -0.477539 -0.333008
v 0.340820 -0.477539 -0.368164
v 0.362305 -0.485352 -0.368164
v 0.362305 -0.485352 -0.333008
v 0.346680 -0.487305 -0.327148
v 0.346680 -0.487305 -0.313477
v 0.333008 -0.487305 -0.327148
v 0.346680 -0.487305 -0.313477
v 0.333008 -0.489258 -0.313477
v 0.333008 -0.487305 -0.327148
v 0.282227 -0.436523 -0.370117
v 0.295898 -0.436523 -0.360352
v 0.284180 -0.436523 -0.358398
v 0.282227 -0.436523 -0.370117
v 0.293945 -0.436523 -0.372070
v 0.295898 -0.436523 -0.360352
v 0.340820 -0.479492 -0.311523
v 0.372070 -0.485352 -0.262695
v 0.340820 -0.479492 -0.262695
v 0.340820 -0.479492 -0.311523
v 0.372070 -0.485352 -0.311523
v 0.372070 -0.485352 -0.262695
v 0.333008 -0.487305 -0.252930
v 0.346680 -0.487305 -0.239258
v 0.333008 -0.489258 -0.239258
v 0.333008 -0.487305 -0.252930
v 0.346680 -0.487305 -0.252930
v 0.346680 -0.487305 -0.239258
v 0.270508 -0.485352 -0.278320
v 0.274414 -0.485352 -0.270508
v 0.264648 -0.485352 -0.274414
v 0.274414 -0.485352 -0.270508
v 0.266602 -0.485352 -0.268555
v 0.264648 -0.485352 -0.274414
v 0.274414 -0.420898 -0.270508
v 0.264648 -0.420898 -0.274414
v 0.266602 -0.420898 -0.268555
v 0.274414 -0.420898 -0.270508
v 0.270508 -0.420898 -0.278320
v 0.264648 -0.420898 -0.274414
v 0.200195 -0.487305 -0.432617
v 0.192383 -0.489258 -0.418945
v 0.184570 -0.489258 -0.432617
v 0.206055 -0.485352 -0.399414
v 0.102539 -0.485352 -0.325195
v 0.120117 -0.485352 -0.405273
v 0.206055 -0.485352 -0.399414
v 0.211914 -0.485352 -0.280273
v 0.102539 -0.485352 -0.325195
v 0.129883 -0.489258 -0.432617
v 0.145508 -0.487305 -0.432617
v 0.137695 -0.489258 -0.418945
v 0.079102 -0.489258 -0.432617
v 0.094727 -0.487305 -0.432617
v 0.086914 -0.489258 -0.418945
v 0.018555 -0.483398 -0.434570
v 0.022461 -0.483398 -0.434570
v 0.018555 -0.444336 -0.434570
v 0.022461 -0.483398 -0.434570
v 0.022461 -0.483398 -0.237305
v 0.018555 -0.444336 -0.434570
v 0.022461 -0.483398 -0.237305
v 0.018555 -0.444336 -0.209961
v 0.018555 -0.444336 -0.434570
v 0.022461 -0.483398 -0.237305
v 0.022461 -0.444336 -0.209961
v 0.018555 -0.444336 -0.209961
v 0.016602 -0.489258 -0.370117
v 0.016602 -0.489258 -0.334961
v -0.020508 -0.489258 -0.370117
v 0.016602 -0.489258 -0.334961
v -0.020508 -0.489258 -0.333008
v -0.020508 -0.489258 -0.370117
v 0.010742 -0.188477 -0.338867
v -0.018555 -0.188477 -0.366211
v -0.018555 -0.188477 -0.338867
v 0.010742 -0.188477 -0.338867
v 0.010742 -0.188477 -0.366211
v -0.018555 -0.188477 -0.366211
v 0.002930 -0.483398 -0.329102
v 0.002930 -0.264648 -0.247070
v 0.002930 -0.264648 -0.329102
v 0.002930 -0.483398 -0.329102
v 0.002930 -0.483398 -0.247070
v 0.002930 -0.264648 -0.247070
v 0.002930 -0.483398 -0.329102
v 0.022461 -0.483398 -0.249023
v 0.002930 -0.483398 -0.247070
v 0.002930 -0.483398 -0.329102
v 0.022461 -0.483398 -0.327148
v 0.022461 -0.483398 -0.249023
v 0.088867 -0.487305 -0.295898
v 0.083008 -0.487305 -0.290039
v 0.083008 -0.487305 -0.295898
v 0.088867 -0.487305 -0.295898
v 0.088867 -0.487305 -0.290039
v 0.083008 -0.487305 -0.290039
v 0.088867 -0.426758 -0.290039
v 0.083008 -0.426758 -0.295898
v 0.083008 -0.426758 -0.290039
v 0.088867 -0.426758 -0.290039
v 0.088867 -0.426758 -0.295898
v 0.083008 -0.426758 -0.295898
v 0.010742 -0.153320 -0.366211
v -0.016602 -0.153320 -0.336914
v -0.016602 -0.153320 -0.366211
v 0.010742 -0.153320 -0.366211
v 0.010742 -0.153320 -0.336914
v -0.016602 -0.153320 -0.336914
v 0.004883 0.059570 -0.336914
v -0.016602 0.059570 -0.368164
v -0.016602 0.059570 -0.336914
v 0.004883 0.059570 -0.336914
v 0.004883 0.059570 -0.368164
v -0.016602 0.059570 -0.368164
v 0.375977 -0.485352 -0.166992
v 0.374023 -0.485352 -0.151367
v 0.190430 -0.485352 -0.166992
v 0.374023 -0.485352 -0.151367
v 0.190430 -0.467773 -0.151367
v 0.190430 -0.485352 -0.166992
v 0.190430 -0.467773 -0.151367
v 0.190430 -0.432617 -0.166992
v 0.190430 -0.485352 -0.166992
v 0.190430 -0.467773 -0.151367
v 0.190430 -0.432617 -0.151367
v 0.190430 -0.432617 -0.166992
v 0.334961 -0.456055 -0.241211
v 0.334961 -0.446289 -0.245117
v 0.334961 -0.446289 -0.241211
v 0.334961 -0.456055 -0.241211
v 0.334961 -0.456055 -0.245117
v 0.334961 -0.446289 -0.245117
v 0.020508 -0.456055 -0.247070
v 0.020508 -0.446289 -0.241211
v 0.020508 -0.446289 -0.247070
v 0.020508 -0.456055 -0.247070
v 0.020508 -0.456055 -0.241211
v 0.020508 -0.446289 -0.241211
v 0.190430 -0.344727 -0.209961
v 0.190430 -0.374023 -0.166992
v 0.190430 -0.344727 -0.166992
v 0.190430 -0.344727 -0.209961
v 0.190430 -0.374023 -0.209961
v 0.190430 -0.374023 -0.166992
v 0.190430 -0.276367 -0.209961
v 0.190430 -0.305664 -0.166992
v 0.190430 -0.276367 -0.166992
v 0.190430 -0.276367 -0.209961
v 0.190430 -0.305664 -0.209961
v 0.190430 -0.305664 -0.166992
v 0.184570 -0.249023 -0.219727
v 0.186523 -0.249023 -0.219727
v 0.184570 -0.249023 -0.243164
v 0.170898 -0.446289 -0.047852
v 0.180664 -0.446289 -0.034180
v 0.170898 -0.446289 -0.034180
v 0.170898 -0.446289 -0.047852
v 0.180664 -0.446289 -0.047852
v 0.180664 -0.446289 -0.034180
v 0.180664 -0.213867 -0.047852
v 0.170898 -0.213867 -0.034180
v 0.180664 -0.213867 -0.034180
v 0.180664 -0.213867 -0.047852
v 0.170898 -0.213867 -0.047852
v 0.170898 -0.213867 -0.034180
v 0.182617 -0.288086 -0.124023
v 0.182617 -0.297852 -0.124023
v 0.170898 -0.288086 -0.124023
v 0.182617 -0.297852 -0.124023
v 0.170898 -0.299805 -0.124023
v 0.170898 -0.288086 -0.124023
v 0.182617 -0.297852 0.049805
v 0.170898 -0.288086 0.049805
v 0.170898 -0.299805 0.049805
v 0.182617 -0.297852 0.049805
v 0.182617 -0.288086 0.049805
v 0.170898 -0.288086 0.049805
v 0.198242 -0.245117 -0.231445
v 0.196289 -0.247070 -0.227539
v 0.194336 -0.247070 -0.233398
v 0.190430 -0.200195 -0.209961
v 0.190430 -0.229492 -0.166992
v 0.190430 -0.200195 -0.166992
v 0.190430 -0.200195 -0.209961
v 0.190430 -0.229492 -0.209961
v 0.190430 -0.229492 -0.166992
v 0.163086 -0.227539 -0.233398
v 0.163086 -0.227539 -0.227539
v 0.163086 -0.223633 -0.231445
v 0.159180 -0.241211 -0.219727
v 0.145508 -0.217773 -0.219727
v 0.145508 -0.235352 -0.219727
v 0.159180 -0.241211 -0.219727
v 0.159180 -0.211914 -0.219727
v 0.145508 -0.217773 -0.219727
v 0.159180 -0.241211 -0.219727
v 0.170898 -0.235352 -0.219727
v 0.159180 -0.211914 -0.219727
v 0.170898 -0.235352 -0.219727
v 0.170898 -0.217773 -0.219727
v 0.159180 -0.211914 -0.219727
v 0.176758 -0.151367 -0.225586
v 0.182617 -0.151367 -0.217773
v 0.170898 -0.151367 -0.217773
v 0.182617 -0.151367 -0.217773
v 0.176758 -0.151367 -0.211914
v 0.170898 -0.151367 -0.217773
v 0.176758 -0.116211 -0.225586
v 0.170898 -0.116211 -0.217773
v 0.182617 -0.116211 -0.217773
v 0.170898 -0.116211 -0.217773
v 0.176758 -0.116211 -0.211914
v 0.182617 -0.116211 -0.217773
v 0.141602 -0.151367 -0.221680
v 0.153320 -0.151367 -0.217773
v 0.145508 -0.151367 -0.213867
v 0.141602 -0.151367 -0.221680
v 0.149414 -0.151367 -0.227539
v 0.153320 -0.151367 -0.217773
v 0.147461 -0.116211 -0.225586
v 0.141602 -0.116211 -0.221680
v 0.153320 -0.116211 -0.217773
v 0.141602 -0.116211 -0.221680
v 0.145508 -0.116211 -0.213867
v 0.153320 -0.116211 -0.217773
v 0.176758 -0.151367 -0.190430
v 0.176758 -0.151367 -0.178711
v 0.170898 -0.151367 -0.184570
v 0.176758 -0.151367 -0.190430
v 0.182617 -0.151367 -0.184570
v 0.176758 -0.151367 -0.178711
v 0.176758 -0.116211 -0.190430
v 0.176758 -0.116211 -0.178711
v 0.182617 -0.116211 -0.184570
v 0.176758 -0.116211 -0.190430
v 0.170898 -0.116211 -0.184570
v 0.176758 -0.116211 -0.178711
v 0.176758 -0.151367 -0.157227
v 0.176758 -0.151367 -0.145508
v 0.170898 -0.151367 -0.151367
v 0.176758 -0.151367 -0.157227
v 0.182617 -0.151367 -0.151367
v 0.176758 -0.151367 -0.145508
v 0.176758 -0.116211 -0.157227
v 0.176758 -0.116211 -0.145508
v 0.182617 -0.116211 -0.151367
v 0.176758 -0.116211 -0.157227
v 0.170898 -0.116211 -0.151367
v 0.176758 -0.116211 -0.145508
v 0.104492 -0.151367 -0.221680
v 0.112305 -0.151367 -0.227539
v 0.110352 -0.151367 -0.213867
v 0.112305 -0.151367 -0.227539
v 0.118164 -0.151367 -0.217773
v 0.110352 -0.151367 -0.213867
v 0.112305 -0.116211 -0.225586
v 0.108398 -0.116211 -0.213867
v 0.116211 -0.116211 -0.217773
v 0.112305 -0.116211 -0.225586
v 0.104492 -0.116211 -0.221680
v 0.108398 -0.116211 -0.213867
v 0.073242 -0.151367 -0.221680
v 0.084961 -0.151367 -0.217773
v 0.077148 -0.151367 -0.213867
v 0.073242 -0.151367 -0.221680
v 0.081055 -0.151367 -0.227539
v 0.084961 -0.151367 -0.217773
v 0.079102 -0.116211 -0.225586
v 0.077148 -0.116211 -0.213867
v 0.084961 -0.116211 -0.217773
v 0.079102 -0.116211 -0.225586
v 0.071289 -0.116211 -0.221680
v 0.077148 -0.116211 -0.213867
v 0.176758 -0.151367 -0.124023
v 0.176758 -0.151367 -0.112305
v 0.170898 -0.151367 -0.118164
v 0.176758 -0.151367 -0.124023
v 0.182617 -0.151367 -0.118164
v 0.176758 -0.151367 -0.112305
v 0.182617 -0.116211 -0.118164
v 0.170898 -0.116211 -0.118164
v 0.176758 -0.116211 -0.112305
v 0.182617 -0.116211 -0.118164
v 0.176758 -0.116211 -0.124023
v 0.170898 -0.116211 -0.118164
v 0.176758 -0.151367 -0.090820
v 0.176758 -0.151367 -0.079102
v 0.170898 -0.151367 -0.084961
v 0.176758 -0.151367 -0.090820
v 0.182617 -0.151367 -0.084961
v 0.176758 -0.151367 -0.079102
v 0.176758 -0.116211 -0.090820
v 0.176758 -0.116211 -0.079102
v 0.182617 -0.116211 -0.084961
v 0.176758 -0.116211 -0.090820
v 0.170898 -0.116211 -0.084961
v 0.176758 -0.116211 -0.079102
v 0.176758 -0.151367 -0.057617
v 0.182617 -0.151367 -0.051758
v 0.170898 -0.151367 -0.051758
v 0.182617 -0.151367 -0.051758
v 0.176758 -0.151367 -0.043945
v 0.170898 -0.151367 -0.051758
v 0.176758 -0.116211 -0.057617
v 0.170898 -0.116211 -0.051758
v 0.182617 -0.116211 -0.051758
v 0.170898 -0.116211 -0.051758
v 0.176758 -0.116211 -0.043945
v 0.182617 -0.116211 -0.051758
v 0.176758 -0.151367 -0.024414
v 0.182617 -0.151367 -0.018555
v 0.170898 -0.151367 -0.018555
v 0.182617 -0.151367 -0.018555
v 0.176758 -0.151367 -0.010742
v 0.170898 -0.151367 -0.018555
v 0.182617 -0.116211 -0.018555
v 0.170898 -0.116211 -0.018555
v 0.176758 -0.116211 -0.010742
v 0.182617 -0.116211 -0.018555
v 0.176758 -0.116211 -0.024414
v 0.170898 -0.116211 -0.018555
v -0.004883 0.049805 -0.370117
v 0.006836 0.063477 -0.360352
v -0.174805 0.174805 -0.370117
v 0.006836 0.063477 -0.360352
v -0.174805 0.194336 -0.360352
v -0.174805 0.174805 -0.370117
v -0.174805 0.194336 -0.360352
v -0.358398 0.059570 -0.360352
v -0.174805 0.174805 -0.370117
v -0.358398 0.059570 -0.360352
v -0.346680 0.045898 -0.370117
v -0.174805 0.174805 -0.370117
v 0.004883 0.045898 -0.358398
v -0.174805 0.198242 -0.374023
v -0.354492 0.045898 -0.358398
v 0.004883 0.045898 -0.358398
v -0.174805 0.141602 -0.370117
v -0.174805 0.198242 -0.374023
v 0.018555 0.059570 -0.256836
v 0.018555 0.196289 -0.041992
v 0.018555 0.229492 -0.041992
v 0.018555 0.059570 -0.256836
v 0.018555 0.036133 -0.241211
v 0.018555 0.196289 -0.041992
v 0.018555 0.196289 -0.041992
v 0.018555 0.059570 0.178711
v 0.018555 0.229492 -0.041992
v 0.018555 0.196289 -0.041992
v 0.018555 0.036133 0.161133
v 0.018555 0.059570 0.178711
v 0.079102 0.002930 -0.204102
v 0.077148 0.002930 -0.180664
v 0.055664 0.002930 -0.204102
v 0.077148 0.002930 -0.180664
v 0.055664 0.002930 -0.180664
v 0.055664 0.002930 -0.204102
v 0.079102 0.012695 -0.180664
v 0.055664 0.012695 -0.202148
v 0.055664 0.012695 -0.180664
v 0.079102 0.012695 -0.180664
v 0.079102 0.012695 -0.204102
v 0.055664 0.012695 -0.202148
v 0.055664 0.010742 -0.204102
v 0.079102 0.010742 -0.180664
v 0.055664 0.012695 -0.180664
v 0.055664 0.010742 -0.204102
v 0.079102 0.012695 -0.204102
v 0.079102 0.010742 -0.180664
v 0.065430 0.014648 -0.190430
v 0.065430 0.014648 -0.194336
v 0.067383 0.016602 -0.190430
v 0.043945 0.041992 -0.192383
v 0.043945 0.038086 -0.196289
v 0.043945 0.038086 -0.190430
v -0.297852 -0.124023 -0.340820
v -0.041992 -0.092773 -0.340820
v -0.301758 -0.092773 -0.340820
v -0.297852 -0.124023 -0.340820
v -0.045898 -0.124023 -0.340820
v -0.041992 -0.092773 -0.340820
v -0.057617 -0.096680 -0.358398
v -0.051758 -0.096680 -0.368164
v -0.174805 -0.096680 -0.358398
v -0.051758 -0.096680 -0.368164
v -0.297852 -0.096680 -0.368164
v -0.174805 -0.096680 -0.358398
v -0.297852 -0.096680 -0.368164
v -0.293945 -0.096680 -0.358398
v -0.174805 -0.096680 -0.358398
v -0.364258 -0.489258 -0.370117
v -0.329102 -0.489258 -0.370117
v -0.364258 -0.489258 -0.334961
v -0.329102 -0.489258 -0.370117
v -0.327148 -0.489258 -0.333008
v -0.364258 -0.489258 -0.334961
v -0.329102 -0.188477 -0.364258
v -0.358398 -0.188477 -0.334961
v -0.329102 -0.188477 -0.334961
v -0.329102 -0.188477 -0.364258
v -0.358398 -0.188477 -0.364258
v -0.358398 -0.188477 -0.334961
v -0.360352 -0.153320 -0.366211
v -0.331055 -0.153320 -0.336914
v -0.360352 -0.153320 -0.336914
v -0.360352 -0.153320 -0.366211
v -0.331055 -0.153320 -0.366211
v -0.331055 -0.153320 -0.336914
v -0.331055 0.051758 -0.336914
v -0.360352 0.055664 -0.366211
v -0.360352 0.051758 -0.336914
v -0.331055 0.051758 -0.336914
v -0.331055 0.055664 -0.366211
v -0.360352 0.055664 -0.366211
v -0.340820 0.030273 -0.247070
v -0.340820 0.055664 -0.262695
v -0.340820 0.194336 -0.041992
v -0.340820 0.055664 -0.262695
v -0.340820 0.229492 -0.041992
v -0.340820 0.194336 -0.041992
v -0.340820 0.229492 -0.041992
v -0.340820 0.055664 0.180664
v -0.340820 0.194336 -0.041992
v -0.340820 0.055664 0.180664
v -0.340820 0.030273 0.165039
v -0.340820 0.194336 -0.041992
v -0.401367 0.225586 -0.043945
v -0.379883 0.235352 -0.053711
v -0.399414 0.237305 -0.051758
v -0.401367 0.225586 -0.043945
v -0.374023 0.225586 -0.043945
v -0.379883 0.235352 -0.053711
v -0.374023 0.225586 -0.038086
v -0.401367 0.225586 -0.038086
v -0.379883 0.235352 -0.028320
v -0.401367 0.225586 -0.038086
v -0.399414 0.237305 -0.028320
v -0.379883 0.235352 -0.028320
v 0.374023 -0.485352 0.075195
v 0.188477 -0.485352 0.090820
v 0.188477 -0.467773 0.075195
v 0.374023 -0.485352 0.075195
v 0.374023 -0.485352 0.090820
v 0.188477 -0.485352 0.090820
v 0.188477 -0.485352 0.090820
v 0.188477 -0.432617 0.090820
v 0.188477 -0.467773 0.075195
v 0.188477 -0.432617 0.090820
v 0.188477 -0.432617 0.075195
v 0.188477 -0.467773 0.075195
v 0.305664 -0.487305 0.110352
v 0.309570 -0.487305 0.122070
v 0.301758 -0.487305 0.118164
v 0.305664 -0.487305 0.110352
v 0.313477 -0.487305 0.112305
v 0.309570 -0.487305 0.122070
v 0.276367 -0.487305 0.188477
v 0.284180 -0.487305 0.190430
v 0.274414 -0.487305 0.196289
v 0.284180 -0.487305 0.190430
v 0.282227 -0.487305 0.200195
v 0.274414 -0.487305 0.196289
v 0.190430 -0.344727 0.092773
v 0.190430 -0.374023 0.135742
v 0.190430 -0.344727 0.135742
v 0.190430 -0.344727 0.092773
v 0.190430 -0.374023 0.092773
v 0.190430 -0.374023 0.135742
v 0.190430 -0.276367 0.092773
v 0.190430 -0.305664 0.135742
v 0.190430 -0.276367 0.135742
v 0.190430 -0.276367 0.092773
v 0.190430 -0.305664 0.092773
v 0.190430 -0.305664 0.135742
v 0.090820 -0.497070 0.188477
v 0.073242 -0.497070 0.321289
v 0.081055 -0.461914 0.200195
v 0.073242 -0.497070 0.321289
v 0.073242 -0.461914 0.325195
v 0.081055 -0.461914 0.200195
v 0.090820 -0.497070 0.188477
v 0.124023 -0.497070 0.196289
v 0.073242 -0.497070 0.321289
v 0.124023 -0.497070 0.196289
v 0.112305 -0.497070 0.331055
v 0.073242 -0.497070 0.321289
v 0.069336 -0.391602 0.225586
v 0.069336 -0.377930 0.301758
v 0.069336 -0.377930 0.225586
v 0.069336 -0.391602 0.225586
v 0.069336 -0.391602 0.301758
v 0.069336 -0.377930 0.301758
v 0.077148 -0.377930 0.233398
v 0.088867 -0.377930 0.295898
v 0.077148 -0.377930 0.295898
v 0.077148 -0.377930 0.233398
v 0.088867 -0.377930 0.233398
v 0.088867 -0.377930 0.295898
v 0.176758 -0.151367 0.008789
v 0.182617 -0.151367 0.014648
v 0.170898 -0.151367 0.014648
v 0.182617 -0.151367 0.014648
v 0.176758 -0.151367 0.022461
v 0.170898 -0.151367 0.014648
v 0.176758 -0.116211 0.022461
v 0.182617 -0.116211 0.014648
v 0.170898 -0.116211 0.014648
v 0.182617 -0.116211 0.014648
v 0.176758 -0.116211 0.008789
v 0.170898 -0.116211 0.014648
v 0.176758 -0.151367 0.041992
v 0.182617 -0.151367 0.047852
v 0.170898 -0.151367 0.047852
v 0.182617 -0.151367 0.047852
v 0.176758 -0.151367 0.055664
v 0.170898 -0.151367 0.047852
v 0.182617 -0.116211 0.047852
v 0.170898 -0.116211 0.047852
v 0.176758 -0.116211 0.055664
v 0.182617 -0.116211 0.047852
v 0.176758 -0.116211 0.041992
v 0.170898 -0.116211 0.047852
v 0.190430 -0.200195 0.092773
v 0.190430 -0.229492 0.135742
v 0.190430 -0.200195 0.135742
v 0.190430 -0.200195 0.092773
v 0.190430 -0.229492 0.092773
v 0.190430 -0.229492 0.135742
v 0.176758 -0.151367 0.075195
v 0.182617 -0.151367 0.081055
v 0.170898 -0.151367 0.081055
v 0.182617 -0.151367 0.081055
v 0.176758 -0.151367 0.088867
v 0.170898 -0.151367 0.081055
v 0.182617 -0.116211 0.081055
v 0.170898 -0.116211 0.081055
v 0.176758 -0.116211 0.088867
v 0.182617 -0.116211 0.081055
v 0.176758 -0.116211 0.075195
v 0.170898 -0.116211 0.081055
v 0.176758 -0.151367 0.108398
v 0.182617 -0.151367 0.114258
v 0.170898 -0.151367 0.114258
v 0.182617 -0.151367 0.114258
v 0.176758 -0.151367 0.122070
v 0.170898 -0.151367 0.114258
v 0.182617 -0.116211 0.114258
v 0.170898 -0.116211 0.114258
v 0.176758 -0.116211 0.122070
v 0.182617 -0.116211 0.114258
v 0.176758 -0.116211 0.108398
v 0.170898 -0.116211 0.114258
v 0.196289 -0.247070 0.155273
v 0.200195 -0.245117 0.157227
v 0.194336 -0.247070 0.159180
v 0.170898 -0.235352 0.145508
v 0.159180 -0.211914 0.145508
v 0.170898 -0.217773 0.145508
v 0.170898 -0.235352 0.145508
v 0.159180 -0.241211 0.145508
v 0.159180 -0.211914 0.145508
v 0.159180 -0.241211 0.145508
v 0.145508 -0.217773 0.145508
v 0.159180 -0.211914 0.145508
v 0.159180 -0.241211 0.145508
v 0.145508 -0.235352 0.145508
v 0.145508 -0.217773 0.145508
v 0.163086 -0.227539 0.155273
v 0.163086 -0.227539 0.159180
v 0.163086 -0.223633 0.157227
v 0.176758 -0.151367 0.137695
v 0.182617 -0.151367 0.145508
v 0.170898 -0.151367 0.145508
v 0.182617 -0.151367 0.145508
v 0.176758 -0.151367 0.151367
v 0.170898 -0.151367 0.145508
v 0.182617 -0.116211 0.145508
v 0.170898 -0.116211 0.145508
v 0.176758 -0.116211 0.151367
v 0.182617 -0.116211 0.145508
v 0.176758 -0.116211 0.137695
v 0.170898 -0.116211 0.145508
v 0.143555 -0.151367 0.139648
v 0.139648 -0.151367 0.151367
v 0.135742 -0.151367 0.143555
v 0.143555 -0.151367 0.139648
v 0.147461 -0.151367 0.147461
v 0.139648 -0.151367 0.151367
v 0.141602 -0.116211 0.139648
v 0.135742 -0.116211 0.143555
v 0.147461 -0.116211 0.147461
v 0.135742 -0.116211 0.143555
v 0.139648 -0.116211 0.151367
v 0.147461 -0.116211 0.147461
v 0.108398 -0.151367 0.139648
v 0.104492 -0.151367 0.151367
v 0.100586 -0.151367 0.143555
v 0.108398 -0.151367 0.139648
v 0.112305 -0.151367 0.147461
v 0.104492 -0.151367 0.151367
v 0.106445 -0.116211 0.139648
v 0.098633 -0.116211 0.143555
v 0.110352 -0.116211 0.147461
v 0.098633 -0.116211 0.143555
v 0.104492 -0.116211 0.151367
v 0.110352 -0.116211 0.147461
v 0.071289 -0.151367 0.139648
v 0.069336 -0.151367 0.151367
v 0.063477 -0.151367 0.143555
v 0.071289 -0.151367 0.139648
v 0.077148 -0.151367 0.147461
v 0.069336 -0.151367 0.151367
v 0.071289 -0.116211 0.139648
v 0.067383 -0.116211 0.151367
v 0.075195 -0.116211 0.147461
v 0.071289 -0.116211 0.139648
v 0.063477 -0.116211 0.143555
v 0.067383 -0.116211 0.151367
v 0.069336 -0.083008 0.225586
v 0.069336 -0.067383 0.301758
v 0.069336 -0.067383 0.225586
v 0.069336 -0.083008 0.225586
v 0.069336 -0.083008 0.301758
v 0.069336 -0.067383 0.301758
v 0.077148 -0.069336 0.233398
v 0.088867 -0.069336 0.295898
v 0.077148 -0.069336 0.295898
v 0.077148 -0.069336 0.233398
v 0.088867 -0.069336 0.233398
v 0.088867 -0.069336 0.295898
v 0.055664 -0.391602 0.327148
v 0.002930 -0.377930 0.379883
v 0.055664 -0.377930 0.327148
v 0.055664 -0.391602 0.327148
v 0.002930 -0.391602 0.379883
v 0.002930 -0.377930 0.379883
v 0.055664 -0.377930 0.336914
v 0.065430 -0.377930 0.346680
v 0.012695 -0.377930 0.379883
v 0.065430 -0.377930 0.346680
v 0.020508 -0.377930 0.389648
v 0.012695 -0.377930 0.379883
v 0.010742 -0.499023 0.403320
v -0.124023 -0.499023 0.391602
v -0.002930 -0.463867 0.395508
v -0.124023 -0.499023 0.391602
v -0.127930 -0.463867 0.393555
v -0.002930 -0.463867 0.395508
v 0.010742 -0.499023 0.403320
v 0.002930 -0.499023 0.438477
v -0.124023 -0.499023 0.391602
v 0.002930 -0.499023 0.438477
v -0.131836 -0.499023 0.432617
v -0.124023 -0.499023 0.391602
v 0.055664 -0.083008 0.327148
v 0.002930 -0.067383 0.379883
v 0.055664 -0.067383 0.327148
v 0.055664 -0.083008 0.327148
v 0.002930 -0.083008 0.379883
v 0.002930 -0.067383 0.379883
v 0.053711 -0.069336 0.333008
v 0.061523 -0.069336 0.342773
v 0.012695 -0.069336 0.377930
v 0.061523 -0.069336 0.342773
v 0.022461 -0.069336 0.387695
v 0.012695 -0.069336 0.377930
v 0.079102 0.002930 0.108398
v 0.077148 0.002930 0.131836
v 0.055664 0.002930 0.108398
v 0.077148 0.002930 0.131836
v 0.055664 0.002930 0.131836
v 0.055664 0.002930 0.108398
v 0.077148 0.012695 0.131836
v 0.055664 0.012695 0.110352
v 0.055664 0.012695 0.131836
v 0.077148 0.012695 0.131836
v 0.079102 0.012695 0.108398
v 0.055664 0.012695 0.110352
v 0.055664 0.010742 0.108398
v 0.079102 0.010742 0.131836
v 0.055664 0.012695 0.131836
v 0.055664 0.010742 0.108398
v 0.079102 0.012695 0.108398
v 0.079102 0.010742 0.131836
v 0.065430 0.014648 0.122070
v 0.065430 0.014648 0.118164
v 0.067383 0.016602 0.122070
v 0.043945 0.041992 0.120117
v 0.043945 0.038086 0.116211
v 0.043945 0.038086 0.122070
v -0.241211 -0.499023 0.186523
v -0.200195 -0.499023 0.192383
v -0.243164 -0.499023 0.321289
v -0.200195 -0.499023 0.192383
v -0.208008 -0.499023 0.327148
v -0.243164 -0.499023 0.321289
v -0.200195 -0.499023 0.192383
v -0.200195 -0.463867 0.313477
v -0.208008 -0.499023 0.327148
v -0.200195 -0.499023 0.192383
v -0.202148 -0.463867 0.188477
v -0.200195 -0.463867 0.313477
v -0.364258 -0.489258 0.133789
v -0.329102 -0.489258 0.168945
v -0.364258 -0.489258 0.168945
v -0.364258 -0.489258 0.133789
v -0.327148 -0.489258 0.133789
v -0.329102 -0.489258 0.168945
v -0.329102 -0.188477 0.133789
v -0.358398 -0.188477 0.163086
v -0.329102 -0.188477 0.163086
v -0.329102 -0.188477 0.133789
v -0.358398 -0.188477 0.133789
v -0.358398 -0.188477 0.163086
v -0.360352 -0.153320 0.137695
v -0.331055 -0.153320 0.165039
v -0.360352 -0.153320 0.165039
v -0.360352 -0.153320 0.137695
v -0.331055 -0.153320 0.137695
v -0.331055 -0.153320 0.165039
v -0.331055 0.055664 0.137695
v -0.360352 0.055664 0.165039
v -0.331055 0.055664 0.165039
v -0.331055 0.055664 0.137695
v -0.360352 0.055664 0.137695
v -0.360352 0.055664 0.165039
v -0.180664 -0.391602 0.325195
v -0.127930 -0.377930 0.379883
v -0.127930 -0.391602 0.379883
v -0.180664 -0.391602 0.325195
v -0.180664 -0.377930 0.325195
v -0.127930 -0.377930 0.379883
v -0.190430 -0.377930 0.344727
v -0.180664 -0.377930 0.334961
v -0.147461 -0.377930 0.387695
v -0.180664 -0.377930 0.334961
v -0.137695 -0.377930 0.379883
v -0.147461 -0.377930 0.387695
v -0.024414 -0.377930 0.391602
v -0.100586 -0.391602 0.391602
v -0.100586 -0.377930 0.391602
v -0.024414 -0.377930 0.391602
v -0.024414 -0.391602 0.391602
v -0.100586 -0.391602 0.391602
v -0.030273 -0.377930 0.399414
v -0.094727 -0.377930 0.411133
v -0.094727 -0.377930 0.399414
v -0.030273 -0.377930 0.399414
v -0.030273 -0.377930 0.411133
v -0.094727 -0.377930 0.411133
v -0.180664 -0.083008 0.325195
v -0.127930 -0.067383 0.379883
v -0.127930 -0.083008 0.379883
v -0.180664 -0.083008 0.325195
v -0.180664 -0.067383 0.325195
v -0.127930 -0.067383 0.379883
v -0.188477 -0.069336 0.344727
v -0.178711 -0.069336 0.336914
v -0.143555 -0.069336 0.385742
v -0.178711 -0.069336 0.336914
v -0.133789 -0.069336 0.375977
v -0.143555 -0.069336 0.385742
v -0.024414 -0.067383 0.389648
v -0.100586 -0.083008 0.389648
v -0.100586 -0.067383 0.389648
v -0.024414 -0.067383 0.389648
v -0.024414 -0.083008 0.389648
v -0.100586 -0.083008 0.389648
v -0.030273 -0.069336 0.391602
v -0.030273 -0.069336 0.405273
v -0.092773 -0.069336 0.395508
v -0.030273 -0.069336 0.405273
v -0.092773 -0.069336 0.409180
v -0.092773 -0.069336 0.395508
v -0.059570 0.432617 0.258789
v -0.065430 0.432617 0.264648
v -0.065430 0.432617 0.258789
v -0.059570 0.432617 0.258789
v -0.059570 0.432617 0.264648
v -0.065430 0.432617 0.264648
v 0.288086 -0.411133 -0.291992
v 0.288086 -0.405273 -0.278320
v 0.276367 -0.405273 -0.291992
v 0.288086 -0.405273 -0.278320
v 0.270508 -0.395508 -0.291992
v 0.276367 -0.405273 -0.291992
v 0.288086 -0.405273 -0.278320
v 0.290039 -0.397461 -0.274414
v 0.270508 -0.395508 -0.291992
v 0.290039 -0.397461 -0.274414
v 0.272461 -0.383789 -0.291992
v 0.270508 -0.395508 -0.291992
v 0.290039 -0.397461 -0.274414
v 0.290039 -0.383789 -0.276367
v 0.272461 -0.383789 -0.291992
v 0.290039 -0.383789 -0.276367
v 0.286133 -0.374023 -0.282227
v 0.272461 -0.383789 -0.291992
v 0.286133 -0.374023 -0.282227
v 0.278320 -0.374023 -0.291992
v 0.272461 -0.383789 -0.291992
v 0.286133 -0.374023 -0.282227
v 0.288086 -0.370117 -0.291992
v 0.278320 -0.374023 -0.291992
v 0.069336 -0.483398 -0.389648
v 0.083008 -0.483398 -0.381836
v 0.055664 -0.483398 -0.383789
v 0.083008 -0.483398 -0.381836
v 0.049805 -0.483398 -0.370117
v 0.055664 -0.483398 -0.383789
v 0.083008 -0.483398 -0.381836
v 0.088867 -0.483398 -0.368164
v 0.049805 -0.483398 -0.370117
v 0.088867 -0.483398 -0.368164
v 0.083008 -0.483398 -0.354492
v 0.049805 -0.483398 -0.370117
v 0.083008 -0.483398 -0.354492
v 0.067383 -0.483398 -0.348633
v 0.049805 -0.483398 -0.370117
v 0.067383 -0.483398 -0.348633
v 0.053711 -0.483398 -0.354492
v 0.049805 -0.483398 -0.370117
v 0.069336 -0.389648 -0.377930
v 0.077148 -0.389648 -0.368164
v 0.075195 -0.389648 -0.375977
v 0.069336 -0.389648 -0.377930
v 0.063477 -0.389648 -0.375977
v 0.077148 -0.389648 -0.368164
v 0.063477 -0.389648 -0.375977
v 0.059570 -0.389648 -0.370117
v 0.077148 -0.389648 -0.368164
v 0.059570 -0.389648 -0.370117
v 0.075195 -0.389648 -0.362305
v 0.077148 -0.389648 -0.368164
v 0.059570 -0.389648 -0.370117
v 0.069336 -0.389648 -0.360352
v 0.075195 -0.389648 -0.362305
v 0.059570 -0.389648 -0.370117
v 0.061523 -0.389648 -0.362305
v 0.069336 -0.389648 -0.360352
v 0.323242 -0.487305 -0.204102
v 0.295898 -0.487305 -0.204102
v 0.309570 -0.487305 -0.209961
v 0.323242 -0.487305 -0.204102
v 0.290039 -0.487305 -0.188477
v 0.295898 -0.487305 -0.204102
v 0.323242 -0.487305 -0.204102
v 0.329102 -0.487305 -0.190430
v 0.290039 -0.487305 -0.188477
v 0.329102 -0.487305 -0.190430
v 0.325195 -0.487305 -0.176758
v 0.290039 -0.487305 -0.188477
v 0.325195 -0.487305 -0.176758
v 0.295898 -0.487305 -0.174805
v 0.290039 -0.487305 -0.188477
v 0.325195 -0.487305 -0.176758
v 0.311523 -0.487305 -0.168945
v 0.295898 -0.487305 -0.174805
v 0.315430 -0.399414 -0.223633
v 0.305664 -0.399414 -0.223633
v 0.309570 -0.407227 -0.211914
v 0.315430 -0.399414 -0.223633
v 0.313477 -0.407227 -0.209961
v 0.305664 -0.399414 -0.223633
v 0.313477 -0.407227 -0.209961
v 0.303711 -0.407227 -0.211914
v 0.305664 -0.399414 -0.223633
v 0.313477 -0.407227 -0.209961
v 0.303711 -0.418945 -0.200195
v 0.303711 -0.407227 -0.211914
v 0.313477 -0.407227 -0.209961
v 0.313477 -0.418945 -0.200195
v 0.303711 -0.418945 -0.200195
v 0.313477 -0.418945 -0.200195
v 0.305664 -0.434570 -0.196289
v 0.303711 -0.418945 -0.200195
v 0.313477 -0.418945 -0.200195
v 0.313477 -0.434570 -0.196289
v 0.305664 -0.434570 -0.196289
v 0.338867 -0.401367 -0.206055
v 0.342773 -0.401367 -0.196289
v 0.329102 -0.409180 -0.202148
v 0.342773 -0.401367 -0.196289
v 0.331055 -0.407227 -0.190430
v 0.329102 -0.409180 -0.202148
v 0.338867 -0.401367 -0.206055
v 0.331055 -0.409180 -0.196289
v 0.342773 -0.401367 -0.196289
v 0.331055 -0.407227 -0.190430
v 0.325195 -0.415039 -0.188477
v 0.329102 -0.409180 -0.202148
v 0.325195 -0.415039 -0.188477
v 0.321289 -0.415039 -0.200195
v 0.329102 -0.409180 -0.202148
v 0.325195 -0.415039 -0.188477
v 0.317383 -0.428711 -0.196289
v 0.321289 -0.415039 -0.200195
v 0.325195 -0.415039 -0.188477
v 0.319336 -0.428711 -0.186523
v 0.317383 -0.428711 -0.196289
v 0.319336 -0.428711 -0.186523
v 0.317383 -0.434570 -0.188477
v 0.317383 -0.428711 -0.196289
v 0.317383 -0.434570 -0.188477
v 0.317383 -0.434570 -0.190430
v 0.317383 -0.428711 -0.196289
v 0.317383 -0.434570 -0.190430
v 0.315430 -0.434570 -0.194336
v 0.317383 -0.428711 -0.196289
v 0.317383 -0.434570 -0.184570
v 0.319336 -0.434570 -0.188477
v 0.315430 -0.434570 -0.182617
v 0.319336 -0.434570 -0.188477
v 0.321289 -0.428711 -0.188477
v 0.315430 -0.434570 -0.182617
v 0.321289 -0.428711 -0.188477
v 0.315430 -0.428711 -0.180664
v 0.315430 -0.434570 -0.182617
v 0.321289 -0.428711 -0.188477
v 0.327148 -0.415039 -0.184570
v 0.315430 -0.428711 -0.180664
v 0.327148 -0.415039 -0.184570
v 0.319336 -0.415039 -0.174805
v 0.315430 -0.428711 -0.180664
v 0.327148 -0.415039 -0.184570
v 0.331055 -0.409180 -0.180664
v 0.319336 -0.415039 -0.174805
v 0.331055 -0.409180 -0.180664
v 0.325195 -0.407227 -0.170898
v 0.319336 -0.415039 -0.174805
v 0.331055 -0.409180 -0.180664
v 0.334961 -0.401367 -0.165039
v 0.325195 -0.407227 -0.170898
v 0.331055 -0.409180 -0.180664
v 0.340820 -0.401367 -0.172852
v 0.334961 -0.401367 -0.165039
v 0.340820 -0.401367 -0.172852
v 0.329102 -0.409180 -0.176758
v 0.334961 -0.401367 -0.165039
v 0.295898 -0.385742 -0.219727
v 0.307617 -0.405273 -0.204102
v 0.299805 -0.395508 -0.206055
v 0.295898 -0.385742 -0.219727
v 0.303711 -0.395508 -0.209961
v 0.307617 -0.405273 -0.204102
v 0.307617 -0.405273 -0.204102
v 0.299805 -0.405273 -0.196289
v 0.299805 -0.395508 -0.206055
v 0.299805 -0.405273 -0.196289
v 0.288086 -0.385742 -0.211914
v 0.299805 -0.395508 -0.206055
v 0.299805 -0.405273 -0.196289
v 0.293945 -0.395508 -0.202148
v 0.288086 -0.385742 -0.211914
v 0.307617 -0.405273 -0.204102
v 0.303711 -0.418945 -0.192383
v 0.299805 -0.405273 -0.196289
v 0.307617 -0.405273 -0.204102
v 0.311523 -0.418945 -0.198242
v 0.303711 -0.418945 -0.192383
v 0.311523 -0.418945 -0.198242
v 0.309570 -0.434570 -0.196289
v 0.303711 -0.418945 -0.192383
v 0.309570 -0.434570 -0.196289
v 0.307617 -0.434570 -0.194336
v 0.303711 -0.418945 -0.192383
v 0.307617 -0.434570 -0.194336
v 0.305664 -0.434570 -0.190430
v 0.303711 -0.418945 -0.192383
v 0.307617 -0.434570 -0.194336
v 0.307617 -0.434570 -0.190430
v 0.305664 -0.434570 -0.190430
v 0.305664 -0.432617 -0.192383
v 0.303711 -0.432617 -0.188477
v 0.305664 -0.415039 -0.194336
v 0.303711 -0.432617 -0.188477
v 0.303711 -0.432617 -0.186523
v 0.305664 -0.415039 -0.194336
v 0.303711 -0.432617 -0.186523
v 0.301758 -0.415039 -0.184570
v 0.305664 -0.415039 -0.194336
v 0.301758 -0.415039 -0.184570
v 0.299805 -0.401367 -0.196289
v 0.305664 -0.415039 -0.194336
v 0.301758 -0.415039 -0.184570
v 0.295898 -0.401367 -0.184570
v 0.299805 -0.401367 -0.196289
v 0.295898 -0.401367 -0.184570
v 0.291992 -0.389648 -0.196289
v 0.299805 -0.401367 -0.196289
v 0.295898 -0.401367 -0.184570
v 0.288086 -0.391602 -0.184570
v 0.291992 -0.389648 -0.196289
v 0.288086 -0.391602 -0.184570
v 0.276367 -0.381836 -0.188477
v 0.291992 -0.389648 -0.196289
v 0.276367 -0.381836 -0.188477
v 0.280273 -0.379883 -0.198242
v 0.291992 -0.389648 -0.196289
v 0.276367 -0.381836 -0.188477
v 0.290039 -0.389648 -0.190430
v 0.280273 -0.379883 -0.198242
v 0.303711 -0.434570 -0.188477
v 0.303711 -0.434570 -0.184570
v 0.297852 -0.418945 -0.186523
v 0.303711 -0.434570 -0.184570
v 0.303711 -0.434570 -0.182617
v 0.297852 -0.418945 -0.186523
v 0.303711 -0.434570 -0.182617
v 0.299805 -0.418945 -0.180664
v 0.297852 -0.418945 -0.186523
v 0.299805 -0.418945 -0.180664
v 0.288086 -0.407227 -0.184570
v 0.297852 -0.418945 -0.186523
v 0.299805 -0.418945 -0.180664
v 0.291992 -0.407227 -0.174805
v 0.288086 -0.407227 -0.184570
v 0.291992 -0.407227 -0.174805
v 0.280273 -0.399414 -0.170898
v 0.288086 -0.407227 -0.184570
v 0.280273 -0.399414 -0.170898
v 0.276367 -0.399414 -0.178711
v 0.288086 -0.407227 -0.184570
v 0.280273 -0.399414 -0.170898
v 0.290039 -0.407227 -0.178711
v 0.276367 -0.399414 -0.178711
v 0.364258 -0.473633 -0.157227
v 0.346680 -0.483398 -0.157227
v 0.348633 -0.473633 -0.157227
v 0.364258 -0.473633 -0.157227
v 0.366211 -0.483398 -0.157227
v 0.346680 -0.483398 -0.157227
v 0.366211 -0.483398 -0.157227
v 0.348633 -0.491211 -0.157227
v 0.346680 -0.483398 -0.157227
v 0.366211 -0.483398 -0.157227
v 0.348633 -0.491211 0.083008
v 0.348633 -0.491211 -0.157227
v 0.366211 -0.483398 -0.157227
v 0.366211 -0.483398 0.083008
v 0.348633 -0.491211 0.083008
v 0.366211 -0.483398 0.083008
v 0.346680 -0.483398 0.083008
v 0.348633 -0.491211 0.083008
v 0.366211 -0.483398 0.083008
v 0.348633 -0.473633 0.083008
v 0.346680 -0.483398 0.083008
v 0.366211 -0.483398 0.083008
v 0.364258 -0.473633 0.083008
v 0.348633 -0.473633 0.083008
v 0.038086 -0.116211 -0.231445
v 0.038086 -0.104492 -0.213867
v 0.038086 -0.104492 -0.231445
v 0.038086 -0.116211 -0.231445
v 0.038086 -0.116211 -0.213867
v 0.038086 -0.104492 -0.213867
v 0.038086 -0.116211 -0.231445
v 0.166992 -0.116211 -0.213867
v 0.038086 -0.116211 -0.213867
v 0.038086 -0.116211 -0.231445
v 0.186523 -0.116211 -0.231445
v 0.166992 -0.116211 -0.213867
v 0.186523 -0.116211 -0.231445
v 0.166992 -0.116211 0.137695
v 0.166992 -0.116211 -0.213867
v 0.186523 -0.116211 -0.231445
v 0.186523 -0.116211 0.155273
v 0.166992 -0.116211 0.137695
v 0.186523 -0.116211 0.155273
v 0.038086 -0.116211 0.155273
v 0.166992 -0.116211 0.137695
v 0.038086 -0.116211 0.155273
v 0.038086 -0.116211 0.137695
v 0.166992 -0.116211 0.137695
v 0.038086 -0.116211 0.155273
v 0.038086 -0.104492 0.137695
v 0.038086 -0.116211 0.137695
v 0.038086 -0.116211 0.155273
v 0.038086 -0.104492 0.155273
v 0.038086 -0.104492 0.137695
v 0.063477 -0.147461 -0.194336
v 0.063477 -0.145508 -0.198242
v 0.063477 -0.145508 -0.190430
v 0.063477 -0.145508 -0.198242
v 0.075195 -0.122070 -0.194336
v 0.063477 -0.145508 -0.190430
v 0.063477 -0.145508 -0.198242
v 0.073242 -0.124023 -0.204102
v 0.075195 -0.122070 -0.194336
v 0.073242 -0.124023 -0.204102
v 0.081055 -0.110352 -0.208008
v 0.075195 -0.122070 -0.194336
v 0.081055 -0.110352 -0.208008
v 0.083008 -0.110352 -0.196289
v 0.075195 -0.122070 -0.194336
v 0.081055 -0.110352 -0.208008
v 0.090820 -0.102539 -0.206055
v 0.083008 -0.110352 -0.196289
v 0.090820 -0.102539 -0.206055
v 0.104492 -0.094727 -0.204102
v 0.083008 -0.110352 -0.196289
v 0.104492 -0.094727 -0.204102
v 0.092773 -0.102539 -0.198242
v 0.083008 -0.110352 -0.196289
v 0.081055 -0.110352 -0.208008
v 0.102539 -0.096680 -0.215820
v 0.090820 -0.102539 -0.206055
v 0.081055 -0.110352 -0.208008
v 0.090820 -0.102539 -0.211914
v 0.102539 -0.096680 -0.215820
v 0.073242 -0.145508 -0.188477
v 0.073242 -0.145508 -0.192383
v 0.069336 -0.143555 -0.186523
v 0.073242 -0.145508 -0.192383
v 0.083008 -0.116211 -0.190430
v 0.069336 -0.143555 -0.186523
v 0.083008 -0.116211 -0.190430
v 0.077148 -0.116211 -0.182617
v 0.069336 -0.143555 -0.186523
v 0.083008 -0.116211 -0.190430
v 0.088867 -0.102539 -0.188477
v 0.077148 -0.116211 -0.182617
v 0.088867 -0.102539 -0.188477
v 0.081055 -0.100586 -0.176758
v 0.077148 -0.116211 -0.182617
v 0.088867 -0.102539 -0.188477
v 0.094727 -0.090820 -0.182617
v 0.081055 -0.100586 -0.176758
v 0.094727 -0.090820 -0.182617
v 0.088867 -0.088867 -0.172852
v 0.081055 -0.100586 -0.176758
v 0.094727 -0.090820 -0.182617
v 0.104492 -0.079102 -0.174805
v 0.088867 -0.088867 -0.172852
v 0.104492 -0.079102 -0.174805
v 0.098633 -0.079102 -0.165039
v 0.088867 -0.088867 -0.172852
v 0.104492 -0.079102 -0.174805
v 0.092773 -0.090820 -0.176758
v 0.098633 -0.079102 -0.165039
v 0.071289 -0.129883 -0.200195
v 0.067383 -0.116211 -0.209961
v 0.073242 -0.118164 -0.211914
v 0.071289 -0.129883 -0.200195
v 0.071289 -0.129883 -0.198242
v 0.067383 -0.116211 -0.209961
v 0.067383 -0.116211 -0.209961
v 0.075195 -0.108398 -0.217773
v 0.073242 -0.118164 -0.211914
v 0.067383 -0.116211 -0.209961
v 0.065430 -0.104492 -0.213867
v 0.075195 -0.108398 -0.217773
v 0.065430 -0.104492 -0.213867
v 0.073242 -0.096680 -0.229492
v 0.075195 -0.108398 -0.217773
v 0.065430 -0.104492 -0.213867
v 0.063477 -0.092773 -0.225586
v 0.073242 -0.096680 -0.229492
v 0.063477 -0.092773 -0.225586
v 0.069336 -0.088867 -0.241211
v 0.073242 -0.096680 -0.229492
v 0.063477 -0.092773 -0.225586
v 0.061523 -0.086914 -0.239258
v 0.069336 -0.088867 -0.241211
v 0.061523 -0.086914 -0.239258
v 0.069336 -0.094727 -0.227539
v 0.069336 -0.088867 -0.241211
v 0.081055 -0.100586 -0.192383
v 0.073242 -0.098633 -0.196289
v 0.083008 -0.077148 -0.196289
v 0.073242 -0.098633 -0.196289
v 0.073242 -0.077148 -0.200195
v 0.083008 -0.077148 -0.196289
v 0.081055 -0.100586 -0.192383
v 0.069336 -0.127930 -0.194336
v 0.073242 -0.098633 -0.196289
v 0.081055 -0.100586 -0.192383
v 0.075195 -0.129883 -0.190430
v 0.069336 -0.127930 -0.194336
v 0.075195 -0.129883 -0.190430
v 0.071289 -0.127930 -0.192383
v 0.069336 -0.127930 -0.194336
v 0.073242 -0.077148 -0.200195
v 0.075195 -0.061523 -0.208008
v 0.083008 -0.077148 -0.196289
v 0.075195 -0.061523 -0.208008
v 0.084961 -0.059570 -0.204102
v 0.083008 -0.077148 -0.196289
v 0.075195 -0.061523 -0.208008
v 0.084961 -0.049805 -0.213867
v 0.084961 -0.059570 -0.204102
v 0.075195 -0.061523 -0.208008
v 0.075195 -0.051758 -0.215820
v 0.084961 -0.049805 -0.213867
v 0.075195 -0.051758 -0.215820
v 0.079102 -0.059570 -0.204102
v 0.084961 -0.049805 -0.213867
v 0.069336 -0.098633 -0.194336
v 0.075195 -0.098633 -0.184570
v 0.067383 -0.075195 -0.194336
v 0.075195 -0.098633 -0.184570
v 0.073242 -0.075195 -0.178711
v 0.067383 -0.075195 -0.194336
v 0.069336 -0.098633 -0.194336
v 0.071289 -0.125977 -0.186523
v 0.075195 -0.098633 -0.184570
v 0.069336 -0.098633 -0.194336
v 0.067383 -0.127930 -0.188477
v 0.071289 -0.125977 -0.186523
v 0.067383 -0.127930 -0.188477
v 0.069336 -0.127930 -0.190430
v 0.071289 -0.125977 -0.186523
v 0.073242 -0.075195 -0.178711
v 0.061523 -0.059570 -0.188477
v 0.067383 -0.075195 -0.194336
v 0.073242 -0.075195 -0.178711
v 0.069336 -0.059570 -0.174805
v 0.061523 -0.059570 -0.188477
v 0.069336 -0.059570 -0.174805
v 0.053711 -0.041992 -0.176758
v 0.061523 -0.059570 -0.188477
v 0.069336 -0.059570 -0.174805
v 0.059570 -0.041992 -0.165039
v 0.053711 -0.041992 -0.176758
v 0.059570 -0.041992 -0.165039
v 0.065430 -0.059570 -0.180664
v 0.053711 -0.041992 -0.176758
v 0.059570 -0.145508 -0.202148
v 0.059570 -0.112305 -0.200195
v 0.063477 -0.112305 -0.208008
v 0.059570 -0.145508 -0.202148
v 0.057617 -0.143555 -0.198242
v 0.059570 -0.112305 -0.200195
v 0.057617 -0.143555 -0.198242
v 0.055664 -0.143555 -0.196289
v 0.059570 -0.112305 -0.200195
v 0.059570 -0.112305 -0.200195
v 0.053711 -0.094727 -0.206055
v 0.063477 -0.112305 -0.208008
v 0.053711 -0.094727 -0.206055
v 0.059570 -0.096680 -0.217773
v 0.063477 -0.112305 -0.208008
v 0.053711 -0.094727 -0.206055
v 0.047852 -0.081055 -0.213867
v 0.059570 -0.096680 -0.217773
v 0.047852 -0.081055 -0.213867
v 0.055664 -0.083008 -0.225586
v 0.059570 -0.096680 -0.217773
v 0.047852 -0.081055 -0.213867
v 0.040039 -0.069336 -0.223633
v 0.055664 -0.083008 -0.225586
v 0.040039 -0.069336 -0.223633
v 0.045898 -0.071289 -0.235352
v 0.055664 -0.083008 -0.225586
v 0.040039 -0.069336 -0.223633
v 0.051758 -0.081055 -0.219727
v 0.045898 -0.071289 -0.235352
v 0.055664 -0.141602 -0.188477
v 0.065430 -0.112305 -0.178711
v 0.061523 -0.110352 -0.184570
v 0.055664 -0.141602 -0.188477
v 0.057617 -0.143555 -0.184570
v 0.065430 -0.112305 -0.178711
v 0.055664 -0.141602 -0.188477
v 0.057617 -0.141602 -0.186523
v 0.057617 -0.143555 -0.184570
v 0.065430 -0.112305 -0.178711
v 0.063477 -0.092773 -0.180664
v 0.061523 -0.110352 -0.184570
v 0.065430 -0.112305 -0.178711
v 0.069336 -0.094727 -0.170898
v 0.063477 -0.092773 -0.180664
v 0.069336 -0.094727 -0.170898
v 0.059570 -0.083008 -0.170898
v 0.063477 -0.092773 -0.180664
v 0.069336 -0.094727 -0.170898
v 0.069336 -0.084961 -0.165039
v 0.059570 -0.083008 -0.170898
v 0.069336 -0.084961 -0.165039
v 0.057617 -0.071289 -0.161133
v 0.059570 -0.083008 -0.170898
v 0.069336 -0.084961 -0.165039
v 0.065430 -0.073242 -0.155273
v 0.057617 -0.071289 -0.161133
v 0.065430 -0.073242 -0.155273
v 0.063477 -0.083008 -0.166992
v 0.057617 -0.071289 -0.161133
v 0.059570 -0.145508 -0.186523
v 0.071289 -0.120117 -0.172852
v 0.065430 -0.116211 -0.174805
v 0.059570 -0.145508 -0.186523
v 0.059570 -0.145508 -0.184570
v 0.071289 -0.120117 -0.172852
v 0.071289 -0.120117 -0.172852
v 0.077148 -0.106445 -0.166992
v 0.065430 -0.116211 -0.174805
v 0.077148 -0.106445 -0.166992
v 0.067383 -0.102539 -0.168945
v 0.065430 -0.116211 -0.174805
v 0.077148 -0.106445 -0.166992
v 0.077148 -0.100586 -0.163086
v 0.067383 -0.102539 -0.168945
v 0.077148 -0.100586 -0.163086
v 0.067383 -0.096680 -0.163086
v 0.067383 -0.102539 -0.168945
v 0.077148 -0.100586 -0.163086
v 0.079102 -0.092773 -0.153320
v 0.067383 -0.096680 -0.163086
v 0.079102 -0.092773 -0.153320
v 0.069336 -0.088867 -0.153320
v 0.067383 -0.096680 -0.163086
v 0.079102 -0.092773 -0.153320
v 0.073242 -0.098633 -0.163086
v 0.069336 -0.088867 -0.153320
v 0.065430 -0.122070 -0.159180
v 0.040039 -0.122070 -0.135742
v 0.047852 -0.122070 -0.153320
v 0.065430 -0.122070 -0.159180
v 0.083008 -0.122070 -0.151367
v 0.040039 -0.122070 -0.135742
v 0.083008 -0.122070 -0.151367
v 0.088867 -0.122070 -0.133789
v 0.040039 -0.122070 -0.135742
v 0.088867 -0.122070 -0.133789
v 0.045898 -0.122070 -0.118164
v 0.040039 -0.122070 -0.135742
v 0.088867 -0.122070 -0.133789
v 0.063477 -0.122070 -0.110352
v 0.045898 -0.122070 -0.118164
v 0.088867 -0.122070 -0.133789
v 0.081055 -0.122070 -0.116211
v 0.063477 -0.122070 -0.110352
v 0.067383 -0.106445 -0.055664
v 0.077148 -0.092773 -0.036133
v 0.063477 -0.100586 -0.053711
v 0.077148 -0.092773 -0.036133
v 0.065430 -0.092773 -0.047852
v 0.063477 -0.100586 -0.053711
v 0.077148 -0.092773 -0.036133
v 0.069336 -0.088867 -0.041992
v 0.065430 -0.092773 -0.047852
v 0.067383 -0.106445 -0.055664
v 0.083008 -0.100586 -0.034180
v 0.077148 -0.092773 -0.036133
v 0.067383 -0.106445 -0.055664
v 0.083008 -0.108398 -0.036133
v 0.083008 -0.100586 -0.034180
v 0.067383 -0.106445 -0.055664
v 0.073242 -0.114258 -0.053711
v 0.083008 -0.108398 -0.036133
v 0.073242 -0.114258 -0.053711
v 0.079102 -0.116211 -0.045898
v 0.083008 -0.108398 -0.036133
v 0.081055 0.227539 -0.043945
v 0.053711 0.225586 -0.045898
v 0.063477 0.202148 -0.040039
v 0.081055 0.227539 -0.043945
v 0.059570 0.237305 -0.053711
v 0.053711 0.225586 -0.045898
v 0.081055 0.227539 -0.043945
v 0.079102 0.237305 -0.053711
v 0.059570 0.237305 -0.053711
v 0.053711 0.225586 -0.045898
v 0.053711 0.053711 -0.256836
v 0.063477 0.202148 -0.040039
v 0.053711 0.053711 -0.256836
v 0.063477 0.040039 -0.243164
v 0.063477 0.202148 -0.040039
v 0.038086 0.028320 -0.200195
v 0.038086 0.026367 -0.192383
v 0.038086 0.038086 -0.204102
v 0.038086 0.026367 -0.192383
v 0.038086 0.045898 -0.200195
v 0.038086 0.038086 -0.204102
v 0.038086 0.026367 -0.192383
v 0.038086 0.049805 -0.192383
v 0.038086 0.045898 -0.200195
v 0.038086 0.026367 -0.192383
v 0.038086 0.045898 -0.184570
v 0.038086 0.049805 -0.192383
v 0.038086 0.026367 -0.192383
v 0.038086 0.038086 -0.180664
v 0.038086 0.045898 -0.184570
v 0.038086 0.026367 -0.192383
v 0.038086 0.028320 -0.184570
v 0.038086 0.038086 -0.180664
v 0.084961 0.204102 -0.053711
v 0.083008 0.204102 -0.040039
v 0.018555 0.192383 -0.051758
v 0.083008 0.204102 -0.040039
v 0.084961 0.204102 -0.026367
v 0.018555 0.192383 -0.051758
v 0.084961 0.204102 -0.026367
v 0.018555 0.190430 -0.028320
v 0.018555 0.192383 -0.051758
v 0.018555 0.190430 -0.028320
v -0.157227 0.170898 -0.049805
v 0.018555 0.192383 -0.051758
v 0.018555 0.190430 -0.028320
v -0.157227 0.170898 -0.030273
v -0.157227 0.170898 -0.049805
v -0.157227 0.170898 -0.030273
v -0.334961 0.192383 -0.051758
v -0.157227 0.170898 -0.049805
v -0.157227 0.170898 -0.030273
v -0.334961 0.192383 -0.028320
v -0.334961 0.192383 -0.051758
v -0.334961 0.192383 -0.028320
v -0.401367 0.204102 -0.053711
v -0.334961 0.192383 -0.051758
v -0.334961 0.192383 -0.028320
v -0.399414 0.204102 -0.040039
v -0.401367 0.204102 -0.053711
v -0.334961 0.192383 -0.028320
v -0.401367 0.204102 -0.026367
v -0.399414 0.204102 -0.040039
v 0.079102 0.225586 -0.040039
v 0.059570 0.235352 -0.030273
v 0.079102 0.235352 -0.030273
v 0.079102 0.225586 -0.040039
v 0.053711 0.225586 -0.038086
v 0.059570 0.235352 -0.030273
v 0.079102 0.225586 -0.040039
v 0.063477 0.202148 -0.040039
v 0.053711 0.225586 -0.038086
v 0.063477 0.202148 -0.040039
v 0.057617 0.055664 0.178711
v 0.053711 0.225586 -0.038086
v 0.063477 0.202148 -0.040039
v 0.077148 0.041992 0.166992
v 0.057617 0.055664 0.178711
v -0.071289 -0.096680 -0.393555
v -0.110352 -0.073242 -0.368164
v -0.118164 -0.096680 -0.397461
v -0.071289 -0.096680 -0.393555
v -0.071289 -0.075195 -0.366211
v -0.110352 -0.073242 -0.368164
v -0.071289 -0.096680 -0.393555
v -0.051758 -0.094727 -0.385742
v -0.071289 -0.075195 -0.366211
v -0.051758 -0.094727 -0.385742
v -0.049805 -0.092773 -0.375977
v -0.071289 -0.075195 -0.366211
v -0.049805 -0.092773 -0.375977
v -0.053711 -0.086914 -0.366211
v -0.071289 -0.075195 -0.366211
v -0.053711 -0.086914 -0.366211
v -0.053711 -0.077148 -0.366211
v -0.071289 -0.075195 -0.366211
v -0.110352 -0.073242 -0.368164
v -0.145508 -0.075195 -0.366211
v -0.118164 -0.096680 -0.397461
v -0.145508 -0.075195 -0.366211
v -0.149414 -0.096680 -0.393555
v -0.118164 -0.096680 -0.397461
v -0.145508 -0.075195 -0.366211
v -0.163086 -0.094727 -0.385742
v -0.149414 -0.096680 -0.393555
v -0.145508 -0.075195 -0.366211
v -0.166992 -0.092773 -0.375977
v -0.163086 -0.094727 -0.385742
v -0.145508 -0.075195 -0.366211
v -0.163086 -0.086914 -0.366211
v -0.166992 -0.092773 -0.375977
v -0.145508 -0.075195 -0.366211
v -0.157227 -0.073242 -0.366211
v -0.163086 -0.086914 -0.366211
v -0.157227 -0.073242 -0.366211
v -0.165039 -0.077148 -0.368164
v -0.163086 -0.086914 -0.366211
v -0.184570 -0.094727 -0.389648
v -0.204102 -0.084961 -0.366211
v -0.196289 -0.092773 -0.393555
v -0.204102 -0.084961 -0.366211
v -0.208008 -0.094727 -0.395508
v -0.196289 -0.092773 -0.393555
v -0.184570 -0.094727 -0.389648
v -0.178711 -0.094727 -0.377930
v -0.204102 -0.084961 -0.366211
v -0.178711 -0.094727 -0.377930
v -0.184570 -0.083008 -0.368164
v -0.204102 -0.084961 -0.366211
v -0.204102 -0.084961 -0.366211
v -0.231445 -0.081055 -0.368164
v -0.208008 -0.094727 -0.395508
v -0.231445 -0.081055 -0.368164
v -0.235352 -0.096680 -0.397461
v -0.208008 -0.094727 -0.395508
v -0.231445 -0.081055 -0.368164
v -0.268555 -0.075195 -0.366211
v -0.235352 -0.096680 -0.397461
v -0.268555 -0.075195 -0.366211
v -0.274414 -0.096680 -0.393555
v -0.235352 -0.096680 -0.397461
v -0.268555 -0.075195 -0.366211
v -0.288086 -0.077148 -0.368164
v -0.274414 -0.096680 -0.393555
v -0.288086 -0.077148 -0.368164
v -0.293945 -0.094727 -0.385742
v -0.274414 -0.096680 -0.393555
v -0.288086 -0.077148 -0.368164
v -0.297852 -0.092773 -0.375977
v -0.293945 -0.094727 -0.385742
v -0.288086 -0.077148 -0.368164
v -0.288086 -0.086914 -0.366211
v -0.297852 -0.092773 -0.375977
v -0.172852 0.172852 -0.377930
v -0.184570 0.168945 -0.309570
v -0.186523 0.172852 -0.379883
v -0.172852 0.172852 -0.377930
v -0.159180 0.172852 -0.379883
v -0.184570 0.168945 -0.309570
v -0.159180 0.172852 -0.379883
v -0.161133 0.168945 -0.309570
v -0.184570 0.168945 -0.309570
v -0.161133 0.168945 -0.309570
v -0.182617 0.166992 -0.040039
v -0.184570 0.168945 -0.309570
v -0.161133 0.168945 -0.309570
v -0.163086 0.166992 -0.040039
v -0.182617 0.166992 -0.040039
v -0.163086 0.166992 -0.040039
v -0.186523 0.186523 -0.040039
v -0.182617 0.166992 -0.040039
v -0.163086 0.166992 -0.040039
v -0.157227 0.186523 -0.040039
v -0.186523 0.186523 -0.040039
v -0.157227 0.186523 -0.040039
v -0.163086 0.196289 -0.040039
v -0.186523 0.186523 -0.040039
v -0.163086 0.196289 -0.040039
v -0.172852 0.200195 -0.040039
v -0.186523 0.186523 -0.040039
v -0.172852 0.200195 -0.040039
v -0.182617 0.196289 -0.040039
v -0.186523 0.186523 -0.040039
v 0.100586 -0.469727 0.196289
v 0.114258 -0.469727 0.213867
v 0.092773 -0.448242 0.200195
v 0.114258 -0.469727 0.213867
v 0.088867 -0.448242 0.219727
v 0.092773 -0.448242 0.200195
v 0.114258 -0.469727 0.213867
v 0.120117 -0.471680 0.229492
v 0.088867 -0.448242 0.219727
v 0.120117 -0.471680 0.229492
v 0.090820 -0.444336 0.249023
v 0.088867 -0.448242 0.219727
v 0.120117 -0.471680 0.229492
v 0.120117 -0.471680 0.249023
v 0.090820 -0.444336 0.249023
v 0.120117 -0.471680 0.249023
v 0.084961 -0.448242 0.291992
v 0.090820 -0.444336 0.249023
v 0.120117 -0.471680 0.249023
v 0.116211 -0.471680 0.295898
v 0.084961 -0.448242 0.291992
v 0.116211 -0.471680 0.295898
v 0.086914 -0.452148 0.311523
v 0.084961 -0.448242 0.291992
v 0.116211 -0.471680 0.295898
v 0.092773 -0.463867 0.319336
v 0.086914 -0.452148 0.311523
v 0.116211 -0.471680 0.295898
v 0.108398 -0.467773 0.317383
v 0.092773 -0.463867 0.319336
v 0.065430 -0.143555 0.118164
v 0.065430 -0.141602 0.114258
v 0.063477 -0.141602 0.120117
v 0.065430 -0.141602 0.114258
v 0.075195 -0.114258 0.116211
v 0.063477 -0.141602 0.120117
v 0.075195 -0.114258 0.116211
v 0.073242 -0.114258 0.125977
v 0.063477 -0.141602 0.120117
v 0.075195 -0.114258 0.116211
v 0.081055 -0.100586 0.127930
v 0.073242 -0.114258 0.125977
v 0.075195 -0.114258 0.116211
v 0.083008 -0.100586 0.116211
v 0.081055 -0.100586 0.127930
v 0.083008 -0.100586 0.116211
v 0.090820 -0.092773 0.124023
v 0.081055 -0.100586 0.127930
v 0.083008 -0.100586 0.116211
v 0.104492 -0.084961 0.120117
v 0.090820 -0.092773 0.124023
v 0.083008 -0.100586 0.116211
v 0.090820 -0.092773 0.118164
v 0.104492 -0.084961 0.120117
v 0.090820 -0.092773 0.124023
v 0.102539 -0.084961 0.131836
v 0.081055 -0.100586 0.127930
v 0.102539 -0.084961 0.131836
v 0.088867 -0.092773 0.129883
v 0.081055 -0.100586 0.127930
v 0.063477 -0.137695 0.110352
v 0.061523 -0.106445 0.116211
v 0.065430 -0.106445 0.108398
v 0.063477 -0.137695 0.110352
v 0.061523 -0.137695 0.114258
v 0.061523 -0.106445 0.116211
v 0.061523 -0.137695 0.114258
v 0.059570 -0.137695 0.116211
v 0.061523 -0.106445 0.116211
v 0.061523 -0.106445 0.116211
v 0.055664 -0.088867 0.112305
v 0.065430 -0.106445 0.108398
v 0.055664 -0.088867 0.112305
v 0.061523 -0.090820 0.102539
v 0.065430 -0.106445 0.108398
v 0.055664 -0.088867 0.112305
v 0.053711 -0.077148 0.094727
v 0.061523 -0.090820 0.102539
v 0.055664 -0.088867 0.112305
v 0.047852 -0.075195 0.106445
v 0.053711 -0.077148 0.094727
v 0.047852 -0.075195 0.106445
v 0.038086 -0.065430 0.096680
v 0.053711 -0.077148 0.094727
v 0.038086 -0.065430 0.096680
v 0.043945 -0.065430 0.084961
v 0.053711 -0.077148 0.094727
v 0.038086 -0.065430 0.096680
v 0.051758 -0.077148 0.100586
v 0.043945 -0.065430 0.084961
v 0.059570 -0.135742 0.114258
v 0.069336 -0.110352 0.129883
v 0.063477 -0.108398 0.124023
v 0.059570 -0.135742 0.114258
v 0.061523 -0.137695 0.118164
v 0.069336 -0.110352 0.129883
v 0.069336 -0.110352 0.129883
v 0.065430 -0.092773 0.131836
v 0.063477 -0.108398 0.124023
v 0.069336 -0.110352 0.129883
v 0.071289 -0.096680 0.139648
v 0.065430 -0.092773 0.131836
v 0.071289 -0.096680 0.139648
v 0.061523 -0.083008 0.143555
v 0.065430 -0.092773 0.131836
v 0.071289 -0.096680 0.139648
v 0.059570 -0.075195 0.157227
v 0.061523 -0.083008 0.143555
v 0.071289 -0.096680 0.139648
v 0.065430 -0.086914 0.147461
v 0.059570 -0.075195 0.157227
v 0.071289 -0.096680 0.139648
v 0.067383 -0.079102 0.163086
v 0.065430 -0.086914 0.147461
v 0.071289 -0.096680 0.139648
v 0.071289 -0.088867 0.149414
v 0.067383 -0.079102 0.163086
v 0.083008 -0.122070 0.057617
v 0.040039 -0.122070 0.073242
v 0.065430 -0.122070 0.049805
v 0.040039 -0.122070 0.073242
v 0.047852 -0.122070 0.055664
v 0.065430 -0.122070 0.049805
v 0.083008 -0.122070 0.057617
v 0.088867 -0.122070 0.075195
v 0.040039 -0.122070 0.073242
v 0.088867 -0.122070 0.075195
v 0.045898 -0.122070 0.090820
v 0.040039 -0.122070 0.073242
v 0.088867 -0.122070 0.075195
v 0.063477 -0.122070 0.098633
v 0.045898 -0.122070 0.090820
v 0.088867 -0.122070 0.075195
v 0.081055 -0.122070 0.092773
v 0.063477 -0.122070 0.098633
v 0.067383 -0.084961 0.092773
v 0.067383 -0.077148 0.079102
v 0.057617 -0.077148 0.081055
v 0.067383 -0.077148 0.079102
v 0.061523 -0.084961 0.094727
v 0.057617 -0.077148 0.081055
v 0.067383 -0.077148 0.079102
v 0.071289 -0.084961 0.090820
v 0.061523 -0.084961 0.094727
v 0.071289 -0.084961 0.090820
v 0.065430 -0.096680 0.104492
v 0.061523 -0.084961 0.094727
v 0.071289 -0.084961 0.090820
v 0.077148 -0.096680 0.100586
v 0.065430 -0.096680 0.104492
v 0.077148 -0.096680 0.100586
v 0.069336 -0.106445 0.106445
v 0.065430 -0.096680 0.104492
v 0.077148 -0.096680 0.100586
v 0.077148 -0.106445 0.104492
v 0.069336 -0.106445 0.106445
v 0.077148 -0.106445 0.104492
v 0.073242 -0.118164 0.112305
v 0.069336 -0.106445 0.106445
v 0.073242 -0.118164 0.112305
v 0.073242 -0.120117 0.116211
v 0.069336 -0.106445 0.106445
v 0.073242 -0.118164 0.112305
v 0.073242 -0.118164 0.114258
v 0.073242 -0.120117 0.116211
v 0.069336 -0.118164 0.116211
v 0.075195 -0.096680 0.125977
v 0.071289 -0.092773 0.114258
v 0.069336 -0.118164 0.116211
v 0.069336 -0.120117 0.120117
v 0.075195 -0.096680 0.125977
v 0.069336 -0.118164 0.116211
v 0.067383 -0.118164 0.118164
v 0.069336 -0.120117 0.120117
v 0.075195 -0.096680 0.125977
v 0.075195 -0.075195 0.137695
v 0.071289 -0.092773 0.114258
v 0.075195 -0.075195 0.137695
v 0.069336 -0.069336 0.116211
v 0.071289 -0.092773 0.114258
v 0.075195 -0.075195 0.137695
v 0.061523 -0.053711 0.125977
v 0.069336 -0.069336 0.116211
v 0.075195 -0.075195 0.137695
v 0.069336 -0.059570 0.145508
v 0.061523 -0.053711 0.125977
v 0.069336 -0.059570 0.145508
v 0.049805 -0.036133 0.139648
v 0.061523 -0.053711 0.125977
v 0.069336 -0.059570 0.145508
v 0.055664 -0.041992 0.157227
v 0.049805 -0.036133 0.139648
v 0.055664 -0.041992 0.157227
v 0.065430 -0.055664 0.135742
v 0.049805 -0.036133 0.139648
v 0.073242 -0.124023 0.122070
v 0.075195 -0.124023 0.120117
v 0.073242 -0.114258 0.129883
v 0.075195 -0.124023 0.120117
v 0.081055 -0.118164 0.129883
v 0.073242 -0.114258 0.129883
v 0.081055 -0.118164 0.129883
v 0.084961 -0.106445 0.137695
v 0.073242 -0.114258 0.129883
v 0.084961 -0.106445 0.137695
v 0.075195 -0.100586 0.137695
v 0.073242 -0.114258 0.129883
v 0.084961 -0.106445 0.137695
v 0.077148 -0.096680 0.143555
v 0.075195 -0.100586 0.137695
v 0.084961 -0.106445 0.137695
v 0.079102 -0.090820 0.157227
v 0.077148 -0.096680 0.143555
v 0.084961 -0.106445 0.137695
v 0.083008 -0.098633 0.145508
v 0.079102 -0.090820 0.157227
v 0.084961 -0.106445 0.137695
v 0.088867 -0.094727 0.155273
v 0.083008 -0.098633 0.145508
v 0.084961 -0.106445 0.137695
v 0.086914 -0.102539 0.143555
v 0.088867 -0.094727 0.155273
v -0.002930 -0.456055 0.405273
v -0.014648 -0.471680 0.430664
v -0.022461 -0.450195 0.405273
v -0.002930 -0.456055 0.405273
v 0.002930 -0.471680 0.413086
v -0.014648 -0.471680 0.430664
v -0.014648 -0.471680 0.430664
v -0.030273 -0.473633 0.438477
v -0.022461 -0.450195 0.405273
v -0.030273 -0.473633 0.438477
v -0.051758 -0.446289 0.409180
v -0.022461 -0.450195 0.405273
v -0.030273 -0.473633 0.438477
v -0.051758 -0.473633 0.438477
v -0.051758 -0.446289 0.409180
v -0.051758 -0.473633 0.438477
v -0.096680 -0.450195 0.405273
v -0.051758 -0.446289 0.409180
v -0.051758 -0.473633 0.438477
v -0.100586 -0.473633 0.436523
v -0.096680 -0.450195 0.405273
v -0.100586 -0.473633 0.436523
v -0.120117 -0.454102 0.407227
v -0.096680 -0.450195 0.405273
v -0.100586 -0.473633 0.436523
v -0.125977 -0.469727 0.424805
v -0.120117 -0.454102 0.407227
v -0.125977 -0.469727 0.424805
v -0.127930 -0.467773 0.413086
v -0.120117 -0.454102 0.407227
v 0.038086 0.028320 0.112305
v 0.038086 0.026367 0.120117
v 0.038086 0.038086 0.108398
v 0.038086 0.026367 0.120117
v 0.038086 0.045898 0.112305
v 0.038086 0.038086 0.108398
v 0.038086 0.026367 0.120117
v 0.038086 0.049805 0.120117
v 0.038086 0.045898 0.112305
v 0.038086 0.026367 0.120117
v 0.038086 0.045898 0.127930
v 0.038086 0.049805 0.120117
v 0.038086 0.026367 0.120117
v 0.038086 0.038086 0.131836
v 0.038086 0.045898 0.127930
v 0.038086 0.026367 0.120117
v 0.038086 0.028320 0.127930
v 0.038086 0.038086 0.131836
v -0.221680 -0.465820 0.190430
v -0.213867 -0.454102 0.200195
v -0.235352 -0.469727 0.194336
v -0.213867 -0.454102 0.200195
v -0.243164 -0.473633 0.217773
v -0.235352 -0.469727 0.194336
v -0.213867 -0.454102 0.200195
v -0.211914 -0.450195 0.219727
v -0.243164 -0.473633 0.217773
v -0.211914 -0.450195 0.219727
v -0.245117 -0.473633 0.266602
v -0.243164 -0.473633 0.217773
v -0.211914 -0.450195 0.219727
v -0.213867 -0.446289 0.264648
v -0.245117 -0.473633 0.266602
v -0.213867 -0.446289 0.264648
v -0.243164 -0.473633 0.286133
v -0.245117 -0.473633 0.266602
v -0.213867 -0.446289 0.264648
v -0.209961 -0.450195 0.293945
v -0.243164 -0.473633 0.286133
v -0.209961 -0.450195 0.293945
v -0.235352 -0.471680 0.303711
v -0.243164 -0.473633 0.286133
v -0.209961 -0.450195 0.293945
v -0.209961 -0.456055 0.313477
v -0.235352 -0.471680 0.303711
v -0.209961 -0.456055 0.313477
v -0.217773 -0.471680 0.317383
v -0.235352 -0.471680 0.303711
vt 0.301046 0.305228
vt 0.300759 0.307755
vt 0.586761 0.306981
vt 0.275535 0.302545
vt 0.586723 0.304455
vt 0.586724 0.301640
vt 0.586724 0.301640
vt 0.275536 0.299730
vt 0.275535 0.302545
vt 0.586475 0.309508
vt 0.586761 0.306981
vt 0.300759 0.307755
vt 0.327017 0.587599
vt 0.004320 0.292792
vt 0.002525 0.585608
vt 0.754793 0.774836
vt 0.754793 0.755129
vt 0.749970 0.755117
vt 0.958655 0.541333
vt 0.953745 0.541327
vt 0.958655 0.561041
vt 0.749970 0.755117
vt 0.749970 0.774825
vt 0.754793 0.774836
vt 0.600065 0.694236
vt 0.600065 0.712673
vt 0.604846 0.711525
vt 0.604846 0.711525
vt 0.604846 0.693723
vt 0.600065 0.694236
vt 0.529358 0.708573
vt 0.534084 0.709303
vt 0.529358 0.688867
vt 0.953745 0.561035
vt 0.958655 0.561041
vt 0.953745 0.541327
vt 0.105012 0.193753
vt 0.107828 0.151666
vt 0.105012 0.151669
vt 0.111474 0.170165
vt 0.112882 0.170165
vt 0.112882 0.127932
vt 0.112882 0.127932
vt 0.111474 0.127932
vt 0.111474 0.170165
vt 0.130007 0.185329
vt 0.131415 0.143096
vt 0.130007 0.143096
vt 0.107828 0.151666
vt 0.105012 0.193753
vt 0.107828 0.193750
vt 0.541664 0.926372
vt 0.544192 0.926643
vt 0.541664 0.885163
vt 0.131415 0.143096
vt 0.130007 0.185329
vt 0.131415 0.185329
vt 0.544192 0.885434
vt 0.541664 0.885163
vt 0.544192 0.926643
vt 0.534084 0.688894
vt 0.529358 0.688867
vt 0.534084 0.709303
vt 0.783435 0.486909
vt 0.783435 0.427781
vt 0.781323 0.427781
vt 0.294841 0.602564
vt 0.292730 0.602569
vt 0.294841 0.660439
vt 0.781323 0.427781
vt 0.781323 0.486909
vt 0.783435 0.486909
vt 0.841977 0.468376
vt 0.844088 0.411661
vt 0.841977 0.411673
vt 0.741315 0.680503
vt 0.739203 0.680503
vt 0.741315 0.739630
vt 0.292730 0.660444
vt 0.294841 0.660439
vt 0.292730 0.602569
vt 0.844088 0.411661
vt 0.841977 0.468376
vt 0.844088 0.468364
vt 0.739203 0.739630
vt 0.741315 0.739630
vt 0.739203 0.680503
vt 0.360426 0.874782
vt 0.362233 0.761392
vt 0.296053 0.761392
vt 0.296053 0.761392
vt 0.298498 0.876099
vt 0.360426 0.874782
vt 0.498276 0.901371
vt 0.500387 0.901371
vt 0.500387 0.859137
vt 0.188549 0.193753
vt 0.192068 0.151665
vt 0.188549 0.151669
vt 0.500387 0.859137
vt 0.498276 0.859137
vt 0.498276 0.901371
vt 0.911689 0.547223
vt 0.914850 0.547562
vt 0.914850 0.506352
vt 0.914850 0.506352
vt 0.911689 0.506013
vt 0.911689 0.547223
vt 0.151632 0.121306
vt 0.151633 0.079073
vt 0.149521 0.079073
vt 0.192068 0.151665
vt 0.188549 0.193753
vt 0.192068 0.193749
vt 0.149521 0.079073
vt 0.149521 0.121306
vt 0.151632 0.121306
vt 0.618324 0.822185
vt 0.618324 0.763058
vt 0.616212 0.763058
vt 0.215655 0.590770
vt 0.213544 0.590775
vt 0.215655 0.648645
vt 0.616212 0.763058
vt 0.616212 0.822185
vt 0.618324 0.822185
vt 0.884097 0.732891
vt 0.886208 0.676175
vt 0.884097 0.676187
vt 0.699195 0.643437
vt 0.697083 0.643437
vt 0.699195 0.702564
vt 0.213544 0.648650
vt 0.215655 0.648645
vt 0.213544 0.590775
vt 0.886208 0.676175
vt 0.884097 0.732891
vt 0.886208 0.732879
vt 0.697083 0.702564
vt 0.699195 0.702564
vt 0.697083 0.643437
vt 0.960339 0.418342
vt 0.955430 0.418337
vt 0.960339 0.438050
vt 0.712905 0.578219
vt 0.712905 0.597927
vt 0.717727 0.597938
vt 0.717727 0.597938
vt 0.717727 0.578230
vt 0.712905 0.578219
vt 0.955430 0.438044
vt 0.960339 0.438050
vt 0.955430 0.418337
vt 0.219025 0.210601
vt 0.214300 0.190165
vt 0.214300 0.209870
vt 0.751461 0.778380
vt 0.754793 0.774836
vt 0.749970 0.774825
vt 0.993802 0.468029
vt 0.998159 0.468029
vt 0.995569 0.463786
vt 0.604846 0.693723
vt 0.601431 0.689665
vt 0.600065 0.694236
vt 0.998493 0.284895
vt 0.995933 0.281113
vt 0.993802 0.284895
vt 0.998398 0.312862
vt 0.993802 0.312862
vt 0.996321 0.317360
vt 0.712905 0.597927
vt 0.715228 0.601476
vt 0.717727 0.597938
vt 0.993802 0.165725
vt 0.998710 0.165725
vt 0.995529 0.161741
vt 0.214300 0.190165
vt 0.219025 0.210601
vt 0.219025 0.190191
vt 0.814035 0.289882
vt 0.818816 0.289370
vt 0.816255 0.285531
vt 0.318428 0.938947
vt 0.312116 0.938236
vt 0.312116 0.958648
vt 0.904189 0.818706
vt 0.904189 0.839033
vt 0.909392 0.838276
vt 0.312116 0.958648
vt 0.318428 0.958655
vt 0.318428 0.938947
vt 0.909392 0.838276
vt 0.909795 0.818620
vt 0.904189 0.818706
vt 0.044146 0.874415
vt 0.049869 0.874377
vt 0.050544 0.853971
vt 0.050544 0.853971
vt 0.044146 0.854005
vt 0.044146 0.874415
vt 0.951359 0.705928
vt 0.956970 0.705934
vt 0.956970 0.686226
vt 0.225361 0.883766
vt 0.225764 0.864109
vt 0.220158 0.864196
vt 0.956970 0.686226
vt 0.951359 0.685516
vt 0.951359 0.705928
vt 0.220158 0.864196
vt 0.220158 0.884523
vt 0.225361 0.883766
vt 0.622163 0.986006
vt 0.618141 0.988995
vt 0.622163 0.991916
vt 0.909795 0.818620
vt 0.906349 0.815040
vt 0.904189 0.818706
vt 0.047169 0.850433
vt 0.044146 0.854005
vt 0.050544 0.853971
vt 0.998773 0.061903
vt 0.995686 0.057652
vt 0.993802 0.061903
vt 0.225764 0.864109
vt 0.222317 0.860530
vt 0.220158 0.864196
vt 0.800596 0.431535
vt 0.803653 0.432268
vt 0.803653 0.418662
vt 0.814574 0.207995
vt 0.814921 0.220381
vt 0.817933 0.219841
vt 0.541650 0.869716
vt 0.544192 0.869352
vt 0.543402 0.857135
vt 0.792407 0.858291
vt 0.795229 0.859251
vt 0.795229 0.848219
vt 0.803653 0.432268
vt 0.800596 0.431535
vt 0.802338 0.443104
vt 0.814574 0.230750
vt 0.817933 0.219841
vt 0.814921 0.220381
vt 0.544192 0.869352
vt 0.541650 0.869716
vt 0.541306 0.877843
vt 0.841481 0.620151
vt 0.845177 0.621248
vt 0.847457 0.611228
vt 0.541306 0.877843
vt 0.544192 0.881154
vt 0.544192 0.869352
vt 0.982636 0.723341
vt 0.983340 0.725803
vt 0.990462 0.723341
vt 0.817933 0.219841
vt 0.814574 0.230750
vt 0.818816 0.230818
vt 0.618271 0.522012
vt 0.618271 0.532399
vt 0.621693 0.529328
vt 0.990846 0.482682
vt 0.982636 0.482682
vt 0.982814 0.484246
vt 0.365603 0.787734
vt 0.364203 0.787881
vt 0.364203 0.800283
vt 0.982814 0.484246
vt 0.991024 0.484246
vt 0.990846 0.482682
vt 0.364203 0.800283
vt 0.365603 0.800135
vt 0.365603 0.787734
vt 0.970448 0.752232
vt 0.962686 0.752217
vt 0.962686 0.764887
vt 0.962686 0.764887
vt 0.970448 0.764902
vt 0.970448 0.752232
vt 0.814035 0.289882
vt 0.814035 0.308320
vt 0.818816 0.307171
vt 0.818816 0.307171
vt 0.818816 0.289370
vt 0.814035 0.289882
vt 0.045623 0.173410
vt 0.047175 0.162371
vt 0.045623 0.162246
vt 0.047175 0.162371
vt 0.045623 0.173410
vt 0.047175 0.173535
vt 0.990347 0.641772
vt 0.990709 0.640308
vt 0.982998 0.640308
vt 0.982998 0.640308
vt 0.982636 0.641772
vt 0.990347 0.641772
vt 0.716043 0.685548
vt 0.716043 0.665840
vt 0.711220 0.665828
vt 0.960339 0.505952
vt 0.955430 0.505947
vt 0.960339 0.525660
vt 0.711220 0.665828
vt 0.711220 0.685536
vt 0.716043 0.685548
vt 0.790448 0.808802
vt 0.790448 0.827240
vt 0.795229 0.826092
vt 0.795229 0.826092
vt 0.795229 0.808290
vt 0.790448 0.808802
vt 0.384465 0.442374
vt 0.389190 0.443104
vt 0.384465 0.422668
vt 0.955430 0.525654
vt 0.960339 0.525660
vt 0.955430 0.505947
vt 0.389190 0.422695
vt 0.384465 0.422668
vt 0.389190 0.443104
vt 0.713543 0.689086
vt 0.716043 0.685548
vt 0.711220 0.685536
vt 0.993802 0.130772
vt 0.995729 0.134945
vt 0.998756 0.130772
vt 0.795229 0.808290
vt 0.792668 0.804451
vt 0.790448 0.808802
vt 0.993802 0.399338
vt 0.998305 0.397386
vt 0.993802 0.394997
vt 0.865990 0.931606
vt 0.861725 0.931760
vt 0.865941 0.952040
vt 0.841481 0.620151
vt 0.843195 0.641911
vt 0.847457 0.641549
vt 0.847457 0.641549
vt 0.845177 0.621248
vt 0.841481 0.620151
vt 0.736721 0.554006
vt 0.732521 0.554655
vt 0.735684 0.574818
vt 0.861725 0.953600
vt 0.865941 0.952040
vt 0.861725 0.931760
vt 0.736721 0.554006
vt 0.735684 0.574818
vt 0.739630 0.575617
vt 0.330454 0.899674
vt 0.333592 0.879554
vt 0.329838 0.878831
vt 0.329838 0.878831
vt 0.327039 0.900455
vt 0.330454 0.899674
vt 0.333592 0.911480
vt 0.330454 0.899674
vt 0.327039 0.900455
vt 0.315059 0.310909
vt 0.311513 0.314211
vt 0.315037 0.322051
vt 0.599988 0.579256
vt 0.598217 0.590953
vt 0.601476 0.591993
vt 0.735068 0.586229
vt 0.739630 0.575617
vt 0.735684 0.574818
vt 0.336504 0.326990
vt 0.340331 0.319187
vt 0.335811 0.316120
vt 0.735068 0.586229
vt 0.737846 0.586521
vt 0.739630 0.575617
vt 0.967079 0.574519
vt 0.967079 0.562952
vt 0.964859 0.563121
vt 0.901371 0.919378
vt 0.899268 0.919528
vt 0.899268 0.936752
vt 0.964859 0.563121
vt 0.964177 0.574517
vt 0.967079 0.574519
vt 0.899268 0.936752
vt 0.901371 0.936603
vt 0.901371 0.919378
vt 0.918219 0.951166
vt 0.906938 0.951151
vt 0.906938 0.968748
vt 0.906938 0.968748
vt 0.918219 0.968764
vt 0.918219 0.951166
vt 0.110053 0.195254
vt 0.112882 0.178561
vt 0.110053 0.178378
vt 0.112882 0.178561
vt 0.110053 0.195254
vt 0.112882 0.195437
vt 0.804972 0.505011
vt 0.807022 0.505442
vt 0.807022 0.494429
vt 0.807022 0.494429
vt 0.804341 0.494078
vt 0.804972 0.505011
vt 0.960339 0.942317
vt 0.955430 0.942311
vt 0.960339 0.962024
vt 0.600023 0.736584
vt 0.600023 0.756292
vt 0.604846 0.756304
vt 0.604846 0.756304
vt 0.604846 0.736596
vt 0.600023 0.736584
vt 0.955430 0.962019
vt 0.960339 0.962024
vt 0.955430 0.942311
vt 0.522290 0.673922
vt 0.517565 0.653486
vt 0.517565 0.673192
vt 0.995569 0.470108
vt 0.993802 0.474351
vt 0.998159 0.474351
vt 0.601513 0.759848
vt 0.604846 0.756304
vt 0.600023 0.756292
vt 0.517565 0.653486
vt 0.522290 0.673922
vt 0.522290 0.653513
vt 0.998143 0.483867
vt 0.995840 0.479780
vt 0.993802 0.483867
vt 0.694140 0.658750
vt 0.694140 0.635523
vt 0.691096 0.635532
vt 0.207231 0.637201
vt 0.205008 0.637217
vt 0.207231 0.660428
vt 0.691096 0.635532
vt 0.691096 0.658759
vt 0.694140 0.658750
vt 0.693139 0.173874
vt 0.693139 0.197045
vt 0.695825 0.197122
vt 0.695825 0.197122
vt 0.695825 0.173951
vt 0.693139 0.173874
vt 0.722782 0.394606
vt 0.720557 0.417832
vt 0.722782 0.417831
vt 0.205008 0.660444
vt 0.207231 0.660428
vt 0.205008 0.637217
vt 0.720557 0.417832
vt 0.722782 0.394606
vt 0.720557 0.394607
vt 0.028578 0.956533
vt 0.035444 0.956553
vt 0.037066 0.950027
vt 0.031173 0.965394
vt 0.035444 0.956553
vt 0.028578 0.956533
vt 0.555419 0.941572
vt 0.562838 0.941658
vt 0.564410 0.929683
vt 0.709735 0.456171
vt 0.710802 0.468157
vt 0.719412 0.456171
vt 0.028578 0.956533
vt 0.037066 0.950027
vt 0.031173 0.947484
vt 0.564410 0.929683
vt 0.555589 0.929589
vt 0.555419 0.941572
vt 0.585676 0.952737
vt 0.578775 0.952069
vt 0.573656 0.956744
vt 0.572988 0.963644
vt 0.585676 0.952737
vt 0.573656 0.956744
vt 0.035444 0.956553
vt 0.031173 0.965394
vt 0.037066 0.962962
vt 0.382777 0.974073
vt 0.381021 0.977432
vt 0.385992 0.977813
vt 0.385992 0.977813
vt 0.381021 0.977432
vt 0.382243 0.981020
vt 0.385831 0.973309
vt 0.382777 0.974073
vt 0.385992 0.977813
vt 0.385992 0.977813
vt 0.382243 0.981020
vt 0.385144 0.982242
vt 0.385992 0.977813
vt 0.385144 0.982242
vt 0.389190 0.981555
vt 0.389190 0.975065
vt 0.385831 0.973309
vt 0.385992 0.977813
vt 0.967193 0.881280
vt 0.971160 0.881304
vt 0.972133 0.877787
vt 0.972133 0.884751
vt 0.971160 0.881304
vt 0.967193 0.881280
vt 0.205369 0.976230
vt 0.205393 0.971439
vt 0.201170 0.971439
vt 0.849130 0.646433
vt 0.844907 0.646433
vt 0.849142 0.651688
vt 0.967193 0.881280
vt 0.972133 0.877787
vt 0.968491 0.876258
vt 0.201170 0.971439
vt 0.201137 0.976171
vt 0.205369 0.976230
vt 0.967193 0.881280
vt 0.968491 0.886208
vt 0.972133 0.884751
vt 0.247844 0.986591
vt 0.242817 0.986006
vt 0.242817 0.990039
vt 0.844911 0.651544
vt 0.849142 0.651688
vt 0.844907 0.646433
vt 0.841369 0.651112
vt 0.844911 0.651544
vt 0.844907 0.646433
vt 0.242817 0.990039
vt 0.245879 0.990767
vt 0.247844 0.986591
vt 0.247844 0.986591
vt 0.245879 0.990767
vt 0.248074 0.992512
vt 0.264515 0.972038
vt 0.263457 0.967729
vt 0.259790 0.969307
vt 0.260495 0.972180
vt 0.264515 0.972038
vt 0.259790 0.969307
vt 0.201160 0.980557
vt 0.205369 0.976230
vt 0.201137 0.976171
vt 0.205369 0.976230
vt 0.201160 0.980557
vt 0.205383 0.980557
vt 0.205369 0.976230
vt 0.205383 0.980557
vt 0.208916 0.976408
vt 0.987177 0.001039
vt 0.984375 0.001110
vt 0.982636 0.004515
vt 0.986840 0.004409
vt 0.987177 0.001039
vt 0.982636 0.004515
vt 0.982636 0.004515
vt 0.983158 0.008763
vt 0.986840 0.004409
vt 0.987177 0.001039
vt 0.986840 0.004409
vt 0.991500 0.003813
vt 0.987177 0.001039
vt 0.991500 0.003813
vt 0.991263 0.001110
vt 0.844886 0.655390
vt 0.849109 0.655390
vt 0.844911 0.651544
vt 0.841369 0.651112
vt 0.844886 0.655390
vt 0.844911 0.651544
vt 0.131415 0.824685
vt 0.122917 0.824685
vt 0.124780 0.836802
vt 0.719102 0.468151
vt 0.719412 0.456171
vt 0.710802 0.468157
vt 0.712960 0.480165
vt 0.719102 0.468151
vt 0.710802 0.468157
vt 0.124780 0.836802
vt 0.129818 0.836325
vt 0.131415 0.824685
vt 0.965394 0.263673
vt 0.963188 0.255550
vt 0.957212 0.258057
vt 0.957212 0.258057
vt 0.958798 0.264284
vt 0.965394 0.263673
vt 0.546875 0.929589
vt 0.555419 0.941572
vt 0.555589 0.929589
vt 0.585676 0.952737
vt 0.572988 0.963644
vt 0.589682 0.958079
vt 0.963302 0.272939
vt 0.965394 0.263673
vt 0.958798 0.264284
vt 0.958798 0.264284
vt 0.957212 0.270490
vt 0.963302 0.272939
vt 0.264515 0.972038
vt 0.260495 0.972180
vt 0.259790 0.975794
vt 0.587927 0.992015
vt 0.590967 0.988936
vt 0.587927 0.986006
vt 0.264515 0.972038
vt 0.259790 0.975794
vt 0.263590 0.977188
vt 0.915721 0.986006
vt 0.915701 0.991302
vt 0.919632 0.991302
vt 0.580769 0.986625
vt 0.575858 0.986006
vt 0.578910 0.990797
vt 0.578910 0.990797
vt 0.581008 0.991954
vt 0.580769 0.986625
vt 0.547407 0.941576
vt 0.554953 0.953600
vt 0.555419 0.941572
vt 0.555419 0.941572
vt 0.546875 0.929589
vt 0.547407 0.941576
vt 0.575858 0.990097
vt 0.578910 0.990797
vt 0.575858 0.986006
vt 0.118246 0.835664
vt 0.121306 0.830475
vt 0.118246 0.825125
vt 0.987591 0.856867
vt 0.990039 0.851175
vt 0.982636 0.851175
vt 0.490279 0.953600
vt 0.489652 0.941568
vt 0.482226 0.941546
vt 0.490279 0.953600
vt 0.482226 0.941546
vt 0.482434 0.953600
vt 0.572988 0.963644
vt 0.577662 0.968764
vt 0.589682 0.964757
vt 0.572988 0.963644
vt 0.589682 0.964757
vt 0.589682 0.958079
vt 0.584340 0.968764
vt 0.589682 0.964757
vt 0.577662 0.968764
vt 0.957624 0.487773
vt 0.963511 0.490279
vt 0.958754 0.481935
vt 0.986840 0.004409
vt 0.986795 0.008622
vt 0.991500 0.003813
vt 0.991030 0.008763
vt 0.991500 0.003813
vt 0.986795 0.008622
vt 0.242612 0.910170
vt 0.238320 0.907589
vt 0.238188 0.911480
vt 0.997530 0.625416
vt 0.993802 0.623387
vt 0.993802 0.625773
vt 0.486197 0.929269
vt 0.482226 0.941546
vt 0.489652 0.941568
vt 0.719102 0.468151
vt 0.712960 0.480165
vt 0.718071 0.480170
vt 0.238320 0.907589
vt 0.242612 0.910170
vt 0.242612 0.906953
vt 0.901371 0.963709
vt 0.901371 0.949391
vt 0.898144 0.951483
vt 0.482226 0.941546
vt 0.482558 0.929296
vt 0.474332 0.941049
vt 0.474332 0.941049
vt 0.482434 0.953600
vt 0.482226 0.941546
vt 0.562725 0.471221
vt 0.554621 0.476800
vt 0.561295 0.476800
vt 0.957624 0.475369
vt 0.958754 0.481935
vt 0.965394 0.481927
vt 0.957624 0.475369
vt 0.965394 0.481927
vt 0.963511 0.473051
vt 0.311513 0.314211
vt 0.312061 0.321828
vt 0.315037 0.322051
vt 0.336504 0.326990
vt 0.339394 0.326862
vt 0.340331 0.319187
vt 0.315059 0.336961
vt 0.315037 0.322051
vt 0.312061 0.321828
vt 0.339394 0.326862
vt 0.336504 0.326990
vt 0.335811 0.342016
vt 0.598217 0.608215
vt 0.601476 0.591993
vt 0.598217 0.590953
vt 0.737846 0.586521
vt 0.735068 0.586229
vt 0.732521 0.601476
vt 0.049159 0.989084
vt 0.047840 0.986225
vt 0.045199 0.989511
vt 0.045199 0.989511
vt 0.048500 0.992162
vt 0.049159 0.989084
vt 0.047840 0.986225
vt 0.045312 0.986006
vt 0.045199 0.989511
vt 0.042454 0.987325
vt 0.045199 0.989511
vt 0.045312 0.986006
vt 0.048500 0.992162
vt 0.045199 0.989511
vt 0.046081 0.992931
vt 0.042454 0.991832
vt 0.046081 0.992931
vt 0.045199 0.989511
vt 0.129818 0.836325
vt 0.124780 0.836802
vt 0.128801 0.840718
vt 0.435499 0.910887
vt 0.439734 0.912314
vt 0.438335 0.907384
vt 0.982636 0.404989
vt 0.986494 0.407210
vt 0.991112 0.404989
vt 0.547407 0.941576
vt 0.550626 0.953596
vt 0.554953 0.953600
vt 0.667183 0.960016
vt 0.659180 0.957412
vt 0.659180 0.970448
vt 0.563960 0.977188
vt 0.562371 0.967390
vt 0.556989 0.965638
vt 0.054399 0.860212
vt 0.056233 0.872730
vt 0.061161 0.872272
vt 0.061161 0.872272
vt 0.062457 0.859778
vt 0.054399 0.860212
vt 0.435499 0.916526
vt 0.438319 0.916535
vt 0.439734 0.912314
vt 0.439734 0.912314
vt 0.435499 0.910887
vt 0.435499 0.916526
vt 0.963709 0.551841
vt 0.960956 0.551841
vt 0.962228 0.566095
vt 0.985894 0.161147
vt 0.990276 0.160361
vt 0.982636 0.158113
vt 0.982636 0.158113
vt 0.990276 0.160361
vt 0.991449 0.158113
vt 0.554034 0.459244
vt 0.559888 0.447191
vt 0.555439 0.447191
vt 0.047057 0.229134
vt 0.055599 0.229134
vt 0.052093 0.217545
vt 0.752149 0.821614
vt 0.747708 0.821671
vt 0.753931 0.834406
vt 0.151633 0.141524
vt 0.151633 0.127510
vt 0.149567 0.129136
vt 0.559888 0.447191
vt 0.554034 0.459244
vt 0.562258 0.459240
vt 0.747708 0.821671
vt 0.745728 0.834415
vt 0.753931 0.834406
vt 0.563960 0.977188
vt 0.567780 0.965638
vt 0.562371 0.967390
vt 0.711529 0.739630
vt 0.717052 0.739605
vt 0.717727 0.719199
vt 0.717727 0.719199
vt 0.711529 0.719220
vt 0.711529 0.739630
vt 0.993809 0.907138
vt 0.993802 0.908489
vt 0.996617 0.908489
vt 0.996617 0.908489
vt 0.996624 0.907138
vt 0.993809 0.907138
vt 0.997320 0.756417
vt 0.997332 0.754392
vt 0.993813 0.754392
vt 0.993813 0.754392
vt 0.993802 0.756417
vt 0.997320 0.756417
vt 0.955102 0.144893
vt 0.960339 0.125286
vt 0.955102 0.124821
vt 0.714358 0.933213
vt 0.709448 0.952299
vt 0.714358 0.953600
vt 0.953044 0.053908
vt 0.958655 0.053914
vt 0.958655 0.034206
vt 0.958655 0.034206
vt 0.953044 0.033496
vt 0.953044 0.053908
vt 0.780875 0.756453
vt 0.781750 0.736035
vt 0.775352 0.756478
vt 0.240927 0.626748
vt 0.240927 0.591856
vt 0.233215 0.594153
vt 0.697507 0.395756
vt 0.689790 0.394136
vt 0.697510 0.438217
vt 0.233212 0.624837
vt 0.240927 0.626748
vt 0.233215 0.594153
vt 0.770038 0.897524
vt 0.734781 0.897524
vt 0.729650 0.929564
vt 0.689790 0.441419
vt 0.697510 0.438217
vt 0.689790 0.394136
vt 0.729650 0.929564
vt 0.775011 0.945176
vt 0.770038 0.897524
vt 0.717727 0.719199
vt 0.714352 0.715662
vt 0.711529 0.719220
vt 0.993802 0.348290
vt 0.998381 0.350219
vt 0.998381 0.346184
vt 0.996889 0.074562
vt 0.998773 0.070312
vt 0.993802 0.070312
vt 0.775352 0.736069
vt 0.781750 0.736035
vt 0.778175 0.732510
vt 0.775352 0.736069
vt 0.775352 0.756478
vt 0.781750 0.736035
vt 0.956269 0.659269
vt 0.950657 0.658558
vt 0.950657 0.678970
vt 0.146038 0.714286
vt 0.146473 0.734576
vt 0.151633 0.733562
vt 0.950657 0.678970
vt 0.956970 0.678977
vt 0.956269 0.659269
vt 0.151633 0.733562
vt 0.151633 0.713923
vt 0.146038 0.714286
vt 0.103115 0.842403
vt 0.108638 0.842378
vt 0.109512 0.821960
vt 0.109512 0.821960
vt 0.103115 0.821994
vt 0.103115 0.842403
vt 0.612040 0.986006
vt 0.612040 0.991916
vt 0.616062 0.989583
vt 0.151633 0.713923
vt 0.147445 0.710504
vt 0.146038 0.714286
vt 0.109512 0.821960
vt 0.105938 0.818435
vt 0.103115 0.821994
vt 0.279863 0.031743
vt 0.282591 0.035381
vt 0.283736 0.027708
vt 0.977188 0.492409
vt 0.971972 0.485437
vt 0.968373 0.487918
vt 0.140708 0.963470
vt 0.146189 0.963335
vt 0.146578 0.958740
vt 0.968373 0.487918
vt 0.968373 0.493107
vt 0.972711 0.495333
vt 0.141690 0.955860
vt 0.140708 0.963470
vt 0.146578 0.958740
vt 0.968373 0.487918
vt 0.972711 0.495333
vt 0.977188 0.492409
vt 0.282591 0.035381
vt 0.287216 0.034268
vt 0.283736 0.027708
vt 0.962248 0.849142
vt 0.962981 0.841695
vt 0.959949 0.844728
vt 0.977188 0.492409
vt 0.976675 0.487035
vt 0.971972 0.485437
vt 0.146189 0.963335
vt 0.140708 0.963470
vt 0.146578 0.967326
vt 0.260084 0.597016
vt 0.254332 0.594681
vt 0.254415 0.603734
vt 0.254415 0.603734
vt 0.254332 0.594681
vt 0.250553 0.599160
vt 0.250553 0.599160
vt 0.244162 0.601021
vt 0.254415 0.603734
vt 0.254415 0.603734
vt 0.244162 0.601021
vt 0.245038 0.606218
vt 0.254415 0.603734
vt 0.245038 0.606218
vt 0.249523 0.614333
vt 0.141298 0.970448
vt 0.146578 0.967326
vt 0.140708 0.963470
vt 0.249523 0.614333
vt 0.257764 0.611427
vt 0.254415 0.603734
vt 0.955285 0.888403
vt 0.949674 0.887693
vt 0.949674 0.908104
vt 0.933383 0.737945
vt 0.933383 0.717651
vt 0.928203 0.718553
vt 0.949674 0.908104
vt 0.955285 0.908110
vt 0.955285 0.888403
vt 0.840718 0.934898
vt 0.835808 0.953984
vt 0.840718 0.955285
vt 0.993802 0.795957
vt 0.997321 0.795957
vt 0.993805 0.794579
vt 0.665350 0.478485
vt 0.668868 0.443333
vt 0.665350 0.443407
vt 0.566095 0.549430
vt 0.564687 0.549430
vt 0.564687 0.584628
vt 0.564687 0.584628
vt 0.566095 0.584628
vt 0.566095 0.549430
vt 0.997324 0.794579
vt 0.993805 0.794579
vt 0.997321 0.795957
vt 0.541100 0.525659
vt 0.542508 0.490470
vt 0.541100 0.490470
vt 0.668868 0.443333
vt 0.665350 0.478485
vt 0.668868 0.478410
vt 0.183859 0.671841
vt 0.187013 0.672238
vt 0.187013 0.637823
vt 0.187013 0.637823
vt 0.183859 0.637426
vt 0.183859 0.671841
vt 0.542508 0.490470
vt 0.541100 0.525659
vt 0.542508 0.525660
vt 0.997321 0.792500
vt 0.993805 0.791122
vt 0.993802 0.792500
vt 0.867952 0.638542
vt 0.869360 0.638542
vt 0.869360 0.607572
vt 0.589533 0.244219
vt 0.593052 0.214130
vt 0.589533 0.214051
vt 0.869360 0.607572
vt 0.867952 0.608276
vt 0.867952 0.638542
vt 0.993805 0.791122
vt 0.997321 0.792500
vt 0.997324 0.791122
vt 0.760050 0.198535
vt 0.763217 0.198807
vt 0.760050 0.168375
vt 0.409408 0.877838
vt 0.408000 0.908111
vt 0.409408 0.908110
vt 0.593052 0.214130
vt 0.589533 0.244219
vt 0.593052 0.244297
vt 0.763217 0.168648
vt 0.760050 0.168375
vt 0.763217 0.198807
vt 0.408000 0.908111
vt 0.409408 0.877838
vt 0.408000 0.877135
vt 0.613269 0.775067
vt 0.605626 0.777574
vt 0.613269 0.805337
vt 0.797255 0.705934
vt 0.802778 0.705909
vt 0.803653 0.685491
vt 0.803653 0.685491
vt 0.797255 0.685524
vt 0.797255 0.705934
vt 0.605626 0.777574
vt 0.605579 0.805116
vt 0.613269 0.805337
vt 0.982636 0.536636
vt 0.982636 0.542308
vt 0.990737 0.540813
vt 0.990737 0.540813
vt 0.990627 0.537668
vt 0.982636 0.536636
vt 0.710667 0.393863
vt 0.711239 0.402369
vt 0.715918 0.394082
vt 0.190922 0.644852
vt 0.194538 0.645111
vt 0.195417 0.636671
vt 0.195417 0.636671
vt 0.190342 0.636308
vt 0.190922 0.644852
vt 0.663814 0.673003
vt 0.661131 0.673154
vt 0.663814 0.685716
vt 0.714969 0.402526
vt 0.715918 0.394082
vt 0.711239 0.402369
vt 0.714122 0.415186
vt 0.714969 0.402526
vt 0.711239 0.402369
vt 0.711239 0.402369
vt 0.711913 0.415092
vt 0.714122 0.415186
vt 0.190922 0.644852
vt 0.193459 0.657754
vt 0.194538 0.645111
vt 0.958655 0.194291
vt 0.956281 0.204672
vt 0.958655 0.205546
vt 0.998773 0.068233
vt 0.995686 0.063982
vt 0.993802 0.068233
vt 0.993802 0.150531
vt 0.998771 0.150531
vt 0.997205 0.146812
vt 0.270316 0.887604
vt 0.276247 0.884883
vt 0.270710 0.881608
vt 0.274557 0.891262
vt 0.276247 0.884883
vt 0.270316 0.887604
vt 0.977188 0.370021
vt 0.977055 0.364025
vt 0.972087 0.372342
vt 0.990547 0.626783
vt 0.989801 0.621712
vt 0.984280 0.620915
vt 0.984280 0.620915
vt 0.982636 0.626783
vt 0.990547 0.626783
vt 0.803653 0.685491
vt 0.800078 0.681966
vt 0.797255 0.685524
vt 0.274163 0.879225
vt 0.270710 0.881608
vt 0.276247 0.884883
vt 0.279678 0.880942
vt 0.274163 0.879225
vt 0.276247 0.884883
vt 0.372550 0.926539
vt 0.372887 0.921829
vt 0.366762 0.923592
vt 0.276247 0.884883
vt 0.274557 0.891262
vt 0.279678 0.889958
vt 0.366762 0.923592
vt 0.368531 0.929718
vt 0.372550 0.926539
vt 0.283632 0.986006
vt 0.279142 0.986156
vt 0.278444 0.992406
vt 0.283632 0.986006
vt 0.278444 0.992406
vt 0.284546 0.992406
vt 0.972087 0.362543
vt 0.972087 0.372342
vt 0.977055 0.364025
vt 0.258505 0.741023
vt 0.263143 0.744443
vt 0.260230 0.735145
vt 0.266972 0.741296
vt 0.260230 0.735145
vt 0.263143 0.744443
vt 0.263143 0.744443
vt 0.265141 0.748054
vt 0.266972 0.741296
vt 0.260230 0.735145
vt 0.266972 0.741296
vt 0.269265 0.738544
vt 0.260230 0.735145
vt 0.269265 0.738544
vt 0.265703 0.730726
vt 0.301528 0.010226
vt 0.297537 0.015396
vt 0.303265 0.015550
vt 0.265703 0.730726
vt 0.256360 0.731091
vt 0.260230 0.735145
vt 0.982636 0.688940
vt 0.982636 0.692329
vt 0.990485 0.689606
vt 0.370785 0.933354
vt 0.368531 0.929718
vt 0.363810 0.929373
vt 0.292320 0.023939
vt 0.287216 0.034268
vt 0.295362 0.031359
vt 0.283736 0.027708
vt 0.287216 0.034268
vt 0.292320 0.023939
vt 0.297537 0.015396
vt 0.288287 0.017622
vt 0.292320 0.023939
vt 0.292320 0.023939
vt 0.288287 0.017622
vt 0.283736 0.027708
vt 0.967079 0.847416
vt 0.967079 0.835305
vt 0.962981 0.841695
vt 0.962981 0.841695
vt 0.962248 0.849142
vt 0.967079 0.847416
vt 0.963709 0.803271
vt 0.963709 0.795594
vt 0.956647 0.800048
vt 0.956647 0.800048
vt 0.957244 0.812077
vt 0.963709 0.803271
vt 0.375838 0.928987
vt 0.372550 0.926539
vt 0.368531 0.929718
vt 0.368531 0.929718
vt 0.370785 0.933354
vt 0.375838 0.928987
vt 0.265141 0.748054
vt 0.269203 0.747198
vt 0.266972 0.741296
vt 0.190342 0.670230
vt 0.192500 0.670386
vt 0.193459 0.657754
vt 0.193459 0.657754
vt 0.192500 0.670386
vt 0.195437 0.657925
vt 0.191242 0.657602
vt 0.190342 0.670230
vt 0.193459 0.657754
vt 0.193459 0.657754
vt 0.190922 0.644852
vt 0.191242 0.657602
vt 0.377221 0.936032
vt 0.375838 0.928987
vt 0.370785 0.933354
vt 0.370785 0.933354
vt 0.367448 0.940053
vt 0.377221 0.936032
vt 0.385853 0.925612
vt 0.376934 0.922437
vt 0.375838 0.928987
vt 0.377221 0.936032
vt 0.385853 0.925612
vt 0.375838 0.928987
vt 0.195437 0.657925
vt 0.192500 0.670386
vt 0.194538 0.670553
vt 0.714122 0.415186
vt 0.711913 0.415092
vt 0.710667 0.427717
vt 0.713564 0.427843
vt 0.714122 0.415186
vt 0.710667 0.427717
vt 0.176905 0.892947
vt 0.176312 0.882331
vt 0.174367 0.892947
vt 0.948546 0.452615
vt 0.947143 0.452613
vt 0.948546 0.466691
vt 0.217340 0.835583
vt 0.203263 0.835616
vt 0.217340 0.905170
vt 0.947143 0.466690
vt 0.948546 0.466691
vt 0.947143 0.452613
vt 0.997320 0.789043
vt 0.997328 0.787693
vt 0.993809 0.787693
vt 0.993809 0.787693
vt 0.993802 0.789043
vt 0.997320 0.789043
vt 0.993802 0.859780
vt 0.993902 0.861342
vt 0.996908 0.861342
vt 0.996908 0.861342
vt 0.996807 0.859780
vt 0.993802 0.859780
vt 0.808707 0.781673
vt 0.807299 0.781673
vt 0.808707 0.862621
vt 0.203263 0.914850
vt 0.217340 0.905170
vt 0.203263 0.835616
vt 0.807299 0.862621
vt 0.808707 0.862621
vt 0.807299 0.781673
vt 0.955432 0.217293
vt 0.958561 0.217390
vt 0.960339 0.209090
vt 0.960339 0.209090
vt 0.955043 0.209090
vt 0.955432 0.217293
vt 0.955432 0.217293
vt 0.957042 0.229134
vt 0.958561 0.217390
vt 0.044598 0.974566
vt 0.048859 0.975908
vt 0.048782 0.971798
vt 0.983349 0.273759
vt 0.987299 0.275023
vt 0.982636 0.267670
vt 0.985610 0.354914
vt 0.991057 0.360276
vt 0.990519 0.355055
vt 0.982636 0.360276
vt 0.991057 0.360276
vt 0.985610 0.354914
vt 0.048782 0.971798
vt 0.044339 0.968972
vt 0.044598 0.974566
vt 0.048859 0.975908
vt 0.044598 0.974566
vt 0.046063 0.978872
vt 0.989018 0.270607
vt 0.982636 0.267670
vt 0.987299 0.275023
vt 0.402316 0.991213
vt 0.406817 0.986006
vt 0.402275 0.987054
vt 0.276308 0.739780
vt 0.269265 0.738544
vt 0.266972 0.741296
vt 0.027127 0.993050
vt 0.031915 0.987843
vt 0.027127 0.986006
vt 0.031915 0.987843
vt 0.027127 0.993050
vt 0.031633 0.992913
vt 0.044339 0.968972
vt 0.040077 0.971817
vt 0.044598 0.974566
vt 0.194759 0.986006
vt 0.192095 0.989272
vt 0.194759 0.992760
vt 0.816231 0.991560
vt 0.820682 0.991560
vt 0.817338 0.986006
vt 0.353411 0.958655
vt 0.351700 0.952518
vt 0.347813 0.957520
vt 0.385853 0.925612
vt 0.377221 0.936032
vt 0.388270 0.931470
vt 0.040077 0.976005
vt 0.044598 0.974566
vt 0.040077 0.971817
vt 0.044598 0.974566
vt 0.040077 0.976005
vt 0.042011 0.978560
vt 0.044598 0.974566
vt 0.042011 0.978560
vt 0.046063 0.978872
vt 0.966169 0.223622
vt 0.963343 0.226294
vt 0.964286 0.229134
vt 0.964286 0.229134
vt 0.968764 0.228633
vt 0.966169 0.223622
vt 0.962013 0.219854
vt 0.960070 0.224010
vt 0.963343 0.226294
vt 0.966169 0.223622
vt 0.962013 0.219854
vt 0.963343 0.226294
vt 0.968764 0.221656
vt 0.966169 0.223622
vt 0.968764 0.228633
vt 0.351700 0.952518
vt 0.353411 0.958655
vt 0.357178 0.948114
vt 0.351700 0.952518
vt 0.357178 0.948114
vt 0.352051 0.944930
vt 0.940719 0.607207
vt 0.941793 0.599838
vt 0.936198 0.601998
vt 0.948481 0.602138
vt 0.941793 0.599838
vt 0.940719 0.607207
vt 0.940719 0.607207
vt 0.936198 0.601998
vt 0.933856 0.605769
vt 0.940719 0.607207
vt 0.933856 0.605769
vt 0.934772 0.611091
vt 0.390904 0.314542
vt 0.392675 0.320180
vt 0.397614 0.312379
vt 0.388582 0.310470
vt 0.390904 0.314542
vt 0.397614 0.312379
vt 0.940719 0.607207
vt 0.934772 0.611091
vt 0.940446 0.614655
vt 0.940719 0.607207
vt 0.940446 0.614655
vt 0.946570 0.613279
vt 0.288287 0.017622
vt 0.285913 0.009993
vt 0.283900 0.014711
vt 0.283900 0.014711
vt 0.285913 0.009993
vt 0.279863 0.011315
vt 0.283900 0.014711
vt 0.280815 0.016816
vt 0.288287 0.017622
vt 0.279863 0.011315
vt 0.280815 0.016816
vt 0.283900 0.014711
vt 0.285913 0.009993
vt 0.288287 0.017622
vt 0.291524 0.011282
vt 0.949629 0.597182
vt 0.950231 0.591680
vt 0.945681 0.595529
vt 0.948481 0.602138
vt 0.949629 0.597182
vt 0.945681 0.595529
vt 0.945681 0.595529
vt 0.941793 0.599838
vt 0.948481 0.602138
vt 0.280815 0.016816
vt 0.282669 0.021589
vt 0.288287 0.017622
vt 0.247411 0.595626
vt 0.254332 0.594681
vt 0.250014 0.591921
vt 0.250014 0.591921
vt 0.244342 0.591009
vt 0.247411 0.595626
vt 0.283736 0.027708
vt 0.288287 0.017622
vt 0.282669 0.021589
vt 0.254332 0.594681
vt 0.247411 0.595626
vt 0.250553 0.599160
vt 0.288287 0.017622
vt 0.297537 0.015396
vt 0.297339 0.011063
vt 0.936198 0.601998
vt 0.941793 0.599838
vt 0.940488 0.593348
vt 0.984388 0.632685
vt 0.982636 0.638229
vt 0.986936 0.637522
vt 0.984388 0.632685
vt 0.986936 0.637522
vt 0.990519 0.632685
vt 0.243247 0.597021
vt 0.247411 0.595626
vt 0.244342 0.591009
vt 0.989811 0.953154
vt 0.987835 0.948170
vt 0.983277 0.948458
vt 0.983277 0.948458
vt 0.982636 0.953154
vt 0.989811 0.953154
vt 0.991462 0.125074
vt 0.990687 0.120694
vt 0.984676 0.119965
vt 0.982636 0.125074
vt 0.991462 0.125074
vt 0.984676 0.119965
vt 0.247411 0.595626
vt 0.243247 0.597021
vt 0.250553 0.599160
vt 0.243247 0.597021
vt 0.244162 0.601021
vt 0.250553 0.599160
vt 0.387430 0.333053
vt 0.387102 0.324229
vt 0.383009 0.335276
vt 0.301528 0.010226
vt 0.297339 0.011063
vt 0.297537 0.015396
vt 0.265703 0.730726
vt 0.259967 0.727380
vt 0.256360 0.731091
vt 0.392675 0.320180
vt 0.390904 0.314542
vt 0.387102 0.324229
vt 0.383843 0.317323
vt 0.387102 0.324229
vt 0.390904 0.314542
vt 0.383760 0.312005
vt 0.383843 0.317323
vt 0.390904 0.314542
vt 0.004511 0.986006
vt 0.001039 0.989631
vt 0.004511 0.993205
vt 0.387102 0.324229
vt 0.383843 0.317323
vt 0.383723 0.325162
vt 0.383723 0.325162
vt 0.383009 0.335276
vt 0.387102 0.324229
vt 0.990104 0.781975
vt 0.985128 0.777076
vt 0.982636 0.784334
vt 0.287066 0.965889
vt 0.294841 0.966979
vt 0.293208 0.959168
vt 0.282609 0.959168
vt 0.287066 0.965889
vt 0.293208 0.959168
vt 0.383843 0.317323
vt 0.383760 0.312005
vt 0.376074 0.310470
vt 0.383009 0.335276
vt 0.383723 0.325162
vt 0.379142 0.331778
vt 0.310004 0.008567
vt 0.305900 0.010381
vt 0.310004 0.020218
vt 0.946509 0.165111
vt 0.951916 0.157484
vt 0.946509 0.152158
vt 0.990105 0.777076
vt 0.985128 0.777076
vt 0.990104 0.781975
vt 0.970448 0.009105
vt 0.968847 0.001682
vt 0.964833 0.004529
vt 0.980557 0.669044
vt 0.977888 0.664869
vt 0.975112 0.669803
vt 0.966205 0.009102
vt 0.970448 0.009105
vt 0.964833 0.004529
vt 0.975112 0.669803
vt 0.978722 0.673440
vt 0.980557 0.669044
vt 0.977888 0.664869
vt 0.973157 0.664810
vt 0.975112 0.669803
vt 0.287066 0.965889
vt 0.291177 0.969386
vt 0.294841 0.966979
vt 0.985324 0.748480
vt 0.988306 0.743861
vt 0.982636 0.743861
vt 0.291177 0.969386
vt 0.287066 0.965889
vt 0.285010 0.972304
vt 0.291177 0.969386
vt 0.285010 0.972304
vt 0.288710 0.973818
vt 0.970448 0.009105
vt 0.966205 0.009102
vt 0.968494 0.015163
vt 0.899686 0.714723
vt 0.895411 0.721419
vt 0.899686 0.724467
vt 0.978722 0.673440
vt 0.975112 0.669803
vt 0.973157 0.673922
vt 0.966205 0.009102
vt 0.964833 0.013462
vt 0.968494 0.015163
vt 0.985324 0.748480
vt 0.990305 0.748574
vt 0.988306 0.743861
vt 0.105853 0.935174
vt 0.110942 0.940244
vt 0.112882 0.937293
vt 0.118714 0.988618
vt 0.116279 0.986006
vt 0.116279 0.992950
vt 0.100575 0.929158
vt 0.105853 0.935174
vt 0.106042 0.928566
vt 0.282609 0.959168
vt 0.281805 0.966247
vt 0.287066 0.965889
vt 0.110942 0.940244
vt 0.105853 0.935174
vt 0.101373 0.940645
vt 0.101373 0.940645
vt 0.110180 0.946504
vt 0.110942 0.940244
vt 0.105853 0.935174
vt 0.100575 0.929158
vt 0.095703 0.935204
vt 0.095703 0.935204
vt 0.101373 0.940645
vt 0.105853 0.935174
vt 0.269177 0.722994
vt 0.261801 0.721497
vt 0.259967 0.727380
vt 0.259967 0.727380
vt 0.265703 0.730726
vt 0.269177 0.722994
vt 0.942904 0.619498
vt 0.946570 0.613279
vt 0.940446 0.614655
vt 0.269177 0.722994
vt 0.263862 0.716454
vt 0.261801 0.721497
vt 0.982636 0.267670
vt 0.989018 0.270607
vt 0.991094 0.267670
vt 0.946570 0.613279
vt 0.942904 0.619498
vt 0.946815 0.618260
vt 0.990760 0.454863
vt 0.985447 0.454863
vt 0.984906 0.458402
vt 0.990760 0.454863
vt 0.984906 0.458402
vt 0.990696 0.459924
vt 0.946352 0.623378
vt 0.946815 0.618260
vt 0.942904 0.619498
vt 0.263862 0.716454
vt 0.269177 0.722994
vt 0.268705 0.717264
vt 0.942904 0.619498
vt 0.939859 0.623347
vt 0.946352 0.623378
vt 0.946352 0.623378
vt 0.950231 0.619189
vt 0.946815 0.618260
vt 0.982636 0.462298
vt 0.990696 0.459924
vt 0.984906 0.458402
vt 0.533257 0.964322
vt 0.534451 0.969648
vt 0.538003 0.964751
vt 0.324374 0.668794
vt 0.320812 0.676595
vt 0.326852 0.676427
vt 0.990581 0.656853
vt 0.982636 0.656853
vt 0.982848 0.660145
vt 0.406817 0.986006
vt 0.402316 0.991213
vt 0.406817 0.992334
vt 0.469641 0.986006
vt 0.469641 0.992164
vt 0.475051 0.991449
vt 0.276308 0.720776
vt 0.268705 0.717264
vt 0.269177 0.722994
vt 0.538028 0.974946
vt 0.534451 0.969648
vt 0.533257 0.975503
vt 0.276308 0.720776
vt 0.272760 0.715258
vt 0.268705 0.717264
vt 0.534451 0.969648
vt 0.538028 0.974946
vt 0.540823 0.969821
vt 0.534451 0.969648
vt 0.540823 0.969821
vt 0.538003 0.964751
vt 0.969030 0.604845
vt 0.975152 0.602625
vt 0.975503 0.596723
vt 0.975503 0.596723
vt 0.969030 0.594685
vt 0.969030 0.604845
vt 0.320816 0.681663
vt 0.326852 0.684031
vt 0.326852 0.676427
vt 0.326852 0.676427
vt 0.320812 0.676595
vt 0.320816 0.681663
vt 0.159519 0.959394
vt 0.161444 0.953860
vt 0.156355 0.952610
vt 0.962013 0.219854
vt 0.966169 0.223622
vt 0.966392 0.214486
vt 0.161444 0.953860
vt 0.159519 0.959394
vt 0.165494 0.965552
vt 0.165494 0.965552
vt 0.170145 0.958108
vt 0.161444 0.953860
vt 0.968764 0.221656
vt 0.966392 0.214486
vt 0.966169 0.223622
vt 0.347813 0.939217
vt 0.352051 0.944930
vt 0.353503 0.937512
vt 0.159519 0.959394
vt 0.156355 0.964469
vt 0.165494 0.965552
vt 0.963465 0.827375
vt 0.970448 0.821398
vt 0.962109 0.821998
vt 0.122054 0.963531
vt 0.125403 0.957560
vt 0.119508 0.957460
vt 0.170145 0.958108
vt 0.165494 0.965552
vt 0.170165 0.964778
vt 0.989736 0.934175
vt 0.982636 0.932775
vt 0.985524 0.939597
vt 0.985524 0.939597
vt 0.989736 0.939079
vt 0.989736 0.934175
vt 0.100575 0.929158
vt 0.095883 0.928566
vt 0.095703 0.935204
vt 0.970448 0.821398
vt 0.963465 0.827375
vt 0.967222 0.827825
vt 0.970448 0.830822
vt 0.967222 0.827825
vt 0.965371 0.831863
vt 0.095883 0.928566
vt 0.090811 0.928590
vt 0.093546 0.932079
vt 0.093546 0.932079
vt 0.095703 0.935204
vt 0.095883 0.928566
vt 0.965371 0.831863
vt 0.967222 0.827825
vt 0.963465 0.827375
vt 0.960892 0.830452
vt 0.965371 0.831863
vt 0.963465 0.827375
vt 0.125403 0.957560
vt 0.122054 0.963531
vt 0.126498 0.961252
vt 0.090234 0.933270
vt 0.093546 0.932079
vt 0.090811 0.928590
vt 0.087893 0.931732
vt 0.090234 0.933270
vt 0.090811 0.928590
vt 0.965371 0.831863
vt 0.960892 0.830452
vt 0.962074 0.833979
vt 0.723681 0.800326
vt 0.731206 0.803653
vt 0.723719 0.758049
vt 0.731206 0.756067
vt 0.723719 0.758049
vt 0.731206 0.803653
vt 0.054399 0.860212
vt 0.062457 0.859778
vt 0.064023 0.848934
vt 0.064023 0.848934
vt 0.054399 0.849356
vt 0.054399 0.860212
vt 0.562725 0.471221
vt 0.553627 0.471233
vt 0.554621 0.476800
vt 0.562258 0.459240
vt 0.554034 0.459244
vt 0.553627 0.471233
vt 0.562725 0.471221
vt 0.562258 0.459240
vt 0.553627 0.471233
vt 0.745728 0.845601
vt 0.753931 0.834406
vt 0.745728 0.834415
vt 0.968764 0.120730
vt 0.967094 0.116213
vt 0.964336 0.122991
vt 0.961838 0.115891
vt 0.967094 0.116213
vt 0.968764 0.111371
vt 0.963715 0.108050
vt 0.961838 0.115891
vt 0.968764 0.111371
vt 0.967094 0.116213
vt 0.961838 0.115891
vt 0.964336 0.122991
vt 0.266199 0.611481
vt 0.257764 0.611427
vt 0.264676 0.616912
vt 0.990717 0.295028
vt 0.982636 0.298779
vt 0.991225 0.298779
vt 0.681231 0.991742
vt 0.684036 0.986006
vt 0.680111 0.986006
vt 0.258543 0.619122
vt 0.264676 0.616912
vt 0.257764 0.611427
vt 0.249523 0.614333
vt 0.258543 0.619122
vt 0.257764 0.611427
vt 0.691703 0.200137
vt 0.689526 0.208916
vt 0.694140 0.208634
vt 0.688904 0.200293
vt 0.683736 0.208916
vt 0.689526 0.208916
vt 0.689526 0.208916
vt 0.691703 0.200137
vt 0.688904 0.200293
vt 0.683736 0.208916
vt 0.688904 0.200293
vt 0.685801 0.200318
vt 0.707619 0.945176
vt 0.707006 0.936323
vt 0.702314 0.945176
vt 0.688502 0.187591
vt 0.688904 0.200293
vt 0.691703 0.200137
vt 0.714969 0.402526
vt 0.714122 0.415186
vt 0.716043 0.415284
vt 0.686383 0.187585
vt 0.685801 0.200318
vt 0.688904 0.200293
vt 0.688904 0.200293
vt 0.688502 0.187591
vt 0.686383 0.187585
vt 0.705833 0.924345
vt 0.703424 0.924144
vt 0.707006 0.936323
vt 0.707006 0.936323
vt 0.703424 0.924144
vt 0.703243 0.936363
vt 0.703243 0.936363
vt 0.702314 0.945176
vt 0.707006 0.936323
vt 0.370026 0.951916
vt 0.367448 0.940053
vt 0.361062 0.944950
vt 0.838484 0.210550
vt 0.844088 0.217340
vt 0.844088 0.206917
vt 0.380964 0.945141
vt 0.377221 0.936032
vt 0.367448 0.940053
vt 0.367448 0.940053
vt 0.370026 0.951916
vt 0.378001 0.950920
vt 0.378001 0.950920
vt 0.380964 0.945141
vt 0.367448 0.940053
vt 0.713564 0.427843
vt 0.716043 0.415284
vt 0.714122 0.415186
vt 0.957042 0.229134
vt 0.955432 0.217293
vt 0.955478 0.229085
vt 0.461774 0.854197
vt 0.463322 0.854098
vt 0.461774 0.843534
vt 0.688252 0.174954
vt 0.686383 0.187585
vt 0.688502 0.187591
vt 0.716043 0.415284
vt 0.713564 0.427843
vt 0.715485 0.427941
vt 0.703424 0.924144
vt 0.705833 0.924345
vt 0.705042 0.912928
vt 0.513866 0.657616
vt 0.510966 0.668740
vt 0.513866 0.668868
vt 0.684466 0.701591
vt 0.687652 0.714288
vt 0.686691 0.701587
vt 0.687156 0.688936
vt 0.684466 0.701591
vt 0.686691 0.701587
vt 0.686383 0.187585
vt 0.688252 0.174954
vt 0.686133 0.174948
vt 0.377221 0.936032
vt 0.380964 0.945141
vt 0.387581 0.940888
vt 0.387581 0.940888
vt 0.388270 0.931470
vt 0.377221 0.936032
vt 0.859251 0.961198
vt 0.852213 0.955566
vt 0.851287 0.962526
vt 0.991561 0.080142
vt 0.982636 0.080142
vt 0.988497 0.084445
vt 0.851287 0.962526
vt 0.855320 0.967079
vt 0.859251 0.961198
vt 0.961004 0.059415
vt 0.960845 0.069287
vt 0.967079 0.059484
vt 0.953752 0.059415
vt 0.960845 0.069287
vt 0.961004 0.059415
vt 0.526285 0.957025
vt 0.524440 0.963491
vt 0.530714 0.959206
vt 0.967034 0.277591
vt 0.962438 0.279500
vt 0.968764 0.284313
vt 0.382987 0.951916
vt 0.384909 0.947322
vt 0.380964 0.945141
vt 0.380964 0.945141
vt 0.384909 0.947322
vt 0.389190 0.944793
vt 0.380964 0.945141
vt 0.378001 0.950920
vt 0.382987 0.951916
vt 0.389190 0.944793
vt 0.387581 0.940888
vt 0.380964 0.945141
vt 0.071880 0.218338
vt 0.066711 0.219489
vt 0.071469 0.223515
vt 0.389110 0.950152
vt 0.389190 0.944793
vt 0.384909 0.947322
vt 0.966278 0.069343
vt 0.967079 0.059484
vt 0.960845 0.069287
vt 0.290781 0.317193
vt 0.296526 0.307838
vt 0.290553 0.307439
vt 0.960845 0.069287
vt 0.953752 0.059415
vt 0.954355 0.069282
vt 0.960845 0.069287
vt 0.954355 0.069282
vt 0.960509 0.079186
vt 0.894508 0.102773
vt 0.898002 0.097574
vt 0.894508 0.093346
vt 0.859251 0.961198
vt 0.859251 0.951287
vt 0.852213 0.955566
vt 0.066168 0.225792
vt 0.071469 0.223515
vt 0.066711 0.219489
vt 0.683286 0.722782
vt 0.689086 0.722782
vt 0.687652 0.714288
vt 0.687652 0.714288
vt 0.683878 0.714298
vt 0.683286 0.722782
vt 0.683878 0.714298
vt 0.687652 0.714288
vt 0.684466 0.701591
vt 0.839033 0.608196
vt 0.824253 0.608232
vt 0.839033 0.653670
vt 0.781750 0.141507
vt 0.781750 0.001929
vt 0.766969 0.001946
vt 0.766969 0.001946
vt 0.766969 0.141524
vt 0.781750 0.141507
vt 0.103718 0.707028
vt 0.102165 0.815446
vt 0.114567 0.815446
vt 0.114567 0.815446
vt 0.113364 0.707028
vt 0.103718 0.707028
vt 0.480322 0.552034
vt 0.491547 0.660444
vt 0.493648 0.552034
vt 0.247788 0.149578
vt 0.242191 0.143912
vt 0.201332 0.149293
vt 0.242981 0.014400
vt 0.242191 0.143912
vt 0.247788 0.149578
vt 0.824253 0.653705
vt 0.839033 0.653670
vt 0.824253 0.608232
vt 0.247788 0.149578
vt 0.248642 0.009507
vt 0.242981 0.014400
vt 0.002199 0.684031
vt 0.100035 0.683799
vt 0.002199 0.630979
vt 0.488373 0.312949
vt 0.487436 0.442002
vt 0.585268 0.442602
vt 0.187992 0.143580
vt 0.201332 0.149293
vt 0.242191 0.143912
vt 0.585268 0.442602
vt 0.586204 0.313549
vt 0.488373 0.312949
vt 0.245982 0.251014
vt 0.243422 0.152743
vt 0.233180 0.153859
vt 0.233180 0.153859
vt 0.233180 0.252721
vt 0.245982 0.251014
vt 0.707619 0.908682
vt 0.707619 0.832667
vt 0.700664 0.832650
vt 0.700664 0.832650
vt 0.700664 0.911480
vt 0.707619 0.908682
vt 0.902453 0.265934
vt 0.902453 0.341950
vt 0.930013 0.342016
vt 0.930013 0.342016
vt 0.930013 0.265999
vt 0.902453 0.265934
vt 0.687156 0.688936
vt 0.684257 0.688936
vt 0.684466 0.701591
vt 0.783606 0.951123
vt 0.787710 0.948750
vt 0.784177 0.938128
vt 0.784177 0.938128
vt 0.776783 0.939493
vt 0.783606 0.951123
vt 0.358864 0.942772
vt 0.352051 0.944930
vt 0.357178 0.948114
vt 0.787710 0.948750
vt 0.783606 0.951123
vt 0.788489 0.954362
vt 0.983750 0.906646
vt 0.982636 0.910102
vt 0.989948 0.910102
vt 0.776783 0.939493
vt 0.778472 0.946386
vt 0.783606 0.951123
vt 0.729786 0.936539
vt 0.734918 0.934963
vt 0.729179 0.932244
vt 0.075816 0.221680
vt 0.071469 0.223515
vt 0.075816 0.227176
vt 0.734918 0.934963
vt 0.729786 0.936539
vt 0.734203 0.939911
vt 0.775733 0.950658
vt 0.783606 0.951123
vt 0.778472 0.946386
vt 0.070104 0.229134
vt 0.075816 0.227176
vt 0.071469 0.223515
vt 0.071469 0.223515
vt 0.066168 0.225792
vt 0.070104 0.229134
vt 0.726375 0.941230
vt 0.734203 0.939911
vt 0.729786 0.936539
vt 0.219025 0.953600
vt 0.219025 0.931781
vt 0.216958 0.931776
vt 0.502072 0.930096
vt 0.499968 0.930094
vt 0.502072 0.951915
vt 0.216958 0.931776
vt 0.216958 0.953595
vt 0.219025 0.953600
vt 0.895953 0.288611
vt 0.895953 0.308320
vt 0.898002 0.308100
vt 0.898002 0.308100
vt 0.898002 0.288391
vt 0.895953 0.288611
vt 0.122650 0.951904
vt 0.124676 0.951916
vt 0.124676 0.930098
vt 0.499968 0.951913
vt 0.502072 0.951915
vt 0.499968 0.930094
vt 0.124676 0.930098
vt 0.122650 0.930087
vt 0.122650 0.951904
vt 0.529245 0.964181
vt 0.524440 0.963491
vt 0.526149 0.970448
vt 0.530714 0.959206
vt 0.524440 0.963491
vt 0.529245 0.964181
vt 0.529245 0.964181
vt 0.526149 0.970448
vt 0.530714 0.968653
vt 0.404973 0.966027
vt 0.404973 0.971152
vt 0.414448 0.963320
vt 0.414448 0.963320
vt 0.409130 0.962643
vt 0.404973 0.966027
vt 0.754893 0.955199
vt 0.762349 0.945717
vt 0.754893 0.945320
vt 0.998336 0.370653
vt 0.993802 0.370653
vt 0.994403 0.374841
vt 0.762349 0.945717
vt 0.754893 0.955199
vt 0.761517 0.955556
vt 0.762349 0.945717
vt 0.761517 0.955556
vt 0.766587 0.955872
vt 0.341048 0.951214
vt 0.340703 0.955285
vt 0.347070 0.951037
vt 0.341004 0.941313
vt 0.341048 0.951214
vt 0.347070 0.951037
vt 0.417832 0.967478
vt 0.414448 0.963320
vt 0.404973 0.971152
vt 0.417155 0.972795
vt 0.417832 0.967478
vt 0.404973 0.971152
vt 0.404973 0.971152
vt 0.407680 0.975503
vt 0.417155 0.972795
vt 0.756524 0.965195
vt 0.761517 0.955556
vt 0.754893 0.955199
vt 0.290781 0.317193
vt 0.293901 0.317611
vt 0.296526 0.307838
vt 0.343313 0.931130
vt 0.341004 0.941313
vt 0.346042 0.941137
vt 0.761517 0.955556
vt 0.756524 0.965195
vt 0.760252 0.965394
vt 0.962438 0.279500
vt 0.963591 0.284312
vt 0.968764 0.284313
vt 0.967034 0.291471
vt 0.968764 0.284313
vt 0.963591 0.284312
vt 0.963591 0.284312
vt 0.962438 0.289415
vt 0.967034 0.291471
vt 0.954562 0.631840
vt 0.961061 0.631488
vt 0.962024 0.622615
vt 0.954562 0.622782
vt 0.954562 0.631840
vt 0.962024 0.622615
vt 0.644251 0.699194
vt 0.649574 0.699194
vt 0.650335 0.695020
vt 0.644251 0.699194
vt 0.650335 0.695020
vt 0.643462 0.695021
vt 0.961061 0.631488
vt 0.954562 0.631840
vt 0.955648 0.641911
vt 0.956883 0.079186
vt 0.960509 0.079186
vt 0.954355 0.069282
vt 0.955648 0.641911
vt 0.959379 0.641828
vt 0.961061 0.631488
vt 0.568210 0.680409
vt 0.573564 0.690771
vt 0.574519 0.684863
vt 0.568210 0.680409
vt 0.574519 0.684863
vt 0.569784 0.675598
vt 0.643462 0.695021
vt 0.649882 0.685149
vt 0.643883 0.685144
vt 0.643883 0.685144
vt 0.649882 0.685149
vt 0.648002 0.675226
vt 0.648002 0.675226
vt 0.644903 0.675229
vt 0.643883 0.685144
vt 0.962936 0.443629
vt 0.967257 0.444789
vt 0.963689 0.439048
vt 0.407680 0.975503
vt 0.412804 0.975503
vt 0.417155 0.972795
vt 0.341048 0.951214
vt 0.341004 0.941313
vt 0.335217 0.941137
vt 0.968764 0.439072
vt 0.963689 0.439048
vt 0.967257 0.444789
vt 0.335217 0.941137
vt 0.334277 0.951037
vt 0.341048 0.951214
vt 0.340510 0.931201
vt 0.335217 0.941137
vt 0.341004 0.941313
vt 0.341004 0.941313
vt 0.343313 0.931130
vt 0.340510 0.931201
vt 0.963689 0.439048
vt 0.968764 0.439072
vt 0.962936 0.433981
vt 0.967257 0.431696
vt 0.962936 0.433981
vt 0.968764 0.439072
vt 0.961160 0.357834
vt 0.954500 0.367263
vt 0.962024 0.367288
vt 0.954500 0.367263
vt 0.961160 0.357834
vt 0.954500 0.357981
vt 0.650335 0.695020
vt 0.649882 0.685149
vt 0.643462 0.695021
vt 0.955974 0.347518
vt 0.954500 0.357981
vt 0.961160 0.357834
vt 0.335217 0.941137
vt 0.340510 0.931201
vt 0.339526 0.931201
vt 0.335217 0.941137
vt 0.339526 0.931201
vt 0.337408 0.931130
vt 0.959736 0.347530
vt 0.955974 0.347518
vt 0.961160 0.357834
vt 0.982636 0.080142
vt 0.983449 0.083843
vt 0.988497 0.084445
vt 0.348754 0.991343
vt 0.348489 0.986374
vt 0.344227 0.986006
vt 0.344227 0.992373
vt 0.348754 0.991343
vt 0.344227 0.986006
vt 0.337995 0.977508
vt 0.337288 0.982242
vt 0.342016 0.979814
vt 0.342016 0.979814
vt 0.342016 0.974921
vt 0.337995 0.977508
vt 0.337288 0.982242
vt 0.337995 0.977508
vt 0.333542 0.979850
vt 0.855320 0.967079
vt 0.859218 0.965704
vt 0.859251 0.961198
vt 0.338629 0.973224
vt 0.337995 0.977508
vt 0.342016 0.974921
vt 0.854717 0.987602
vt 0.850550 0.986006
vt 0.854544 0.991121
vt 0.333961 0.974953
vt 0.333542 0.979850
vt 0.337995 0.977508
vt 0.338629 0.973224
vt 0.333961 0.974953
vt 0.337995 0.977508
vt 0.963505 0.500810
vt 0.966414 0.507127
vt 0.970448 0.505213
vt 0.970448 0.505213
vt 0.968993 0.501007
vt 0.963505 0.500810
vt 0.830367 0.947785
vt 0.827954 0.955285
vt 0.833692 0.954812
vt 0.970448 0.496858
vt 0.965895 0.494139
vt 0.968993 0.501007
vt 0.968993 0.501007
vt 0.965895 0.494139
vt 0.963505 0.500810
vt 0.933883 0.382816
vt 0.930309 0.388166
vt 0.936752 0.388650
vt 0.850550 0.986006
vt 0.850550 0.991510
vt 0.854544 0.991121
vt 0.930309 0.388166
vt 0.931209 0.392581
vt 0.934854 0.393075
vt 0.252535 0.620253
vt 0.257779 0.624399
vt 0.258543 0.619122
vt 0.934854 0.393075
vt 0.936752 0.388650
vt 0.930309 0.388166
vt 0.258543 0.619122
vt 0.249523 0.614333
vt 0.252535 0.620253
vt 0.931100 0.399299
vt 0.934854 0.393075
vt 0.931209 0.392581
vt 0.257779 0.624399
vt 0.252535 0.620253
vt 0.253998 0.625063
vt 0.931209 0.392581
vt 0.929098 0.395533
vt 0.931100 0.399299
vt 0.982636 0.955233
vt 0.985072 0.959960
vt 0.989804 0.955233
vt 0.828297 0.941693
vt 0.830367 0.947785
vt 0.835664 0.941967
vt 0.985072 0.959960
vt 0.988366 0.960147
vt 0.989804 0.955233
vt 0.935110 0.399193
vt 0.936752 0.395921
vt 0.934854 0.393075
vt 0.934854 0.393075
vt 0.931100 0.399299
vt 0.935110 0.399193
vt 0.983914 0.877867
vt 0.989971 0.882120
vt 0.987849 0.877143
vt 0.827954 0.955285
vt 0.830367 0.947785
vt 0.826028 0.945584
vt 0.827954 0.955285
vt 0.826028 0.945584
vt 0.821315 0.952077
vt 0.574519 0.675934
vt 0.569784 0.675598
vt 0.574519 0.684863
vt 0.125766 0.982216
vt 0.117996 0.974968
vt 0.117996 0.983927
vt 0.828297 0.941693
vt 0.826028 0.945584
vt 0.830367 0.947785
vt 0.826028 0.945584
vt 0.828297 0.941693
vt 0.819145 0.941941
vt 0.826028 0.945584
vt 0.819145 0.941941
vt 0.821084 0.947595
vt 0.821084 0.947595
vt 0.821315 0.952077
vt 0.826028 0.945584
vt 0.825808 0.934937
vt 0.819145 0.941941
vt 0.828297 0.941693
vt 0.989971 0.882120
vt 0.983914 0.877867
vt 0.982636 0.882120
vt 0.819145 0.941941
vt 0.825808 0.934937
vt 0.816833 0.937534
vt 0.991246 0.180638
vt 0.991155 0.176299
vt 0.982636 0.180638
vt 0.222394 0.715232
vt 0.222394 0.706412
vt 0.217840 0.711324
vt 0.816833 0.946040
vt 0.821084 0.947595
vt 0.819145 0.941941
vt 0.222394 0.715232
vt 0.217840 0.711324
vt 0.218008 0.716043
vt 0.249523 0.614333
vt 0.243247 0.617730
vt 0.252535 0.620253
vt 0.104543 0.953765
vt 0.110802 0.954561
vt 0.110180 0.946504
vt 0.110180 0.946504
vt 0.101373 0.940645
vt 0.101794 0.950233
vt 0.110180 0.946504
vt 0.101794 0.950233
vt 0.104543 0.953765
vt 0.104543 0.953765
vt 0.108074 0.958655
vt 0.110802 0.954561
vt 0.097089 0.944565
vt 0.101794 0.950233
vt 0.101373 0.940645
vt 0.095703 0.935204
vt 0.097089 0.944565
vt 0.101373 0.940645
vt 0.101794 0.950233
vt 0.097089 0.944565
vt 0.095934 0.951400
vt 0.989889 0.930696
vt 0.986205 0.926927
vt 0.982636 0.930696
vt 0.827404 0.928665
vt 0.821161 0.928889
vt 0.820721 0.933111
vt 0.820721 0.933111
vt 0.825808 0.934937
vt 0.827404 0.928665
vt 0.097089 0.944565
vt 0.093191 0.947887
vt 0.095934 0.951400
vt 0.978872 0.753090
vt 0.978196 0.747871
vt 0.973565 0.745777
vt 0.097089 0.944565
vt 0.095703 0.935204
vt 0.089284 0.941105
vt 0.973565 0.745777
vt 0.973565 0.754793
vt 0.978872 0.753090
vt 0.455044 0.992335
vt 0.455044 0.986006
vt 0.452608 0.988861
vt 0.292165 0.992495
vt 0.296055 0.987315
vt 0.292165 0.986006
vt 0.292165 0.992495
vt 0.296293 0.990827
vt 0.296055 0.987315
vt 0.089886 0.951622
vt 0.095934 0.951400
vt 0.093191 0.947887
vt 0.093191 0.947887
vt 0.088312 0.946355
vt 0.089886 0.951622
vt 0.973305 0.722763
vt 0.970370 0.727836
vt 0.975503 0.727363
vt 0.820721 0.933111
vt 0.816833 0.937534
vt 0.825808 0.934937
vt 0.967590 0.722740
vt 0.970370 0.727836
vt 0.973305 0.722763
vt 0.986016 0.174839
vt 0.982636 0.180638
vt 0.991155 0.176299
vt 0.973305 0.722763
vt 0.970465 0.718004
vt 0.967590 0.722740
vt 0.352051 0.944930
vt 0.356407 0.940979
vt 0.353503 0.937512
vt 0.358864 0.942772
vt 0.356407 0.940979
vt 0.352051 0.944930
vt 0.953854 0.971069
vt 0.958655 0.968488
vt 0.954528 0.966253
vt 0.954528 0.966253
vt 0.951353 0.966817
vt 0.953854 0.971069
vt 0.958655 0.968488
vt 0.953854 0.971069
vt 0.958655 0.974570
vt 0.160663 0.968763
vt 0.165494 0.965552
vt 0.156355 0.964469
vt 0.786437 0.955548
vt 0.788489 0.954362
vt 0.783606 0.951123
vt 0.783674 0.958655
vt 0.786437 0.955548
vt 0.783606 0.951123
vt 0.783606 0.951123
vt 0.775733 0.950658
vt 0.779474 0.956365
vt 0.783606 0.951123
vt 0.779474 0.956365
vt 0.783674 0.958655
vt 0.951353 0.966817
vt 0.949420 0.969089
vt 0.953854 0.971069
vt 0.949689 0.973244
vt 0.953854 0.971069
vt 0.949420 0.969089
vt 0.955057 0.977188
vt 0.958655 0.974570
vt 0.953854 0.971069
vt 0.951757 0.976091
vt 0.955057 0.977188
vt 0.953854 0.971069
vt 0.953854 0.971069
vt 0.949689 0.973244
vt 0.951757 0.976091
vt 0.127062 0.967771
vt 0.122054 0.963531
vt 0.118193 0.965501
vt 0.982636 0.834135
vt 0.986817 0.837000
vt 0.990225 0.834135
vt 0.548971 0.991991
vt 0.554343 0.991991
vt 0.553639 0.986006
vt 0.118193 0.965501
vt 0.120952 0.972133
vt 0.127062 0.967771
vt 0.127062 0.967771
vt 0.126498 0.961252
vt 0.122054 0.963531
vt 0.316744 0.879850
vt 0.311294 0.879427
vt 0.313526 0.885346
vt 0.652020 0.951239
vt 0.643864 0.959135
vt 0.652020 0.961486
vt 0.313526 0.885346
vt 0.316744 0.891262
vt 0.316744 0.879850
vt 0.603766 0.965561
vt 0.602141 0.975503
vt 0.611585 0.975503
vt 0.120952 0.972133
vt 0.131415 0.972133
vt 0.127062 0.967771
vt 0.309193 0.882177
vt 0.313526 0.885346
vt 0.311294 0.879427
vt 0.734203 0.939911
vt 0.726375 0.941230
vt 0.729031 0.945437
vt 0.734203 0.939911
vt 0.729031 0.945437
vt 0.736260 0.949802
vt 0.775733 0.950658
vt 0.770686 0.958655
vt 0.779474 0.956365
vt 0.726375 0.953600
vt 0.736260 0.949802
vt 0.729031 0.945437
vt 0.117996 0.974968
vt 0.125766 0.982216
vt 0.126360 0.976626
vt 0.643985 0.966135
vt 0.652020 0.961486
vt 0.643864 0.959135
vt 0.313526 0.885346
vt 0.308799 0.889217
vt 0.316744 0.891262
vt 0.982636 0.107470
vt 0.991592 0.107470
vt 0.987689 0.104339
vt 0.977188 0.105036
vt 0.970898 0.098048
vt 0.970898 0.107828
vt 0.643985 0.966135
vt 0.647420 0.967079
vt 0.652020 0.961486
vt 0.313526 0.885346
vt 0.306911 0.884390
vt 0.308799 0.889217
vt 0.306911 0.884390
vt 0.313526 0.885346
vt 0.309193 0.882177
vt 0.095703 0.935204
vt 0.093546 0.932079
vt 0.090234 0.933270
vt 0.090234 0.933270
vt 0.090830 0.936209
vt 0.095703 0.935204
vt 0.095703 0.935204
vt 0.090830 0.936209
vt 0.089284 0.941105
vt 0.833681 0.986006
vt 0.830473 0.986006
vt 0.833785 0.991531
vt 0.127062 0.967771
vt 0.131415 0.972133
vt 0.131258 0.966821
vt 0.830473 0.986006
vt 0.829617 0.989407
vt 0.833785 0.991531
vt 0.977188 0.105036
vt 0.976702 0.099678
vt 0.970898 0.098048
vt 0.127062 0.967771
vt 0.129507 0.963779
vt 0.126498 0.961252
vt 0.975503 0.718211
vt 0.970465 0.718004
vt 0.973305 0.722763
vt 0.633168 0.705934
vt 0.640226 0.677090
vt 0.633168 0.676370
vt 0.633168 0.705934
vt 0.640226 0.705245
vt 0.640226 0.677090
vt 0.293895 0.320113
vt 0.296526 0.319562
vt 0.293901 0.317611
vt 0.293901 0.317611
vt 0.290781 0.317193
vt 0.293895 0.320113
vt 0.998737 0.232855
vt 0.998034 0.232149
vt 0.995221 0.230736
vt 0.995221 0.230736
vt 0.993802 0.232855
vt 0.998737 0.232855
vt 0.141682 0.986006
vt 0.140189 0.989490
vt 0.141682 0.992974
vt 0.973306 0.220710
vt 0.972364 0.212236
vt 0.968487 0.210842
vt 0.476800 0.931628
vt 0.470365 0.929225
vt 0.470365 0.940122
vt 0.908659 0.090980
vt 0.913145 0.090895
vt 0.908189 0.085536
vt 0.973306 0.220710
vt 0.977188 0.210842
vt 0.972364 0.212236
vt 0.151190 0.963260
vt 0.151190 0.973818
vt 0.158372 0.970993
vt 0.990506 0.710557
vt 0.982636 0.710557
vt 0.988932 0.712131
vt 0.982636 0.710557
vt 0.985154 0.712445
vt 0.988932 0.712131
vt 0.914850 0.086616
vt 0.908189 0.085536
vt 0.913145 0.090895
vt 0.908189 0.085536
vt 0.914850 0.086616
vt 0.910996 0.080467
vt 0.910996 0.080467
vt 0.914850 0.086616
vt 0.914850 0.081985
vt 0.486387 0.700897
vt 0.484829 0.697312
vt 0.457463 0.734575
vt 0.599791 0.732218
vt 0.484829 0.697312
vt 0.486387 0.700897
vt 0.486387 0.700897
vt 0.597306 0.734575
vt 0.599791 0.732218
vt 0.491547 0.660444
vt 0.480322 0.552034
vt 0.481026 0.660444
vt 0.882444 0.600552
vt 0.871887 0.600577
vt 0.871887 0.657074
vt 0.795229 0.141512
vt 0.795229 0.001934
vt 0.784671 0.001946
vt 0.878189 0.646148
vt 0.884523 0.654401
vt 0.882444 0.600552
vt 0.871887 0.657074
vt 0.878189 0.646148
vt 0.882444 0.600552
vt 0.784671 0.001946
vt 0.784671 0.141524
vt 0.795229 0.141512
vt 0.099970 0.637173
vt 0.002199 0.630979
vt 0.100035 0.683799
vt 0.172532 0.638154
vt 0.099970 0.637173
vt 0.100035 0.683799
vt 0.100035 0.683799
vt 0.171124 0.683630
vt 0.172532 0.638154
vt 0.460179 0.421791
vt 0.416350 0.441566
vt 0.487436 0.442002
vt 0.488373 0.312949
vt 0.460179 0.421791
vt 0.487436 0.442002
vt 0.606530 0.521854
vt 0.603700 0.523954
vt 0.606530 0.579573
vt 0.330608 0.312761
vt 0.330608 0.438840
vt 0.333592 0.441419
vt 0.333592 0.310743
vt 0.330608 0.312761
vt 0.333592 0.441419
vt 0.603700 0.579562
vt 0.606530 0.579573
vt 0.603700 0.523954
vt 0.466788 0.492415
vt 0.331642 0.492420
vt 0.331642 0.685287
vt 0.331642 0.685287
vt 0.466788 0.674723
vt 0.466788 0.492415
vt 0.395014 0.838105
vt 0.395014 0.914850
vt 0.405349 0.914816
vt 0.405349 0.914816
vt 0.406038 0.838069
vt 0.395014 0.838105
vt 0.905030 0.096826
vt 0.912891 0.173535
vt 0.914850 0.096826
vt 0.919904 0.496277
vt 0.919904 0.427166
vt 0.912372 0.427749
vt 0.912372 0.427749
vt 0.910317 0.497018
vt 0.919904 0.496277
vt 0.982636 0.331578
vt 0.991082 0.331578
vt 0.982657 0.326210
vt 0.916064 0.776696
vt 0.924584 0.710063
vt 0.916138 0.710063
vt 0.991103 0.326210
vt 0.982657 0.326210
vt 0.991082 0.331578
vt 0.881154 0.852961
vt 0.875522 0.919205
vt 0.881154 0.919904
vt 0.924584 0.710063
vt 0.916064 0.776696
vt 0.935067 0.776696
vt 0.736534 0.647061
vt 0.736534 0.665498
vt 0.741315 0.664350
vt 0.741315 0.664350
vt 0.741315 0.646548
vt 0.736534 0.647061
vt 0.155279 0.158372
vt 0.156687 0.158372
vt 0.156687 0.109803
vt 0.235723 0.065261
vt 0.239238 0.016860
vt 0.235719 0.016865
vt 0.156687 0.109803
vt 0.155279 0.109803
vt 0.155279 0.158372
vt 0.586521 0.633148
vt 0.589682 0.633487
vt 0.586521 0.585757
vt 0.231802 0.082847
vt 0.230396 0.131415
vt 0.231804 0.131415
vt 0.239238 0.016860
vt 0.235723 0.065261
vt 0.239242 0.065257
vt 0.589682 0.586096
vt 0.586521 0.585757
vt 0.589682 0.633487
vt 0.230396 0.131415
vt 0.231802 0.082847
vt 0.230394 0.082847
vt 0.740400 0.960339
vt 0.746150 0.939208
vt 0.740894 0.939232
vt 0.304571 0.958622
vt 0.310004 0.958655
vt 0.309237 0.937548
vt 0.309237 0.937548
vt 0.304506 0.937516
vt 0.304571 0.958622
vt 0.746150 0.939208
vt 0.740400 0.960339
vt 0.746344 0.960315
vt 0.746150 0.939208
vt 0.746344 0.960315
vt 0.751424 0.960339
vt 0.751424 0.960339
vt 0.750684 0.939224
vt 0.746150 0.939208
vt 0.741315 0.646548
vt 0.737901 0.642490
vt 0.736534 0.647061
vt 0.998288 0.209459
vt 0.998792 0.207968
vt 0.993802 0.207968
vt 0.468652 0.959693
vt 0.473431 0.962412
vt 0.469476 0.957881
vt 0.464204 0.959858
vt 0.468652 0.959693
vt 0.469476 0.957881
vt 0.469476 0.957881
vt 0.463462 0.957881
vt 0.464204 0.959858
vt 0.962207 0.031046
vt 0.963709 0.031400
vt 0.963581 0.026052
vt 0.963581 0.026052
vt 0.962079 0.025698
vt 0.962207 0.031046
vt 0.473431 0.962412
vt 0.468652 0.959693
vt 0.472112 0.962906
vt 0.473431 0.962412
vt 0.472112 0.962906
vt 0.471618 0.967602
vt 0.473431 0.962412
vt 0.471618 0.967602
vt 0.473430 0.968426
vt 0.128173 0.992873
vt 0.128396 0.989991
vt 0.126170 0.989979
vt 0.126170 0.989979
vt 0.128396 0.989991
vt 0.125947 0.986207
vt 0.126170 0.989979
vt 0.125947 0.992861
vt 0.128173 0.992873
vt 0.990980 0.487934
vt 0.987265 0.486325
vt 0.987474 0.488449
vt 0.987474 0.488449
vt 0.987265 0.486325
vt 0.982636 0.488449
vt 0.958655 0.529214
vt 0.956431 0.532015
vt 0.958655 0.532073
vt 0.998455 0.391510
vt 0.993806 0.391510
vt 0.993802 0.392918
vt 0.998285 0.477701
vt 0.998243 0.476430
vt 0.993844 0.477701
vt 0.993802 0.392918
vt 0.998451 0.392918
vt 0.998455 0.391510
vt 0.939807 0.969947
vt 0.936974 0.966170
vt 0.932252 0.966170
vt 0.932252 0.966170
vt 0.929104 0.969318
vt 0.929104 0.974040
vt 0.932252 0.966170
vt 0.929104 0.974040
vt 0.936974 0.977188
vt 0.936974 0.977188
vt 0.939807 0.969947
vt 0.932252 0.966170
vt 0.993802 0.476430
vt 0.993844 0.477701
vt 0.998243 0.476430
vt 0.963276 0.037066
vt 0.963709 0.031400
vt 0.961217 0.037005
vt 0.955025 0.536940
vt 0.955443 0.539080
vt 0.956574 0.536976
vt 0.955025 0.536940
vt 0.956574 0.536976
vt 0.956431 0.532015
vt 0.956431 0.532015
vt 0.954207 0.531957
vt 0.955025 0.536940
vt 0.998498 0.296935
vt 0.993879 0.295736
vt 0.993802 0.296935
vt 0.993879 0.295736
vt 0.998498 0.296935
vt 0.998575 0.295736
vt 0.967077 0.042510
vt 0.966686 0.040402
vt 0.965124 0.040504
vt 0.967077 0.042510
vt 0.965124 0.040504
vt 0.965515 0.042612
vt 0.967077 0.042510
vt 0.965515 0.042612
vt 0.965127 0.047835
vt 0.965127 0.047835
vt 0.967079 0.048038
vt 0.967077 0.042510
vt 0.955443 0.539080
vt 0.956993 0.539116
vt 0.956574 0.536976
vt 0.956993 0.539116
vt 0.957667 0.539138
vt 0.958598 0.537042
vt 0.958598 0.537042
vt 0.956574 0.536976
vt 0.956993 0.539116
vt 0.958655 0.532073
vt 0.956431 0.532015
vt 0.956574 0.536976
vt 0.958598 0.537042
vt 0.958655 0.532073
vt 0.956574 0.536976
vt 0.962207 0.031046
vt 0.961217 0.037005
vt 0.963709 0.031400
vt 0.304506 0.937516
vt 0.299418 0.937540
vt 0.304571 0.958622
vt 0.962024 0.234154
vt 0.956183 0.234990
vt 0.962024 0.251885
vt 0.298723 0.958655
vt 0.304571 0.958622
vt 0.299418 0.937540
vt 0.956183 0.252721
vt 0.962024 0.251885
vt 0.956183 0.234990
vt 0.926643 0.935857
vt 0.921120 0.935857
vt 0.921225 0.956958
vt 0.921225 0.956958
vt 0.926549 0.956970
vt 0.926643 0.935857
vt 0.965394 0.481927
vt 0.958754 0.481935
vt 0.963511 0.490279
vt 0.474332 0.941049
vt 0.472992 0.953020
vt 0.482434 0.953600
vt 0.960020 0.025638
vt 0.962079 0.025698
vt 0.960276 0.021257
vt 0.998951 0.024544
vt 0.997991 0.022800
vt 0.993802 0.024544
vt 0.754793 0.845773
vt 0.753931 0.834406
vt 0.745728 0.845601
vt 0.459178 0.962494
vt 0.464204 0.959858
vt 0.463462 0.957881
vt 0.993802 0.376920
vt 0.993819 0.378324
vt 0.998473 0.378324
vt 0.998473 0.378324
vt 0.998456 0.376920
vt 0.993802 0.376920
vt 0.464204 0.959858
vt 0.459178 0.962494
vt 0.460991 0.963318
vt 0.962079 0.025698
vt 0.960020 0.025638
vt 0.962207 0.031046
vt 0.960276 0.031298
vt 0.962207 0.031046
vt 0.960020 0.025638
vt 0.459178 0.968508
vt 0.460991 0.963318
vt 0.459178 0.962494
vt 0.966822 0.159401
vt 0.964838 0.165034
vt 0.965822 0.165026
vt 0.793523 0.986006
vt 0.792849 0.991658
vt 0.793523 0.991789
vt 0.777863 0.991753
vt 0.779551 0.986006
vt 0.777432 0.986006
vt 0.982636 0.476393
vt 0.982638 0.477801
vt 0.986484 0.477821
vt 0.986484 0.477821
vt 0.986482 0.476413
vt 0.982636 0.476393
vt 0.929104 0.974040
vt 0.932252 0.977188
vt 0.936974 0.977188
vt 0.459178 0.968508
vt 0.461155 0.967767
vt 0.460991 0.963318
vt 0.722444 0.986006
vt 0.722444 0.991843
vt 0.723775 0.991487
vt 0.964838 0.165034
vt 0.966822 0.159401
vt 0.964287 0.159386
vt 0.456124 0.844174
vt 0.458267 0.838229
vt 0.456933 0.837801
vt 0.941807 0.224079
vt 0.941484 0.217717
vt 0.939583 0.218009
vt 0.929300 0.986006
vt 0.928624 0.991337
vt 0.929300 0.991459
vt 0.964004 0.165111
vt 0.964287 0.159386
vt 0.963303 0.159393
vt 0.678643 0.532728
vt 0.679985 0.527236
vt 0.678632 0.526974
vt 0.818432 0.687939
vt 0.819385 0.693459
vt 0.820322 0.693214
vt 0.458267 0.838229
vt 0.456124 0.844174
vt 0.457459 0.844602
vt 0.429715 0.992470
vt 0.430391 0.986139
vt 0.429715 0.986006
vt 0.964984 0.154324
vt 0.964287 0.159386
vt 0.966822 0.159401
vt 0.966822 0.159401
vt 0.966953 0.154308
vt 0.964984 0.154324
vt 0.963016 0.154339
vt 0.963303 0.159393
vt 0.964287 0.159386
vt 0.964287 0.159386
vt 0.964984 0.154324
vt 0.963016 0.154339
vt 0.939795 0.212250
vt 0.939583 0.218009
vt 0.941484 0.217717
vt 0.941484 0.217717
vt 0.941807 0.212653
vt 0.939795 0.212250
vt 0.456124 0.844174
vt 0.455385 0.850014
vt 0.457363 0.849885
vt 0.457363 0.849885
vt 0.457459 0.844602
vt 0.456124 0.844174
vt 0.986482 0.476413
vt 0.986484 0.477821
vt 0.991048 0.476393
vt 0.461155 0.967767
vt 0.459178 0.968508
vt 0.464615 0.970980
vt 0.991050 0.477801
vt 0.991048 0.476393
vt 0.986484 0.477821
vt 0.463544 0.972133
vt 0.464615 0.970980
vt 0.459178 0.968508
vt 0.966953 0.154308
vt 0.967079 0.150620
vt 0.964984 0.154324
vt 0.967079 0.150620
vt 0.965111 0.150635
vt 0.964984 0.154324
vt 0.998554 0.286974
vt 0.993802 0.286974
vt 0.997298 0.289180
vt 0.962575 0.150620
vt 0.964984 0.154324
vt 0.965111 0.150635
vt 0.962575 0.150620
vt 0.963016 0.154339
vt 0.964984 0.154324
vt 0.941702 0.208361
vt 0.939795 0.212250
vt 0.941807 0.212653
vt 0.939795 0.212250
vt 0.941702 0.208361
vt 0.939801 0.208653
vt 0.455385 0.850014
vt 0.456289 0.854197
vt 0.458267 0.854068
vt 0.458267 0.854068
vt 0.457363 0.849885
vt 0.455385 0.850014
vt 0.994023 0.407941
vt 0.998280 0.409515
vt 0.998283 0.407289
vt 0.998280 0.409515
vt 0.993802 0.411726
vt 0.998283 0.411743
vt 0.636857 0.395424
vt 0.633329 0.395288
vt 0.633329 0.480034
vt 0.633329 0.480034
vt 0.636857 0.480170
vt 0.636857 0.395424
vt 0.441419 0.818162
vt 0.435788 0.818162
vt 0.441419 0.904741
vt 0.310410 0.673922
vt 0.313211 0.590677
vt 0.310410 0.590892
vt 0.316744 0.673887
vt 0.316744 0.590857
vt 0.313211 0.590677
vt 0.313211 0.590677
vt 0.310410 0.673922
vt 0.313211 0.673707
vt 0.313211 0.590677
vt 0.313211 0.673707
vt 0.316744 0.673887
vt 0.435788 0.904741
vt 0.441419 0.904741
vt 0.435788 0.818162
vt 0.251036 0.918219
vt 0.250619 0.897194
vt 0.245398 0.897109
vt 0.245398 0.897109
vt 0.245398 0.918174
vt 0.251036 0.918219
vt 0.687226 0.818816
vt 0.694856 0.818816
vt 0.697510 0.754622
vt 0.697510 0.754622
vt 0.686066 0.754622
vt 0.687226 0.818816
vt 0.875522 0.919205
vt 0.881154 0.852961
vt 0.875522 0.852966
vt 0.965127 0.047835
vt 0.965126 0.050959
vt 0.966688 0.050857
vt 0.966688 0.050857
vt 0.965126 0.050959
vt 0.966296 0.055599
vt 0.966688 0.050857
vt 0.967079 0.048038
vt 0.965127 0.047835
vt 0.965126 0.050959
vt 0.965127 0.047835
vt 0.962589 0.051561
vt 0.993930 0.566145
vt 0.993802 0.568680
vt 0.997887 0.568680
vt 0.965124 0.040504
vt 0.964148 0.040402
vt 0.965515 0.042612
vt 0.963564 0.042409
vt 0.965515 0.042612
vt 0.964148 0.040402
vt 0.965515 0.042612
vt 0.963564 0.042409
vt 0.962589 0.047836
vt 0.962589 0.047836
vt 0.965127 0.047835
vt 0.965515 0.042612
vt 0.986321 0.774973
vt 0.982636 0.773589
vt 0.982636 0.774997
vt 0.936974 0.977188
vt 0.940122 0.974040
vt 0.939807 0.969947
vt 0.469064 0.970815
vt 0.473430 0.968426
vt 0.471618 0.967602
vt 0.982636 0.773589
vt 0.986321 0.774973
vt 0.986321 0.773566
vt 0.473430 0.968426
vt 0.469064 0.970815
vt 0.469558 0.972133
vt 0.965127 0.047835
vt 0.962589 0.047836
vt 0.962589 0.051561
vt 0.661208 0.201883
vt 0.667183 0.202177
vt 0.667183 0.183104
vt 0.667183 0.183104
vt 0.661208 0.182810
vt 0.661208 0.201883
vt 0.679996 0.532990
vt 0.680662 0.527367
vt 0.679985 0.527236
vt 0.679985 0.527236
vt 0.678643 0.532728
vt 0.679996 0.532990
vt 0.990411 0.773589
vt 0.986321 0.773566
vt 0.986321 0.774973
vt 0.986321 0.774973
vt 0.990411 0.774997
vt 0.990411 0.773589
vt 0.469064 0.970815
vt 0.464615 0.970980
vt 0.463544 0.972133
vt 0.469064 0.970815
vt 0.463544 0.972133
vt 0.469558 0.972133
vt 0.820784 0.699084
vt 0.820322 0.693214
vt 0.819385 0.693459
vt 0.819385 0.693459
vt 0.818918 0.698906
vt 0.820784 0.699084
vt 0.680662 0.537453
vt 0.679996 0.532990
vt 0.678643 0.532728
vt 0.820322 0.693214
vt 0.820784 0.699084
vt 0.822185 0.699051
vt 0.998490 0.339263
vt 0.993802 0.337684
vt 0.993802 0.339910
vt 0.821235 0.704182
vt 0.822185 0.699051
vt 0.820784 0.699084
vt 0.918602 0.847458
vt 0.933383 0.780809
vt 0.918602 0.780825
vt 0.001473 0.689468
vt 0.001508 0.704249
vt 0.148263 0.704249
vt 0.148263 0.704249
vt 0.148228 0.689468
vt 0.001473 0.689468
vt 0.201332 0.149293
vt 0.195327 0.210495
vt 0.200924 0.216161
vt 0.200924 0.216161
vt 0.195327 0.210495
vt 0.056664 0.209644
vt 0.933383 0.780809
vt 0.918602 0.847458
vt 0.933383 0.847441
vt 0.200924 0.216161
vt 0.056664 0.209644
vt 0.050998 0.215241
vt 0.155279 0.109803
vt 0.156687 0.109803
vt 0.154575 0.045044
vt 0.235719 0.129730
vt 0.239242 0.065257
vt 0.235723 0.065261
vt 0.586521 0.585757
vt 0.589682 0.586096
vt 0.589682 0.522908
vt 0.156687 0.045044
vt 0.154575 0.045044
vt 0.156687 0.109803
vt 0.589682 0.522908
vt 0.586521 0.522569
vt 0.586521 0.585757
vt 0.232503 0.018089
vt 0.230394 0.082847
vt 0.231802 0.082847
vt 0.239242 0.065257
vt 0.235719 0.129730
vt 0.239238 0.129726
vt 0.230394 0.082847
vt 0.232503 0.018089
vt 0.230392 0.018089
vt 0.868529 0.775804
vt 0.811762 0.773925
vt 0.811762 0.876099
vt 0.811762 0.876099
vt 0.872730 0.873548
vt 0.868529 0.775804
vt 0.099404 0.709810
vt 0.001568 0.710042
vt 0.001568 0.845773
vt 0.001568 0.845773
vt 0.099404 0.845541
vt 0.099404 0.709810
vt 0.880952 0.670866
vt 0.875341 0.670884
vt 0.881154 0.718727
vt 0.814941 0.312878
vt 0.814941 0.360740
vt 0.827487 0.366393
vt 0.827487 0.366393
vt 0.827487 0.312900
vt 0.814941 0.312878
vt 0.875542 0.718744
vt 0.881154 0.718727
vt 0.875341 0.670884
vt 0.798598 0.417383
vt 0.796494 0.417381
vt 0.796494 0.427938
vt 0.807022 0.882838
vt 0.807022 0.867353
vt 0.804910 0.867353
vt 0.796494 0.427938
vt 0.798598 0.427941
vt 0.798598 0.417383
vt 0.554301 0.956950
vt 0.543743 0.956975
vt 0.554301 0.972108
vt 0.804910 0.867353
vt 0.804910 0.882838
vt 0.807022 0.882838
vt 0.266199 0.592729
vt 0.264088 0.592729
vt 0.266199 0.608215
vt 0.543743 0.972133
vt 0.554301 0.972108
vt 0.543743 0.956975
vt 0.264088 0.608215
vt 0.266199 0.608215
vt 0.264088 0.592729
vt 0.300949 0.992341
vt 0.307284 0.986006
vt 0.300949 0.986006
vt 0.277163 0.971426
vt 0.270850 0.971426
vt 0.269576 0.980557
vt 0.144893 0.973100
vt 0.137480 0.982242
vt 0.143681 0.982242
vt 0.269576 0.980557
vt 0.277993 0.980557
vt 0.277163 0.971426
vt 0.307284 0.986006
vt 0.300949 0.992341
vt 0.307284 0.992341
vt 0.623263 0.971436
vt 0.617187 0.971436
vt 0.625063 0.980557
vt 0.307685 0.973225
vt 0.299577 0.967211
vt 0.299577 0.973413
vt 0.137480 0.982242
vt 0.144893 0.973100
vt 0.136625 0.973100
vt 0.299577 0.967211
vt 0.307685 0.973225
vt 0.307685 0.964956
vt 0.616963 0.980557
vt 0.625063 0.980557
vt 0.617187 0.971436
vt 0.790174 0.164687
vt 0.790174 0.156241
vt 0.788058 0.154830
vt 0.928028 0.860936
vt 0.930013 0.859046
vt 0.930013 0.851801
vt 0.788058 0.166796
vt 0.790174 0.164687
vt 0.788058 0.154830
vt 0.904304 0.563976
vt 0.906426 0.566095
vt 0.906426 0.554129
vt 0.930013 0.851801
vt 0.928028 0.850672
vt 0.928028 0.860936
vt 0.508811 0.700879
vt 0.508811 0.689716
vt 0.506823 0.691061
vt 0.906426 0.554129
vt 0.904304 0.555529
vt 0.904304 0.563976
vt 0.506823 0.691061
vt 0.506822 0.698941
vt 0.508811 0.700879
vt 0.307685 0.973225
vt 0.310004 0.975503
vt 0.310004 0.963788
vt 0.310004 0.963788
vt 0.307685 0.964956
vt 0.307685 0.973225
vt 0.901371 0.129281
vt 0.899267 0.129279
vt 0.899267 0.139837
vt 0.114567 0.840718
vt 0.114567 0.825232
vt 0.112455 0.825232
vt 0.899267 0.139837
vt 0.901371 0.139839
vt 0.901371 0.129281
vt 0.970448 0.665479
vt 0.959891 0.665504
vt 0.970448 0.680637
vt 0.112455 0.825232
vt 0.112455 0.840718
vt 0.114567 0.840718
vt 0.323483 0.934594
vt 0.321290 0.933500
vt 0.321290 0.945176
vt 0.321290 0.945176
vt 0.323483 0.942836
vt 0.323483 0.934594
vt 0.593052 0.250714
vt 0.590940 0.250714
vt 0.593052 0.266199
vt 0.959891 0.680662
vt 0.970448 0.680637
vt 0.959891 0.665504
vt 0.590940 0.266199
vt 0.593052 0.266199
vt 0.590940 0.250714
vt 0.080871 0.958475
vt 0.078882 0.959635
vt 0.078882 0.966897
vt 0.080871 0.958475
vt 0.078882 0.966897
vt 0.080871 0.968764
vt 0.582660 0.688650
vt 0.582660 0.699195
vt 0.584628 0.697190
vt 0.584628 0.697190
vt 0.584628 0.689747
vt 0.582660 0.688650
vt 0.077137 0.265087
vt 0.077137 0.274623
vt 0.079186 0.274404
vt 0.079186 0.274404
vt 0.079186 0.264867
vt 0.077137 0.265087
vt 0.875542 0.718744
vt 0.880952 0.741297
vt 0.881154 0.718727
vt 0.814941 0.360740
vt 0.818386 0.383272
vt 0.827487 0.366393
vt 0.488230 0.532971
vt 0.488230 0.542508
vt 0.490279 0.542288
vt 0.490279 0.542288
vt 0.490279 0.532751
vt 0.488230 0.532971
vt 0.880952 0.741297
vt 0.875542 0.718744
vt 0.875341 0.741315
vt 0.611585 0.912832
vt 0.606332 0.912777
vt 0.604985 0.928852
vt 0.829554 0.378363
vt 0.827487 0.366393
vt 0.818386 0.383272
vt 0.826654 0.397369
vt 0.829554 0.378363
vt 0.818386 0.383272
vt 0.604985 0.928852
vt 0.610238 0.928907
vt 0.611585 0.912832
vt 0.872730 0.670535
vt 0.866640 0.746117
vt 0.872730 0.746369
vt 0.866640 0.746117
vt 0.872730 0.670535
vt 0.866640 0.667474
vt 0.219209 0.591907
vt 0.219209 0.640226
vt 0.230819 0.638982
vt 0.230819 0.638982
vt 0.230818 0.590663
vt 0.219209 0.591907
vt 0.151506 0.870762
vt 0.122008 0.924959
vt 0.151633 0.924255
vt 0.662129 0.394728
vt 0.658622 0.394724
vt 0.658622 0.478481
vt 0.653705 0.478485
vt 0.653705 0.394726
vt 0.648882 0.394715
vt 0.658622 0.478481
vt 0.662129 0.478485
vt 0.662129 0.394728
vt 0.648882 0.394715
vt 0.648882 0.478474
vt 0.653705 0.478485
vt 0.640556 0.478458
vt 0.645281 0.478485
vt 0.640556 0.394709
vt 0.122008 0.924959
vt 0.151506 0.870762
vt 0.143186 0.848942
vt 0.122008 0.924959
vt 0.143186 0.848942
vt 0.121807 0.840496
vt 0.122008 0.924959
vt 0.121807 0.840496
vt 0.098402 0.848942
vt 0.090186 0.870762
vt 0.089625 0.924959
vt 0.122008 0.924959
vt 0.098402 0.848942
vt 0.090186 0.870762
vt 0.122008 0.924959
vt 0.908111 0.471539
vt 0.904696 0.547562
vt 0.908111 0.547196
vt 0.645281 0.394736
vt 0.640556 0.394709
vt 0.645281 0.478485
vt 0.904696 0.547562
vt 0.908111 0.471539
vt 0.904696 0.471905
vt 0.721958 0.704366
vt 0.722927 0.715604
vt 0.733673 0.704337
vt 0.734563 0.714981
vt 0.733673 0.704337
vt 0.722927 0.715604
vt 0.734576 0.726696
vt 0.734563 0.714981
vt 0.722927 0.715604
vt 0.826654 0.397369
vt 0.835755 0.388232
vt 0.829554 0.378363
vt 0.722927 0.715604
vt 0.722939 0.727319
vt 0.734576 0.726696
vt 0.746369 0.754118
vt 0.742850 0.754126
vt 0.742850 0.815446
vt 0.757307 0.481853
vt 0.761532 0.419207
vt 0.757307 0.419206
vt 0.742850 0.815446
vt 0.746369 0.815438
vt 0.746369 0.754118
vt 0.810392 0.425947
vt 0.806169 0.425948
vt 0.806169 0.488594
vt 0.806169 0.488594
vt 0.810392 0.488594
vt 0.810392 0.425947
vt 0.817131 0.491940
vt 0.817131 0.431861
vt 0.812908 0.431885
vt 0.761532 0.419207
vt 0.757307 0.481853
vt 0.761532 0.481855
vt 0.812908 0.431885
vt 0.812908 0.491963
vt 0.817131 0.491940
vt 0.982636 0.531733
vt 0.983877 0.534557
vt 0.989389 0.534557
vt 0.506823 0.691061
vt 0.503795 0.697974
vt 0.506822 0.698941
vt 0.989389 0.534557
vt 0.990904 0.531733
vt 0.982636 0.531733
vt 0.322003 0.986006
vt 0.322003 0.992341
vt 0.324814 0.988826
vt 0.506823 0.691061
vt 0.503795 0.692064
vt 0.503795 0.697974
vt 0.324814 0.988826
vt 0.327634 0.986006
vt 0.322003 0.986006
vt 0.327634 0.992341
vt 0.324814 0.988826
vt 0.322003 0.992341
vt 0.033994 0.986006
vt 0.033994 0.993165
vt 0.036145 0.988694
vt 0.990191 0.849096
vt 0.989499 0.845948
vt 0.983317 0.845948
vt 0.990191 0.849096
vt 0.983317 0.845948
vt 0.982636 0.849096
vt 0.327634 0.986006
vt 0.324814 0.988826
vt 0.327634 0.992341
vt 0.573780 0.991794
vt 0.573780 0.986006
vt 0.572258 0.986469
vt 0.190525 0.968151
vt 0.189010 0.968014
vt 0.190279 0.972826
vt 0.190279 0.972826
vt 0.192068 0.973610
vt 0.190525 0.968151
vt 0.572258 0.986469
vt 0.571708 0.992117
vt 0.573780 0.991794
vt 0.838083 0.986006
vt 0.835863 0.991468
vt 0.838083 0.991624
vt 0.838083 0.986006
vt 0.836013 0.986553
vt 0.835863 0.991468
vt 0.989774 0.505476
vt 0.982636 0.508307
vt 0.990936 0.508307
vt 0.192068 0.973610
vt 0.190279 0.972826
vt 0.189010 0.977188
vt 0.869193 0.275929
vt 0.868261 0.278677
vt 0.869646 0.279678
vt 0.871045 0.275556
vt 0.869193 0.275929
vt 0.869646 0.279678
vt 0.503332 0.673919
vt 0.505442 0.673922
vt 0.503328 0.671111
vt 0.877784 0.967079
vt 0.876710 0.963742
vt 0.875236 0.963364
vt 0.505440 0.671112
vt 0.503328 0.671111
vt 0.505442 0.673922
vt 0.205546 0.066943
vt 0.203442 0.066941
vt 0.203442 0.077499
vt 0.678977 0.668868
vt 0.678977 0.653382
vt 0.676865 0.653382
vt 0.203442 0.077499
vt 0.205546 0.077501
vt 0.205546 0.066943
vt 0.734576 0.956950
vt 0.724018 0.956975
vt 0.734576 0.972108
vt 0.676865 0.653382
vt 0.676865 0.668868
vt 0.678977 0.668868
vt 0.267884 0.621371
vt 0.265773 0.621371
vt 0.267884 0.636857
vt 0.724018 0.972133
vt 0.734576 0.972108
vt 0.724018 0.956975
vt 0.265773 0.636857
vt 0.267884 0.636857
vt 0.265773 0.621371
vt 0.749739 0.750719
vt 0.744811 0.746496
vt 0.680757 0.751424
vt 0.744811 0.607827
vt 0.744811 0.746496
vt 0.749739 0.750719
vt 0.922903 0.567780
vt 0.924959 0.501018
vt 0.916512 0.501018
vt 0.334466 0.692433
vt 0.334486 0.700879
vt 0.478465 0.692433
vt 0.776696 0.208916
vt 0.776696 0.144374
vt 0.764924 0.148354
vt 0.749739 0.603604
vt 0.744811 0.607827
vt 0.749739 0.750719
vt 0.683572 0.746496
vt 0.680757 0.751424
vt 0.744811 0.746496
vt 0.469618 0.548034
vt 0.524506 0.545909
vt 0.535768 0.538166
vt 0.535768 0.538166
vt 0.524506 0.545909
vt 0.524506 0.676832
vt 0.478485 0.700879
vt 0.478465 0.692433
vt 0.334486 0.700879
vt 0.524506 0.676832
vt 0.535768 0.685279
vt 0.535768 0.538166
vt 0.988974 0.680548
vt 0.984047 0.680548
vt 0.982636 0.683354
vt 0.994396 0.354751
vt 0.997499 0.354751
vt 0.998456 0.352298
vt 0.990378 0.683354
vt 0.988974 0.680548
vt 0.982636 0.683354
vt 0.994396 0.354751
vt 0.998456 0.352298
vt 0.993802 0.352298
vt 0.994293 0.157187
vt 0.993802 0.159662
vt 0.997803 0.157237
vt 0.988967 0.686861
vt 0.990378 0.683354
vt 0.982636 0.683354
vt 0.982636 0.683354
vt 0.984040 0.686861
vt 0.988967 0.686861
vt 0.982636 0.898935
vt 0.982636 0.903862
vt 0.984991 0.904556
vt 0.984991 0.904556
vt 0.984991 0.898221
vt 0.982636 0.898935
vt 0.997554 0.291259
vt 0.994409 0.291259
vt 0.993802 0.293657
vt 0.993802 0.293657
vt 0.998520 0.293657
vt 0.997554 0.291259
vt 0.503328 0.671111
vt 0.505440 0.671112
vt 0.503330 0.663368
vt 0.877784 0.956599
vt 0.875236 0.963364
vt 0.876710 0.963742
vt 0.869193 0.275929
vt 0.871045 0.275556
vt 0.868261 0.268431
vt 0.505442 0.663369
vt 0.503330 0.663368
vt 0.505440 0.671112
vt 0.875236 0.963364
vt 0.877784 0.956599
vt 0.876310 0.956221
vt 0.870112 0.268059
vt 0.868261 0.268431
vt 0.871045 0.275556
vt 0.978872 0.689909
vt 0.973945 0.689909
vt 0.973940 0.694140
vt 0.973940 0.694140
vt 0.978868 0.694140
vt 0.978872 0.689909
vt 0.984991 0.904556
vt 0.989814 0.898232
vt 0.984991 0.898221
vt 0.973945 0.689909
vt 0.978872 0.689909
vt 0.978868 0.684989
vt 0.998805 0.159662
vt 0.997803 0.157237
vt 0.993802 0.159662
vt 0.978868 0.684989
vt 0.973940 0.684989
vt 0.973945 0.689909
vt 0.989814 0.898232
vt 0.984991 0.904556
vt 0.989814 0.904567
vt 0.860562 0.970973
vt 0.862123 0.975503
vt 0.864306 0.974235
vt 0.864306 0.974235
vt 0.863167 0.971082
vt 0.860562 0.970973
vt 0.776823 0.661402
vt 0.776811 0.665640
vt 0.781750 0.661402
vt 0.781738 0.665640
vt 0.781750 0.661402
vt 0.776811 0.665640
vt 0.776823 0.670553
vt 0.781738 0.665640
vt 0.776811 0.665640
vt 0.781738 0.665640
vt 0.776823 0.670553
vt 0.781750 0.670553
vt 0.862025 0.965765
vt 0.863167 0.971082
vt 0.864306 0.967032
vt 0.863167 0.971082
vt 0.862025 0.965765
vt 0.860562 0.970973
vt 0.337423 0.992340
vt 0.342148 0.992366
vt 0.342148 0.986032
vt 0.342148 0.986032
vt 0.337423 0.986006
vt 0.337423 0.992340
vt 0.437260 0.760442
vt 0.439734 0.761532
vt 0.439734 0.713803
vt 0.126360 0.205546
vt 0.126360 0.079989
vt 0.123531 0.079805
vt 0.416147 0.704738
vt 0.368283 0.704740
vt 0.368283 0.770202
vt 0.416147 0.704738
vt 0.368283 0.770202
vt 0.368283 0.835664
vt 0.123531 0.079805
vt 0.123531 0.205363
vt 0.126360 0.205546
vt 0.368283 0.835664
vt 0.416147 0.835662
vt 0.416147 0.704738
vt 0.295022 0.748054
vt 0.298211 0.735368
vt 0.295022 0.735384
vt 0.972133 0.068367
vt 0.968619 0.068263
vt 0.968619 0.079082
vt 0.968619 0.079082
vt 0.972133 0.079186
vt 0.972133 0.068367
vt 0.887713 0.653705
vt 0.889578 0.647296
vt 0.887713 0.598753
vt 0.682347 0.757263
vt 0.679363 0.757287
vt 0.679363 0.769956
vt 0.707775 0.623378
vt 0.710988 0.610698
vt 0.707255 0.610698
vt 0.679363 0.769956
vt 0.681586 0.769940
vt 0.682347 0.757263
vt 0.322068 0.748054
vt 0.325168 0.748043
vt 0.322068 0.735386
vt 0.756478 0.189506
vt 0.753526 0.202177
vt 0.756478 0.202145
vt 0.298211 0.735368
vt 0.295022 0.748054
vt 0.298211 0.748037
vt 0.391621 0.430436
vt 0.391621 0.443104
vt 0.394245 0.443077
vt 0.753526 0.202177
vt 0.756478 0.189506
vt 0.753526 0.189538
vt 0.394245 0.443077
vt 0.394245 0.430409
vt 0.391621 0.430436
vt 0.769142 0.736260
vt 0.771641 0.723572
vt 0.769142 0.723591
vt 0.074131 0.265489
vt 0.071204 0.265182
vt 0.071204 0.276002
vt 0.071204 0.276002
vt 0.074131 0.276308
vt 0.074131 0.265489
vt 0.203862 0.127200
vt 0.200759 0.139802
vt 0.203862 0.139839
vt 0.710988 0.610698
vt 0.707775 0.623378
vt 0.710963 0.623368
vt 0.325168 0.735375
vt 0.322068 0.735386
vt 0.325168 0.748043
vt 0.200759 0.139802
vt 0.203862 0.127200
vt 0.200759 0.127163
vt 0.456219 0.371230
vt 0.456219 0.380766
vt 0.458267 0.380547
vt 0.458267 0.380547
vt 0.458267 0.371010
vt 0.456219 0.371230
vt 0.754793 0.733698
vt 0.751841 0.746369
vt 0.754793 0.746337
vt 0.771641 0.723572
vt 0.769142 0.736260
vt 0.771641 0.736242
vt 0.250097 0.231629
vt 0.250097 0.244297
vt 0.252721 0.244270
vt 0.751841 0.746369
vt 0.754793 0.733698
vt 0.751841 0.733730
vt 0.252721 0.244270
vt 0.252721 0.231602
vt 0.250097 0.231629
vt 0.772511 0.776696
vt 0.775011 0.764008
vt 0.772511 0.764026
vt 0.087610 0.263804
vt 0.084682 0.263498
vt 0.084682 0.274317
vt 0.084682 0.274317
vt 0.087610 0.274623
vt 0.087610 0.263804
vt 0.754793 0.656197
vt 0.751841 0.668868
vt 0.754793 0.668836
vt 0.775011 0.764008
vt 0.772511 0.776696
vt 0.775011 0.776677
vt 0.347816 0.363044
vt 0.347816 0.375712
vt 0.350440 0.375685
vt 0.751841 0.668868
vt 0.754793 0.656197
vt 0.751841 0.656229
vt 0.350440 0.375685
vt 0.350440 0.363017
vt 0.347816 0.363044
vt 0.647797 0.911480
vt 0.652020 0.858169
vt 0.647797 0.858174
vt 0.801968 0.001724
vt 0.797745 0.001734
vt 0.797745 0.138154
vt 0.797745 0.138154
vt 0.801968 0.138144
vt 0.801968 0.001724
vt 0.751842 0.539606
vt 0.798298 0.545940
vt 0.805337 0.539604
vt 0.805337 0.539604
vt 0.798298 0.545940
vt 0.798298 0.672640
vt 0.652020 0.858169
vt 0.647797 0.911480
vt 0.652020 0.911475
vt 0.805337 0.539604
vt 0.798298 0.672640
vt 0.805337 0.678975
vt 0.734152 0.801561
vt 0.737945 0.801968
vt 0.734152 0.756230
vt 0.225764 0.139815
vt 0.225764 0.018308
vt 0.221541 0.018332
vt 0.221541 0.018332
vt 0.221541 0.139839
vt 0.225764 0.139815
vt 0.798298 0.545940
vt 0.751842 0.539606
vt 0.751842 0.545941
vt 0.737945 0.756637
vt 0.734152 0.756230
vt 0.737945 0.801968
vt 0.808707 0.691555
vt 0.805723 0.691580
vt 0.805723 0.704249
vt 0.704380 0.601473
vt 0.707619 0.588799
vt 0.703741 0.588799
vt 0.805723 0.704249
vt 0.808648 0.704234
vt 0.808707 0.691555
vt 0.202248 0.104458
vt 0.205546 0.104458
vt 0.202337 0.091790
vt 0.968764 0.361150
vt 0.965786 0.361339
vt 0.965786 0.374027
vt 0.702720 0.699195
vt 0.705934 0.686515
vt 0.702201 0.686515
vt 0.965786 0.374027
vt 0.968705 0.373850
vt 0.968764 0.361150
vt 0.042301 0.224068
vt 0.045400 0.224079
vt 0.042191 0.211412
vt 0.099404 0.191181
vt 0.096306 0.203685
vt 0.099404 0.203862
vt 0.707619 0.588799
vt 0.704380 0.601473
vt 0.707425 0.601476
vt 0.205436 0.091802
vt 0.202337 0.091790
vt 0.205546 0.104458
vt 0.096306 0.203685
vt 0.099404 0.191181
vt 0.096306 0.191005
vt 0.005054 0.226603
vt 0.001952 0.239205
vt 0.005054 0.239242
vt 0.705934 0.686515
vt 0.702720 0.699195
vt 0.705908 0.699184
vt 0.045490 0.211412
vt 0.042191 0.211412
vt 0.045400 0.224079
vt 0.001952 0.239205
vt 0.005054 0.226603
vt 0.001952 0.226566
vt 0.964083 0.354713
vt 0.965394 0.355494
vt 0.963464 0.346853
vt 0.958655 0.491850
vt 0.957348 0.492189
vt 0.958655 0.502072
vt 0.600092 0.931085
vt 0.602108 0.931714
vt 0.599799 0.921133
vt 0.365603 0.808158
vt 0.364069 0.808697
vt 0.365603 0.818816
vt 0.598599 0.931922
vt 0.600092 0.931085
vt 0.598667 0.921641
vt 0.401925 0.943491
vt 0.403458 0.943297
vt 0.403149 0.934195
vt 0.965012 0.346929
vt 0.963464 0.346853
vt 0.965394 0.355494
vt 0.405283 0.934153
vt 0.403149 0.934195
vt 0.403458 0.943297
vt 0.484808 0.986006
vt 0.484808 0.992409
vt 0.485262 0.991891
vt 0.587106 0.652020
vt 0.587379 0.646370
vt 0.586693 0.646369
vt 0.262381 0.931698
vt 0.262830 0.926361
vt 0.261122 0.926459
vt 0.547282 0.474342
vt 0.548824 0.475115
vt 0.550640 0.465055
vt 0.635172 0.938437
vt 0.635172 0.928501
vt 0.634301 0.928580
vt 0.547282 0.474342
vt 0.550640 0.465055
vt 0.549103 0.464917
vt 0.549103 0.464917
vt 0.547562 0.464144
vt 0.546428 0.474128
vt 0.502779 0.874254
vt 0.503757 0.874414
vt 0.503757 0.865107
vt 0.359515 0.400680
vt 0.362233 0.391868
vt 0.360847 0.390928
vt 0.982636 0.263678
vt 0.983437 0.265591
vt 0.991374 0.263678
vt 0.744927 0.401010
vt 0.818816 0.401231
vt 0.818799 0.396808
vt 0.914850 0.840769
vt 0.905779 0.841270
vt 0.903675 0.916535
vt 0.818799 0.396808
vt 0.743503 0.395902
vt 0.744927 0.401010
vt 0.903675 0.916535
vt 0.914850 0.916078
vt 0.914850 0.840769
vt 0.441419 0.337322
vt 0.438884 0.411093
vt 0.441419 0.411047
vt 0.425375 0.789784
vt 0.543615 0.788438
vt 0.543038 0.724365
vt 0.438884 0.411093
vt 0.441419 0.337322
vt 0.437196 0.338018
vt 0.543038 0.724365
vt 0.469826 0.724365
vt 0.425375 0.789784
vt 0.810695 0.164933
vt 0.809838 0.176445
vt 0.811313 0.176905
vt 0.811313 0.176905
vt 0.812077 0.164696
vt 0.810695 0.164933
vt 0.810695 0.164933
vt 0.808864 0.176587
vt 0.809838 0.176445
vt 0.808864 0.176587
vt 0.810695 0.164933
vt 0.809314 0.165169
vt 0.174396 0.764902
vt 0.175220 0.753642
vt 0.174396 0.753516
vt 0.362233 0.391868
vt 0.359515 0.400680
vt 0.361580 0.401735
vt 0.208284 0.933383
vt 0.208916 0.922167
vt 0.208284 0.921892
vt 0.923894 0.072248
vt 0.924959 0.071993
vt 0.924639 0.061604
vt 0.728985 0.910840
vt 0.727465 0.911230
vt 0.728508 0.921589
vt 0.101376 0.177690
vt 0.102773 0.166232
vt 0.101884 0.166654
vt 0.101884 0.166654
vt 0.100084 0.177211
vt 0.101376 0.177690
vt 0.325436 0.726151
vt 0.326852 0.725622
vt 0.325436 0.714799
vt 0.994023 0.173451
vt 0.998716 0.174988
vt 0.998495 0.173427
vt 0.262830 0.917224
vt 0.261122 0.917321
vt 0.261884 0.921952
vt 0.586693 0.641647
vt 0.587997 0.642281
vt 0.586897 0.636629
vt 0.261122 0.917321
vt 0.258900 0.917661
vt 0.261884 0.921952
vt 0.993802 0.176348
vt 0.998716 0.177217
vt 0.998716 0.174988
vt 0.259314 0.922524
vt 0.261884 0.921952
vt 0.258900 0.917661
vt 0.889803 0.986006
vt 0.888186 0.990142
vt 0.889803 0.991500
vt 0.993802 0.381447
vt 0.998396 0.383305
vt 0.998396 0.380403
vt 0.998309 0.454298
vt 0.993802 0.454298
vt 0.997089 0.456160
vt 0.963172 0.341846
vt 0.963464 0.346853
vt 0.965012 0.346929
vt 0.965012 0.346929
vt 0.965394 0.341961
vt 0.963172 0.341846
vt 0.404235 0.928652
vt 0.403728 0.924461
vt 0.401925 0.924001
vt 0.403728 0.924461
vt 0.404235 0.928652
vt 0.405974 0.924606
vt 0.587997 0.642281
vt 0.586693 0.646369
vt 0.587379 0.646370
vt 0.261884 0.921952
vt 0.261122 0.926459
vt 0.262830 0.926361
vt 0.586693 0.646369
vt 0.587997 0.642281
vt 0.586693 0.641647
vt 0.261122 0.926459
vt 0.261884 0.921952
vt 0.259314 0.922524
vt 0.810351 0.158383
vt 0.810695 0.164933
vt 0.812077 0.164696
vt 0.645281 0.805337
vt 0.645281 0.798575
vt 0.643282 0.799039
vt 0.404235 0.928652
vt 0.406038 0.929113
vt 0.405974 0.924606
vt 0.405283 0.934153
vt 0.406038 0.929113
vt 0.404235 0.928652
vt 0.404235 0.928652
vt 0.403149 0.934195
vt 0.405283 0.934153
vt 0.600686 0.937789
vt 0.603161 0.936967
vt 0.602108 0.931714
vt 0.602108 0.931714
vt 0.600092 0.931085
vt 0.600686 0.937789
vt 0.600686 0.937789
vt 0.603028 0.942129
vt 0.603161 0.936967
vt 0.550932 0.456764
vt 0.549103 0.464917
vt 0.550640 0.465055
vt 0.547562 0.464144
vt 0.549103 0.464917
vt 0.549394 0.456627
vt 0.547562 0.464144
vt 0.549394 0.456627
vt 0.547175 0.456567
vt 0.549103 0.464917
vt 0.550932 0.456764
vt 0.549394 0.456627
vt 0.359515 0.400680
vt 0.357753 0.401113
vt 0.356222 0.409428
vt 0.356222 0.409428
vt 0.358574 0.410515
vt 0.359515 0.400680
vt 0.359515 0.400680
vt 0.358574 0.410515
vt 0.361580 0.401735
vt 0.550890 0.449797
vt 0.549394 0.456627
vt 0.550932 0.456764
vt 0.547136 0.450235
vt 0.547175 0.456567
vt 0.549394 0.456627
vt 0.549394 0.456627
vt 0.550890 0.449797
vt 0.548842 0.450029
vt 0.185004 0.207231
vt 0.187013 0.200881
vt 0.185169 0.200460
vt 0.962212 0.896583
vt 0.959295 0.895665
vt 0.958813 0.901880
vt 0.962212 0.896583
vt 0.958813 0.901880
vt 0.961437 0.902868
vt 0.362087 0.410395
vt 0.361580 0.401735
vt 0.358574 0.410515
vt 0.359908 0.415771
vt 0.362087 0.410395
vt 0.358574 0.410515
vt 0.548842 0.450029
vt 0.550890 0.449797
vt 0.550008 0.445158
vt 0.187013 0.200881
vt 0.185004 0.196016
vt 0.185169 0.200460
vt 0.535407 0.989516
vt 0.535410 0.986979
vt 0.530491 0.986006
vt 0.812077 0.153589
vt 0.809628 0.153272
vt 0.810351 0.158383
vt 0.643282 0.799039
vt 0.645281 0.798575
vt 0.645094 0.792779
vt 0.535407 0.989516
vt 0.531076 0.990690
vt 0.535410 0.992054
vt 0.807995 0.158761
vt 0.810351 0.158383
vt 0.809628 0.153272
vt 0.807272 0.153650
vt 0.807995 0.158761
vt 0.809628 0.153272
vt 0.810695 0.164933
vt 0.810351 0.158383
vt 0.809314 0.165169
vt 0.810351 0.158383
vt 0.807995 0.158761
vt 0.809314 0.165169
vt 0.958813 0.909997
vt 0.961437 0.902868
vt 0.958813 0.901880
vt 0.600915 0.942622
vt 0.603161 0.948084
vt 0.603028 0.942129
vt 0.603028 0.942129
vt 0.600686 0.937789
vt 0.600915 0.942622
vt 0.599085 0.948546
vt 0.600915 0.942622
vt 0.599006 0.943190
vt 0.598158 0.938012
vt 0.600686 0.937789
vt 0.600092 0.931085
vt 0.598599 0.931922
vt 0.598158 0.938012
vt 0.600092 0.931085
vt 0.600686 0.937789
vt 0.598158 0.938012
vt 0.599006 0.943190
vt 0.599006 0.943190
vt 0.600915 0.942622
vt 0.600686 0.937789
vt 0.102050 0.184677
vt 0.101376 0.177690
vt 0.100084 0.177211
vt 0.099731 0.184577
vt 0.102050 0.184677
vt 0.100084 0.177211
vt 0.100084 0.177211
vt 0.098162 0.184014
vt 0.099731 0.184577
vt 0.593046 0.986647
vt 0.594590 0.992080
vt 0.594590 0.986006
vt 0.924959 0.071993
vt 0.923894 0.072248
vt 0.924959 0.077501
vt 0.727465 0.911230
vt 0.728985 0.910840
vt 0.727465 0.905439
vt 0.965295 0.511092
vt 0.965185 0.516694
vt 0.967079 0.516336
vt 0.729521 0.905886
vt 0.727465 0.905439
vt 0.728985 0.910840
vt 0.964624 0.632051
vt 0.973774 0.632051
vt 0.964668 0.625976
vt 0.973795 0.638542
vt 0.973774 0.632051
vt 0.964624 0.632051
vt 0.964624 0.632051
vt 0.964645 0.638542
vt 0.973795 0.638542
vt 0.966665 0.518814
vt 0.967079 0.516336
vt 0.965185 0.516694
vt 0.965185 0.516694
vt 0.963227 0.516478
vt 0.965133 0.519168
vt 0.965133 0.519168
vt 0.966665 0.518814
vt 0.965185 0.516694
vt 0.962948 0.519449
vt 0.965133 0.519168
vt 0.963227 0.516478
vt 0.102050 0.184677
vt 0.099731 0.184577
vt 0.102773 0.188698
vt 0.966665 0.518814
vt 0.965133 0.519168
vt 0.967079 0.523340
vt 0.965133 0.519168
vt 0.962948 0.519449
vt 0.963361 0.523975
vt 0.973818 0.625976
vt 0.964668 0.625976
vt 0.973774 0.632051
vt 0.018533 0.269927
vt 0.014031 0.264996
vt 0.007098 0.264996
vt 0.013601 0.281363
vt 0.018533 0.269927
vt 0.007098 0.264996
vt 0.007098 0.264996
vt 0.002167 0.269499
vt 0.002167 0.276431
vt 0.007098 0.264996
vt 0.002167 0.276431
vt 0.013601 0.281363
vt 0.968018 0.351598
vt 0.969884 0.346991
vt 0.968018 0.346475
vt 0.969884 0.352114
vt 0.972133 0.351510
vt 0.969884 0.346991
vt 0.968018 0.351598
vt 0.969884 0.352114
vt 0.969884 0.346991
vt 0.362087 0.410395
vt 0.359908 0.415771
vt 0.362233 0.416147
vt 0.972133 0.351510
vt 0.969884 0.352114
vt 0.972092 0.357179
vt 0.969884 0.352114
vt 0.968018 0.351598
vt 0.968614 0.357108
vt 0.171956 0.973092
vt 0.171956 0.982242
vt 0.178589 0.973083
vt 0.178589 0.982233
vt 0.178589 0.973083
vt 0.171956 0.982242
vt 0.616398 0.843506
vt 0.607270 0.843506
vt 0.616639 0.849526
vt 0.607511 0.849526
vt 0.616639 0.849526
vt 0.607270 0.843506
vt 0.013601 0.281363
vt 0.018533 0.276860
vt 0.018533 0.269927
vt 0.962749 0.911480
vt 0.963709 0.903487
vt 0.961437 0.902868
vt 0.991056 0.315218
vt 0.990450 0.308384
vt 0.982636 0.308384
vt 0.982636 0.308384
vt 0.983242 0.315218
vt 0.991056 0.315218
vt 0.980557 0.337917
vt 0.973883 0.337921
vt 0.973883 0.347070
vt 0.973883 0.347070
vt 0.980557 0.347066
vt 0.980557 0.337917
vt 0.006669 0.281363
vt 0.013601 0.281363
vt 0.002167 0.276431
vt 0.835755 0.388232
vt 0.826654 0.397369
vt 0.840434 0.406552
vt 0.840434 0.406552
vt 0.845401 0.394590
vt 0.835755 0.388232
vt 0.722939 0.727319
vt 0.721958 0.737945
vt 0.734576 0.726696
vt 0.606508 0.944604
vt 0.611585 0.945176
vt 0.610238 0.928907
vt 0.610238 0.928907
vt 0.604985 0.928852
vt 0.606508 0.944604
vt 0.845401 0.394590
vt 0.840434 0.406552
vt 0.857802 0.396731
vt 0.733594 0.737322
vt 0.734576 0.726696
vt 0.721958 0.737945
vt 0.003187 0.860757
vt 0.015163 0.848093
vt 0.003195 0.848092
vt 0.837349 0.879709
vt 0.831722 0.879706
vt 0.831675 0.897284
vt 0.857658 0.409408
vt 0.857802 0.396731
vt 0.840434 0.406552
vt 0.831675 0.897284
vt 0.837306 0.897291
vt 0.837349 0.879709
vt 0.015163 0.848093
vt 0.003187 0.860757
vt 0.015156 0.860758
vt 0.421202 0.765693
vt 0.418702 0.765711
vt 0.418702 0.778381
vt 0.741315 0.610708
vt 0.738363 0.623378
vt 0.741315 0.623347
vt 0.418702 0.778381
vt 0.421202 0.778362
vt 0.421202 0.765693
vt 0.289787 0.644570
vt 0.286859 0.644264
vt 0.286859 0.655083
vt 0.286859 0.655083
vt 0.289787 0.655390
vt 0.289787 0.644570
vt 0.455644 0.336087
vt 0.455644 0.348755
vt 0.458267 0.348728
vt 0.738363 0.623378
vt 0.741315 0.610708
vt 0.738363 0.610739
vt 0.458267 0.348728
vt 0.458267 0.336060
vt 0.455644 0.336087
vt 0.784305 0.756478
vt 0.786804 0.743790
vt 0.784305 0.743809
vt 0.833979 0.331196
vt 0.831051 0.330890
vt 0.831051 0.341709
vt 0.831051 0.341709
vt 0.833979 0.342016
vt 0.833979 0.331196
vt 0.769956 0.187821
vt 0.767004 0.200492
vt 0.769956 0.200460
vt 0.786804 0.743790
vt 0.784305 0.756478
vt 0.786804 0.756459
vt 0.364664 0.411903
vt 0.364664 0.424571
vt 0.367288 0.424544
vt 0.767004 0.200492
vt 0.769956 0.187821
vt 0.767004 0.187853
vt 0.367288 0.424544
vt 0.367288 0.411876
vt 0.364664 0.411903
vt 0.857658 0.409408
vt 0.869515 0.394647
vt 0.857802 0.396731
vt 0.003187 0.860757
vt 0.003195 0.872728
vt 0.015163 0.872730
vt 0.015163 0.872730
vt 0.015156 0.860758
vt 0.003187 0.860757
vt 0.869515 0.394647
vt 0.857658 0.409408
vt 0.874194 0.406632
vt 0.864708 0.281874
vt 0.865990 0.270311
vt 0.855478 0.269435
vt 0.874194 0.406632
vt 0.879161 0.388335
vt 0.869515 0.394647
vt 0.855478 0.269435
vt 0.854196 0.280998
vt 0.864708 0.281874
vt 0.837306 0.897291
vt 0.831675 0.897284
vt 0.831677 0.914196
vt 0.831677 0.914196
vt 0.837303 0.914200
vt 0.837306 0.897291
vt 0.785990 0.461637
vt 0.788489 0.448949
vt 0.785990 0.448967
vt 0.828925 0.464296
vt 0.825997 0.463990
vt 0.825997 0.474809
vt 0.825997 0.474809
vt 0.828925 0.475115
vt 0.828925 0.464296
vt 0.353809 0.344468
vt 0.350441 0.357179
vt 0.353809 0.357107
vt 0.788489 0.448949
vt 0.785990 0.461637
vt 0.788489 0.461618
vt 0.561111 0.716043
vt 0.564410 0.716019
vt 0.561111 0.703375
vt 0.350441 0.357179
vt 0.353809 0.344468
vt 0.350441 0.344540
vt 0.564410 0.703351
vt 0.561111 0.703375
vt 0.564410 0.716019
vt 0.780065 0.771623
vt 0.780065 0.758953
vt 0.777566 0.758972
vt 0.808707 0.710278
vt 0.805779 0.709971
vt 0.805779 0.720791
vt 0.777566 0.758972
vt 0.777566 0.771641
vt 0.780065 0.771623
vt 0.805779 0.720791
vt 0.808707 0.721097
vt 0.808707 0.710278
vt 0.301581 0.312529
vt 0.301581 0.325168
vt 0.304950 0.325096
vt 0.304950 0.325096
vt 0.304950 0.312457
vt 0.301581 0.312529
vt 0.704320 0.438050
vt 0.707619 0.438026
vt 0.704320 0.425382
vt 0.707619 0.425358
vt 0.704320 0.425382
vt 0.707619 0.438026
vt 0.543615 0.788438
vt 0.425375 0.789784
vt 0.472388 0.852496
vt 0.472388 0.852496
vt 0.544192 0.852512
vt 0.543615 0.788438
vt 0.616639 0.849526
vt 0.607511 0.849526
vt 0.616495 0.855882
vt 0.607367 0.855882
vt 0.616495 0.855882
vt 0.607511 0.849526
vt 0.991415 0.095431
vt 0.983150 0.095431
vt 0.990901 0.102260
vt 0.982636 0.102260
vt 0.990901 0.102260
vt 0.983150 0.095431
vt 0.994455 0.032482
vt 0.993802 0.035984
vt 0.998090 0.035984
vt 0.585545 0.975340
vt 0.587474 0.969575
vt 0.584911 0.972055
vt 0.994455 0.032482
vt 0.998090 0.035984
vt 0.998852 0.032477
vt 0.998290 0.437319
vt 0.993802 0.434378
vt 0.993802 0.437441
vt 0.971306 0.986006
vt 0.968014 0.987082
vt 0.971306 0.991216
vt 0.587414 0.978305
vt 0.590941 0.970142
vt 0.587474 0.969575
vt 0.904210 0.991374
vt 0.907260 0.989618
vt 0.904210 0.986006
vt 0.587474 0.969575
vt 0.585545 0.975340
vt 0.587414 0.978305
vt 0.998839 0.030399
vt 0.998535 0.026623
vt 0.993802 0.026623
vt 0.993802 0.026623
vt 0.994111 0.028825
vt 0.998839 0.030399
vt 0.590881 0.978872
vt 0.593052 0.971686
vt 0.590941 0.970142
vt 0.587414 0.978305
vt 0.590881 0.978872
vt 0.590941 0.970142
vt 0.628160 0.890426
vt 0.626538 0.895957
vt 0.631802 0.891955
vt 0.198340 0.964346
vt 0.203862 0.956649
vt 0.198429 0.956594
vt 0.827484 0.656277
vt 0.823749 0.657691
vt 0.828925 0.661548
vt 0.192639 0.956594
vt 0.198340 0.964346
vt 0.198429 0.956594
vt 0.993802 0.252246
vt 0.998642 0.254007
vt 0.998642 0.251432
vt 0.445757 0.986829
vt 0.440351 0.986006
vt 0.440351 0.989595
vt 0.440351 0.989595
vt 0.445280 0.990284
vt 0.445757 0.986829
vt 0.626538 0.895957
vt 0.631154 0.895958
vt 0.631802 0.891955
vt 0.631802 0.899915
vt 0.631154 0.895958
vt 0.626538 0.895957
vt 0.203862 0.956649
vt 0.198340 0.964346
vt 0.203072 0.964397
vt 0.832294 0.414269
vt 0.829009 0.407227
vt 0.824107 0.409120
vt 0.626538 0.895957
vt 0.628160 0.901371
vt 0.631802 0.899915
vt 0.824107 0.409120
vt 0.826748 0.416408
vt 0.832294 0.414269
vt 0.541761 0.986006
vt 0.542114 0.989722
vt 0.546892 0.986016
vt 0.847398 0.991667
vt 0.848471 0.989588
vt 0.847398 0.986006
vt 0.593052 0.971686
vt 0.590881 0.978872
vt 0.593052 0.977288
vt 0.546500 0.988788
vt 0.546892 0.986016
vt 0.542114 0.989722
vt 0.542172 0.992040
vt 0.546500 0.988788
vt 0.542114 0.989722
vt 0.546500 0.988788
vt 0.542172 0.992040
vt 0.546892 0.991969
vt 0.975503 0.897909
vt 0.975503 0.893187
vt 0.972040 0.890983
vt 0.972040 0.890983
vt 0.967948 0.890668
vt 0.965115 0.894446
vt 0.972040 0.890983
vt 0.965115 0.894446
vt 0.968577 0.901371
vt 0.968577 0.901371
vt 0.975503 0.897909
vt 0.972040 0.890983
vt 0.823749 0.657691
vt 0.824614 0.662043
vt 0.828925 0.661548
vt 0.993802 0.319439
vt 0.993802 0.322952
vt 0.998445 0.320269
vt 0.997721 0.234934
vt 0.993802 0.234934
vt 0.994293 0.237789
vt 0.994293 0.237789
vt 0.998650 0.238554
vt 0.997721 0.234934
vt 0.445280 0.990284
vt 0.440351 0.989595
vt 0.440370 0.992206
vt 0.990685 0.578955
vt 0.982636 0.574845
vt 0.982636 0.580196
vt 0.193253 0.964349
vt 0.198015 0.972133
vt 0.198340 0.964346
vt 0.198340 0.964346
vt 0.192639 0.956594
vt 0.193253 0.964349
vt 0.982636 0.574845
vt 0.990685 0.578955
vt 0.990393 0.576116
vt 0.829009 0.407227
vt 0.824700 0.400557
vt 0.821992 0.401597
vt 0.821992 0.401597
vt 0.824107 0.409120
vt 0.829009 0.407227
vt 0.998779 0.213031
vt 0.996290 0.211538
vt 0.993802 0.213031
vt 0.982636 0.582276
vt 0.983945 0.585119
vt 0.990806 0.582276
vt 0.385931 0.987012
vt 0.387561 0.988958
vt 0.388654 0.986006
vt 0.990780 0.548854
vt 0.984505 0.544387
vt 0.982636 0.548854
vt 0.198015 0.972133
vt 0.193253 0.964349
vt 0.195150 0.972129
vt 0.558182 0.951528
vt 0.560698 0.954434
vt 0.562725 0.945141
vt 0.384838 0.989964
vt 0.388654 0.992386
vt 0.387561 0.988958
vt 0.387561 0.988958
vt 0.385931 0.987012
vt 0.384838 0.989964
vt 0.821992 0.418193
vt 0.828404 0.419517
vt 0.826748 0.416408
vt 0.824107 0.409120
vt 0.821992 0.418193
vt 0.826748 0.416408
vt 0.998418 0.359846
vt 0.996732 0.356830
vt 0.993802 0.359846
vt 0.815644 0.412536
vt 0.819371 0.414462
vt 0.816397 0.409333
vt 0.965115 0.894446
vt 0.965429 0.898223
vt 0.968577 0.901371
vt 0.820501 0.409313
vt 0.816397 0.409333
vt 0.819371 0.414462
vt 0.286992 0.737691
vt 0.283064 0.746369
vt 0.288751 0.745284
vt 0.288751 0.745284
vt 0.291471 0.736548
vt 0.286992 0.737691
vt 0.816397 0.409333
vt 0.820501 0.409313
vt 0.815644 0.404956
vt 0.283064 0.746369
vt 0.286992 0.737691
vt 0.281866 0.738687
vt 0.935067 0.963709
vt 0.934539 0.956440
vt 0.929085 0.963709
vt 0.819371 0.403437
vt 0.815644 0.404956
vt 0.820501 0.409313
vt 0.287068 0.729435
vt 0.286992 0.737691
vt 0.291471 0.736548
vt 0.256133 0.918219
vt 0.257775 0.909085
vt 0.255369 0.910102
vt 0.286992 0.737691
vt 0.284909 0.730025
vt 0.281866 0.738687
vt 0.255369 0.901650
vt 0.255369 0.910102
vt 0.257775 0.909085
vt 0.284909 0.730025
vt 0.281866 0.730630
vt 0.281866 0.738687
vt 0.282665 0.722322
vt 0.281866 0.730630
vt 0.284909 0.730025
vt 0.561532 0.962024
vt 0.562725 0.953898
vt 0.560698 0.954434
vt 0.560698 0.954434
vt 0.562725 0.953898
vt 0.562725 0.945141
vt 0.982636 0.630605
vt 0.990719 0.630605
vt 0.984079 0.628862
vt 0.998259 0.490992
vt 0.993802 0.490992
vt 0.996192 0.492458
vt 0.929236 0.956333
vt 0.929085 0.963709
vt 0.934539 0.956440
vt 0.930374 0.948175
vt 0.929236 0.956333
vt 0.934539 0.956440
vt 0.827484 0.667183
vt 0.828925 0.661548
vt 0.824614 0.662043
vt 0.968577 0.901371
vt 0.972984 0.900742
vt 0.975503 0.897909
vt 0.824614 0.662043
vt 0.823749 0.665622
vt 0.827484 0.667183
vt 0.652870 0.681179
vt 0.658163 0.680971
vt 0.658759 0.673874
vt 0.658759 0.673874
vt 0.652870 0.674251
vt 0.652870 0.681179
vt 0.652870 0.681179
vt 0.657117 0.689060
vt 0.658163 0.680971
vt 0.657117 0.689060
vt 0.652870 0.681179
vt 0.653986 0.689086
vt 0.810044 0.962024
vt 0.814493 0.962024
vt 0.815446 0.958539
vt 0.815446 0.958539
vt 0.809447 0.958544
vt 0.810044 0.962024
vt 0.809447 0.958544
vt 0.815446 0.958539
vt 0.814976 0.950781
vt 0.814976 0.950781
vt 0.809652 0.950789
vt 0.809447 0.958544
vt 0.809652 0.950789
vt 0.814976 0.950781
vt 0.813554 0.942989
vt 0.813554 0.942989
vt 0.810455 0.942997
vt 0.809652 0.950789
vt 0.622640 0.823297
vt 0.628433 0.826974
vt 0.628433 0.822547
vt 0.760458 0.684705
vt 0.756955 0.687534
vt 0.804484 0.752440
vt 0.080571 0.849608
vt 0.080571 0.918219
vt 0.087610 0.918193
vt 0.760458 0.684705
vt 0.804484 0.752440
vt 0.808707 0.752411
vt 0.087610 0.918193
vt 0.087610 0.849582
vt 0.080571 0.849608
vt 0.628433 0.826974
vt 0.622640 0.823297
vt 0.620902 0.827949
vt 0.628433 0.826974
vt 0.620902 0.827949
vt 0.623923 0.833979
vt 0.756955 0.687534
vt 0.752779 0.692591
vt 0.804484 0.752440
vt 0.623923 0.833979
vt 0.627961 0.833574
vt 0.628433 0.826974
vt 0.171124 0.683630
vt 0.178867 0.683612
vt 0.180274 0.638135
vt 0.417255 0.421587
vt 0.408608 0.441518
vt 0.416350 0.441566
vt 0.180274 0.638135
vt 0.172532 0.638154
vt 0.171124 0.683630
vt 0.416350 0.441566
vt 0.460179 0.421791
vt 0.417255 0.421587
vt 0.912891 0.173535
vt 0.905030 0.096826
vt 0.905175 0.173535
vt 0.408608 0.441518
vt 0.417255 0.421587
vt 0.374642 0.377137
vt 0.409544 0.312465
vt 0.374642 0.377137
vt 0.408608 0.441518
vt 0.067017 0.849627
vt 0.067017 0.861340
vt 0.076093 0.849687
vt 0.930013 0.865860
vt 0.918047 0.931698
vt 0.930013 0.931651
vt 0.692086 0.610151
vt 0.682994 0.616647
vt 0.726980 0.675255
vt 0.692086 0.610151
vt 0.726980 0.675255
vt 0.739630 0.675047
vt 0.432063 0.409081
vt 0.432995 0.336562
vt 0.428027 0.336349
vt 0.428027 0.411093
vt 0.432063 0.409081
vt 0.428027 0.336349
vt 0.067017 0.861340
vt 0.067017 0.919904
vt 0.077501 0.918582
vt 0.076093 0.860021
vt 0.076093 0.849687
vt 0.067017 0.861340
vt 0.077501 0.918582
vt 0.076093 0.860021
vt 0.067017 0.861340
vt 0.918047 0.931698
vt 0.930013 0.865860
vt 0.918047 0.865907
vt 0.485224 0.959229
vt 0.479660 0.956885
vt 0.477359 0.961300
vt 0.183644 0.744943
vt 0.178645 0.744420
vt 0.183644 0.842403
vt 0.480000 0.970448
vt 0.485224 0.959229
vt 0.477359 0.961300
vt 0.298113 0.663814
vt 0.307900 0.591131
vt 0.298113 0.590574
vt 0.635172 0.963853
vt 0.625400 0.951381
vt 0.625400 0.967079
vt 0.842403 0.507233
vt 0.825359 0.506237
vt 0.842403 0.604845
vt 0.249694 0.660011
vt 0.320108 0.717727
vt 0.325168 0.709306
vt 0.249233 0.648070
vt 0.249694 0.660011
vt 0.325168 0.709306
vt 0.171850 0.748136
vt 0.165293 0.747777
vt 0.171850 0.845773
vt 0.178645 0.744420
vt 0.178645 0.841880
vt 0.183644 0.842403
vt 0.485224 0.965110
vt 0.485224 0.959229
vt 0.480000 0.970448
vt 0.790148 0.648105
vt 0.795229 0.550124
vt 0.789833 0.550113
vt 0.625400 0.951381
vt 0.635172 0.963853
vt 0.635172 0.949967
vt 0.825359 0.603850
vt 0.842403 0.604845
vt 0.825359 0.506237
vt 0.165293 0.845414
vt 0.171850 0.845773
vt 0.165293 0.747777
vt 0.790148 0.648105
vt 0.795229 0.648650
vt 0.795229 0.550124
vt 0.298113 0.663814
vt 0.308320 0.660480
vt 0.307900 0.591131
vt 0.901371 0.901954
vt 0.901371 0.814570
vt 0.885560 0.815671
vt 0.885560 0.815671
vt 0.885560 0.903056
vt 0.901371 0.901954
vt 0.962334 0.334844
vt 0.964699 0.334893
vt 0.967753 0.326848
vt 0.968764 0.340331
vt 0.964699 0.334893
vt 0.962334 0.334844
vt 0.330222 0.697112
vt 0.327714 0.706166
vt 0.330222 0.707619
vt 0.684031 0.773407
vt 0.681903 0.774502
vt 0.681903 0.782770
vt 0.684031 0.773407
vt 0.681903 0.782770
vt 0.684031 0.785120
vt 0.611153 0.810219
vt 0.611153 0.822185
vt 0.613269 0.820077
vt 0.964699 0.334893
vt 0.968764 0.328896
vt 0.967753 0.326848
vt 0.982636 0.755379
vt 0.989082 0.757979
vt 0.990362 0.755379
vt 0.982636 0.520056
vt 0.983546 0.522269
vt 0.989039 0.522736
vt 0.327714 0.706166
vt 0.330222 0.697112
vt 0.327239 0.698473
vt 0.989039 0.522736
vt 0.990932 0.520056
vt 0.982636 0.520056
vt 0.822761 0.991627
vt 0.824110 0.991682
vt 0.824110 0.986061
vt 0.841701 0.986006
vt 0.840162 0.990986
vt 0.841701 0.991646
vt 0.824110 0.986061
vt 0.822761 0.986006
vt 0.822761 0.991627
vt 0.998861 0.191265
vt 0.998251 0.190493
vt 0.993802 0.191265
vt 0.714734 0.986006
vt 0.717539 0.988814
vt 0.720365 0.986006
vt 0.720365 0.986006
vt 0.717539 0.988814
vt 0.720365 0.991637
vt 0.989082 0.757979
vt 0.982636 0.755379
vt 0.983840 0.758332
vt 0.717539 0.988814
vt 0.714734 0.986006
vt 0.714734 0.991637
vt 0.714734 0.991637
vt 0.720365 0.991637
vt 0.717539 0.988814
vt 0.858132 0.986006
vt 0.856796 0.990899
vt 0.858132 0.991627
vt 0.987572 0.572766
vt 0.987617 0.571072
vt 0.982636 0.569971
vt 0.996315 0.854364
vt 0.996947 0.853106
vt 0.993802 0.853106
vt 0.987683 0.035146
vt 0.991723 0.034422
vt 0.990633 0.033170
vt 0.990633 0.033170
vt 0.987512 0.033560
vt 0.987683 0.035146
vt 0.987617 0.571072
vt 0.987572 0.572766
vt 0.990598 0.569971
vt 0.987039 0.839079
vt 0.987120 0.840434
vt 0.990299 0.840292
vt 0.987572 0.572766
vt 0.990821 0.571165
vt 0.990598 0.569971
vt 0.699197 0.467552
vt 0.744927 0.401010
vt 0.743503 0.395902
vt 0.689327 0.467288
vt 0.699197 0.467552
vt 0.743503 0.395902
vt 0.881951 0.365603
vt 0.886208 0.299427
vt 0.881951 0.298116
vt 0.174163 0.803889
vt 0.174163 0.879469
vt 0.178589 0.877562
vt 0.668868 0.682346
vt 0.668868 0.672663
vt 0.666880 0.673823
vt 0.666880 0.673823
vt 0.666880 0.681085
vt 0.668868 0.682346
vt 0.989300 0.797577
vt 0.984352 0.797209
vt 0.982636 0.800194
vt 0.982636 0.800194
vt 0.990297 0.800194
vt 0.989300 0.797577
vt 0.848292 0.973818
vt 0.850827 0.965807
vt 0.848292 0.963894
vt 0.848292 0.973818
vt 0.850827 0.972630
vt 0.850827 0.965807
vt 0.795602 0.986006
vt 0.795605 0.988823
vt 0.799127 0.988825
vt 0.096435 0.986677
vt 0.101132 0.988139
vt 0.099253 0.986006
vt 0.799127 0.988825
vt 0.799124 0.986007
vt 0.795602 0.986006
vt 0.747334 0.986787
vt 0.743842 0.986006
vt 0.743887 0.989508
vt 0.747334 0.986787
vt 0.743887 0.989508
vt 0.747334 0.989594
vt 0.799124 0.991639
vt 0.799127 0.988825
vt 0.795605 0.988823
vt 0.101132 0.988139
vt 0.096435 0.986677
vt 0.094870 0.991353
vt 0.101132 0.988139
vt 0.094870 0.991353
vt 0.097061 0.992551
vt 0.795605 0.988823
vt 0.795602 0.990933
vt 0.799124 0.991639
vt 0.099566 0.992815
vt 0.101445 0.990302
vt 0.101132 0.988139
vt 0.097061 0.992551
vt 0.099566 0.992815
vt 0.101132 0.988139
vt 0.747229 0.991713
vt 0.747334 0.989594
vt 0.743887 0.989508
vt 0.630720 0.988962
vt 0.634213 0.988921
vt 0.631441 0.986006
vt 0.096435 0.986677
vt 0.094870 0.988255
vt 0.094870 0.991353
vt 0.630720 0.988962
vt 0.634213 0.991888
vt 0.634213 0.988921
vt 0.983024 0.033170
vt 0.987683 0.035146
vt 0.987512 0.033560
vt 0.987120 0.840434
vt 0.987039 0.839079
vt 0.982636 0.840434
vt 0.994215 0.273165
vt 0.998293 0.272716
vt 0.998642 0.271646
vt 0.987683 0.035146
vt 0.983024 0.033170
vt 0.982636 0.035121
vt 0.993802 0.271646
vt 0.994215 0.273165
vt 0.998642 0.271646
vt 0.994747 0.325031
vt 0.993802 0.326919
vt 0.998522 0.326919
vt 0.634213 0.991888
vt 0.630720 0.988962
vt 0.630720 0.991930
vt 0.993804 0.658386
vt 0.997328 0.658402
vt 0.997328 0.655579
vt 0.997328 0.655579
vt 0.993802 0.656267
vt 0.993804 0.658386
vt 0.990835 0.557907
vt 0.989217 0.554875
vt 0.983739 0.555298
vt 0.983739 0.555298
vt 0.982636 0.557907
vt 0.990835 0.557907
vt 0.700650 0.797120
vt 0.698099 0.807022
vt 0.700879 0.805359
vt 0.795229 0.652660
vt 0.792988 0.661459
vt 0.795229 0.663814
vt 0.698099 0.807022
vt 0.700650 0.797120
vt 0.698099 0.795890
vt 0.795229 0.652660
vt 0.793244 0.653883
vt 0.792988 0.661459
vt 0.997531 0.612614
vt 0.993802 0.612614
vt 0.993897 0.615867
vt 0.993897 0.615867
vt 0.997029 0.615921
vt 0.997531 0.612614
vt 0.997098 0.810574
vt 0.997029 0.808058
vt 0.993802 0.807730
vt 0.993802 0.807730
vt 0.993802 0.810878
vt 0.997098 0.810574
vt 0.965394 0.581396
vt 0.959256 0.594728
vt 0.963935 0.594737
vt 0.145390 0.044119
vt 0.151699 0.017916
vt 0.138442 0.021281
vt 0.138442 0.021281
vt 0.134889 0.045300
vt 0.145390 0.044119
vt 0.959256 0.594728
vt 0.965394 0.581396
vt 0.962770 0.576461
vt 0.950925 0.581396
vt 0.954289 0.594737
vt 0.959256 0.594728
vt 0.958777 0.575045
vt 0.950925 0.581396
vt 0.959256 0.594728
vt 0.959256 0.594728
vt 0.962770 0.576461
vt 0.958777 0.575045
vt 0.249694 0.660011
vt 0.249233 0.648070
vt 0.171523 0.709306
vt 0.852107 0.392560
vt 0.865990 0.299103
vt 0.852107 0.299393
vt 0.171523 0.709306
vt 0.178176 0.717727
vt 0.249694 0.660011
vt 0.601476 0.528716
vt 0.593120 0.523574
vt 0.593120 0.623378
vt 0.148306 0.845773
vt 0.155002 0.844586
vt 0.148306 0.751019
vt 0.151699 0.017916
vt 0.145390 0.044119
vt 0.156687 0.018712
vt 0.121306 0.106388
vt 0.116404 0.106913
vt 0.116487 0.205546
vt 0.116487 0.205546
vt 0.121306 0.205139
vt 0.121306 0.106388
vt 0.886208 0.098189
vt 0.868454 0.096267
vt 0.868454 0.186776
vt 0.868454 0.186776
vt 0.886208 0.188698
vt 0.886208 0.098189
vt 0.549919 0.668770
vt 0.562725 0.670553
vt 0.545379 0.645757
vt 0.882838 0.758799
vt 0.876021 0.757965
vt 0.876021 0.848308
vt 0.876021 0.848308
vt 0.882838 0.849142
vt 0.882838 0.758799
vt 0.555430 0.645658
vt 0.545379 0.645757
vt 0.562725 0.670553
vt 0.565137 0.645619
vt 0.559151 0.644118
vt 0.565486 0.670553
vt 0.571149 0.669787
vt 0.565137 0.645619
vt 0.565486 0.670553
vt 0.950925 0.581396
vt 0.958777 0.575045
vt 0.953813 0.576461
vt 0.903694 0.467676
vt 0.904741 0.388225
vt 0.899945 0.387421
vt 0.699197 0.467552
vt 0.689327 0.467288
vt 0.742808 0.535768
vt 0.899945 0.387421
vt 0.899945 0.468376
vt 0.903694 0.467676
vt 0.742808 0.535768
vt 0.746335 0.531770
vt 0.699197 0.467552
vt 0.839033 0.203862
vt 0.839033 0.106013
vt 0.834204 0.105682
vt 0.834204 0.105682
vt 0.833782 0.203004
vt 0.839033 0.203862
vt 0.138025 0.108302
vt 0.145390 0.044119
vt 0.134889 0.045300
vt 0.134889 0.045300
vt 0.128901 0.108682
vt 0.138025 0.108302
vt 0.865990 0.299103
vt 0.852107 0.392560
vt 0.865990 0.392270
vt 0.203291 0.992738
vt 0.205270 0.991770
vt 0.203291 0.986006
vt 0.145390 0.044119
vt 0.151023 0.042791
vt 0.156687 0.018712
vt 0.142972 0.108279
vt 0.151785 0.044874
vt 0.145390 0.044119
vt 0.145390 0.044119
vt 0.138025 0.108302
vt 0.142972 0.108279
vt 0.160069 0.042500
vt 0.160065 0.044617
vt 0.163581 0.044622
vt 0.163581 0.044622
vt 0.163585 0.042505
vt 0.160069 0.042500
vt 0.160069 0.042500
vt 0.163585 0.042505
vt 0.163546 0.019326
vt 0.163546 0.019326
vt 0.159330 0.018612
vt 0.160069 0.042500
vt 0.163635 0.107903
vt 0.163581 0.044622
vt 0.160065 0.044617
vt 0.160065 0.044617
vt 0.160123 0.107893
vt 0.163635 0.107903
vt 0.163585 0.042505
vt 0.163581 0.044622
vt 0.167812 0.044612
vt 0.167812 0.044612
vt 0.167816 0.042496
vt 0.163585 0.042505
vt 0.163585 0.042505
vt 0.167816 0.042496
vt 0.168481 0.018613
vt 0.168481 0.018613
vt 0.163546 0.019326
vt 0.163585 0.042505
vt 0.163635 0.107903
vt 0.167812 0.044612
vt 0.163581 0.044622
vt 0.545379 0.645757
vt 0.555430 0.645658
vt 0.547917 0.583749
vt 0.547917 0.583749
vt 0.539056 0.584384
vt 0.545379 0.645757
vt 0.559151 0.644118
vt 0.565137 0.645619
vt 0.565769 0.643626
vt 0.559151 0.644118
vt 0.565769 0.643626
vt 0.557229 0.580724
vt 0.557229 0.580724
vt 0.551875 0.580665
vt 0.559151 0.644118
vt 0.167812 0.044612
vt 0.163635 0.107903
vt 0.167162 0.107893
vt 0.129730 0.710422
vt 0.116904 0.710422
vt 0.119338 0.818816
vt 0.119338 0.818816
vt 0.128789 0.818816
vt 0.129730 0.710422
vt 0.965394 0.710986
vt 0.954149 0.709234
vt 0.965394 0.727521
vt 0.854757 0.189171
vt 0.865990 0.097098
vt 0.854757 0.098691
vt 0.869314 0.502072
vt 0.886208 0.502072
vt 0.886208 0.411269
vt 0.886208 0.411269
vt 0.869314 0.411269
vt 0.869314 0.502072
vt 0.168807 0.992686
vt 0.170570 0.990185
vt 0.165410 0.988351
vt 0.143761 0.986006
vt 0.143761 0.992897
vt 0.146777 0.992814
vt 0.168807 0.992686
vt 0.165410 0.988351
vt 0.165150 0.992686
vt 0.954149 0.727836
vt 0.965394 0.727521
vt 0.954149 0.709234
vt 0.846985 0.604845
vt 0.865990 0.511229
vt 0.846985 0.511228
vt 0.865990 0.097098
vt 0.854757 0.189171
vt 0.865990 0.190383
vt 0.170570 0.990185
vt 0.169897 0.986006
vt 0.165410 0.988351
vt 0.990282 0.815439
vt 0.985554 0.812308
vt 0.982636 0.815439
vt 0.155288 0.986006
vt 0.155288 0.992870
vt 0.158269 0.989210
vt 0.990199 0.790519
vt 0.985799 0.789554
vt 0.982636 0.791643
vt 0.007275 0.230118
vt 0.009547 0.234188
vt 0.011794 0.229630
vt 0.007705 0.225541
vt 0.007275 0.230118
vt 0.011794 0.229630
vt 0.011794 0.229630
vt 0.011794 0.224542
vt 0.007705 0.225541
vt 0.233568 0.989777
vt 0.233568 0.986006
vt 0.228928 0.986534
vt 0.995770 0.545346
vt 0.993802 0.549323
vt 0.997850 0.549323
vt 0.230571 0.991607
vt 0.233568 0.989777
vt 0.228928 0.986534
vt 0.228928 0.986534
vt 0.228542 0.992535
vt 0.230571 0.991607
vt 0.998873 0.001039
vt 0.993996 0.001736
vt 0.993802 0.005323
vt 0.993802 0.005323
vt 0.998779 0.005323
vt 0.998873 0.001039
vt 0.989867 0.643851
vt 0.986197 0.647115
vt 0.990561 0.648214
vt 0.982636 0.643851
vt 0.986197 0.647115
vt 0.989867 0.643851
vt 0.197972 0.652473
vt 0.202177 0.642530
vt 0.197991 0.635758
vt 0.982636 0.791643
vt 0.985799 0.789554
vt 0.982636 0.786413
vt 0.931379 0.986197
vt 0.931379 0.990794
vt 0.935921 0.991259
vt 0.993802 0.306406
vt 0.998490 0.306817
vt 0.998490 0.304067
vt 0.935921 0.991259
vt 0.935921 0.986006
vt 0.931379 0.986197
vt 0.987518 0.341248
vt 0.983032 0.343286
vt 0.984547 0.344917
vt 0.984547 0.344917
vt 0.989685 0.342591
vt 0.987518 0.341248
vt 0.998926 0.014573
vt 0.997770 0.012012
vt 0.993802 0.014573
vt 0.964292 0.656777
vt 0.963834 0.660250
vt 0.968764 0.660444
vt 0.202177 0.642530
vt 0.197972 0.652473
vt 0.201482 0.652409
vt 0.968764 0.651609
vt 0.964292 0.656777
vt 0.968764 0.660444
vt 0.982636 0.345794
vt 0.984547 0.344917
vt 0.983032 0.343286
vt 0.985967 0.809907
vt 0.985589 0.807336
vt 0.982636 0.810229
vt 0.984547 0.344917
vt 0.991135 0.345794
vt 0.989685 0.342591
vt 0.985589 0.807336
vt 0.985967 0.809907
vt 0.988680 0.808552
vt 0.182585 0.992631
vt 0.182585 0.986006
vt 0.178422 0.987793
vt 0.182585 0.992631
vt 0.178422 0.987793
vt 0.176914 0.990948
vt 0.990297 0.810229
vt 0.988680 0.808552
vt 0.985967 0.809907
vt 0.997302 0.171348
vt 0.998729 0.167804
vt 0.993802 0.167804
vt 0.996179 0.249172
vt 0.998591 0.249354
vt 0.997151 0.245142
vt 0.997151 0.245142
vt 0.993802 0.245279
vt 0.996179 0.249172
vt 0.963834 0.660250
vt 0.964292 0.656777
vt 0.959847 0.658364
vt 0.998591 0.245154
vt 0.997151 0.245142
vt 0.998591 0.249354
vt 0.969504 0.160724
vt 0.969273 0.164225
vt 0.972876 0.163065
vt 0.972876 0.163065
vt 0.973818 0.159602
vt 0.969504 0.160724
vt 0.202177 0.659363
vt 0.201482 0.652409
vt 0.197972 0.652473
vt 0.197972 0.652473
vt 0.197991 0.663814
vt 0.202177 0.659363
vt 0.964292 0.656777
vt 0.968764 0.651609
vt 0.963795 0.652370
vt 0.964292 0.656777
vt 0.960216 0.654832
vt 0.959847 0.658364
vt 0.998771 0.080880
vt 0.995326 0.076641
vt 0.993802 0.080880
vt 0.968685 0.644684
vt 0.963795 0.652370
vt 0.968764 0.651609
vt 0.971084 0.168592
vt 0.969181 0.165625
vt 0.966874 0.168300
vt 0.409619 0.989442
vt 0.413392 0.991971
vt 0.414005 0.988060
vt 0.414005 0.988060
vt 0.408896 0.986006
vt 0.409619 0.989442
vt 0.969273 0.164225
vt 0.969181 0.165625
vt 0.972876 0.163065
vt 0.969181 0.165625
vt 0.971084 0.168592
vt 0.971943 0.166519
vt 0.971943 0.166519
vt 0.972876 0.163065
vt 0.969181 0.165625
vt 0.902131 0.988634
vt 0.898898 0.986006
vt 0.898898 0.991374
vt 0.998351 0.432299
vt 0.995427 0.429807
vt 0.993802 0.432299
vt 0.408896 0.992302
vt 0.409619 0.989442
vt 0.408896 0.986006
vt 0.963795 0.652370
vt 0.968685 0.644684
vt 0.964714 0.646081
vt 0.963795 0.652370
vt 0.964714 0.646081
vt 0.961223 0.648602
vt 0.963795 0.652370
vt 0.961223 0.648602
vt 0.957918 0.652555
vt 0.910275 0.716275
vt 0.908653 0.719412
vt 0.913165 0.716508
vt 0.958764 0.649490
vt 0.961223 0.648602
vt 0.958741 0.644894
vt 0.943749 0.991405
vt 0.943749 0.986006
vt 0.942336 0.988212
vt 0.912707 0.713715
vt 0.911890 0.708856
vt 0.908653 0.710827
vt 0.908653 0.710827
vt 0.910275 0.716275
vt 0.912707 0.713715
vt 0.987630 0.417344
vt 0.984459 0.421053
vt 0.991027 0.420620
vt 0.648265 0.749392
vt 0.653705 0.751918
vt 0.653429 0.746947
vt 0.716547 0.965779
vt 0.717293 0.971298
vt 0.720047 0.970150
vt 0.987630 0.417344
vt 0.982636 0.417344
vt 0.984459 0.421053
vt 0.664473 0.986953
vt 0.666549 0.991936
vt 0.666549 0.986006
vt 0.962201 0.645298
vt 0.961223 0.648602
vt 0.964714 0.646081
vt 0.993802 0.048386
vt 0.995254 0.051428
vt 0.998850 0.048386
vt 0.648757 0.752252
vt 0.651399 0.754568
vt 0.653705 0.751918
vt 0.226463 0.986006
vt 0.222964 0.986757
vt 0.221857 0.992558
vt 0.226463 0.990565
vt 0.226463 0.986006
vt 0.221857 0.992558
vt 0.653705 0.751918
vt 0.648265 0.749392
vt 0.648757 0.752252
vt 0.973377 0.521544
vt 0.975503 0.522521
vt 0.975481 0.517811
vt 0.998219 0.458239
vt 0.993802 0.458239
vt 0.996343 0.461707
vt 0.651399 0.754568
vt 0.648757 0.752252
vt 0.648265 0.756478
vt 0.961223 0.648602
vt 0.962201 0.645298
vt 0.958741 0.644894
vt 0.965935 0.988514
vt 0.963387 0.986006
vt 0.963387 0.991298
vt 0.975503 0.522521
vt 0.973377 0.521544
vt 0.973377 0.525133
vt 0.781630 0.987430
vt 0.785731 0.991653
vt 0.785731 0.986006
vt 0.975503 0.522521
vt 0.973377 0.525133
vt 0.975492 0.527344
vt 0.984845 0.976654
vt 0.982636 0.980520
vt 0.986221 0.980524
vt 0.984845 0.976654
vt 0.986221 0.980524
vt 0.988434 0.976654
vt 0.721097 0.975503
vt 0.720047 0.970150
vt 0.717293 0.971298
vt 0.717293 0.971298
vt 0.716547 0.974848
vt 0.721097 0.975503
vt 0.884294 0.986006
vt 0.884294 0.991510
vt 0.886107 0.987339
vt 0.987493 0.077364
vt 0.982636 0.075963
vt 0.983406 0.078063
vt 0.950354 0.989185
vt 0.945827 0.986006
vt 0.945827 0.991245
vt 0.998774 0.082959
vt 0.993802 0.082959
vt 0.995004 0.087075
vt 0.984095 0.601602
vt 0.985372 0.596278
vt 0.982636 0.596179
vt 0.985372 0.596278
vt 0.984095 0.601602
vt 0.989206 0.598759
vt 0.987003 0.028748
vt 0.991545 0.029096
vt 0.987704 0.025547
vt 0.987493 0.077364
vt 0.987424 0.075262
vt 0.982636 0.075963
vt 0.987704 0.025547
vt 0.982951 0.027556
vt 0.987003 0.028748
vt 0.990318 0.525356
vt 0.986270 0.529654
vt 0.990824 0.529654
vt 0.990643 0.601602
vt 0.989206 0.598759
vt 0.984095 0.601602
vt 0.986742 0.524815
vt 0.982636 0.525383
vt 0.986270 0.529654
vt 0.986270 0.529654
vt 0.990318 0.525356
vt 0.986742 0.524815
vt 0.989824 0.980512
vt 0.988434 0.976654
vt 0.986221 0.980524
vt 0.985764 0.452784
vt 0.989559 0.449893
vt 0.986464 0.449213
vt 0.987003 0.028748
vt 0.989981 0.031091
vt 0.991545 0.029096
vt 0.161983 0.986006
vt 0.160348 0.987358
vt 0.161166 0.989431
vt 0.161983 0.986006
vt 0.161166 0.989431
vt 0.163071 0.990602
vt 0.997166 0.629790
vt 0.997501 0.627851
vt 0.993802 0.627851
vt 0.997296 0.805651
vt 0.995401 0.805068
vt 0.993802 0.805651
vt 0.993802 0.494537
vt 0.994088 0.497756
vt 0.997443 0.494673
vt 0.997443 0.494673
vt 0.994088 0.497756
vt 0.998167 0.497756
vt 0.390733 0.986006
vt 0.391115 0.988890
vt 0.394154 0.987092
vt 0.997102 0.820295
vt 0.997102 0.818184
vt 0.993802 0.820279
vt 0.991645 0.078063
vt 0.987424 0.075262
vt 0.987493 0.077364
vt 0.725854 0.991767
vt 0.728613 0.989979
vt 0.725854 0.986006
vt 0.989725 0.381831
vt 0.987119 0.385399
vt 0.990924 0.386925
vt 0.983037 0.381831
vt 0.987119 0.385399
vt 0.989725 0.381831
vt 0.991599 0.048300
vt 0.982636 0.048300
vt 0.986893 0.052230
vt 0.982636 0.031091
vt 0.987003 0.028748
vt 0.982951 0.027556
vt 0.993802 0.645687
vt 0.993857 0.649114
vt 0.997357 0.645687
vt 0.867000 0.986953
vt 0.867000 0.990496
vt 0.868556 0.988776
vt 0.867000 0.986953
vt 0.868556 0.988776
vt 0.870913 0.986006
vt 0.987119 0.385399
vt 0.987200 0.388949
vt 0.990924 0.386925
vt 0.996459 0.635339
vt 0.993802 0.638456
vt 0.997388 0.638456
vt 0.987119 0.385399
vt 0.983037 0.381831
vt 0.982636 0.385844
vt 0.832844 0.344787
vt 0.831747 0.348937
vt 0.833979 0.347728
vt 0.136905 0.989357
vt 0.136474 0.986006
vt 0.132707 0.986006
vt 0.131811 0.989829
vt 0.136905 0.989357
vt 0.132707 0.986006
vt 0.994713 0.561754
vt 0.993802 0.564066
vt 0.997903 0.564066
vt 0.996459 0.635339
vt 0.994261 0.635628
vt 0.993802 0.638456
vt 0.871177 0.988878
vt 0.868556 0.988776
vt 0.867000 0.990496
vt 0.870436 0.991464
vt 0.871177 0.988878
vt 0.867000 0.990496
vt 0.995344 0.575773
vt 0.997809 0.573803
vt 0.993802 0.573803
vt 0.391115 0.988890
vt 0.390733 0.992384
vt 0.394540 0.989972
vt 0.394540 0.989972
vt 0.394154 0.987092
vt 0.391115 0.988890
vt 0.993802 0.215110
vt 0.995816 0.217157
vt 0.998747 0.215110
vt 0.057550 0.986006
vt 0.058144 0.990387
vt 0.061001 0.987527
vt 0.136905 0.989357
vt 0.131811 0.989829
vt 0.135836 0.992664
vt 0.135836 0.992664
vt 0.138110 0.992737
vt 0.136905 0.989357
vt 0.646332 0.972188
vt 0.648650 0.970478
vt 0.645053 0.969530
vt 0.645053 0.969530
vt 0.642734 0.969481
vt 0.644253 0.972711
vt 0.645053 0.969530
vt 0.644253 0.972711
vt 0.646332 0.972188
vt 0.427636 0.989511
vt 0.427625 0.986705
vt 0.424113 0.989520
vt 0.424113 0.989520
vt 0.424105 0.992350
vt 0.427636 0.989511
vt 0.066511 0.989515
vt 0.070838 0.989461
vt 0.066419 0.986006
vt 0.761094 0.991746
vt 0.763445 0.988142
vt 0.761094 0.986006
vt 0.975503 0.734743
vt 0.970339 0.738911
vt 0.975503 0.742999
vt 0.920763 0.850159
vt 0.920763 0.864306
vt 0.924959 0.857055
vt 0.066511 0.989515
vt 0.070693 0.993009
vt 0.070838 0.989461
vt 0.832065 0.353202
vt 0.833979 0.347728
vt 0.831747 0.348937
vt 0.070693 0.993009
vt 0.066511 0.989515
vt 0.066419 0.992350
vt 0.833979 0.347728
vt 0.832065 0.353202
vt 0.833979 0.355494
vt 0.982636 0.371853
vt 0.986988 0.372855
vt 0.985060 0.369210
vt 0.990537 0.668941
vt 0.986390 0.665387
vt 0.982636 0.668941
vt 0.998321 0.441575
vt 0.996048 0.439520
vt 0.993802 0.441575
vt 0.989537 0.368643
vt 0.985060 0.369210
vt 0.986988 0.372855
vt 0.882215 0.991511
vt 0.882215 0.986006
vt 0.879148 0.988541
vt 0.986988 0.372855
vt 0.991088 0.372855
vt 0.989537 0.368643
vt 0.647252 0.975457
vt 0.646332 0.972188
vt 0.644253 0.972711
vt 0.644253 0.972711
vt 0.642734 0.978872
vt 0.647252 0.975457
vt 0.896819 0.986006
vt 0.891882 0.987599
vt 0.896819 0.991306
vt 0.424105 0.986006
vt 0.424113 0.989520
vt 0.427625 0.986705
vt 0.436872 0.986006
vt 0.435752 0.989676
vt 0.438272 0.992207
vt 0.022146 0.991789
vt 0.025048 0.988899
vt 0.022146 0.986006
vt 0.562779 0.992174
vt 0.564176 0.989695
vt 0.562779 0.986006
vt 0.970339 0.738911
vt 0.975503 0.734743
vt 0.970805 0.733239
vt 0.432470 0.992207
vt 0.438272 0.992207
vt 0.435752 0.989676
vt 0.025048 0.988899
vt 0.022146 0.991789
vt 0.024707 0.993152
vt 0.993802 0.577853
vt 0.996255 0.579720
vt 0.997737 0.577853
vt 0.909339 0.986006
vt 0.912880 0.991291
vt 0.913622 0.986006
vt 0.566255 0.986006
vt 0.566255 0.992061
vt 0.569629 0.987005
vt 0.271213 0.989752
vt 0.273570 0.992459
vt 0.276365 0.991668
vt 0.276365 0.991668
vt 0.276365 0.986006
vt 0.273224 0.986167
vt 0.276365 0.991668
vt 0.273224 0.986167
vt 0.271213 0.989752
vt 0.903040 0.812020
vt 0.913165 0.812077
vt 0.913165 0.735365
vt 0.913165 0.735365
vt 0.902364 0.735304
vt 0.903040 0.812020
vt 0.687401 0.627347
vt 0.683300 0.627380
vt 0.687401 0.663814
vt 0.460179 0.421791
vt 0.488373 0.312949
vt 0.460820 0.333417
vt 0.547768 0.841775
vt 0.547768 0.883858
vt 0.589999 0.841727
vt 0.682720 0.663439
vt 0.687401 0.663814
vt 0.683300 0.627380
vt 0.482510 0.986177
vt 0.480309 0.992152
vt 0.482729 0.991128
vt 0.480309 0.992152
vt 0.482510 0.986177
vt 0.480286 0.986006
vt 0.865990 0.511229
vt 0.846985 0.604845
vt 0.865990 0.604846
vt 0.938199 0.776696
vt 0.941741 0.773074
vt 0.938199 0.762856
vt 0.941741 0.773074
vt 0.941807 0.769489
vt 0.938199 0.762856
vt 0.972876 0.163065
vt 0.971943 0.166519
vt 0.973818 0.170165
vt 0.908653 0.719412
vt 0.910275 0.716275
vt 0.908653 0.710827
vt 0.166397 0.726151
vt 0.170165 0.718168
vt 0.166397 0.713823
vt 0.986464 0.449213
vt 0.983267 0.446642
vt 0.982636 0.449539
vt 0.547768 0.883858
vt 0.547768 0.926643
vt 0.589999 0.926596
vt 0.630117 0.883766
vt 0.589999 0.841727
vt 0.547768 0.883858
vt 0.589999 0.926596
vt 0.630117 0.883766
vt 0.547768 0.883858
vt 0.160348 0.992855
vt 0.163071 0.990602
vt 0.161166 0.989431
vt 0.993802 0.651193
vt 0.994212 0.653259
vt 0.997390 0.651193
vt 0.064340 0.991913
vt 0.061095 0.990042
vt 0.057550 0.992908
vt 0.994212 0.653259
vt 0.996999 0.653500
vt 0.997390 0.651193
vt 0.061095 0.990042
vt 0.061001 0.987527
vt 0.058144 0.990387
vt 0.057550 0.992908
vt 0.061095 0.990042
vt 0.058144 0.990387
vt 0.256153 0.990095
vt 0.258054 0.986006
vt 0.256339 0.987922
vt 0.258054 0.986006
vt 0.256153 0.990095
vt 0.258054 0.992640
vt 0.952536 0.572834
vt 0.958655 0.569246
vt 0.957465 0.565893
vt 0.957465 0.565893
vt 0.952536 0.563088
vt 0.952536 0.572834
vt 0.056014 0.970448
vt 0.060653 0.964391
vt 0.059937 0.961160
vt 0.056014 0.970448
vt 0.059937 0.961160
vt 0.056014 0.957642
vt 0.001055 0.001040
vt 0.001039 0.003855
vt 0.246327 0.003019
vt 0.004320 0.292792
vt 0.327017 0.587599
vt 0.254903 0.294329
vt 0.246311 0.005834
vt 0.246327 0.003019
vt 0.001039 0.003855
vt 0.785120 0.550340
vt 0.772495 0.550340
vt 0.774542 0.658759
vt 0.509854 0.660444
vt 0.510496 0.552043
vt 0.497261 0.552043
vt 0.774542 0.658759
vt 0.785063 0.658759
vt 0.785120 0.550340
vt 0.497261 0.552043
vt 0.499519 0.660438
vt 0.509854 0.660444
vt 0.219025 0.720503
vt 0.206874 0.720503
vt 0.206884 0.828925
vt 0.206884 0.828925
vt 0.217010 0.828925
vt 0.219025 0.720503
vt 0.072831 0.066488
vt 0.087610 0.016452
vt 0.072831 0.016535
vt 0.196555 0.009188
vt 0.242981 0.014400
vt 0.248642 0.009507
vt 0.087610 0.016452
vt 0.072831 0.066488
vt 0.087610 0.066405
vt 0.634022 0.256544
vt 0.732096 0.211992
vt 0.634272 0.211992
vt 0.196555 0.009188
vt 0.196525 0.014115
vt 0.242981 0.014400
vt 0.190239 0.734187
vt 0.187337 0.832294
vt 0.200492 0.831311
vt 0.200492 0.831311
vt 0.200492 0.733177
vt 0.190239 0.734187
vt 0.987037 0.471126
vt 0.982636 0.474314
vt 0.990965 0.474314
vt 0.995712 0.196195
vt 0.993802 0.199671
vt 0.998718 0.199671
vt 0.103524 0.992973
vt 0.106533 0.989637
vt 0.103524 0.986006
vt 0.001454 0.914391
vt 0.002428 0.921464
vt 0.005054 0.919991
vt 0.605676 0.986006
vt 0.601135 0.990137
vt 0.605676 0.991916
vt 0.993802 0.240633
vt 0.997709 0.243063
vt 0.998695 0.240633
vt 0.601135 0.990137
vt 0.605676 0.986006
vt 0.601135 0.986197
vt 0.539682 0.991221
vt 0.539682 0.987100
vt 0.537489 0.986006
vt 0.537489 0.986006
vt 0.537489 0.992187
vt 0.539682 0.991221
vt 0.983336 0.469047
vt 0.987039 0.467744
vt 0.985445 0.464377
vt 0.985445 0.464377
vt 0.982636 0.464377
vt 0.983336 0.469047
vt 0.990894 0.469047
vt 0.985445 0.464377
vt 0.987039 0.467744
vt 0.998828 0.155108
vt 0.994698 0.152610
vt 0.993802 0.155108
vt 0.993802 0.124737
vt 0.998750 0.128693
vt 0.998750 0.124192
vt 0.998720 0.221793
vt 0.996080 0.219235
vt 0.993802 0.221793
vt 0.995756 0.299014
vt 0.993802 0.301988
vt 0.998479 0.301988
vt 0.986370 0.166843
vt 0.991412 0.165761
vt 0.987745 0.163226
vt 0.982636 0.163226
vt 0.986370 0.166843
vt 0.987745 0.163226
vt 0.982636 0.870126
vt 0.990191 0.870126
vt 0.987679 0.867565
vt 0.975284 0.156687
vt 0.975503 0.151704
vt 0.972067 0.152758
vt 0.877068 0.991477
vt 0.877068 0.986006
vt 0.873256 0.988851
vt 0.975284 0.156687
vt 0.972067 0.152758
vt 0.970311 0.156474
vt 0.990916 0.409289
vt 0.986159 0.409289
vt 0.988667 0.412803
vt 0.975503 0.151704
vt 0.974311 0.146876
vt 0.972067 0.152758
vt 0.001454 0.924959
vt 0.005054 0.919991
vt 0.002428 0.921464
vt 0.967079 0.189921
vt 0.967079 0.171695
vt 0.955846 0.174182
vt 0.955846 0.174182
vt 0.955846 0.190383
vt 0.967079 0.189921
vt 0.988667 0.412803
vt 0.986159 0.409289
vt 0.982642 0.409386
vt 0.982642 0.409386
vt 0.985652 0.414034
vt 0.988667 0.412803
vt 0.982636 0.415265
vt 0.985652 0.414034
vt 0.982642 0.409386
vt 0.011012 0.988005
vt 0.006590 0.986006
vt 0.006590 0.989573
vt 0.006590 0.989573
vt 0.006590 0.993140
vt 0.011211 0.991586
vt 0.006590 0.989573
vt 0.011211 0.991586
vt 0.011012 0.988005
vt 0.970311 0.149406
vt 0.972067 0.152758
vt 0.974311 0.146876
vt 0.502072 0.477187
vt 0.332619 0.477187
vt 0.334359 0.480170
vt 0.334359 0.480170
vt 0.500180 0.480170
vt 0.502072 0.477187
vt 0.918219 0.179095
vt 0.907698 0.179083
vt 0.918219 0.254406
vt 0.919904 0.704551
vt 0.919904 0.630646
vt 0.909569 0.630621
vt 0.909569 0.630621
vt 0.909569 0.705934
vt 0.919904 0.704551
vt 0.522290 0.473431
vt 0.333219 0.462874
vt 0.333278 0.473431
vt 0.417286 0.312513
vt 0.460820 0.333417
vt 0.488373 0.312949
vt 0.732096 0.211992
vt 0.634022 0.256544
vt 0.731846 0.256544
vt 0.732096 0.211992
vt 0.731846 0.256544
vt 0.812077 0.256544
vt 0.812077 0.256544
vt 0.803178 0.211992
vt 0.732096 0.211992
vt 0.008252 0.286835
vt 0.006607 0.289787
vt 0.178198 0.286835
vt 0.333219 0.462874
vt 0.522290 0.473431
vt 0.522231 0.462874
vt 0.180274 0.289787
vt 0.178198 0.286835
vt 0.006607 0.289787
vt 0.906409 0.077444
vt 0.916535 0.077501
vt 0.916535 0.003605
vt 0.907698 0.254394
vt 0.918219 0.254406
vt 0.907698 0.179083
vt 0.916535 0.003605
vt 0.906409 0.002140
vt 0.906409 0.077444
vt 0.918084 0.081507
vt 0.918084 0.148263
vt 0.928328 0.147165
vt 0.928328 0.147165
vt 0.928328 0.080408
vt 0.918084 0.081507
vt 0.970311 0.149406
vt 0.970311 0.156474
vt 0.972067 0.152758
vt 0.714358 0.887007
vt 0.710625 0.930013
vt 0.714358 0.929946
vt 0.417286 0.312513
vt 0.417896 0.333213
vt 0.460820 0.333417
vt 0.710625 0.930013
vt 0.714358 0.887007
vt 0.709948 0.887787
vt 0.087610 0.205463
vt 0.087610 0.066405
vt 0.072831 0.066488
vt 0.072831 0.066488
vt 0.072831 0.205546
vt 0.087610 0.205463
vt 0.196525 0.014115
vt 0.196555 0.009188
vt 0.056453 0.013256
vt 0.731092 0.390875
vt 0.731846 0.256544
vt 0.634022 0.256544
vt 0.634022 0.256544
vt 0.633267 0.390875
vt 0.731092 0.390875
vt 0.051556 0.008298
vt 0.056453 0.013256
vt 0.196555 0.009188
vt 0.803581 0.390875
vt 0.812077 0.256544
vt 0.731846 0.256544
vt 0.731846 0.256544
vt 0.731092 0.390875
vt 0.803581 0.390875
vt 0.752779 0.692591
vt 0.797475 0.752666
vt 0.804484 0.752440
vt 0.837029 0.382451
vt 0.840039 0.382137
vt 0.840718 0.308173
vt 0.840718 0.308173
vt 0.837029 0.307558
vt 0.837029 0.382451
vt 0.096290 0.955973
vt 0.091320 0.955982
vt 0.099404 0.966484
vt 0.202051 0.021897
vt 0.191686 0.018515
vt 0.202177 0.046593
vt 0.752779 0.813995
vt 0.804484 0.752440
vt 0.797475 0.752666
vt 0.901820 0.259420
vt 0.904741 0.259460
vt 0.901428 0.183426
vt 0.091320 0.955982
vt 0.086470 0.955973
vt 0.084674 0.966484
vt 0.091576 0.972133
vt 0.099404 0.966484
vt 0.091320 0.955982
vt 0.087425 0.970716
vt 0.091576 0.972133
vt 0.091320 0.955982
vt 0.084674 0.966484
vt 0.087425 0.970716
vt 0.091320 0.955982
vt 0.216669 0.044329
vt 0.219025 0.017744
vt 0.208579 0.021953
vt 0.207596 0.046481
vt 0.216669 0.044329
vt 0.208579 0.021953
vt 0.091576 0.972133
vt 0.096543 0.970716
vt 0.099404 0.966484
vt 0.191686 0.018515
vt 0.187430 0.018418
vt 0.188962 0.043182
vt 0.188962 0.043182
vt 0.193814 0.045234
vt 0.191686 0.018515
vt 0.191686 0.018515
vt 0.193814 0.045234
vt 0.202177 0.046593
vt 0.163426 0.686749
vt 0.158489 0.687445
vt 0.158513 0.712101
vt 0.158513 0.712101
vt 0.162741 0.712105
vt 0.163426 0.686749
vt 0.759837 0.822185
vt 0.808707 0.752411
vt 0.804484 0.752440
vt 0.752779 0.813995
vt 0.756297 0.818703
vt 0.804484 0.752440
vt 0.804484 0.752440
vt 0.756297 0.818703
vt 0.759837 0.822185
vt 0.849142 0.387505
vt 0.849142 0.305575
vt 0.843016 0.304604
vt 0.843016 0.304604
vt 0.843016 0.386534
vt 0.849142 0.387505
vt 0.158489 0.687445
vt 0.154276 0.686749
vt 0.154998 0.712105
vt 0.154998 0.712105
vt 0.158513 0.712101
vt 0.158489 0.687445
vt 0.476800 0.551978
vt 0.471702 0.551472
vt 0.470850 0.574666
vt 0.470850 0.574666
vt 0.475867 0.573312
vt 0.476800 0.551978
vt 0.453213 0.336062
vt 0.444183 0.336995
vt 0.453213 0.408475
vt 0.785120 0.147289
vt 0.780481 0.148341
vt 0.780197 0.206471
vt 0.780197 0.206471
vt 0.785120 0.208916
vt 0.785120 0.147289
vt 0.444183 0.409408
vt 0.453213 0.408475
vt 0.444183 0.336995
vt 0.626748 0.755621
vt 0.621833 0.758083
vt 0.626748 0.817131
vt 0.409544 0.312465
vt 0.354249 0.377130
vt 0.374642 0.377137
vt 0.374642 0.377137
vt 0.417896 0.333213
vt 0.409544 0.312465
vt 0.622417 0.816706
vt 0.626748 0.817131
vt 0.621833 0.758083
vt 0.415810 0.414314
vt 0.424571 0.414462
vt 0.424571 0.340012
vt 0.692161 0.741315
vt 0.739630 0.675047
vt 0.726980 0.675255
vt 0.424571 0.340012
vt 0.415810 0.339864
vt 0.415810 0.414314
vt 0.726980 0.675255
vt 0.682994 0.735185
vt 0.692161 0.741315
vt 0.904741 0.182047
vt 0.901428 0.183426
vt 0.904741 0.259460
vt 0.198807 0.914850
vt 0.198807 0.836242
vt 0.188384 0.834649
vt 0.188384 0.834649
vt 0.188384 0.913256
vt 0.198807 0.914850
vt 0.162146 0.820360
vt 0.158108 0.817913
vt 0.158108 0.903056
vt 0.158108 0.903056
vt 0.163426 0.902183
vt 0.162146 0.820360
vt 0.193814 0.045234
vt 0.188962 0.043182
vt 0.188117 0.045900
vt 0.190947 0.141524
vt 0.202177 0.046593
vt 0.193814 0.045234
vt 0.193814 0.045234
vt 0.188117 0.045900
vt 0.187430 0.140917
vt 0.187430 0.140917
vt 0.190947 0.141524
vt 0.193814 0.045234
vt 0.162741 0.712105
vt 0.158513 0.712101
vt 0.162736 0.714916
vt 0.158513 0.712101
vt 0.154998 0.712105
vt 0.158503 0.714908
vt 0.993802 0.488913
vt 0.998186 0.488470
vt 0.993802 0.485946
vt 0.475867 0.573312
vt 0.470850 0.574666
vt 0.476550 0.575962
vt 0.154993 0.714916
vt 0.158503 0.714908
vt 0.154998 0.712105
vt 0.216669 0.044329
vt 0.207596 0.046481
vt 0.215472 0.139283
vt 0.476800 0.660444
vt 0.476550 0.575962
vt 0.470850 0.574666
vt 0.216669 0.044329
vt 0.215472 0.139283
vt 0.219025 0.139603
vt 0.190947 0.141524
vt 0.197975 0.141437
vt 0.202177 0.046593
vt 0.207596 0.046481
vt 0.208471 0.139839
vt 0.215472 0.139283
vt 0.162736 0.714916
vt 0.158503 0.714908
vt 0.158529 0.812069
vt 0.158529 0.812069
vt 0.162058 0.812077
vt 0.162736 0.714916
vt 0.158503 0.714908
vt 0.154993 0.714916
vt 0.158529 0.812069
vt 0.155019 0.812077
vt 0.158529 0.812069
vt 0.154993 0.714916
vt 0.820501 0.522373
vt 0.819346 0.516458
vt 0.815571 0.515886
vt 0.814321 0.527344
vt 0.820373 0.527344
vt 0.820501 0.522373
vt 0.820501 0.522373
vt 0.815571 0.515886
vt 0.812633 0.522373
vt 0.820501 0.522373
vt 0.812633 0.522373
vt 0.814321 0.527344
vt 0.417896 0.333213
vt 0.417286 0.312513
vt 0.409544 0.312465
vt 0.792616 0.147674
vt 0.792616 0.156752
vt 0.803653 0.156016
vt 0.803653 0.156016
vt 0.803653 0.145728
vt 0.792616 0.147674
vt 0.812077 0.256544
vt 0.810919 0.211992
vt 0.803178 0.211992
vt 0.803653 0.207457
vt 0.803653 0.156016
vt 0.792616 0.156752
vt 0.792616 0.156752
vt 0.791050 0.208916
vt 0.803653 0.207457
vt 0.144893 0.822063
vt 0.138605 0.838498
vt 0.144893 0.842403
vt 0.135818 0.822548
vt 0.138605 0.838498
vt 0.144893 0.822063
vt 0.566095 0.728839
vt 0.547085 0.727715
vt 0.566095 0.828925
vt 0.991089 0.347872
vt 0.982636 0.347872
vt 0.989475 0.352835
vt 0.842889 0.195437
vt 0.852512 0.099989
vt 0.842889 0.100684
vt 0.623378 0.214309
vt 0.618194 0.213505
vt 0.623378 0.313374
vt 0.138605 0.838498
vt 0.138605 0.842005
vt 0.144893 0.842403
vt 0.220643 0.855882
vt 0.224079 0.764181
vt 0.220643 0.764428
vt 0.961936 0.414145
vt 0.963815 0.427941
vt 0.965394 0.414145
vt 0.170935 0.741869
vt 0.172976 0.744684
vt 0.243523 0.685568
vt 0.170935 0.741869
vt 0.243523 0.685568
vt 0.243503 0.682049
vt 0.246427 0.674756
vt 0.170248 0.728256
vt 0.173859 0.734575
vt 0.224079 0.764181
vt 0.220643 0.855882
vt 0.224079 0.855634
vt 0.547085 0.827800
vt 0.566095 0.828925
vt 0.547085 0.727715
vt 0.170248 0.728256
vt 0.246427 0.674756
vt 0.246176 0.665621
vt 0.983437 0.352835
vt 0.989475 0.352835
vt 0.982636 0.347872
vt 0.834159 0.100340
vt 0.839033 0.002660
vt 0.834275 0.002877
vt 0.852512 0.099989
vt 0.842889 0.195437
vt 0.852512 0.194742
vt 0.520562 0.550638
vt 0.514007 0.550250
vt 0.514007 0.650335
vt 0.618194 0.312570
vt 0.623378 0.313374
vt 0.618194 0.213505
vt 0.514007 0.650335
vt 0.520605 0.649729
vt 0.520562 0.550638
vt 0.834159 0.100340
vt 0.839033 0.101088
vt 0.839033 0.002660
vt 0.148947 0.173126
vt 0.138025 0.108302
vt 0.128901 0.108682
vt 0.128901 0.108682
vt 0.138388 0.172204
vt 0.148947 0.173126
vt 0.539056 0.584384
vt 0.547917 0.583749
vt 0.545974 0.520952
vt 0.148947 0.173126
vt 0.142972 0.108279
vt 0.138025 0.108302
vt 0.160065 0.172020
vt 0.163635 0.107903
vt 0.160123 0.107893
vt 0.142972 0.108279
vt 0.148947 0.173126
vt 0.155284 0.171779
vt 0.167808 0.172020
vt 0.167162 0.107893
vt 0.163635 0.107903
vt 0.163635 0.107903
vt 0.160065 0.172020
vt 0.163577 0.172030
vt 0.163635 0.107903
vt 0.163577 0.172030
vt 0.167808 0.172020
vt 0.551875 0.580665
vt 0.557229 0.580724
vt 0.559151 0.517741
vt 0.555430 0.518862
vt 0.545974 0.520952
vt 0.547917 0.583749
vt 0.566402 0.519378
vt 0.559151 0.517741
vt 0.557229 0.580724
vt 0.868713 0.598106
vt 0.884523 0.507283
vt 0.868713 0.508393
vt 0.812077 0.256544
vt 0.803581 0.390875
vt 0.811322 0.390875
vt 0.884523 0.507283
vt 0.868713 0.598106
vt 0.884523 0.596996
vt 0.143256 0.195862
vt 0.148947 0.173126
vt 0.138388 0.172204
vt 0.778380 0.511908
vt 0.778380 0.416758
vt 0.764497 0.417031
vt 0.764497 0.417031
vt 0.764497 0.512181
vt 0.778380 0.511908
vt 0.154658 0.174603
vt 0.155284 0.171779
vt 0.148947 0.173126
vt 0.466325 0.928932
vt 0.464082 0.953126
vt 0.470061 0.955285
vt 0.148947 0.173126
vt 0.143256 0.195862
vt 0.156687 0.198807
vt 0.160065 0.172020
vt 0.160069 0.174831
vt 0.163577 0.172030
vt 0.163581 0.174841
vt 0.163577 0.172030
vt 0.160069 0.174831
vt 0.460785 0.928932
vt 0.460648 0.953591
vt 0.464082 0.953126
vt 0.464082 0.953126
vt 0.466325 0.928932
vt 0.460785 0.928932
vt 0.865990 0.415052
vt 0.846184 0.412944
vt 0.846184 0.505019
vt 0.846184 0.505019
vt 0.865990 0.507127
vt 0.865990 0.415052
vt 0.163577 0.172030
vt 0.163581 0.174841
vt 0.167808 0.172020
vt 0.167812 0.174831
vt 0.167808 0.172020
vt 0.163581 0.174841
vt 0.168481 0.198807
vt 0.167812 0.174831
vt 0.163581 0.174841
vt 0.163581 0.174841
vt 0.159330 0.198807
vt 0.163546 0.198113
vt 0.163581 0.174841
vt 0.163546 0.198113
vt 0.168481 0.198807
vt 0.230818 0.252537
vt 0.230818 0.152342
vt 0.222368 0.152526
vt 0.630118 0.212720
vt 0.625463 0.212853
vt 0.625463 0.311689
vt 0.222368 0.152526
vt 0.222368 0.252721
vt 0.230818 0.252537
vt 0.625463 0.311689
vt 0.630118 0.311556
vt 0.630118 0.212720
vt 0.545974 0.520952
vt 0.555430 0.518862
vt 0.562725 0.492763
vt 0.562725 0.492763
vt 0.549919 0.497182
vt 0.545974 0.520952
vt 0.559151 0.517741
vt 0.566402 0.519378
vt 0.565769 0.516563
vt 0.559151 0.517741
vt 0.565769 0.516563
vt 0.565486 0.493351
vt 0.571149 0.493959
vt 0.565486 0.493351
vt 0.565769 0.516563
vt 0.928463 0.569251
vt 0.933383 0.569465
vt 0.925983 0.555820
vt 0.316744 0.741869
vt 0.243503 0.682049
vt 0.243523 0.685568
vt 0.243523 0.685568
vt 0.315409 0.744684
vt 0.316744 0.741869
vt 0.613269 0.309940
vt 0.613269 0.213259
vt 0.610251 0.213323
vt 0.610251 0.213323
vt 0.610251 0.310004
vt 0.613269 0.309940
vt 0.323483 0.728256
vt 0.246176 0.665621
vt 0.246427 0.674756
vt 0.246427 0.674756
vt 0.319668 0.734575
vt 0.323483 0.728256
vt 0.929080 0.551018
vt 0.925983 0.555820
vt 0.933383 0.569465
vt 0.965394 0.192588
vt 0.961281 0.194477
vt 0.965394 0.207231
vt 0.696621 0.963709
vt 0.704249 0.952849
vt 0.696621 0.946251
vt 0.933383 0.549794
vt 0.929080 0.551018
vt 0.933383 0.569465
vt 0.587997 0.835664
vt 0.587997 0.737213
vt 0.582470 0.737169
vt 0.582470 0.737169
vt 0.583010 0.835169
vt 0.587997 0.835664
vt 0.877784 0.289958
vt 0.871087 0.288616
vt 0.877784 0.380766
vt 0.870954 0.380045
vt 0.877784 0.380766
vt 0.871087 0.288616
vt 0.544192 0.934937
vt 0.542214 0.930617
vt 0.542214 0.940122
vt 0.991082 0.339169
vt 0.982649 0.333657
vt 0.982636 0.339169
vt 0.669733 0.922089
vt 0.678142 0.855953
vt 0.669733 0.855163
vt 0.982649 0.333657
vt 0.991082 0.339169
vt 0.991096 0.333657
vt 0.426155 0.771641
vt 0.433784 0.771641
vt 0.436365 0.706764
vt 0.436365 0.706764
vt 0.419199 0.706764
vt 0.426155 0.771641
vt 0.171850 0.851272
vt 0.166219 0.918219
vt 0.171850 0.918215
vt 0.678142 0.855953
vt 0.669733 0.922089
vt 0.682347 0.923274
vt 0.166219 0.918219
vt 0.171850 0.851272
vt 0.166219 0.851277
vt 0.633487 0.027678
vt 0.630741 0.027725
vt 0.630741 0.057283
vt 0.539705 0.639311
vt 0.539287 0.668868
vt 0.542508 0.668789
vt 0.633487 0.027678
vt 0.630741 0.057283
vt 0.633428 0.057247
vt 0.542508 0.668789
vt 0.542508 0.639264
vt 0.539705 0.639311
vt 0.868300 0.953600
vt 0.871045 0.953515
vt 0.871045 0.933796
vt 0.953600 0.306790
vt 0.933884 0.306784
vt 0.953600 0.338646
vt 0.871045 0.933796
vt 0.868300 0.933881
vt 0.868300 0.953600
vt 0.794026 0.931406
vt 0.796913 0.894292
vt 0.794026 0.894000
vt 0.256091 0.250696
vt 0.253203 0.250987
vt 0.256091 0.288102
vt 0.933884 0.338640
vt 0.953600 0.338646
vt 0.933884 0.306784
vt 0.119621 0.930548
vt 0.116496 0.930724
vt 0.115913 0.955059
vt 0.119621 0.930548
vt 0.115913 0.955059
vt 0.119621 0.955285
vt 0.948995 0.711552
vt 0.948853 0.737555
vt 0.951916 0.737945
vt 0.951916 0.711009
vt 0.948995 0.711552
vt 0.951916 0.737945
vt 0.937379 0.203725
vt 0.953600 0.169534
vt 0.937250 0.167106
vt 0.794026 0.931406
vt 0.796913 0.931698
vt 0.796913 0.894292
vt 0.953600 0.169534
vt 0.937379 0.203725
vt 0.953600 0.205546
vt 0.253203 0.250987
vt 0.252965 0.287731
vt 0.256091 0.288102
vt 0.996950 0.598098
vt 0.993802 0.601246
vt 0.997580 0.600925
vt 0.996950 0.598098
vt 0.993802 0.598098
vt 0.993802 0.601246
vt 0.583567 0.476800
vt 0.586313 0.447897
vt 0.583567 0.447946
vt 0.586313 0.476751
vt 0.586313 0.447897
vt 0.583567 0.476800
vt 0.919904 0.176332
vt 0.916826 0.152392
vt 0.916826 0.176905
vt 0.997578 0.603325
vt 0.993802 0.603632
vt 0.994430 0.606465
vt 0.994430 0.606465
vt 0.997578 0.606467
vt 0.997578 0.603325
vt 0.630117 0.682990
vt 0.626828 0.712399
vt 0.630117 0.712673
vt 0.497018 0.640941
vt 0.493884 0.669629
vt 0.497018 0.670553
vt 0.213970 0.926707
vt 0.210919 0.953132
vt 0.213970 0.953600
vt 0.541694 0.475115
vt 0.544192 0.475020
vt 0.541694 0.446275
vt 0.213970 0.926707
vt 0.210883 0.926873
vt 0.210919 0.953132
vt 0.957439 0.341904
vt 0.960339 0.342016
vt 0.960339 0.324274
vt 0.960339 0.324274
vt 0.957280 0.323863
vt 0.957439 0.341904
vt 0.935067 0.151910
vt 0.923144 0.151865
vt 0.934922 0.205402
vt 0.887429 0.366535
vt 0.899686 0.313079
vt 0.887429 0.313042
vt 0.922998 0.205356
vt 0.934922 0.205402
vt 0.923144 0.151865
vt 0.451528 0.864515
vt 0.444506 0.908111
vt 0.449986 0.907720
vt 0.899686 0.313079
vt 0.887429 0.366535
vt 0.899686 0.360942
vt 0.444506 0.908111
vt 0.451528 0.864515
vt 0.446047 0.864905
vt 0.922998 0.205356
vt 0.935067 0.217340
vt 0.934922 0.205402
vt 0.887429 0.366535
vt 0.885362 0.378496
vt 0.896241 0.383457
vt 0.896241 0.383457
vt 0.899686 0.360942
vt 0.887429 0.366535
vt 0.935067 0.217340
vt 0.922998 0.205356
vt 0.923146 0.216590
vt 0.855478 0.292280
vt 0.865990 0.293156
vt 0.864708 0.281874
vt 0.879161 0.388335
vt 0.896241 0.383457
vt 0.885362 0.378496
vt 0.864708 0.281874
vt 0.854196 0.280998
vt 0.855478 0.292280
vt 0.368973 0.398850
vt 0.366868 0.398848
vt 0.366868 0.409406
vt 0.419090 0.798598
vt 0.421202 0.783112
vt 0.419090 0.783112
vt 0.366868 0.409406
vt 0.368973 0.409408
vt 0.368973 0.398850
vt 0.379081 0.956950
vt 0.368524 0.956975
vt 0.368524 0.972133
vt 0.368524 0.972133
vt 0.379081 0.972108
vt 0.379081 0.956950
vt 0.421202 0.783112
vt 0.419090 0.798598
vt 0.421202 0.798598
vt 0.633487 0.001362
vt 0.631375 0.001363
vt 0.633487 0.016848
vt 0.631375 0.016848
vt 0.633487 0.016848
vt 0.631375 0.001363
vt 0.451528 0.864515
vt 0.451453 0.842688
vt 0.446047 0.864905
vt 0.458267 0.355045
vt 0.456163 0.355043
vt 0.456163 0.365601
vt 0.754366 0.183644
vt 0.756478 0.168158
vt 0.754366 0.168158
vt 0.456163 0.365601
vt 0.458267 0.365603
vt 0.458267 0.355045
vt 0.020218 0.958635
vt 0.009660 0.958660
vt 0.009660 0.973818
vt 0.009660 0.973818
vt 0.020218 0.973793
vt 0.020218 0.958635
vt 0.756478 0.168158
vt 0.754366 0.183644
vt 0.756478 0.183644
vt 0.445973 0.843078
vt 0.446047 0.864905
vt 0.451453 0.842688
vt 0.444506 0.826783
vt 0.445973 0.843078
vt 0.451453 0.842688
vt 0.896241 0.383457
vt 0.879161 0.388335
vt 0.887974 0.397514
vt 0.451453 0.842688
vt 0.449986 0.826393
vt 0.444506 0.826783
vt 0.672238 0.185006
vt 0.670126 0.185006
vt 0.672238 0.200492
vt 0.670126 0.200492
vt 0.672238 0.200492
vt 0.670126 0.185006
vt 0.050715 0.146257
vt 0.050998 0.215241
vt 0.056664 0.209644
vt 0.056664 0.209644
vt 0.057037 0.148407
vt 0.050715 0.146257
vt 0.903056 0.001291
vt 0.843643 0.096034
vt 0.903056 0.089664
vt 0.534325 0.459746
vt 0.535768 0.446473
vt 0.467153 0.459952
vt 0.468597 0.446679
vt 0.467153 0.459952
vt 0.535768 0.446473
vt 0.357179 0.387858
vt 0.355130 0.397614
vt 0.357179 0.397395
vt 0.355130 0.397614
vt 0.357179 0.387858
vt 0.355130 0.388078
vt 0.379081 0.317096
vt 0.377033 0.326852
vt 0.379081 0.326633
vt 0.377033 0.326852
vt 0.379081 0.317096
vt 0.377033 0.317316
vt 0.086078 0.973111
vt 0.079766 0.973111
vt 0.087610 0.982242
vt 0.335344 0.992341
vt 0.329713 0.986006
vt 0.329713 0.992341
vt 0.330839 0.980557
vt 0.331907 0.971423
vt 0.323639 0.971423
vt 0.323639 0.971423
vt 0.325327 0.980557
vt 0.330839 0.980557
vt 0.079193 0.982242
vt 0.087610 0.982242
vt 0.079766 0.973111
vt 0.329713 0.986006
vt 0.335344 0.992341
vt 0.335344 0.986006
vt 0.668952 0.969737
vt 0.663552 0.969737
vt 0.670553 0.978872
vt 0.959272 0.852512
vt 0.956447 0.844721
vt 0.954082 0.844739
vt 0.954082 0.844739
vt 0.956447 0.844721
vt 0.960340 0.838611
vt 0.183911 0.035628
vt 0.185329 0.045490
vt 0.185329 0.034227
vt 0.960340 0.838611
vt 0.959596 0.836083
vt 0.954082 0.844739
vt 0.274623 0.736260
vt 0.274623 0.725097
vt 0.272635 0.734979
vt 0.959272 0.852512
vt 0.960340 0.850550
vt 0.956447 0.844721
vt 0.971875 0.815664
vt 0.963391 0.808839
vt 0.963391 0.815041
vt 0.963391 0.808839
vt 0.971875 0.815664
vt 0.971875 0.807394
vt 0.662452 0.978872
vt 0.670553 0.978872
vt 0.663552 0.969737
vt 0.971875 0.815664
vt 0.973818 0.817131
vt 0.973818 0.805416
vt 0.973818 0.805416
vt 0.971875 0.807394
vt 0.971875 0.815664
vt 0.064244 0.274107
vt 0.062361 0.264632
vt 0.062361 0.276308
vt 0.185329 0.045490
vt 0.183911 0.035628
vt 0.183207 0.044074
vt 0.704249 0.610326
vt 0.701788 0.611219
vt 0.704249 0.620009
vt 0.051946 0.963894
vt 0.051946 0.973818
vt 0.053914 0.964991
vt 0.272635 0.726442
vt 0.272635 0.734979
vt 0.274623 0.725097
vt 0.701788 0.611219
vt 0.701788 0.618481
vt 0.704249 0.620009
vt 0.062361 0.264632
vt 0.064244 0.274107
vt 0.064244 0.266551
vt 0.968764 0.803641
vt 0.966881 0.795376
vt 0.966881 0.805337
vt 0.055663 0.142768
vt 0.057037 0.148407
vt 0.067629 0.142841
vt 0.057037 0.148407
vt 0.055663 0.142768
vt 0.050715 0.146257
vt 0.806704 0.052353
vt 0.806704 0.149948
vt 0.812077 0.149806
vt 0.843643 0.096034
vt 0.903056 0.001291
vt 0.843643 0.007661
vt 0.687401 0.561040
vt 0.687401 0.394797
vt 0.664985 0.398146
vt 0.001683 0.256091
vt 0.215350 0.219546
vt 0.008589 0.236384
vt 0.467153 0.459952
vt 0.468597 0.446679
vt 0.333979 0.446473
vt 0.333979 0.446473
vt 0.332535 0.459746
vt 0.467153 0.459952
vt 0.056453 0.013256
vt 0.050715 0.146257
vt 0.055663 0.142768
vt 0.761532 0.163432
vt 0.761532 0.075060
vt 0.635876 0.088532
vt 0.635876 0.088532
vt 0.635876 0.176905
vt 0.761532 0.163432
vt 0.050715 0.146257
vt 0.056453 0.013256
vt 0.051556 0.008298
vt 0.177144 0.959965
vt 0.174354 0.956575
vt 0.174295 0.968262
vt 0.822016 0.486909
vt 0.825555 0.440468
vt 0.822016 0.439044
vt 0.174295 0.968262
vt 0.187013 0.956524
vt 0.177144 0.959965
vt 0.931658 0.572743
vt 0.921846 0.574185
vt 0.931698 0.619595
vt 0.471746 0.620508
vt 0.468937 0.665270
vt 0.471746 0.667183
vt 0.986902 0.654032
vt 0.990537 0.651286
vt 0.982636 0.650293
vt 0.982636 0.650293
vt 0.982636 0.654774
vt 0.986902 0.654032
vt 0.990927 0.503397
vt 0.986753 0.500346
vt 0.982636 0.503397
vt 0.705076 0.765145
vt 0.707165 0.761090
vt 0.700221 0.761169
vt 0.700221 0.761169
vt 0.699970 0.768272
vt 0.705076 0.765145
vt 0.187013 0.956524
vt 0.174295 0.968262
vt 0.187013 0.972133
vt 0.485224 0.491425
vt 0.469929 0.494635
vt 0.485224 0.540823
vt 0.921846 0.621693
vt 0.931698 0.619595
vt 0.921846 0.574185
vt 0.709303 0.757759
vt 0.705993 0.756191
vt 0.703855 0.759522
vt 0.840793 0.971391
vt 0.843698 0.976015
vt 0.845773 0.972952
vt 0.703855 0.759522
vt 0.707165 0.761090
vt 0.709303 0.757759
vt 0.840039 0.976984
vt 0.845773 0.979321
vt 0.843698 0.976015
vt 0.840793 0.971391
vt 0.840039 0.976984
vt 0.843698 0.976015
vt 0.707165 0.761090
vt 0.703855 0.759522
vt 0.700221 0.761169
vt 0.840039 0.976984
vt 0.840416 0.980557
vt 0.845773 0.979321
vt 0.703855 0.759522
vt 0.699970 0.756624
vt 0.700221 0.761169
vt 0.991311 0.186151
vt 0.987201 0.186151
vt 0.988768 0.190377
vt 0.990382 0.751588
vt 0.985692 0.750653
vt 0.987660 0.753300
vt 0.998328 0.418474
vt 0.993802 0.418474
vt 0.996897 0.421548
vt 0.985636 0.190132
vt 0.988768 0.190377
vt 0.987201 0.186151
vt 0.987201 0.186151
vt 0.982636 0.188313
vt 0.985636 0.190132
vt 0.361773 0.992386
vt 0.360891 0.989985
vt 0.357735 0.992386
vt 0.982636 0.753300
vt 0.987660 0.753300
vt 0.985692 0.750653
vt 0.626996 0.012492
vt 0.590770 0.208916
vt 0.633487 0.208916
vt 0.367055 0.486754
vt 0.581023 0.488067
vt 0.563472 0.480781
vt 0.179876 0.017444
vt 0.179877 0.192068
vt 0.185329 0.191386
vt 0.470330 0.539770
vt 0.485224 0.540823
vt 0.469929 0.494635
vt 0.357735 0.992386
vt 0.360891 0.989985
vt 0.360061 0.986006
vt 0.942655 0.894246
vt 0.946861 0.893943
vt 0.946854 0.887054
vt 0.490529 0.992271
vt 0.490529 0.986006
vt 0.487341 0.990199
vt 0.946854 0.887054
vt 0.942648 0.888045
vt 0.942655 0.894246
vt 0.946861 0.893943
vt 0.942655 0.894246
vt 0.939851 0.905968
vt 0.939851 0.905968
vt 0.946861 0.910191
vt 0.946861 0.893943
vt 0.995083 0.223872
vt 0.993802 0.228657
vt 0.998604 0.228657
vt 0.973111 0.851268
vt 0.972314 0.854369
vt 0.977188 0.855882
vt 0.945176 0.515466
vt 0.941047 0.518246
vt 0.944031 0.522006
vt 0.977188 0.855882
vt 0.975663 0.851047
vt 0.973111 0.851268
vt 0.939107 0.890381
vt 0.942655 0.894246
vt 0.942648 0.888045
vt 0.972314 0.854369
vt 0.973111 0.851268
vt 0.969079 0.851882
vt 0.941217 0.522521
vt 0.944031 0.522006
vt 0.941047 0.518246
vt 0.969079 0.851882
vt 0.969276 0.855804
vt 0.972314 0.854369
vt 0.977188 0.846581
vt 0.973111 0.851268
vt 0.975663 0.851047
vt 0.973111 0.851268
vt 0.977188 0.846581
vt 0.971514 0.847808
vt 0.973111 0.851268
vt 0.971514 0.847808
vt 0.969079 0.851882
vt 0.312214 0.988999
vt 0.309363 0.986006
vt 0.309363 0.992498
vt 0.498703 0.688738
vt 0.494627 0.691833
vt 0.498703 0.699194
vt 0.944031 0.522006
vt 0.941217 0.522521
vt 0.944942 0.527887
vt 0.572396 0.976050
vt 0.572834 0.972533
vt 0.568992 0.977188
vt 0.941334 0.525819
vt 0.944942 0.527887
vt 0.941217 0.522521
vt 0.510790 0.711542
vt 0.510790 0.721097
vt 0.514820 0.715727
vt 0.515551 0.719902
vt 0.514820 0.715727
vt 0.510790 0.721097
vt 0.375744 0.992338
vt 0.375744 0.986006
vt 0.370868 0.986291
vt 0.987459 0.817518
vt 0.982636 0.818674
vt 0.990326 0.818674
vt 0.899686 0.705891
vt 0.898016 0.701256
vt 0.895266 0.701784
vt 0.895266 0.701784
vt 0.895266 0.716043
vt 0.899686 0.705891
vt 0.568992 0.971488
vt 0.572834 0.972533
vt 0.572568 0.967825
vt 0.572834 0.972533
vt 0.568992 0.971488
vt 0.568992 0.977188
vt 0.972261 0.096034
vt 0.977188 0.086209
vt 0.972261 0.086214
vt 0.643596 0.926718
vt 0.638669 0.926730
vt 0.643596 0.953589
vt 0.058968 0.955285
vt 0.058968 0.927833
vt 0.049114 0.927833
vt 0.049114 0.927833
vt 0.049114 0.955285
vt 0.058968 0.955285
vt 0.977188 0.086209
vt 0.972261 0.096034
vt 0.977188 0.096028
vt 0.680662 0.926148
vt 0.670807 0.926149
vt 0.670807 0.953600
vt 0.638669 0.953600
vt 0.643596 0.953589
vt 0.638669 0.926730
vt 0.670807 0.953600
vt 0.680662 0.953600
vt 0.680662 0.926148
vt 0.219025 0.151971
vt 0.214816 0.151966
vt 0.214816 0.183639
vt 0.214816 0.183639
vt 0.219025 0.183644
vt 0.219025 0.151971
vt 0.749739 0.208916
vt 0.749664 0.177243
vt 0.727691 0.208916
vt 0.352124 0.744684
vt 0.330523 0.712893
vt 0.330523 0.744563
vt 0.975503 0.428743
vt 0.971571 0.428993
vt 0.975503 0.437801
vt 0.749664 0.177243
vt 0.744822 0.169500
vt 0.728307 0.177946
vt 0.728307 0.177946
vt 0.727691 0.208916
vt 0.749664 0.177243
vt 0.971571 0.438050
vt 0.975503 0.437801
vt 0.971571 0.428993
vt 0.351449 0.713714
vt 0.335249 0.705178
vt 0.330523 0.712893
vt 0.330523 0.712893
vt 0.352124 0.744684
vt 0.351449 0.713714
vt 0.970448 0.023415
vt 0.966225 0.023415
vt 0.970438 0.029742
vt 0.744822 0.169500
vt 0.738618 0.168092
vt 0.733109 0.169500
vt 0.744822 0.169500
vt 0.733109 0.169500
vt 0.728307 0.177946
vt 0.966215 0.029742
vt 0.970438 0.029742
vt 0.966225 0.023415
vt 0.346724 0.705243
vt 0.341324 0.703805
vt 0.335249 0.705178
vt 0.351449 0.713714
vt 0.346724 0.705243
vt 0.335249 0.705178
vt 0.874194 0.406632
vt 0.887974 0.397514
vt 0.879161 0.388335
vt 0.837349 0.928328
vt 0.837303 0.914200
vt 0.831718 0.928321
vt 0.837303 0.914200
vt 0.831677 0.914196
vt 0.831718 0.928321
vt 0.645281 0.745475
vt 0.642781 0.745493
vt 0.645281 0.758144
vt 0.343701 0.312529
vt 0.343701 0.325168
vt 0.347070 0.325096
vt 0.347070 0.325096
vt 0.347070 0.312457
vt 0.343701 0.312529
vt 0.721097 0.787779
vt 0.718169 0.787473
vt 0.718169 0.798292
vt 0.642781 0.758163
vt 0.645281 0.758144
vt 0.642781 0.745493
vt 0.718169 0.798292
vt 0.721097 0.798598
vt 0.721097 0.787779
vt 0.461708 0.717727
vt 0.465007 0.717704
vt 0.461708 0.705060
vt 0.465007 0.705036
vt 0.461708 0.705060
vt 0.465007 0.717704
vt 0.790174 0.665480
vt 0.790174 0.652810
vt 0.787675 0.652829
vt 0.820501 0.710278
vt 0.817573 0.709971
vt 0.817573 0.720791
vt 0.787675 0.652829
vt 0.787675 0.665498
vt 0.790174 0.665480
vt 0.817573 0.720791
vt 0.820501 0.721097
vt 0.820501 0.710278
vt 0.345386 0.427095
vt 0.345386 0.439734
vt 0.348755 0.439663
vt 0.348755 0.439663
vt 0.348755 0.427024
vt 0.345386 0.427095
vt 0.498774 0.708429
vt 0.498774 0.721097
vt 0.502072 0.721074
vt 0.502072 0.721074
vt 0.502072 0.708406
vt 0.498774 0.708429
vt 0.436365 0.405590
vt 0.434261 0.405587
vt 0.434261 0.416145
vt 0.255664 0.717727
vt 0.257775 0.702242
vt 0.255664 0.702242
vt 0.434261 0.416145
vt 0.436365 0.416147
vt 0.436365 0.405590
vt 0.970448 0.685697
vt 0.959891 0.685722
vt 0.959891 0.700879
vt 0.959891 0.700879
vt 0.970448 0.700854
vt 0.970448 0.685697
vt 0.257775 0.702242
vt 0.255664 0.717727
vt 0.257775 0.717727
vt 0.591367 0.269247
vt 0.589255 0.269247
vt 0.591367 0.284732
vt 0.589255 0.284732
vt 0.591367 0.284732
vt 0.589255 0.269247
vt 0.609900 0.751405
vt 0.609900 0.738736
vt 0.607400 0.738754
vt 0.833979 0.314348
vt 0.831051 0.314042
vt 0.831051 0.324861
vt 0.607400 0.738754
vt 0.607400 0.751424
vt 0.609900 0.751405
vt 0.831051 0.324861
vt 0.833979 0.325168
vt 0.833979 0.314348
vt 0.362234 0.327692
vt 0.362234 0.340331
vt 0.365603 0.340259
vt 0.365603 0.340259
vt 0.365603 0.327620
vt 0.362234 0.327692
vt 0.726222 0.395055
vt 0.726222 0.407723
vt 0.729521 0.407700
vt 0.729521 0.407700
vt 0.729521 0.395032
vt 0.726222 0.395055
vt 0.709303 0.419498
vt 0.709303 0.406829
vt 0.706804 0.406847
vt 0.594737 0.824845
vt 0.591809 0.824538
vt 0.591809 0.835357
vt 0.706804 0.406847
vt 0.706804 0.419517
vt 0.709303 0.419498
vt 0.591809 0.835357
vt 0.594737 0.835664
vt 0.594737 0.824845
vt 0.690771 0.443944
vt 0.690771 0.456582
vt 0.694140 0.456511
vt 0.694140 0.456511
vt 0.694140 0.443872
vt 0.690771 0.443944
vt 0.647036 0.720223
vt 0.647036 0.732891
vt 0.650335 0.732867
vt 0.650335 0.732867
vt 0.650335 0.720199
vt 0.647036 0.720223
vt 0.444789 0.914919
vt 0.443340 0.914438
vt 0.444761 0.924972
vt 0.940039 0.822009
vt 0.938970 0.822252
vt 0.938860 0.832175
vt 0.443313 0.924491
vt 0.444761 0.924972
vt 0.443340 0.914438
vt 0.936555 0.832522
vt 0.938860 0.832175
vt 0.938970 0.822252
vt 0.729657 0.575112
vt 0.728025 0.586282
vt 0.729427 0.586313
vt 0.729427 0.586313
vt 0.731058 0.575143
vt 0.729657 0.575112
vt 0.729657 0.575112
vt 0.727042 0.586236
vt 0.728025 0.586282
vt 0.727042 0.586236
vt 0.729657 0.575112
vt 0.728255 0.575082
vt 0.790174 0.946861
vt 0.790174 0.936077
vt 0.788539 0.936458
vt 0.891154 0.095405
vt 0.890617 0.104704
vt 0.892279 0.104514
vt 0.170165 0.932455
vt 0.167353 0.942406
vt 0.168621 0.943248
vt 0.972089 0.938686
vt 0.972133 0.932611
vt 0.962983 0.932611
vt 0.908216 0.971407
vt 0.908216 0.980557
vt 0.914850 0.971398
vt 0.962983 0.932611
vt 0.962939 0.938686
vt 0.972089 0.938686
vt 0.035933 0.266681
vt 0.029001 0.266681
vt 0.040435 0.271612
vt 0.914850 0.980549
vt 0.914850 0.971398
vt 0.908216 0.980557
vt 0.972110 0.945176
vt 0.972089 0.938686
vt 0.962939 0.938686
vt 0.962939 0.938686
vt 0.962960 0.945176
vt 0.972110 0.945176
vt 0.029001 0.266681
vt 0.024069 0.271183
vt 0.024069 0.278116
vt 0.035504 0.283047
vt 0.040435 0.271612
vt 0.029001 0.266681
vt 0.024069 0.278116
vt 0.035504 0.283047
vt 0.029001 0.266681
vt 0.991056 0.324131
vt 0.990450 0.317297
vt 0.982636 0.317297
vt 0.982636 0.317297
vt 0.983242 0.324131
vt 0.991056 0.324131
vt 0.847216 0.759266
vt 0.838088 0.759266
vt 0.847458 0.765285
vt 0.838329 0.765285
vt 0.847458 0.765285
vt 0.838088 0.759266
vt 0.035504 0.283047
vt 0.040435 0.278545
vt 0.040435 0.271612
vt 0.847458 0.765285
vt 0.838329 0.765285
vt 0.847314 0.771641
vt 0.838186 0.771641
vt 0.847314 0.771641
vt 0.838329 0.765285
vt 0.976961 0.986306
vt 0.975609 0.991060
vt 0.977157 0.990774
vt 0.500740 0.986351
vt 0.499468 0.986280
vt 0.499468 0.991873
vt 0.499468 0.991873
vt 0.501395 0.992147
vt 0.500740 0.986351
vt 0.497541 0.986006
vt 0.499468 0.991873
vt 0.499468 0.986280
vt 0.975609 0.991060
vt 0.973385 0.986006
vt 0.973385 0.991150
vt 0.993802 0.044279
vt 0.998323 0.046307
vt 0.998912 0.044279
vt 0.991415 0.086524
vt 0.983150 0.086524
vt 0.990901 0.093352
vt 0.986591 0.424806
vt 0.986319 0.423279
vt 0.982636 0.423132
vt 0.982986 0.425222
vt 0.986591 0.424806
vt 0.982636 0.423132
vt 0.035504 0.283047
vt 0.024069 0.278116
vt 0.028572 0.283047
vt 0.982636 0.093352
vt 0.990901 0.093352
vt 0.983150 0.086524
vt 0.986319 0.423279
vt 0.986591 0.424806
vt 0.991081 0.425222
vt 0.986467 0.182717
vt 0.982636 0.182717
vt 0.986243 0.184072
vt 0.986467 0.182717
vt 0.986243 0.184072
vt 0.991455 0.183392
vt 0.661829 0.991041
vt 0.662394 0.990647
vt 0.661667 0.986006
vt 0.994533 0.610535
vt 0.997628 0.608546
vt 0.993802 0.608546
vt 0.497541 0.986006
vt 0.497541 0.991598
vt 0.499468 0.991873
vt 0.991030 0.991265
vt 0.991306 0.990460
vt 0.991030 0.986006
vt 0.729729 0.568648
vt 0.729657 0.575112
vt 0.731058 0.575143
vt 0.946861 0.591367
vt 0.946267 0.585282
vt 0.944234 0.585561
vt 0.938860 0.832175
vt 0.938268 0.838454
vt 0.940122 0.838297
vt 0.940122 0.838297
vt 0.938268 0.838454
vt 0.940122 0.842246
vt 0.444789 0.930013
vt 0.444761 0.924972
vt 0.443313 0.924491
vt 0.938268 0.838454
vt 0.938860 0.832175
vt 0.936555 0.832522
vt 0.938268 0.842403
vt 0.940122 0.842246
vt 0.938268 0.838454
vt 0.936111 0.842168
vt 0.938268 0.842403
vt 0.938268 0.838454
vt 0.936555 0.832522
vt 0.936111 0.838219
vt 0.938268 0.838454
vt 0.938268 0.838454
vt 0.936111 0.838219
vt 0.936111 0.842168
vt 0.531439 0.929079
vt 0.531439 0.938437
vt 0.532399 0.938220
vt 0.993802 0.570759
vt 0.994045 0.571724
vt 0.997888 0.570759
vt 0.959409 0.758557
vt 0.960339 0.758259
vt 0.958423 0.754200
vt 0.957206 0.758531
vt 0.959409 0.758557
vt 0.958423 0.754200
vt 0.982636 0.663308
vt 0.990663 0.663308
vt 0.990305 0.662224
vt 0.393660 0.927806
vt 0.396107 0.928076
vt 0.398254 0.919840
vt 0.399299 0.919515
vt 0.396107 0.928076
vt 0.398282 0.928246
vt 0.729729 0.568648
vt 0.728255 0.575082
vt 0.729657 0.575112
vt 0.396107 0.928076
vt 0.393660 0.927806
vt 0.390835 0.935795
vt 0.396107 0.928076
vt 0.390835 0.935795
vt 0.394406 0.937306
vt 0.394406 0.937306
vt 0.398282 0.928246
vt 0.396107 0.928076
vt 0.891183 0.110733
vt 0.892279 0.104514
vt 0.890617 0.104704
vt 0.994386 0.144733
vt 0.998852 0.142586
vt 0.993802 0.142586
vt 0.956850 0.823274
vt 0.960339 0.816896
vt 0.956680 0.816064
vt 0.399299 0.973089
vt 0.392625 0.973093
vt 0.392625 0.982242
vt 0.392625 0.982242
vt 0.399299 0.982238
vt 0.399299 0.973089
vt 0.262623 0.992014
vt 0.264615 0.991020
vt 0.264615 0.986006
vt 0.728255 0.575082
vt 0.729729 0.568648
vt 0.727763 0.568556
vt 0.946861 0.579343
vt 0.944234 0.585561
vt 0.946267 0.585282
vt 0.729729 0.568648
vt 0.731206 0.564147
vt 0.729386 0.564132
vt 0.729729 0.568648
vt 0.729386 0.564132
vt 0.727763 0.568556
vt 0.260134 0.987495
vt 0.260133 0.992503
vt 0.262623 0.992014
vt 0.729386 0.564132
vt 0.727042 0.563354
vt 0.727763 0.568556
vt 0.353809 0.433348
vt 0.351761 0.443104
vt 0.353809 0.442884
vt 0.351761 0.443104
vt 0.353809 0.433348
vt 0.351761 0.433567
vt 0.982636 0.610444
vt 0.983735 0.613274
vt 0.989247 0.613269
vt 0.272635 0.726442
vt 0.269607 0.733355
vt 0.272635 0.734979
vt 0.989247 0.613269
vt 0.990760 0.610444
vt 0.982636 0.610444
vt 0.314292 0.986006
vt 0.314292 0.992341
vt 0.317104 0.988826
vt 0.272635 0.726442
vt 0.269607 0.727445
vt 0.269607 0.733355
vt 0.317104 0.988826
vt 0.319924 0.986006
vt 0.314292 0.986006
vt 0.559223 0.986006
vt 0.559223 0.991807
vt 0.560700 0.986374
vt 0.864921 0.986811
vt 0.863625 0.986006
vt 0.863625 0.991624
vt 0.998165 0.507746
vt 0.998165 0.506196
vt 0.993802 0.506293
vt 0.319924 0.992341
vt 0.317104 0.988826
vt 0.314292 0.992341
vt 0.038224 0.986006
vt 0.038224 0.993165
vt 0.040375 0.988694
vt 0.560700 0.992176
vt 0.560700 0.986374
vt 0.559223 0.991807
vt 0.275704 0.026391
vt 0.276869 0.030327
vt 0.277993 0.029105
vt 0.994178 0.801493
vt 0.993802 0.802989
vt 0.997154 0.801785
vt 0.277993 0.029105
vt 0.277261 0.026046
vt 0.275704 0.026391
vt 0.064244 0.274107
vt 0.067392 0.273414
vt 0.067392 0.267233
vt 0.064244 0.274107
vt 0.067392 0.267233
vt 0.064244 0.266551
vt 0.319924 0.986006
vt 0.317104 0.988826
vt 0.319924 0.992341
vt 0.609548 0.990965
vt 0.609961 0.986006
vt 0.607755 0.986232
vt 0.607755 0.986232
vt 0.607755 0.992020
vt 0.609548 0.990965
vt 0.989775 0.510386
vt 0.982636 0.513217
vt 0.990936 0.513217
vt 0.775023 0.899149
vt 0.773628 0.901999
vt 0.775428 0.903056
vt 0.776696 0.899531
vt 0.775023 0.899149
vt 0.775428 0.903056
vt 0.997273 0.802989
vt 0.997154 0.801785
vt 0.993802 0.802989
vt 0.744811 0.607827
vt 0.749739 0.603604
vt 0.680757 0.603605
vt 0.680757 0.603605
vt 0.683572 0.607828
vt 0.744811 0.607827
vt 0.890445 0.809341
vt 0.898002 0.810392
vt 0.898002 0.740580
vt 0.416147 0.840434
vt 0.409420 0.844283
vt 0.416147 0.911480
vt 0.535768 0.685279
vt 0.524506 0.676832
vt 0.469618 0.674735
vt 0.535768 0.685279
vt 0.469618 0.674735
vt 0.463982 0.687401
vt 0.990379 0.793722
vt 0.982636 0.795130
vt 0.990379 0.795130
vt 0.277261 0.026046
vt 0.277993 0.018860
vt 0.275704 0.026391
vt 0.580830 0.980557
vt 0.575907 0.976327
vt 0.575902 0.980557
vt 0.350833 0.986006
vt 0.350833 0.992340
vt 0.355656 0.992352
vt 0.355656 0.992352
vt 0.355656 0.986017
vt 0.350833 0.986006
vt 0.580834 0.976327
vt 0.575902 0.971407
vt 0.575907 0.976327
vt 0.575907 0.976327
vt 0.580830 0.980557
vt 0.580834 0.976327
vt 0.982636 0.795130
vt 0.990379 0.793722
vt 0.982636 0.793722
vt 0.276503 0.018552
vt 0.275704 0.026391
vt 0.277993 0.018860
vt 0.886197 0.980557
vt 0.886208 0.976319
vt 0.881281 0.976319
vt 0.881281 0.976319
vt 0.881269 0.980557
vt 0.886197 0.980557
vt 0.886208 0.976319
vt 0.886196 0.971407
vt 0.881269 0.971407
vt 0.881269 0.971407
vt 0.881281 0.976319
vt 0.886208 0.976319
vt 0.987361 0.918542
vt 0.982636 0.912181
vt 0.982636 0.918515
vt 0.575902 0.971407
vt 0.580834 0.976327
vt 0.580830 0.971407
vt 0.982636 0.912181
vt 0.987361 0.918542
vt 0.987361 0.912208
vt 0.775023 0.899149
vt 0.776696 0.899531
vt 0.773628 0.891724
vt 0.775175 0.891430
vt 0.773628 0.891724
vt 0.776696 0.899531
vt 0.582943 0.976331
vt 0.580834 0.976327
vt 0.580830 0.980557
vt 0.582940 0.979152
vt 0.582943 0.976331
vt 0.580830 0.980557
vt 0.467562 0.986006
vt 0.465177 0.991684
vt 0.467562 0.992325
vt 0.940257 0.986006
vt 0.938000 0.986579
vt 0.938076 0.990369
vt 0.938076 0.990369
vt 0.940257 0.991365
vt 0.940257 0.986006
vt 0.991026 0.290312
vt 0.990864 0.287168
vt 0.986893 0.285158
vt 0.991026 0.290312
vt 0.986893 0.285158
vt 0.984786 0.287153
vt 0.991026 0.290312
vt 0.984786 0.287153
vt 0.984705 0.290939
vt 0.984705 0.290939
vt 0.988676 0.292949
vt 0.991026 0.290312
vt 0.467562 0.986006
vt 0.465177 0.986769
vt 0.465177 0.991684
vt 0.879154 0.979154
vt 0.881269 0.980557
vt 0.881281 0.976319
vt 0.879154 0.979154
vt 0.881281 0.976319
vt 0.879161 0.976329
vt 0.982636 0.291996
vt 0.984786 0.287153
vt 0.982636 0.286638
vt 0.982636 0.291996
vt 0.984705 0.290939
vt 0.984786 0.287153
vt 0.987361 0.918542
vt 0.989785 0.917824
vt 0.989785 0.912897
vt 0.987361 0.918542
vt 0.989785 0.912897
vt 0.987361 0.912208
vt 0.887893 0.805337
vt 0.887893 0.750762
vt 0.885107 0.751577
vt 0.683851 0.906426
vt 0.685716 0.858597
vt 0.683851 0.852187
vt 0.707619 0.741298
vt 0.707619 0.728628
vt 0.704430 0.728645
vt 0.316744 0.962999
vt 0.313230 0.962895
vt 0.313230 0.973714
vt 0.704430 0.728645
vt 0.704430 0.741315
vt 0.707619 0.741298
vt 0.313230 0.973714
vt 0.316744 0.973818
vt 0.316744 0.962999
vt 0.418250 0.747209
vt 0.418250 0.759848
vt 0.421202 0.759816
vt 0.421202 0.759816
vt 0.421202 0.747177
vt 0.418250 0.747209
vt 0.566841 0.706744
vt 0.566841 0.719412
vt 0.569465 0.719385
vt 0.569465 0.719385
vt 0.569465 0.706717
vt 0.566841 0.706744
vt 0.733072 0.475115
vt 0.736260 0.462429
vt 0.733216 0.462438
vt 0.197122 0.150742
vt 0.194198 0.150757
vt 0.194198 0.163426
vt 0.194198 0.163426
vt 0.196421 0.163410
vt 0.197122 0.150742
vt 0.181959 0.194592
vt 0.178856 0.207194
vt 0.181959 0.207231
vt 0.736260 0.462429
vt 0.733072 0.475115
vt 0.736260 0.475098
vt 0.443374 0.749739
vt 0.446474 0.749728
vt 0.443374 0.737071
vt 0.178856 0.207194
vt 0.181959 0.194592
vt 0.178856 0.194555
vt 0.446474 0.737060
vt 0.443374 0.737071
vt 0.446474 0.749728
vt 0.289787 0.638537
vt 0.289787 0.592245
vt 0.285564 0.592249
vt 0.285564 0.592249
vt 0.285564 0.638542
vt 0.289787 0.638537
vt 0.751842 0.672642
vt 0.805337 0.678975
vt 0.798298 0.672640
vt 0.922850 0.397208
vt 0.926643 0.397614
vt 0.926643 0.345415
vt 0.926643 0.345415
vt 0.922850 0.345009
vt 0.922850 0.397208
vt 0.805337 0.678975
vt 0.751842 0.672642
vt 0.751842 0.678977
vt 0.682346 0.541579
vt 0.679303 0.554301
vt 0.682346 0.554258
vt 0.185329 0.017462
vt 0.182410 0.017639
vt 0.182410 0.030326
vt 0.182410 0.030326
vt 0.185329 0.030149
vt 0.185329 0.017462
vt 0.132532 0.192878
vt 0.129997 0.205509
vt 0.133100 0.205546
vt 0.679303 0.554301
vt 0.682346 0.541579
vt 0.679303 0.541623
vt 0.204042 0.165100
vt 0.207142 0.165111
vt 0.203932 0.152443
vt 0.129997 0.205509
vt 0.132532 0.192878
vt 0.129997 0.192870
vt 0.207231 0.152443
vt 0.203932 0.152443
vt 0.207142 0.165111
vt 0.733072 0.434680
vt 0.736260 0.421994
vt 0.733072 0.422011
vt 0.212286 0.152426
vt 0.209361 0.152442
vt 0.209361 0.165111
vt 0.209361 0.165111
vt 0.212286 0.165096
vt 0.212286 0.152426
vt 0.138154 0.186126
vt 0.135056 0.198631
vt 0.138154 0.198807
vt 0.736260 0.421994
vt 0.733072 0.434680
vt 0.736116 0.434671
vt 0.202248 0.122991
vt 0.205546 0.122991
vt 0.202337 0.110323
vt 0.135056 0.198631
vt 0.138154 0.186126
vt 0.135056 0.185950
vt 0.205436 0.110335
vt 0.202337 0.110323
vt 0.205546 0.122991
vt 0.815446 0.001057
vt 0.805088 0.004518
vt 0.815446 0.136469
vt 0.746335 0.531770
vt 0.818816 0.532683
vt 0.818799 0.530328
vt 0.749750 0.494479
vt 0.753108 0.495333
vt 0.753108 0.422773
vt 0.746335 0.531770
vt 0.818816 0.535439
vt 0.818816 0.532683
vt 0.469618 0.674735
vt 0.466788 0.674723
vt 0.463982 0.687401
vt 0.331642 0.685287
vt 0.463982 0.687401
vt 0.466788 0.674723
vt 0.655378 0.855136
vt 0.655378 0.923274
vt 0.664262 0.923247
vt 0.818816 0.535439
vt 0.746335 0.531770
vt 0.742808 0.535768
vt 0.667183 0.854569
vt 0.655378 0.855136
vt 0.664262 0.923247
vt 0.761532 0.075060
vt 0.761532 0.009575
vt 0.635876 0.023047
vt 0.635876 0.023047
vt 0.635876 0.088532
vt 0.761532 0.075060
vt 0.166646 0.696384
vt 0.166646 0.707619
vt 0.170165 0.703403
vt 0.809878 0.669468
vt 0.819992 0.670553
vt 0.819360 0.539301
vt 0.571149 0.522085
vt 0.568235 0.524019
vt 0.571149 0.653705
vt 0.819360 0.539301
vt 0.809878 0.538284
vt 0.809878 0.669468
vt 0.819992 0.670553
vt 0.822185 0.541149
vt 0.819360 0.539301
vt 0.759127 0.514357
vt 0.729573 0.484186
vt 0.722571 0.487101
vt 0.722571 0.487101
vt 0.729573 0.484186
vt 0.725085 0.436356
vt 0.901371 0.547742
vt 0.887998 0.547707
vt 0.901145 0.594737
vt 0.887772 0.506307
vt 0.887998 0.547707
vt 0.901371 0.547742
vt 0.722571 0.487101
vt 0.755563 0.521787
vt 0.759127 0.514357
vt 0.901371 0.547742
vt 0.901145 0.506342
vt 0.887772 0.506307
vt 0.732518 0.439916
vt 0.725085 0.436356
vt 0.729573 0.484186
vt 0.710988 0.817324
vt 0.703989 0.814404
vt 0.674434 0.844573
vt 0.708474 0.766580
vt 0.703989 0.814404
vt 0.710988 0.817324
vt 0.887772 0.594702
vt 0.901145 0.594737
vt 0.887998 0.547707
vt 0.674434 0.844573
vt 0.677996 0.852009
vt 0.710988 0.817324
vt 0.703989 0.814404
vt 0.708474 0.766580
vt 0.701044 0.770135
vt 0.960339 0.758259
vt 0.959409 0.758557
vt 0.960101 0.763376
vt 0.958876 0.764135
vt 0.960101 0.763376
vt 0.959409 0.758557
vt 0.957206 0.758531
vt 0.958876 0.764135
vt 0.959409 0.758557
vt 0.960101 0.763376
vt 0.958876 0.764135
vt 0.960339 0.765980
vt 0.958876 0.764135
vt 0.957206 0.758531
vt 0.956037 0.763946
vt 0.958876 0.764135
vt 0.956037 0.763946
vt 0.958542 0.767083
vt 0.958542 0.767083
vt 0.960339 0.765980
vt 0.958876 0.764135
vt 0.166819 0.949668
vt 0.168621 0.943248
vt 0.167353 0.942406
vt 0.892279 0.104514
vt 0.891183 0.110733
vt 0.892947 0.111532
vt 0.166819 0.949668
vt 0.168869 0.949339
vt 0.168621 0.943248
vt 0.398282 0.928246
vt 0.394406 0.937306
vt 0.399033 0.937000
vt 0.956275 0.766550
vt 0.958542 0.767083
vt 0.956037 0.763946
vt 0.168869 0.949339
vt 0.166819 0.949668
vt 0.170165 0.953600
vt 0.960339 0.765980
vt 0.958542 0.767083
vt 0.960181 0.771025
vt 0.958542 0.767083
vt 0.956275 0.766550
vt 0.956474 0.771641
vt 0.890617 0.116252
vt 0.892947 0.111532
vt 0.891183 0.110733
vt 0.167963 0.923217
vt 0.166211 0.927324
vt 0.168481 0.927845
vt 0.060260 0.971717
vt 0.062338 0.972406
vt 0.062173 0.968010
vt 0.394954 0.942951
vt 0.399033 0.937000
vt 0.394406 0.937306
vt 0.956850 0.823274
vt 0.959843 0.823858
vt 0.960339 0.816896
vt 0.399033 0.937000
vt 0.394954 0.942951
vt 0.398943 0.943118
vt 0.166211 0.933383
vt 0.168481 0.927845
vt 0.166211 0.927324
vt 0.062338 0.972406
vt 0.060260 0.971717
vt 0.060260 0.977188
vt 0.399299 0.950231
vt 0.398943 0.943118
vt 0.394954 0.942951
vt 0.959843 0.823858
vt 0.956850 0.823274
vt 0.956680 0.832294
vt 0.969872 0.321798
vt 0.975503 0.311972
vt 0.969872 0.311978
vt 0.146578 0.926716
vt 0.140947 0.926730
vt 0.146578 0.953587
vt 0.515551 0.953600
vt 0.515551 0.926148
vt 0.505696 0.926148
vt 0.505696 0.926148
vt 0.505696 0.953600
vt 0.515551 0.953600
vt 0.975503 0.311972
vt 0.969872 0.321798
vt 0.975503 0.321792
vt 0.529029 0.927833
vt 0.519175 0.927833
vt 0.519175 0.955285
vt 0.140947 0.953600
vt 0.146578 0.953587
vt 0.140947 0.926730
vt 0.519175 0.955285
vt 0.529029 0.955285
vt 0.529029 0.927833
vt 0.643596 0.178651
vt 0.639388 0.178646
vt 0.639388 0.208911
vt 0.951844 0.350500
vt 0.929868 0.380766
vt 0.951916 0.380766
vt 0.639388 0.208911
vt 0.643596 0.208916
vt 0.643596 0.178651
vt 0.931999 0.119500
vt 0.953600 0.119621
vt 0.931999 0.089238
vt 0.258458 0.246838
vt 0.259913 0.009770
vt 0.257097 0.009756
vt 0.257097 0.009756
vt 0.255643 0.246823
vt 0.258458 0.246838
vt 0.328475 0.349686
vt 0.254903 0.294329
vt 0.327017 0.587599
vt 0.944942 0.527887
vt 0.941334 0.525819
vt 0.941557 0.531070
vt 0.944942 0.527887
vt 0.941557 0.531070
vt 0.945176 0.534084
vt 0.973818 0.012098
vt 0.971544 0.018011
vt 0.973818 0.021902
vt 0.187268 0.991646
vt 0.190016 0.992638
vt 0.188987 0.988082
vt 0.188987 0.988082
vt 0.184664 0.986006
vt 0.184664 0.991809
vt 0.184664 0.991809
vt 0.187268 0.991646
vt 0.188987 0.988082
vt 0.997400 0.205692
vt 0.998669 0.201750
vt 0.993802 0.201750
vt 0.993802 0.201750
vt 0.995688 0.205889
vt 0.997400 0.205692
vt 0.328597 0.955778
vt 0.328873 0.960751
vt 0.330959 0.956756
vt 0.322515 0.957701
vt 0.326652 0.956875
vt 0.323089 0.953293
vt 0.320110 0.881528
vt 0.321403 0.885365
vt 0.323802 0.879032
vt 0.993802 0.367049
vt 0.997695 0.368574
vt 0.998481 0.367049
vt 0.326652 0.956875
vt 0.324178 0.962402
vt 0.328873 0.960751
vt 0.328873 0.960751
vt 0.328597 0.955778
vt 0.326652 0.956875
vt 0.321403 0.885365
vt 0.320110 0.889578
vt 0.325168 0.885801
vt 0.325168 0.885801
vt 0.323802 0.879032
vt 0.321403 0.885365
vt 0.322515 0.957701
vt 0.321162 0.968764
vt 0.324178 0.962402
vt 0.324178 0.962402
vt 0.321162 0.968764
vt 0.328026 0.967370
vt 0.324178 0.962402
vt 0.326652 0.956875
vt 0.322515 0.957701
vt 0.328026 0.967370
vt 0.330244 0.964063
vt 0.324178 0.962402
vt 0.946861 0.910191
vt 0.939851 0.905968
vt 0.939856 0.911480
vt 0.445993 0.959419
vt 0.449307 0.961827
vt 0.453076 0.960038
vt 0.453076 0.960038
vt 0.449307 0.961827
vt 0.450194 0.965937
vt 0.453076 0.960038
vt 0.450194 0.965937
vt 0.453213 0.966974
vt 0.935592 0.910774
vt 0.939856 0.911480
vt 0.939851 0.905968
vt 0.934171 0.905812
vt 0.935592 0.910774
vt 0.939851 0.905968
vt 0.286625 0.990620
vt 0.290086 0.992529
vt 0.290086 0.986006
vt 0.174835 0.986006
vt 0.172649 0.991620
vt 0.174835 0.992806
vt 0.449307 0.961827
vt 0.445993 0.967722
vt 0.450194 0.965937
vt 0.254074 0.986006
vt 0.250153 0.989422
vt 0.254074 0.992576
vt 0.968083 0.966930
vt 0.973818 0.970211
vt 0.972385 0.965265
vt 0.331907 0.968764
vt 0.330244 0.964063
vt 0.328026 0.967370
vt 0.639506 0.729403
vt 0.641079 0.732557
vt 0.643596 0.731304
vt 0.641709 0.727514
vt 0.639506 0.729403
vt 0.643596 0.731304
vt 0.990531 0.698752
vt 0.982636 0.698752
vt 0.986613 0.700768
vt 0.968083 0.966930
vt 0.968083 0.975503
vt 0.973818 0.970211
vt 0.641079 0.732557
vt 0.639506 0.729403
vt 0.637298 0.732891
vt 0.448770 0.970495
vt 0.450194 0.965937
vt 0.445993 0.967722
vt 0.639506 0.729403
vt 0.641709 0.727514
vt 0.637613 0.727218
vt 0.650705 0.986006
vt 0.647156 0.986428
vt 0.650705 0.990778
vt 0.637613 0.727218
vt 0.641709 0.727514
vt 0.643596 0.723428
vt 0.646426 0.991874
vt 0.650705 0.990778
vt 0.647156 0.986428
vt 0.967708 0.867201
vt 0.972133 0.867675
vt 0.972133 0.858060
vt 0.972133 0.858060
vt 0.967708 0.857585
vt 0.967708 0.867201
vt 0.941066 0.012180
vt 0.940220 0.040435
vt 0.944331 0.040144
vt 0.944331 0.040144
vt 0.945176 0.011889
vt 0.941066 0.012180
vt 0.946861 0.657145
vt 0.943500 0.671262
vt 0.946861 0.672238
vt 0.514492 0.704240
vt 0.523975 0.704249
vt 0.523975 0.689371
vt 0.523975 0.689371
vt 0.512463 0.689637
vt 0.514492 0.704240
vt 0.448770 0.970495
vt 0.453213 0.966974
vt 0.450194 0.965937
vt 0.453213 0.966974
vt 0.448770 0.970495
vt 0.452509 0.972133
vt 0.590770 0.208916
vt 0.626996 0.012492
vt 0.597225 0.012500
vt 0.590770 0.208916
vt 0.597225 0.012500
vt 0.593090 0.011796
vt 0.207152 0.590605
vt 0.010273 0.590605
vt 0.010952 0.595114
vt 0.207152 0.590605
vt 0.010952 0.595114
vt 0.207231 0.633487
vt 0.982677 0.730449
vt 0.990279 0.735376
vt 0.990319 0.730449
vt 0.953600 0.385790
vt 0.948685 0.385731
vt 0.953600 0.412778
vt 0.955285 0.500206
vt 0.954797 0.473333
vt 0.945332 0.473008
vt 0.945332 0.500387
vt 0.955285 0.500206
vt 0.945332 0.473008
vt 0.990279 0.735376
vt 0.982677 0.730449
vt 0.982636 0.735376
vt 0.667183 0.927905
vt 0.657719 0.928231
vt 0.657231 0.955104
vt 0.667183 0.927905
vt 0.657231 0.955104
vt 0.667183 0.955285
vt 0.948685 0.412718
vt 0.953600 0.412778
vt 0.948685 0.385731
vt 0.652020 0.917545
vt 0.647854 0.917576
vt 0.647854 0.948546
vt 0.647854 0.948546
vt 0.652020 0.948515
vt 0.652020 0.917545
vt 0.537453 0.530511
vt 0.537453 0.499615
vt 0.515238 0.530714
vt 0.701312 0.172930
vt 0.722782 0.201625
vt 0.722782 0.175178
vt 0.970438 0.029742
vt 0.966215 0.029742
vt 0.966225 0.035381
vt 0.966225 0.035381
vt 0.970448 0.035381
vt 0.970438 0.029742
vt 0.944331 0.002171
vt 0.940220 0.002463
vt 0.941066 0.012180
vt 0.941066 0.012180
vt 0.945176 0.011889
vt 0.944331 0.002171
vt 0.973818 0.296652
vt 0.968976 0.296652
vt 0.973634 0.306635
vt 0.537453 0.499615
vt 0.531966 0.491213
vt 0.515805 0.499146
vt 0.515805 0.499146
vt 0.515238 0.530714
vt 0.537453 0.499615
vt 0.969365 0.306313
vt 0.973634 0.306635
vt 0.968976 0.296652
vt 0.701312 0.199978
vt 0.717902 0.208327
vt 0.722782 0.201625
vt 0.722782 0.201625
vt 0.701312 0.172930
vt 0.701312 0.199978
vt 0.972133 0.195783
vt 0.967654 0.195286
vt 0.972121 0.200762
vt 0.531966 0.491213
vt 0.527046 0.489861
vt 0.521142 0.491329
vt 0.531966 0.491213
vt 0.521142 0.491329
vt 0.515805 0.499146
vt 0.967654 0.195286
vt 0.967641 0.201260
vt 0.972121 0.200762
vt 0.706191 0.207101
vt 0.712047 0.208916
vt 0.717902 0.208327
vt 0.701312 0.199978
vt 0.706191 0.207101
vt 0.717902 0.208327
vt 0.967654 0.207231
vt 0.972121 0.200762
vt 0.967641 0.201260
vt 0.972121 0.200762
vt 0.967654 0.207231
vt 0.972133 0.206733
vt 0.972781 0.288102
vt 0.977188 0.278656
vt 0.973020 0.278916
vt 0.249351 0.279646
vt 0.245816 0.288590
vt 0.249351 0.291471
vt 0.335331 0.968764
vt 0.340331 0.962291
vt 0.335331 0.954558
vt 0.938652 0.957109
vt 0.943837 0.972133
vt 0.951915 0.957109
vt 0.729338 0.695151
vt 0.734576 0.695978
vt 0.734576 0.691326
vt 0.868469 0.380840
vt 0.868197 0.385337
vt 0.872578 0.385099
vt 0.988600 0.129145
vt 0.991595 0.127153
vt 0.982636 0.127153
vt 0.892027 0.681152
vt 0.888566 0.729521
vt 0.892947 0.728534
vt 0.350226 0.928354
vt 0.358864 0.930013
vt 0.350379 0.880806
vt 0.734576 0.695978
vt 0.729338 0.695151
vt 0.730255 0.699448
vt 0.734576 0.695978
vt 0.730255 0.699448
vt 0.733389 0.700879
vt 0.872730 0.389102
vt 0.872578 0.385099
vt 0.868197 0.385337
vt 0.868197 0.390875
vt 0.872730 0.389102
vt 0.868197 0.385337
vt 0.939119 0.045831
vt 0.939119 0.077501
vt 0.943292 0.077469
vt 0.943292 0.077469
vt 0.943491 0.045786
vt 0.939119 0.045831
vt 0.991382 0.136151
vt 0.982687 0.131224
vt 0.982636 0.136151
vt 0.982687 0.131224
vt 0.991382 0.136151
vt 0.991433 0.131224
vt 0.892027 0.681152
vt 0.888566 0.681706
vt 0.888566 0.729521
vt 0.813541 0.928328
vt 0.828925 0.924369
vt 0.813541 0.878328
vt 0.358864 0.880767
vt 0.350379 0.880806
vt 0.358864 0.930013
vt 0.972781 0.288102
vt 0.977188 0.288083
vt 0.977188 0.278656
vt 0.801426 0.515291
vt 0.759127 0.514357
vt 0.755563 0.521787
vt 0.936752 0.624018
vt 0.923412 0.623875
vt 0.923412 0.672094
vt 0.923412 0.672094
vt 0.936752 0.672238
vt 0.936752 0.624018
vt 0.755563 0.521787
vt 0.804338 0.522290
vt 0.801426 0.515291
vt 0.677996 0.852009
vt 0.674434 0.844573
vt 0.632134 0.845507
vt 0.632134 0.845507
vt 0.629221 0.852512
vt 0.677996 0.852009
vt 0.968761 0.713816
vt 0.973818 0.714358
vt 0.973818 0.704742
vt 0.973818 0.704742
vt 0.968761 0.704200
vt 0.968761 0.713816
vt 0.939381 0.463709
vt 0.938518 0.491963
vt 0.942629 0.491674
vt 0.929868 0.380766
vt 0.951844 0.350500
vt 0.930483 0.349797
vt 0.942629 0.491674
vt 0.943491 0.463420
vt 0.939381 0.463709
vt 0.952925 0.088651
vt 0.931999 0.089238
vt 0.953600 0.119621
vt 0.982683 0.702847
vt 0.990279 0.708478
vt 0.990325 0.702847
vt 0.951915 0.122961
vt 0.946299 0.122893
vt 0.951915 0.149948
vt 0.953600 0.805337
vt 0.953600 0.778460
vt 0.944143 0.777962
vt 0.943646 0.805337
vt 0.953600 0.805337
vt 0.944143 0.777962
vt 0.990279 0.708478
vt 0.982683 0.702847
vt 0.982636 0.708478
vt 0.953600 0.811654
vt 0.944136 0.811979
vt 0.943648 0.838852
vt 0.953600 0.811654
vt 0.943648 0.838852
vt 0.953600 0.839033
vt 0.946299 0.149880
vt 0.951915 0.149948
vt 0.946299 0.122893
vt 0.939326 0.658698
vt 0.943347 0.627785
vt 0.939326 0.627719
vt 0.736260 0.611188
vt 0.714561 0.609925
vt 0.736260 0.637844
vt 0.953600 0.272108
vt 0.932519 0.303265
vt 0.953450 0.302935
vt 0.939326 0.658698
vt 0.943491 0.658759
vt 0.943347 0.627785
vt 0.924741 0.448555
vt 0.936752 0.449843
vt 0.924741 0.401164
vt 0.839034 0.488302
vt 0.801426 0.515291
vt 0.804338 0.522290
vt 0.629221 0.852512
vt 0.632134 0.845507
vt 0.594525 0.818526
vt 0.936752 0.402452
vt 0.924741 0.401164
vt 0.936752 0.449843
vt 0.720094 0.569529
vt 0.720094 0.599791
vt 0.724467 0.599746
vt 0.932519 0.303265
vt 0.953600 0.272108
vt 0.932519 0.273072
vt 0.724467 0.599746
vt 0.724467 0.569484
vt 0.720094 0.569529
vt 0.991382 0.117886
vt 0.982694 0.112256
vt 0.982636 0.117886
vt 0.715129 0.635764
vt 0.736260 0.637844
vt 0.714561 0.609925
vt 0.982694 0.112256
vt 0.991382 0.117886
vt 0.991440 0.112256
vt 0.866300 0.964962
vt 0.868665 0.965011
vt 0.871719 0.956965
vt 0.872730 0.970448
vt 0.868665 0.965011
vt 0.866300 0.964962
vt 0.652020 0.001287
vt 0.649512 0.010341
vt 0.652020 0.011794
vt 0.769956 0.945822
vt 0.768131 0.947369
vt 0.769956 0.955285
vt 0.152886 0.852339
vt 0.152886 0.864306
vt 0.155002 0.862197
vt 0.946419 0.041682
vt 0.948546 0.043805
vt 0.948546 0.031839
vt 0.868665 0.965011
vt 0.872730 0.959013
vt 0.871719 0.956965
vt 0.982636 0.760411
vt 0.989082 0.763012
vt 0.990362 0.760411
vt 0.982636 0.515296
vt 0.983547 0.517509
vt 0.989039 0.517977
vt 0.649512 0.010341
vt 0.652020 0.001287
vt 0.649037 0.002648
vt 0.989039 0.517977
vt 0.990932 0.515296
vt 0.982636 0.515296
vt 0.826189 0.991627
vt 0.827538 0.991682
vt 0.827538 0.986061
vt 0.845319 0.986006
vt 0.843780 0.990986
vt 0.845319 0.991646
vt 0.827538 0.986061
vt 0.826189 0.986006
vt 0.826189 0.991627
vt 0.998861 0.194116
vt 0.998251 0.193344
vt 0.993802 0.194116
vt 0.707024 0.986006
vt 0.709829 0.988814
vt 0.712655 0.986006
vt 0.712655 0.986006
vt 0.709829 0.988814
vt 0.712655 0.991637
vt 0.989082 0.763012
vt 0.982636 0.760411
vt 0.983840 0.763365
vt 0.709829 0.988814
vt 0.707024 0.986006
vt 0.707024 0.991637
vt 0.707024 0.991637
vt 0.712655 0.991637
vt 0.709829 0.988814
vt 0.861546 0.986006
vt 0.860211 0.990899
vt 0.861546 0.991627
vt 0.987572 0.567892
vt 0.987617 0.566198
vt 0.982636 0.565097
vt 0.996315 0.857701
vt 0.996947 0.856443
vt 0.993802 0.856443
vt 0.987683 0.039200
vt 0.991723 0.038477
vt 0.990633 0.037224
vt 0.990633 0.037224
vt 0.987512 0.037615
vt 0.987683 0.039200
vt 0.987617 0.566198
vt 0.987572 0.567892
vt 0.990598 0.565097
vt 0.987039 0.842513
vt 0.987120 0.843869
vt 0.990299 0.843727
vt 0.987572 0.567892
vt 0.990821 0.566291
vt 0.990598 0.565097
vt 0.731206 0.657074
vt 0.731206 0.647391
vt 0.729217 0.648551
vt 0.729217 0.648551
vt 0.729217 0.655813
vt 0.731206 0.657074
vt 0.989300 0.802640
vt 0.984352 0.802273
vt 0.982636 0.805257
vt 0.982636 0.805257
vt 0.990297 0.805257
vt 0.989300 0.802640
vt 0.969598 0.518920
vt 0.972133 0.510910
vt 0.969598 0.508996
vt 0.969598 0.518920
vt 0.972133 0.517732
vt 0.972133 0.510910
vt 0.801206 0.986006
vt 0.801208 0.988823
vt 0.804730 0.988824
vt 0.087781 0.986677
vt 0.092478 0.988139
vt 0.090599 0.986006
vt 0.804730 0.988824
vt 0.804728 0.986007
vt 0.801206 0.986006
vt 0.741763 0.986787
vt 0.738272 0.986006
vt 0.738317 0.989508
vt 0.741763 0.986787
vt 0.738317 0.989508
vt 0.741763 0.989594
vt 0.804728 0.991638
vt 0.804730 0.988824
vt 0.801208 0.988823
vt 0.092478 0.988139
vt 0.087781 0.986677
vt 0.086215 0.991353
vt 0.092478 0.988139
vt 0.086215 0.991353
vt 0.088407 0.992551
vt 0.801208 0.988823
vt 0.801206 0.990933
vt 0.804728 0.991638
vt 0.090912 0.992815
vt 0.092791 0.990302
vt 0.092478 0.988139
vt 0.088407 0.992551
vt 0.090912 0.992815
vt 0.092478 0.988139
vt 0.741659 0.991713
vt 0.741763 0.989594
vt 0.738317 0.989508
vt 0.636292 0.988963
vt 0.639785 0.988921
vt 0.637013 0.986006
vt 0.087781 0.986677
vt 0.086215 0.988255
vt 0.086215 0.991353
vt 0.636292 0.988963
vt 0.639785 0.991888
vt 0.639785 0.988921
vt 0.983024 0.037224
vt 0.987683 0.039200
vt 0.987512 0.037615
vt 0.987120 0.843869
vt 0.987039 0.842513
vt 0.982636 0.843869
vt 0.994216 0.269567
vt 0.998293 0.269119
vt 0.998642 0.268049
vt 0.987683 0.039200
vt 0.983024 0.037224
vt 0.982636 0.039176
vt 0.993802 0.268049
vt 0.994216 0.269567
vt 0.998642 0.268049
vt 0.994747 0.328998
vt 0.993802 0.330886
vt 0.998522 0.330886
vt 0.639785 0.991888
vt 0.636292 0.988963
vt 0.636292 0.991930
vt 0.993804 0.663289
vt 0.997328 0.663305
vt 0.997328 0.660481
vt 0.997328 0.660481
vt 0.993802 0.661169
vt 0.993804 0.663289
vt 0.338102 0.345580
vt 0.335858 0.400838
vt 0.343929 0.398950
vt 0.666420 0.841348
vt 0.669366 0.842403
vt 0.680662 0.789389
vt 0.338102 0.345580
vt 0.343929 0.398950
vt 0.346128 0.347671
vt 0.677078 0.789583
vt 0.666420 0.841348
vt 0.680662 0.789389
vt 0.338102 0.345580
vt 0.346128 0.347671
vt 0.359228 0.313227
vt 0.680662 0.789389
vt 0.669323 0.748921
vt 0.666094 0.750379
vt 0.666094 0.750379
vt 0.677078 0.789583
vt 0.680662 0.789389
vt 0.990835 0.563018
vt 0.989217 0.559986
vt 0.983739 0.560409
vt 0.983739 0.560409
vt 0.982636 0.563018
vt 0.990835 0.563018
vt 0.817131 0.234828
vt 0.814890 0.243627
vt 0.817131 0.245982
vt 0.772250 0.692455
vt 0.775011 0.690105
vt 0.774801 0.682553
vt 0.772250 0.692455
vt 0.774801 0.682553
vt 0.772250 0.681323
vt 0.817131 0.234828
vt 0.815146 0.236051
vt 0.814890 0.243627
vt 0.956553 0.408855
vt 0.967079 0.411093
vt 0.967079 0.393176
vt 0.967079 0.393176
vt 0.956553 0.393006
vt 0.956553 0.408855
vt 0.742655 0.964217
vt 0.742655 0.971283
vt 0.751368 0.972629
vt 0.751368 0.972629
vt 0.751424 0.967260
vt 0.742655 0.964217
vt 0.742655 0.971283
vt 0.745104 0.975503
vt 0.751368 0.972629
vt 0.365603 0.433225
vt 0.343929 0.398950
vt 0.335858 0.400838
vt 0.064014 0.874825
vt 0.061183 0.875233
vt 0.061183 0.925529
vt 0.359446 0.438050
vt 0.365603 0.433225
vt 0.335858 0.400838
vt 0.061183 0.925529
vt 0.064023 0.926643
vt 0.064014 0.874825
vt 0.997531 0.618001
vt 0.993802 0.618001
vt 0.993897 0.621254
vt 0.993897 0.621254
vt 0.997029 0.621308
vt 0.997531 0.618001
vt 0.997098 0.815801
vt 0.997029 0.813285
vt 0.993802 0.812957
vt 0.993802 0.812957
vt 0.993802 0.816105
vt 0.997098 0.815801
vt 0.761532 0.009575
vt 0.761532 0.002581
vt 0.635876 0.023047
vt 0.635876 0.016053
vt 0.635876 0.023047
vt 0.761532 0.002581
vt 0.975503 0.113098
vt 0.971575 0.113403
vt 0.975503 0.122685
vt 0.951844 0.350500
vt 0.947001 0.342054
vt 0.930483 0.349797
vt 0.971575 0.122991
vt 0.975503 0.122685
vt 0.971575 0.113403
vt 0.952925 0.088651
vt 0.936724 0.080819
vt 0.931999 0.089238
vt 0.968763 0.451355
vt 0.964540 0.451356
vt 0.968754 0.457683
vt 0.947001 0.342054
vt 0.940796 0.340647
vt 0.935288 0.342054
vt 0.947001 0.342054
vt 0.935288 0.342054
vt 0.930483 0.349797
vt 0.964530 0.457683
vt 0.968754 0.457683
vt 0.964540 0.451356
vt 0.948200 0.080883
vt 0.942800 0.079445
vt 0.936724 0.080819
vt 0.952925 0.088651
vt 0.948200 0.080883
vt 0.936724 0.080819
vt 0.699996 0.439734
vt 0.705934 0.396493
vt 0.699996 0.392949
vt 0.903056 0.094046
vt 0.888697 0.132976
vt 0.895941 0.134639
vt 0.569853 0.475308
vt 0.563472 0.480781
vt 0.581023 0.488067
vt 0.573442 0.466229
vt 0.569853 0.475308
vt 0.581023 0.488067
vt 0.581386 0.445351
vt 0.573442 0.466229
vt 0.581023 0.488067
vt 0.215350 0.219546
vt 0.001683 0.256091
vt 0.215655 0.256091
vt 0.991257 0.151219
vt 0.982636 0.145816
vt 0.982889 0.151323
vt 0.982636 0.145816
vt 0.991257 0.151219
vt 0.991387 0.145816
vt 0.626996 0.012492
vt 0.620780 0.006157
vt 0.597225 0.012500
vt 0.953969 0.925658
vt 0.959663 0.916765
vt 0.953995 0.916487
vt 0.959663 0.916765
vt 0.953969 0.925658
vt 0.960339 0.925883
vt 0.620780 0.006157
vt 0.611815 0.002638
vt 0.602722 0.006165
vt 0.620780 0.006157
vt 0.602722 0.006165
vt 0.597225 0.012500
vt 0.061183 0.875233
vt 0.041975 0.879254
vt 0.061183 0.925529
vt 0.650559 0.790935
vt 0.642764 0.828267
vt 0.666420 0.841348
vt 0.666420 0.841348
vt 0.677078 0.789583
vt 0.650559 0.790935
vt 0.748054 0.448182
vt 0.739608 0.448159
vt 0.739420 0.486886
vt 0.739420 0.414257
vt 0.739608 0.448159
vt 0.748054 0.448182
vt 0.739420 0.486886
vt 0.747866 0.486909
vt 0.748054 0.448182
vt 0.748054 0.448182
vt 0.747866 0.414280
vt 0.739420 0.414257
vt 0.906426 0.726763
vt 0.902960 0.725221
vt 0.876760 0.750781
vt 0.904951 0.684934
vt 0.902960 0.725221
vt 0.906426 0.726763
vt 0.906426 0.726763
vt 0.876760 0.750781
vt 0.878702 0.754793
vt 0.041975 0.879254
vt 0.019451 0.879307
vt 0.041975 0.915081
vt 0.019117 0.847906
vt 0.019451 0.879307
vt 0.041975 0.879254
vt 0.041975 0.879254
vt 0.041975 0.915081
vt 0.061183 0.925529
vt 0.041975 0.879254
vt 0.041640 0.847852
vt 0.019117 0.847906
vt 0.902960 0.725221
vt 0.904951 0.684934
vt 0.900944 0.686869
vt 0.019451 0.879307
vt 0.010261 0.879986
vt 0.019451 0.915134
vt 0.313273 0.897502
vt 0.324547 0.930884
vt 0.333592 0.928918
vt 0.019451 0.915134
vt 0.041975 0.915081
vt 0.019451 0.879307
vt 0.333592 0.928918
vt 0.321490 0.892752
vt 0.313273 0.897502
vt 0.010261 0.879986
vt 0.001749 0.880920
vt 0.010261 0.913058
vt 0.304480 0.902956
vt 0.314374 0.931698
vt 0.324547 0.930884
vt 0.010261 0.913058
vt 0.019451 0.915134
vt 0.010261 0.879986
vt 0.324547 0.930884
vt 0.313273 0.897502
vt 0.304480 0.902956
vt 0.263600 0.943491
vt 0.260119 0.935700
vt 0.234037 0.943491
vt 0.295597 0.908860
vt 0.303362 0.931576
vt 0.314374 0.931698
vt 0.001749 0.909858
vt 0.010261 0.913058
vt 0.001749 0.880920
vt 0.314374 0.931698
vt 0.304480 0.902956
vt 0.295597 0.908860
vt 0.237595 0.935700
vt 0.234037 0.943491
vt 0.260119 0.935700
vt 0.243268 0.920864
vt 0.237595 0.935700
vt 0.260119 0.935700
vt 0.303362 0.931576
vt 0.295597 0.908860
vt 0.282854 0.918363
vt 0.282854 0.918363
vt 0.286363 0.929029
vt 0.303362 0.931576
vt 0.260119 0.935700
vt 0.253827 0.920864
vt 0.243268 0.920864
vt 0.968754 0.457683
vt 0.964530 0.457683
vt 0.964540 0.463322
vt 0.964540 0.463322
vt 0.968763 0.463322
vt 0.968754 0.457683
vt 0.942629 0.454337
vt 0.938518 0.454626
vt 0.939381 0.463709
vt 0.939381 0.463709
vt 0.943491 0.463420
vt 0.942629 0.454337
vt 0.954671 0.934790
vt 0.960339 0.925883
vt 0.953969 0.925658
vt 0.581386 0.445351
vt 0.569999 0.457251
vt 0.573442 0.466229
vt 0.960339 0.925883
vt 0.954671 0.934790
vt 0.960339 0.935067
vt 0.991561 0.058308
vt 0.982636 0.054309
vt 0.982636 0.058974
vt 0.581386 0.445351
vt 0.563717 0.451011
vt 0.569999 0.457251
vt 0.982636 0.391618
vt 0.991034 0.395858
vt 0.991034 0.391028
vt 0.888447 0.495776
vt 0.896317 0.492628
vt 0.891280 0.490110
vt 0.581386 0.445351
vt 0.563769 0.444811
vt 0.563717 0.451011
vt 0.896317 0.492628
vt 0.888447 0.495776
vt 0.894427 0.496403
vt 0.973818 0.559994
vt 0.968989 0.559647
vt 0.973818 0.569465
vt 0.953600 0.272108
vt 0.948263 0.264477
vt 0.937439 0.264593
vt 0.953600 0.272108
vt 0.937439 0.264593
vt 0.932519 0.273072
vt 0.500972 0.926643
vt 0.503757 0.920677
vt 0.450617 0.920677
vt 0.896321 0.181959
vt 0.895941 0.134639
vt 0.888697 0.132976
vt 0.450617 0.920677
vt 0.451768 0.926643
vt 0.500972 0.926643
vt 0.503757 0.920677
vt 0.502503 0.917728
vt 0.450617 0.920677
vt 0.890021 0.502072
vt 0.894427 0.496403
vt 0.888447 0.495776
vt 0.927478 0.504680
vt 0.945176 0.509474
vt 0.945136 0.503153
vt 0.890021 0.502072
vt 0.896317 0.500498
vt 0.894427 0.496403
vt 0.977188 0.917999
vt 0.971229 0.917356
vt 0.971835 0.926328
vt 0.977188 0.917999
vt 0.971835 0.926328
vt 0.977188 0.926643
vt 0.010952 0.595114
vt 0.004648 0.600968
vt 0.011067 0.625053
vt 0.010952 0.595114
vt 0.011067 0.625053
vt 0.207231 0.633487
vt 0.945176 0.509474
vt 0.927478 0.504680
vt 0.938827 0.515883
vt 0.895941 0.134639
vt 0.896321 0.181959
vt 0.903056 0.176603
vt 0.935324 0.524705
vt 0.938827 0.515883
vt 0.927478 0.504680
vt 0.927478 0.547562
vt 0.935324 0.524705
vt 0.927478 0.504680
vt 0.956293 0.379870
vt 0.962024 0.370767
vt 0.956054 0.370929
vt 0.969583 0.568837
vt 0.973818 0.569465
vt 0.968989 0.559647
vt 0.715129 0.635764
vt 0.731331 0.644563
vt 0.736260 0.637844
vt 0.970448 0.527690
vt 0.965969 0.527192
vt 0.970436 0.532669
vt 0.948263 0.264477
vt 0.943343 0.263125
vt 0.937439 0.264593
vt 0.965969 0.527192
vt 0.965957 0.533167
vt 0.970436 0.532669
vt 0.719596 0.643595
vt 0.725490 0.645281
vt 0.731331 0.644563
vt 0.715129 0.635764
vt 0.719596 0.643595
vt 0.731331 0.644563
vt 0.965969 0.539138
vt 0.970436 0.532669
vt 0.965957 0.533167
vt 0.970436 0.532669
vt 0.965969 0.539138
vt 0.970448 0.538640
vt 0.971096 0.335276
vt 0.975503 0.325421
vt 0.971337 0.325713
vt 0.956293 0.379870
vt 0.961779 0.380220
vt 0.962024 0.370767
vt 0.004648 0.600968
vt 0.001198 0.610213
vt 0.004732 0.619098
vt 0.004648 0.600968
vt 0.004732 0.619098
vt 0.011067 0.625053
vt 0.961779 0.380220
vt 0.956293 0.379870
vt 0.956538 0.388841
vt 0.956538 0.388841
vt 0.962024 0.389190
vt 0.961779 0.380220
vt 0.927478 0.547562
vt 0.938842 0.533596
vt 0.935324 0.524705
vt 0.980557 0.240654
vt 0.975074 0.240322
vt 0.975074 0.249019
vt 0.975074 0.249019
vt 0.980557 0.249351
vt 0.980557 0.240654
vt 0.492705 0.897534
vt 0.492946 0.875066
vt 0.456118 0.875101
vt 0.451332 0.917728
vt 0.502503 0.917728
vt 0.492705 0.897534
vt 0.455877 0.897569
vt 0.451332 0.917728
vt 0.492705 0.897534
vt 0.456118 0.875101
vt 0.455877 0.897569
vt 0.492705 0.897534
vt 0.839931 0.750327
vt 0.878702 0.754793
vt 0.876760 0.750781
vt 0.492946 0.875066
vt 0.491043 0.865691
vt 0.456118 0.875101
vt 0.451332 0.917728
vt 0.450617 0.920677
vt 0.502503 0.917728
vt 0.945176 0.720485
vt 0.936751 0.720394
vt 0.945176 0.759848
vt 0.936751 0.759757
vt 0.945176 0.759848
vt 0.936751 0.720394
vt 0.878702 0.754793
vt 0.839931 0.750327
vt 0.838887 0.754302
vt 0.971096 0.335276
vt 0.975503 0.335222
vt 0.975503 0.325421
vt 0.927478 0.547562
vt 0.945166 0.539564
vt 0.938842 0.533596
vt 0.793544 0.684638
vt 0.788793 0.681872
vt 0.785846 0.688186
vt 0.793544 0.684638
vt 0.785846 0.688186
vt 0.791861 0.688244
vt 0.010376 0.628984
vt 0.207231 0.633487
vt 0.011067 0.625053
vt 0.927478 0.547562
vt 0.945171 0.546452
vt 0.945166 0.539564
vt 0.788011 0.694140
vt 0.791861 0.688244
vt 0.785846 0.688186
vt 0.615689 0.946861
vt 0.631802 0.946357
vt 0.615689 0.940680
vt 0.783817 0.508335
vt 0.791164 0.512181
vt 0.801968 0.461640
vt 0.936752 0.028932
vt 0.929000 0.075404
vt 0.936752 0.077501
vt 0.801968 0.461640
vt 0.793757 0.461837
vt 0.783817 0.508335
vt 0.719602 0.903056
vt 0.722860 0.901633
vt 0.710582 0.852340
vt 0.722860 0.901633
vt 0.745517 0.889113
vt 0.714081 0.852269
vt 0.714081 0.852269
vt 0.710582 0.852340
vt 0.722860 0.901633
vt 0.491043 0.865691
vt 0.487849 0.856877
vt 0.457168 0.865726
vt 0.457168 0.865726
vt 0.456118 0.875101
vt 0.491043 0.865691
vt 0.234037 0.943491
vt 0.237595 0.935700
vt 0.212919 0.922375
vt 0.487849 0.856877
vt 0.458327 0.856877
vt 0.457168 0.865726
vt 0.237595 0.935700
vt 0.243268 0.920864
vt 0.220701 0.919510
vt 0.237595 0.935700
vt 0.220701 0.919510
vt 0.212919 0.922375
vt 0.038751 0.008427
vt 0.001577 0.008385
vt 0.038751 0.222394
vt 0.583272 0.684799
vt 0.626748 0.690771
vt 0.626748 0.523983
vt 0.001577 0.222353
vt 0.038751 0.222394
vt 0.001577 0.008385
vt 0.134785 0.021699
vt 0.091261 0.016085
vt 0.091261 0.198807
vt 0.253758 0.009337
vt 0.249134 0.209263
vt 0.252425 0.226586
vt 0.492772 0.971470
vt 0.496269 0.969938
vt 0.492772 0.956919
vt 0.852334 0.654960
vt 0.855189 0.607563
vt 0.851657 0.608586
vt 0.496269 0.969938
vt 0.505442 0.972133
vt 0.505423 0.957463
vt 0.864306 0.655390
vt 0.864306 0.608127
vt 0.855189 0.607563
vt 0.505423 0.957463
vt 0.492772 0.956919
vt 0.496269 0.969938
vt 0.852334 0.654960
vt 0.855866 0.653936
vt 0.855189 0.607563
vt 0.855189 0.607563
vt 0.855866 0.653936
vt 0.864306 0.655390
vt 0.252721 0.741162
vt 0.252022 0.696113
vt 0.237240 0.695408
vt 0.237240 0.744684
vt 0.252721 0.741162
vt 0.237240 0.695408
vt 0.589143 0.518405
vt 0.630118 0.518920
vt 0.595888 0.322026
vt 0.595888 0.322026
vt 0.588216 0.322043
vt 0.589143 0.518405
vt 0.422026 0.986006
vt 0.416084 0.987136
vt 0.418425 0.990440
vt 0.422026 0.986006
vt 0.418425 0.990440
vt 0.422026 0.992257
vt 0.982636 0.968193
vt 0.982636 0.974576
vt 0.985895 0.970685
vt 0.982636 0.968193
vt 0.985895 0.970685
vt 0.989701 0.968270
vt 0.982636 0.156034
vt 0.991488 0.156034
vt 0.985907 0.153402
vt 0.993802 0.038063
vt 0.993802 0.042200
vt 0.998817 0.040759
vt 0.055471 0.993044
vt 0.051238 0.986855
vt 0.051526 0.992496
vt 0.160865 0.913385
vt 0.157382 0.909746
vt 0.154556 0.915157
vt 0.161528 0.919734
vt 0.160865 0.913385
vt 0.154556 0.915157
vt 0.154508 0.931833
vt 0.161528 0.919734
vt 0.154556 0.915157
vt 0.055471 0.993044
vt 0.055471 0.986006
vt 0.051238 0.986855
vt 0.123868 0.990960
vt 0.120793 0.986006
vt 0.120793 0.992915
vt 0.986216 0.974255
vt 0.985895 0.970685
vt 0.982636 0.974576
vt 0.730692 0.991619
vt 0.736193 0.990895
vt 0.730692 0.986006
vt 0.985895 0.970685
vt 0.986216 0.974255
vt 0.989701 0.968270
vt 0.235646 0.986006
vt 0.235646 0.992531
vt 0.240738 0.989375
vt 0.652067 0.966188
vt 0.654231 0.972133
vt 0.657074 0.969637
vt 0.657074 0.969637
vt 0.657074 0.961406
vt 0.652067 0.966188
vt 0.990249 0.714524
vt 0.983319 0.718119
vt 0.988581 0.721262
vt 0.961528 0.088360
vt 0.963443 0.085406
vt 0.959841 0.084246
vt 0.990249 0.714524
vt 0.982636 0.714524
vt 0.983319 0.718119
vt 0.970448 0.084246
vt 0.963443 0.085406
vt 0.967300 0.090089
vt 0.970448 0.084246
vt 0.967300 0.090089
vt 0.968376 0.095652
vt 0.124746 0.072529
vt 0.128045 0.077501
vt 0.128045 0.061731
vt 0.963443 0.085406
vt 0.961528 0.088360
vt 0.967300 0.090089
vt 0.839170 0.496730
vt 0.840718 0.492871
vt 0.835612 0.496347
vt 0.837358 0.503757
vt 0.839170 0.496730
vt 0.835612 0.496347
vt 0.982636 0.891293
vt 0.985753 0.889342
vt 0.984539 0.886589
vt 0.967300 0.090089
vt 0.962566 0.093227
vt 0.964152 0.095933
vt 0.964152 0.095933
vt 0.968376 0.095652
vt 0.967300 0.090089
vt 0.985753 0.889342
vt 0.989851 0.889010
vt 0.987546 0.884593
vt 0.837358 0.503757
vt 0.840718 0.500571
vt 0.839170 0.496730
vt 0.987546 0.884593
vt 0.984539 0.886589
vt 0.985753 0.889342
vt 0.985844 0.261599
vt 0.987308 0.256259
vt 0.982636 0.255613
vt 0.849142 0.725105
vt 0.845199 0.722509
vt 0.848314 0.732099
vt 0.984539 0.886589
vt 0.987546 0.884593
vt 0.982636 0.884199
vt 0.987308 0.256259
vt 0.985844 0.261599
vt 0.990330 0.260642
vt 0.987308 0.256259
vt 0.990330 0.260642
vt 0.991206 0.255613
vt 0.754752 0.407294
vt 0.758162 0.414795
vt 0.801991 0.412260
vt 0.347070 0.926836
vt 0.347070 0.877622
vt 0.335748 0.879114
vt 0.754752 0.407294
vt 0.801991 0.412260
vt 0.805046 0.405324
vt 0.335748 0.879114
vt 0.335748 0.928328
vt 0.347070 0.926836
vt 0.631570 0.742481
vt 0.675399 0.745015
vt 0.678807 0.737520
vt 0.628513 0.735550
vt 0.631570 0.742481
vt 0.678807 0.737520
vt 0.832038 0.442933
vt 0.805046 0.405324
vt 0.801991 0.412260
vt 0.432646 0.851978
vt 0.432995 0.805401
vt 0.419623 0.805376
vt 0.805046 0.405324
vt 0.832038 0.442933
vt 0.839034 0.440020
vt 0.419623 0.805376
vt 0.419274 0.851952
vt 0.432646 0.851978
vt 0.631570 0.742481
vt 0.628513 0.735550
vt 0.594525 0.770245
vt 0.594525 0.770245
vt 0.601523 0.773153
vt 0.631570 0.742481
vt 0.768272 0.550368
vt 0.754945 0.550368
vt 0.757171 0.658759
vt 0.818405 0.097152
vt 0.816667 0.205546
vt 0.828925 0.205546
vt 0.757171 0.658759
vt 0.767692 0.658759
vt 0.768272 0.550368
vt 0.828925 0.205546
vt 0.828739 0.097145
vt 0.818405 0.097152
vt 0.132743 0.818815
vt 0.144893 0.818816
vt 0.142868 0.710394
vt 0.142868 0.710394
vt 0.132743 0.710393
vt 0.132743 0.818815
vt 0.596281 0.212690
vt 0.594231 0.311689
vt 0.606530 0.310435
vt 0.606530 0.310435
vt 0.606530 0.211645
vt 0.596281 0.212690
vt 0.161528 0.919734
vt 0.154508 0.931833
vt 0.158717 0.931619
vt 0.845199 0.734576
vt 0.848314 0.732099
vt 0.845199 0.722509
vt 0.246327 0.003019
vt 0.246311 0.005834
vt 0.329915 0.003057
vt 0.329899 0.005873
vt 0.329915 0.003057
vt 0.246311 0.005834
vt 0.919904 0.345891
vt 0.909383 0.345879
vt 0.919904 0.421202
vt 0.687864 0.921566
vt 0.697510 0.846276
vt 0.687864 0.846253
vt 0.908769 0.625010
vt 0.918219 0.625063
vt 0.918219 0.549759
vt 0.909383 0.421190
vt 0.919904 0.421202
vt 0.909383 0.345879
vt 0.918219 0.549759
vt 0.908769 0.549706
vt 0.908769 0.625010
vt 0.635037 0.856931
vt 0.635037 0.924959
vt 0.645281 0.923860
vt 0.697510 0.846276
vt 0.687864 0.921566
vt 0.697510 0.921589
vt 0.645281 0.923860
vt 0.645281 0.855832
vt 0.635037 0.856931
vt 0.998228 0.448624
vt 0.993802 0.451687
vt 0.998228 0.452219
vt 0.988598 0.603681
vt 0.985748 0.605949
vt 0.988135 0.607873
vt 0.988598 0.603681
vt 0.988135 0.607873
vt 0.990673 0.608365
vt 0.136469 0.958049
vt 0.132784 0.964222
vt 0.136469 0.968763
vt 0.132544 0.960716
vt 0.132784 0.964222
vt 0.136469 0.958049
vt 0.154508 0.938783
vt 0.158717 0.931619
vt 0.154508 0.931833
vt 0.998093 0.523826
vt 0.998093 0.521249
vt 0.993802 0.521418
vt 0.964152 0.095933
vt 0.965105 0.099404
vt 0.968376 0.095652
vt 0.988951 0.990388
vt 0.986604 0.988560
vt 0.984893 0.991101
vt 0.985748 0.605949
vt 0.982636 0.608365
vt 0.988135 0.607873
vt 0.984893 0.986006
vt 0.984893 0.991101
vt 0.986604 0.988560
vt 0.977284 0.784804
vt 0.978872 0.780900
vt 0.974235 0.781007
vt 0.974235 0.781007
vt 0.972456 0.785126
vt 0.977284 0.784804
vt 0.969473 0.269148
vt 0.973047 0.269432
vt 0.968899 0.266065
vt 0.998081 0.516113
vt 0.993802 0.516113
vt 0.995308 0.519170
vt 0.973047 0.269432
vt 0.969473 0.269148
vt 0.969854 0.272909
vt 0.969854 0.272909
vt 0.973818 0.271843
vt 0.973047 0.269432
vt 0.075845 0.991069
vt 0.075256 0.986006
vt 0.072917 0.988728
vt 0.075845 0.991069
vt 0.072917 0.988728
vt 0.072917 0.993079
vt 0.974839 0.790174
vt 0.977284 0.784804
vt 0.972456 0.785126
vt 0.158717 0.931619
vt 0.154508 0.938783
vt 0.158705 0.937694
vt 0.162278 0.938479
vt 0.165111 0.936643
vt 0.162286 0.934429
vt 0.977284 0.784804
vt 0.974839 0.790174
vt 0.978872 0.788169
vt 0.165111 0.936643
vt 0.162278 0.938479
vt 0.164415 0.939545
vt 0.662758 0.002916
vt 0.660634 0.003519
vt 0.663814 0.007227
vt 0.042092 0.205546
vt 0.048859 0.009021
vt 0.042092 0.008176
vt 0.660370 0.006733
vt 0.655618 0.011794
vt 0.661594 0.010375
vt 0.969854 0.272909
vt 0.968899 0.276308
vt 0.972856 0.275233
vt 0.972856 0.275233
vt 0.973818 0.271843
vt 0.969854 0.272909
vt 0.215825 0.989750
vt 0.215756 0.992599
vt 0.219778 0.992290
vt 0.016252 0.986006
vt 0.013290 0.988405
vt 0.016252 0.993207
vt 0.660370 0.006733
vt 0.657154 0.006518
vt 0.655618 0.011794
vt 0.219778 0.992290
vt 0.218228 0.987271
vt 0.215825 0.989750
vt 0.382753 0.990933
vt 0.382759 0.987414
vt 0.379943 0.986006
vt 0.998372 0.416396
vt 0.997005 0.413822
vt 0.993802 0.416396
vt 0.379943 0.986006
vt 0.377823 0.988118
vt 0.382753 0.990933
vt 0.979272 0.196060
vt 0.980557 0.192875
vt 0.975101 0.192090
vt 0.975101 0.192090
vt 0.975101 0.197122
vt 0.979272 0.196060
vt 0.154508 0.938783
vt 0.155254 0.945654
vt 0.160172 0.942736
vt 0.160172 0.942736
vt 0.158705 0.937694
vt 0.154508 0.938783
vt 0.157374 0.948546
vt 0.160172 0.942736
vt 0.155254 0.945654
vt 0.990164 0.824980
vt 0.984672 0.822229
vt 0.982636 0.824980
vt 0.657154 0.006518
vt 0.660370 0.006733
vt 0.655618 0.001640
vt 0.993802 0.335605
vt 0.998470 0.333527
vt 0.993802 0.332965
vt 0.215756 0.986006
vt 0.215825 0.989750
vt 0.218228 0.987271
vt 0.660634 0.003519
vt 0.655618 0.001640
vt 0.660370 0.006733
vt 0.663814 0.007227
vt 0.660634 0.003519
vt 0.660370 0.006733
vt 0.158705 0.937694
vt 0.160172 0.942736
vt 0.162278 0.938479
vt 0.164415 0.939545
vt 0.162278 0.938479
vt 0.160172 0.942736
vt 0.160172 0.942736
vt 0.157374 0.948546
vt 0.160868 0.946784
vt 0.997188 0.256086
vt 0.993802 0.259799
vt 0.998562 0.259799
vt 0.975101 0.192090
vt 0.979716 0.188168
vt 0.975720 0.187970
vt 0.984672 0.822229
vt 0.990164 0.824980
vt 0.989045 0.820753
vt 0.377823 0.988118
vt 0.377823 0.992332
vt 0.382753 0.990933
vt 0.998329 0.389431
vt 0.996945 0.385384
vt 0.993802 0.389431
vt 0.980557 0.192875
vt 0.979716 0.188168
vt 0.975101 0.192090
vt 0.969633 0.187014
vt 0.973818 0.176763
vt 0.969633 0.177201
vt 0.618324 0.719412
vt 0.618324 0.692032
vt 0.608371 0.691851
vt 0.608371 0.691851
vt 0.608371 0.719231
vt 0.618324 0.719412
vt 0.973818 0.176763
vt 0.969633 0.187014
vt 0.973818 0.186575
vt 0.914850 0.920986
vt 0.904897 0.921167
vt 0.904897 0.948546
vt 0.904897 0.948546
vt 0.914850 0.948365
vt 0.914850 0.920986
vt 0.373294 0.310639
vt 0.368402 0.310261
vt 0.374027 0.337677
vt 0.932898 0.914214
vt 0.932898 0.945887
vt 0.951227 0.945047
vt 0.951227 0.945047
vt 0.951916 0.914079
vt 0.932898 0.914214
vt 0.040491 0.968764
vt 0.052229 0.961368
vt 0.040491 0.952604
vt 0.044985 0.197122
vt 0.048859 0.185468
vt 0.044985 0.184311
vt 0.359816 0.963709
vt 0.365603 0.957497
vt 0.359816 0.946910
vt 0.625588 0.322389
vt 0.595888 0.322026
vt 0.630118 0.518920
vt 0.630117 0.321754
vt 0.625588 0.322389
vt 0.630118 0.518920
vt 0.176905 0.020407
vt 0.172776 0.019058
vt 0.172776 0.198807
vt 0.241834 0.283047
vt 0.237348 0.255624
vt 0.042749 0.283047
vt 0.400196 0.992390
vt 0.400196 0.986006
vt 0.396619 0.989459
vt 0.596421 0.761532
vt 0.596421 0.737243
vt 0.591495 0.737194
vt 0.591495 0.737194
vt 0.591495 0.761484
vt 0.596421 0.761532
vt 0.369135 0.337299
vt 0.374027 0.337677
vt 0.368402 0.310261
vt 0.940122 0.229980
vt 0.920882 0.229475
vt 0.920882 0.261145
vt 0.920882 0.261145
vt 0.940122 0.260946
vt 0.940122 0.229980
vt 0.937752 0.953600
vt 0.947061 0.953525
vt 0.932898 0.945887
vt 0.932898 0.945887
vt 0.947061 0.953525
vt 0.951227 0.945047
vt 0.368402 0.346473
vt 0.372713 0.347070
vt 0.374027 0.337677
vt 0.369135 0.337299
vt 0.368402 0.346473
vt 0.374027 0.337677
vt 0.294841 0.849142
vt 0.294841 0.837684
vt 0.293604 0.843177
vt 0.692455 0.970448
vt 0.692455 0.964463
vt 0.687478 0.964462
vt 0.692455 0.970448
vt 0.687478 0.964462
vt 0.687478 0.970447
vt 0.936300 0.549936
vt 0.941807 0.558760
vt 0.941220 0.549977
vt 0.687478 0.964462
vt 0.692455 0.964463
vt 0.691960 0.959001
vt 0.691960 0.959001
vt 0.687481 0.958502
vt 0.687478 0.964462
vt 0.935749 0.221580
vt 0.930502 0.220227
vt 0.925254 0.221688
vt 0.925254 0.221688
vt 0.920882 0.229475
vt 0.940122 0.229980
vt 0.925254 0.221688
vt 0.940122 0.229980
vt 0.935749 0.221580
vt 0.667450 0.490776
vt 0.630551 0.673922
vt 0.672238 0.669732
vt 0.672238 0.669732
vt 0.672238 0.489660
vt 0.667450 0.490776
vt 0.828925 0.924369
vt 0.828356 0.879318
vt 0.813541 0.878328
vt 0.989886 0.920621
vt 0.982636 0.920621
vt 0.985809 0.923887
vt 0.985809 0.923887
vt 0.988173 0.924848
vt 0.989886 0.920621
vt 0.983126 0.924801
vt 0.985809 0.923887
vt 0.982636 0.920621
vt 0.996669 0.537669
vt 0.997935 0.534409
vt 0.993802 0.534409
vt 0.738744 0.516923
vt 0.741569 0.517373
vt 0.742999 0.512767
vt 0.652784 0.990849
vt 0.656133 0.991905
vt 0.656133 0.986006
vt 0.900784 0.380766
vt 0.904508 0.374246
vt 0.900784 0.370033
vt 0.346318 0.960058
vt 0.342510 0.960351
vt 0.345547 0.965286
vt 0.346318 0.960058
vt 0.345547 0.965286
vt 0.352124 0.962334
vt 0.368789 0.987419
vt 0.366674 0.986006
vt 0.368786 0.990939
vt 0.366674 0.986006
vt 0.363852 0.987407
vt 0.368786 0.990939
vt 0.982636 0.617361
vt 0.985569 0.618836
vt 0.986976 0.615353
vt 0.363852 0.992338
vt 0.368786 0.990939
vt 0.363852 0.987407
vt 0.741569 0.517373
vt 0.738744 0.516923
vt 0.742999 0.522290
vt 0.985569 0.618836
vt 0.990672 0.618836
vt 0.986976 0.615353
vt 0.346079 0.970459
vt 0.345547 0.965286
vt 0.342510 0.970363
vt 0.344393 0.973818
vt 0.346079 0.970459
vt 0.342510 0.970363
vt 0.062338 0.218008
vt 0.058320 0.218903
vt 0.061875 0.221579
vt 0.450529 0.986006
vt 0.447836 0.988996
vt 0.450529 0.992336
vt 0.628449 0.990820
vt 0.628641 0.986006
vt 0.624242 0.986764
vt 0.624242 0.986764
vt 0.624242 0.991885
vt 0.628449 0.990820
vt 0.345547 0.965286
vt 0.346079 0.970459
vt 0.348310 0.969180
vt 0.345547 0.965286
vt 0.348310 0.969180
vt 0.351469 0.966677
vt 0.351469 0.966677
vt 0.352124 0.962334
vt 0.345547 0.965286
vt 0.806074 0.967305
vt 0.809836 0.966444
vt 0.807957 0.964663
vt 0.803009 0.964454
vt 0.806074 0.967305
vt 0.807957 0.964663
vt 0.904508 0.374246
vt 0.900784 0.380766
vt 0.904741 0.377874
vt 0.058320 0.218903
vt 0.057868 0.222467
vt 0.061875 0.221579
vt 0.985509 0.831387
vt 0.984777 0.828520
vt 0.982636 0.832056
vt 0.982636 0.832056
vt 0.984777 0.828520
vt 0.982636 0.827059
vt 0.998271 0.443654
vt 0.993802 0.443654
vt 0.994022 0.446545
vt 0.593052 0.705934
vt 0.593052 0.690669
vt 0.589410 0.701463
vt 0.984777 0.828520
vt 0.985509 0.831387
vt 0.990121 0.830984
vt 0.062338 0.229134
vt 0.062107 0.225356
vt 0.058540 0.224913
vt 0.058540 0.224913
vt 0.062107 0.225356
vt 0.061875 0.221579
vt 0.061875 0.221579
vt 0.057868 0.222467
vt 0.058540 0.224913
vt 0.993802 0.341989
vt 0.995733 0.344105
vt 0.998480 0.341989
vt 0.993802 0.363485
vt 0.998410 0.364969
vt 0.998410 0.361925
vt 0.803009 0.968247
vt 0.807790 0.970021
vt 0.806074 0.967305
vt 0.803009 0.972041
vt 0.807790 0.970021
vt 0.803009 0.968247
vt 0.803009 0.968247
vt 0.806074 0.967305
vt 0.803009 0.964454
vt 0.806074 0.967305
vt 0.807790 0.970021
vt 0.809836 0.966444
vt 0.809836 0.966444
vt 0.807790 0.970021
vt 0.813761 0.968442
vt 0.803009 0.972041
vt 0.805755 0.975503
vt 0.807790 0.970021
vt 0.807790 0.970021
vt 0.805755 0.975503
vt 0.810351 0.974404
vt 0.810351 0.974404
vt 0.813761 0.968442
vt 0.807790 0.970021
vt 0.952433 0.991268
vt 0.956159 0.988795
vt 0.952433 0.986006
vt 0.921711 0.991252
vt 0.926546 0.990056
vt 0.921711 0.986006
vt 0.420884 0.961066
vt 0.420516 0.967395
vt 0.424571 0.970448
vt 0.424571 0.970448
vt 0.424571 0.958443
vt 0.420884 0.961066
vt 0.959976 0.888437
vt 0.958479 0.892947
vt 0.961275 0.892525
vt 0.961275 0.892525
vt 0.964250 0.888535
vt 0.959976 0.888437
vt 0.984797 0.306305
vt 0.986398 0.301523
vt 0.982636 0.300857
vt 0.975503 0.834430
vt 0.970576 0.834442
vt 0.970576 0.844088
vt 0.970576 0.844088
vt 0.975503 0.844076
vt 0.975503 0.834430
vt 0.128300 0.955285
vt 0.138154 0.955285
vt 0.128300 0.927833
vt 0.684286 0.955285
vt 0.694140 0.927834
vt 0.684286 0.927833
vt 0.534245 0.905784
vt 0.535006 0.936752
vt 0.539138 0.936641
vt 0.512181 0.491576
vt 0.489035 0.491576
vt 0.511514 0.522545
vt 0.539138 0.936641
vt 0.538378 0.905673
vt 0.534245 0.905784
vt 0.945806 0.073657
vt 0.950231 0.074131
vt 0.945806 0.046871
vt 0.138154 0.927833
vt 0.128300 0.927833
vt 0.138154 0.955285
vt 0.004068 0.928312
vt 0.002684 0.956970
vt 0.025272 0.955106
vt 0.025272 0.955106
vt 0.025272 0.927197
vt 0.004068 0.928312
vt 0.694140 0.927834
vt 0.684286 0.955285
vt 0.694140 0.955285
vt 0.950231 0.047345
vt 0.945806 0.046871
vt 0.950231 0.074131
vt 0.674411 0.650335
vt 0.680662 0.649346
vt 0.674411 0.484374
vt 0.511436 0.972358
vt 0.520576 0.960041
vt 0.507935 0.959889
vt 0.507935 0.959889
vt 0.507935 0.973267
vt 0.511436 0.972358
vt 0.630551 0.673922
vt 0.667450 0.490776
vt 0.637381 0.493798
vt 0.001642 0.258642
vt 0.002291 0.262830
vt 0.198807 0.258642
vt 0.630551 0.673922
vt 0.637381 0.493798
vt 0.632601 0.493644
vt 0.962634 0.882379
vt 0.964250 0.888535
vt 0.965394 0.877018
vt 0.958447 0.878000
vt 0.962634 0.882379
vt 0.965394 0.877018
vt 0.990008 0.893372
vt 0.982636 0.893372
vt 0.985531 0.896142
vt 0.689676 0.661638
vt 0.689985 0.667929
vt 0.694140 0.668980
vt 0.990214 0.013335
vt 0.988427 0.010842
vt 0.982636 0.016549
vt 0.991227 0.016549
vt 0.990214 0.013335
vt 0.982636 0.016549
vt 0.964250 0.888535
vt 0.962634 0.882379
vt 0.959976 0.888437
vt 0.806809 0.989940
vt 0.808567 0.991712
vt 0.808567 0.986006
vt 0.962634 0.882379
vt 0.958170 0.885864
vt 0.959976 0.888437
vt 0.956862 0.881792
vt 0.958553 0.883690
vt 0.962634 0.882379
vt 0.958447 0.878000
vt 0.956862 0.881792
vt 0.962634 0.882379
vt 0.991133 0.300857
vt 0.986398 0.301523
vt 0.990786 0.305183
vt 0.678032 0.989665
vt 0.676624 0.986254
vt 0.673732 0.991733
vt 0.990786 0.305183
vt 0.986398 0.301523
vt 0.987945 0.305650
vt 0.987945 0.305650
vt 0.986398 0.301523
vt 0.984797 0.306305
vt 0.676624 0.986254
vt 0.673732 0.986006
vt 0.673732 0.991733
vt 0.956862 0.881792
vt 0.958447 0.878000
vt 0.955455 0.877018
vt 0.988547 0.858947
vt 0.983894 0.859444
vt 0.989993 0.865486
vt 0.615215 0.529355
vt 0.611714 0.523833
vt 0.609409 0.531063
vt 0.609409 0.531063
vt 0.611714 0.523833
vt 0.608750 0.521187
vt 0.609409 0.531063
vt 0.609065 0.548412
vt 0.616639 0.536598
vt 0.609409 0.531063
vt 0.616639 0.536598
vt 0.615215 0.529355
vt 0.988891 0.168922
vt 0.982636 0.170537
vt 0.985515 0.172760
vt 0.985515 0.172760
vt 0.991365 0.172760
vt 0.991178 0.170735
vt 0.985515 0.172760
vt 0.991178 0.170735
vt 0.988891 0.168922
vt 0.692448 0.672844
vt 0.694140 0.668980
vt 0.689985 0.667929
vt 0.689676 0.673922
vt 0.692448 0.672844
vt 0.689985 0.667929
vt 0.988427 0.010842
vt 0.990214 0.013335
vt 0.991556 0.011203
vt 0.756420 0.991747
vt 0.759015 0.986453
vt 0.756420 0.986006
vt 0.991122 0.277102
vt 0.987704 0.277719
vt 0.989222 0.282430
vt 0.982636 0.865486
vt 0.989993 0.865486
vt 0.983894 0.859444
vt 0.982636 0.283079
vt 0.987704 0.277719
vt 0.983513 0.277102
vt 0.989222 0.282430
vt 0.987704 0.277719
vt 0.982636 0.283079
vt 0.990194 0.771487
vt 0.989424 0.765444
vt 0.986433 0.765444
vt 0.986433 0.765444
vt 0.986022 0.770832
vt 0.990194 0.771487
vt 0.972261 0.660444
vt 0.977188 0.650966
vt 0.972261 0.650993
vt 0.977188 0.650966
vt 0.972261 0.660444
vt 0.977188 0.660416
vt 0.945176 0.384461
vt 0.941126 0.384464
vt 0.945176 0.416144
vt 0.489772 0.523249
vt 0.511514 0.522545
vt 0.489035 0.491576
vt 0.941126 0.416147
vt 0.945176 0.416144
vt 0.941126 0.384464
vt 0.613391 0.548374
vt 0.609065 0.548412
vt 0.608750 0.555986
vt 0.608750 0.555986
vt 0.613105 0.555259
vt 0.613391 0.548374
vt 0.609065 0.548412
vt 0.613391 0.548374
vt 0.616639 0.536598
vt 0.538378 0.905673
vt 0.539138 0.897146
vt 0.535006 0.897257
vt 0.489772 0.523249
vt 0.506614 0.530991
vt 0.511514 0.522545
vt 0.535006 0.897257
vt 0.534245 0.905784
vt 0.538378 0.905673
vt 0.022734 0.960167
vt 0.022726 0.965808
vt 0.026949 0.965808
vt 0.494690 0.530991
vt 0.501004 0.532399
vt 0.506614 0.530991
vt 0.026949 0.965808
vt 0.026957 0.960167
vt 0.022734 0.960167
vt 0.506614 0.530991
vt 0.489772 0.523249
vt 0.494690 0.530991
vt 0.022734 0.972133
vt 0.026949 0.965808
vt 0.022726 0.965808
vt 0.025272 0.927197
vt 0.020667 0.919965
vt 0.004068 0.928312
vt 0.020667 0.919965
vt 0.015222 0.919146
vt 0.009031 0.920925
vt 0.009031 0.920925
vt 0.004068 0.928312
vt 0.020667 0.919965
vt 0.026949 0.965808
vt 0.022734 0.972133
vt 0.026957 0.972133
vt 0.975153 0.138154
vt 0.978872 0.138039
vt 0.978872 0.128877
vt 0.978872 0.128877
vt 0.975153 0.128991
vt 0.975153 0.138154
vt 0.520576 0.960041
vt 0.511436 0.972358
vt 0.520605 0.973818
vt 0.984311 0.767502
vt 0.982636 0.768167
vt 0.986022 0.770832
vt 0.986433 0.765444
vt 0.984311 0.767502
vt 0.986022 0.770832
vt 0.977188 0.052497
vt 0.972273 0.052444
vt 0.972273 0.062285
vt 0.972273 0.062285
vt 0.977188 0.062338
vt 0.977188 0.052497
vt 0.941807 0.558760
vt 0.936300 0.589610
vt 0.940803 0.589682
vt 0.936300 0.589610
vt 0.941807 0.558760
vt 0.936886 0.558720
vt 0.936300 0.549936
vt 0.936886 0.558720
vt 0.941807 0.558760
vt 0.831597 0.485736
vt 0.839034 0.440020
vt 0.832038 0.442933
vt 0.432995 0.894632
vt 0.432646 0.851978
vt 0.419274 0.851952
vt 0.839034 0.440020
vt 0.831597 0.485736
vt 0.839034 0.488302
vt 0.419274 0.851952
vt 0.419623 0.894607
vt 0.432995 0.894632
vt 0.601523 0.773153
vt 0.594525 0.770245
vt 0.594525 0.818526
vt 0.594525 0.818526
vt 0.601964 0.815954
vt 0.601523 0.773153
vt 0.969036 0.589682
vt 0.973818 0.579369
vt 0.969036 0.579870
vt 0.380766 0.441419
vt 0.380766 0.414039
vt 0.370813 0.413858
vt 0.370813 0.413858
vt 0.370813 0.441238
vt 0.380766 0.441419
vt 0.973818 0.579369
vt 0.969036 0.589682
vt 0.973818 0.589181
vt 0.950231 0.422283
vt 0.940278 0.422464
vt 0.940278 0.449843
vt 0.940278 0.449843
vt 0.950231 0.449662
vt 0.950231 0.422283
vt 0.566095 0.591445
vt 0.562350 0.591445
vt 0.565185 0.621693
vt 0.859998 0.193101
vt 0.859998 0.224079
vt 0.877092 0.223853
vt 0.877092 0.223853
vt 0.877784 0.193577
vt 0.859998 0.193101
vt 0.887893 0.215655
vt 0.887893 0.191366
vt 0.882263 0.191310
vt 0.882263 0.191310
vt 0.882263 0.215600
vt 0.887893 0.215655
vt 0.933150 0.884523
vt 0.951916 0.884429
vt 0.951916 0.853475
vt 0.703124 0.672307
vt 0.707619 0.672338
vt 0.702121 0.646481
vt 0.951916 0.853475
vt 0.933345 0.854262
vt 0.933150 0.884523
vt 0.839034 0.488302
vt 0.831597 0.485736
vt 0.801426 0.515291
vt 0.632134 0.845507
vt 0.601964 0.815954
vt 0.594525 0.818526
vt 0.977188 0.768721
vt 0.971557 0.768735
vt 0.971557 0.778380
vt 0.971557 0.778380
vt 0.977188 0.778367
vt 0.977188 0.768721
vt 0.448413 0.956970
vt 0.458267 0.956970
vt 0.448413 0.929518
vt 0.943746 0.261145
vt 0.953600 0.233693
vt 0.943746 0.233693
vt 0.937349 0.810980
vt 0.941807 0.780037
vt 0.936984 0.779998
vt 0.948546 0.675905
vt 0.925983 0.675905
vt 0.947794 0.706883
vt 0.084240 0.926659
vt 0.062663 0.956970
vt 0.084240 0.954568
vt 0.941807 0.780037
vt 0.937349 0.810980
vt 0.941483 0.811013
vt 0.948543 0.028099
vt 0.953600 0.028642
vt 0.948543 0.001313
vt 0.458267 0.929518
vt 0.448413 0.929518
vt 0.458267 0.956970
vt 0.953600 0.233693
vt 0.943746 0.261145
vt 0.953600 0.261145
vt 0.953600 0.001855
vt 0.948543 0.001313
vt 0.953600 0.028642
vt 0.680991 0.594710
vt 0.685716 0.594737
vt 0.680991 0.564448
vt 0.925991 0.706170
vt 0.947794 0.706883
vt 0.925983 0.675905
vt 0.766011 0.670553
vt 0.771641 0.661071
vt 0.766011 0.661102
vt 0.771641 0.661071
vt 0.766011 0.670553
vt 0.771641 0.670521
vt 0.062663 0.956970
vt 0.084240 0.926659
vt 0.063332 0.929640
vt 0.685716 0.564474
vt 0.680991 0.564448
vt 0.685716 0.594737
vt 0.973818 0.950499
vt 0.968201 0.950438
vt 0.968201 0.960279
vt 0.968201 0.960279
vt 0.973818 0.960339
vt 0.973818 0.950499
vt 0.943491 0.130837
vt 0.937319 0.161504
vt 0.942233 0.161741
vt 0.937319 0.161504
vt 0.943491 0.130837
vt 0.938577 0.130600
vt 0.365603 0.317846
vt 0.359228 0.313227
vt 0.346128 0.347671
vt 0.758779 0.704308
vt 0.751680 0.708301
vt 0.763367 0.757839
vt 0.818967 0.264337
vt 0.829945 0.212912
vt 0.826741 0.211295
vt 0.763367 0.757839
vt 0.771641 0.758122
vt 0.758779 0.704308
vt 0.826741 0.211295
vt 0.815411 0.264651
vt 0.818967 0.264337
vt 0.677078 0.789583
vt 0.666094 0.750379
vt 0.650559 0.790935
vt 0.642764 0.763113
vt 0.650559 0.790935
vt 0.666094 0.750379
vt 0.844895 0.263395
vt 0.853075 0.225850
vt 0.829945 0.212912
vt 0.818967 0.264337
vt 0.844895 0.263395
vt 0.829945 0.212912
vt 0.677292 0.734566
vt 0.677292 0.701600
vt 0.668846 0.701610
vt 0.668846 0.701610
vt 0.668846 0.734576
vt 0.677292 0.734566
vt 0.174685 0.942719
vt 0.205546 0.942719
vt 0.205521 0.920196
vt 0.205521 0.920196
vt 0.174660 0.920196
vt 0.174685 0.942719
vt 0.881848 0.661255
vt 0.900944 0.686869
vt 0.904951 0.684934
vt 0.900944 0.686869
vt 0.881848 0.661255
vt 0.879808 0.665205
vt 0.205546 0.942719
vt 0.174685 0.942719
vt 0.175100 0.951916
vt 0.175100 0.951916
vt 0.203857 0.951916
vt 0.205546 0.942719
vt 0.210601 0.211351
vt 0.210601 0.170409
vt 0.203449 0.171345
vt 0.203449 0.171345
vt 0.203449 0.212286
vt 0.210601 0.211351
vt 0.864073 0.264856
vt 0.872253 0.227311
vt 0.853075 0.225850
vt 0.853075 0.225850
vt 0.844895 0.263395
vt 0.864073 0.264856
vt 0.842007 0.662748
vt 0.879808 0.665205
vt 0.881848 0.661255
vt 0.840066 0.658748
vt 0.842007 0.662748
vt 0.881848 0.661255
vt 0.872253 0.227311
vt 0.864073 0.264856
vt 0.881167 0.230537
vt 0.771641 0.758122
vt 0.763367 0.757839
vt 0.751680 0.798209
vt 0.830151 0.308491
vt 0.818967 0.264337
vt 0.815411 0.264651
vt 0.771641 0.758122
vt 0.751680 0.798209
vt 0.758906 0.801968
vt 0.815411 0.264651
vt 0.826910 0.310004
vt 0.830151 0.308491
vt 0.982636 0.366564
vt 0.991112 0.366564
vt 0.987371 0.362355
vt 0.843344 0.665696
vt 0.843299 0.671771
vt 0.860936 0.667955
vt 0.991257 0.143633
vt 0.982636 0.138230
vt 0.982889 0.143737
vt 0.620229 0.315989
vt 0.601330 0.315758
vt 0.595888 0.322026
vt 0.625588 0.322389
vt 0.620229 0.315989
vt 0.595888 0.322026
vt 0.849587 0.677859
vt 0.860936 0.667955
vt 0.843299 0.671771
vt 0.982636 0.138230
vt 0.991257 0.143633
vt 0.991387 0.138230
vt 0.800308 0.930712
vt 0.808707 0.886493
vt 0.800930 0.887779
vt 0.860936 0.667955
vt 0.849587 0.677859
vt 0.853034 0.687316
vt 0.860936 0.667955
vt 0.853034 0.687316
vt 0.860613 0.708932
vt 0.808707 0.886493
vt 0.800308 0.930712
vt 0.808707 0.935067
vt 0.418928 0.906672
vt 0.424571 0.897529
vt 0.418940 0.896825
vt 0.620229 0.315989
vt 0.610803 0.312355
vt 0.601330 0.315758
vt 0.424571 0.897529
vt 0.418928 0.906672
vt 0.424559 0.907376
vt 0.507399 0.890243
vt 0.529919 0.855014
vt 0.507399 0.855140
vt 0.844895 0.263395
vt 0.818967 0.264337
vt 0.853099 0.294587
vt 0.842007 0.662748
vt 0.840066 0.658748
vt 0.811360 0.685770
vt 0.811360 0.685770
vt 0.815316 0.687804
vt 0.842007 0.662748
vt 0.873849 0.264821
vt 0.881167 0.230537
vt 0.864073 0.264856
vt 0.539138 0.889712
vt 0.539138 0.857310
vt 0.529919 0.855014
vt 0.529919 0.855014
vt 0.507399 0.890243
vt 0.529919 0.890116
vt 0.529919 0.855014
vt 0.529919 0.890116
vt 0.539138 0.889712
vt 0.319790 0.630299
vt 0.328537 0.592714
vt 0.320092 0.592697
vt 0.830151 0.308491
vt 0.853099 0.294587
vt 0.818967 0.264337
vt 0.328537 0.592714
vt 0.319790 0.630299
vt 0.328235 0.630316
vt 0.287962 0.886976
vt 0.304480 0.902956
vt 0.313273 0.897502
vt 0.313273 0.897502
vt 0.293923 0.878782
vt 0.287962 0.886976
vt 0.282854 0.896532
vt 0.295597 0.908860
vt 0.304480 0.902956
vt 0.287962 0.886976
vt 0.282854 0.896532
vt 0.304480 0.902956
vt 0.276308 0.917399
vt 0.276307 0.898394
vt 0.261569 0.912418
vt 0.884184 0.264244
vt 0.890623 0.234787
vt 0.881167 0.230537
vt 0.881167 0.230537
vt 0.873849 0.264821
vt 0.884184 0.264244
vt 0.899686 0.240380
vt 0.890623 0.234787
vt 0.894638 0.263679
vt 0.261569 0.903267
vt 0.261569 0.912418
vt 0.276307 0.898394
vt 0.253826 0.894820
vt 0.261569 0.903267
vt 0.276307 0.898394
vt 0.260117 0.880093
vt 0.253826 0.894820
vt 0.276307 0.898394
vt 0.884184 0.264244
vt 0.894638 0.263679
vt 0.890623 0.234787
vt 0.264515 0.955059
vt 0.264439 0.945751
vt 0.246139 0.945751
vt 0.246139 0.945751
vt 0.246214 0.955059
vt 0.264515 0.955059
vt 0.264515 0.955059
vt 0.246214 0.955059
vt 0.246190 0.965394
vt 0.246190 0.965394
vt 0.264490 0.965394
vt 0.264515 0.955059
vt 0.967079 0.301813
vt 0.957961 0.301803
vt 0.967079 0.320113
vt 0.968764 0.777916
vt 0.957639 0.776487
vt 0.968764 0.793544
vt 0.957961 0.320103
vt 0.967079 0.320113
vt 0.957961 0.301803
vt 0.957639 0.792115
vt 0.968764 0.793544
vt 0.957639 0.776487
vt 0.222530 0.957459
vt 0.240885 0.947333
vt 0.222587 0.947333
vt 0.253826 0.894820
vt 0.260117 0.880093
vt 0.237593 0.880093
vt 0.237593 0.880093
vt 0.243267 0.894820
vt 0.253826 0.894820
vt 0.934999 0.123220
vt 0.932184 0.123212
vt 0.932252 0.135164
vt 0.504311 0.721097
vt 0.507127 0.710573
vt 0.504311 0.710576
vt 0.650492 0.184527
vt 0.649496 0.199459
vt 0.652983 0.197965
vt 0.932252 0.135164
vt 0.935067 0.135172
vt 0.934999 0.123220
vt 0.650492 0.184527
vt 0.652983 0.197965
vt 0.653481 0.186517
vt 0.650492 0.184527
vt 0.653481 0.186517
vt 0.659952 0.180047
vt 0.659952 0.180047
vt 0.657958 0.177061
vt 0.650492 0.184527
vt 0.608380 0.953260
vt 0.621693 0.949328
vt 0.607037 0.950634
vt 0.833253 0.420876
vt 0.839033 0.412428
vt 0.836596 0.410861
vt 0.507127 0.710573
vt 0.504311 0.721097
vt 0.507127 0.721094
vt 0.658953 0.208916
vt 0.652983 0.197965
vt 0.649496 0.199459
vt 0.935067 0.135172
vt 0.932252 0.135164
vt 0.932184 0.148255
vt 0.932184 0.148255
vt 0.934999 0.148263
vt 0.935067 0.135172
vt 0.652983 0.197965
vt 0.658953 0.208916
vt 0.660449 0.205431
vt 0.608380 0.953260
vt 0.620135 0.952085
vt 0.621693 0.949328
vt 0.357490 0.337020
vt 0.355096 0.338673
vt 0.359997 0.349611
vt 0.359997 0.349611
vt 0.362233 0.349524
vt 0.357490 0.337020
vt 0.608380 0.953260
vt 0.620452 0.958517
vt 0.620135 0.952085
vt 0.830546 0.730948
vt 0.831502 0.737307
vt 0.840459 0.737314
vt 0.840459 0.737314
vt 0.842403 0.730948
vt 0.830546 0.730948
vt 0.620452 0.958517
vt 0.608380 0.953260
vt 0.610222 0.959301
vt 0.620452 0.958517
vt 0.610222 0.959301
vt 0.613428 0.966678
vt 0.620452 0.958517
vt 0.613428 0.966678
vt 0.618265 0.966460
vt 0.837393 0.742999
vt 0.840459 0.737314
vt 0.831502 0.737307
vt 0.620452 0.958517
vt 0.618265 0.966460
vt 0.621693 0.968240
vt 0.495710 0.982242
vt 0.502072 0.973996
vt 0.495710 0.973124
vt 0.839033 0.412428
vt 0.833253 0.420876
vt 0.836136 0.421107
vt 0.604094 0.963125
vt 0.613428 0.966678
vt 0.610222 0.959301
vt 0.502072 0.973996
vt 0.495710 0.982242
vt 0.502072 0.981712
vt 0.613428 0.966678
vt 0.604094 0.963125
vt 0.610086 0.968764
vt 0.774560 0.965770
vt 0.771316 0.963066
vt 0.768881 0.969278
vt 0.768881 0.969278
vt 0.775011 0.970726
vt 0.774560 0.965770
vt 0.963709 0.545541
vt 0.963709 0.530955
vt 0.961329 0.531291
vt 0.657958 0.177061
vt 0.659952 0.180047
vt 0.671399 0.179549
vt 0.657958 0.177061
vt 0.671399 0.179549
vt 0.672890 0.176066
vt 0.961329 0.531291
vt 0.961329 0.545877
vt 0.963709 0.545541
vt 0.839033 0.434680
vt 0.836136 0.421107
vt 0.833253 0.420876
vt 0.886591 0.959212
vt 0.896317 0.956023
vt 0.894819 0.949729
vt 0.881674 0.951194
vt 0.883686 0.953141
vt 0.894819 0.949729
vt 0.894819 0.949729
vt 0.883686 0.953141
vt 0.886591 0.959212
vt 0.886591 0.959212
vt 0.896317 0.964169
vt 0.896317 0.956023
vt 0.896317 0.964169
vt 0.886591 0.959212
vt 0.891212 0.965710
vt 0.765818 0.963066
vt 0.768881 0.969278
vt 0.771316 0.963066
vt 0.678865 0.187015
vt 0.672890 0.176066
vt 0.671399 0.179549
vt 0.240885 0.947333
vt 0.222530 0.957459
vt 0.240828 0.957459
vt 0.679432 0.818359
vt 0.682347 0.805540
vt 0.679531 0.805534
vt 0.672890 0.176066
vt 0.678865 0.187015
vt 0.682347 0.185523
vt 0.353809 0.384156
vt 0.351433 0.382510
vt 0.346690 0.395015
vt 0.973818 0.260358
vt 0.973818 0.251582
vt 0.967442 0.249669
vt 0.346690 0.395015
vt 0.349565 0.395344
vt 0.353809 0.384156
vt 0.967442 0.249669
vt 0.967442 0.261145
vt 0.973818 0.260358
vt 0.682347 0.805540
vt 0.679432 0.818359
vt 0.682247 0.818365
vt 0.888126 0.968764
vt 0.891212 0.965710
vt 0.886591 0.959212
vt 0.880859 0.964882
vt 0.888126 0.968764
vt 0.886591 0.959212
vt 0.881422 0.293613
vt 0.884184 0.264244
vt 0.873849 0.264821
vt 0.894638 0.263679
vt 0.884184 0.264244
vt 0.890811 0.289437
vt 0.890811 0.289437
vt 0.899686 0.282874
vt 0.894638 0.263679
vt 0.884184 0.264244
vt 0.881422 0.293613
vt 0.890811 0.289437
vt 0.951281 0.468376
vt 0.962024 0.468348
vt 0.954413 0.452462
vt 0.954413 0.452462
vt 0.951281 0.452527
vt 0.951281 0.468376
vt 0.962024 0.448364
vt 0.954413 0.452462
vt 0.962024 0.468348
vt 0.096034 0.271094
vt 0.091178 0.263291
vt 0.091178 0.272939
vt 0.962024 0.448364
vt 0.954413 0.449017
vt 0.954413 0.452462
vt 0.091178 0.263291
vt 0.096034 0.271094
vt 0.096034 0.264203
vt 0.418940 0.916535
vt 0.424559 0.907376
vt 0.418928 0.906672
vt 0.424559 0.907376
vt 0.418940 0.916535
vt 0.424571 0.916534
vt 0.853034 0.687316
vt 0.849449 0.696084
vt 0.860613 0.708932
vt 0.991055 0.379752
vt 0.982975 0.374934
vt 0.982636 0.379752
vt 0.982636 0.061719
vt 0.991561 0.065719
vt 0.991561 0.061053
vt 0.849449 0.696084
vt 0.843069 0.702147
vt 0.860613 0.708932
vt 0.264163 0.011248
vt 0.267756 0.014690
vt 0.272939 0.013308
vt 0.272939 0.013308
vt 0.269027 0.008325
vt 0.264163 0.011248
vt 0.267756 0.014690
vt 0.266729 0.019077
vt 0.272939 0.013308
vt 0.843069 0.702147
vt 0.843024 0.708223
vt 0.860613 0.708932
vt 0.888158 0.302022
vt 0.892947 0.310004
vt 0.892947 0.293568
vt 0.330222 0.932016
vt 0.323695 0.949713
vt 0.330222 0.953600
vt 0.702121 0.681800
vt 0.706439 0.682347
vt 0.707619 0.672338
vt 0.703124 0.672307
vt 0.702121 0.681800
vt 0.707619 0.672338
vt 0.155002 0.891262
vt 0.155002 0.879804
vt 0.153765 0.885297
vt 0.006739 0.972133
vt 0.006739 0.966148
vt 0.001762 0.966147
vt 0.006739 0.972133
vt 0.001762 0.966147
vt 0.001762 0.972132
vt 0.937319 0.122453
vt 0.943491 0.130837
vt 0.942233 0.122690
vt 0.001762 0.966147
vt 0.006739 0.966148
vt 0.006244 0.960686
vt 0.006244 0.960686
vt 0.001765 0.960187
vt 0.001762 0.966147
vt 0.948068 0.845770
vt 0.942829 0.844383
vt 0.937573 0.845811
vt 0.937573 0.845811
vt 0.933345 0.854262
vt 0.951916 0.853475
vt 0.937573 0.845811
vt 0.951916 0.853475
vt 0.948068 0.845770
vt 0.266729 0.019077
vt 0.265989 0.025009
vt 0.271365 0.026158
vt 0.241834 0.283047
vt 0.244458 0.259842
vt 0.237348 0.255624
vt 0.266729 0.019077
vt 0.271365 0.026158
vt 0.272659 0.019791
vt 0.272659 0.019791
vt 0.272939 0.013308
vt 0.266729 0.019077
vt 0.270714 0.035608
vt 0.271365 0.026158
vt 0.265989 0.025009
vt 0.244458 0.259842
vt 0.247245 0.276909
vt 0.249351 0.267940
vt 0.241834 0.283047
vt 0.247245 0.276909
vt 0.244458 0.259842
vt 0.265989 0.025009
vt 0.264784 0.034894
vt 0.270714 0.035608
vt 0.849453 0.719604
vt 0.853033 0.728157
vt 0.860613 0.708932
vt 0.860613 0.708932
vt 0.843063 0.714145
vt 0.849453 0.719604
vt 0.269539 0.045490
vt 0.264784 0.034894
vt 0.264163 0.044341
vt 0.685285 0.973261
vt 0.685285 0.981885
vt 0.690771 0.973618
vt 0.269539 0.045490
vt 0.270714 0.035608
vt 0.264784 0.034894
vt 0.860936 0.747413
vt 0.860613 0.708932
vt 0.853033 0.728157
vt 0.849587 0.736896
vt 0.860936 0.747413
vt 0.853033 0.728157
vt 0.843024 0.708223
vt 0.843063 0.714145
vt 0.860613 0.708932
vt 0.069077 0.198807
vt 0.069077 0.149058
vt 0.060035 0.152168
vt 0.060035 0.152168
vt 0.060684 0.194929
vt 0.069077 0.198807
vt 0.801968 0.461640
vt 0.791233 0.414595
vt 0.783817 0.418277
vt 0.783817 0.418277
vt 0.793757 0.461837
vt 0.801968 0.461640
vt 0.710582 0.852340
vt 0.722419 0.807202
vt 0.719241 0.805539
vt 0.530435 0.923147
vt 0.529919 0.890116
vt 0.507399 0.890243
vt 0.745357 0.821016
vt 0.722419 0.807202
vt 0.714081 0.852269
vt 0.507399 0.890243
vt 0.507915 0.923274
vt 0.530435 0.923147
vt 0.714081 0.852269
vt 0.739143 0.853273
vt 0.745357 0.821016
vt 0.815316 0.687804
vt 0.811360 0.685770
vt 0.811360 0.726088
vt 0.811360 0.726088
vt 0.814861 0.724632
vt 0.815316 0.687804
vt 0.765653 0.819609
vt 0.759439 0.851867
vt 0.769328 0.851695
vt 0.769328 0.851695
vt 0.775060 0.822038
vt 0.765653 0.819609
vt 0.328537 0.665498
vt 0.328235 0.630316
vt 0.319790 0.630299
vt 0.319790 0.630299
vt 0.320092 0.665481
vt 0.328537 0.665498
vt 0.722419 0.807202
vt 0.710582 0.852340
vt 0.714081 0.852269
vt 0.937673 0.818782
vt 0.941483 0.811013
vt 0.937349 0.810980
vt 0.925991 0.706170
vt 0.942768 0.714640
vt 0.947794 0.706883
vt 0.941483 0.811013
vt 0.937673 0.818782
vt 0.941807 0.818816
vt 0.851997 0.950231
vt 0.859251 0.944750
vt 0.851997 0.929187
vt 0.968060 0.928328
vt 0.968068 0.922687
vt 0.963837 0.928328
vt 0.930904 0.714620
vt 0.937157 0.716043
vt 0.942768 0.714640
vt 0.942768 0.714640
vt 0.925991 0.706170
vt 0.930904 0.714620
vt 0.963844 0.922687
vt 0.963837 0.928328
vt 0.968068 0.922687
vt 0.968764 0.916362
vt 0.963844 0.922687
vt 0.968068 0.922687
vt 0.955650 0.299895
vt 0.958960 0.295495
vt 0.960339 0.289202
vt 0.960339 0.289202
vt 0.955650 0.281008
vt 0.955650 0.299895
vt 0.963844 0.922687
vt 0.968764 0.916362
vt 0.963836 0.916362
vt 0.788011 0.694140
vt 0.793544 0.692877
vt 0.791861 0.688244
vt 0.991587 0.023468
vt 0.991463 0.018628
vt 0.982991 0.018883
vt 0.667450 0.490776
vt 0.662021 0.485604
vt 0.642886 0.487527
vt 0.982991 0.018883
vt 0.982636 0.023468
vt 0.991587 0.023468
vt 0.667450 0.490776
vt 0.642886 0.487527
vt 0.637381 0.493798
vt 0.936752 0.028932
vt 0.928296 0.031762
vt 0.929000 0.075404
vt 0.621378 0.935108
vt 0.615689 0.940680
vt 0.631802 0.946357
vt 0.624539 0.925831
vt 0.621378 0.935108
vt 0.631802 0.946357
vt 0.631802 0.904460
vt 0.624539 0.925831
vt 0.631802 0.946357
vt 0.630109 0.864572
vt 0.624478 0.864572
vt 0.624486 0.874414
vt 0.662021 0.485604
vt 0.652474 0.483387
vt 0.642886 0.487527
vt 0.624486 0.874414
vt 0.630117 0.874414
vt 0.630109 0.864572
vt 0.624478 0.864572
vt 0.630109 0.864572
vt 0.630117 0.855409
vt 0.630117 0.855409
vt 0.624486 0.854705
vt 0.624478 0.864572
vt 0.624539 0.925831
vt 0.631802 0.904460
vt 0.621378 0.916564
vt 0.971166 0.048859
vt 0.975503 0.048646
vt 0.975503 0.038908
vt 0.975503 0.038908
vt 0.971166 0.039121
vt 0.971166 0.048859
vt 0.991553 0.046221
vt 0.991247 0.041558
vt 0.982865 0.041279
vt 0.982865 0.041279
vt 0.982636 0.046221
vt 0.991553 0.046221
vt 0.839418 0.678250
vt 0.841455 0.682271
vt 0.847457 0.682678
vt 0.839418 0.678250
vt 0.847457 0.682678
vt 0.844719 0.676794
vt 0.690771 0.982242
vt 0.690771 0.973618
vt 0.685285 0.981885
vt 0.847457 0.682678
vt 0.841455 0.682271
vt 0.839418 0.686755
vt 0.839418 0.686755
vt 0.844545 0.689086
vt 0.847457 0.682678
vt 0.615689 0.909772
vt 0.621378 0.916564
vt 0.631802 0.904460
vt 0.615689 0.902904
vt 0.615689 0.909772
vt 0.631802 0.904460
vt 0.843298 0.742131
vt 0.843336 0.748054
vt 0.860936 0.747413
vt 0.860936 0.747413
vt 0.849587 0.736896
vt 0.843298 0.742131
vt 0.745517 0.889113
vt 0.765813 0.887706
vt 0.739143 0.853273
vt 0.745517 0.889113
vt 0.739143 0.853273
vt 0.714081 0.852269
vt 0.716881 0.944363
vt 0.724467 0.945176
vt 0.716881 0.905901
vt 0.814861 0.724632
vt 0.838887 0.754302
vt 0.839931 0.750327
vt 0.724467 0.906714
vt 0.716881 0.905901
vt 0.724467 0.945176
vt 0.838887 0.754302
vt 0.814861 0.724632
vt 0.811360 0.726088
vt 0.759439 0.851867
vt 0.739143 0.853273
vt 0.765813 0.887706
vt 0.775221 0.884830
vt 0.759439 0.851867
vt 0.765813 0.887706
vt 0.759439 0.851867
vt 0.775221 0.884830
vt 0.769328 0.851695
vt 0.937319 0.122453
vt 0.938577 0.130600
vt 0.943491 0.130837
vt 0.243268 0.920864
vt 0.235525 0.913121
vt 0.220701 0.919510
vt 0.965394 0.856042
vt 0.954570 0.874414
vt 0.965394 0.874298
vt 0.235525 0.913121
vt 0.235525 0.902563
vt 0.220700 0.896282
vt 0.279678 0.951135
vt 0.269434 0.968764
vt 0.279678 0.967665
vt 0.220700 0.896282
vt 0.220701 0.919510
vt 0.235525 0.913121
vt 0.954570 0.874414
vt 0.965394 0.856042
vt 0.954570 0.856158
vt 0.220700 0.896282
vt 0.235525 0.902563
vt 0.243267 0.894820
vt 0.222530 0.957459
vt 0.222629 0.967079
vt 0.240927 0.967079
vt 0.237593 0.880093
vt 0.220700 0.896282
vt 0.243267 0.894820
vt 0.240927 0.967079
vt 0.240828 0.957459
vt 0.222530 0.957459
vt 0.269434 0.968764
vt 0.279678 0.951135
vt 0.269434 0.952233
vt 0.779665 0.852349
vt 0.784596 0.880074
vt 0.793544 0.874835
vt 0.793544 0.874835
vt 0.789575 0.852519
vt 0.779665 0.852349
vt 0.784596 0.880074
vt 0.779665 0.852349
vt 0.769328 0.851695
vt 0.769328 0.851695
vt 0.775221 0.884830
vt 0.784596 0.880074
vt 0.793544 0.832395
vt 0.779665 0.852349
vt 0.789575 0.852519
vt 0.779665 0.852349
vt 0.793544 0.832395
vt 0.784475 0.826349
vt 0.784475 0.826349
vt 0.775060 0.822038
vt 0.779665 0.852349
vt 0.779665 0.852349
vt 0.775060 0.822038
vt 0.769328 0.851695
vt 0.672890 0.208916
vt 0.660449 0.205431
vt 0.658953 0.208916
vt 0.965394 0.953302
vt 0.962585 0.953272
vt 0.962585 0.967049
vt 0.962585 0.967049
vt 0.965394 0.967079
vt 0.965394 0.953302
vt 0.660449 0.205431
vt 0.672890 0.208916
vt 0.671399 0.205431
vt 0.362233 0.349524
vt 0.359997 0.349611
vt 0.355096 0.360505
vt 0.362233 0.349524
vt 0.355096 0.360505
vt 0.356514 0.362233
vt 0.114567 0.975503
vt 0.113201 0.968972
vt 0.102758 0.975503
vt 0.113201 0.968972
vt 0.110544 0.963002
vt 0.104640 0.963002
vt 0.113201 0.968972
vt 0.104640 0.963002
vt 0.103360 0.968972
vt 0.103360 0.968972
vt 0.102758 0.975503
vt 0.113201 0.968972
vt 0.775011 0.970726
vt 0.768881 0.969278
vt 0.772397 0.974962
vt 0.577594 0.670201
vt 0.577506 0.694140
vt 0.579573 0.694140
vt 0.579573 0.694140
vt 0.578972 0.670201
vt 0.577594 0.670201
vt 0.621274 0.695472
vt 0.622644 0.719412
vt 0.623378 0.695472
vt 0.766449 0.975503
vt 0.772397 0.974962
vt 0.768881 0.969278
vt 0.762664 0.972348
vt 0.766449 0.975503
vt 0.768881 0.969278
vt 0.768881 0.969278
vt 0.765818 0.963066
vt 0.762664 0.966851
vt 0.762664 0.966851
vt 0.762664 0.972348
vt 0.768881 0.969278
vt 0.505442 0.911196
vt 0.504081 0.889685
vt 0.503401 0.889780
vt 0.503401 0.889780
vt 0.503401 0.911480
vt 0.505442 0.911196
vt 0.669272 0.991835
vt 0.671124 0.989398
vt 0.668628 0.989344
vt 0.959603 0.986349
vt 0.958238 0.986006
vt 0.958238 0.988912
vt 0.995918 0.933412
vt 0.993802 0.932705
vt 0.993802 0.934816
vt 0.528321 0.986006
vt 0.525550 0.986868
vt 0.527160 0.988024
vt 0.528321 0.986006
vt 0.527160 0.988024
vt 0.528412 0.988601
vt 0.961308 0.988229
vt 0.959603 0.986349
vt 0.958238 0.988912
vt 0.960793 0.990277
vt 0.961308 0.988229
vt 0.958238 0.988912
vt 0.959084 0.991299
vt 0.960793 0.990277
vt 0.958238 0.988912
vt 0.584455 0.942337
vt 0.577230 0.949632
vt 0.584455 0.947145
vt 0.565581 0.951644
vt 0.568109 0.951916
vt 0.568109 0.938866
vt 0.678865 0.197965
vt 0.671399 0.205431
vt 0.672890 0.208916
vt 0.682347 0.199459
vt 0.678865 0.197965
vt 0.672890 0.208916
vt 0.568109 0.938866
vt 0.565581 0.938595
vt 0.565581 0.951644
vt 0.570303 0.939273
vt 0.568109 0.951916
vt 0.570302 0.950949
vt 0.570302 0.950949
vt 0.577230 0.949632
vt 0.577230 0.940703
vt 0.577230 0.940703
vt 0.570303 0.939273
vt 0.570302 0.950949
vt 0.568109 0.951916
vt 0.570303 0.939273
vt 0.568109 0.938866
vt 0.577230 0.949632
vt 0.584455 0.942337
vt 0.577230 0.940703
vt 0.671124 0.989398
vt 0.671653 0.986006
vt 0.668628 0.986199
vt 0.210143 0.989513
vt 0.210158 0.986006
vt 0.207355 0.987518
vt 0.671124 0.989398
vt 0.668628 0.986199
vt 0.668628 0.989344
vt 0.207355 0.987518
vt 0.207349 0.988921
vt 0.210143 0.989513
vt 0.972383 0.827781
vt 0.975427 0.824253
vt 0.972383 0.824262
vt 0.210143 0.989513
vt 0.213677 0.986017
vt 0.210158 0.986006
vt 0.978872 0.824261
vt 0.975828 0.821455
vt 0.975427 0.824253
vt 0.975427 0.824253
vt 0.972383 0.827781
vt 0.975427 0.827772
vt 0.975427 0.824253
vt 0.975427 0.827772
vt 0.978872 0.824261
vt 0.975828 0.821455
vt 0.978872 0.824261
vt 0.977895 0.821459
vt 0.775353 0.989003
vt 0.771926 0.988757
vt 0.771390 0.991050
vt 0.774013 0.986006
vt 0.771926 0.988757
vt 0.775353 0.989003
vt 0.771390 0.991050
vt 0.774460 0.991661
vt 0.775353 0.989003
vt 0.213677 0.986017
vt 0.210143 0.989513
vt 0.213662 0.989524
vt 0.995918 0.119301
vt 0.993802 0.120001
vt 0.995209 0.122113
vt 0.996617 0.122113
vt 0.995918 0.119301
vt 0.995209 0.122113
vt 0.771926 0.988757
vt 0.774013 0.986006
vt 0.771390 0.987558
vt 0.975427 0.827772
vt 0.975828 0.830605
vt 0.978872 0.827780
vt 0.978872 0.827780
vt 0.978872 0.824261
vt 0.975427 0.827772
vt 0.993802 0.120001
vt 0.995918 0.119301
vt 0.993802 0.117889
vt 0.977895 0.830610
vt 0.978872 0.827780
vt 0.975828 0.830605
vt 0.995913 0.117185
vt 0.993802 0.117889
vt 0.995918 0.119301
vt 0.997321 0.117185
vt 0.995913 0.117185
vt 0.995918 0.119301
vt 0.995918 0.119301
vt 0.996617 0.122113
vt 0.998729 0.120705
vt 0.995918 0.119301
vt 0.998729 0.120705
vt 0.998729 0.118593
vt 0.995918 0.119301
vt 0.998729 0.118593
vt 0.997321 0.117185
vt 0.527160 0.988024
vt 0.525550 0.986868
vt 0.523314 0.988872
vt 0.975353 0.233213
vt 0.976036 0.235873
vt 0.978872 0.233210
vt 0.978872 0.229699
vt 0.975353 0.233213
vt 0.978872 0.233210
vt 0.527160 0.988024
vt 0.525015 0.990899
vt 0.528412 0.992049
vt 0.528412 0.992049
vt 0.528412 0.988601
vt 0.527160 0.988024
vt 0.975353 0.233213
vt 0.978872 0.229699
vt 0.975353 0.229702
vt 0.989845 0.962539
vt 0.986681 0.962226
vt 0.986401 0.965801
vt 0.986401 0.965801
vt 0.989564 0.966114
vt 0.989845 0.962539
vt 0.978872 0.229699
vt 0.978155 0.226793
vt 0.976036 0.226745
vt 0.978872 0.229699
vt 0.976036 0.226745
vt 0.975353 0.229702
vt 0.986401 0.965801
vt 0.986681 0.962226
vt 0.983231 0.963085
vt 0.983242 0.964458
vt 0.986401 0.965801
vt 0.983231 0.963085
vt 0.995209 0.981916
vt 0.995209 0.981212
vt 0.993802 0.981212
vt 0.622644 0.719412
vt 0.621274 0.695472
vt 0.621943 0.719412
vt 0.993802 0.981212
vt 0.993802 0.981916
vt 0.995209 0.981916
vt 0.761532 0.484864
vt 0.759507 0.484869
vt 0.760857 0.508808
vt 0.759507 0.508811
vt 0.760857 0.508808
vt 0.759507 0.484869
vt 0.584455 0.942337
vt 0.586313 0.938073
vt 0.580326 0.932451
vt 0.584455 0.942337
vt 0.580326 0.932451
vt 0.577230 0.940703
vt 0.682347 0.199459
vt 0.682347 0.185523
vt 0.678865 0.187015
vt 0.678865 0.187015
vt 0.678865 0.197965
vt 0.682347 0.199459
vt 0.679531 0.830603
vt 0.682247 0.818365
vt 0.679432 0.818359
vt 0.349565 0.395344
vt 0.346690 0.395015
vt 0.352409 0.407723
vt 0.570303 0.939273
vt 0.580326 0.932451
vt 0.574018 0.930057
vt 0.352409 0.407723
vt 0.353809 0.405988
vt 0.349565 0.395344
vt 0.682247 0.818365
vt 0.679531 0.830603
vt 0.682347 0.830609
vt 0.580326 0.932451
vt 0.570303 0.939273
vt 0.577230 0.940703
vt 0.996452 0.785531
vt 0.993802 0.782427
vt 0.993994 0.785614
vt 0.996452 0.785531
vt 0.997247 0.782427
vt 0.993802 0.782427
vt 0.210143 0.989513
vt 0.210158 0.992496
vt 0.213677 0.992508
vt 0.213677 0.992508
vt 0.213662 0.989524
vt 0.210143 0.989513
vt 0.236813 0.977753
vt 0.237887 0.980546
vt 0.239513 0.977768
vt 0.236813 0.977753
vt 0.239513 0.977768
vt 0.239513 0.974249
vt 0.239513 0.974249
vt 0.236813 0.974234
vt 0.236813 0.977753
vt 0.237887 0.980546
vt 0.239912 0.980557
vt 0.239513 0.977768
vt 0.993802 0.633260
vt 0.997486 0.633260
vt 0.994924 0.631869
vt 0.242612 0.974238
vt 0.239513 0.974249
vt 0.239513 0.977768
vt 0.239513 0.977768
vt 0.241661 0.980539
vt 0.242612 0.977757
vt 0.239513 0.977768
vt 0.242612 0.977757
vt 0.242612 0.974238
vt 0.765524 0.989307
vt 0.769311 0.986863
vt 0.766216 0.986006
vt 0.769311 0.986863
vt 0.765524 0.989307
vt 0.768745 0.989192
vt 0.766279 0.991671
vt 0.768745 0.989192
vt 0.765524 0.989307
vt 0.766279 0.991671
vt 0.769311 0.990964
vt 0.768745 0.989192
vt 0.239912 0.971408
vt 0.239513 0.974249
vt 0.242612 0.974238
vt 0.982636 0.966114
vt 0.986401 0.965801
vt 0.983242 0.964458
vt 0.586579 0.297714
vt 0.263542 0.057815
vt 0.262091 0.295723
vt 0.586579 0.297714
vt 0.337784 0.003366
vt 0.263542 0.057815
vt 0.586579 0.297714
vt 0.588364 0.004904
vt 0.337784 0.003366
vt 0.998731 0.094083
vt 0.998731 0.089156
vt 0.993804 0.094083
vt 0.998731 0.089156
vt 0.993802 0.089154
vt 0.993804 0.094083
vt 0.993802 0.911946
vt 0.996620 0.910568
vt 0.993805 0.910568
vt 0.993802 0.911946
vt 0.996617 0.911946
vt 0.996620 0.910568
vt 0.993802 0.953653
vt 0.995913 0.955755
vt 0.995913 0.953650
vt 0.993802 0.953653
vt 0.993802 0.955757
vt 0.995913 0.955755
vt 0.993802 0.927434
vt 0.996065 0.925538
vt 0.994005 0.925538
vt 0.993802 0.927434
vt 0.995862 0.927434
vt 0.996065 0.925538
vt 0.293156 0.761390
vt 0.226975 0.761390
vt 0.290717 0.876099
vt 0.226975 0.761390
vt 0.228787 0.874781
vt 0.290717 0.876099
vt 0.993807 0.762600
vt 0.997321 0.764667
vt 0.997326 0.762600
vt 0.993807 0.762600
vt 0.993802 0.764667
vt 0.997321 0.764667
vt 0.993804 0.936895
vt 0.995913 0.938999
vt 0.995916 0.936895
vt 0.993804 0.936895
vt 0.993802 0.938999
vt 0.995913 0.938999
vt 0.993802 0.923459
vt 0.995862 0.923459
vt 0.994005 0.921562
vt 0.995862 0.923459
vt 0.996065 0.921562
vt 0.994005 0.921562
vt 0.993804 0.101091
vt 0.998731 0.096164
vt 0.993802 0.096162
vt 0.993804 0.101091
vt 0.998731 0.101091
vt 0.998731 0.096164
vt 0.508632 0.986006
vt 0.503474 0.989688
vt 0.508632 0.992061
vt 0.691005 0.988803
vt 0.686115 0.986006
vt 0.686115 0.991683
vt 0.972133 0.233305
vt 0.964400 0.245982
vt 0.972133 0.245975
vt 0.972133 0.233305
vt 0.964400 0.233312
vt 0.964400 0.245982
vt 0.998731 0.108099
vt 0.998731 0.103171
vt 0.993804 0.108099
vt 0.998731 0.103171
vt 0.993802 0.103170
vt 0.993804 0.108099
vt 0.993802 0.499835
vt 0.998083 0.504117
vt 0.998083 0.499835
vt 0.993802 0.499835
vt 0.993802 0.504117
vt 0.998083 0.504117
vt 0.967079 0.732136
vt 0.955824 0.749739
vt 0.967079 0.749734
vt 0.967079 0.732136
vt 0.955824 0.732141
vt 0.955824 0.749739
vt 0.993804 0.115107
vt 0.998731 0.110179
vt 0.993802 0.110178
vt 0.993804 0.115107
vt 0.998731 0.115107
vt 0.998731 0.110179
vt 0.993802 0.846115
vt 0.996950 0.846115
vt 0.994116 0.843596
vt 0.996950 0.846115
vt 0.996320 0.843282
vt 0.994116 0.843596
vt 0.996950 0.848194
vt 0.994117 0.850712
vt 0.996320 0.851027
vt 0.996950 0.848194
vt 0.993802 0.848194
vt 0.994117 0.850712
vt 0.693084 0.986006
vt 0.693084 0.991683
vt 0.697974 0.988803
vt 0.409388 0.919330
vt 0.444789 0.948554
vt 0.440432 0.919330
vt 0.409388 0.919330
vt 0.404360 0.962024
vt 0.444789 0.948554
vt 0.704945 0.986006
vt 0.700053 0.988799
vt 0.704945 0.991681
vt 0.754341 0.991639
vt 0.754341 0.986006
vt 0.749413 0.988825
vt 0.047494 0.124676
vt 0.048859 0.124529
vt 0.047494 0.111960
vt 0.892378 0.600140
vt 0.892378 0.668319
vt 0.906426 0.599662
vt 0.892378 0.668319
vt 0.906426 0.677292
vt 0.906426 0.599662
vt 0.896624 0.188380
vt 0.896624 0.205546
vt 0.898002 0.205533
vt 0.786909 0.960444
vt 0.786909 0.973114
vt 0.800283 0.960444
vt 0.786909 0.973114
vt 0.800283 0.973818
vt 0.800283 0.960444
vt 0.363918 0.968314
vt 0.354064 0.978872
vt 0.363918 0.978872
vt 0.363918 0.968314
vt 0.354064 0.968314
vt 0.354064 0.978872
vt 0.364209 0.919745
vt 0.392560 0.841081
vt 0.364209 0.840922
vt 0.364209 0.919745
vt 0.392560 0.919904
vt 0.392560 0.841081
vt 0.751424 0.550010
vt 0.744385 0.578869
vt 0.751424 0.579573
vt 0.751424 0.550010
vt 0.744385 0.550713
vt 0.744385 0.578869
vt 0.993802 0.943190
vt 0.995913 0.941078
vt 0.993802 0.941078
vt 0.993802 0.943190
vt 0.995913 0.943190
vt 0.995913 0.941078
vt 0.995913 0.945269
vt 0.993802 0.947381
vt 0.995913 0.947381
vt 0.995913 0.945269
vt 0.993802 0.945269
vt 0.993802 0.947381
vt 0.428195 0.969999
vt 0.438050 0.980557
vt 0.438050 0.969999
vt 0.428195 0.969999
vt 0.428195 0.980557
vt 0.438050 0.980557
vt 0.973818 0.555986
vt 0.966075 0.544724
vt 0.966075 0.555986
vt 0.973818 0.555986
vt 0.973818 0.544723
vt 0.966075 0.544724
vt 0.890686 0.227449
vt 0.896317 0.226745
vt 0.890686 0.160579
vt 0.921670 0.067392
vt 0.930013 0.002239
vt 0.921670 0.001577
vt 0.962024 0.013914
vt 0.956624 0.001216
vt 0.956624 0.020218
vt 0.962024 0.013914
vt 0.962024 0.001246
vt 0.956624 0.001216
vt 0.993805 0.798036
vt 0.997321 0.799414
vt 0.997324 0.798036
vt 0.993805 0.798036
vt 0.993802 0.799414
vt 0.997321 0.799414
vt 0.997320 0.760521
vt 0.993813 0.758496
vt 0.993802 0.760521
vt 0.997320 0.760521
vt 0.997332 0.758496
vt 0.993813 0.758496
vt 0.753108 0.583196
vt 0.742552 0.598106
vt 0.753108 0.598047
vt 0.753108 0.583196
vt 0.742552 0.583255
vt 0.742552 0.598106
vt 0.495333 0.706187
vt 0.484777 0.721097
vt 0.495333 0.721038
vt 0.495333 0.706187
vt 0.484777 0.706246
vt 0.484777 0.721097
vt 0.991083 0.480603
vt 0.991083 0.479899
vt 0.982636 0.480603
vt 0.993802 0.184894
vt 0.998729 0.188414
vt 0.998729 0.184894
vt 0.993802 0.184894
vt 0.993802 0.188414
vt 0.998729 0.188414
vt 0.993802 0.179296
vt 0.998729 0.182815
vt 0.998729 0.179296
vt 0.993802 0.179296
vt 0.993802 0.182815
vt 0.998729 0.182815
vt 0.998029 0.509825
vt 0.994510 0.509825
vt 0.998025 0.514034
vt 0.994510 0.509825
vt 0.993802 0.514034
vt 0.998025 0.514034
vt 0.997990 0.404578
vt 0.994208 0.401417
vt 0.993802 0.405210
vt 0.997990 0.404578
vt 0.998329 0.401417
vt 0.994208 0.401417
vt 0.995481 0.970241
vt 0.995481 0.968660
vt 0.993802 0.969872
vt 0.714358 0.957223
vt 0.703801 0.972133
vt 0.714358 0.972074
vt 0.714358 0.957223
vt 0.703801 0.957282
vt 0.703801 0.972133
vt 0.993802 0.962938
vt 0.995632 0.962070
vt 0.993802 0.961380
vt 0.164383 0.980557
vt 0.159603 0.973440
vt 0.159603 0.979162
vt 0.164383 0.980557
vt 0.164383 0.971021
vt 0.159603 0.973440
vt 0.164383 0.980557
vt 0.168481 0.978211
vt 0.164383 0.971021
vt 0.168481 0.978211
vt 0.168481 0.972489
vt 0.164383 0.971021
vt 0.993802 0.674431
vt 0.997286 0.673933
vt 0.994299 0.670947
vt 0.997286 0.673933
vt 0.997286 0.670947
vt 0.994299 0.670947
vt 0.993802 0.679994
vt 0.997286 0.679496
vt 0.994299 0.676510
vt 0.997286 0.679496
vt 0.997286 0.676510
vt 0.994299 0.676510
vt 0.994431 0.581799
vt 0.997579 0.584947
vt 0.997579 0.581799
vt 0.994431 0.581799
vt 0.993802 0.585262
vt 0.997579 0.584947
vt 0.993802 0.777829
vt 0.994116 0.780348
vt 0.997264 0.777200
vt 0.994116 0.780348
vt 0.997264 0.780348
vt 0.997264 0.777200
vt 0.996788 0.866407
vt 0.993802 0.863421
vt 0.993802 0.866407
vt 0.996788 0.866407
vt 0.996788 0.863421
vt 0.993802 0.863421
vt 0.993802 0.901864
vt 0.996788 0.898878
vt 0.993802 0.898878
vt 0.993802 0.901864
vt 0.996788 0.901864
vt 0.996788 0.898878
vt 0.996788 0.886669
vt 0.993802 0.883682
vt 0.993802 0.886669
vt 0.996788 0.886669
vt 0.996788 0.883682
vt 0.993802 0.883682
vt 0.993802 0.891734
vt 0.996788 0.888747
vt 0.993802 0.888747
vt 0.993802 0.891734
vt 0.996788 0.891734
vt 0.996788 0.888747
vt 0.993802 0.539748
vt 0.993802 0.543267
vt 0.997321 0.539748
vt 0.993802 0.543267
vt 0.997884 0.542845
vt 0.997321 0.539748
vt 0.993802 0.832828
vt 0.996950 0.835976
vt 0.996949 0.832828
vt 0.993802 0.832828
vt 0.993802 0.835976
vt 0.996950 0.835976
vt 0.994431 0.587341
vt 0.997579 0.590489
vt 0.997579 0.587341
vt 0.994431 0.587341
vt 0.993802 0.590803
vt 0.997579 0.590489
vt 0.994365 0.556578
vt 0.997321 0.559675
vt 0.997884 0.556578
vt 0.994365 0.556578
vt 0.993802 0.559675
vt 0.997321 0.559675
vt 0.993802 0.871473
vt 0.996788 0.868486
vt 0.993802 0.868486
vt 0.993802 0.871473
vt 0.996788 0.871473
vt 0.996788 0.868486
vt 0.993802 0.878617
vt 0.996788 0.881603
vt 0.996788 0.878617
vt 0.993802 0.878617
vt 0.993802 0.881603
vt 0.996788 0.881603
vt 0.993802 0.876538
vt 0.996788 0.873552
vt 0.993802 0.873552
vt 0.993802 0.876538
vt 0.996788 0.876538
vt 0.996788 0.873552
vt 0.993802 0.896799
vt 0.996788 0.893813
vt 0.993802 0.893813
vt 0.993802 0.896799
vt 0.996788 0.896799
vt 0.996788 0.893813
vt 0.997286 0.702246
vt 0.997286 0.699259
vt 0.994299 0.702246
vt 0.997286 0.699259
vt 0.993802 0.698762
vt 0.994299 0.702246
vt 0.993802 0.746750
vt 0.996788 0.746750
vt 0.993802 0.743764
vt 0.996788 0.746750
vt 0.997286 0.743266
vt 0.993802 0.743764
vt 0.997286 0.707809
vt 0.997286 0.704822
vt 0.994300 0.707809
vt 0.997286 0.704822
vt 0.993802 0.704325
vt 0.994300 0.707809
vt 0.993802 0.749327
vt 0.996788 0.752313
vt 0.997286 0.748829
vt 0.993802 0.749327
vt 0.993802 0.752313
vt 0.996788 0.752313
vt 0.775652 0.814553
vt 0.781656 0.818816
vt 0.814354 0.750065
vt 0.781656 0.818816
vt 0.822185 0.749981
vt 0.814354 0.750065
vt 0.822185 0.749981
vt 0.781738 0.690101
vt 0.814354 0.750065
vt 0.781738 0.690101
vt 0.775652 0.694107
vt 0.814354 0.750065
vt 0.689530 0.599791
vt 0.741315 0.540782
vt 0.689530 0.473414
vt 0.408608 0.441518
vt 0.374642 0.377137
vt 0.354249 0.377130
vt 0.690771 0.680087
vt 0.616793 0.729351
vt 0.616860 0.741315
vt 0.690771 0.680087
vt 0.685323 0.671642
vt 0.616793 0.729351
vt 0.616793 0.729351
vt 0.540236 0.680087
vt 0.616860 0.741315
vt 0.616793 0.729351
vt 0.546264 0.671642
vt 0.540236 0.680087
vt 0.991083 0.253534
vt 0.990379 0.245088
vt 0.982636 0.253534
vt 0.990379 0.245088
vt 0.982636 0.245088
vt 0.982636 0.253534
vt 0.991083 0.224036
vt 0.983340 0.232483
vt 0.991083 0.232483
vt 0.991083 0.224036
vt 0.982636 0.224036
vt 0.983340 0.232483
vt 0.982636 0.200901
vt 0.991085 0.192456
vt 0.982640 0.192456
vt 0.982636 0.200901
vt 0.991085 0.200904
vt 0.991085 0.192456
vt 0.994967 0.989847
vt 0.993802 0.989924
vt 0.994967 0.990838
vt 0.995624 0.965017
vt 0.993802 0.965697
vt 0.995624 0.966581
vt 0.820495 0.001605
vt 0.830610 0.092664
vt 0.830610 0.001316
vt 0.820495 0.001605
vt 0.820495 0.090206
vt 0.830610 0.092664
vt 0.801968 0.797946
vt 0.798448 0.795834
vt 0.801968 0.840179
vt 0.798448 0.795834
vt 0.798448 0.884523
vt 0.801968 0.840179
vt 0.798448 0.884523
vt 0.801968 0.883116
vt 0.801968 0.840179
vt 0.058968 0.264619
vt 0.046298 0.264619
vt 0.058968 0.277289
vt 0.046298 0.264619
vt 0.045594 0.277993
vt 0.058968 0.277289
vt 0.256091 0.968314
vt 0.245532 0.978872
vt 0.256091 0.978872
vt 0.256091 0.968314
vt 0.245532 0.968314
vt 0.245532 0.978872
vt 0.640226 0.968314
vt 0.629668 0.978872
vt 0.640226 0.978872
vt 0.640226 0.968314
vt 0.629668 0.968314
vt 0.629668 0.978872
vt 0.234188 0.980557
vt 0.223630 0.969982
vt 0.223630 0.980548
vt 0.234188 0.980557
vt 0.234188 0.969991
vt 0.223630 0.969982
vt 0.323047 0.700879
vt 0.328537 0.691729
vt 0.250563 0.641756
vt 0.328537 0.691729
vt 0.250533 0.629086
vt 0.250563 0.641756
vt 0.250533 0.629086
vt 0.172137 0.691729
vt 0.250563 0.641756
vt 0.172137 0.691729
vt 0.177670 0.700879
vt 0.250563 0.641756
vt 0.274646 0.035874
vt 0.279355 0.043076
vt 0.279678 0.036414
vt 0.274646 0.035874
vt 0.274646 0.045490
vt 0.279355 0.043076
vt 0.980557 0.074131
vt 0.980557 0.064938
vt 0.975585 0.072241
vt 0.980557 0.064938
vt 0.975065 0.065504
vt 0.975585 0.072241
vt 0.712678 0.808707
vt 0.721097 0.753711
vt 0.712678 0.753671
vt 0.178013 0.914850
vt 0.183644 0.914850
vt 0.183643 0.847979
vt 0.960340 0.168481
vt 0.960340 0.149479
vt 0.954939 0.162116
vt 0.960340 0.149479
vt 0.954939 0.149448
vt 0.954939 0.162116
vt 0.994194 0.593144
vt 0.997592 0.596020
vt 0.997331 0.592882
vt 0.994194 0.593144
vt 0.993802 0.596020
vt 0.997592 0.596020
vt 0.993802 0.640535
vt 0.993802 0.643437
vt 0.996704 0.640535
vt 0.993802 0.643437
vt 0.997387 0.643608
vt 0.996704 0.640535
vt 0.075816 0.958908
vt 0.065260 0.973818
vt 0.075816 0.973759
vt 0.075816 0.958908
vt 0.065260 0.958967
vt 0.065260 0.973818
vt 0.972133 0.129983
vt 0.961577 0.144893
vt 0.972133 0.144834
vt 0.972133 0.129983
vt 0.961577 0.130042
vt 0.961577 0.144893
vt 0.824677 0.682485
vt 0.824677 0.726593
vt 0.837284 0.685431
vt 0.824677 0.726593
vt 0.837349 0.727836
vt 0.837284 0.685431
vt 0.791859 0.885143
vt 0.779627 0.886364
vt 0.791859 0.933425
vt 0.779627 0.886364
vt 0.777441 0.935067
vt 0.791859 0.933425
vt 0.844216 0.928958
vt 0.849142 0.955257
vt 0.849142 0.928931
vt 0.844216 0.928958
vt 0.844216 0.955285
vt 0.849142 0.955257
vt 0.594737 0.929391
vt 0.590513 0.951916
vt 0.594737 0.951916
vt 0.594737 0.929391
vt 0.590513 0.929391
vt 0.590513 0.951916
vt 0.997286 0.713372
vt 0.997286 0.710386
vt 0.994299 0.713372
vt 0.997286 0.710386
vt 0.993802 0.709888
vt 0.994299 0.713372
vt 0.997286 0.726577
vt 0.993802 0.727075
vt 0.996788 0.730061
vt 0.993802 0.727075
vt 0.993802 0.730061
vt 0.996788 0.730061
vt 0.993802 0.735624
vt 0.996788 0.735624
vt 0.993802 0.732638
vt 0.996788 0.735624
vt 0.997286 0.732140
vt 0.993802 0.732638
vt 0.993802 0.682570
vt 0.996788 0.685557
vt 0.997286 0.682073
vt 0.993802 0.682570
vt 0.993802 0.685557
vt 0.996788 0.685557
vt 0.539138 0.463575
vt 0.528582 0.478485
vt 0.539138 0.478426
vt 0.539138 0.463575
vt 0.528582 0.463634
vt 0.528582 0.478485
vt 0.997286 0.724498
vt 0.997286 0.721512
vt 0.994299 0.724498
vt 0.997286 0.721512
vt 0.993802 0.721014
vt 0.994299 0.724498
vt 0.993802 0.738201
vt 0.996788 0.741187
vt 0.997286 0.737703
vt 0.993802 0.738201
vt 0.993802 0.741187
vt 0.996788 0.741187
vt 0.993802 0.668868
vt 0.996788 0.668868
vt 0.993802 0.665881
vt 0.996788 0.668868
vt 0.997286 0.665383
vt 0.993802 0.665881
vt 0.993802 0.688133
vt 0.996788 0.691120
vt 0.997286 0.687636
vt 0.993802 0.688133
vt 0.993802 0.691120
vt 0.996788 0.691120
vt 0.994917 0.929513
vt 0.993802 0.930626
vt 0.996030 0.930626
vt 0.975503 0.614937
vt 0.971294 0.623378
vt 0.975503 0.621271
vt 0.975503 0.614937
vt 0.971294 0.612821
vt 0.971294 0.623378
vt 0.971294 0.612821
vt 0.966385 0.621261
vt 0.971294 0.623378
vt 0.971294 0.612821
vt 0.966385 0.614927
vt 0.966385 0.621261
vt 0.994391 0.974894
vt 0.993802 0.976109
vt 0.995366 0.976109
vt 0.993802 0.718935
vt 0.997286 0.718437
vt 0.994299 0.715451
vt 0.997286 0.718437
vt 0.997286 0.715451
vt 0.994299 0.715451
vt 0.994299 0.693199
vt 0.997286 0.696185
vt 0.997286 0.693199
vt 0.994299 0.693199
vt 0.993802 0.696683
vt 0.997286 0.696185
vt 0.996950 0.841203
vt 0.993802 0.838055
vt 0.993802 0.841203
vt 0.996950 0.841203
vt 0.996950 0.838055
vt 0.993802 0.838055
vt 0.993802 0.767376
vt 0.994116 0.769894
vt 0.997264 0.766746
vt 0.994116 0.769894
vt 0.997264 0.769894
vt 0.997264 0.766746
vt 0.996950 0.827601
vt 0.993802 0.830749
vt 0.996950 0.830749
vt 0.996950 0.827601
vt 0.993802 0.827601
vt 0.993802 0.830749
vt 0.993802 0.771973
vt 0.993802 0.775121
vt 0.996949 0.771973
vt 0.993802 0.775121
vt 0.997264 0.774491
vt 0.996949 0.771973
vt 0.994365 0.554499
vt 0.997321 0.551402
vt 0.993802 0.551402
vt 0.994365 0.554499
vt 0.997884 0.554499
vt 0.997321 0.551402
vt 0.993802 0.825522
vt 0.996950 0.822374
vt 0.993802 0.822374
vt 0.993802 0.825522
vt 0.996950 0.825522
vt 0.996950 0.822374
vt 0.947970 0.743630
vt 0.953600 0.769925
vt 0.953600 0.743598
vt 0.947970 0.743630
vt 0.947970 0.769956
vt 0.953600 0.769925
vt 0.936752 0.001062
vt 0.932529 0.023587
vt 0.936752 0.023587
vt 0.936752 0.001062
vt 0.932529 0.001063
vt 0.932529 0.023587
vt 0.947731 0.510959
vt 0.951916 0.537015
vt 0.951916 0.510521
vt 0.947731 0.510959
vt 0.947731 0.537453
vt 0.951916 0.537015
vt 0.950231 0.208421
vt 0.945253 0.208421
vt 0.950231 0.230321
vt 0.945253 0.208421
vt 0.945751 0.230818
vt 0.950231 0.230321
vt 0.270367 0.592438
vt 0.270367 0.640478
vt 0.283004 0.597081
vt 0.270367 0.640478
vt 0.283047 0.641911
vt 0.283004 0.597081
vt 0.840911 0.926643
vt 0.853778 0.924936
vt 0.840911 0.877891
vt 0.853778 0.924936
vt 0.855882 0.876367
vt 0.840911 0.877891
vt 0.947133 0.627211
vt 0.951915 0.653204
vt 0.951915 0.626710
vt 0.947133 0.627211
vt 0.947133 0.653705
vt 0.951915 0.653204
vt 0.296526 0.933136
vt 0.292074 0.933837
vt 0.296526 0.955059
vt 0.292074 0.933837
vt 0.291554 0.955285
vt 0.296526 0.955059
vt 0.982636 0.243009
vt 0.991083 0.242305
vt 0.982636 0.234562
vt 0.991083 0.242305
vt 0.991083 0.234562
vt 0.982636 0.234562
vt 0.990379 0.221957
vt 0.982636 0.214215
vt 0.982636 0.221957
vt 0.990379 0.221957
vt 0.991083 0.213511
vt 0.982636 0.214215
vt 0.991085 0.202983
vt 0.982640 0.211432
vt 0.991085 0.211429
vt 0.991085 0.202983
vt 0.982636 0.202983
vt 0.982640 0.211432
vt 0.994967 0.986777
vt 0.993802 0.986854
vt 0.994967 0.987768
vt 0.995746 0.957836
vt 0.993802 0.957836
vt 0.995199 0.959301
vt 0.872730 0.880110
vt 0.857850 0.881362
vt 0.870621 0.928638
vt 0.857850 0.881362
vt 0.857850 0.930013
vt 0.870621 0.928638
vt 0.935067 0.453424
vt 0.922428 0.496180
vt 0.935067 0.500387
vt 0.935067 0.453424
vt 0.922389 0.451940
vt 0.922428 0.496180
vt 0.817939 0.960444
vt 0.830609 0.973114
vt 0.830609 0.960444
vt 0.817939 0.960444
vt 0.817939 0.973818
vt 0.830609 0.973114
vt 0.646966 0.001235
vt 0.636407 0.011794
vt 0.646966 0.011793
vt 0.646966 0.001235
vt 0.636407 0.001235
vt 0.636407 0.011794
vt 0.893202 0.968314
vt 0.903056 0.978872
vt 0.903056 0.968314
vt 0.893202 0.968314
vt 0.893202 0.978872
vt 0.903056 0.978872
vt 0.967333 0.415697
vt 0.977188 0.426256
vt 0.977188 0.415698
vt 0.967333 0.415697
vt 0.967333 0.426256
vt 0.977188 0.426256
vt 0.662129 0.711392
vt 0.657202 0.734540
vt 0.662129 0.734576
vt 0.662129 0.711392
vt 0.657202 0.711357
vt 0.657202 0.734540
vt 0.342016 0.413967
vt 0.337038 0.413967
vt 0.342016 0.435867
vt 0.337038 0.413967
vt 0.337536 0.436365
vt 0.342016 0.435867
vt 0.879469 0.924556
vt 0.874542 0.951916
vt 0.879469 0.951910
vt 0.879469 0.924556
vt 0.874542 0.924561
vt 0.874542 0.951916
vt 0.689917 0.709303
vt 0.694140 0.686075
vt 0.689917 0.686075
vt 0.689917 0.709303
vt 0.694140 0.709303
vt 0.694140 0.686075
vt 0.813761 0.182363
vt 0.808131 0.205506
vt 0.813761 0.205546
vt 0.813761 0.182363
vt 0.808131 0.182322
vt 0.808131 0.205506
vt 0.288102 0.931451
vt 0.283650 0.932152
vt 0.288102 0.953374
vt 0.283650 0.932152
vt 0.283130 0.953600
vt 0.288102 0.953374
vt 0.950231 0.548843
vt 0.944600 0.576204
vt 0.950231 0.576197
vt 0.950231 0.548843
vt 0.944600 0.548849
vt 0.944600 0.576204
vt 0.854197 0.197834
vt 0.849279 0.198141
vt 0.854197 0.220402
vt 0.849279 0.198141
vt 0.849279 0.220710
vt 0.854197 0.220402
vt 0.995913 0.951571
vt 0.993802 0.949460
vt 0.993802 0.951571
vt 0.995913 0.951571
vt 0.995913 0.949460
vt 0.993802 0.949460
vt 0.385992 0.977813
vt 0.389190 0.981555
vt 0.389190 0.975065
vt 0.990079 0.872205
vt 0.982636 0.872205
vt 0.985220 0.875064
vt 0.989116 0.498267
vt 0.990699 0.495465
vt 0.982636 0.494760
vt 0.990699 0.495465
vt 0.982886 0.490528
vt 0.982636 0.494760
vt 0.990699 0.495465
vt 0.990082 0.490528
vt 0.982886 0.490528
vt 0.238320 0.907589
vt 0.242612 0.906953
vt 0.242153 0.900913
vt 0.641864 0.991977
vt 0.644346 0.988623
vt 0.641864 0.986006
vt 0.042454 0.991832
vt 0.045199 0.989511
vt 0.042454 0.987325
vt 0.215328 0.958269
vt 0.209690 0.958916
vt 0.219025 0.962151
vt 0.209690 0.958916
vt 0.219025 0.967512
vt 0.219025 0.962151
vt 0.209690 0.958916
vt 0.205808 0.962613
vt 0.219025 0.967512
vt 0.205808 0.962613
vt 0.205808 0.967974
vt 0.219025 0.967512
vt 0.205808 0.967974
vt 0.210152 0.972133
vt 0.219025 0.967512
vt 0.210152 0.972133
vt 0.215513 0.972133
vt 0.219025 0.967512
vt 0.461220 0.986006
vt 0.463098 0.990103
vt 0.463098 0.987201
vt 0.461220 0.986006
vt 0.459001 0.986177
vt 0.463098 0.990103
vt 0.459001 0.986177
vt 0.457123 0.987884
vt 0.463098 0.990103
vt 0.457123 0.987884
vt 0.461903 0.991981
vt 0.463098 0.990103
vt 0.457123 0.987884
vt 0.459684 0.992152
vt 0.461903 0.991981
vt 0.457123 0.987884
vt 0.457123 0.990786
vt 0.459684 0.992152
vt 0.673119 0.957102
vt 0.682347 0.960562
vt 0.678474 0.956855
vt 0.673119 0.957102
vt 0.682347 0.966576
vt 0.682347 0.960562
vt 0.673119 0.957102
vt 0.669412 0.960974
vt 0.682347 0.966576
vt 0.669412 0.960974
vt 0.669000 0.966082
vt 0.682347 0.966576
vt 0.669000 0.966082
vt 0.678639 0.970448
vt 0.682347 0.966576
vt 0.669000 0.966082
vt 0.672625 0.970448
vt 0.678639 0.970448
vt 0.963709 0.021358
vt 0.960276 0.021257
vt 0.962079 0.025698
vt 0.993802 0.140507
vt 0.998787 0.140507
vt 0.994306 0.137024
vt 0.817228 0.764402
vt 0.820501 0.763997
vt 0.820410 0.758950
vt 0.817228 0.764402
vt 0.820501 0.769956
vt 0.820501 0.763997
vt 0.817228 0.764402
vt 0.817484 0.769837
vt 0.820501 0.769956
vt 0.814153 0.991618
vt 0.811222 0.986006
vt 0.810646 0.991618
vt 0.814153 0.991618
vt 0.814028 0.986006
vt 0.811222 0.986006
vt 0.583087 0.989760
vt 0.585848 0.992042
vt 0.585848 0.986006
vt 0.993802 0.265970
vt 0.998532 0.265970
vt 0.997275 0.261878
vt 0.125947 0.986207
vt 0.128396 0.989991
vt 0.129732 0.986006
vt 0.997803 0.529474
vt 0.997943 0.525905
vt 0.994224 0.529439
vt 0.997943 0.525905
vt 0.993802 0.525905
vt 0.994224 0.529439
vt 0.982873 0.946091
vt 0.987594 0.942507
vt 0.982636 0.941675
vt 0.982873 0.946091
vt 0.987782 0.946091
vt 0.987594 0.942507
vt 0.987782 0.946091
vt 0.989841 0.945149
vt 0.987594 0.942507
vt 0.989841 0.945149
vt 0.989806 0.944461
vt 0.987594 0.942507
vt 0.996781 0.905060
vt 0.995756 0.903943
vt 0.993802 0.905060
vt 0.995363 0.916887
vt 0.993802 0.917082
vt 0.996340 0.917082
vt 0.151645 0.992803
vt 0.152252 0.990736
vt 0.149260 0.992819
vt 0.152252 0.990736
vt 0.148882 0.990744
vt 0.149260 0.992819
vt 0.152252 0.990736
vt 0.153209 0.986006
vt 0.148882 0.990744
vt 0.153209 0.986006
vt 0.148856 0.986006
vt 0.148882 0.990744
vt 0.994440 0.308896
vt 0.993802 0.310783
vt 0.998532 0.310783
vt 0.993802 0.053506
vt 0.997028 0.055574
vt 0.998887 0.053506
vt 0.993802 0.427728
vt 0.997910 0.423633
vt 0.993802 0.423627
vt 0.993802 0.427728
vt 0.998273 0.427134
vt 0.997910 0.423633
vt 0.966296 0.055599
vt 0.965126 0.050959
vt 0.962783 0.055498
vt 0.428482 0.899476
vt 0.428618 0.909314
vt 0.430536 0.905178
vt 0.904741 0.954434
vt 0.904099 0.959831
vt 0.904741 0.963709
vt 0.428618 0.909314
vt 0.432563 0.909718
vt 0.430536 0.905178
vt 0.432563 0.909718
vt 0.432427 0.899879
vt 0.430536 0.905178
vt 0.432563 0.909718
vt 0.432995 0.905139
vt 0.432427 0.899879
vt 0.428618 0.909314
vt 0.431927 0.914850
vt 0.432563 0.909718
vt 0.428618 0.909314
vt 0.428482 0.914787
vt 0.431927 0.914850
vt 0.790770 0.991679
vt 0.790770 0.986006
vt 0.787810 0.991303
vt 0.998961 0.009934
vt 0.998848 0.008949
vt 0.993802 0.007772
vt 0.998848 0.008949
vt 0.998961 0.007402
vt 0.993802 0.007772
vt 0.993802 0.984699
vt 0.995209 0.984699
vt 0.995209 0.983995
vt 0.658212 0.991286
vt 0.659588 0.992001
vt 0.659588 0.986006
vt 0.989222 0.983230
vt 0.989472 0.982603
vt 0.982636 0.982603
vt 0.603161 0.850827
vt 0.602673 0.845518
vt 0.599011 0.845904
vt 0.602673 0.845518
vt 0.598315 0.840664
vt 0.599011 0.845904
vt 0.602673 0.845518
vt 0.602575 0.840371
vt 0.598315 0.840664
vt 0.602575 0.840371
vt 0.598712 0.835644
vt 0.598315 0.840664
vt 0.602575 0.840371
vt 0.603130 0.835904
vt 0.598712 0.835644
vt 0.603130 0.835904
vt 0.603161 0.830400
vt 0.598712 0.835644
vt 0.603161 0.830400
vt 0.599341 0.830233
vt 0.598712 0.835644
vt 0.993802 0.411726
vt 0.998280 0.409515
vt 0.994023 0.407941
vt 0.971957 0.451513
vt 0.973307 0.451523
vt 0.972044 0.445925
vt 0.973307 0.451523
vt 0.973983 0.451528
vt 0.972044 0.445925
vt 0.973983 0.451528
vt 0.974268 0.445928
vt 0.972044 0.445925
vt 0.974268 0.445928
vt 0.971729 0.441770
vt 0.972044 0.445925
vt 0.974268 0.445928
vt 0.975503 0.441770
vt 0.971729 0.441770
vt 0.993802 0.279034
vt 0.998234 0.278770
vt 0.993802 0.275244
vt 0.998234 0.278770
vt 0.998496 0.275633
vt 0.993802 0.275244
vt 0.821235 0.704182
vt 0.820784 0.699084
vt 0.818432 0.704249
vt 0.083046 0.986006
vt 0.080821 0.992886
vt 0.084136 0.991510
vt 0.083046 0.986006
vt 0.079458 0.986006
vt 0.080821 0.992886
vt 0.079458 0.986006
vt 0.077924 0.992748
vt 0.080821 0.992886
vt 0.889972 0.400323
vt 0.896317 0.486909
vt 0.896317 0.400329
vt 0.889972 0.400323
vt 0.889972 0.486902
vt 0.896317 0.486909
vt 0.110419 0.992833
vt 0.111171 0.986006
vt 0.108612 0.986142
vt 0.110419 0.992833
vt 0.114200 0.987371
vt 0.111171 0.986006
vt 0.110419 0.992833
vt 0.113599 0.992833
vt 0.114200 0.987371
vt 0.517013 0.986029
vt 0.521235 0.992081
vt 0.521235 0.986006
vt 0.517013 0.986029
vt 0.517013 0.992105
vt 0.521235 0.992081
vt 0.224546 0.704667
vt 0.230881 0.751124
vt 0.230881 0.704667
vt 0.224546 0.704667
vt 0.224546 0.758163
vt 0.230881 0.751124
vt 0.224546 0.758163
vt 0.357583 0.751124
vt 0.230881 0.751124
vt 0.224546 0.758163
vt 0.363918 0.758163
vt 0.357583 0.751124
vt 0.363918 0.758163
vt 0.363918 0.704667
vt 0.357583 0.751124
vt 0.363918 0.704667
vt 0.357583 0.704667
vt 0.357583 0.751124
vt 0.510711 0.992105
vt 0.514934 0.986006
vt 0.510711 0.986029
vt 0.510711 0.992105
vt 0.514934 0.992081
vt 0.514934 0.986006
vt 0.964063 0.611585
vt 0.965310 0.610670
vt 0.962589 0.611109
vt 0.965310 0.610670
vt 0.961738 0.602741
vt 0.962589 0.611109
vt 0.965310 0.610670
vt 0.965394 0.602856
vt 0.961738 0.602741
vt 0.965394 0.602856
vt 0.965394 0.597898
vt 0.961738 0.602741
vt 0.938437 0.895964
vt 0.934667 0.896335
vt 0.934416 0.901371
vt 0.938437 0.895964
vt 0.936796 0.891728
vt 0.934667 0.896335
vt 0.936796 0.891728
vt 0.934416 0.886538
vt 0.934667 0.896335
vt 0.982636 0.593559
vt 0.987339 0.594100
vt 0.990898 0.593559
vt 0.990895 0.550932
vt 0.982636 0.550932
vt 0.987818 0.552796
vt 0.941323 0.670553
vt 0.941807 0.665997
vt 0.941323 0.661213
vt 0.994971 0.914024
vt 0.993802 0.914808
vt 0.996339 0.914808
vt 0.960339 0.111197
vt 0.960230 0.100572
vt 0.957871 0.111141
vt 0.960230 0.100572
vt 0.956975 0.101442
vt 0.957871 0.111141
vt 0.960230 0.100572
vt 0.960339 0.095616
vt 0.956975 0.101442
vt 0.960339 0.095616
vt 0.955569 0.096186
vt 0.956975 0.101442
vt 0.960339 0.095616
vt 0.959826 0.091618
vt 0.955569 0.096186
vt 0.959826 0.091618
vt 0.956008 0.091944
vt 0.955569 0.096186
vt 0.993802 0.020721
vt 0.998314 0.020721
vt 0.994337 0.016654
vt 0.998314 0.020721
vt 0.998849 0.016652
vt 0.994337 0.016654
vt 0.603161 0.948084
vt 0.600915 0.942622
vt 0.599085 0.948546
vt 0.615686 0.935067
vt 0.616865 0.928965
vt 0.614615 0.929194
vt 0.298372 0.992186
vt 0.298870 0.992642
vt 0.298870 0.986006
vt 0.616865 0.928965
vt 0.614358 0.925281
vt 0.614615 0.929194
vt 0.616865 0.928965
vt 0.618319 0.924892
vt 0.614358 0.925281
vt 0.618319 0.924892
vt 0.614363 0.919269
vt 0.614358 0.925281
vt 0.618319 0.924892
vt 0.618324 0.918880
vt 0.614363 0.919269
vt 0.618324 0.918880
vt 0.614358 0.914200
vt 0.614363 0.919269
vt 0.596669 0.992025
vt 0.599056 0.987652
vt 0.596669 0.986006
vt 0.993802 0.176348
vt 0.998716 0.174988
vt 0.994023 0.173451
vt 0.153227 0.948502
vt 0.150491 0.948950
vt 0.153317 0.956970
vt 0.150491 0.948950
vt 0.149944 0.956656
vt 0.153317 0.956970
vt 0.153227 0.948502
vt 0.149944 0.938314
vt 0.150491 0.948950
vt 0.481855 0.709722
vt 0.479423 0.718742
vt 0.481855 0.719412
vt 0.996194 0.919484
vt 0.994635 0.919161
vt 0.993802 0.919484
vt 0.926643 0.971853
vt 0.926097 0.965785
vt 0.923004 0.972133
vt 0.926097 0.965785
vt 0.922290 0.965558
vt 0.923004 0.972133
vt 0.926097 0.965785
vt 0.923183 0.960673
vt 0.922290 0.965558
vt 0.926097 0.965785
vt 0.926643 0.961370
vt 0.923183 0.960673
vt 0.546428 0.445888
vt 0.548842 0.450029
vt 0.550008 0.445158
vt 0.546023 0.696055
vt 0.542103 0.696707
vt 0.547562 0.704349
vt 0.542103 0.696707
vt 0.541641 0.705311
vt 0.547562 0.704349
vt 0.546023 0.696055
vt 0.541593 0.686787
vt 0.542103 0.696707
vt 0.210757 0.644899
vt 0.210757 0.655390
vt 0.212286 0.654876
vt 0.994115 0.978188
vt 0.993802 0.979133
vt 0.995375 0.979133
vt 0.541641 0.705311
vt 0.547042 0.710085
vt 0.547562 0.704349
vt 0.541641 0.705311
vt 0.541593 0.710988
vt 0.547042 0.710085
vt 0.983905 0.591480
vt 0.990719 0.587198
vt 0.982636 0.587198
vt 0.196838 0.992642
vt 0.201212 0.987582
vt 0.196838 0.986006
vt 0.962749 0.911480
vt 0.961437 0.902868
vt 0.958813 0.909997
vt 0.833859 0.360128
vt 0.830892 0.370135
vt 0.833979 0.370657
vt 0.833859 0.360128
vt 0.832177 0.360452
vt 0.830892 0.370135
vt 0.832177 0.360452
vt 0.831251 0.360128
vt 0.830892 0.370135
vt 0.957981 0.620009
vt 0.958655 0.613147
vt 0.954991 0.619185
vt 0.958655 0.613147
vt 0.954086 0.612480
vt 0.954991 0.619185
vt 0.958655 0.613147
vt 0.958655 0.607092
vt 0.954086 0.612480
vt 0.958655 0.607092
vt 0.953605 0.606675
vt 0.954086 0.612480
vt 0.958655 0.607092
vt 0.958546 0.601025
vt 0.953605 0.606675
vt 0.958546 0.601025
vt 0.953978 0.600359
vt 0.953605 0.606675
vt 0.531076 0.990690
vt 0.535407 0.989516
vt 0.530491 0.986006
vt 0.494724 0.929847
vt 0.493952 0.941290
vt 0.496470 0.941172
vt 0.494724 0.929847
vt 0.493033 0.929678
vt 0.493952 0.941290
vt 0.993802 0.972320
vt 0.994664 0.972815
vt 0.995525 0.972320
vt 0.493952 0.941290
vt 0.497018 0.947675
vt 0.496470 0.941172
vt 0.493952 0.941290
vt 0.493033 0.948290
vt 0.497018 0.947675
vt 0.493033 0.948290
vt 0.495302 0.951915
vt 0.497018 0.947675
vt 0.480006 0.662606
vt 0.479619 0.666691
vt 0.483539 0.666545
vt 0.479619 0.666691
vt 0.483539 0.672023
vt 0.483539 0.666545
vt 0.479619 0.666691
vt 0.480305 0.672238
vt 0.483539 0.672023
vt 0.972092 0.357179
vt 0.969884 0.352114
vt 0.968614 0.357108
vt 0.799728 0.484938
vt 0.797294 0.495775
vt 0.799730 0.496238
vt 0.655390 0.925811
vt 0.654820 0.926173
vt 0.655390 0.936752
vt 0.797294 0.495775
vt 0.796192 0.501287
vt 0.799730 0.496238
vt 0.796192 0.501287
vt 0.799991 0.501549
vt 0.799730 0.496238
vt 0.796192 0.501287
vt 0.796549 0.503799
vt 0.799991 0.501549
vt 0.796549 0.503799
vt 0.800283 0.504451
vt 0.799991 0.501549
vt 0.796549 0.503799
vt 0.796192 0.508159
vt 0.800283 0.504451
vt 0.796192 0.508159
vt 0.799926 0.508811
vt 0.800283 0.504451
vt 0.967079 0.523340
vt 0.965133 0.519168
vt 0.963361 0.523975
vt 0.851309 0.761891
vt 0.862744 0.756959
vt 0.855811 0.756959
vt 0.851309 0.761891
vt 0.851309 0.768823
vt 0.862744 0.756959
vt 0.851309 0.768823
vt 0.856240 0.773326
vt 0.862744 0.756959
vt 0.856240 0.773326
vt 0.867675 0.761462
vt 0.862744 0.756959
vt 0.856240 0.773326
vt 0.867675 0.768395
vt 0.867675 0.761462
vt 0.856240 0.773326
vt 0.863173 0.773326
vt 0.867675 0.768395
vt 0.982636 0.073183
vt 0.990995 0.070026
vt 0.982970 0.070581
vt 0.990995 0.070026
vt 0.985866 0.068465
vt 0.982970 0.070581
vt 0.990995 0.070026
vt 0.988597 0.067798
vt 0.985866 0.068465
vt 0.982636 0.073183
vt 0.991519 0.073183
vt 0.990995 0.070026
vt 0.978872 0.026102
vt 0.976297 0.034066
vt 0.978872 0.035381
vt 0.978872 0.026102
vt 0.975871 0.026689
vt 0.976297 0.034066
vt 0.975871 0.026689
vt 0.974437 0.029737
vt 0.976297 0.034066
vt 0.844088 0.964967
vt 0.834428 0.963164
vt 0.835556 0.972133
vt 0.844088 0.964967
vt 0.837381 0.958664
vt 0.834428 0.963164
vt 0.844088 0.964967
vt 0.844088 0.960145
vt 0.837381 0.958664
vt 0.640226 0.842403
vt 0.640226 0.747009
vt 0.631863 0.839301
vt 0.640226 0.747009
vt 0.632799 0.748230
vt 0.631863 0.839301
vt 0.988441 0.434893
vt 0.990255 0.432767
vt 0.984677 0.434589
vt 0.990255 0.432767
vt 0.982727 0.432160
vt 0.984677 0.434589
vt 0.990255 0.432767
vt 0.982636 0.429123
vt 0.982727 0.432160
vt 0.990255 0.432767
vt 0.985085 0.427301
vt 0.982636 0.429123
vt 0.990255 0.432767
vt 0.988214 0.427301
vt 0.985085 0.427301
vt 0.990255 0.432767
vt 0.990799 0.430034
vt 0.988214 0.427301
vt 0.574773 0.667183
vt 0.579700 0.666479
vt 0.575487 0.643236
vt 0.579700 0.666479
vt 0.584628 0.667183
vt 0.575487 0.643236
vt 0.584628 0.667183
vt 0.583935 0.643234
vt 0.575487 0.643236
vt 0.583935 0.643234
vt 0.576209 0.579859
vt 0.575487 0.643236
vt 0.583935 0.643234
vt 0.583248 0.579859
vt 0.576209 0.579859
vt 0.583248 0.579859
vt 0.575487 0.515831
vt 0.576209 0.579859
vt 0.583248 0.579859
vt 0.583934 0.515831
vt 0.575487 0.515831
vt 0.583934 0.515831
vt 0.574773 0.491913
vt 0.575487 0.515831
vt 0.583934 0.515831
vt 0.579700 0.492617
vt 0.574773 0.491913
vt 0.583934 0.515831
vt 0.584628 0.491913
vt 0.579700 0.492617
vt 0.990992 0.397937
vt 0.984426 0.402805
vt 0.990992 0.402910
vt 0.990992 0.397937
vt 0.982636 0.398278
vt 0.984426 0.402805
vt 0.968732 0.907559
vt 0.977188 0.913165
vt 0.977188 0.903992
vt 0.572396 0.738042
vt 0.579573 0.832294
vt 0.579573 0.733163
vt 0.572396 0.738042
vt 0.570014 0.832137
vt 0.579573 0.832294
vt 0.884053 0.939525
vt 0.896317 0.926616
vt 0.883600 0.922733
vt 0.884053 0.939525
vt 0.895849 0.940590
vt 0.896317 0.926616
vt 0.884053 0.939525
vt 0.886023 0.946861
vt 0.895849 0.940590
vt 0.490279 0.963892
vt 0.487293 0.965882
vt 0.490279 0.973818
vt 0.487293 0.965882
vt 0.485800 0.969358
vt 0.490279 0.973818
vt 0.477130 0.992152
vt 0.480309 0.992152
vt 0.480286 0.986006
vt 0.896317 0.926616
vt 0.896317 0.914408
vt 0.883600 0.922733
vt 0.896317 0.914408
vt 0.884545 0.911965
vt 0.883600 0.922733
vt 0.896317 0.914408
vt 0.886725 0.907588
vt 0.884545 0.911965
vt 0.030668 0.978872
vt 0.034071 0.971062
vt 0.030668 0.969398
vt 0.030668 0.978872
vt 0.035381 0.974618
vt 0.034071 0.971062
vt 0.983267 0.446642
vt 0.986464 0.449213
vt 0.990869 0.446642
vt 0.986464 0.449213
vt 0.989559 0.449893
vt 0.990869 0.446642
vt 0.533591 0.959618
vt 0.542508 0.953208
vt 0.532485 0.955307
vt 0.542508 0.953208
vt 0.532085 0.951042
vt 0.532485 0.955307
vt 0.533591 0.959618
vt 0.537654 0.962024
vt 0.542508 0.953208
vt 0.898002 0.687430
vt 0.894340 0.691903
vt 0.898002 0.697510
vt 0.542508 0.953208
vt 0.542502 0.943333
vt 0.532085 0.951042
vt 0.542502 0.943333
vt 0.532085 0.941160
vt 0.532085 0.951042
vt 0.807022 0.956970
vt 0.807022 0.943592
vt 0.796336 0.956101
vt 0.807022 0.943592
vt 0.794892 0.942618
vt 0.796336 0.956101
vt 0.807022 0.943592
vt 0.804943 0.936905
vt 0.794892 0.942618
vt 0.804943 0.936905
vt 0.795918 0.935881
vt 0.794892 0.942618
vt 0.495462 0.986006
vt 0.492608 0.990636
vt 0.495462 0.992226
vt 0.266694 0.992596
vt 0.269135 0.989971
vt 0.266694 0.986006
vt 0.064150 0.016375
vt 0.068378 0.041014
vt 0.069077 0.015671
vt 0.064150 0.016375
vt 0.059222 0.015671
vt 0.068378 0.041014
vt 0.059222 0.015671
vt 0.059931 0.041014
vt 0.068378 0.041014
vt 0.059931 0.041014
vt 0.067676 0.138154
vt 0.068378 0.041014
vt 0.059931 0.041014
vt 0.060637 0.138154
vt 0.067676 0.138154
vt 0.974449 0.476800
vt 0.966885 0.470479
vt 0.967581 0.476800
vt 0.974449 0.476800
vt 0.977188 0.470479
vt 0.966885 0.470479
vt 0.977188 0.470479
vt 0.975466 0.467318
vt 0.966885 0.470479
vt 0.975466 0.467318
vt 0.972167 0.466054
vt 0.966885 0.470479
vt 0.972167 0.466054
vt 0.968598 0.467318
vt 0.966885 0.470479
vt 0.990339 0.678469
vt 0.989748 0.671020
vt 0.982636 0.678469
vt 0.595502 0.966237
vt 0.599791 0.954849
vt 0.593139 0.954849
vt 0.595502 0.966237
vt 0.599466 0.968763
vt 0.599791 0.954849
vt 0.280611 0.900516
vt 0.280611 0.913165
vt 0.289787 0.907900
vt 0.265462 0.916043
vt 0.265307 0.922092
vt 0.279678 0.923083
vt 0.265307 0.922092
vt 0.279678 0.937684
vt 0.279678 0.923083
vt 0.265307 0.922092
vt 0.265867 0.937169
vt 0.279678 0.937684
vt 0.265867 0.937169
vt 0.278002 0.943910
vt 0.279678 0.937684
vt 0.265867 0.937169
vt 0.273377 0.946861
vt 0.278002 0.943910
vt 0.904741 0.357039
vt 0.901257 0.364499
vt 0.904741 0.368973
vt 0.720506 0.947619
vt 0.718996 0.947952
vt 0.720855 0.948446
vt 0.718996 0.947952
vt 0.717905 0.957810
vt 0.720855 0.948446
vt 0.717905 0.957810
vt 0.721097 0.958651
vt 0.720855 0.948446
vt 0.717905 0.957810
vt 0.721097 0.963709
vt 0.721097 0.958651
vt 0.717905 0.957810
vt 0.717239 0.962694
vt 0.721097 0.963709
vt 0.677355 0.694665
vt 0.678846 0.698875
vt 0.680662 0.694583
vt 0.982636 0.696673
vt 0.990523 0.696673
vt 0.985914 0.694408
vt 0.792916 0.955285
vt 0.793544 0.951393
vt 0.792916 0.945813
vt 0.678846 0.698875
vt 0.680662 0.704249
vt 0.680662 0.694583
vt 0.991710 0.110177
vt 0.986352 0.109549
vt 0.982636 0.110177
vt 0.973469 0.392907
vt 0.970687 0.402669
vt 0.973818 0.402669
vt 0.973469 0.392907
vt 0.971904 0.392907
vt 0.970687 0.402669
vt 0.971904 0.392907
vt 0.970937 0.392742
vt 0.970687 0.402669
vt 0.556351 0.716043
vt 0.557088 0.709446
vt 0.553313 0.715423
vt 0.557088 0.709446
vt 0.553013 0.709386
vt 0.553313 0.715423
vt 0.557088 0.709446
vt 0.553068 0.703063
vt 0.553013 0.709386
vt 0.557088 0.709446
vt 0.557671 0.703419
vt 0.553068 0.703063
vt 0.557671 0.703419
vt 0.557571 0.697666
vt 0.553068 0.703063
vt 0.557571 0.697666
vt 0.553013 0.696736
vt 0.553068 0.703063
vt 0.260134 0.987495
vt 0.262623 0.992014
vt 0.264615 0.986006
vt 0.321324 0.312377
vt 0.320505 0.323539
vt 0.323107 0.322783
vt 0.321324 0.312377
vt 0.319635 0.312567
vt 0.320505 0.323539
vt 0.320505 0.323539
vt 0.323483 0.329103
vt 0.323107 0.322783
vt 0.320505 0.323539
vt 0.319939 0.329595
vt 0.323483 0.329103
vt 0.319939 0.329595
vt 0.322112 0.333950
vt 0.323483 0.329103
vt 0.319939 0.329595
vt 0.319635 0.338646
vt 0.322112 0.333950
vt 0.294841 0.861917
vt 0.294643 0.866867
vt 0.294841 0.872730
vt 0.699659 0.963977
vt 0.698678 0.973818
vt 0.700879 0.968714
vt 0.699659 0.963977
vt 0.698678 0.968135
vt 0.698678 0.973818
vt 0.394796 0.970448
vt 0.382932 0.959013
vt 0.387864 0.970448
vt 0.382932 0.959013
vt 0.382932 0.965946
vt 0.387864 0.970448
vt 0.394796 0.970448
vt 0.399299 0.965517
vt 0.382932 0.959013
vt 0.399299 0.965517
vt 0.387435 0.954082
vt 0.382932 0.959013
vt 0.399299 0.965517
vt 0.394368 0.954082
vt 0.387435 0.954082
vt 0.399299 0.965517
vt 0.399299 0.958584
vt 0.394368 0.954082
vt 0.975609 0.991060
vt 0.976961 0.986306
vt 0.973385 0.986006
vt 0.979236 0.986288
vt 0.982814 0.991134
vt 0.982814 0.986006
vt 0.777606 0.959593
vt 0.778284 0.964617
vt 0.781750 0.964781
vt 0.778284 0.964617
vt 0.781596 0.970448
vt 0.781750 0.964781
vt 0.778284 0.964617
vt 0.777606 0.970425
vt 0.781596 0.970448
vt 0.990330 0.737455
vt 0.986826 0.740428
vt 0.990330 0.741782
vt 0.990330 0.737455
vt 0.986829 0.737563
vt 0.986826 0.740428
vt 0.986829 0.737563
vt 0.982636 0.739189
vt 0.986826 0.740428
vt 0.556422 0.990858
vt 0.557144 0.992221
vt 0.557144 0.986006
vt 0.662394 0.990647
vt 0.661829 0.991041
vt 0.661667 0.992011
vt 0.827274 0.746630
vt 0.826558 0.755320
vt 0.831207 0.754923
vt 0.827274 0.746630
vt 0.825755 0.746487
vt 0.826558 0.755320
vt 0.002035 0.995318
vt 0.001039 0.995318
vt 0.001040 0.996320
vt 0.826558 0.755320
vt 0.825755 0.764000
vt 0.831207 0.754923
vt 0.825755 0.764000
vt 0.833979 0.762897
vt 0.831207 0.754923
vt 0.825755 0.764000
vt 0.833715 0.769019
vt 0.833979 0.762897
vt 0.825755 0.764000
vt 0.825937 0.769956
vt 0.833715 0.769019
vt 0.674017 0.973258
vt 0.680662 0.982242
vt 0.680662 0.973866
vt 0.674017 0.973258
vt 0.674528 0.981910
vt 0.680662 0.982242
vt 0.399299 0.950231
vt 0.394954 0.942951
vt 0.392366 0.949571
vt 0.994405 0.531553
vt 0.993802 0.532330
vt 0.998067 0.532330
vt 0.699874 0.926070
vt 0.697855 0.929986
vt 0.700879 0.930843
vt 0.697855 0.929986
vt 0.697027 0.935186
vt 0.700879 0.930843
vt 0.697027 0.935186
vt 0.700879 0.936548
vt 0.700879 0.930843
vt 0.697027 0.935186
vt 0.700244 0.938953
vt 0.700879 0.936548
vt 0.697027 0.935186
vt 0.699438 0.943491
vt 0.700244 0.938953
vt 0.982636 0.727882
vt 0.986090 0.728370
vt 0.990549 0.727882
vt 0.018666 0.986006
vt 0.018331 0.993239
vt 0.020067 0.989665
vt 0.018666 0.986006
vt 0.018331 0.988470
vt 0.018331 0.993239
vt 0.429065 0.958791
vt 0.437317 0.966764
vt 0.434420 0.954965
vt 0.429065 0.958791
vt 0.428500 0.965391
vt 0.437317 0.966764
vt 0.437317 0.966764
vt 0.443104 0.967079
vt 0.434420 0.954965
vt 0.443104 0.967079
vt 0.443104 0.951364
vt 0.434420 0.954965
vt 0.043737 0.950231
vt 0.043805 0.943590
vt 0.029373 0.943758
vt 0.043805 0.943590
vt 0.029373 0.928850
vt 0.029373 0.943758
vt 0.043805 0.943590
vt 0.043428 0.928256
vt 0.029373 0.928850
vt 0.043428 0.928256
vt 0.030901 0.921307
vt 0.029373 0.928850
vt 0.043428 0.928256
vt 0.039395 0.919503
vt 0.030901 0.921307
vt 0.039395 0.919503
vt 0.035747 0.917724
vt 0.030901 0.921307
vt 0.988441 0.444564
vt 0.990255 0.442438
vt 0.984677 0.444260
vt 0.990255 0.442438
vt 0.982727 0.441831
vt 0.984677 0.444260
vt 0.990255 0.442438
vt 0.982636 0.438794
vt 0.982727 0.441831
vt 0.990255 0.442438
vt 0.985085 0.436972
vt 0.982636 0.438794
vt 0.990255 0.442438
vt 0.988214 0.436972
vt 0.985085 0.436972
vt 0.990255 0.442438
vt 0.990799 0.439705
vt 0.988214 0.436972
vt 0.962962 0.076879
vt 0.965394 0.082555
vt 0.965394 0.073154
vt 0.966838 0.388057
vt 0.973818 0.377878
vt 0.965213 0.380182
vt 0.966838 0.388057
vt 0.973818 0.389190
vt 0.973818 0.377878
vt 0.443325 0.704553
vt 0.458267 0.717787
vt 0.457376 0.703444
vt 0.443325 0.704553
vt 0.443302 0.717133
vt 0.458267 0.717787
vt 0.443302 0.717133
vt 0.457859 0.723883
vt 0.458267 0.717787
vt 0.443302 0.717133
vt 0.443302 0.727001
vt 0.457859 0.723883
vt 0.443302 0.727001
vt 0.455353 0.729866
vt 0.457859 0.723883
vt 0.443302 0.727001
vt 0.444769 0.733734
vt 0.455353 0.729866
vt 0.444769 0.733734
vt 0.450529 0.736260
vt 0.455353 0.729866
f 1/1 2/2 3/3
f 4/4 5/5 6/6
f 7/7 8/8 9/9
f 10/10 11/11 12/12
f 13/13 14/14 15/15
f 16/16 17/17 18/18
f 19/19 20/20 21/21
f 22/22 23/23 24/24
f 25/25 26/26 27/27
f 28/28 29/29 30/30
f 31/31 32/32 33/33
f 34/34 35/35 36/36
f 37/37 38/38 39/39
f 40/40 41/41 42/42
f 43/43 44/44 45/45
f 46/46 47/47 48/48
f 49/49 50/50 51/51
f 52/52 53/53 54/54
f 55/55 56/56 57/57
f 58/58 59/59 60/60
f 61/61 62/62 63/63
f 64/64 65/65 66/66
f 67/67 68/68 69/69
f 70/70 71/71 72/72
f 73/73 74/74 75/75
f 76/76 77/77 78/78
f 79/79 80/80 81/81
f 82/82 83/83 84/84
f 85/85 86/86 87/87
f 88/88 89/89 90/90
f 91/91 92/92 93/93
f 94/94 95/95 96/96
f 97/97 98/98 99/99
f 100/100 101/101 102/102
f 103/103 104/104 105/105
f 106/106 107/107 108/108
f 109/109 110/110 111/111
f 112/112 113/113 114/114
f 115/115 116/116 117/117
f 118/118 119/119 120/120
f 121/121 122/122 123/123
f 124/124 125/125 126/126
f 127/127 128/128 129/129
f 130/130 131/131 132/132
f 133/133 134/134 135/135
f 136/136 137/137 138/138
f 139/139 140/140 141/141
f 142/142 143/143 144/144
f 145/145 146/146 147/147
f 148/148 149/149 150/150
f 151/151 152/152 153/153
f 154/154 155/155 156/156
f 157/157 158/158 159/159
f 160/160 161/161 162/162
f 163/163 164/164 165/165
f 166/166 167/167 168/168
f 169/169 170/170 171/171
f 172/172 173/173 174/174
f 175/175 176/176 177/177
f 178/178 179/179 180/180
f 181/181 182/182 183/183
f 184/184 185/185 186/186
f 187/187 188/188 189/189
f 190/190 191/191 192/192
f 193/193 194/194 195/195
f 196/196 197/197 198/198
f 199/199 200/200 201/201
f 202/202 203/203 204/204
f 205/205 206/206 207/207
f 208/208 209/209 210/210
f 211/211 212/212 213/213
f 214/214 215/215 216/216
f 217/217 218/218 219/219
f 220/220 221/221 222/222
f 223/223 224/224 225/225
f 226/226 227/227 228/228
f 229/229 230/230 231/231
f 232/232 233/233 234/234
f 235/235 236/236 237/237
f 238/238 239/239 240/240
f 241/241 242/242 243/243
f 244/244 245/245 246/246
f 247/247 248/248 249/249
f 250/250 251/251 252/252
f 253/253 254/254 255/255
f 256/256 257/257 258/258
f 259/259 260/260 261/261
f 262/262 263/263 264/264
f 265/265 266/266 267/267
f 268/268 269/269 270/270
f 271/271 272/272 273/273
f 274/274 275/275 276/276
f 277/277 278/278 279/279
f 280/280 281/281 282/282
f 283/283 284/284 285/285
f 286/286 287/287 288/288
f 289/289 290/290 291/291
f 292/292 293/293 294/294
f 295/295 296/296 297/297
f 298/298 299/299 300/300
f 301/301 302/302 303/303
f 304/304 305/305 306/306
f 307/307 308/308 309/309
f 310/310 311/311 312/312
f 313/313 314/314 315/315
f 316/316 317/317 318/318
f 319/319 320/320 321/321
f 322/322 323/323 324/324
f 325/325 326/326 327/327
f 328/328 329/329 330/330
f 331/331 332/332 333/333
f 334/334 335/335 336/336
f 337/337 338/338 339/339
f 340/340 341/341 342/342
f 343/343 344/344 345/345
f 346/346 347/347 348/348
f 349/349 350/350 351/351
f 352/352 353/353 354/354
f 355/355 356/356 357/357
f 358/358 359/359 360/360
f 361/361 362/362 363/363
f 364/364 365/365 366/366
f 367/367 368/368 369/369
f 370/370 371/371 372/372
f 373/373 374/374 375/375
f 376/376 377/377 378/378
f 379/379 380/380 381/381
f 382/382 383/383 384/384
f 385/385 386/386 387/387
f 388/388 389/389 390/390
f 391/391 392/392 393/393
f 394/394 395/395 396/396
f 397/397 398/398 399/399
f 400/400 401/401 402/402
f 403/403 404/404 405/405
f 406/406 407/407 408/408
f 409/409 410/410 411/411
f 412/412 413/413 414/414
f 415/415 416/416 417/417
f 418/418 419/419 420/420
f 421/421 422/422 423/423
f 424/424 425/425 426/426
f 427/427 428/428 429/429
f 430/430 431/431 432/432
f 433/433 434/434 435/435
f 436/436 437/437 438/438
f 439/439 440/440 441/441
f 442/442 443/443 444/444
f 445/445 446/446 447/447
f 448/448 449/449 450/450
f 451/451 452/452 453/453
f 454/454 455/455 456/456
f 457/457 458/458 459/459
f 460/460 461/461 462/462
f 463/463 464/464 465/465
f 466/466 467/467 468/468
f 469/469 470/470 471/471
f 472/472 473/473 474/474
f 475/475 476/476 477/477
f 478/478 479/479 480/480
f 481/481 482/482 483/483
f 484/484 485/485 486/486
f 487/487 488/488 489/489
f 490/490 491/491 492/492
f 493/493 494/494 495/495
f 496/496 497/497 498/498
f 499/499 500/500 501/501
f 502/502 503/503 504/504
f 505/505 506/506 507/507
f 508/508 509/509 510/510
f 511/511 512/512 513/513
f 514/514 515/515 516/516
f 517/517 518/518 519/519
f 520/520 521/521 522/522
f 523/523 524/524 525/525
f 526/526 527/527 528/528
f 529/529 530/530 531/531
f 532/532 533/533 534/534
f 535/535 536/536 537/537
f 538/538 539/539 540/540
f 541/541 542/542 543/543
f 544/544 545/545 546/546
f 547/547 548/548 549/549
f 550/550 551/551 552/552
f 553/553 554/554 555/555
f 556/556 557/557 558/558
f 559/559 560/560 561/561
f 562/562 563/563 564/564
f 565/565 566/566 567/567
f 568/568 569/569 570/570
f 571/571 572/572 573/573
f 574/574 575/575 576/576
f 577/577 578/578 579/579
f 580/580 581/581 582/582
f 583/583 584/584 585/585
f 586/586 587/587 588/588
f 589/589 590/590 591/591
f 592/592 593/593 594/594
f 595/595 596/596 597/597
f 598/598 599/599 600/600
f 601/601 602/602 603/603
f 604/604 605/605 606/606
f 607/607 608/608 609/609
f 610/610 611/611 612/612
f 613/613 614/614 615/615
f 616/616 617/617 618/618
f 619/619 620/620 621/621
f 622/622 623/623 624/624
f 625/625 626/626 627/627
f 628/628 629/629 630/630
f 631/631 632/632 633/633
f 634/634 635/635 636/636
f 637/637 638/638 639/639
f 640/640 641/641 642/642
f 643/643 644/644 645/645
f 646/646 647/647 648/648
f 649/649 650/650 651/651
f 652/652 653/653 654/654
f 655/655 656/656 657/657
f 658/658 659/659 660/660
f 661/661 662/662 663/663
f 664/664 665/665 666/666
f 667/667 668/668 669/669
f 670/670 671/671 672/672
f 673/673 674/674 675/675
f 676/676 677/677 678/678
f 679/679 680/680 681/681
f 682/682 683/683 684/684
f 685/685 686/686 687/687
f 688/688 689/689 690/690
f 691/691 692/692 693/693
f 694/694 695/695 696/696
f 697/697 698/698 699/699
f 700/700 701/701 702/702
f 703/703 704/704 705/705
f 706/706 707/707 708/708
f 709/709 710/710 711/711
f 712/712 713/713 714/714
f 715/715 716/716 717/717
f 718/718 719/719 720/720
f 721/721 722/722 723/723
f 724/724 725/725 726/726
f 727/727 728/728 729/729
f 730/730 731/731 732/732
f 733/733 734/734 735/735
f 736/736 737/737 738/738
f 739/739 740/740 741/741
f 742/742 743/743 744/744
f 745/745 746/746 747/747
f 748/748 749/749 750/750
f 751/751 752/752 753/753
f 754/754 755/755 756/756
f 757/757 758/758 759/759
f 760/760 761/761 762/762
f 763/763 764/764 765/765
f 766/766 767/767 768/768
f 769/769 770/770 771/771
f 772/772 773/773 774/774
f 775/775 776/776 777/777
f 778/778 779/779 780/780
f 781/781 782/782 783/783
f 784/784 785/785 786/786
f 787/787 788/788 789/789
f 790/790 791/791 792/792
f 793/793 794/794 795/795
f 796/796 797/797 798/798
f 799/799 800/800 801/801
f 802/802 803/803 804/804
f 805/805 806/806 807/807
f 808/808 809/809 810/810
f 811/811 812/812 813/813
f 814/814 815/815 816/816
f 817/817 818/818 819/819
f 820/820 821/821 822/822
f 823/823 824/824 825/825
f 826/826 827/827 828/828
f 829/829 830/830 831/831
f 832/832 833/833 834/834
f 835/835 836/836 837/837
f 838/838 839/839 840/840
f 841/841 842/842 843/843
f 844/844 845/845 846/846
f 847/847 848/848 849/849
f 850/850 851/851 852/852
f 853/853 854/854 855/855
f 856/856 857/857 858/858
f 859/859 860/860 861/861
f 862/862 863/863 864/864
f 865/865 866/866 867/867
f 868/868 869/869 870/870
f 871/871 872/872 873/873
f 874/874 875/875 876/876
f 877/877 878/878 879/879
f 880/880 881/881 882/882
f 883/883 884/884 885/885
f 886/886 887/887 888/888
f 889/889 890/890 891/891
f 892/892 893/893 894/894
f 895/895 896/896 897/897
f 898/898 899/899 900/900
f 901/901 902/902 903/903
f 904/904 905/905 906/906
f 907/907 908/908 909/909
f 910/910 911/911 912/912
f 913/913 914/914 915/915
f 916/916 917/917 918/918
f 919/919 920/920 921/921
f 922/922 923/923 924/924
f 925/925 926/926 927/927
f 928/928 929/929 930/930
f 931/931 932/932 933/933
f 934/934 935/935 936/936
f 937/937 938/938 939/939
f 940/940 941/941 942/942
f 943/943 944/944 945/945
f 946/946 947/947 948/948
f 949/949 950/950 951/951
f 952/952 953/953 954/954
f 955/955 956/956 957/957
f 958/958 959/959 960/960
f 961/961 962/962 963/963
f 964/964 965/965 966/966
f 967/967 968/968 969/969
f 970/970 971/971 972/972
f 973/973 974/974 975/975
f 976/976 977/977 978/978
f 979/979 980/980 981/981
f 982/982 983/983 984/984
f 985/985 986/986 987/987
f 988/988 989/989 990/990
f 991/991 992/992 993/993
f 994/994 995/995 996/996
f 997/997 998/998 999/999
f 1000/1000 1001/1001 1002/1002
f 1003/1003 1004/1004 1005/1005
f 1006/1006 1007/1007 1008/1008
f 1009/1009 1010/1010 1011/1011
f 1012/1012 1013/1013 1014/1014
f 1015/1015 1016/1016 1017/1017
f 1018/1018 1019/1019 1020/1020
f 1021/1021 1022/1022 1023/1023
f 1024/1024 1025/1025 1026/1026
f 1027/1027 1028/1028 1029/1029
f 1030/1030 1031/1031 1032/1032
f 1033/1033 1034/1034 1035/1035
f 1036/1036 1037/1037 1038/1038
f 1039/1039 1040/1040 1041/1041
f 1042/1042 1043/1043 1044/1044
f 1045/1045 1046/1046 1047/1047
f 1048/1048 1049/1049 1050/1050
f 1051/1051 1052/1052 1053/1053
f 1054/1054 1055/1055 1056/1056
f 1057/1057 1058/1058 1059/1059
f 1060/1060 1061/1061 1062/1062
f 1063/1063 1064/1064 1065/1065
f 1066/1066 1067/1067 1068/1068
f 1069/1069 1070/1070 1071/1071
f 1072/1072 1073/1073 1074/1074
f 1075/1075 1076/1076 1077/1077
f 1078/1078 1079/1079 1080/1080
f 1081/1081 1082/1082 1083/1083
f 1084/1084 1085/1085 1086/1086
f 1087/1087 1088/1088 1089/1089
f 1090/1090 1091/1091 1092/1092
f 1093/1093 1094/1094 1095/1095
f 1096/1096 1097/1097 1098/1098
f 1099/1099 1100/1100 1101/1101
f 1102/1102 1103/1103 1104/1104
f 1105/1105 1106/1106 1107/1107
f 1108/1108 1109/1109 1110/1110
f 1111/1111 1112/1112 1113/1113
f 1114/1114 1115/1115 1116/1116
f 1117/1117 1118/1118 1119/1119
f 1120/1120 1121/1121 1122/1122
f 1123/1123 1124/1124 1125/1125
f 1126/1126 1127/1127 1128/1128
f 1129/1129 1130/1130 1131/1131
f 1132/1132 1133/1133 1134/1134
f 1135/1135 1136/1136 1137/1137
f 1138/1138 1139/1139 1140/1140
f 1141/1141 1142/1142 1143/1143
f 1144/1144 1145/1145 1146/1146
f 1147/1147 1148/1148 1149/1149
f 1150/1150 1151/1151 1152/1152
f 1153/1153 1154/1154 1155/1155
f 1156/1156 1157/1157 1158/1158
f 1159/1159 1160/1160 1161/1161
f 1162/1162 1163/1163 1164/1164
f 1165/1165 1166/1166 1167/1167
f 1168/1168 1169/1169 1170/1170
f 1171/1171 1172/1172 1173/1173
f 1174/1174 1175/1175 1176/1176
f 1177/1177 1178/1178 1179/1179
f 1180/1180 1181/1181 1182/1182
f 1183/1183 1184/1184 1185/1185
f 1186/1186 1187/1187 1188/1188
f 1189/1189 1190/1190 1191/1191
f 1192/1192 1193/1193 1194/1194
f 1195/1195 1196/1196 1197/1197
f 1198/1198 1199/1199 1200/1200
f 1201/1201 1202/1202 1203/1203
f 1204/1204 1205/1205 1206/1206
f 1207/1207 1208/1208 1209/1209
f 1210/1210 1211/1211 1212/1212
f 1213/1213 1214/1214 1215/1215
f 1216/1216 1217/1217 1218/1218
f 1219/1219 1220/1220 1221/1221
f 1222/1222 1223/1223 1224/1224
f 1225/1225 1226/1226 1227/1227
f 1228/1228 1229/1229 1230/1230
f 1231/1231 1232/1232 1233/1233
f 1234/1234 1235/1235 1236/1236
f 1237/1237 1238/1238 1239/1239
f 1240/1240 1241/1241 1242/1242
f 1243/1243 1244/1244 1245/1245
f 1246/1246 1247/1247 1248/1248
f 1249/1249 1250/1250 1251/1251
f 1252/1252 1253/1253 1254/1254
f 1255/1255 1256/1256 1257/1257
f 1258/1258 1259/1259 1260/1260
f 1261/1261 1262/1262 1263/1263
f 1264/1264 1265/1265 1266/1266
f 1267/1267 1268/1268 1269/1269
f 1270/1270 1271/1271 1272/1272
f 1273/1273 1274/1274 1275/1275
f 1276/1276 1277/1277 1278/1278
f 1279/1279 1280/1280 1281/1281
f 1282/1282 1283/1283 1284/1284
f 1285/1285 1286/1286 1287/1287
f 1288/1288 1289/1289 1290/1290
f 1291/1291 1292/1292 1293/1293
f 1294/1294 1295/1295 1296/1296
f 1297/1297 1298/1298 1299/1299
f 1300/1300 1301/1301 1302/1302
f 1303/1303 1304/1304 1305/1305
f 1306/1306 1307/1307 1308/1308
f 1309/1309 1310/1310 1311/1311
f 1312/1312 1313/1313 1314/1314
f 1315/1315 1316/1316 1317/1317
f 1318/1318 1319/1319 1320/1320
f 1321/1321 1322/1322 1323/1323
f 1324/1324 1325/1325 1326/1326
f 1327/1327 1328/1328 1329/1329
f 1330/1330 1331/1331 1332/1332
f 1333/1333 1334/1334 1335/1335
f 1336/1336 1337/1337 1338/1338
f 1339/1339 1340/1340 1341/1341
f 1342/1342 1343/1343 1344/1344
f 1345/1345 1346/1346 1347/1347
f 1348/1348 1349/1349 1350/1350
f 1351/1351 1352/1352 1353/1353
f 1354/1354 1355/1355 1356/1356
f 1357/1357 1358/1358 1359/1359
f 1360/1360 1361/1361 1362/1362
f 1363/1363 1364/1364 1365/1365
f 1366/1366 1367/1367 1368/1368
f 1369/1369 1370/1370 1371/1371
f 1372/1372 1373/1373 1374/1374
f 1375/1375 1376/1376 1377/1377
f 1378/1378 1379/1379 1380/1380
f 1381/1381 1382/1382 1383/1383
f 1384/1384 1385/1385 1386/1386
f 1387/1387 1388/1388 1389/1389
f 1390/1390 1391/1391 1392/1392
f 1393/1393 1394/1394 1395/1395
f 1396/1396 1397/1397 1398/1398
f 1399/1399 1400/1400 1401/1401
f 1402/1402 1403/1403 1404/1404
f 1405/1405 1406/1406 1407/1407
f 1408/1408 1409/1409 1410/1410
f 1411/1411 1412/1412 1413/1413
f 1414/1414 1415/1415 1416/1416
f 1417/1417 1418/1418 1419/1419
f 1420/1420 1421/1421 1422/1422
f 1423/1423 1424/1424 1425/1425
f 1426/1426 1427/1427 1428/1428
f 1429/1429 1430/1430 1431/1431
f 1432/1432 1433/1433 1434/1434
f 1435/1435 1436/1436 1437/1437
f 1438/1438 1439/1439 1440/1440
f 1441/1441 1442/1442 1443/1443
f 1444/1444 1445/1445 1446/1446
f 1447/1447 1448/1448 1449/1449
f 1450/1450 1451/1451 1452/1452
f 1453/1453 1454/1454 1455/1455
f 1456/1456 1457/1457 1458/1458
f 1459/1459 1460/1460 1461/1461
f 1462/1462 1463/1463 1464/1464
f 1465/1465 1466/1466 1467/1467
f 1468/1468 1469/1469 1470/1470
f 1471/1471 1472/1472 1473/1473
f 1474/1474 1475/1475 1476/1476
f 1477/1477 1478/1478 1479/1479
f 1480/1480 1481/1481 1482/1482
f 1483/1483 1484/1484 1485/1485
f 1486/1486 1487/1487 1488/1488
f 1489/1489 1490/1490 1491/1491
f 1492/1492 1493/1493 1494/1494
f 1495/1495 1496/1496 1497/1497
f 1498/1498 1499/1499 1500/1500
f 1501/1501 1502/1502 1503/1503
f 1504/1504 1505/1505 1506/1506
f 1507/1507 1508/1508 1509/1509
f 1510/1510 1511/1511 1512/1512
f 1513/1513 1514/1514 1515/1515
f 1516/1516 1517/1517 1518/1518
f 1519/1519 1520/1520 1521/1521
f 1522/1522 1523/1523 1524/1524
f 1525/1525 1526/1526 1527/1527
f 1528/1528 1529/1529 1530/1530
f 1531/1531 1532/1532 1533/1533
f 1534/1534 1535/1535 1536/1536
f 1537/1537 1538/1538 1539/1539
f 1540/1540 1541/1541 1542/1542
f 1543/1543 1544/1544 1545/1545
f 1546/1546 1547/1547 1548/1548
f 1549/1549 1550/1550 1551/1551
f 1552/1552 1553/1553 1554/1554
f 1555/1555 1556/1556 1557/1557
f 1558/1558 1559/1559 1560/1560
f 1561/1561 1562/1562 1563/1563
f 1564/1564 1565/1565 1566/1566
f 1567/1567 1568/1568 1569/1569
f 1570/1570 1571/1571 1572/1572
f 1573/1573 1574/1574 1575/1575
f 1576/1576 1577/1577 1578/1578
f 1579/1579 1580/1580 1581/1581
f 1582/1582 1583/1583 1584/1584
f 1585/1585 1586/1586 1587/1587
f 1588/1588 1589/1589 1590/1590
f 1591/1591 1592/1592 1593/1593
f 1594/1594 1595/1595 1596/1596
f 1597/1597 1598/1598 1599/1599
f 1600/1600 1601/1601 1602/1602
f 1603/1603 1604/1604 1605/1605
f 1606/1606 1607/1607 1608/1608
f 1609/1609 1610/1610 1611/1611
f 1612/1612 1613/1613 1614/1614
f 1615/1615 1616/1616 1617/1617
f 1618/1618 1619/1619 1620/1620
f 1621/1621 1622/1622 1623/1623
f 1624/1624 1625/1625 1626/1626
f 1627/1627 1628/1628 1629/1629
f 1630/1630 1631/1631 1632/1632
f 1633/1633 1634/1634 1635/1635
f 1636/1636 1637/1637 1638/1638
f 1639/1639 1640/1640 1641/1641
f 1642/1642 1643/1643 1644/1644
f 1645/1645 1646/1646 1647/1647
f 1648/1648 1649/1649 1650/1650
f 1651/1651 1652/1652 1653/1653
f 1654/1654 1655/1655 1656/1656
f 1657/1657 1658/1658 1659/1659
f 1660/1660 1661/1661 1662/1662
f 1663/1663 1664/1664 1665/1665
f 1666/1666 1667/1667 1668/1668
f 1669/1669 1670/1670 1671/1671
f 1672/1672 1673/1673 1674/1674
f 1675/1675 1676/1676 1677/1677
f 1678/1678 1679/1679 1680/1680
f 1681/1681 1682/1682 1683/1683
f 1684/1684 1685/1685 1686/1686
f 1687/1687 1688/1688 1689/1689
f 1690/1690 1691/1691 1692/1692
f 1693/1693 1694/1694 1695/1695
f 1696/1696 1697/1697 1698/1698
f 1699/1699 1700/1700 1701/1701
f 1702/1702 1703/1703 1704/1704
f 1705/1705 1706/1706 1707/1707
f 1708/1708 1709/1709 1710/1710
f 1711/1711 1712/1712 1713/1713
f 1714/1714 1715/1715 1716/1716
f 1717/1717 1718/1718 1719/1719
f 1720/1720 1721/1721 1722/1722
f 1723/1723 1724/1724 1725/1725
f 1726/1726 1727/1727 1728/1728
f 1729/1729 1730/1730 1731/1731
f 1732/1732 1733/1733 1734/1734
f 1735/1735 1736/1736 1737/1737
f 1738/1738 1739/1739 1740/1740
f 1741/1741 1742/1742 1743/1743
f 1744/1744 1745/1745 1746/1746
f 1747/1747 1748/1748 1749/1749
f 1750/1750 1751/1751 1752/1752
f 1753/1753 1754/1754 1755/1755
f 1756/1756 1757/1757 1758/1758
f 1759/1759 1760/1760 1761/1761
f 1762/1762 1763/1763 1764/1764
f 1765/1765 1766/1766 1767/1767
f 1768/1768 1769/1769 1770/1770
f 1771/1771 1772/1772 1773/1773
f 1774/1774 1775/1775 1776/1776
f 1777/1777 1778/1778 1779/1779
f 1780/1780 1781/1781 1782/1782
f 1783/1783 1784/1784 1785/1785
f 1786/1786 1787/1787 1788/1788
f 1789/1789 1790/1790 1791/1791
f 1792/1792 1793/1793 1794/1794
f 1795/1795 1796/1796 1797/1797
f 1798/1798 1799/1799 1800/1800
f 1801/1801 1802/1802 1803/1803
f 1804/1804 1805/1805 1806/1806
f 1807/1807 1808/1808 1809/1809
f 1810/1810 1811/1811 1812/1812
f 1813/1813 1814/1814 1815/1815
f 1816/1816 1817/1817 1818/1818
f 1819/1819 1820/1820 1821/1821
f 1822/1822 1823/1823 1824/1824
f 1825/1825 1826/1826 1827/1827
f 1828/1828 1829/1829 1830/1830
f 1831/1831 1832/1832 1833/1833
f 1834/1834 1835/1835 1836/1836
f 1837/1837 1838/1838 1839/1839
f 1840/1840 1841/1841 1842/1842
f 1843/1843 1844/1844 1845/1845
f 1846/1846 1847/1847 1848/1848
f 1849/1849 1850/1850 1851/1851
f 1852/1852 1853/1853 1854/1854
f 1855/1855 1856/1856 1857/1857
f 1858/1858 1859/1859 1860/1860
f 1861/1861 1862/1862 1863/1863
f 1864/1864 1865/1865 1866/1866
f 1867/1867 1868/1868 1869/1869
f 1870/1870 1871/1871 1872/1872
f 1873/1873 1874/1874 1875/1875
f 1876/1876 1877/1877 1878/1878
f 1879/1879 1880/1880 1881/1881
f 1882/1882 1883/1883 1884/1884
f 1885/1885 1886/1886 1887/1887
f 1888/1888 1889/1889 1890/1890
f 1891/1891 1892/1892 1893/1893
f 1894/1894 1895/1895 1896/1896
f 1897/1897 1898/1898 1899/1899
f 1900/1900 1901/1901 1902/1902
f 1903/1903 1904/1904 1905/1905
f 1906/1906 1907/1907 1908/1908
f 1909/1909 1910/1910 1911/1911
f 1912/1912 1913/1913 1914/1914
f 1915/1915 1916/1916 1917/1917
f 1918/1918 1919/1919 1920/1920
f 1921/1921 1922/1922 1923/1923
f 1924/1924 1925/1925 1926/1926
f 1927/1927 1928/1928 1929/1929
f 1930/1930 1931/1931 1932/1932
f 1933/1933 1934/1934 1935/1935
f 1936/1936 1937/1937 1938/1938
f 1939/1939 1940/1940 1941/1941
f 1942/1942 1943/1943 1944/1944
f 1945/1945 1946/1946 1947/1947
f 1948/1948 1949/1949 1950/1950
f 1951/1951 1952/1952 1953/1953
f 1954/1954 1955/1955 1956/1956
f 1957/1957 1958/1958 1959/1959
f 1960/1960 1961/1961 1962/1962
f 1963/1963 1964/1964 1965/1965
f 1966/1966 1967/1967 1968/1968
f 1969/1969 1970/1970 1971/1971
f 1972/1972 1973/1973 1974/1974
f 1975/1975 1976/1976 1977/1977
f 1978/1978 1979/1979 1980/1980
f 1981/1981 1982/1982 1983/1983
f 1984/1984 1985/1985 1986/1986
f 1987/1987 1988/1988 1989/1989
f 1990/1990 1991/1991 1992/1992
f 1993/1993 1994/1994 1995/1995
f 1996/1996 1997/1997 1998/1998
f 1999/1999 2000/2000 2001/2001
f 2002/2002 2003/2003 2004/2004
f 2005/2005 2006/2006 2007/2007
f 2008/2008 2009/2009 2010/2010
f 2011/2011 2012/2012 2013/2013
f 2014/2014 2015/2015 2016/2016
f 2017/2017 2018/2018 2019/2019
f 2020/2020 2021/2021 2022/2022
f 2023/2023 2024/2024 2025/2025
f 2026/2026 2027/2027 2028/2028
f 2029/2029 2030/2030 2031/2031
f 2032/2032 2033/2033 2034/2034
f 2035/2035 2036/2036 2037/2037
f 2038/2038 2039/2039 2040/2040
f 2041/2041 2042/2042 2043/2043
f 2044/2044 2045/2045 2046/2046
f 2047/2047 2048/2048 2049/2049
f 2050/2050 2051/2051 2052/2052
f 2053/2053 2054/2054 2055/2055
f 2056/2056 2057/2057 2058/2058
f 2059/2059 2060/2060 2061/2061
f 2062/2062 2063/2063 2064/2064
f 2065/2065 2066/2066 2067/2067
f 2068/2068 2069/2069 2070/2070
f 2071/2071 2072/2072 2073/2073
f 2074/2074 2075/2075 2076/2076
f 2077/2077 2078/2078 2079/2079
f 2080/2080 2081/2081 2082/2082
f 2083/2083 2084/2084 2085/2085
f 2086/2086 2087/2087 2088/2088
f 2089/2089 2090/2090 2091/2091
f 2092/2092 2093/2093 2094/2094
f 2095/2095 2096/2096 2097/2097
f 2098/2098 2099/2099 2100/2100
f 2101/2101 2102/2102 2103/2103
f 2104/2104 2105/2105 2106/2106
f 2107/2107 2108/2108 2109/2109
f 2110/2110 2111/2111 2112/2112
f 2113/2113 2114/2114 2115/2115
f 2116/2116 2117/2117 2118/2118
f 2119/2119 2120/2120 2121/2121
f 2122/2122 2123/2123 2124/2124
f 2125/2125 2126/2126 2127/2127
f 2128/2128 2129/2129 2130/2130
f 2131/2131 2132/2132 2133/2133
f 2134/2134 2135/2135 2136/2136
f 2137/2137 2138/2138 2139/2139
f 2140/2140 2141/2141 2142/2142
f 2143/2143 2144/2144 2145/2145
f 2146/2146 2147/2147 2148/2148
f 2149/2149 2150/2150 2151/2151
f 2152/2152 2153/2153 2154/2154
f 2155/2155 2156/2156 2157/2157
f 2158/2158 2159/2159 2160/2160
f 2161/2161 2162/2162 2163/2163
f 2164/2164 2165/2165 2166/2166
f 2167/2167 2168/2168 2169/2169
f 2170/2170 2171/2171 2172/2172
f 2173/2173 2174/2174 2175/2175
f 2176/2176 2177/2177 2178/2178
f 2179/2179 2180/2180 2181/2181
f 2182/2182 2183/2183 2184/2184
f 2185/2185 2186/2186 2187/2187
f 2188/2188 2189/2189 2190/2190
f 2191/2191 2192/2192 2193/2193
f 2194/2194 2195/2195 2196/2196
f 2197/2197 2198/2198 2199/2199
f 2200/2200 2201/2201 2202/2202
f 2203/2203 2204/2204 2205/2205
f 2206/2206 2207/2207 2208/2208
f 2209/2209 2210/2210 2211/2211
f 2212/2212 2213/2213 2214/2214
f 2215/2215 2216/2216 2217/2217
f 2218/2218 2219/2219 2220/2220
f 2221/2221 2222/2222 2223/2223
f 2224/2224 2225/2225 2226/2226
f 2227/2227 2228/2228 2229/2229
f 2230/2230 2231/2231 2232/2232
f 2233/2233 2234/2234 2235/2235
f 2236/2236 2237/2237 2238/2238
f 2239/2239 2240/2240 2241/2241
f 2242/2242 2243/2243 2244/2244
f 2245/2245 2246/2246 2247/2247
f 2248/2248 2249/2249 2250/2250
f 2251/2251 2252/2252 2253/2253
f 2254/2254 2255/2255 2256/2256
f 2257/2257 2258/2258 2259/2259
f 2260/2260 2261/2261 2262/2262
f 2263/2263 2264/2264 2265/2265
f 2266/2266 2267/2267 2268/2268
f 2269/2269 2270/2270 2271/2271
f 2272/2272 2273/2273 2274/2274
f 2275/2275 2276/2276 2277/2277
f 2278/2278 2279/2279 2280/2280
f 2281/2281 2282/2282 2283/2283
f 2284/2284 2285/2285 2286/2286
f 2287/2287 2288/2288 2289/2289
f 2290/2290 2291/2291 2292/2292
f 2293/2293 2294/2294 2295/2295
f 2296/2296 2297/2297 2298/2298
f 2299/2299 2300/2300 2301/2301
f 2302/2302 2303/2303 2304/2304
f 2305/2305 2306/2306 2307/2307
f 2308/2308 2309/2309 2310/2310
f 2311/2311 2312/2312 2313/2313
f 2314/2314 2315/2315 2316/2316
f 2317/2317 2318/2318 2319/2319
f 2320/2320 2321/2321 2322/2322
f 2323/2323 2324/2324 2325/2325
f 2326/2326 2327/2327 2328/2328
f 2329/2329 2330/2330 2331/2331
f 2332/2332 2333/2333 2334/2334
f 2335/2335 2336/2336 2337/2337
f 2338/2338 2339/2339 2340/2340
f 2341/2341 2342/2342 2343/2343
f 2344/2344 2345/2345 2346/2346
f 2347/2347 2348/2348 2349/2349
f 2350/2350 2351/2351 2352/2352
f 2353/2353 2354/2354 2355/2355
f 2356/2356 2357/2357 2358/2358
f 2359/2359 2360/2360 2361/2361
f 2362/2362 2363/2363 2364/2364
f 2365/2365 2366/2366 2367/2367
f 2368/2368 2369/2369 2370/2370
f 2371/2371 2372/2372 2373/2373
f 2374/2374 2375/2375 2376/2376
f 2377/2377 2378/2378 2379/2379
f 2380/2380 2381/2381 2382/2382
f 2383/2383 2384/2384 2385/2385
f 2386/2386 2387/2387 2388/2388
f 2389/2389 2390/2390 2391/2391
f 2392/2392 2393/2393 2394/2394
f 2395/2395 2396/2396 2397/2397
f 2398/2398 2399/2399 2400/2400
f 2401/2401 2402/2402 2403/2403
f 2404/2404 2405/2405 2406/2406
f 2407/2407 2408/2408 2409/2409
f 2410/2410 2411/2411 2412/2412
f 2413/2413 2414/2414 2415/2415
f 2416/2416 2417/2417 2418/2418
f 2419/2419 2420/2420 2421/2421
f 2422/2422 2423/2423 2424/2424
f 2425/2425 2426/2426 2427/2427
f 2428/2428 2429/2429 2430/2430
f 2431/2431 2432/2432 2433/2433
f 2434/2434 2435/2435 2436/2436
f 2437/2437 2438/2438 2439/2439
f 2440/2440 2441/2441 2442/2442
f 2443/2443 2444/2444 2445/2445
f 2446/2446 2447/2447 2448/2448
f 2449/2449 2450/2450 2451/2451
f 2452/2452 2453/2453 2454/2454
f 2455/2455 2456/2456 2457/2457
f 2458/2458 2459/2459 2460/2460
f 2461/2461 2462/2462 2463/2463
f 2464/2464 2465/2465 2466/2466
f 2467/2467 2468/2468 2469/2469
f 2470/2470 2471/2471 2472/2472
f 2473/2473 2474/2474 2475/2475
f 2476/2476 2477/2477 2478/2478
f 2479/2479 2480/2480 2481/2481
f 2482/2482 2483/2483 2484/2484
f 2485/2485 2486/2486 2487/2487
f 2488/2488 2489/2489 2490/2490
f 2491/2491 2492/2492 2493/2493
f 2494/2494 2495/2495 2496/2496
f 2497/2497 2498/2498 2499/2499
f 2500/2500 2501/2501 2502/2502
f 2503/2503 2504/2504 2505/2505
f 2506/2506 2507/2507 2508/2508
f 2509/2509 2510/2510 2511/2511
f 2512/2512 2513/2513 2514/2514
f 2515/2515 2516/2516 2517/2517
f 2518/2518 2519/2519 2520/2520
f 2521/2521 2522/2522 2523/2523
f 2524/2524 2525/2525 2526/2526
f 2527/2527 2528/2528 2529/2529
f 2530/2530 2531/2531 2532/2532
f 2533/2533 2534/2534 2535/2535
f 2536/2536 2537/2537 2538/2538
f 2539/2539 2540/2540 2541/2541
f 2542/2542 2543/2543 2544/2544
f 2545/2545 2546/2546 2547/2547
f 2548/2548 2549/2549 2550/2550
f 2551/2551 2552/2552 2553/2553
f 2554/2554 2555/2555 2556/2556
f 2557/2557 2558/2558 2559/2559
f 2560/2560 2561/2561 2562/2562
f 2563/2563 2564/2564 2565/2565
f 2566/2566 2567/2567 2568/2568
f 2569/2569 2570/2570 2571/2571
f 2572/2572 2573/2573 2574/2574
f 2575/2575 2576/2576 2577/2577
f 2578/2578 2579/2579 2580/2580
f 2581/2581 2582/2582 2583/2583
f 2584/2584 2585/2585 2586/2586
f 2587/2587 2588/2588 2589/2589
f 2590/2590 2591/2591 2592/2592
f 2593/2593 2594/2594 2595/2595
f 2596/2596 2597/2597 2598/2598
f 2599/2599 2600/2600 2601/2601
f 2602/2602 2603/2603 2604/2604
f 2605/2605 2606/2606 2607/2607
f 2608/2608 2609/2609 2610/2610
f 2611/2611 2612/2612 2613/2613
f 2614/2614 2615/2615 2616/2616
f 2617/2617 2618/2618 2619/2619
f 2620/2620 2621/2621 2622/2622
f 2623/2623 2624/2624 2625/2625
f 2626/2626 2627/2627 2628/2628
f 2629/2629 2630/2630 2631/2631
f 2632/2632 2633/2633 2634/2634
f 2635/2635 2636/2636 2637/2637
f 2638/2638 2639/2639 2640/2640
f 2641/2641 2642/2642 2643/2643
f 2644/2644 2645/2645 2646/2646
f 2647/2647 2648/2648 2649/2649
f 2650/2650 2651/2651 2652/2652
f 2653/2653 2654/2654 2655/2655
f 2656/2656 2657/2657 2658/2658
f 2659/2659 2660/2660 2661/2661
f 2662/2662 2663/2663 2664/2664
f 2665/2665 2666/2666 2667/2667
f 2668/2668 2669/2669 2670/2670
f 2671/2671 2672/2672 2673/2673
f 2674/2674 2675/2675 2676/2676
f 2677/2677 2678/2678 2679/2679
f 2680/2680 2681/2681 2682/2682
f 2683/2683 2684/2684 2685/2685
f 2686/2686 2687/2687 2688/2688
f 2689/2689 2690/2690 2691/2691
f 2692/2692 2693/2693 2694/2694
f 2695/2695 2696/2696 2697/2697
f 2698/2698 2699/2699 2700/2700
f 2701/2701 2702/2702 2703/2703
f 2704/2704 2705/2705 2706/2706
f 2707/2707 2708/2708 2709/2709
f 2710/2710 2711/2711 2712/2712
f 2713/2713 2714/2714 2715/2715
f 2716/2716 2717/2717 2718/2718
f 2719/2719 2720/2720 2721/2721
f 2722/2722 2723/2723 2724/2724
f 2725/2725 2726/2726 2727/2727
f 2728/2728 2729/2729 2730/2730
f 2731/2731 2732/2732 2733/2733
f 2734/2734 2735/2735 2736/2736
f 2737/2737 2738/2738 2739/2739
f 2740/2740 2741/2741 2742/2742
f 2743/2743 2744/2744 2745/2745
f 2746/2746 2747/2747 2748/2748
f 2749/2749 2750/2750 2751/2751
f 2752/2752 2753/2753 2754/2754
f 2755/2755 2756/2756 2757/2757
f 2758/2758 2759/2759 2760/2760
f 2761/2761 2762/2762 2763/2763
f 2764/2764 2765/2765 2766/2766
f 2767/2767 2768/2768 2769/2769
f 2770/2770 2771/2771 2772/2772
f 2773/2773 2774/2774 2775/2775
f 2776/2776 2777/2777 2778/2778
f 2779/2779 2780/2780 2781/2781
f 2782/2782 2783/2783 2784/2784
f 2785/2785 2786/2786 2787/2787
f 2788/2788 2789/2789 2790/2790
f 2791/2791 2792/2792 2793/2793
f 2794/2794 2795/2795 2796/2796
f 2797/2797 2798/2798 2799/2799
f 2800/2800 2801/2801 2802/2802
f 2803/2803 2804/2804 2805/2805
f 2806/2806 2807/2807 2808/2808
f 2809/2809 2810/2810 2811/2811
f 2812/2812 2813/2813 2814/2814
f 2815/2815 2816/2816 2817/2817
f 2818/2818 2819/2819 2820/2820
f 2821/2821 2822/2822 2823/2823
f 2824/2824 2825/2825 2826/2826
f 2827/2827 2828/2828 2829/2829
f 2830/2830 2831/2831 2832/2832
f 2833/2833 2834/2834 2835/2835
f 2836/2836 2837/2837 2838/2838
f 2839/2839 2840/2840 2841/2841
f 2842/2842 2843/2843 2844/2844
f 2845/2845 2846/2846 2847/2847
f 2848/2848 2849/2849 2850/2850
f 2851/2851 2852/2852 2853/2853
f 2854/2854 2855/2855 2856/2856
f 2857/2857 2858/2858 2859/2859
f 2860/2860 2861/2861 2862/2862
f 2863/2863 2864/2864 2865/2865
f 2866/2866 2867/2867 2868/2868
f 2869/2869 2870/2870 2871/2871
f 2872/2872 2873/2873 2874/2874
f 2875/2875 2876/2876 2877/2877
f 2878/2878 2879/2879 2880/2880
f 2881/2881 2882/2882 2883/2883
f 2884/2884 2885/2885 2886/2886
f 2887/2887 2888/2888 2889/2889
f 2890/2890 2891/2891 2892/2892
f 2893/2893 2894/2894 2895/2895
f 2896/2896 2897/2897 2898/2898
f 2899/2899 2900/2900 2901/2901
f 2902/2902 2903/2903 2904/2904
f 2905/2905 2906/2906 2907/2907
f 2908/2908 2909/2909 2910/2910
f 2911/2911 2912/2912 2913/2913
f 2914/2914 2915/2915 2916/2916
f 2917/2917 2918/2918 2919/2919
f 2920/2920 2921/2921 2922/2922
f 2923/2923 2924/2924 2925/2925
f 2926/2926 2927/2927 2928/2928
f 2929/2929 2930/2930 2931/2931
f 2932/2932 2933/2933 2934/2934
f 2935/2935 2936/2936 2937/2937
f 2938/2938 2939/2939 2940/2940
f 2941/2941 2942/2942 2943/2943
f 2944/2944 2945/2945 2946/2946
f 2947/2947 2948/2948 2949/2949
f 2950/2950 2951/2951 2952/2952
f 2953/2953 2954/2954 2955/2955
f 2956/2956 2957/2957 2958/2958
f 2959/2959 2960/2960 2961/2961
f 2962/2962 2963/2963 2964/2964
f 2965/2965 2966/2966 2967/2967
f 2968/2968 2969/2969 2970/2970
f 2971/2971 2972/2972 2973/2973
f 2974/2974 2975/2975 2976/2976
f 2977/2977 2978/2978 2979/2979
f 2980/2980 2981/2981 2982/2982
f 2983/2983 2984/2984 2985/2985
f 2986/2986 2987/2987 2988/2988
f 2989/2989 2990/2990 2991/2991
f 2992/2992 2993/2993 2994/2994
f 2995/2995 2996/2996 2997/2997
f 2998/2998 2999/2999 3000/3000
f 3001/3001 3002/3002 3003/3003
f 3004/3004 3005/3005 3006/3006
f 3007/3007 3008/3008 3009/3009
f 3010/3010 3011/3011 3012/3012
f 3013/3013 3014/3014 3015/3015
f 3016/3016 3017/3017 3018/3018
f 3019/3019 3020/3020 3021/3021
f 3022/3022 3023/3023 3024/3024
f 3025/3025 3026/3026 3027/3027
f 3028/3028 3029/3029 3030/3030
f 3031/3031 3032/3032 3033/3033
f 3034/3034 3035/3035 3036/3036
f 3037/3037 3038/3038 3039/3039
f 3040/3040 3041/3041 3042/3042
f 3043/3043 3044/3044 3045/3045
f 3046/3046 3047/3047 3048/3048
f 3049/3049 3050/3050 3051/3051
f 3052/3052 3053/3053 3054/3054
f 3055/3055 3056/3056 3057/3057
f 3058/3058 3059/3059 3060/3060
f 3061/3061 3062/3062 3063/3063
f 3064/3064 3065/3065 3066/3066
f 3067/3067 3068/3068 3069/3069
f 3070/3070 3071/3071 3072/3072
f 3073/3073 3074/3074 3075/3075
f 3076/3076 3077/3077 3078/3078
f 3079/3079 3080/3080 3081/3081
f 3082/3082 3083/3083 3084/3084
f 3085/3085 3086/3086 3087/3087
f 3088/3088 3089/3089 3090/3090
f 3091/3091 3092/3092 3093/3093
f 3094/3094 3095/3095 3096/3096
f 3097/3097 3098/3098 3099/3099
f 3100/3100 3101/3101 3102/3102
f 3103/3103 3104/3104 3105/3105
f 3106/3106 3107/3107 3108/3108
f 3109/3109 3110/3110 3111/3111
f 3112/3112 3113/3113 3114/3114
f 3115/3115 3116/3116 3117/3117
f 3118/3118 3119/3119 3120/3120
f 3121/3121 3122/3122 3123/3123
f 3124/3124 3125/3125 3126/3126
f 3127/3127 3128/3128 3129/3129
f 3130/3130 3131/3131 3132/3132
f 3133/3133 3134/3134 3135/3135
f 3136/3136 3137/3137 3138/3138
f 3139/3139 3140/3140 3141/3141
f 3142/3142 3143/3143 3144/3144
f 3145/3145 3146/3146 3147/3147
f 3148/3148 3149/3149 3150/3150
f 3151/3151 3152/3152 3153/3153
f 3154/3154 3155/3155 3156/3156
f 3157/3157 3158/3158 3159/3159
f 3160/3160 3161/3161 3162/3162
f 3163/3163 3164/3164 3165/3165
f 3166/3166 3167/3167 3168/3168
f 3169/3169 3170/3170 3171/3171
f 3172/3172 3173/3173 3174/3174
f 3175/3175 3176/3176 3177/3177
f 3178/3178 3179/3179 3180/3180
f 3181/3181 3182/3182 3183/3183
f 3184/3184 3185/3185 3186/3186
f 3187/3187 3188/3188 3189/3189
f 3190/3190 3191/3191 3192/3192
f 3193/3193 3194/3194 3195/3195
f 3196/3196 3197/3197 3198/3198
f 3199/3199 3200/3200 3201/3201
f 3202/3202 3203/3203 3204/3204
f 3205/3205 3206/3206 3207/3207
f 3208/3208 3209/3209 3210/3210
f 3211/3211 3212/3212 3213/3213
f 3214/3214 3215/3215 3216/3216
f 3217/3217 3218/3218 3219/3219
f 3220/3220 3221/3221 3222/3222
f 3223/3223 3224/3224 3225/3225
f 3226/3226 3227/3227 3228/3228
f 3229/3229 3230/3230 3231/3231
f 3232/3232 3233/3233 3234/3234
f 3235/3235 3236/3236 3237/3237
f 3238/3238 3239/3239 3240/3240
f 3241/3241 3242/3242 3243/3243
f 3244/3244 3245/3245 3246/3246
f 3247/3247 3248/3248 3249/3249
f 3250/3250 3251/3251 3252/3252
f 3253/3253 3254/3254 3255/3255
f 3256/3256 3257/3257 3258/3258
f 3259/3259 3260/3260 3261/3261
f 3262/3262 3263/3263 3264/3264
f 3265/3265 3266/3266 3267/3267
f 3268/3268 3269/3269 3270/3270
f 3271/3271 3272/3272 3273/3273
f 3274/3274 3275/3275 3276/3276
f 3277/3277 3278/3278 3279/3279
f 3280/3280 3281/3281 3282/3282
f 3283/3283 3284/3284 3285/3285
f 3286/3286 3287/3287 3288/3288
f 3289/3289 3290/3290 3291/3291
f 3292/3292 3293/3293 3294/3294
f 3295/3295 3296/3296 3297/3297
f 3298/3298 3299/3299 3300/3300
f 3301/3301 3302/3302 3303/3303
f 3304/3304 3305/3305 3306/3306
f 3307/3307 3308/3308 3309/3309
f 3310/3310 3311/3311 3312/3312
f 3313/3313 3314/3314 3315/3315
f 3316/3316 3317/3317 3318/3318
f 3319/3319 3320/3320 3321/3321
f 3322/3322 3323/3323 3324/3324
f 3325/3325 3326/3326 3327/3327
f 3328/3328 3329/3329 3330/3330
f 3331/3331 3332/3332 3333/3333
f 3334/3334 3335/3335 3336/3336
f 3337/3337 3338/3338 3339/3339
f 3340/3340 3341/3341 3342/3342
f 3343/3343 3344/3344 3345/3345
f 3346/3346 3347/3347 3348/3348
f 3349/3349 3350/3350 3351/3351
f 3352/3352 3353/3353 3354/3354
f 3355/3355 3356/3356 3357/3357
f 3358/3358 3359/3359 3360/3360
f 3361/3361 3362/3362 3363/3363
f 3364/3364 3365/3365 3366/3366
f 3367/3367 3368/3368 3369/3369
f 3370/3370 3371/3371 3372/3372
f 3373/3373 3374/3374 3375/3375
f 3376/3376 3377/3377 3378/3378
f 3379/3379 3380/3380 3381/3381
f 3382/3382 3383/3383 3384/3384
f 3385/3385 3386/3386 3387/3387
f 3388/3388 3389/3389 3390/3390
f 3391/3391 3392/3392 3393/3393
f 3394/3394 3395/3395 3396/3396
f 3397/3397 3398/3398 3399/3399
f 3400/3400 3401/3401 3402/3402
f 3403/3403 3404/3404 3405/3405
f 3406/3406 3407/3407 3408/3408
f 3409/3409 3410/3410 3411/3411
f 3412/3412 3413/3413 3414/3414
f 3415/3415 3416/3416 3417/3417
f 3418/3418 3419/3419 3420/3420
f 3421/3421 3422/3422 3423/3423
f 3424/3424 3425/3425 3426/3426
f 3427/3427 3428/3428 3429/3429
f 3430/3430 3431/3431 3432/3432
f 3433/3433 3434/3434 3435/3435
f 3436/3436 3437/3437 3438/3438
f 3439/3439 3440/3440 3441/3441
f 3442/3442 3443/3443 3444/3444
f 3445/3445 3446/3446 3447/3447
f 3448/3448 3449/3449 3450/3450
f 3451/3451 3452/3452 3453/3453
f 3454/3454 3455/3455 3456/3456
f 3457/3457 3458/3458 3459/3459
f 3460/3460 3461/3461 3462/3462
f 3463/3463 3464/3464 3465/3465
f 3466/3466 3467/3467 3468/3468
f 3469/3469 3470/3470 3471/3471
f 3472/3472 3473/3473 3474/3474
f 3475/3475 3476/3476 3477/3477
f 3478/3478 3479/3479 3480/3480
f 3481/3481 3482/3482 3483/3483
f 3484/3484 3485/3485 3486/3486
f 3487/3487 3488/3488 3489/3489
f 3490/3490 3491/3491 3492/3492
f 3493/3493 3494/3494 3495/3495
f 3496/3496 3497/3497 3498/3498
f 3499/3499 3500/3500 3501/3501
f 3502/3502 3503/3503 3504/3504
f 3505/3505 3506/3506 3507/3507
f 3508/3508 3509/3509 3510/3510
f 3511/3511 3512/3512 3513/3513
f 3514/3514 3515/3515 3516/3516
f 3517/3517 3518/3518 3519/3519
f 3520/3520 3521/3521 3522/3522
f 3523/3523 3524/3524 3525/3525
f 3526/3526 3527/3527 3528/3528
f 3529/3529 3530/3530 3531/3531
f 3532/3532 3533/3533 3534/3534
f 3535/3535 3536/3536 3537/3537
f 3538/3538 3539/3539 3540/3540
f 3541/3541 3542/3542 3543/3543
f 3544/3544 3545/3545 3546/3546
f 3547/3547 3548/3548 3549/3549
f 3550/3550 3551/3551 3552/3552
f 3553/3553 3554/3554 3555/3555
f 3556/3556 3557/3557 3558/3558
f 3559/3559 3560/3560 3561/3561
f 3562/3562 3563/3563 3564/3564
f 3565/3565 3566/3566 3567/3567
f 3568/3568 3569/3569 3570/3570
f 3571/3571 3572/3572 3573/3573
f 3574/3574 3575/3575 3576/3576
f 3577/3577 3578/3578 3579/3579
f 3580/3580 3581/3581 3582/3582
f 3583/3583 3584/3584 3585/3585
f 3586/3586 3587/3587 3588/3588
f 3589/3589 3590/3590 3591/3591
f 3592/3592 3593/3593 3594/3594
f 3595/3595 3596/3596 3597/3597
f 3598/3598 3599/3599 3600/3600
f 3601/3601 3602/3602 3603/3603
f 3604/3604 3605/3605 3606/3606
f 3607/3607 3608/3608 3609/3609
f 3610/3610 3611/3611 3612/3612
f 3613/3613 3614/3614 3615/3615
f 3616/3616 3617/3617 3618/3618
f 3619/3619 3620/3620 3621/3621
f 3622/3622 3623/3623 3624/3624
f 3625/3625 3626/3626 3627/3627
f 3628/3628 3629/3629 3630/3630
f 3631/3631 3632/3632 3633/3633
f 3634/3634 3635/3635 3636/3636
f 3637/3637 3638/3638 3639/3639
f 3640/3640 3641/3641 3642/3642
f 3643/3643 3644/3644 3645/3645
f 3646/3646 3647/3647 3648/3648
f 3649/3649 3650/3650 3651/3651
f 3652/3652 3653/3653 3654/3654
f 3655/3655 3656/3656 3657/3657
f 3658/3658 3659/3659 3660/3660
f 3661/3661 3662/3662 3663/3663
f 3664/3664 3665/3665 3666/3666
f 3667/3667 3668/3668 3669/3669
f 3670/3670 3671/3671 3672/3672
f 3673/3673 3674/3674 3675/3675
f 3676/3676 3677/3677 3678/3678
f 3679/3679 3680/3680 3681/3681
f 3682/3682 3683/3683 3684/3684
f 3685/3685 3686/3686 3687/3687
f 3688/3688 3689/3689 3690/3690
f 3691/3691 3692/3692 3693/3693
f 3694/3694 3695/3695 3696/3696
f 3697/3697 3698/3698 3699/3699
f 3700/3700 3701/3701 3702/3702
f 3703/3703 3704/3704 3705/3705
f 3706/3706 3707/3707 3708/3708
f 3709/3709 3710/3710 3711/3711
f 3712/3712 3713/3713 3714/3714
f 3715/3715 3716/3716 3717/3717
f 3718/3718 3719/3719 3720/3720
f 3721/3721 3722/3722 3723/3723
f 3724/3724 3725/3725 3726/3726
f 3727/3727 3728/3728 3729/3729
f 3730/3730 3731/3731 3732/3732
f 3733/3733 3734/3734 3735/3735
f 3736/3736 3737/3737 3738/3738
f 3739/3739 3740/3740 3741/3741
f 3742/3742 3743/3743 3744/3744
f 3745/3745 3746/3746 3747/3747
f 3748/3748 3749/3749 3750/3750
f 3751/3751 3752/3752 3753/3753
f 3754/3754 3755/3755 3756/3756
f 3757/3757 3758/3758 3759/3759
f 3760/3760 3761/3761 3762/3762
f 3763/3763 3764/3764 3765/3765
f 3766/3766 3767/3767 3768/3768
f 3769/3769 3770/3770 3771/3771
f 3772/3772 3773/3773 3774/3774
f 3775/3775 3776/3776 3777/3777
f 3778/3778 3779/3779 3780/3780
f 3781/3781 3782/3782 3783/3783
f 3784/3784 3785/3785 3786/3786
f 3787/3787 3788/3788 3789/3789
f 3790/3790 3791/3791 3792/3792
f 3793/3793 3794/3794 3795/3795
f 3796/3796 3797/3797 3798/3798
f 3799/3799 3800/3800 3801/3801
f 3802/3802 3803/3803 3804/3804
f 3805/3805 3806/3806 3807/3807
f 3808/3808 3809/3809 3810/3810
f 3811/3811 3812/3812 3813/3813
f 3814/3814 3815/3815 3816/3816
f 3817/3817 3818/3818 3819/3819
f 3820/3820 3821/3821 3822/3822
f 3823/3823 3824/3824 3825/3825
f 3826/3826 3827/3827 3828/3828
f 3829/3829 3830/3830 3831/3831
f 3832/3832 3833/3833 3834/3834
f 3835/3835 3836/3836 3837/3837
f 3838/3838 3839/3839 3840/3840
f 3841/3841 3842/3842 3843/3843
f 3844/3844 3845/3845 3846/3846
f 3847/3847 3848/3848 3849/3849
f 3850/3850 3851/3851 3852/3852
f 3853/3853 3854/3854 3855/3855
f 3856/3856 3857/3857 3858/3858
f 3859/3859 3860/3860 3861/3861
f 3862/3862 3863/3863 3864/3864
f 3865/3865 3866/3866 3867/3867
f 3868/3868 3869/3869 3870/3870
f 3871/3871 3872/3872 3873/3873
f 3874/3874 3875/3875 3876/3876
f 3877/3877 3878/3878 3879/3879
f 3880/3880 3881/3881 3882/3882
f 3883/3883 3884/3884 3885/3885
f 3886/3886 3887/3887 3888/3888
f 3889/3889 3890/3890 3891/3891
f 3892/3892 3893/3893 3894/3894
f 3895/3895 3896/3896 3897/3897
f 3898/3898 3899/3899 3900/3900
f 3901/3901 3902/3902 3903/3903
f 3904/3904 3905/3905 3906/3906
f 3907/3907 3908/3908 3909/3909
f 3910/3910 3911/3911 3912/3912
f 3913/3913 3914/3914 3915/3915
f 3916/3916 3917/3917 3918/3918
f 3919/3919 3920/3920 3921/3921
f 3922/3922 3923/3923 3924/3924
f 3925/3925 3926/3926 3927/3927
f 3928/3928 3929/3929 3930/3930
f 3931/3931 3932/3932 3933/3933
f 3934/3934 3935/3935 3936/3936
f 3937/3937 3938/3938 3939/3939
f 3940/3940 3941/3941 3942/3942
f 3943/3943 3944/3944 3945/3945
f 3946/3946 3947/3947 3948/3948
f 3949/3949 3950/3950 3951/3951
f 3952/3952 3953/3953 3954/3954
f 3955/3955 3956/3956 3957/3957
f 3958/3958 3959/3959 3960/3960
f 3961/3961 3962/3962 3963/3963
f 3964/3964 3965/3965 3966/3966
f 3967/3967 3968/3968 3969/3969
f 3970/3970 3971/3971 3972/3972
f 3973/3973 3974/3974 3975/3975
f 3976/3976 3977/3977 3978/3978
f 3979/3979 3980/3980 3981/3981
f 3982/3982 3983/3983 3984/3984
f 3985/3985 3986/3986 3987/3987
f 3988/3988 3989/3989 3990/3990
f 3991/3991 3992/3992 3993/3993
f 3994/3994 3995/3995 3996/3996
f 3997/3997 3998/3998 3999/3999
f 4000/4000 4001/4001 4002/4002
f 4003/4003 4004/4004 4005/4005
f 4006/4006 4007/4007 4008/4008
f 4009/4009 4010/4010 4011/4011
f 4012/4012 4013/4013 4014/4014
f 4015/4015 4016/4016 4017/4017
f 4018/4018 4019/4019 4020/4020
f 4021/4021 4022/4022 4023/4023
f 4024/4024 4025/4025 4026/4026
f 4027/4027 4028/4028 4029/4029
f 4030/4030 4031/4031 4032/4032
f 4033/4033 4034/4034 4035/4035
f 4036/4036 4037/4037 4038/4038
f 4039/4039 4040/4040 4041/4041
f 4042/4042 4043/4043 4044/4044
f 4045/4045 4046/4046 4047/4047
f 4048/4048 4049/4049 4050/4050
f 4051/4051 4052/4052 4053/4053
f 4054/4054 4055/4055 4056/4056
f 4057/4057 4058/4058 4059/4059
f 4060/4060 4061/4061 4062/4062
f 4063/4063 4064/4064 4065/4065
f 4066/4066 4067/4067 4068/4068
f 4069/4069 4070/4070 4071/4071
f 4072/4072 4073/4073 4074/4074
f 4075/4075 4076/4076 4077/4077
f 4078/4078 4079/4079 4080/4080
f 4081/4081 4082/4082 4083/4083
f 4084/4084 4085/4085 4086/4086
f 4087/4087 4088/4088 4089/4089
f 4090/4090 4091/4091 4092/4092
f 4093/4093 4094/4094 4095/4095
f 4096/4096 4097/4097 4098/4098
f 4099/4099 4100/4100 4101/4101
f 4102/4102 4103/4103 4104/4104
f 4105/4105 4106/4106 4107/4107
f 4108/4108 4109/4109 4110/4110
f 4111/4111 4112/4112 4113/4113
f 4114/4114 4115/4115 4116/4116
f 4117/4117 4118/4118 4119/4119
f 4120/4120 4121/4121 4122/4122
f 4123/4123 4124/4124 4125/4125
f 4126/4126 4127/4127 4128/4128
f 4129/4129 4130/4130 4131/4131
f 4132/4132 4133/4133 4134/4134
f 4135/4135 4136/4136 4137/4137
f 4138/4138 4139/4139 4140/4140
f 4141/4141 4142/4142 4143/4143
f 4144/4144 4145/4145 4146/4146
f 4147/4147 4148/4148 4149/4149
f 4150/4150 4151/4151 4152/4152
f 4153/4153 4154/4154 4155/4155
f 4156/4156 4157/4157 4158/4158
f 4159/4159 4160/4160 4161/4161
f 4162/4162 4163/4163 4164/4164
f 4165/4165 4166/4166 4167/4167
f 4168/4168 4169/4169 4170/4170
f 4171/4171 4172/4172 4173/4173
f 4174/4174 4175/4175 4176/4176
f 4177/4177 4178/4178 4179/4179
f 4180/4180 4181/4181 4182/4182
f 4183/4183 4184/4184 4185/4185
f 4186/4186 4187/4187 4188/4188
f 4189/4189 4190/4190 4191/4191
f 4192/4192 4193/4193 4194/4194
f 4195/4195 4196/4196 4197/4197
f 4198/4198 4199/4199 4200/4200
f 4201/4201 4202/4202 4203/4203
f 4204/4204 4205/4205 4206/4206
f 4207/4207 4208/4208 4209/4209
f 4210/4210 4211/4211 4212/4212
f 4213/4213 4214/4214 4215/4215
f 4216/4216 4217/4217 4218/4218
f 4219/4219 4220/4220 4221/4221
f 4222/4222 4223/4223 4224/4224
f 4225/4225 4226/4226 4227/4227
f 4228/4228 4229/4229 4230/4230
f 4231/4231 4232/4232 4233/4233
f 4234/4234 4235/4235 4236/4236
f 4237/4237 4238/4238 4239/4239
f 4240/4240 4241/4241 4242/4242
f 4243/4243 4244/4244 4245/4245
f 4246/4246 4247/4247 4248/4248
f 4249/4249 4250/4250 4251/4251
f 4252/4252 4253/4253 4254/4254
f 4255/4255 4256/4256 4257/4257
f 4258/4258 4259/4259 4260/4260
f 4261/4261 4262/4262 4263/4263
f 4264/4264 4265/4265 4266/4266
f 4267/4267 4268/4268 4269/4269
f 4270/4270 4271/4271 4272/4272
f 4273/4273 4274/4274 4275/4275
f 4276/4276 4277/4277 4278/4278
f 4279/4279 4280/4280 4281/4281
f 4282/4282 4283/4283 4284/4284
f 4285/4285 4286/4286 4287/4287
f 4288/4288 4289/4289 4290/4290
f 4291/4291 4292/4292 4293/4293
f 4294/4294 4295/4295 4296/4296
f 4297/4297 4298/4298 4299/4299
f 4300/4300 4301/4301 4302/4302
f 4303/4303 4304/4304 4305/4305
f 4306/4306 4307/4307 4308/4308
f 4309/4309 4310/4310 4311/4311
f 4312/4312 4313/4313 4314/4314
f 4315/4315 4316/4316 4317/4317
f 4318/4318 4319/4319 4320/4320
f 4321/4321 4322/4322 4323/4323
f 4324/4324 4325/4325 4326/4326
f 4327/4327 4328/4328 4329/4329
f 4330/4330 4331/4331 4332/4332
f 4333/4333 4334/4334 4335/4335
f 4336/4336 4337/4337 4338/4338
f 4339/4339 4340/4340 4341/4341
f 4342/4342 4343/4343 4344/4344
f 4345/4345 4346/4346 4347/4347
f 4348/4348 4349/4349 4350/4350
f 4351/4351 4352/4352 4353/4353
f 4354/4354 4355/4355 4356/4356
f 4357/4357 4358/4358 4359/4359
f 4360/4360 4361/4361 4362/4362
f 4363/4363 4364/4364 4365/4365
f 4366/4366 4367/4367 4368/4368
f 4369/4369 4370/4370 4371/4371
f 4372/4372 4373/4373 4374/4374
f 4375/4375 4376/4376 4377/4377
f 4378/4378 4379/4379 4380/4380
f 4381/4381 4382/4382 4383/4383
f 4384/4384 4385/4385 4386/4386
f 4387/4387 4388/4388 4389/4389
f 4390/4390 4391/4391 4392/4392
f 4393/4393 4394/4394 4395/4395
f 4396/4396 4397/4397 4398/4398
f 4399/4399 4400/4400 4401/4401
f 4402/4402 4403/4403 4404/4404
f 4405/4405 4406/4406 4407/4407
f 4408/4408 4409/4409 4410/4410
f 4411/4411 4412/4412 4413/4413
f 4414/4414 4415/4415 4416/4416
f 4417/4417 4418/4418 4419/4419
f 4420/4420 4421/4421 4422/4422
f 4423/4423 4424/4424 4425/4425
f 4426/4426 4427/4427 4428/4428
f 4429/4429 4430/4430 4431/4431
f 4432/4432 4433/4433 4434/4434
f 4435/4435 4436/4436 4437/4437
f 4438/4438 4439/4439 4440/4440
f 4441/4441 4442/4442 4443/4443
f 4444/4444 4445/4445 4446/4446
f 4447/4447 4448/4448 4449/4449
f 4450/4450 4451/4451 4452/4452
f 4453/4453 4454/4454 4455/4455
f 4456/4456 4457/4457 4458/4458
f 4459/4459 4460/4460 4461/4461
f 4462/4462 4463/4463 4464/4464
f 4465/4465 4466/4466 4467/4467
f 4468/4468 4469/4469 4470/4470
f 4471/4471 4472/4472 4473/4473
f 4474/4474 4475/4475 4476/4476
f 4477/4477 4478/4478 4479/4479
f 4480/4480 4481/4481 4482/4482
f 4483/4483 4484/4484 4485/4485
f 4486/4486 4487/4487 4488/4488
f 4489/4489 4490/4490 4491/4491
f 4492/4492 4493/4493 4494/4494
f 4495/4495 4496/4496 4497/4497
f 4498/4498 4499/4499 4500/4500
f 4501/4501 4502/4502 4503/4503
f 4504/4504 4505/4505 4506/4506
f 4507/4507 4508/4508 4509/4509
f 4510/4510 4511/4511 4512/4512
f 4513/4513 4514/4514 4515/4515
f 4516/4516 4517/4517 4518/4518
f 4519/4519 4520/4520 4521/4521
f 4522/4522 4523/4523 4524/4524
f 4525/4525 4526/4526 4527/4527
f 4528/4528 4529/4529 4530/4530
f 4531/4531 4532/4532 4533/4533
f 4534/4534 4535/4535 4536/4536
f 4537/4537 4538/4538 4539/4539
f 4540/4540 4541/4541 4542/4542
f 4543/4543 4544/4544 4545/4545
f 4546/4546 4547/4547 4548/4548
f 4549/4549 4550/4550 4551/4551
f 4552/4552 4553/4553 4554/4554
f 4555/4555 4556/4556 4557/4557
f 4558/4558 4559/4559 4560/4560
f 4561/4561 4562/4562 4563/4563
f 4564/4564 4565/4565 4566/4566
f 4567/4567 4568/4568 4569/4569
f 4570/4570 4571/4571 4572/4572
f 4573/4573 4574/4574 4575/4575
f 4576/4576 4577/4577 4578/4578
f 4579/4579 4580/4580 4581/4581
f 4582/4582 4583/4583 4584/4584
f 4585/4585 4586/4586 4587/4587
f 4588/4588 4589/4589 4590/4590
f 4591/4591 4592/4592 4593/4593
f 4594/4594 4595/4595 4596/4596
f 4597/4597 4598/4598 4599/4599
f 4600/4600 4601/4601 4602/4602
f 4603/4603 4604/4604 4605/4605
f 4606/4606 4607/4607 4608/4608
f 4609/4609 4610/4610 4611/4611
f 4612/4612 4613/4613 4614/4614
f 4615/4615 4616/4616 4617/4617
f 4618/4618 4619/4619 4620/4620
f 4621/4621 4622/4622 4623/4623
f 4624/4624 4625/4625 4626/4626
f 4627/4627 4628/4628 4629/4629
f 4630/4630 4631/4631 4632/4632
f 4633/4633 4634/4634 4635/4635
f 4636/4636 4637/4637 4638/4638
f 4639/4639 4640/4640 4641/4641
f 4642/4642 4643/4643 4644/4644
f 4645/4645 4646/4646 4647/4647
f 4648/4648 4649/4649 4650/4650
f 4651/4651 4652/4652 4653/4653
f 4654/4654 4655/4655 4656/4656
f 4657/4657 4658/4658 4659/4659
f 4660/4660 4661/4661 4662/4662
f 4663/4663 4664/4664 4665/4665
f 4666/4666 4667/4667 4668/4668
f 4669/4669 4670/4670 4671/4671
f 4672/4672 4673/4673 4674/4674
f 4675/4675 4676/4676 4677/4677
f 4678/4678 4679/4679 4680/4680
f 4681/4681 4682/4682 4683/4683
f 4684/4684 4685/4685 4686/4686
f 4687/4687 4688/4688 4689/4689
f 4690/4690 4691/4691 4692/4692
f 4693/4693 4694/4694 4695/4695
f 4696/4696 4697/4697 4698/4698
f 4699/4699 4700/4700 4701/4701
f 4702/4702 4703/4703 4704/4704
f 4705/4705 4706/4706 4707/4707
f 4708/4708 4709/4709 4710/4710
f 4711/4711 4712/4712 4713/4713
f 4714/4714 4715/4715 4716/4716
f 4717/4717 4718/4718 4719/4719
f 4720/4720 4721/4721 4722/4722
f 4723/4723 4724/4724 4725/4725
f 4726/4726 4727/4727 4728/4728
f 4729/4729 4730/4730 4731/4731
f 4732/4732 4733/4733 4734/4734
f 4735/4735 4736/4736 4737/4737
f 4738/4738 4739/4739 4740/4740
f 4741/4741 4742/4742 4743/4743
f 4744/4744 4745/4745 4746/4746
f 4747/4747 4748/4748 4749/4749
f 4750/4750 4751/4751 4752/4752
f 4753/4753 4754/4754 4755/4755
f 4756/4756 4757/4757 4758/4758
f 4759/4759 4760/4760 4761/4761
f 4762/4762 4763/4763 4764/4764
f 4765/4765 4766/4766 4767/4767
f 4768/4768 4769/4769 4770/4770
f 4771/4771 4772/4772 4773/4773
f 4774/4774 4775/4775 4776/4776
f 4777/4777 4778/4778 4779/4779
f 4780/4780 4781/4781 4782/4782
f 4783/4783 4784/4784 4785/4785
f 4786/4786 4787/4787 4788/4788
f 4789/4789 4790/4790 4791/4791
f 4792/4792 4793/4793 4794/4794
f 4795/4795 4796/4796 4797/4797
f 4798/4798 4799/4799 4800/4800
f 4801/4801 4802/4802 4803/4803
f 4804/4804 4805/4805 4806/4806
f 4807/4807 4808/4808 4809/4809
f 4810/4810 4811/4811 4812/4812
f 4813/4813 4814/4814 4815/4815
f 4816/4816 4817/4817 4818/4818
f 4819/4819 4820/4820 4821/4821
f 4822/4822 4823/4823 4824/4824
f 4825/4825 4826/4826 4827/4827
f 4828/4828 4829/4829 4830/4830
f 4831/4831 4832/4832 4833/4833
f 4834/4834 4835/4835 4836/4836
f 4837/4837 4838/4838 4839/4839
f 4840/4840 4841/4841 4842/4842
f 4843/4843 4844/4844 4845/4845
f 4846/4846 4847/4847 4848/4848
f 4849/4849 4850/4850 4851/4851
f 4852/4852 4853/4853 4854/4854
f 4855/4855 4856/4856 4857/4857
f 4858/4858 4859/4859 4860/4860
f 4861/4861 4862/4862 4863/4863
f 4864/4864 4865/4865 4866/4866
f 4867/4867 4868/4868 4869/4869
f 4870/4870 4871/4871 4872/4872
f 4873/4873 4874/4874 4875/4875
f 4876/4876 4877/4877 4878/4878
f 4879/4879 4880/4880 4881/4881
f 4882/4882 4883/4883 4884/4884
f 4885/4885 4886/4886 4887/4887
f 4888/4888 4889/4889 4890/4890
f 4891/4891 4892/4892 4893/4893
f 4894/4894 4895/4895 4896/4896
f 4897/4897 4898/4898 4899/4899
f 4900/4900 4901/4901 4902/4902
f 4903/4903 4904/4904 4905/4905
f 4906/4906 4907/4907 4908/4908
f 4909/4909 4910/4910 4911/4911
f 4912/4912 4913/4913 4914/4914
f 4915/4915 4916/4916 4917/4917
f 4918/4918 4919/4919 4920/4920
f 4921/4921 4922/4922 4923/4923
f 4924/4924 4925/4925 4926/4926
f 4927/4927 4928/4928 4929/4929
f 4930/4930 4931/4931 4932/4932
f 4933/4933 4934/4934 4935/4935
f 4936/4936 4937/4937 4938/4938
f 4939/4939 4940/4940 4941/4941
f 4942/4942 4943/4943 4944/4944
f 4945/4945 4946/4946 4947/4947
f 4948/4948 4949/4949 4950/4950
f 4951/4951 4952/4952 4953/4953
f 4954/4954 4955/4955 4956/4956
f 4957/4957 4958/4958 4959/4959
f 4960/4960 4961/4961 4962/4962
f 4963/4963 4964/4964 4965/4965
f 4966/4966 4967/4967 4968/4968
f 4969/4969 4970/4970 4971/4971
f 4972/4972 4973/4973 4974/4974
f 4975/4975 4976/4976 4977/4977
f 4978/4978 4979/4979 4980/4980
f 4981/4981 4982/4982 4983/4983
f 4984/4984 4985/4985 4986/4986
f 4987/4987 4988/4988 4989/4989
f 4990/4990 4991/4991 4992/4992
f 4993/4993 4994/4994 4995/4995
f 4996/4996 4997/4997 4998/4998
f 4999/4999 5000/5000 5001/5001
f 5002/5002 5003/5003 5004/5004
f 5005/5005 5006/5006 5007/5007
f 5008/5008 5009/5009 5010/5010
f 5011/5011 5012/5012 5013/5013
f 5014/5014 5015/5015 5016/5016
f 5017/5017 5018/5018 5019/5019
f 5020/5020 5021/5021 5022/5022
f 5023/5023 5024/5024 5025/5025
f 5026/5026 5027/5027 5028/5028
f 5029/5029 5030/5030 5031/5031
f 5032/5032 5033/5033 5034/5034
f 5035/5035 5036/5036 5037/5037
f 5038/5038 5039/5039 5040/5040
f 5041/5041 5042/5042 5043/5043
f 5044/5044 5045/5045 5046/5046
f 5047/5047 5048/5048 5049/5049
f 5050/5050 5051/5051 5052/5052
f 5053/5053 5054/5054 5055/5055
f 5056/5056 5057/5057 5058/5058
f 5059/5059 5060/5060 5061/5061
f 5062/5062 5063/5063 5064/5064
f 5065/5065 5066/5066 5067/5067
f 5068/5068 5069/5069 5070/5070
f 5071/5071 5072/5072 5073/5073
f 5074/5074 5075/5075 5076/5076
f 5077/5077 5078/5078 5079/5079
f 5080/5080 5081/5081 5082/5082
f 5083/5083 5084/5084 5085/5085
f 5086/5086 5087/5087 5088/5088
f 5089/5089 5090/5090 5091/5091
f 5092/5092 5093/5093 5094/5094
f 5095/5095 5096/5096 5097/5097
f 5098/5098 5099/5099 5100/5100
f 5101/5101 5102/5102 5103/5103
f 5104/5104 5105/5105 5106/5106
f 5107/5107 5108/5108 5109/5109
f 5110/5110 5111/5111 5112/5112
f 5113/5113 5114/5114 5115/5115
f 5116/5116 5117/5117 5118/5118
f 5119/5119 5120/5120 5121/5121
f 5122/5122 5123/5123 5124/5124
f 5125/5125 5126/5126 5127/5127
f 5128/5128 5129/5129 5130/5130
f 5131/5131 5132/5132 5133/5133
f 5134/5134 5135/5135 5136/5136
f 5137/5137 5138/5138 5139/5139
f 5140/5140 5141/5141 5142/5142
f 5143/5143 5144/5144 5145/5145
f 5146/5146 5147/5147 5148/5148
f 5149/5149 5150/5150 5151/5151
f 5152/5152 5153/5153 5154/5154
f 5155/5155 5156/5156 5157/5157
f 5158/5158 5159/5159 5160/5160
f 5161/5161 5162/5162 5163/5163
f 5164/5164 5165/5165 5166/5166
f 5167/5167 5168/5168 5169/5169
f 5170/5170 5171/5171 5172/5172
f 5173/5173 5174/5174 5175/5175
f 5176/5176 5177/5177 5178/5178
f 5179/5179 5180/5180 5181/5181
f 5182/5182 5183/5183 5184/5184
f 5185/5185 5186/5186 5187/5187
f 5188/5188 5189/5189 5190/5190
f 5191/5191 5192/5192 5193/5193
f 5194/5194 5195/5195 5196/5196
f 5197/5197 5198/5198 5199/5199
f 5200/5200 5201/5201 5202/5202
f 5203/5203 5204/5204 5205/5205
f 5206/5206 5207/5207 5208/5208
f 5209/5209 5210/5210 5211/5211
f 5212/5212 5213/5213 5214/5214
f 5215/5215 5216/5216 5217/5217
f 5218/5218 5219/5219 5220/5220
f 5221/5221 5222/5222 5223/5223
f 5224/5224 5225/5225 5226/5226
f 5227/5227 5228/5228 5229/5229
f 5230/5230 5231/5231 5232/5232
f 5233/5233 5234/5234 5235/5235
f 5236/5236 5237/5237 5238/5238
f 5239/5239 5240/5240 5241/5241
f 5242/5242 5243/5243 5244/5244
f 5245/5245 5246/5246 5247/5247
f 5248/5248 5249/5249 5250/5250
f 5251/5251 5252/5252 5253/5253
f 5254/5254 5255/5255 5256/5256
f 5257/5257 5258/5258 5259/5259
f 5260/5260 5261/5261 5262/5262
f 5263/5263 5264/5264 5265/5265
f 5266/5266 5267/5267 5268/5268
f 5269/5269 5270/5270 5271/5271
f 5272/5272 5273/5273 5274/5274
f 5275/5275 5276/5276 5277/5277
f 5278/5278 5279/5279 5280/5280
f 5281/5281 5282/5282 5283/5283
f 5284/5284 5285/5285 5286/5286
f 5287/5287 5288/5288 5289/5289
f 5290/5290 5291/5291 5292/5292
f 5293/5293 5294/5294 5295/5295
f 5296/5296 5297/5297 5298/5298
f 5299/5299 5300/5300 5301/5301
f 5302/5302 5303/5303 5304/5304
f 5305/5305 5306/5306 5307/5307
f 5308/5308 5309/5309 5310/5310
f 5311/5311 5312/5312 5313/5313
f 5314/5314 5315/5315 5316/5316
f 5317/5317 5318/5318 5319/5319
f 5320/5320 5321/5321 5322/5322
f 5323/5323 5324/5324 5325/5325
f 5326/5326 5327/5327 5328/5328
f 5329/5329 5330/5330 5331/5331
f 5332/5332 5333/5333 5334/5334
f 5335/5335 5336/5336 5337/5337
f 5338/5338 5339/5339 5340/5340
f 5341/5341 5342/5342 5343/5343
f 5344/5344 5345/5345 5346/5346
f 5347/5347 5348/5348 5349/5349
f 5350/5350 5351/5351 5352/5352
f 5353/5353 5354/5354 5355/5355
f 5356/5356 5357/5357 5358/5358
f 5359/5359 5360/5360 5361/5361
f 5362/5362 5363/5363 5364/5364
f 5365/5365 5366/5366 5367/5367
f 5368/5368 5369/5369 5370/5370
f 5371/5371 5372/5372 5373/5373
f 5374/5374 5375/5375 5376/5376
f 5377/5377 5378/5378 5379/5379
f 5380/5380 5381/5381 5382/5382
f 5383/5383 5384/5384 5385/5385
f 5386/5386 5387/5387 5388/5388
f 5389/5389 5390/5390 5391/5391
f 5392/5392 5393/5393 5394/5394
f 5395/5395 5396/5396 5397/5397
f 5398/5398 5399/5399 5400/5400
f 5401/5401 5402/5402 5403/5403
f 5404/5404 5405/5405 5406/5406
f 5407/5407 5408/5408 5409/5409
f 5410/5410 5411/5411 5412/5412
f 5413/5413 5414/5414 5415/5415
f 5416/5416 5417/5417 5418/5418
f 5419/5419 5420/5420 5421/5421
f 5422/5422 5423/5423 5424/5424
f 5425/5425 5426/5426 5427/5427
f 5428/5428 5429/5429 5430/5430
f 5431/5431 5432/5432 5433/5433
f 5434/5434 5435/5435 5436/5436
f 5437/5437 5438/5438 5439/5439
f 5440/5440 5441/5441 5442/5442
f 5443/5443 5444/5444 5445/5445
f 5446/5446 5447/5447 5448/5448
f 5449/5449 5450/5450 5451/5451
f 5452/5452 5453/5453 5454/5454
f 5455/5455 5456/5456 5457/5457
f 5458/5458 5459/5459 5460/5460
f 5461/5461 5462/5462 5463/5463
f 5464/5464 5465/5465 5466/5466
f 5467/5467 5468/5468 5469/5469
f 5470/5470 5471/5471 5472/5472
f 5473/5473 5474/5474 5475/5475
f 5476/5476 5477/5477 5478/5478
f 5479/5479 5480/5480 5481/5481
f 5482/5482 5483/5483 5484/5484
f 5485/5485 5486/5486 5487/5487
f 5488/5488 5489/5489 5490/5490
f 5491/5491 5492/5492 5493/5493
f 5494/5494 5495/5495 5496/5496
f 5497/5497 5498/5498 5499/5499
f 5500/5500 5501/5501 5502/5502
f 5503/5503 5504/5504 5505/5505
f 5506/5506 5507/5507 5508/5508
f 5509/5509 5510/5510 5511/5511
f 5512/5512 5513/5513 5514/5514
f 5515/5515 5516/5516 5517/5517
f 5518/5518 5519/5519 5520/5520
f 5521/5521 5522/5522 5523/5523
f 5524/5524 5525/5525 5526/5526
f 5527/5527 5528/5528 5529/5529
f 5530/5530 5531/5531 5532/5532
f 5533/5533 5534/5534 5535/5535
f 5536/5536 5537/5537 5538/5538
f 5539/5539 5540/5540 5541/5541
f 5542/5542 5543/5543 5544/5544
f 5545/5545 5546/5546 5547/5547
f 5548/5548 5549/5549 5550/5550
f 5551/5551 5552/5552 5553/5553
f 5554/5554 5555/5555 5556/5556
f 5557/5557 5558/5558 5559/5559
f 5560/5560 5561/5561 5562/5562
f 5563/5563 5564/5564 5565/5565
f 5566/5566 5567/5567 5568/5568
f 5569/5569 5570/5570 5571/5571
f 5572/5572 5573/5573 5574/5574
f 5575/5575 5576/5576 5577/5577
f 5578/5578 5579/5579 5580/5580
f 5581/5581 5582/5582 5583/5583
f 5584/5584 5585/5585 5586/5586
f 5587/5587 5588/5588 5589/5589
f 5590/5590 5591/5591 5592/5592
f 5593/5593 5594/5594 5595/5595
f 5596/5596 5597/5597 5598/5598
f 5599/5599 5600/5600 5601/5601
f 5602/5602 5603/5603 5604/5604
f 5605/5605 5606/5606 5607/5607
f 5608/5608 5609/5609 5610/5610
f 5611/5611 5612/5612 5613/5613
f 5614/5614 5615/5615 5616/5616
f 5617/5617 5618/5618 5619/5619
f 5620/5620 5621/5621 5622/5622
f 5623/5623 5624/5624 5625/5625
f 5626/5626 5627/5627 5628/5628
f 5629/5629 5630/5630 5631/5631
f 5632/5632 5633/5633 5634/5634
f 5635/5635 5636/5636 5637/5637
f 5638/5638 5639/5639 5640/5640
f 5641/5641 5642/5642 5643/5643
f 5644/5644 5645/5645 5646/5646
f 5647/5647 5648/5648 5649/5649
f 5650/5650 5651/5651 5652/5652
f 5653/5653 5654/5654 5655/5655
f 5656/5656 5657/5657 5658/5658
f 5659/5659 5660/5660 5661/5661
f 5662/5662 5663/5663 5664/5664
f 5665/5665 5666/5666 5667/5667
f 5668/5668 5669/5669 5670/5670
f 5671/5671 5672/5672 5673/5673
f 5674/5674 5675/5675 5676/5676
f 5677/5677 5678/5678 5679/5679
f 5680/5680 5681/5681 5682/5682
f 5683/5683 5684/5684 5685/5685
f 5686/5686 5687/5687 5688/5688
f 5689/5689 5690/5690 5691/5691
f 5692/5692 5693/5693 5694/5694
f 5695/5695 5696/5696 5697/5697
f 5698/5698 5699/5699 5700/5700
f 5701/5701 5702/5702 5703/5703
f 5704/5704 5705/5705 5706/5706
f 5707/5707 5708/5708 5709/5709
f 5710/5710 5711/5711 5712/5712
f 5713/5713 5714/5714 5715/5715
f 5716/5716 5717/5717 5718/5718
f 5719/5719 5720/5720 5721/5721
f 5722/5722 5723/5723 5724/5724
f 5725/5725 5726/5726 5727/5727
f 5728/5728 5729/5729 5730/5730
f 5731/5731 5732/5732 5733/5733
f 5734/5734 5735/5735 5736/5736
f 5737/5737 5738/5738 5739/5739
f 5740/5740 5741/5741 5742/5742
f 5743/5743 5744/5744 5745/5745
f 5746/5746 5747/5747 5748/5748
f 5749/5749 5750/5750 5751/5751
f 5752/5752 5753/5753 5754/5754
f 5755/5755 5756/5756 5757/5757
f 5758/5758 5759/5759 5760/5760
f 5761/5761 5762/5762 5763/5763
f 5764/5764 5765/5765 5766/5766
f 5767/5767 5768/5768 5769/5769
f 5770/5770 5771/5771 5772/5772
f 5773/5773 5774/5774 5775/5775
f 5776/5776 5777/5777 5778/5778
f 5779/5779 5780/5780 5781/5781
f 5782/5782 5783/5783 5784/5784
f 5785/5785 5786/5786 5787/5787
f 5788/5788 5789/5789 5790/5790
f 5791/5791 5792/5792 5793/5793
f 5794/5794 5795/5795 5796/5796
f 5797/5797 5798/5798 5799/5799
f 5800/5800 5801/5801 5802/5802
f 5803/5803 5804/5804 5805/5805
f 5806/5806 5807/5807 5808/5808
f 5809/5809 5810/5810 5811/5811
f 5812/5812 5813/5813 5814/5814
f 5815/5815 5816/5816 5817/5817
f 5818/5818 5819/5819 5820/5820
f 5821/5821 5822/5822 5823/5823
f 5824/5824 5825/5825 5826/5826
f 5827/5827 5828/5828 5829/5829
f 5830/5830 5831/5831 5832/5832
f 5833/5833 5834/5834 5835/5835
f 5836/5836 5837/5837 5838/5838
f 5839/5839 5840/5840 5841/5841
f 5842/5842 5843/5843 5844/5844
f 5845/5845 5846/5846 5847/5847
f 5848/5848 5849/5849 5850/5850
f 5851/5851 5852/5852 5853/5853
f 5854/5854 5855/5855 5856/5856
f 5857/5857 5858/5858 5859/5859
f 5860/5860 5861/5861 5862/5862
f 5863/5863 5864/5864 5865/5865
f 5866/5866 5867/5867 5868/5868
f 5869/5869 5870/5870 5871/5871
f 5872/5872 5873/5873 5874/5874
f 5875/5875 5876/5876 5877/5877
f 5878/5878 5879/5879 5880/5880
f 5881/5881 5882/5882 5883/5883
f 5884/5884 5885/5885 5886/5886
f 5887/5887 5888/5888 5889/5889
f 5890/5890 5891/5891 5892/5892
f 5893/5893 5894/5894 5895/5895
f 5896/5896 5897/5897 5898/5898
f 5899/5899 5900/5900 5901/5901
f 5902/5902 5903/5903 5904/5904
f 5905/5905 5906/5906 5907/5907
f 5908/5908 5909/5909 5910/5910
f 5911/5911 5912/5912 5913/5913
f 5914/5914 5915/5915 5916/5916
f 5917/5917 5918/5918 5919/5919
f 5920/5920 5921/5921 5922/5922
f 5923/5923 5924/5924 5925/5925
f 5926/5926 5927/5927 5928/5928
f 5929/5929 5930/5930 5931/5931
f 5932/5932 5933/5933 5934/5934
f 5935/5935 5936/5936 5937/5937
f 5938/5938 5939/5939 5940/5940
f 5941/5941 5942/5942 5943/5943
f 5944/5944 5945/5945 5946/5946
f 5947/5947 5948/5948 5949/5949
f 5950/5950 5951/5951 5952/5952
f 5953/5953 5954/5954 5955/5955
f 5956/5956 5957/5957 5958/5958
f 5959/5959 5960/5960 5961/5961
f 5962/5962 5963/5963 5964/5964
f 5965/5965 5966/5966 5967/5967
f 5968/5968 5969/5969 5970/5970
f 5971/5971 5972/5972 5973/5973
f 5974/5974 5975/5975 5976/5976
f 5977/5977 5978/5978 5979/5979
f 5980/5980 5981/5981 5982/5982
f 5983/5983 5984/5984 5985/5985
f 5986/5986 5987/5987 5988/5988
f 5989/5989 5990/5990 5991/5991
f 5992/5992 5993/5993 5994/5994
f 5995/5995 5996/5996 5997/5997
f 5998/5998 5999/5999 6000/6000
f 6001/6001 6002/6002 6003/6003
f 6004/6004 6005/6005 6006/6006
f 6007/6007 6008/6008 6009/6009
f 6010/6010 6011/6011 6012/6012
f 6013/6013 6014/6014 6015/6015
f 6016/6016 6017/6017 6018/6018
f 6019/6019 6020/6020 6021/6021
f 6022/6022 6023/6023 6024/6024
f 6025/6025 6026/6026 6027/6027
f 6028/6028 6029/6029 6030/6030
f 6031/6031 6032/6032 6033/6033
f 6034/6034 6035/6035 6036/6036
f 6037/6037 6038/6038 6039/6039
f 6040/6040 6041/6041 6042/6042
f 6043/6043 6044/6044 6045/6045
f 6046/6046 6047/6047 6048/6048
f 6049/6049 6050/6050 6051/6051
f 6052/6052 6053/6053 6054/6054
f 6055/6055 6056/6056 6057/6057
f 6058/6058 6059/6059 6060/6060
f 6061/6061 6062/6062 6063/6063
f 6064/6064 6065/6065 6066/6066
f 6067/6067 6068/6068 6069/6069
f 6070/6070 6071/6071 6072/6072
f 6073/6073 6074/6074 6075/6075
f 6076/6076 6077/6077 6078/6078
f 6079/6079 6080/6080 6081/6081
f 6082/6082 6083/6083 6084/6084
f 6085/6085 6086/6086 6087/6087
f 6088/6088 6089/6089 6090/6090
f 6091/6091 6092/6092 6093/6093
f 6094/6094 6095/6095 6096/6096
f 6097/6097 6098/6098 6099/6099
f 6100/6100 6101/6101 6102/6102
f 6103/6103 6104/6104 6105/6105
f 6106/6106 6107/6107 6108/6108
f 6109/6109 6110/6110 6111/6111
f 6112/6112 6113/6113 6114/6114
f 6115/6115 6116/6116 6117/6117
f 6118/6118 6119/6119 6120/6120
f 6121/6121 6122/6122 6123/6123
f 6124/6124 6125/6125 6126/6126
f 6127/6127 6128/6128 6129/6129
f 6130/6130 6131/6131 6132/6132
f 6133/6133 6134/6134 6135/6135
f 6136/6136 6137/6137 6138/6138
f 6139/6139 6140/6140 6141/6141
f 6142/6142 6143/6143 6144/6144
f 6145/6145 6146/6146 6147/6147
f 6148/6148 6149/6149 6150/6150
f 6151/6151 6152/6152 6153/6153
f 6154/6154 6155/6155 6156/6156
f 6157/6157 6158/6158 6159/6159
f 6160/6160 6161/6161 6162/6162
f 6163/6163 6164/6164 6165/6165
f 6166/6166 6167/6167 6168/6168
f 6169/6169 6170/6170 6171/6171
f 6172/6172 6173/6173 6174/6174
f 6175/6175 6176/6176 6177/6177
f 6178/6178 6179/6179 6180/6180
f 6181/6181 6182/6182 6183/6183
f 6184/6184 6185/6185 6186/6186
f 6187/6187 6188/6188 6189/6189
f 6190/6190 6191/6191 6192/6192
f 6193/6193 6194/6194 6195/6195
f 6196/6196 6197/6197 6198/6198
f 6199/6199 6200/6200 6201/6201
f 6202/6202 6203/6203 6204/6204
f 6205/6205 6206/6206 6207/6207
f 6208/6208 6209/6209 6210/6210
f 6211/6211 6212/6212 6213/6213
f 6214/6214 6215/6215 6216/6216
f 6217/6217 6218/6218 6219/6219
f 6220/6220 6221/6221 6222/6222
f 6223/6223 6224/6224 6225/6225
f 6226/6226 6227/6227 6228/6228
f 6229/6229 6230/6230 6231/6231
f 6232/6232 6233/6233 6234/6234
f 6235/6235 6236/6236 6237/6237
f 6238/6238 6239/6239 6240/6240
f 6241/6241 6242/6242 6243/6243
f 6244/6244 6245/6245 6246/6246
f 6247/6247 6248/6248 6249/6249
f 6250/6250 6251/6251 6252/6252
f 6253/6253 6254/6254 6255/6255
f 6256/6256 6257/6257 6258/6258
f 6259/6259 6260/6260 6261/6261
f 6262/6262 6263/6263 6264/6264
f 6265/6265 6266/6266 6267/6267
f 6268/6268 6269/6269 6270/6270
f 6271/6271 6272/6272 6273/6273
f 6274/6274 6275/6275 6276/6276
f 6277/6277 6278/6278 6279/6279
f 6280/6280 6281/6281 6282/6282
f 6283/6283 6284/6284 6285/6285
f 6286/6286 6287/6287 6288/6288
f 6289/6289 6290/6290 6291/6291
f 6292/6292 6293/6293 6294/6294
f 6295/6295 6296/6296 6297/6297
f 6298/6298 6299/6299 6300/6300
f 6301/6301 6302/6302 6303/6303
f 6304/6304 6305/6305 6306/6306
f 6307/6307 6308/6308 6309/6309
f 6310/6310 6311/6311 6312/6312
f 6313/6313 6314/6314 6315/6315
f 6316/6316 6317/6317 6318/6318
f 6319/6319 6320/6320 6321/6321
f 6322/6322 6323/6323 6324/6324
f 6325/6325 6326/6326 6327/6327
f 6328/6328 6329/6329 6330/6330
f 6331/6331 6332/6332 6333/6333
f 6334/6334 6335/6335 6336/6336
f 6337/6337 6338/6338 6339/6339
f 6340/6340 6341/6341 6342/6342
f 6343/6343 6344/6344 6345/6345
f 6346/6346 6347/6347 6348/6348
f 6349/6349 6350/6350 6351/6351
f 6352/6352 6353/6353 6354/6354
f 6355/6355 6356/6356 6357/6357
f 6358/6358 6359/6359 6360/6360
f 6361/6361 6362/6362 6363/6363
f 6364/6364 6365/6365 6366/6366
f 6367/6367 6368/6368 6369/6369
f 6370/6370 6371/6371 6372/6372
f 6373/6373 6374/6374 6375/6375
f 6376/6376 6377/6377 6378/6378
f 6379/6379 6380/6380 6381/6381
f 6382/6382 6383/6383 6384/6384
f 6385/6385 6386/6386 6387/6387
f 6388/6388 6389/6389 6390/6390
f 6391/6391 6392/6392 6393/6393
f 6394/6394 6395/6395 6396/6396
f 6397/6397 6398/6398 6399/6399
f 6400/6400 6401/6401 6402/6402
f 6403/6403 6404/6404 6405/6405
f 6406/6406 6407/6407 6408/6408
f 6409/6409 6410/6410 6411/6411
f 6412/6412 6413/6413 6414/6414
f 6415/6415 6416/6416 6417/6417
f 6418/6418 6419/6419 6420/6420
f 6421/6421 6422/6422 6423/6423
f 6424/6424 6425/6425 6426/6426
f 6427/6427 6428/6428 6429/6429
f 6430/6430 6431/6431 6432/6432
f 6433/6433 6434/6434 6435/6435
f 6436/6436 6437/6437 6438/6438
f 6439/6439 6440/6440 6441/6441
f 6442/6442 6443/6443 6444/6444
f 6445/6445 6446/6446 6447/6447
f 6448/6448 6449/6449 6450/6450
f 6451/6451 6452/6452 6453/6453
f 6454/6454 6455/6455 6456/6456
f 6457/6457 6458/6458 6459/6459
f 6460/6460 6461/6461 6462/6462
f 6463/6463 6464/6464 6465/6465
f 6466/6466 6467/6467 6468/6468
f 6469/6469 6470/6470 6471/6471
f 6472/6472 6473/6473 6474/6474
f 6475/6475 6476/6476 6477/6477
f 6478/6478 6479/6479 6480/6480
f 6481/6481 6482/6482 6483/6483
f 6484/6484 6485/6485 6486/6486
f 6487/6487 6488/6488 6489/6489
f 6490/6490 6491/6491 6492/6492
f 6493/6493 6494/6494 6495/6495
f 6496/6496 6497/6497 6498/6498
f 6499/6499 6500/6500 6501/6501
f 6502/6502 6503/6503 6504/6504
f 6505/6505 6506/6506 6507/6507
f 6508/6508 6509/6509 6510/6510
f 6511/6511 6512/6512 6513/6513
f 6514/6514 6515/6515 6516/6516
f 6517/6517 6518/6518 6519/6519
f 6520/6520 6521/6521 6522/6522
f 6523/6523 6524/6524 6525/6525
f 6526/6526 6527/6527 6528/6528
f 6529/6529 6530/6530 6531/6531
f 6532/6532 6533/6533 6534/6534
f 6535/6535 6536/6536 6537/6537
f 6538/6538 6539/6539 6540/6540
f 6541/6541 6542/6542 6543/6543
f 6544/6544 6545/6545 6546/6546
f 6547/6547 6548/6548 6549/6549
f 6550/6550 6551/6551 6552/6552
f 6553/6553 6554/6554 6555/6555
f 6556/6556 6557/6557 6558/6558
f 6559/6559 6560/6560 6561/6561
f 6562/6562 6563/6563 6564/6564
f 6565/6565 6566/6566 6567/6567
f 6568/6568 6569/6569 6570/6570
f 6571/6571 6572/6572 6573/6573
f 6574/6574 6575/6575 6576/6576
f 6577/6577 6578/6578 6579/6579
f 6580/6580 6581/6581 6582/6582
f 6583/6583 6584/6584 6585/6585
f 6586/6586 6587/6587 6588/6588
f 6589/6589 6590/6590 6591/6591
f 6592/6592 6593/6593 6594/6594
f 6595/6595 6596/6596 6597/6597
f 6598/6598 6599/6599 6600/6600
f 6601/6601 6602/6602 6603/6603
f 6604/6604 6605/6605 6606/6606
f 6607/6607 6608/6608 6609/6609
f 6610/6610 6611/6611 6612/6612
f 6613/6613 6614/6614 6615/6615
f 6616/6616 6617/6617 6618/6618
f 6619/6619 6620/6620 6621/6621
f 6622/6622 6623/6623 6624/6624
f 6625/6625 6626/6626 6627/6627
f 6628/6628 6629/6629 6630/6630
f 6631/6631 6632/6632 6633/6633
f 6634/6634 6635/6635 6636/6636
f 6637/6637 6638/6638 6639/6639
f 6640/6640 6641/6641 6642/6642
f 6643/6643 6644/6644 6645/6645
f 6646/6646 6647/6647 6648/6648
f 6649/6649 6650/6650 6651/6651
f 6652/6652 6653/6653 6654/6654
f 6655/6655 6656/6656 6657/6657
f 6658/6658 6659/6659 6660/6660
f 6661/6661 6662/6662 6663/6663
f 6664/6664 6665/6665 6666/6666
f 6667/6667 6668/6668 6669/6669
f 6670/6670 6671/6671 6672/6672
f 6673/6673 6674/6674 6675/6675
f 6676/6676 6677/6677 6678/6678
f 6679/6679 6680/6680 6681/6681
f 6682/6682 6683/6683 6684/6684
f 6685/6685 6686/6686 6687/6687
f 6688/6688 6689/6689 6690/6690
f 6691/6691 6692/6692 6693/6693
f 6694/6694 6695/6695 6696/6696
f 6697/6697 6698/6698 6699/6699
f 6700/6700 6701/6701 6702/6702
f 6703/6703 6704/6704 6705/6705
f 6706/6706 6707/6707 6708/6708
f 6709/6709 6710/6710 6711/6711
f 6712/6712 6713/6713 6714/6714
f 6715/6715 6716/6716 6717/6717
f 6718/6718 6719/6719 6720/6720
f 6721/6721 6722/6722 6723/6723
f 6724/6724 6725/6725 6726/6726
f 6727/6727 6728/6728 6729/6729
f 6730/6730 6731/6731 6732/6732
f 6733/6733 6734/6734 6735/6735
f 6736/6736 6737/6737 6738/6738
f 6739/6739 6740/6740 6741/6741
f 6742/6742 6743/6743 6744/6744
f 6745/6745 6746/6746 6747/6747
f 6748/6748 6749/6749 6750/6750
f 6751/6751 6752/6752 6753/6753
f 6754/6754 6755/6755 6756/6756
f 6757/6757 6758/6758 6759/6759
f 6760/6760 6761/6761 6762/6762
f 6763/6763 6764/6764 6765/6765
f 6766/6766 6767/6767 6768/6768
f 6769/6769 6770/6770 6771/6771
f 6772/6772 6773/6773 6774/6774
f 6775/6775 6776/6776 6777/6777
f 6778/6778 6779/6779 6780/6780
f 6781/6781 6782/6782 6783/6783
f 6784/6784 6785/6785 6786/6786
f 6787/6787 6788/6788 6789/6789
f 6790/6790 6791/6791 6792/6792
f 6793/6793 6794/6794 6795/6795
f 6796/6796 6797/6797 6798/6798
f 6799/6799 6800/6800 6801/6801
f 6802/6802 6803/6803 6804/6804
f 6805/6805 6806/6806 6807/6807
f 6808/6808 6809/6809 6810/6810
f 6811/6811 6812/6812 6813/6813
f 6814/6814 6815/6815 6816/6816
f 6817/6817 6818/6818 6819/6819
f 6820/6820 6821/6821 6822/6822
f 6823/6823 6824/6824 6825/6825
f 6826/6826 6827/6827 6828/6828
f 6829/6829 6830/6830 6831/6831
f 6832/6832 6833/6833 6834/6834
f 6835/6835 6836/6836 6837/6837
f 6838/6838 6839/6839 6840/6840
f 6841/6841 6842/6842 6843/6843
f 6844/6844 6845/6845 6846/6846
f 6847/6847 6848/6848 6849/6849
f 6850/6850 6851/6851 6852/6852
f 6853/6853 6854/6854 6855/6855
f 6856/6856 6857/6857 6858/6858
f 6859/6859 6860/6860 6861/6861
f 6862/6862 6863/6863 6864/6864
f 6865/6865 6866/6866 6867/6867
f 6868/6868 6869/6869 6870/6870
f 6871/6871 6872/6872 6873/6873
f 6874/6874 6875/6875 6876/6876
f 6877/6877 6878/6878 6879/6879
f 6880/6880 6881/6881 6882/6882
f 6883/6883 6884/6884 6885/6885
f 6886/6886 6887/6887 6888/6888
f 6889/6889 6890/6890 6891/6891
f 6892/6892 6893/6893 6894/6894
f 6895/6895 6896/6896 6897/6897
f 6898/6898 6899/6899 6900/6900
f 6901/6901 6902/6902 6903/6903
f 6904/6904 6905/6905 6906/6906
f 6907/6907 6908/6908 6909/6909
f 6910/6910 6911/6911 6912/6912
f 6913/6913 6914/6914 6915/6915
f 6916/6916 6917/6917 6918/6918
f 6919/6919 6920/6920 6921/6921
f 6922/6922 6923/6923 6924/6924
f 6925/6925 6926/6926 6927/6927
f 6928/6928 6929/6929 6930/6930
f 6931/6931 6932/6932 6933/6933
f 6934/6934 6935/6935 6936/6936
f 6937/6937 6938/6938 6939/6939
f 6940/6940 6941/6941 6942/6942
f 6943/6943 6944/6944 6945/6945
f 6946/6946 6947/6947 6948/6948
f 6949/6949 6950/6950 6951/6951
f 6952/6952 6953/6953 6954/6954
f 6955/6955 6956/6956 6957/6957
f 6958/6958 6959/6959 6960/6960
f 6961/6961 6962/6962 6963/6963
f 6964/6964 6965/6965 6966/6966
f 6967/6967 6968/6968 6969/6969
f 6970/6970 6971/6971 6972/6972
f 6973/6973 6974/6974 6975/6975
f 6976/6976 6977/6977 6978/6978
f 6979/6979 6980/6980 6981/6981
f 6982/6982 6983/6983 6984/6984
f 6985/6985 6986/6986 6987/6987
f 6988/6988 6989/6989 6990/6990
f 6991/6991 6992/6992 6993/6993
f 6994/6994 6995/6995 6996/6996
f 6997/6997 6998/6998 6999/6999
f 7000/7000 7001/7001 7002/7002
f 7003/7003 7004/7004 7005/7005
f 7006/7006 7007/7007 7008/7008
f 7009/7009 7010/7010 7011/7011
f 7012/7012 7013/7013 7014/7014
f 7015/7015 7016/7016 7017/7017
f 7018/7018 7019/7019 7020/7020
f 7021/7021 7022/7022 7023/7023
f 7024/7024 7025/7025 7026/7026
f 7027/7027 7028/7028 7029/7029
f 7030/7030 7031/7031 7032/7032
f 7033/7033 7034/7034 7035/7035
f 7036/7036 7037/7037 7038/7038
f 7039/7039 7040/7040 7041/7041
f 7042/7042 7043/7043 7044/7044
f 7045/7045 7046/7046 7047/7047
f 7048/7048 7049/7049 7050/7050
f 7051/7051 7052/7052 7053/7053
f 7054/7054 7055/7055 7056/7056
f 7057/7057 7058/7058 7059/7059
f 7060/7060 7061/7061 7062/7062
f 7063/7063 7064/7064 7065/7065
f 7066/7066 7067/7067 7068/7068
f 7069/7069 7070/7070 7071/7071
f 7072/7072 7073/7073 7074/7074
f 7075/7075 7076/7076 7077/7077
f 7078/7078 7079/7079 7080/7080
f 7081/7081 7082/7082 7083/7083
f 7084/7084 7085/7085 7086/7086
f 7087/7087 7088/7088 7089/7089
f 7090/7090 7091/7091 7092/7092
f 7093/7093 7094/7094 7095/7095
f 7096/7096 7097/7097 7098/7098
f 7099/7099 7100/7100 7101/7101
f 7102/7102 7103/7103 7104/7104
f 7105/7105 7106/7106 7107/7107
f 7108/7108 7109/7109 7110/7110
f 7111/7111 7112/7112 7113/7113
f 7114/7114 7115/7115 7116/7116
f 7117/7117 7118/7118 7119/7119
f 7120/7120 7121/7121 7122/7122
f 7123/7123 7124/7124 7125/7125
f 7126/7126 7127/7127 7128/7128
f 7129/7129 7130/7130 7131/7131
f 7132/7132 7133/7133 7134/7134
f 7135/7135 7136/7136 7137/7137
f 7138/7138 7139/7139 7140/7140
f 7141/7141 7142/7142 7143/7143
f 7144/7144 7145/7145 7146/7146
f 7147/7147 7148/7148 7149/7149
f 7150/7150 7151/7151 7152/7152
f 7153/7153 7154/7154 7155/7155
f 7156/7156 7157/7157 7158/7158
f 7159/7159 7160/7160 7161/7161
f 7162/7162 7163/7163 7164/7164
f 7165/7165 7166/7166 7167/7167
f 7168/7168 7169/7169 7170/7170
f 7171/7171 7172/7172 7173/7173
f 7174/7174 7175/7175 7176/7176
f 7177/7177 7178/7178 7179/7179
f 7180/7180 7181/7181 7182/7182
f 7183/7183 7184/7184 7185/7185
f 7186/7186 7187/7187 7188/7188
f 7189/7189 7190/7190 7191/7191
f 7192/7192 7193/7193 7194/7194
f 7195/7195 7196/7196 7197/7197
f 7198/7198 7199/7199 7200/7200
f 7201/7201 7202/7202 7203/7203
f 7204/7204 7205/7205 7206/7206
f 7207/7207 7208/7208 7209/7209
f 7210/7210 7211/7211 7212/7212
f 7213/7213 7214/7214 7215/7215
f 7216/7216 7217/7217 7218/7218
f 7219/7219 7220/7220 7221/7221
f 7222/7222 7223/7223 7224/7224
f 7225/7225 7226/7226 7227/7227
f 7228/7228 7229/7229 7230/7230
f 7231/7231 7232/7232 7233/7233
f 7234/7234 7235/7235 7236/7236
f 7237/7237 7238/7238 7239/7239
f 7240/7240 7241/7241 7242/7242
f 7243/7243 7244/7244 7245/7245
f 7246/7246 7247/7247 7248/7248
f 7249/7249 7250/7250 7251/7251
f 7252/7252 7253/7253 7254/7254
f 7255/7255 7256/7256 7257/7257
f 7258/7258 7259/7259 7260/7260
f 7261/7261 7262/7262 7263/7263
f 7264/7264 7265/7265 7266/7266
f 7267/7267 7268/7268 7269/7269
f 7270/7270 7271/7271 7272/7272
f 7273/7273 7274/7274 7275/7275
f 7276/7276 7277/7277 7278/7278
f 7279/7279 7280/7280 7281/7281
f 7282/7282 7283/7283 7284/7284
f 7285/7285 7286/7286 7287/7287
f 7288/7288 7289/7289 7290/7290
f 7291/7291 7292/7292 7293/7293
f 7294/7294 7295/7295 7296/7296
f 7297/7297 7298/7298 7299/7299
f 7300/7300 7301/7301 7302/7302
f 7303/7303 7304/7304 7305/7305
f 7306/7306 7307/7307 7308/7308
f 7309/7309 7310/7310 7311/7311
f 7312/7312 7313/7313 7314/7314
f 7315/7315 7316/7316 7317/7317
f 7318/7318 7319/7319 7320/7320
f 7321/7321 7322/7322 7323/7323
f 7324/7324 7325/7325 7326/7326
f 7327/7327 7328/7328 7329/7329
f 7330/7330 7331/7331 7332/7332
f 7333/7333 7334/7334 7335/7335
f 7336/7336 7337/7337 7338/7338
f 7339/7339 7340/7340 7341/7341
f 7342/7342 7343/7343 7344/7344
f 7345/7345 7346/7346 7347/7347
f 7348/7348 7349/7349 7350/7350
f 7351/7351 7352/7352 7353/7353
f 7354/7354 7355/7355 7356/7356
f 7357/7357 7358/7358 7359/7359
f 7360/7360 7361/7361 7362/7362
f 7363/7363 7364/7364 7365/7365
f 7366/7366 7367/7367 7368/7368
f 7369/7369 7370/7370 7371/7371
f 7372/7372 7373/7373 7374/7374
f 7375/7375 7376/7376 7377/7377
f 7378/7378 7379/7379 7380/7380
f 7381/7381 7382/7382 7383/7383
f 7384/7384 7385/7385 7386/7386
f 7387/7387 7388/7388 7389/7389
f 7390/7390 7391/7391 7392/7392
f 7393/7393 7394/7394 7395/7395
f 7396/7396 7397/7397 7398/7398
f 7399/7399 7400/7400 7401/7401
f 7402/7402 7403/7403 7404/7404
f 7405/7405 7406/7406 7407/7407
f 7408/7408 7409/7409 7410/7410
f 7411/7411 7412/7412 7413/7413
f 7414/7414 7415/7415 7416/7416
f 7417/7417 7418/7418 7419/7419
f 7420/7420 7421/7421 7422/7422
f 7423/7423 7424/7424 7425/7425
f 7426/7426 7427/7427 7428/7428
f 7429/7429 7430/7430 7431/7431
f 7432/7432 7433/7433 7434/7434
f 7435/7435 7436/7436 7437/7437
f 7438/7438 7439/7439 7440/7440
f 7441/7441 7442/7442 7443/7443
f 7444/7444 7445/7445 7446/7446
f 7447/7447 7448/7448 7449/7449
f 7450/7450 7451/7451 7452/7452
f 7453/7453 7454/7454 7455/7455
f 7456/7456 7457/7457 7458/7458
f 7459/7459 7460/7460 7461/7461
f 7462/7462 7463/7463 7464/7464
f 7465/7465 7466/7466 7467/7467
f 7468/7468 7469/7469 7470/7470
f 7471/7471 7472/7472 7473/7473
f 7474/7474 7475/7475 7476/7476
f 7477/7477 7478/7478 7479/7479
f 7480/7480 7481/7481 7482/7482
f 7483/7483 7484/7484 7485/7485
f 7486/7486 7487/7487 7488/7488
f 7489/7489 7490/7490 7491/7491
f 7492/7492 7493/7493 7494/7494
f 7495/7495 7496/7496 7497/7497
f 7498/7498 7499/7499 7500/7500
f 7501/7501 7502/7502 7503/7503
f 7504/7504 7505/7505 7506/7506
f 7507/7507 7508/7508 7509/7509
f 7510/7510 7511/7511 7512/7512
f 7513/7513 7514/7514 7515/7515
f 7516/7516 7517/7517 7518/7518
f 7519/7519 7520/7520 7521/7521
f 7522/7522 7523/7523 7524/7524
f 7525/7525 7526/7526 7527/7527
f 7528/7528 7529/7529 7530/7530
f 7531/7531 7532/7532 7533/7533
f 7534/7534 7535/7535 7536/7536
f 7537/7537 7538/7538 7539/7539
f 7540/7540 7541/7541 7542/7542
f 7543/7543 7544/7544 7545/7545
f 7546/7546 7547/7547 7548/7548
f 7549/7549 7550/7550 7551/7551
f 7552/7552 7553/7553 7554/7554
f 7555/7555 7556/7556 7557/7557
f 7558/7558 7559/7559 7560/7560
f 7561/7561 7562/7562 7563/7563
f 7564/7564 7565/7565 7566/7566
f 7567/7567 7568/7568 7569/7569
f 7570/7570 7571/7571 7572/7572
f 7573/7573 7574/7574 7575/7575
f 7576/7576 7577/7577 7578/7578
f 7579/7579 7580/7580 7581/7581
f 7582/7582 7583/7583 7584/7584
f 7585/7585 7586/7586 7587/7587
f 7588/7588 7589/7589 7590/7590
f 7591/7591 7592/7592 7593/7593
f 7594/7594 7595/7595 7596/7596
f 7597/7597 7598/7598 7599/7599
f 7600/7600 7601/7601 7602/7602
f 7603/7603 7604/7604 7605/7605
f 7606/7606 7607/7607 7608/7608
f 7609/7609 7610/7610 7611/7611
f 7612/7612 7613/7613 7614/7614
f 7615/7615 7616/7616 7617/7617
f 7618/7618 7619/7619 7620/7620
f 7621/7621 7622/7622 7623/7623
f 7624/7624 7625/7625 7626/7626
f 7627/7627 7628/7628 7629/7629
f 7630/7630 7631/7631 7632/7632
f 7633/7633 7634/7634 7635/7635
f 7636/7636 7637/7637 7638/7638
f 7639/7639 7640/7640 7641/7641
f 7642/7642 7643/7643 7644/7644
f 7645/7645 7646/7646 7647/7647
f 7648/7648 7649/7649 7650/7650
f 7651/7651 7652/7652 7653/7653
f 7654/7654 7655/7655 7656/7656
f 7657/7657 7658/7658 7659/7659
f 7660/7660 7661/7661 7662/7662
f 7663/7663 7664/7664 7665/7665
f 7666/7666 7667/7667 7668/7668
f 7669/7669 7670/7670 7671/7671
f 7672/7672 7673/7673 7674/7674
f 7675/7675 7676/7676 7677/7677
f 7678/7678 7679/7679 7680/7680
f 7681/7681 7682/7682 7683/7683
f 7684/7684 7685/7685 7686/7686
f 7687/7687 7688/7688 7689/7689
f 7690/7690 7691/7691 7692/7692
f 7693/7693 7694/7694 7695/7695
f 7696/7696 7697/7697 7698/7698
f 7699/7699 7700/7700 7701/7701
f 7702/7702 7703/7703 7704/7704
f 7705/7705 7706/7706 7707/7707
f 7708/7708 7709/7709 7710/7710
f 7711/7711 7712/7712 7713/7713
f 7714/7714 7715/7715 7716/7716
f 7717/7717 7718/7718 7719/7719
f 7720/7720 7721/7721 7722/7722
f 7723/7723 7724/7724 7725/7725
f 7726/7726 7727/7727 7728/7728
f 7729/7729 7730/7730 7731/7731
f 7732/7732 7733/7733 7734/7734
f 7735/7735 7736/7736 7737/7737
f 7738/7738 7739/7739 7740/7740
f 7741/7741 7742/7742 7743/7743
f 7744/7744 7745/7745 7746/7746
f 7747/7747 7748/7748 7749/7749
f 7750/7750 7751/7751 7752/7752
f 7753/7753 7754/7754 7755/7755
f 7756/7756 7757/7757 7758/7758
f 7759/7759 7760/7760 7761/7761
f 7762/7762 7763/7763 7764/7764
f 7765/7765 7766/7766 7767/7767
f 7768/7768 7769/7769 7770/7770
f 7771/7771 7772/7772 7773/7773
f 7774/7774 7775/7775 7776/7776
f 7777/7777 7778/7778 7779/7779
f 7780/7780 7781/7781 7782/7782
f 7783/7783 7784/7784 7785/7785
f 7786/7786 7787/7787 7788/7788
f 7789/7789 7790/7790 7791/7791
f 7792/7792 7793/7793 7794/7794
f 7795/7795 7796/7796 7797/7797
f 7798/7798 7799/7799 7800/7800
f 7801/7801 7802/7802 7803/7803
f 7804/7804 7805/7805 7806/7806
f 7807/7807 7808/7808 7809/7809
f 7810/7810 7811/7811 7812/7812
f 7813/7813 7814/7814 7815/7815
f 7816/7816 7817/7817 7818/7818
f 7819/7819 7820/7820 7821/7821
f 7822/7822 7823/7823 7824/7824
f 7825/7825 7826/7826 7827/7827
f 7828/7828 7829/7829 7830/7830
f 7831/7831 7832/7832 7833/7833
f 7834/7834 7835/7835 7836/7836
f 7837/7837 7838/7838 7839/7839
f 7840/7840 7841/7841 7842/7842
f 7843/7843 7844/7844 7845/7845
f 7846/7846 7847/7847 7848/7848
f 7849/7849 7850/7850 7851/7851
f 7852/7852 7853/7853 7854/7854
f 7855/7855 7856/7856 7857/7857
f 7858/7858 7859/7859 7860/7860
f 7861/7861 7862/7862 7863/7863
f 7864/7864 7865/7865 7866/7866
f 7867/7867 7868/7868 7869/7869
f 7870/7870 7871/7871 7872/7872
f 7873/7873 7874/7874 7875/7875
f 7876/7876 7877/7877 7878/7878
f 7879/7879 7880/7880 7881/7881
f 7882/7882 7883/7883 7884/7884
f 7885/7885 7886/7886 7887/7887
f 7888/7888 7889/7889 7890/7890
f 7891/7891 7892/7892 7893/7893
f 7894/7894 7895/7895 7896/7896
f 7897/7897 7898/7898 7899/7899
f 7900/7900 7901/7901 7902/7902
f 7903/7903 7904/7904 7905/7905
f 7906/7906 7907/7907 7908/7908
f 7909/7909 7910/7910 7911/7911
f 7912/7912 7913/7913 7914/7914
f 7915/7915 7916/7916 7917/7917
f 7918/7918 7919/7919 7920/7920
f 7921/7921 7922/7922 7923/7923
f 7924/7924 7925/7925 7926/7926
f 7927/7927 7928/7928 7929/7929
f 7930/7930 7931/7931 7932/7932
f 7933/7933 7934/7934 7935/7935
f 7936/7936 7937/7937 7938/7938
f 7939/7939 7940/7940 7941/7941
f 7942/7942 7943/7943 7944/7944
f 7945/7945 7946/7946 7947/7947
f 7948/7948 7949/7949 7950/7950
f 7951/7951 7952/7952 7953/7953
f 7954/7954 7955/7955 7956/7956
f 7957/7957 7958/7958 7959/7959
f 7960/7960 7961/7961 7962/7962
f 7963/7963 7964/7964 7965/7965
f 7966/7966 7967/7967 7968/7968
f 7969/7969 7970/7970 7971/7971
f 7972/7972 7973/7973 7974/7974
f 7975/7975 7976/7976 7977/7977
f 7978/7978 7979/7979 7980/7980
f 7981/7981 7982/7982 7983/7983
f 7984/7984 7985/7985 7986/7986
f 7987/7987 7988/7988 7989/7989
f 7990/7990 7991/7991 7992/7992
f 7993/7993 7994/7994 7995/7995
f 7996/7996 7997/7997 7998/7998
f 7999/7999 8000/8000 8001/8001
f 8002/8002 8003/8003 8004/8004
f 8005/8005 8006/8006 8007/8007
f 8008/8008 8009/8009 8010/8010
f 8011/8011 8012/8012 8013/8013
f 8014/8014 8015/8015 8016/8016
f 8017/8017 8018/8018 8019/8019
f 8020/8020 8021/8021 8022/8022
f 8023/8023 8024/8024 8025/8025
f 8026/8026 8027/8027 8028/8028
f 8029/8029 8030/8030 8031/8031
f 8032/8032 8033/8033 8034/8034
f 8035/8035 8036/8036 8037/8037
f 8038/8038 8039/8039 8040/8040
f 8041/8041 8042/8042 8043/8043
f 8044/8044 8045/8045 8046/8046
f 8047/8047 8048/8048 8049/8049
f 8050/8050 8051/8051 8052/8052
f 8053/8053 8054/8054 8055/8055
f 8056/8056 8057/8057 8058/8058
f 8059/8059 8060/8060 8061/8061
f 8062/8062 8063/8063 8064/8064
f 8065/8065 8066/8066 8067/8067
f 8068/8068 8069/8069 8070/8070
f 8071/8071 8072/8072 8073/8073
f 8074/8074 8075/8075 8076/8076
f 8077/8077 8078/8078 8079/8079
f 8080/8080 8081/8081 8082/8082
f 8083/8083 8084/8084 8085/8085
f 8086/8086 8087/8087 8088/8088
f 8089/8089 8090/8090 8091/8091
f 8092/8092 8093/8093 8094/8094
f 8095/8095 8096/8096 8097/8097
f 8098/8098 8099/8099 8100/8100
f 8101/8101 8102/8102 8103/8103
f 8104/8104 8105/8105 8106/8106
f 8107/8107 8108/8108 8109/8109
f 8110/8110 8111/8111 8112/8112
f 8113/8113 8114/8114 8115/8115
f 8116/8116 8117/8117 8118/8118
f 8119/8119 8120/8120 8121/8121
f 8122/8122 8123/8123 8124/8124
f 8125/8125 8126/8126 8127/8127
f 8128/8128 8129/8129 8130/8130
f 8131/8131 8132/8132 8133/8133
f 8134/8134 8135/8135 8136/8136
f 8137/8137 8138/8138 8139/8139
f 8140/8140 8141/8141 8142/8142
f 8143/8143 8144/8144 8145/8145
f 8146/8146 8147/8147 8148/8148
f 8149/8149 8150/8150 8151/8151
f 8152/8152 8153/8153 8154/8154
f 8155/8155 8156/8156 8157/8157
f 8158/8158 8159/8159 8160/8160
f 8161/8161 8162/8162 8163/8163
f 8164/8164 8165/8165 8166/8166
f 8167/8167 8168/8168 8169/8169
f 8170/8170 8171/8171 8172/8172
f 8173/8173 8174/8174 8175/8175
f 8176/8176 8177/8177 8178/8178
f 8179/8179 8180/8180 8181/8181
f 8182/8182 8183/8183 8184/8184
f 8185/8185 8186/8186 8187/8187
f 8188/8188 8189/8189 8190/8190
f 8191/8191 8192/8192 8193/8193
f 8194/8194 8195/8195 8196/8196
f 8197/8197 8198/8198 8199/8199
f 8200/8200 8201/8201 8202/8202
f 8203/8203 8204/8204 8205/8205
f 8206/8206 8207/8207 8208/8208
f 8209/8209 8210/8210 8211/8211
f 8212/8212 8213/8213 8214/8214
f 8215/8215 8216/8216 8217/8217
f 8218/8218 8219/8219 8220/8220
f 8221/8221 8222/8222 8223/8223
f 8224/8224 8225/8225 8226/8226
f 8227/8227 8228/8228 8229/8229
f 8230/8230 8231/8231 8232/8232
f 8233/8233 8234/8234 8235/8235
f 8236/8236 8237/8237 8238/8238
f 8239/8239 8240/8240 8241/8241
f 8242/8242 8243/8243 8244/8244
f 8245/8245 8246/8246 8247/8247
f 8248/8248 8249/8249 8250/8250
f 8251/8251 8252/8252 8253/8253
f 8254/8254 8255/8255 8256/8256
f 8257/8257 8258/8258 8259/8259
f 8260/8260 8261/8261 8262/8262
f 8263/8263 8264/8264 8265/8265
f 8266/8266 8267/8267 8268/8268
f 8269/8269 8270/8270 8271/8271
f 8272/8272 8273/8273 8274/8274
f 8275/8275 8276/8276 8277/8277
f 8278/8278 8279/8279 8280/8280
f 8281/8281 8282/8282 8283/8283
f 8284/8284 8285/8285 8286/8286
f 8287/8287 8288/8288 8289/8289
f 8290/8290 8291/8291 8292/8292
f 8293/8293 8294/8294 8295/8295
f 8296/8296 8297/8297 8298/8298
f 8299/8299 8300/8300 8301/8301
f 8302/8302 8303/8303 8304/8304
f 8305/8305 8306/8306 8307/8307
f 8308/8308 8309/8309 8310/8310
f 8311/8311 8312/8312 8313/8313
f 8314/8314 8315/8315 8316/8316
f 8317/8317 8318/8318 8319/8319
f 8320/8320 8321/8321 8322/8322
f 8323/8323 8324/8324 8325/8325
f 8326/8326 8327/8327 8328/8328
f 8329/8329 8330/8330 8331/8331
f 8332/8332 8333/8333 8334/8334
f 8335/8335 8336/8336 8337/8337
f 8338/8338 8339/8339 8340/8340
f 8341/8341 8342/8342 8343/8343
f 8344/8344 8345/8345 8346/8346
f 8347/8347 8348/8348 8349/8349
f 8350/8350 8351/8351 8352/8352
f 8353/8353 8354/8354 8355/8355
f 8356/8356 8357/8357 8358/8358
f 8359/8359 8360/8360 8361/8361
f 8362/8362 8363/8363 8364/8364
f 8365/8365 8366/8366 8367/8367
f 8368/8368 8369/8369 8370/8370
f 8371/8371 8372/8372 8373/8373
f 8374/8374 8375/8375 8376/8376
f 8377/8377 8378/8378 8379/8379
f 8380/8380 8381/8381 8382/8382
f 8383/8383 8384/8384 8385/8385
f 8386/8386 8387/8387 8388/8388
f 8389/8389 8390/8390 8391/8391
f 8392/8392 8393/8393 8394/8394
f 8395/8395 8396/8396 8397/8397
f 8398/8398 8399/8399 8400/8400
f 8401/8401 8402/8402 8403/8403
f 8404/8404 8405/8405 8406/8406
f 8407/8407 8408/8408 8409/8409
f 8410/8410 8411/8411 8412/8412
f 8413/8413 8414/8414 8415/8415
f 8416/8416 8417/8417 8418/8418
f 8419/8419 8420/8420 8421/8421
f 8422/8422 8423/8423 8424/8424
f 8425/8425 8426/8426 8427/8427
f 8428/8428 8429/8429 8430/8430
f 8431/8431 8432/8432 8433/8433
f 8434/8434 8435/8435 8436/8436
f 8437/8437 8438/8438 8439/8439
f 8440/8440 8441/8441 8442/8442
f 8443/8443 8444/8444 8445/8445
f 8446/8446 8447/8447 8448/8448
f 8449/8449 8450/8450 8451/8451
f 8452/8452 8453/8453 8454/8454
f 8455/8455 8456/8456 8457/8457
f 8458/8458 8459/8459 8460/8460
f 8461/8461 8462/8462 8463/8463
f 8464/8464 8465/8465 8466/8466
f 8467/8467 8468/8468 8469/8469
f 8470/8470 8471/8471 8472/8472
f 8473/8473 8474/8474 8475/8475
f 8476/8476 8477/8477 8478/8478
f 8479/8479 8480/8480 8481/8481
f 8482/8482 8483/8483 8484/8484
f 8485/8485 8486/8486 8487/8487
f 8488/8488 8489/8489 8490/8490
f 8491/8491 8492/8492 8493/8493
f 8494/8494 8495/8495 8496/8496
f 8497/8497 8498/8498 8499/8499
f 8500/8500 8501/8501 8502/8502
f 8503/8503 8504/8504 8505/8505
f 8506/8506 8507/8507 8508/8508
f 8509/8509 8510/8510 8511/8511
f 8512/8512 8513/8513 8514/8514
f 8515/8515 8516/8516 8517/8517
f 8518/8518 8519/8519 8520/8520
f 8521/8521 8522/8522 8523/8523
f 8524/8524 8525/8525 8526/8526
f 8527/8527 8528/8528 8529/8529
f 8530/8530 8531/8531 8532/8532
f 8533/8533 8534/8534 8535/8535
f 8536/8536 8537/8537 8538/8538
f 8539/8539 8540/8540 8541/8541
f 8542/8542 8543/8543 8544/8544
f 8545/8545 8546/8546 8547/8547
f 8548/8548 8549/8549 8550/8550
f 8551/8551 8552/8552 8553/8553
f 8554/8554 8555/8555 8556/8556
f 8557/8557 8558/8558 8559/8559
f 8560/8560 8561/8561 8562/8562
f 8563/8563 8564/8564 8565/8565
f 8566/8566 8567/8567 8568/8568
f 8569/8569 8570/8570 8571/8571
f 8572/8572 8573/8573 8574/8574
f 8575/8575 8576/8576 8577/8577
f 8578/8578 8579/8579 8580/8580
f 8581/8581 8582/8582 8583/8583
f 8584/8584 8585/8585 8586/8586
f 8587/8587 8588/8588 8589/8589
f 8590/8590 8591/8591 8592/8592
f 8593/8593 8594/8594 8595/8595
f 8596/8596 8597/8597 8598/8598
f 8599/8599 8600/8600 8601/8601
f 8602/8602 8603/8603 8604/8604
f 8605/8605 8606/8606 8607/8607
f 8608/8608 8609/8609 8610/8610
f 8611/8611 8612/8612 8613/8613
f 8614/8614 8615/8615 8616/8616
f 8617/8617 8618/8618 8619/8619
f 8620/8620 8621/8621 8622/8622
f 8623/8623 8624/8624 8625/8625
f 8626/8626 8627/8627 8628/8628
f 8629/8629 8630/8630 8631/8631
f 8632/8632 8633/8633 8634/8634
f 8635/8635 8636/8636 8637/8637
f 8638/8638 8639/8639 8640/8640
f 8641/8641 8642/8642 8643/8643
f 8644/8644 8645/8645 8646/8646
f 8647/8647 8648/8648 8649/8649
f 8650/8650 8651/8651 8652/8652
f 8653/8653 8654/8654 8655/8655
f 8656/8656 8657/8657 8658/8658
f 8659/8659 8660/8660 8661/8661
f 8662/8662 8663/8663 8664/8664
f 8665/8665 8666/8666 8667/8667
f 8668/8668 8669/8669 8670/8670
f 8671/8671 8672/8672 8673/8673
f 8674/8674 8675/8675 8676/8676
f 8677/8677 8678/8678 8679/8679
f 8680/8680 8681/8681 8682/8682
f 8683/8683 8684/8684 8685/8685
f 8686/8686 8687/8687 8688/8688
f 8689/8689 8690/8690 8691/8691
f 8692/8692 8693/8693 8694/8694
f 8695/8695 8696/8696 8697/8697
f 8698/8698 8699/8699 8700/8700
f 8701/8701 8702/8702 8703/8703
f 8704/8704 8705/8705 8706/8706
f 8707/8707 8708/8708 8709/8709
f 8710/8710 8711/8711 8712/8712
f 8713/8713 8714/8714 8715/8715
f 8716/8716 8717/8717 8718/8718
f 8719/8719 8720/8720 8721/8721
f 8722/8722 8723/8723 8724/8724
f 8725/8725 8726/8726 8727/8727
f 8728/8728 8729/8729 8730/8730
f 8731/8731 8732/8732 8733/8733
f 8734/8734 8735/8735 8736/8736
f 8737/8737 8738/8738 8739/8739
f 8740/8740 8741/8741 8742/8742
f 8743/8743 8744/8744 8745/8745
f 8746/8746 8747/8747 8748/8748
f 8749/8749 8750/8750 8751/8751
f 8752/8752 8753/8753 8754/8754
f 8755/8755 8756/8756 8757/8757
f 8758/8758 8759/8759 8760/8760
f 8761/8761 8762/8762 8763/8763
f 8764/8764 8765/8765 8766/8766
f 8767/8767 8768/8768 8769/8769
f 8770/8770 8771/8771 8772/8772
f 8773/8773 8774/8774 8775/8775
f 8776/8776 8777/8777 8778/8778
f 8779/8779 8780/8780 8781/8781
f 8782/8782 8783/8783 8784/8784
f 8785/8785 8786/8786 8787/8787
f 8788/8788 8789/8789 8790/8790
f 8791/8791 8792/8792 8793/8793
f 8794/8794 8795/8795 8796/8796
f 8797/8797 8798/8798 8799/8799
f 8800/8800 8801/8801 8802/8802
f 8803/8803 8804/8804 8805/8805
f 8806/8806 8807/8807 8808/8808
f 8809/8809 8810/8810 8811/8811
f 8812/8812 8813/8813 8814/8814
f 8815/8815 8816/8816 8817/8817
f 8818/8818 8819/8819 8820/8820
f 8821/8821 8822/8822 8823/8823
f 8824/8824 8825/8825 8826/8826
f 8827/8827 8828/8828 8829/8829
f 8830/8830 8831/8831 8832/8832
f 8833/8833 8834/8834 8835/8835
f 8836/8836 8837/8837 8838/8838
f 8839/8839 8840/8840 8841/8841
f 8842/8842 8843/8843 8844/8844
f 8845/8845 8846/8846 8847/8847
f 8848/8848 8849/8849 8850/8850
f 8851/8851 8852/8852 8853/8853
f 8854/8854 8855/8855 8856/8856
f 8857/8857 8858/8858 8859/8859
f 8860/8860 8861/8861 8862/8862
f 8863/8863 8864/8864 8865/8865
f 8866/8866 8867/8867 8868/8868
f 8869/8869 8870/8870 8871/8871
f 8872/8872 8873/8873 8874/8874
f 8875/8875 8876/8876 8877/8877
f 8878/8878 8879/8879 8880/8880
f 8881/8881 8882/8882 8883/8883
f 8884/8884 8885/8885 8886/8886
f 8887/8887 8888/8888 8889/8889
f 8890/8890 8891/8891 8892/8892
f 8893/8893 8894/8894 8895/8895
f 8896/8896 8897/8897 8898/8898
f 8899/8899 8900/8900 8901/8901
f 8902/8902 8903/8903 8904/8904
f 8905/8905 8906/8906 8907/8907
f 8908/8908 8909/8909 8910/8910
f 8911/8911 8912/8912 8913/8913
f 8914/8914 8915/8915 8916/8916
f 8917/8917 8918/8918 8919/8919
f 8920/8920 8921/8921 8922/8922
f 8923/8923 8924/8924 8925/8925
f 8926/8926 8927/8927 8928/8928
f 8929/8929 8930/8930 8931/8931
f 8932/8932 8933/8933 8934/8934
f 8935/8935 8936/8936 8937/8937
f 8938/8938 8939/8939 8940/8940
f 8941/8941 8942/8942 8943/8943
f 8944/8944 8945/8945 8946/8946
f 8947/8947 8948/8948 8949/8949
f 8950/8950 8951/8951 8952/8952
f 8953/8953 8954/8954 8955/8955
f 8956/8956 8957/8957 8958/8958
f 8959/8959 8960/8960 8961/8961
f 8962/8962 8963/8963 8964/8964
f 8965/8965 8966/8966 8967/8967
f 8968/8968 8969/8969 8970/8970
f 8971/8971 8972/8972 8973/8973
f 8974/8974 8975/8975 8976/8976
f 8977/8977 8978/8978 8979/8979
f 8980/8980 8981/8981 8982/8982
f 8983/8983 8984/8984 8985/8985
f 8986/8986 8987/8987 8988/8988
f 8989/8989 8990/8990 8991/8991
f 8992/8992 8993/8993 8994/8994
f 8995/8995 8996/8996 8997/8997
f 8998/8998 8999/8999 9000/9000
f 9001/9001 9002/9002 9003/9003
f 9004/9004 9005/9005 9006/9006
f 9007/9007 9008/9008 9009/9009
f 9010/9010 9011/9011 9012/9012
f 9013/9013 9014/9014 9015/9015
f 9016/9016 9017/9017 9018/9018
f 9019/9019 9020/9020 9021/9021
f 9022/9022 9023/9023 9024/9024
f 9025/9025 9026/9026 9027/9027
f 9028/9028 9029/9029 9030/9030
f 9031/9031 9032/9032 9033/9033
f 9034/9034 9035/9035 9036/9036
f 9037/9037 9038/9038 9039/9039
f 9040/9040 9041/9041 9042/9042
f 9043/9043 9044/9044 9045/9045
f 9046/9046 9047/9047 9048/9048
f 9049/9049 9050/9050 9051/9051
f 9052/9052 9053/9053 9054/9054
f 9055/9055 9056/9056 9057/9057
f 9058/9058 9059/9059 9060/9060
f 9061/9061 9062/9062 9063/9063
f 9064/9064 9065/9065 9066/9066
f 9067/9067 9068/9068 9069/9069
f 9070/9070 9071/9071 9072/9072
f 9073/9073 9074/9074 9075/9075
f 9076/9076 9077/9077 9078/9078
f 9079/9079 9080/9080 9081/9081
f 9082/9082 9083/9083 9084/9084
f 9085/9085 9086/9086 9087/9087
f 9088/9088 9089/9089 9090/9090
f 9091/9091 9092/9092 9093/9093
f 9094/9094 9095/9095 9096/9096
f 9097/9097 9098/9098 9099/9099
f 9100/9100 9101/9101 9102/9102
f 9103/9103 9104/9104 9105/9105
f 9106/9106 9107/9107 9108/9108
f 9109/9109 9110/9110 9111/9111
f 9112/9112 9113/9113 9114/9114
f 9115/9115 9116/9116 9117/9117
f 9118/9118 9119/9119 9120/9120
f 9121/9121 9122/9122 9123/9123
f 9124/9124 9125/9125 9126/9126
f 9127/9127 9128/9128 9129/9129
f 9130/9130 9131/9131 9132/9132
f 9133/9133 9134/9134 9135/9135
f 9136/9136 9137/9137 9138/9138
f 9139/9139 9140/9140 9141/9141
f 9142/9142 9143/9143 9144/9144
f 9145/9145 9146/9146 9147/9147
f 9148/9148 9149/9149 9150/9150
f 9151/9151 9152/9152 9153/9153
f 9154/9154 9155/9155 9156/9156
f 9157/9157 9158/9158 9159/9159
f 9160/9160 9161/9161 9162/9162
f 9163/9163 9164/9164 9165/9165
f 9166/9166 9167/9167 9168/9168
f 9169/9169 9170/9170 9171/9171
f 9172/9172 9173/9173 9174/9174
f 9175/9175 9176/9176 9177/9177
f 9178/9178 9179/9179 9180/9180
f 9181/9181 9182/9182 9183/9183
f 9184/9184 9185/9185 9186/9186
f 9187/9187 9188/9188 9189/9189
f 9190/9190 9191/9191 9192/9192
f 9193/9193 9194/9194 9195/9195
f 9196/9196 9197/9197 9198/9198
f 9199/9199 9200/9200 9201/9201
f 9202/9202 9203/9203 9204/9204
f 9205/9205 9206/9206 9207/9207
f 9208/9208 9209/9209 9210/9210
f 9211/9211 9212/9212 9213/9213
f 9214/9214 9215/9215 9216/9216
f 9217/9217 9218/9218 9219/9219
f 9220/9220 9221/9221 9222/9222
f 9223/9223 9224/9224 9225/9225
f 9226/9226 9227/9227 9228/9228
f 9229/9229 9230/9230 9231/9231
f 9232/9232 9233/9233 9234/9234
f 9235/9235 9236/9236 9237/9237
f 9238/9238 9239/9239 9240/9240
f 9241/9241 9242/9242 9243/9243
f 9244/9244 9245/9245 9246/9246
f 9247/9247 9248/9248 9249/9249
f 9250/9250 9251/9251 9252/9252
f 9253/9253 9254/9254 9255/9255
f 9256/9256 9257/9257 9258/9258
f 9259/9259 9260/9260 9261/9261
f 9262/9262 9263/9263 9264/9264
f 9265/9265 9266/9266 9267/9267
f 9268/9268 9269/9269 9270/9270
f 9271/9271 9272/9272 9273/9273
f 9274/9274 9275/9275 9276/9276
f 9277/9277 9278/9278 9279/9279
f 9280/9280 9281/9281 9282/9282
f 9283/9283 9284/9284 9285/9285
f 9286/9286 9287/9287 9288/9288
f 9289/9289 9290/9290 9291/9291
f 9292/9292 9293/9293 9294/9294
f 9295/9295 9296/9296 9297/9297
f 9298/9298 9299/9299 9300/9300
f 9301/9301 9302/9302 9303/9303
f 9304/9304 9305/9305 9306/9306
f 9307/9307 9308/9308 9309/9309
f 9310/9310 9311/9311 9312/9312
f 9313/9313 9314/9314 9315/9315
f 9316/9316 9317/9317 9318/9318
f 9319/9319 9320/9320 9321/9321
f 9322/9322 9323/9323 9324/9324
f 9325/9325 9326/9326 9327/9327
f 9328/9328 9329/9329 9330/9330
f 9331/9331 9332/9332 9333/9333
f 9334/9334 9335/9335 9336/9336
f 9337/9337 9338/9338 9339/9339
f 9340/9340 9341/9341 9342/9342
f 9343/9343 9344/9344 9345/9345
f 9346/9346 9347/9347 9348/9348
f 9349/9349 9350/9350 9351/9351
f 9352/9352 9353/9353 9354/9354
f 9355/9355 9356/9356 9357/9357
f 9358/9358 9359/9359 9360/9360
f 9361/9361 9362/9362 9363/9363
f 9364/9364 9365/9365 9366/9366
f 9367/9367 9368/9368 9369/9369
f 9370/9370 9371/9371 9372/9372
f 9373/9373 9374/9374 9375/9375
f 9376/9376 9377/9377 9378/9378
f 9379/9379 9380/9380 9381/9381
f 9382/9382 9383/9383 9384/9384
f 9385/9385 9386/9386 9387/9387
f 9388/9388 9389/9389 9390/9390
f 9391/9391 9392/9392 9393/9393
f 9394/9394 9395/9395 9396/9396
f 9397/9397 9398/9398 9399/9399
f 9400/9400 9401/9401 9402/9402
f 9403/9403 9404/9404 9405/9405
f 9406/9406 9407/9407 9408/9408
f 9409/9409 9410/9410 9411/9411
f 9412/9412 9413/9413 9414/9414
f 9415/9415 9416/9416 9417/9417
f 9418/9418 9419/9419 9420/9420
f 9421/9421 9422/9422 9423/9423
f 9424/9424 9425/9425 9426/9426
f 9427/9427 9428/9428 9429/9429
f 9430/9430 9431/9431 9432/9432
f 9433/9433 9434/9434 9435/9435
f 9436/9436 9437/9437 9438/9438
f 9439/9439 9440/9440 9441/9441
f 9442/9442 9443/9443 9444/9444
f 9445/9445 9446/9446 9447/9447
f 9448/9448 9449/9449 9450/9450
f 9451/9451 9452/9452 9453/9453
f 9454/9454 9455/9455 9456/9456
f 9457/9457 9458/9458 9459/9459
f 9460/9460 9461/9461 9462/9462
f 9463/9463 9464/9464 9465/9465
f 9466/9466 9467/9467 9468/9468
f 9469/9469 9470/9470 9471/9471
f 9472/9472 9473/9473 9474/9474
f 9475/9475 9476/9476 9477/9477
f 9478/9478 9479/9479 9480/9480
f 9481/9481 9482/9482 9483/9483
f 9484/9484 9485/9485 9486/9486
f 9487/9487 9488/9488 9489/9489
f 9490/9490 9491/9491 9492/9492
f 9493/9493 9494/9494 9495/9495
f 9496/9496 9497/9497 9498/9498
f 9499/9499 9500/9500 9501/9501
f 9502/9502 9503/9503 9504/9504
f 9505/9505 9506/9506 9507/9507
f 9508/9508 9509/9509 9510/9510
f 9511/9511 9512/9512 9513/9513
f 9514/9514 9515/9515 9516/9516
f 9517/9517 9518/9518 9519/9519
f 9520/9520 9521/9521 9522/9522
f 9523/9523 9524/9524 9525/9525
f 9526/9526 9527/9527 9528/9528
f 9529/9529 9530/9530 9531/9531
f 9532/9532 9533/9533 9534/9534
f 9535/9535 9536/9536 9537/9537
f 9538/9538 9539/9539 9540/9540
f 9541/9541 9542/9542 9543/9543
f 9544/9544 9545/9545 9546/9546
f 9547/9547 9548/9548 9549/9549
f 9550/9550 9551/9551 9552/9552
f 9553/9553 9554/9554 9555/9555
f 9556/9556 9557/9557 9558/9558
f 9559/9559 9560/9560 9561/9561
f 9562/9562 9563/9563 9564/9564
f 9565/9565 9566/9566 9567/9567
f 9568/9568 9569/9569 9570/9570
f 9571/9571 9572/9572 9573/9573
f 9574/9574 9575/9575 9576/9576
f 9577/9577 9578/9578 9579/9579
f 9580/9580 9581/9581 9582/9582
f 9583/9583 9584/9584 9585/9585
f 9586/9586 9587/9587 9588/9588
f 9589/9589 9590/9590 9591/9591
f 9592/9592 9593/9593 9594/9594
f 9595/9595 9596/9596 9597/9597
f 9598/9598 9599/9599 9600/9600
f 9601/9601 9602/9602 9603/9603
f 9604/9604 9605/9605 9606/9606
f 9607/9607 9608/9608 9609/9609
f 9610/9610 9611/9611 9612/9612
f 9613/9613 9614/9614 9615/9615
f 9616/9616 9617/9617 9618/9618
f 9619/9619 9620/9620 9621/9621
f 9622/9622 9623/9623 9624/9624
f 9625/9625 9626/9626 9627/9627
f 9628/9628 9629/9629 9630/9630
f 9631/9631 9632/9632 9633/9633
f 9634/9634 9635/9635 9636/9636
f 9637/9637 9638/9638 9639/9639
f 9640/9640 9641/9641 9642/9642
f 9643/9643 9644/9644 9645/9645
f 9646/9646 9647/9647 9648/9648
f 9649/9649 9650/9650 9651/9651
f 9652/9652 9653/9653 9654/9654
f 9655/9655 9656/9656 9657/9657
f 9658/9658 9659/9659 9660/9660
f 9661/9661 9662/9662 9663/9663
f 9664/9664 9665/9665 9666/9666
f 9667/9667 9668/9668 9669/9669
f 9670/9670 9671/9671 9672/9672
f 9673/9673 9674/9674 9675/9675
f 9676/9676 9677/9677 9678/9678
f 9679/9679 9680/9680 9681/9681
f 9682/9682 9683/9683 9684/9684
f 9685/9685 9686/9686 9687/9687
f 9688/9688 9689/9689 9690/9690
f 9691/9691 9692/9692 9693/9693
f 9694/9694 9695/9695 9696/9696
f 9697/9697 9698/9698 9699/9699
f 9700/9700 9701/9701 9702/9702
f 9703/9703 9704/9704 9705/9705
f 9706/9706 9707/9707 9708/9708
f 9709/9709 9710/9710 9711/9711
f 9712/9712 9713/9713 9714/9714
f 9715/9715 9716/9716 9717/9717
f 9718/9718 9719/9719 9720/9720
f 9721/9721 9722/9722 9723/9723
f 9724/9724 9725/9725 9726/9726
f 9727/9727 9728/9728 9729/9729
f 9730/9730 9731/9731 9732/9732
f 9733/9733 9734/9734 9735/9735
f 9736/9736 9737/9737 9738/9738
f 9739/9739 9740/9740 9741/9741
f 9742/9742 9743/9743 9744/9744
f 9745/9745 9746/9746 9747/9747
f 9748/9748 9749/9749 9750/9750
f 9751/9751 9752/9752 9753/9753
f 9754/9754 9755/9755 9756/9756
f 9757/9757 9758/9758 9759/9759
f 9760/9760 9761/9761 9762/9762
f 9763/9763 9764/9764 9765/9765
f 9766/9766 9767/9767 9768/9768
f 9769/9769 9770/9770 9771/9771
f 9772/9772 9773/9773 9774/9774
f 9775/9775 9776/9776 9777/9777
f 9778/9778 9779/9779 9780/9780
f 9781/9781 9782/9782 9783/9783
f 9784/9784 9785/9785 9786/9786
f 9787/9787 9788/9788 9789/9789
f 9790/9790 9791/9791 9792/9792
f 9793/9793 9794/9794 9795/9795
f 9796/9796 9797/9797 9798/9798
f 9799/9799 9800/9800 9801/9801
f 9802/9802 9803/9803 9804/9804
f 9805/9805 9806/9806 9807/9807
f 9808/9808 9809/9809 9810/9810
f 9811/9811 9812/9812 9813/9813
f 9814/9814 9815/9815 9816/9816
f 9817/9817 9818/9818 9819/9819
f 9820/9820 9821/9821 9822/9822
f 9823/9823 9824/9824 9825/9825
f 9826/9826 9827/9827 9828/9828
f 9829/9829 9830/9830 9831/9831
f 9832/9832 9833/9833 9834/9834
f 9835/9835 9836/9836 9837/9837
f 9838/9838 9839/9839 9840/9840
f 9841/9841 9842/9842 9843/9843
f 9844/9844 9845/9845 9846/9846
f 9847/9847 9848/9848 9849/9849
f 9850/9850 9851/9851 9852/9852
f 9853/9853 9854/9854 9855/9855
f 9856/9856 9857/9857 9858/9858
f 9859/9859 9860/9860 9861/9861
f 9862/9862 9863/9863 9864/9864
f 9865/9865 9866/9866 9867/9867
f 9868/9868 9869/9869 9870/9870
f 9871/9871 9872/9872 9873/9873
f 9874/9874 9875/9875 9876/9876
f 9877/9877 9878/9878 9879/9879
f 9880/9880 9881/9881 9882/9882
f 9883/9883 9884/9884 9885/9885
f 9886/9886 9887/9887 9888/9888
f 9889/9889 9890/9890 9891/9891
f 9892/9892 9893/9893 9894/9894
f 9895/9895 9896/9896 9897/9897
f 9898/9898 9899/9899 9900/9900
f 9901/9901 9902/9902 9903/9903
f 9904/9904 9905/9905 9906/9906
f 9907/9907 9908/9908 9909/9909
f 9910/9910 9911/9911 9912/9912
f 9913/9913 9914/9914 9915/9915
f 9916/9916 9917/9917 9918/9918
f 9919/9919 9920/9920 9921/9921
f 9922/9922 9923/9923 9924/9924
f 9925/9925 9926/9926 9927/9927
f 9928/9928 9929/9929 9930/9930
f 9931/9931 9932/9932 9933/9933
f 9934/9934 9935/9935 9936/9936
f 9937/9937 9938/9938 9939/9939
f 9940/9940 9941/9941 9942/9942
f 9943/9943 9944/9944 9945/9945
f 9946/9946 9947/9947 9948/9948
f 9949/9949 9950/9950 9951/9951
f 9952/9952 9953/9953 9954/9954
f 9955/9955 9956/9956 9957/9957
f 9958/9958 9959/9959 9960/9960
f 9961/9961 9962/9962 9963/9963
f 9964/9964 9965/9965 9966/9966
f 9967/9967 9968/9968 9969/9969
f 9970/9970 9971/9971 9972/9972
f 9973/9973 9974/9974 9975/9975
f 9976/9976 9977/9977 9978/9978
f 9979/9979 9980/9980 9981/9981
f 9982/9982 9983/9983 9984/9984
f 9985/9985 9986/9986 9987/9987
f 9988/9988 9989/9989 9990/9990
f 9991/9991 9992/9992 9993/9993
f 9994/9994 9995/9995 9996/9996
f 9997/9997 9998/9998 9999/9999
f 10000/10000 10001/10001 10002/10002
f 10003/10003 10004/10004 10005/10005
f 10006/10006 10007/10007 10008/10008
f 10009/10009 10010/10010 10011/10011
f 10012/10012 10013/10013 10014/10014
f 10015/10015 10016/10016 10017/10017
f 10018/10018 10019/10019 10020/10020
f 10021/10021 10022/10022 10023/10023
f 10024/10024 10025/10025 10026/10026
f 10027/10027 10028/10028 10029/10029
f 10030/10030 10031/10031 10032/10032
f 10033/10033 10034/10034 10035/10035
f 10036/10036 10037/10037 10038/10038
f 10039/10039 10040/10040 10041/10041
f 10042/10042 10043/10043 10044/10044
f 10045/10045 10046/10046 10047/10047
f 10048/10048 10049/10049 10050/10050
f 10051/10051 10052/10052 10053/10053
f 10054/10054 10055/10055 10056/10056
f 10057/10057 10058/10058 10059/10059
f 10060/10060 10061/10061 10062/10062
f 10063/10063 10064/10064 10065/10065
f 10066/10066 10067/10067 10068/10068
f 10069/10069 10070/10070 10071/10071
f 10072/10072 10073/10073 10074/10074
f 10075/10075 10076/10076 10077/10077
f 10078/10078 10079/10079 10080/10080
f 10081/10081 10082/10082 10083/10083
f 10084/10084 10085/10085 10086/10086
f 10087/10087 10088/10088 10089/10089
f 10090/10090 10091/10091 10092/10092
f 10093/10093 10094/10094 10095/10095
f 10096/10096 10097/10097 10098/10098
f 10099/10099 10100/10100 10101/10101
f 10102/10102 10103/10103 10104/10104
f 10105/10105 10106/10106 10107/10107
f 10108/10108 10109/10109 10110/10110
f 10111/10111 10112/10112 10113/10113
f 10114/10114 10115/10115 10116/10116
f 10117/10117 10118/10118 10119/10119
f 10120/10120 10121/10121 10122/10122
f 10123/10123 10124/10124 10125/10125
f 10126/10126 10127/10127 10128/10128
f 10129/10129 10130/10130 10131/10131
f 10132/10132 10133/10133 10134/10134
f 10135/10135 10136/10136 10137/10137
f 10138/10138 10139/10139 10140/10140
f 10141/10141 10142/10142 10143/10143
f 10144/10144 10145/10145 10146/10146
f 10147/10147 10148/10148 10149/10149
f 10150/10150 10151/10151 10152/10152
f 10153/10153 10154/10154 10155/10155
f 10156/10156 10157/10157 10158/10158
f 10159/10159 10160/10160 10161/10161
f 10162/10162 10163/10163 10164/10164
f 10165/10165 10166/10166 10167/10167
f 10168/10168 10169/10169 10170/10170
f 10171/10171 10172/10172 10173/10173
f 10174/10174 10175/10175 10176/10176
f 10177/10177 10178/10178 10179/10179
f 10180/10180 10181/10181 10182/10182
f 10183/10183 10184/10184 10185/10185
f 10186/10186 10187/10187 10188/10188
f 10189/10189 10190/10190 10191/10191
f 10192/10192 10193/10193 10194/10194
f 10195/10195 10196/10196 10197/10197
f 10198/10198 10199/10199 10200/10200
f 10201/10201 10202/10202 10203/10203
f 10204/10204 10205/10205 10206/10206
f 10207/10207 10208/10208 10209/10209
f 10210/10210 10211/10211 10212/10212
f 10213/10213 10214/10214 10215/10215
f 10216/10216 10217/10217 10218/10218
f 10219/10219 10220/10220 10221/10221
f 10222/10222 10223/10223 10224/10224
f 10225/10225 10226/10226 10227/10227
f 10228/10228 10229/10229 10230/10230
f 10231/10231 10232/10232 10233/10233
f 10234/10234 10235/10235 10236/10236
f 10237/10237 10238/10238 10239/10239
f 10240/10240 10241/10241 10242/10242
f 10243/10243 10244/10244 10245/10245
f 10246/10246 10247/10247 10248/10248
f 10249/10249 10250/10250 10251/10251
f 10252/10252 10253/10253 10254/10254
f 10255/10255 10256/10256 10257/10257
f 10258/10258 10259/10259 10260/10260
f 10261/10261 10262/10262 10263/10263
f 10264/10264 10265/10265 10266/10266
f 10267/10267 10268/10268 10269/10269
f 10270/10270 10271/10271 10272/10272
f 10273/10273 10274/10274 10275/10275
f 10276/10276 10277/10277 10278/10278
f 10279/10279 10280/10280 10281/10281
f 10282/10282 10283/10283 10284/10284
f 10285/10285 10286/10286 10287/10287
f 10288/10288 10289/10289 10290/10290
f 10291/10291 10292/10292 10293/10293
f 10294/10294 10295/10295 10296/10296
f 10297/10297 10298/10298 10299/10299
f 10300/10300 10301/10301 10302/10302
f 10303/10303 10304/10304 10305/10305
f 10306/10306 10307/10307 10308/10308
f 10309/10309 10310/10310 10311/10311
f 10312/10312 10313/10313 10314/10314
f 10315/10315 10316/10316 10317/10317
f 10318/10318 10319/10319 10320/10320
f 10321/10321 10322/10322 10323/10323
f 10324/10324 10325/10325 10326/10326
f 10327/10327 10328/10328 10329/10329
f 10330/10330 10331/10331 10332/10332
f 10333/10333 10334/10334 10335/10335
f 10336/10336 10337/10337 10338/10338
f 10339/10339 10340/10340 10341/10341
f 10342/10342 10343/10343 10344/10344
f 10345/10345 10346/10346 10347/10347
f 10348/10348 10349/10349 10350/10350
f 10351/10351 10352/10352 10353/10353
f 10354/10354 10355/10355 10356/10356
f 10357/10357 10358/10358 10359/10359
f 10360/10360 10361/10361 10362/10362
f 10363/10363 10364/10364 10365/10365
f 10366/10366 10367/10367 10368/10368
f 10369/10369 10370/10370 10371/10371
f 10372/10372 10373/10373 10374/10374
f 10375/10375 10376/10376 10377/10377
f 10378/10378 10379/10379 10380/10380
f 10381/10381 10382/10382 10383/10383
f 10384/10384 10385/10385 10386/10386
f 10387/10387 10388/10388 10389/10389
f 10390/10390 10391/10391 10392/10392
f 10393/10393 10394/10394 10395/10395
f 10396/10396 10397/10397 10398/10398
f 10399/10399 10400/10400 10401/10401
f 10402/10402 10403/10403 10404/10404
f 10405/10405 10406/10406 10407/10407
f 10408/10408 10409/10409 10410/10410
f 10411/10411 10412/10412 10413/10413
f 10414/10414 10415/10415 10416/10416
f 10417/10417 10418/10418 10419/10419
f 10420/10420 10421/10421 10422/10422
f 10423/10423 10424/10424 10425/10425
f 10426/10426 10427/10427 10428/10428
f 10429/10429 10430/10430 10431/10431
f 10432/10432 10433/10433 10434/10434
f 10435/10435 10436/10436 10437/10437
f 10438/10438 10439/10439 10440/10440
f 10441/10441 10442/10442 10443/10443
f 10444/10444 10445/10445 10446/10446
f 10447/10447 10448/10448 10449/10449
f 10450/10450 10451/10451 10452/10452
f 10453/10453 10454/10454 10455/10455
f 10456/10456 10457/10457 10458/10458
f 10459/10459 10460/10460 10461/10461
f 10462/10462 10463/10463 10464/10464
f 10465/10465 10466/10466 10467/10467
f 10468/10468 10469/10469 10470/10470
f 10471/10471 10472/10472 10473/10473
f 10474/10474 10475/10475 10476/10476
f 10477/10477 10478/10478 10479/10479
f 10480/10480 10481/10481 10482/10482
f 10483/10483 10484/10484 10485/10485
f 10486/10486 10487/10487 10488/10488
f 10489/10489 10490/10490 10491/10491
f 10492/10492 10493/10493 10494/10494
f 10495/10495 10496/10496 10497/10497
f 10498/10498 10499/10499 10500/10500
f 10501/10501 10502/10502 10503/10503
f 10504/10504 10505/10505 10506/10506
f 10507/10507 10508/10508 10509/10509
f 10510/10510 10511/10511 10512/10512
f 10513/10513 10514/10514 10515/10515
f 10516/10516 10517/10517 10518/10518
f 10519/10519 10520/10520 10521/10521
f 10522/10522 10523/10523 10524/10524
f 10525/10525 10526/10526 10527/10527
f 10528/10528 10529/10529 10530/10530
f 10531/10531 10532/10532 10533/10533
f 10534/10534 10535/10535 10536/10536
f 10537/10537 10538/10538 10539/10539
f 10540/10540 10541/10541 10542/10542
f 10543/10543 10544/10544 10545/10545
f 10546/10546 10547/10547 10548/10548
f 10549/10549 10550/10550 10551/10551
f 10552/10552 10553/10553 10554/10554
f 10555/10555 10556/10556 10557/10557
f 10558/10558 10559/10559 10560/10560
f 10561/10561 10562/10562 10563/10563
f 10564/10564 10565/10565 10566/10566
f 10567/10567 10568/10568 10569/10569
f 10570/10570 10571/10571 10572/10572
f 10573/10573 10574/10574 10575/10575
f 10576/10576 10577/10577 10578/10578
f 10579/10579 10580/10580 10581/10581
f 10582/10582 10583/10583 10584/10584
f 10585/10585 10586/10586 10587/10587
f 10588/10588 10589/10589 10590/10590
f 10591/10591 10592/10592 10593/10593
f 10594/10594 10595/10595 10596/10596
f 10597/10597 10598/10598 10599/10599
f 10600/10600 10601/10601 10602/10602
f 10603/10603 10604/10604 10605/10605
f 10606/10606 10607/10607 10608/10608
f 10609/10609 10610/10610 10611/10611
f 10612/10612 10613/10613 10614/10614
f 10615/10615 10616/10616 10617/10617
f 10618/10618 10619/10619 10620/10620
f 10621/10621 10622/10622 10623/10623
f 10624/10624 10625/10625 10626/10626
f 10627/10627 10628/10628 10629/10629
f 10630/10630 10631/10631 10632/10632
f 10633/10633 10634/10634 10635/10635
f 10636/10636 10637/10637 10638/10638
f 10639/10639 10640/10640 10641/10641
f 10642/10642 10643/10643 10644/10644
f 10645/10645 10646/10646 10647/10647
f 10648/10648 10649/10649 10650/10650
f 10651/10651 10652/10652 10653/10653
f 10654/10654 10655/10655 10656/10656
f 10657/10657 10658/10658 10659/10659
f 10660/10660 10661/10661 10662/10662
f 10663/10663 10664/10664 10665/10665
f 10666/10666 10667/10667 10668/10668
f 10669/10669 10670/10670 10671/10671
f 10672/10672 10673/10673 10674/10674
f 10675/10675 10676/10676 10677/10677
f 10678/10678 10679/10679 10680/10680
f 10681/10681 10682/10682 10683/10683
f 10684/10684 10685/10685 10686/10686
f 10687/10687 10688/10688 10689/10689
f 10690/10690 10691/10691 10692/10692
f 10693/10693 10694/10694 10695/10695
f 10696/10696 10697/10697 10698/10698
f 10699/10699 10700/10700 10701/10701
f 10702/10702 10703/10703 10704/10704
f 10705/10705 10706/10706 10707/10707
f 10708/10708 10709/10709 10710/10710
f 10711/10711 10712/10712 10713/10713
f 10714/10714 10715/10715 10716/10716
f 10717/10717 10718/10718 10719/10719
f 10720/10720 10721/10721 10722/10722
f 10723/10723 10724/10724 10725/10725
f 10726/10726 10727/10727 10728/10728
f 10729/10729 10730/10730 10731/10731
f 10732/10732 10733/10733 10734/10734
f 10735/10735 10736/10736 10737/10737
f 10738/10738 10739/10739 10740/10740
f 10741/10741 10742/10742 10743/10743
f 10744/10744 10745/10745 10746/10746
f 10747/10747 10748/10748 10749/10749
f 10750/10750 10751/10751 10752/10752
f 10753/10753 10754/10754 10755/10755
f 10756/10756 10757/10757 10758/10758
f 10759/10759 10760/10760 10761/10761
f 10762/10762 10763/10763 10764/10764
f 10765/10765 10766/10766 10767/10767
f 10768/10768 10769/10769 10770/10770
f 10771/10771 10772/10772 10773/10773
f 10774/10774 10775/10775 10776/10776
f 10777/10777 10778/10778 10779/10779
f 10780/10780 10781/10781 10782/10782
f 10783/10783 10784/10784 10785/10785
f 10786/10786 10787/10787 10788/10788
f 10789/10789 10790/10790 10791/10791
f 10792/10792 10793/10793 10794/10794
f 10795/10795 10796/10796 10797/10797
f 10798/10798 10799/10799 10800/10800
f 10801/10801 10802/10802 10803/10803
f 10804/10804 10805/10805 10806/10806
f 10807/10807 10808/10808 10809/10809
f 10810/10810 10811/10811 10812/10812
f 10813/10813 10814/10814 10815/10815
f 10816/10816 10817/10817 10818/10818
f 10819/10819 10820/10820 10821/10821
f 10822/10822 10823/10823 10824/10824
f 10825/10825 10826/10826 10827/10827
f 10828/10828 10829/10829 10830/10830
f 10831/10831 10832/10832 10833/10833
f 10834/10834 10835/10835 10836/10836
f 10837/10837 10838/10838 10839/10839
f 10840/10840 10841/10841 10842/10842
f 10843/10843 10844/10844 10845/10845
f 10846/10846 10847/10847 10848/10848
f 10849/10849 10850/10850 10851/10851
f 10852/10852 10853/10853 10854/10854
f 10855/10855 10856/10856 10857/10857
f 10858/10858 10859/10859 10860/10860
f 10861/10861 10862/10862 10863/10863
f 10864/10864 10865/10865 10866/10866
f 10867/10867 10868/10868 10869/10869
f 10870/10870 10871/10871 10872/10872
f 10873/10873 10874/10874 10875/10875
f 10876/10876 10877/10877 10878/10878
f 10879/10879 10880/10880 10881/10881
f 10882/10882 10883/10883 10884/10884
f 10885/10885 10886/10886 10887/10887
f 10888/10888 10889/10889 10890/10890
f 10891/10891 10892/10892 10893/10893
f 10894/10894 10895/10895 10896/10896
f 10897/10897 10898/10898 10899/10899
f 10900/10900 10901/10901 10902/10902
f 10903/10903 10904/10904 10905/10905
f 10906/10906 10907/10907 10908/10908
f 10909/10909 10910/10910 10911/10911
f 10912/10912 10913/10913 10914/10914
f 10915/10915 10916/10916 10917/10917
f 10918/10918 10919/10919 10920/10920
f 10921/10921 10922/10922 10923/10923
f 10924/10924 10925/10925 10926/10926
f 10927/10927 10928/10928 10929/10929
f 10930/10930 10931/10931 10932/10932
f 10933/10933 10934/10934 10935/10935
f 10936/10936 10937/10937 10938/10938
f 10939/10939 10940/10940 10941/10941
f 10942/10942 10943/10943 10944/10944
f 10945/10945 10946/10946 10947/10947
f 10948/10948 10949/10949 10950/10950
f 10951/10951 10952/10952 10953/10953
f 10954/10954 10955/10955 10956/10956
f 10957/10957 10958/10958 10959/10959
f 10960/10960 10961/10961 10962/10962
f 10963/10963 10964/10964 10965/10965
f 10966/10966 10967/10967 10968/10968
f 10969/10969 10970/10970 10971/10971
f 10972/10972 10973/10973 10974/10974
f 10975/10975 10976/10976 10977/10977
f 10978/10978 10979/10979 10980/10980
f 10981/10981 10982/10982 10983/10983
f 10984/10984 10985/10985 10986/10986
f 10987/10987 10988/10988 10989/10989
f 10990/10990 10991/10991 10992/10992
f 10993/10993 10994/10994 10995/10995
f 10996/10996 10997/10997 10998/10998
f 10999/10999 11000/11000 11001/11001
f 11002/11002 11003/11003 11004/11004
f 11005/11005 11006/11006 11007/11007
f 11008/11008 11009/11009 11010/11010
f 11011/11011 11012/11012 11013/11013
f 11014/11014 11015/11015 11016/11016
f 11017/11017 11018/11018 11019/11019
f 11020/11020 11021/11021 11022/11022
f 11023/11023 11024/11024 11025/11025
f 11026/11026 11027/11027 11028/11028
f 11029/11029 11030/11030 11031/11031
f 11032/11032 11033/11033 11034/11034
f 11035/11035 11036/11036 11037/11037
f 11038/11038 11039/11039 11040/11040
f 11041/11041 11042/11042 11043/11043
f 11044/11044 11045/11045 11046/11046
f 11047/11047 11048/11048 11049/11049
f 11050/11050 11051/11051 11052/11052
f 11053/11053 11054/11054 11055/11055
f 11056/11056 11057/11057 11058/11058
f 11059/11059 11060/11060 11061/11061
f 11062/11062 11063/11063 11064/11064
f 11065/11065 11066/11066 11067/11067
f 11068/11068 11069/11069 11070/11070
f 11071/11071 11072/11072 11073/11073
f 11074/11074 11075/11075 11076/11076
f 11077/11077 11078/11078 11079/11079
f 11080/11080 11081/11081 11082/11082
f 11083/11083 11084/11084 11085/11085
f 11086/11086 11087/11087 11088/11088
f 11089/11089 11090/11090 11091/11091
f 11092/11092 11093/11093 11094/11094
f 11095/11095 11096/11096 11097/11097
f 11098/11098 11099/11099 11100/11100
f 11101/11101 11102/11102 11103/11103
f 11104/11104 11105/11105 11106/11106
f 11107/11107 11108/11108 11109/11109
f 11110/11110 11111/11111 11112/11112
f 11113/11113 11114/11114 11115/11115
f 11116/11116 11117/11117 11118/11118
f 11119/11119 11120/11120 11121/11121
f 11122/11122 11123/11123 11124/11124
f 11125/11125 11126/11126 11127/11127
f 11128/11128 11129/11129 11130/11130
f 11131/11131 11132/11132 11133/11133
f 11134/11134 11135/11135 11136/11136
f 11137/11137 11138/11138 11139/11139
f 11140/11140 11141/11141 11142/11142
f 11143/11143 11144/11144 11145/11145
f 11146/11146 11147/11147 11148/11148
f 11149/11149 11150/11150 11151/11151
f 11152/11152 11153/11153 11154/11154
f 11155/11155 11156/11156 11157/11157
f 11158/11158 11159/11159 11160/11160
f 11161/11161 11162/11162 11163/11163
f 11164/11164 11165/11165 11166/11166
f 11167/11167 11168/11168 11169/11169
f 11170/11170 11171/11171 11172/11172
f 11173/11173 11174/11174 11175/11175
f 11176/11176 11177/11177 11178/11178
f 11179/11179 11180/11180 11181/11181
f 11182/11182 11183/11183 11184/11184
f 11185/11185 11186/11186 11187/11187
f 11188/11188 11189/11189 11190/11190
f 11191/11191 11192/11192 11193/11193
f 11194/11194 11195/11195 11196/11196
f 11197/11197 11198/11198 11199/11199
f 11200/11200 11201/11201 11202/11202
f 11203/11203 11204/11204 11205/11205
f 11206/11206 11207/11207 11208/11208
f 11209/11209 11210/11210 11211/11211
f 11212/11212 11213/11213 11214/11214
f 11215/11215 11216/11216 11217/11217
f 11218/11218 11219/11219 11220/11220
f 11221/11221 11222/11222 11223/11223
f 11224/11224 11225/11225 11226/11226
f 11227/11227 11228/11228 11229/11229
f 11230/11230 11231/11231 11232/11232
f 11233/11233 11234/11234 11235/11235
f 11236/11236 11237/11237 11238/11238
f 11239/11239 11240/11240 11241/11241
f 11242/11242 11243/11243 11244/11244
f 11245/11245 11246/11246 11247/11247
f 11248/11248 11249/11249 11250/11250
f 11251/11251 11252/11252 11253/11253
f 11254/11254 11255/11255 11256/11256
f 11257/11257 11258/11258 11259/11259
f 11260/11260 11261/11261 11262/11262
f 11263/11263 11264/11264 11265/11265
f 11266/11266 11267/11267 11268/11268
f 11269/11269 11270/11270 11271/11271
f 11272/11272 11273/11273 11274/11274
f 11275/11275 11276/11276 11277/11277
f 11278/11278 11279/11279 11280/11280
f 11281/11281 11282/11282 11283/11283
f 11284/11284 11285/11285 11286/11286
f 11287/11287 11288/11288 11289/11289
f 11290/11290 11291/11291 11292/11292
f 11293/11293 11294/11294 11295/11295
f 11296/11296 11297/11297 11298/11298
f 11299/11299 11300/11300 11301/11301
f 11302/11302 11303/11303 11304/11304
f 11305/11305 11306/11306 11307/11307
f 11308/11308 11309/11309 11310/11310
f 11311/11311 11312/11312 11313/11313
f 11314/11314 11315/11315 11316/11316
f 11317/11317 11318/11318 11319/11319
f 11320/11320 11321/11321 11322/11322
f 11323/11323 11324/11324 11325/11325
f 11326/11326 11327/11327 11328/11328
f 11329/11329 11330/11330 11331/11331
f 11332/11332 11333/11333 11334/11334
f 11335/11335 11336/11336 11337/11337
f 11338/11338 11339/11339 11340/11340
f 11341/11341 11342/11342 11343/11343
f 11344/11344 11345/11345 11346/11346
f 11347/11347 11348/11348 11349/11349
f 11350/11350 11351/11351 11352/11352
f 11353/11353 11354/11354 11355/11355
f 11356/11356 11357/11357 11358/11358
f 11359/11359 11360/11360 11361/11361
f 11362/11362 11363/11363 11364/11364
f 11365/11365 11366/11366 11367/11367
f 11368/11368 11369/11369 11370/11370
f 11371/11371 11372/11372 11373/11373
f 11374/11374 11375/11375 11376/11376
f 11377/11377 11378/11378 11379/11379
f 11380/11380 11381/11381 11382/11382
f 11383/11383 11384/11384 11385/11385
f 11386/11386 11387/11387 11388/11388
f 11389/11389 11390/11390 11391/11391
f 11392/11392 11393/11393 11394/11394
f 11395/11395 11396/11396 11397/11397
f 11398/11398 11399/11399 11400/11400
f 11401/11401 11402/11402 11403/11403
f 11404/11404 11405/11405 11406/11406
f 11407/11407 11408/11408 11409/11409
f 11410/11410 11411/11411 11412/11412
f 11413/11413 11414/11414 11415/11415
f 11416/11416 11417/11417 11418/11418
f 11419/11419 11420/11420 11421/11421
f 11422/11422 11423/11423 11424/11424
f 11425/11425 11426/11426 11427/11427
f 11428/11428 11429/11429 11430/11430
f 11431/11431 11432/11432 11433/11433
f 11434/11434 11435/11435 11436/11436
f 11437/11437 11438/11438 11439/11439
f 11440/11440 11441/11441 11442/11442
f 11443/11443 11444/11444 11445/11445
f 11446/11446 11447/11447 11448/11448
f 11449/11449 11450/11450 11451/11451
f 11452/11452 11453/11453 11454/11454
f 11455/11455 11456/11456 11457/11457
f 11458/11458 11459/11459 11460/11460
f 11461/11461 11462/11462 11463/11463
f 11464/11464 11465/11465 11466/11466
f 11467/11467 11468/11468 11469/11469
f 11470/11470 11471/11471 11472/11472
f 11473/11473 11474/11474 11475/11475
f 11476/11476 11477/11477 11478/11478
f 11479/11479 11480/11480 11481/11481
f 11482/11482 11483/11483 11484/11484
f 11485/11485 11486/11486 11487/11487
f 11488/11488 11489/11489 11490/11490
f 11491/11491 11492/11492 11493/11493
f 11494/11494 11495/11495 11496/11496
f 11497/11497 11498/11498 11499/11499
f 11500/11500 11501/11501 11502/11502
f 11503/11503 11504/11504 11505/11505
f 11506/11506 11507/11507 11508/11508
f 11509/11509 11510/11510 11511/11511
f 11512/11512 11513/11513 11514/11514
f 11515/11515 11516/11516 11517/11517
f 11518/11518 11519/11519 11520/11520
f 11521/11521 11522/11522 11523/11523
f 11524/11524 11525/11525 11526/11526
f 11527/11527 11528/11528 11529/11529
f 11530/11530 11531/11531 11532/11532
f 11533/11533 11534/11534 11535/11535
f 11536/11536 11537/11537 11538/11538
f 11539/11539 11540/11540 11541/11541
f 11542/11542 11543/11543 11544/11544
f 11545/11545 11546/11546 11547/11547
f 11548/11548 11549/11549 11550/11550
f 11551/11551 11552/11552 11553/11553
f 11554/11554 11555/11555 11556/11556
f 11557/11557 11558/11558 11559/11559
f 11560/11560 11561/11561 11562/11562
f 11563/11563 11564/11564 11565/11565
f 11566/11566 11567/11567 11568/11568
f 11569/11569 11570/11570 11571/11571
f 11572/11572 11573/11573 11574/11574
f 11575/11575 11576/11576 11577/11577
f 11578/11578 11579/11579 11580/11580
f 11581/11581 11582/11582 11583/11583
f 11584/11584 11585/11585 11586/11586
f 11587/11587 11588/11588 11589/11589
f 11590/11590 11591/11591 11592/11592
f 11593/11593 11594/11594 11595/11595
f 11596/11596 11597/11597 11598/11598
f 11599/11599 11600/11600 11601/11601
f 11602/11602 11603/11603 11604/11604
f 11605/11605 11606/11606 11607/11607
f 11608/11608 11609/11609 11610/11610
f 11611/11611 11612/11612 11613/11613
f 11614/11614 11615/11615 11616/11616
f 11617/11617 11618/11618 11619/11619
f 11620/11620 11621/11621 11622/11622
f 11623/11623 11624/11624 11625/11625
f 11626/11626 11627/11627 11628/11628
f 11629/11629 11630/11630 11631/11631
f 11632/11632 11633/11633 11634/11634
f 11635/11635 11636/11636 11637/11637
f 11638/11638 11639/11639 11640/11640
f 11641/11641 11642/11642 11643/11643
f 11644/11644 11645/11645 11646/11646
f 11647/11647 11648/11648 11649/11649
f 11650/11650 11651/11651 11652/11652
f 11653/11653 11654/11654 11655/11655
f 11656/11656 11657/11657 11658/11658
f 11659/11659 11660/11660 11661/11661
f 11662/11662 11663/11663 11664/11664
f 11665/11665 11666/11666 11667/11667
f 11668/11668 11669/11669 11670/11670
f 11671/11671 11672/11672 11673/11673
f 11674/11674 11675/11675 11676/11676
f 11677/11677 11678/11678 11679/11679
f 11680/11680 11681/11681 11682/11682
f 11683/11683 11684/11684 11685/11685
f 11686/11686 11687/11687 11688/11688
f 11689/11689 11690/11690 11691/11691
f 11692/11692 11693/11693 11694/11694
f 11695/11695 11696/11696 11697/11697
f 11698/11698 11699/11699 11700/11700
f 11701/11701 11702/11702 11703/11703
f 11704/11704 11705/11705 11706/11706
f 11707/11707 11708/11708 11709/11709
f 11710/11710 11711/11711 11712/11712
f 11713/11713 11714/11714 11715/11715
f 11716/11716 11717/11717 11718/11718
f 11719/11719 11720/11720 11721/11721
f 11722/11722 11723/11723 11724/11724
f 11725/11725 11726/11726 11727/11727
f 11728/11728 11729/11729 11730/11730
f 11731/11731 11732/11732 11733/11733
f 11734/11734 11735/11735 11736/11736
f 11737/11737 11738/11738 11739/11739
f 11740/11740 11741/11741 11742/11742
f 11743/11743 11744/11744 11745/11745
f 11746/11746 11747/11747 11748/11748
f 11749/11749 11750/11750 11751/11751
f 11752/11752 11753/11753 11754/11754
f 11755/11755 11756/11756 11757/11757
f 11758/11758 11759/11759 11760/11760
f 11761/11761 11762/11762 11763/11763
f 11764/11764 11765/11765 11766/11766
f 11767/11767 11768/11768 11769/11769
f 11770/11770 11771/11771 11772/11772
f 11773/11773 11774/11774 11775/11775
f 11776/11776 11777/11777 11778/11778
f 11779/11779 11780/11780 11781/11781
f 11782/11782 11783/11783 11784/11784
f 11785/11785 11786/11786 11787/11787
f 11788/11788 11789/11789 11790/11790
f 11791/11791 11792/11792 11793/11793
f 11794/11794 11795/11795 11796/11796
f 11797/11797 11798/11798 11799/11799
f 11800/11800 11801/11801 11802/11802
f 11803/11803 11804/11804 11805/11805
f 11806/11806 11807/11807 11808/11808
f 11809/11809 11810/11810 11811/11811
f 11812/11812 11813/11813 11814/11814
f 11815/11815 11816/11816 11817/11817
f 11818/11818 11819/11819 11820/11820
f 11821/11821 11822/11822 11823/11823
f 11824/11824 11825/11825 11826/11826
f 11827/11827 11828/11828 11829/11829
f 11830/11830 11831/11831 11832/11832
f 11833/11833 11834/11834 11835/11835
f 11836/11836 11837/11837 11838/11838
f 11839/11839 11840/11840 11841/11841
f 11842/11842 11843/11843 11844/11844
f 11845/11845 11846/11846 11847/11847
f 11848/11848 11849/11849 11850/11850
f 11851/11851 11852/11852 11853/11853
f 11854/11854 11855/11855 11856/11856
f 11857/11857 11858/11858 11859/11859
f 11860/11860 11861/11861 11862/11862
f 11863/11863 11864/11864 11865/11865
f 11866/11866 11867/11867 11868/11868
f 11869/11869 11870/11870 11871/11871
f 11872/11872 11873/11873 11874/11874
f 11875/11875 11876/11876 11877/11877
f 11878/11878 11879/11879 11880/11880
f 11881/11881 11882/11882 11883/11883
f 11884/11884 11885/11885 11886/11886
f 11887/11887 11888/11888 11889/11889
f 11890/11890 11891/11891 11892/11892
f 11893/11893 11894/11894 11895/11895
f 11896/11896 11897/11897 11898/11898
f 11899/11899 11900/11900 11901/11901
f 11902/11902 11903/11903 11904/11904
f 11905/11905 11906/11906 11907/11907
f 11908/11908 11909/11909 11910/11910
f 11911/11911 11912/11912 11913/11913
f 11914/11914 11915/11915 11916/11916
f 11917/11917 11918/11918 11919/11919
f 11920/11920 11921/11921 11922/11922
f 11923/11923 11924/11924 11925/11925
f 11926/11926 11927/11927 11928/11928
f 11929/11929 11930/11930 11931/11931
f 11932/11932 11933/11933 11934/11934
f 11935/11935 11936/11936 11937/11937
f 11938/11938 11939/11939 11940/11940
f 11941/11941 11942/11942 11943/11943
f 11944/11944 11945/11945 11946/11946
f 11947/11947 11948/11948 11949/11949
f 11950/11950 11951/11951 11952/11952
f 11953/11953 11954/11954 11955/11955
f 11956/11956 11957/11957 11958/11958
f 11959/11959 11960/11960 11961/11961
f 11962/11962 11963/11963 11964/11964
f 11965/11965 11966/11966 11967/11967
f 11968/11968 11969/11969 11970/11970
f 11971/11971 11972/11972 11973/11973
f 11974/11974 11975/11975 11976/11976
f 11977/11977 11978/11978 11979/11979
f 11980/11980 11981/11981 11982/11982
f 11983/11983 11984/11984 11985/11985
f 11986/11986 11987/11987 11988/11988
f 11989/11989 11990/11990 11991/11991
f 11992/11992 11993/11993 11994/11994
f 11995/11995 11996/11996 11997/11997
f 11998/11998 11999/11999 12000/12000
f 12001/12001 12002/12002 12003/12003
f 12004/12004 12005/12005 12006/12006
f 12007/12007 12008/12008 12009/12009
f 12010/12010 12011/12011 12012/12012
f 12013/12013 12014/12014 12015/12015
f 12016/12016 12017/12017 12018/12018
f 12019/12019 12020/12020 12021/12021
f 12022/12022 12023/12023 12024/12024
f 12025/12025 12026/12026 12027/12027
f 12028/12028 12029/12029 12030/12030
f 12031/12031 12032/12032 12033/12033
f 12034/12034 12035/12035 12036/12036
f 12037/12037 12038/12038 12039/12039
f 12040/12040 12041/12041 12042/12042
f 12043/12043 12044/12044 12045/12045
f 12046/12046 12047/12047 12048/12048
f 12049/12049 12050/12050 12051/12051
f 12052/12052 12053/12053 12054/12054
f 12055/12055 12056/12056 12057/12057
f 12058/12058 12059/12059 12060/12060
f 12061/12061 12062/12062 12063/12063
f 12064/12064 12065/12065 12066/12066
f 12067/12067 12068/12068 12069/12069
f 12070/12070 12071/12071 12072/12072
f 12073/12073 12074/12074 12075/12075
f 12076/12076 12077/12077 12078/12078
f 12079/12079 12080/12080 12081/12081
f 12082/12082 12083/12083 12084/12084
f 12085/12085 12086/12086 12087/12087
f 12088/12088 12089/12089 12090/12090
f 12091/12091 12092/12092 12093/12093
f 12094/12094 12095/12095 12096/12096
f 12097/12097 12098/12098 12099/12099
f 12100/12100 12101/12101 12102/12102
f 12103/12103 12104/12104 12105/12105
f 12106/12106 12107/12107 12108/12108
f 12109/12109 12110/12110 12111/12111
f 12112/12112 12113/12113 12114/12114
f 12115/12115 12116/12116 12117/12117
f 12118/12118 12119/12119 12120/12120
f 12121/12121 12122/12122 12123/12123
f 12124/12124 12125/12125 12126/12126
f 12127/12127 12128/12128 12129/12129
f 12130/12130 12131/12131 12132/12132
f 12133/12133 12134/12134 12135/12135
f 12136/12136 12137/12137 12138/12138
f 12139/12139 12140/12140 12141/12141
f 12142/12142 12143/12143 12144/12144
f 12145/12145 12146/12146 12147/12147
f 12148/12148 12149/12149 12150/12150
f 12151/12151 12152/12152 12153/12153
f 12154/12154 12155/12155 12156/12156
f 12157/12157 12158/12158 12159/12159
f 12160/12160 12161/12161 12162/12162
f 12163/12163 12164/12164 12165/12165
f 12166/12166 12167/12167 12168/12168
f 12169/12169 12170/12170 12171/12171
f 12172/12172 12173/12173 12174/12174
f 12175/12175 12176/12176 12177/12177
f 12178/12178 12179/12179 12180/12180
f 12181/12181 12182/12182 12183/12183
f 12184/12184 12185/12185 12186/12186
f 12187/12187 12188/12188 12189/12189
f 12190/12190 12191/12191 12192/12192
f 12193/12193 12194/12194 12195/12195
f 12196/12196 12197/12197 12198/12198
f 12199/12199 12200/12200 12201/12201
f 12202/12202 12203/12203 12204/12204
f 12205/12205 12206/12206 12207/12207
f 12208/12208 12209/12209 12210/12210
f 12211/12211 12212/12212 12213/12213
f 12214/12214 12215/12215 12216/12216
f 12217/12217 12218/12218 12219/12219
f 12220/12220 12221/12221 12222/12222
f 12223/12223 12224/12224 12225/12225
f 12226/12226 12227/12227 12228/12228
f 12229/12229 12230/12230 12231/12231
f 12232/12232 12233/12233 12234/12234
f 12235/12235 12236/12236 12237/12237
f 12238/12238 12239/12239 12240/12240
f 12241/12241 12242/12242 12243/12243
f 12244/12244 12245/12245 12246/12246
f 12247/12247 12248/12248 12249/12249
f 12250/12250 12251/12251 12252/12252
f 12253/12253 12254/12254 12255/12255
f 12256/12256 12257/12257 12258/12258
f 12259/12259 12260/12260 12261/12261
f 12262/12262 12263/12263 12264/12264
f 12265/12265 12266/12266 12267/12267
f 12268/12268 12269/12269 12270/12270
f 12271/12271 12272/12272 12273/12273
f 12274/12274 12275/12275 12276/12276
f 12277/12277 12278/12278 12279/12279
f 12280/12280 12281/12281 12282/12282
f 12283/12283 12284/12284 12285/12285
f 12286/12286 12287/12287 12288/12288
f 12289/12289 12290/12290 12291/12291
f 12292/12292 12293/12293 12294/12294
f 12295/12295 12296/12296 12297/12297
f 12298/12298 12299/12299 12300/12300
f 12301/12301 12302/12302 12303/12303
f 12304/12304 12305/12305 12306/12306
f 12307/12307 12308/12308 12309/12309
f 12310/12310 12311/12311 12312/12312
f 12313/12313 12314/12314 12315/12315
f 12316/12316 12317/12317 12318/12318
f 12319/12319 12320/12320 12321/12321
f 12322/12322 12323/12323 12324/12324
f 12325/12325 12326/12326 12327/12327
f 12328/12328 12329/12329 12330/12330
f 12331/12331 12332/12332 12333/12333
f 12334/12334 12335/12335 12336/12336
f 12337/12337 12338/12338 12339/12339
f 12340/12340 12341/12341 12342/12342
f 12343/12343 12344/12344 12345/12345
f 12346/12346 12347/12347 12348/12348
f 12349/12349 12350/12350 12351/12351
f 12352/12352 12353/12353 12354/12354
f 12355/12355 12356/12356 12357/12357
f 12358/12358 12359/12359 12360/12360
f 12361/12361 12362/12362 12363/12363
f 12364/12364 12365/12365 12366/12366
f 12367/12367 12368/12368 12369/12369
f 12370/12370 12371/12371 12372/12372
f 12373/12373 12374/12374 12375/12375
f 12376/12376 12377/12377 12378/12378
f 12379/12379 12380/12380 12381/12381
f 12382/12382 12383/12383 12384/12384
f 12385/12385 12386/12386 12387/12387
f 12388/12388 12389/12389 12390/12390
f 12391/12391 12392/12392 12393/12393
f 12394/12394 12395/12395 12396/12396
f 12397/12397 12398/12398 12399/12399
f 12400/12400 12401/12401 12402/12402
f 12403/12403 12404/12404 12405/12405
f 12406/12406 12407/12407 12408/12408
f 12409/12409 12410/12410 12411/12411
f 12412/12412 12413/12413 12414/12414
f 12415/12415 12416/12416 12417/12417
f 12418/12418 12419/12419 12420/12420
f 12421/12421 12422/12422 12423/12423
f 12424/12424 12425/12425 12426/12426
f 12427/12427 12428/12428 12429/12429
f 12430/12430 12431/12431 12432/12432
f 12433/12433 12434/12434 12435/12435
f 12436/12436 12437/12437 12438/12438
f 12439/12439 12440/12440 12441/12441
f 12442/12442 12443/12443 12444/12444
f 12445/12445 12446/12446 12447/12447
f 12448/12448 12449/12449 12450/12450
f 12451/12451 12452/12452 12453/12453
f 12454/12454 12455/12455 12456/12456
f 12457/12457 12458/12458 12459/12459
f 12460/12460 12461/12461 12462/12462
f 12463/12463 12464/12464 12465/12465
f 12466/12466 12467/12467 12468/12468
f 12469/12469 12470/12470 12471/12471
f 12472/12472 12473/12473 12474/12474
f 12475/12475 12476/12476 12477/12477
f 12478/12478 12479/12479 12480/12480
f 12481/12481 12482/12482 12483/12483
f 12484/12484 12485/12485 12486/12486
f 12487/12487 12488/12488 12489/12489
f 12490/12490 12491/12491 12492/12492
f 12493/12493 12494/12494 12495/12495
f 12496/12496 12497/12497 12498/12498
f 12499/12499 12500/12500 12501/12501
f 12502/12502 12503/12503 12504/12504
f 12505/12505 12506/12506 12507/12507
f 12508/12508 12509/12509 12510/12510
f 12511/12511 12512/12512 12513/12513
f 12514/12514 12515/12515 12516/12516
f 12517/12517 12518/12518 12519/12519
f 12520/12520 12521/12521 12522/12522
f 12523/12523 12524/12524 12525/12525
f 12526/12526 12527/12527 12528/12528
f 12529/12529 12530/12530 12531/12531
f 12532/12532 12533/12533 12534/12534
f 12535/12535 12536/12536 12537/12537
f 12538/12538 12539/12539 12540/12540
f 12541/12541 12542/12542 12543/12543
f 12544/12544 12545/12545 12546/12546
f 12547/12547 12548/12548 12549/12549
f 12550/12550 12551/12551 12552/12552
f 12553/12553 12554/12554 12555/12555
f 12556/12556 12557/12557 12558/12558
f 12559/12559 12560/12560 12561/12561
f 12562/12562 12563/12563 12564/12564
f 12565/12565 12566/12566 12567/12567
f 12568/12568 12569/12569 12570/12570
f 12571/12571 12572/12572 12573/12573
f 12574/12574 12575/12575 12576/12576
f 12577/12577 12578/12578 12579/12579
f 12580/12580 12581/12581 12582/12582
f 12583/12583 12584/12584 12585/12585
f 12586/12586 12587/12587 12588/12588
f 12589/12589 12590/12590 12591/12591
f 12592/12592 12593/12593 12594/12594
f 12595/12595 12596/12596 12597/12597
f 12598/12598 12599/12599 12600/12600
f 12601/12601 12602/12602 12603/12603
f 12604/12604 12605/12605 12606/12606
f 12607/12607 12608/12608 12609/12609
f 12610/12610 12611/12611 12612/12612
f 12613/12613 12614/12614 12615/12615
f 12616/12616 12617/12617 12618/12618
f 12619/12619 12620/12620 12621/12621
f 12622/12622 12623/12623 12624/12624
f 12625/12625 12626/12626 12627/12627
f 12628/12628 12629/12629 12630/12630
f 12631/12631 12632/12632 12633/12633
f 12634/12634 12635/12635 12636/12636
f 12637/12637 12638/12638 12639/12639
f 12640/12640 12641/12641 12642/12642
f 12643/12643 12644/12644 12645/12645
f 12646/12646 12647/12647 12648/12648
f 12649/12649 12650/12650 12651/12651
f 12652/12652 12653/12653 12654/12654
f 12655/12655 12656/12656 12657/12657
f 12658/12658 12659/12659 12660/12660
f 12661/12661 12662/12662 12663/12663
f 12664/12664 12665/12665 12666/12666
f 12667/12667 12668/12668 12669/12669
f 12670/12670 12671/12671 12672/12672
f 12673/12673 12674/12674 12675/12675
f 12676/12676 12677/12677 12678/12678
f 12679/12679 12680/12680 12681/12681
f 12682/12682 12683/12683 12684/12684
f 12685/12685 12686/12686 12687/12687
f 12688/12688 12689/12689 12690/12690
f 12691/12691 12692/12692 12693/12693
f 12694/12694 12695/12695 12696/12696
f 12697/12697 12698/12698 12699/12699
f 12700/12700 12701/12701 12702/12702
f 12703/12703 12704/12704 12705/12705
f 12706/12706 12707/12707 12708/12708
f 12709/12709 12710/12710 12711/12711
f 12712/12712 12713/12713 12714/12714
f 12715/12715 12716/12716 12717/12717
f 12718/12718 12719/12719 12720/12720
f 12721/12721 12722/12722 12723/12723
f 12724/12724 12725/12725 12726/12726
f 12727/12727 12728/12728 12729/12729
f 12730/12730 12731/12731 12732/12732
f 12733/12733 12734/12734 12735/12735
f 12736/12736 12737/12737 12738/12738
f 12739/12739 12740/12740 12741/12741
f 12742/12742 12743/12743 12744/12744
f 12745/12745 12746/12746 12747/12747
f 12748/12748 12749/12749 12750/12750
f 12751/12751 12752/12752 12753/12753
f 12754/12754 12755/12755 12756/12756
f 12757/12757 12758/12758 12759/12759
f 12760/12760 12761/12761 12762/12762
f 12763/12763 12764/12764 12765/12765
f 12766/12766 12767/12767 12768/12768
f 12769/12769 12770/12770 12771/12771
f 12772/12772 12773/12773 12774/12774
f 12775/12775 12776/12776 12777/12777
f 12778/12778 12779/12779 12780/12780
f 12781/12781 12782/12782 12783/12783
f 12784/12784 12785/12785 12786/12786
f 12787/12787 12788/12788 12789/12789
f 12790/12790 12791/12791 12792/12792
f 12793/12793 12794/12794 12795/12795
f 12796/12796 12797/12797 12798/12798
f 12799/12799 12800/12800 12801/12801
f 12802/12802 12803/12803 12804/12804
f 12805/12805 12806/12806 12807/12807
f 12808/12808 12809/12809 12810/12810
f 12811/12811 12812/12812 12813/12813
f 12814/12814 12815/12815 12816/12816
f 12817/12817 12818/12818 12819/12819
f 12820/12820 12821/12821 12822/12822
f 12823/12823 12824/12824 12825/12825
f 12826/12826 12827/12827 12828/12828
f 12829/12829 12830/12830 12831/12831
f 12832/12832 12833/12833 12834/12834
f 12835/12835 12836/12836 12837/12837
f 12838/12838 12839/12839 12840/12840
f 12841/12841 12842/12842 12843/12843
f 12844/12844 12845/12845 12846/12846
f 12847/12847 12848/12848 12849/12849
f 12850/12850 12851/12851 12852/12852
f 12853/12853 12854/12854 12855/12855
f 12856/12856 12857/12857 12858/12858
f 12859/12859 12860/12860 12861/12861
f 12862/12862 12863/12863 12864/12864
f 12865/12865 12866/12866 12867/12867
f 12868/12868 12869/12869 12870/12870
f 12871/12871 12872/12872 12873/12873
f 12874/12874 12875/12875 12876/12876
f 12877/12877 12878/12878 12879/12879
f 12880/12880 12881/12881 12882/12882
f 12883/12883 12884/12884 12885/12885
f 12886/12886 12887/12887 12888/12888
f 12889/12889 12890/12890 12891/12891
f 12892/12892 12893/12893 12894/12894
f 12895/12895 12896/12896 12897/12897
f 12898/12898 12899/12899 12900/12900
f 12901/12901 12902/12902 12903/12903
f 12904/12904 12905/12905 12906/12906
f 12907/12907 12908/12908 12909/12909
f 12910/12910 12911/12911 12912/12912
f 12913/12913 12914/12914 12915/12915
f 12916/12916 12917/12917 12918/12918
f 12919/12919 12920/12920 12921/12921
f 12922/12922 12923/12923 12924/12924
f 12925/12925 12926/12926 12927/12927
f 12928/12928 12929/12929 12930/12930
f 12931/12931 12932/12932 12933/12933
f 12934/12934 12935/12935 12936/12936
f 12937/12937 12938/12938 12939/12939
f 12940/12940 12941/12941 12942/12942
f 12943/12943 12944/12944 12945/12945
f 12946/12946 12947/12947 12948/12948
f 12949/12949 12950/12950 12951/12951
f 12952/12952 12953/12953 12954/12954
f 12955/12955 12956/12956 12957/12957
f 12958/12958 12959/12959 12960/12960
f 12961/12961 12962/12962 12963/12963
f 12964/12964 12965/12965 12966/12966
f 12967/12967 12968/12968 12969/12969
f 12970/12970 12971/12971 12972/12972
f 12973/12973 12974/12974 12975/12975
f 12976/12976 12977/12977 12978/12978
f 12979/12979 12980/12980 12981/12981
f 12982/12982 12983/12983 12984/12984
f 12985/12985 12986/12986 12987/12987
f 12988/12988 12989/12989 12990/12990
f 12991/12991 12992/12992 12993/12993
f 12994/12994 12995/12995 12996/12996
f 12997/12997 12998/12998 12999/12999
f 13000/13000 13001/13001 13002/13002
f 13003/13003 13004/13004 13005/13005
f 13006/13006 13007/13007 13008/13008
f 13009/13009 13010/13010 13011/13011
f 13012/13012 13013/13013 13014/13014
f 13015/13015 13016/13016 13017/13017
f 13018/13018 13019/13019 13020/13020
f 13021/13021 13022/13022 13023/13023
f 13024/13024 13025/13025 13026/13026
f 13027/13027 13028/13028 13029/13029
f 13030/13030 13031/13031 13032/13032
f 13033/13033 13034/13034 13035/13035
f 13036/13036 13037/13037 13038/13038
f 13039/13039 13040/13040 13041/13041
f 13042/13042 13043/13043 13044/13044
f 13045/13045 13046/13046 13047/13047
f 13048/13048 13049/13049 13050/13050
f 13051/13051 13052/13052 13053/13053
f 13054/13054 13055/13055 13056/13056
f 13057/13057 13058/13058 13059/13059
f 13060/13060 13061/13061 13062/13062
f 13063/13063 13064/13064 13065/13065
f 13066/13066 13067/13067 13068/13068
f 13069/13069 13070/13070 13071/13071
f 13072/13072 13073/13073 13074/13074
f 13075/13075 13076/13076 13077/13077
f 13078/13078 13079/13079 13080/13080
f 13081/13081 13082/13082 13083/13083
f 13084/13084 13085/13085 13086/13086
f 13087/13087 13088/13088 13089/13089
f 13090/13090 13091/13091 13092/13092
f 13093/13093 13094/13094 13095/13095
f 13096/13096 13097/13097 13098/13098
f 13099/13099 13100/13100 13101/13101
f 13102/13102 13103/13103 13104/13104
f 13105/13105 13106/13106 13107/13107
f 13108/13108 13109/13109 13110/13110
f 13111/13111 13112/13112 13113/13113
f 13114/13114 13115/13115 13116/13116
f 13117/13117 13118/13118 13119/13119
f 13120/13120 13121/13121 13122/13122
f 13123/13123 13124/13124 13125/13125
f 13126/13126 13127/13127 13128/13128
f 13129/13129 13130/13130 13131/13131
f 13132/13132 13133/13133 13134/13134
f 13135/13135 13136/13136 13137/13137
f 13138/13138 13139/13139 13140/13140
f 13141/13141 13142/13142 13143/13143
f 13144/13144 13145/13145 13146/13146
f 13147/13147 13148/13148 13149/13149
f 13150/13150 13151/13151 13152/13152
f 13153/13153 13154/13154 13155/13155
f 13156/13156 13157/13157 13158/13158
f 13159/13159 13160/13160 13161/13161
f 13162/13162 13163/13163 13164/13164
f 13165/13165 13166/13166 13167/13167
f 13168/13168 13169/13169 13170/13170
f 13171/13171 13172/13172 13173/13173
f 13174/13174 13175/13175 13176/13176
f 13177/13177 13178/13178 13179/13179
f 13180/13180 13181/13181 13182/13182
f 13183/13183 13184/13184 13185/13185
f 13186/13186 13187/13187 13188/13188
f 13189/13189 13190/13190 13191/13191
f 13192/13192 13193/13193 13194/13194
f 13195/13195 13196/13196 13197/13197
f 13198/13198 13199/13199 13200/13200
f 13201/13201 13202/13202 13203/13203
f 13204/13204 13205/13205 13206/13206
f 13207/13207 13208/13208 13209/13209
f 13210/13210 13211/13211 13212/13212
f 13213/13213 13214/13214 13215/13215
f 13216/13216 13217/13217 13218/13218
f 13219/13219 13220/13220 13221/13221
f 13222/13222 13223/13223 13224/13224
f 13225/13225 13226/13226 13227/13227
f 13228/13228 13229/13229 13230/13230
f 13231/13231 13232/13232 13233/13233
f 13234/13234 13235/13235 13236/13236
f 13237/13237 13238/13238 13239/13239
f 13240/13240 13241/13241 13242/13242
f 13243/13243 13244/13244 13245/13245
f 13246/13246 13247/13247 13248/13248
f 13249/13249 13250/13250 13251/13251
f 13252/13252 13253/13253 13254/13254
f 13255/13255 13256/13256 13257/13257
f 13258/13258 13259/13259 13260/13260
f 13261/13261 13262/13262 13263/13263
f 13264/13264 13265/13265 13266/13266
f 13267/13267 13268/13268 13269/13269
f 13270/13270 13271/13271 13272/13272
f 13273/13273 13274/13274 13275/13275
f 13276/13276 13277/13277 13278/13278
f 13279/13279 13280/13280 13281/13281
f 13282/13282 13283/13283 13284/13284
f 13285/13285 13286/13286 13287/13287
