# converted from UMD2 by mdl_to_obj.py
v 0.317383 -0.346680 -0.393555
v 0.317383 -0.325195 -0.393555
v 0.411133 -0.346680 -0.291992
v 0.202148 -0.325195 -0.432617
v 0.317383 -0.325195 -0.393555
v 0.317383 -0.346680 -0.393555
v 0.317383 -0.346680 -0.393555
v 0.411133 -0.346680 -0.291992
v 0.202148 -0.346680 -0.432617
v 0.317383 -0.346680 -0.393555
v 0.202148 -0.346680 -0.432617
v 0.202148 -0.325195 -0.432617
v 0.411133 -0.325195 -0.291992
v 0.411133 -0.346680 -0.291992
v 0.317383 -0.325195 -0.393555
v 0.375977 -0.325195 0.059570
v 0.411133 -0.325195 -0.291992
v 0.317383 -0.325195 -0.393555
v 0.317383 -0.325195 -0.393555
v 0.202148 -0.325195 -0.432617
v 0.375977 -0.325195 0.059570
v 0.411133 -0.346680 -0.291992
v 0.411133 -0.325195 -0.291992
v 0.469727 -0.325195 -0.168945
v 0.469727 -0.346680 -0.168945
v 0.202148 -0.346680 -0.432617
v 0.411133 -0.346680 -0.291992
v 0.469727 -0.325195 -0.168945
v 0.469727 -0.346680 -0.168945
v 0.411133 -0.346680 -0.291992
v 0.375977 -0.325195 0.059570
v 0.469727 -0.325195 -0.168945
v 0.411133 -0.325195 -0.291992
v 0.274414 -0.329102 -0.366211
v 0.266602 -0.329102 -0.366211
v 0.272461 -0.297852 -0.362305
v 0.280273 -0.297852 -0.362305
v 0.307617 -0.329102 -0.334961
v 0.274414 -0.329102 -0.366211
v 0.272461 -0.297852 -0.362305
v 0.280273 -0.297852 -0.362305
v 0.274414 -0.329102 -0.366211
v 0.243164 -0.329102 -0.340820
v 0.272461 -0.297852 -0.362305
v 0.266602 -0.329102 -0.366211
v 0.256836 -0.260742 -0.340820
v 0.256836 -0.329102 -0.340820
v 0.262695 -0.329102 -0.352539
v 0.262695 -0.329102 -0.352539
v 0.262695 -0.260742 -0.352539
v 0.256836 -0.260742 -0.340820
v 0.249023 -0.329102 -0.360352
v 0.262695 -0.260742 -0.352539
v 0.262695 -0.329102 -0.352539
v 0.303711 -0.301758 -0.338867
v 0.307617 -0.329102 -0.325195
v 0.307617 -0.329102 -0.334961
v 0.307617 -0.329102 -0.334961
v 0.280273 -0.297852 -0.362305
v 0.303711 -0.301758 -0.338867
v 0.307617 -0.329102 -0.325195
v 0.303711 -0.301758 -0.338867
v 0.303711 -0.301758 -0.331055
v 0.307617 -0.329102 -0.325195
v 0.303711 -0.301758 -0.331055
v 0.278320 -0.301758 -0.305664
v 0.278320 -0.301758 -0.305664
v 0.282227 -0.329102 -0.301758
v 0.307617 -0.329102 -0.325195
v 0.305664 -0.329102 -0.317383
v 0.297852 -0.329102 -0.317383
v 0.297852 -0.313477 -0.313477
v 0.297852 -0.313477 -0.313477
v 0.305664 -0.313477 -0.313477
v 0.305664 -0.329102 -0.317383
v 0.305664 -0.329102 -0.317383
v 0.305664 -0.313477 -0.313477
v 0.327148 -0.329102 -0.288086
v 0.272461 -0.329102 -0.299805
v 0.297852 -0.313477 -0.313477
v 0.297852 -0.329102 -0.317383
v 0.305664 -0.313477 -0.313477
v 0.297852 -0.313477 -0.313477
v 0.301758 -0.307617 -0.307617
v 0.321289 -0.313477 -0.291992
v 0.327148 -0.329102 -0.288086
v 0.305664 -0.313477 -0.313477
v 0.301758 -0.307617 -0.307617
v 0.321289 -0.313477 -0.291992
v 0.305664 -0.313477 -0.313477
v 0.297852 -0.313477 -0.313477
v 0.272461 -0.329102 -0.299805
v 0.274414 -0.319336 -0.293945
v 0.297852 -0.313477 -0.313477
v 0.274414 -0.319336 -0.293945
v 0.276367 -0.313477 -0.290039
v 0.297852 -0.313477 -0.313477
v 0.276367 -0.313477 -0.290039
v 0.301758 -0.307617 -0.307617
v 0.256836 -0.329102 -0.340820
v 0.256836 -0.260742 -0.340820
v 0.241211 -0.256836 -0.348633
v 0.241211 -0.256836 -0.348633
v 0.243164 -0.329102 -0.350586
v 0.256836 -0.329102 -0.340820
v 0.280273 -0.297852 -0.362305
v 0.272461 -0.297852 -0.362305
v 0.276367 -0.291992 -0.356445
v 0.280273 -0.297852 -0.362305
v 0.276367 -0.291992 -0.356445
v 0.303711 -0.301758 -0.338867
v 0.250977 -0.291992 -0.331055
v 0.276367 -0.291992 -0.356445
v 0.272461 -0.297852 -0.362305
v 0.247070 -0.297852 -0.336914
v 0.250977 -0.291992 -0.331055
v 0.272461 -0.297852 -0.362305
v 0.272461 -0.297852 -0.362305
v 0.243164 -0.329102 -0.340820
v 0.247070 -0.297852 -0.336914
v 0.297852 -0.295898 -0.336914
v 0.303711 -0.301758 -0.338867
v 0.276367 -0.291992 -0.356445
v 0.250977 -0.291992 -0.331055
v 0.297852 -0.295898 -0.336914
v 0.276367 -0.291992 -0.356445
v 0.252930 -0.307617 -0.352539
v 0.250977 -0.307617 -0.348633
v 0.139648 -0.307617 -0.413086
v 0.139648 -0.307617 -0.413086
v 0.252930 -0.293945 -0.352539
v 0.252930 -0.307617 -0.352539
v 0.250977 -0.307617 -0.348633
v 0.250977 -0.293945 -0.348633
v 0.137695 -0.293945 -0.409180
v 0.137695 -0.307617 -0.409180
v 0.139648 -0.307617 -0.413086
v 0.250977 -0.307617 -0.348633
v 0.137695 -0.293945 -0.409180
v 0.137695 -0.307617 -0.409180
v 0.250977 -0.307617 -0.348633
v 0.137695 -0.293945 -0.409180
v 0.250977 -0.293945 -0.348633
v 0.252930 -0.293945 -0.352539
v 0.252930 -0.293945 -0.352539
v 0.139648 -0.307617 -0.413086
v 0.139648 -0.293945 -0.413086
v 0.252930 -0.293945 -0.352539
v 0.139648 -0.293945 -0.413086
v 0.137695 -0.293945 -0.409180
v 0.252930 -0.288086 -0.352539
v 0.250977 -0.288086 -0.348633
v 0.139648 -0.288086 -0.413086
v 0.196289 -0.274414 -0.383789
v 0.252930 -0.272461 -0.352539
v 0.252930 -0.288086 -0.352539
v 0.139648 -0.288086 -0.413086
v 0.196289 -0.274414 -0.383789
v 0.252930 -0.288086 -0.352539
v 0.250977 -0.288086 -0.348633
v 0.250977 -0.272461 -0.348633
v 0.194336 -0.274414 -0.377930
v 0.250977 -0.288086 -0.348633
v 0.194336 -0.274414 -0.377930
v 0.137695 -0.288086 -0.409180
v 0.137695 -0.288086 -0.409180
v 0.139648 -0.288086 -0.413086
v 0.250977 -0.288086 -0.348633
v 0.196289 -0.274414 -0.383789
v 0.250977 -0.272461 -0.348633
v 0.252930 -0.272461 -0.352539
v 0.250977 -0.272461 -0.348633
v 0.196289 -0.274414 -0.383789
v 0.194336 -0.274414 -0.377930
v 0.241211 -0.256836 -0.348633
v 0.256836 -0.260742 -0.340820
v 0.262695 -0.260742 -0.352539
v 0.262695 -0.260742 -0.352539
v 0.249023 -0.329102 -0.360352
v 0.249023 -0.256836 -0.362305
v 0.262695 -0.260742 -0.352539
v 0.249023 -0.256836 -0.362305
v 0.241211 -0.256836 -0.348633
v 0.297852 -0.295898 -0.336914
v 0.303711 -0.301758 -0.331055
v 0.303711 -0.301758 -0.338867
v 0.303711 -0.301758 -0.331055
v 0.297852 -0.295898 -0.336914
v 0.278320 -0.301758 -0.305664
v 0.297852 -0.295898 -0.336914
v 0.250977 -0.291992 -0.331055
v 0.272461 -0.295898 -0.309570
v 0.272461 -0.295898 -0.309570
v 0.278320 -0.301758 -0.305664
v 0.297852 -0.295898 -0.336914
v 0.247070 -0.297852 -0.327148
v 0.272461 -0.295898 -0.309570
v 0.250977 -0.291992 -0.331055
v 0.250977 -0.291992 -0.331055
v 0.247070 -0.297852 -0.336914
v 0.247070 -0.297852 -0.327148
v 0.327148 -0.329102 -0.288086
v 0.321289 -0.313477 -0.291992
v 0.327148 -0.329102 -0.280273
v 0.321289 -0.313477 -0.291992
v 0.321289 -0.313477 -0.284180
v 0.327148 -0.329102 -0.280273
v 0.315430 -0.307617 -0.288086
v 0.321289 -0.313477 -0.284180
v 0.321289 -0.313477 -0.291992
v 0.301758 -0.307617 -0.307617
v 0.315430 -0.307617 -0.288086
v 0.321289 -0.313477 -0.291992
v 0.297852 -0.319336 -0.264648
v 0.327148 -0.329102 -0.280273
v 0.321289 -0.313477 -0.284180
v 0.321289 -0.313477 -0.284180
v 0.315430 -0.307617 -0.288086
v 0.297852 -0.319336 -0.264648
v 0.297852 -0.319336 -0.264648
v 0.303711 -0.329102 -0.260742
v 0.327148 -0.329102 -0.280273
v 0.315430 -0.307617 -0.288086
v 0.276367 -0.313477 -0.290039
v 0.291992 -0.313477 -0.270508
v 0.301758 -0.307617 -0.307617
v 0.276367 -0.313477 -0.290039
v 0.315430 -0.307617 -0.288086
v 0.315430 -0.307617 -0.288086
v 0.291992 -0.313477 -0.270508
v 0.297852 -0.319336 -0.264648
v 0.278320 -0.301758 -0.305664
v 0.274414 -0.329102 -0.301758
v 0.282227 -0.329102 -0.301758
v 0.274414 -0.329102 -0.301758
v 0.278320 -0.301758 -0.305664
v 0.268555 -0.301758 -0.305664
v 0.274414 -0.329102 -0.301758
v 0.268555 -0.301758 -0.305664
v 0.247070 -0.297852 -0.327148
v 0.247070 -0.297852 -0.327148
v 0.243164 -0.329102 -0.333008
v 0.274414 -0.329102 -0.301758
v 0.272461 -0.329102 -0.299805
v 0.272461 -0.329102 -0.291992
v 0.272461 -0.321289 -0.286133
v 0.272461 -0.321289 -0.286133
v 0.274414 -0.319336 -0.293945
v 0.272461 -0.329102 -0.299805
v 0.293945 -0.329102 -0.262695
v 0.272461 -0.321289 -0.286133
v 0.272461 -0.329102 -0.291992
v 0.272461 -0.321289 -0.286133
v 0.276367 -0.313477 -0.290039
v 0.274414 -0.319336 -0.293945
v 0.276367 -0.313477 -0.290039
v 0.272461 -0.321289 -0.286133
v 0.291992 -0.313477 -0.270508
v 0.272461 -0.321289 -0.286133
v 0.290039 -0.321289 -0.266602
v 0.291992 -0.313477 -0.270508
v 0.293945 -0.329102 -0.262695
v 0.290039 -0.321289 -0.266602
v 0.272461 -0.321289 -0.286133
v 0.297852 -0.319336 -0.264648
v 0.291992 -0.313477 -0.270508
v 0.290039 -0.321289 -0.266602
v 0.293945 -0.329102 -0.262695
v 0.297852 -0.319336 -0.264648
v 0.290039 -0.321289 -0.266602
v 0.303711 -0.329102 -0.260742
v 0.297852 -0.319336 -0.264648
v 0.293945 -0.329102 -0.262695
v 0.272461 -0.295898 -0.309570
v 0.268555 -0.301758 -0.305664
v 0.278320 -0.301758 -0.305664
v 0.268555 -0.301758 -0.305664
v 0.272461 -0.295898 -0.309570
v 0.247070 -0.297852 -0.327148
v 0.172852 -0.346680 -0.469727
v 0.172852 -0.325195 -0.469727
v 0.202148 -0.325195 -0.432617
v 0.030273 -0.346680 -0.499023
v 0.172852 -0.325195 -0.469727
v 0.172852 -0.346680 -0.469727
v 0.202148 -0.325195 -0.432617
v 0.202148 -0.346680 -0.432617
v 0.172852 -0.346680 -0.469727
v 0.172852 -0.346680 -0.469727
v 0.202148 -0.346680 -0.432617
v 0.030273 -0.346680 -0.499023
v 0.375977 -0.325195 0.059570
v 0.202148 -0.325195 -0.432617
v 0.172852 -0.325195 -0.469727
v 0.172852 -0.325195 -0.469727
v 0.030273 -0.346680 -0.499023
v 0.030273 -0.325195 -0.499023
v 0.172852 -0.325195 -0.469727
v 0.030273 -0.325195 -0.499023
v 0.375977 -0.325195 0.059570
v -0.311523 -0.346680 -0.452148
v 0.030273 -0.346680 -0.499023
v 0.202148 -0.346680 -0.432617
v 0.202148 -0.346680 -0.432617
v 0.469727 -0.346680 -0.168945
v 0.436523 -0.346680 0.067383
v -0.413086 -0.346680 -0.291992
v -0.311523 -0.346680 -0.452148
v 0.202148 -0.346680 -0.432617
v -0.461914 -0.346680 -0.168945
v -0.413086 -0.346680 -0.291992
v 0.202148 -0.346680 -0.432617
v -0.469727 -0.346680 -0.034180
v -0.461914 -0.346680 -0.168945
v 0.202148 -0.346680 -0.432617
v 0.436523 -0.346680 0.067383
v -0.469727 -0.346680 -0.034180
v 0.202148 -0.346680 -0.432617
v 0.139648 -0.272461 -0.413086
v 0.194336 -0.274414 -0.377930
v 0.196289 -0.274414 -0.383789
v 0.196289 -0.274414 -0.383789
v 0.139648 -0.288086 -0.413086
v 0.139648 -0.272461 -0.413086
v 0.137695 -0.272461 -0.409180
v 0.137695 -0.288086 -0.409180
v 0.194336 -0.274414 -0.377930
v 0.194336 -0.274414 -0.377930
v 0.139648 -0.272461 -0.413086
v 0.137695 -0.272461 -0.409180
v 0.147461 -0.329102 -0.415039
v 0.129883 -0.329102 -0.418945
v 0.145508 -0.254883 -0.416992
v 0.141602 -0.254883 -0.401367
v 0.143555 -0.329102 -0.403320
v 0.147461 -0.329102 -0.415039
v 0.147461 -0.329102 -0.415039
v 0.145508 -0.254883 -0.416992
v 0.141602 -0.254883 -0.401367
v 0.129883 -0.329102 -0.418945
v 0.127930 -0.329102 -0.407227
v 0.127930 -0.250977 -0.420898
v 0.127930 -0.250977 -0.420898
v 0.145508 -0.254883 -0.416992
v 0.129883 -0.329102 -0.418945
v 0.127930 -0.329102 -0.407227
v 0.143555 -0.329102 -0.403320
v 0.124023 -0.250977 -0.407227
v 0.124023 -0.250977 -0.407227
v 0.127930 -0.250977 -0.420898
v 0.127930 -0.329102 -0.407227
v 0.143555 -0.329102 -0.403320
v 0.141602 -0.254883 -0.401367
v 0.124023 -0.250977 -0.407227
v 0.129883 -0.311523 -0.415039
v 0.129883 -0.311523 -0.411133
v -0.024414 -0.311523 -0.432617
v -0.024414 -0.311523 -0.432617
v 0.129883 -0.295898 -0.415039
v 0.129883 -0.311523 -0.415039
v 0.129883 -0.311523 -0.411133
v 0.129883 -0.295898 -0.411133
v -0.026367 -0.295898 -0.426758
v -0.026367 -0.311523 -0.426758
v -0.024414 -0.311523 -0.432617
v 0.129883 -0.311523 -0.411133
v -0.026367 -0.295898 -0.426758
v -0.026367 -0.311523 -0.426758
v 0.129883 -0.311523 -0.411133
v -0.026367 -0.295898 -0.426758
v 0.129883 -0.295898 -0.411133
v 0.129883 -0.295898 -0.415039
v 0.129883 -0.295898 -0.415039
v -0.024414 -0.311523 -0.432617
v -0.024414 -0.295898 -0.432617
v 0.129883 -0.295898 -0.415039
v -0.024414 -0.295898 -0.432617
v -0.026367 -0.295898 -0.426758
v 0.129883 -0.286133 -0.415039
v 0.129883 -0.286133 -0.411133
v -0.024414 -0.280273 -0.432617
v 0.053711 -0.258789 -0.422852
v 0.129883 -0.266602 -0.415039
v 0.129883 -0.286133 -0.415039
v -0.024414 -0.280273 -0.432617
v 0.053711 -0.258789 -0.422852
v 0.129883 -0.286133 -0.415039
v 0.129883 -0.286133 -0.411133
v 0.129883 -0.266602 -0.411133
v 0.053711 -0.258789 -0.418945
v 0.129883 -0.286133 -0.411133
v 0.053711 -0.258789 -0.418945
v -0.026367 -0.280273 -0.426758
v -0.026367 -0.280273 -0.426758
v -0.024414 -0.280273 -0.432617
v 0.129883 -0.286133 -0.411133
v 0.145508 -0.254883 -0.416992
v 0.127930 -0.250977 -0.420898
v 0.124023 -0.250977 -0.407227
v 0.124023 -0.250977 -0.407227
v 0.141602 -0.254883 -0.401367
v 0.145508 -0.254883 -0.416992
v 0.053711 -0.258789 -0.422852
v 0.129883 -0.266602 -0.411133
v 0.129883 -0.266602 -0.415039
v 0.129883 -0.266602 -0.411133
v 0.053711 -0.258789 -0.422852
v 0.053711 -0.258789 -0.418945
v -0.166992 -0.325195 -0.499023
v 0.030273 -0.325195 -0.499023
v 0.030273 -0.346680 -0.499023
v 0.030273 -0.346680 -0.499023
v -0.166992 -0.346680 -0.499023
v -0.166992 -0.325195 -0.499023
v -0.311523 -0.346680 -0.452148
v -0.166992 -0.346680 -0.499023
v 0.030273 -0.346680 -0.499023
v 0.030273 -0.325195 -0.499023
v -0.166992 -0.325195 -0.499023
v 0.375977 -0.325195 0.059570
v -0.024414 -0.258789 -0.432617
v 0.053711 -0.258789 -0.418945
v 0.053711 -0.258789 -0.422852
v 0.053711 -0.258789 -0.422852
v -0.024414 -0.280273 -0.432617
v -0.024414 -0.258789 -0.432617
v -0.026367 -0.258789 -0.426758
v -0.026367 -0.280273 -0.426758
v 0.053711 -0.258789 -0.418945
v 0.053711 -0.258789 -0.418945
v -0.024414 -0.258789 -0.432617
v -0.026367 -0.258789 -0.426758
v 0.249023 -0.329102 -0.360352
v 0.243164 -0.329102 -0.350586
v 0.249023 -0.256836 -0.362305
v 0.241211 -0.256836 -0.348633
v 0.249023 -0.256836 -0.362305
v 0.243164 -0.329102 -0.350586
v 0.243164 -0.329102 -0.340820
v 0.243164 -0.329102 -0.333008
v 0.247070 -0.297852 -0.327148
v 0.247070 -0.297852 -0.327148
v 0.247070 -0.297852 -0.336914
v 0.243164 -0.329102 -0.340820
v 0.194336 -0.297852 -0.327148
v 0.204102 -0.301758 -0.319336
v 0.202148 -0.303711 -0.336914
v 0.184570 -0.301758 -0.342773
v 0.194336 -0.297852 -0.327148
v 0.202148 -0.303711 -0.336914
v 0.188477 -0.291992 -0.333008
v 0.190430 -0.286133 -0.334961
v 0.192383 -0.284180 -0.329102
v 0.184570 -0.290039 -0.331055
v 0.190430 -0.286133 -0.334961
v 0.188477 -0.291992 -0.333008
v 0.188477 -0.291992 -0.333008
v 0.192383 -0.284180 -0.329102
v 0.188477 -0.291992 -0.327148
v 0.188477 -0.291992 -0.333008
v 0.188477 -0.291992 -0.327148
v 0.182617 -0.299805 -0.329102
v 0.188477 -0.291992 -0.333008
v 0.182617 -0.299805 -0.329102
v 0.178711 -0.297852 -0.329102
v 0.188477 -0.291992 -0.333008
v 0.178711 -0.297852 -0.329102
v 0.184570 -0.290039 -0.331055
v 0.190430 -0.274414 -0.333008
v 0.192383 -0.284180 -0.329102
v 0.190430 -0.286133 -0.334961
v 0.190430 -0.286133 -0.334961
v 0.188477 -0.284180 -0.331055
v 0.190430 -0.274414 -0.333008
v 0.184570 -0.290039 -0.331055
v 0.188477 -0.284180 -0.331055
v 0.190430 -0.286133 -0.334961
v 0.190430 -0.282227 -0.333008
v 0.196289 -0.278320 -0.340820
v 0.200195 -0.278320 -0.327148
v 0.180664 -0.278320 -0.338867
v 0.196289 -0.278320 -0.340820
v 0.190430 -0.282227 -0.333008
v 0.190430 -0.282227 -0.333008
v 0.200195 -0.278320 -0.327148
v 0.186523 -0.278320 -0.321289
v 0.176758 -0.278320 -0.327148
v 0.180664 -0.278320 -0.338867
v 0.190430 -0.282227 -0.333008
v 0.190430 -0.282227 -0.333008
v 0.186523 -0.278320 -0.321289
v 0.176758 -0.278320 -0.327148
v 0.192383 -0.284180 -0.329102
v 0.188477 -0.284180 -0.331055
v 0.188477 -0.291992 -0.327148
v 0.186523 -0.274414 -0.331055
v 0.188477 -0.284180 -0.331055
v 0.192383 -0.284180 -0.329102
v 0.192383 -0.284180 -0.329102
v 0.190430 -0.274414 -0.333008
v 0.186523 -0.274414 -0.331055
v 0.184570 -0.290039 -0.331055
v 0.188477 -0.291992 -0.327148
v 0.188477 -0.284180 -0.331055
v 0.186523 -0.274414 -0.331055
v 0.190430 -0.274414 -0.333008
v 0.188477 -0.284180 -0.331055
v 0.204102 -0.301758 -0.319336
v 0.194336 -0.297852 -0.327148
v 0.190430 -0.295898 -0.311523
v 0.194336 -0.297852 -0.327148
v 0.184570 -0.301758 -0.342773
v 0.186523 -0.297852 -0.327148
v 0.194336 -0.297852 -0.327148
v 0.186523 -0.297852 -0.327148
v 0.190430 -0.295898 -0.311523
v 0.184570 -0.297852 -0.325195
v 0.182617 -0.299805 -0.329102
v 0.188477 -0.291992 -0.327148
v 0.188477 -0.291992 -0.327148
v 0.184570 -0.290039 -0.331055
v 0.184570 -0.297852 -0.325195
v 0.196289 -0.278320 -0.340820
v 0.188477 -0.276367 -0.331055
v 0.200195 -0.278320 -0.327148
v 0.180664 -0.278320 -0.338867
v 0.188477 -0.276367 -0.331055
v 0.196289 -0.278320 -0.340820
v 0.190430 -0.274414 -0.333008
v 0.190430 -0.262695 -0.325195
v 0.186523 -0.274414 -0.331055
v 0.186523 -0.262695 -0.331055
v 0.190430 -0.262695 -0.325195
v 0.190430 -0.274414 -0.333008
v 0.190430 -0.274414 -0.333008
v 0.186523 -0.274414 -0.331055
v 0.178711 -0.262695 -0.331055
v 0.178711 -0.262695 -0.331055
v 0.186523 -0.262695 -0.331055
v 0.190430 -0.274414 -0.333008
v 0.186523 -0.278320 -0.321289
v 0.200195 -0.278320 -0.327148
v 0.188477 -0.276367 -0.331055
v 0.188477 -0.276367 -0.331055
v 0.180664 -0.278320 -0.338867
v 0.176758 -0.278320 -0.327148
v 0.176758 -0.278320 -0.327148
v 0.186523 -0.278320 -0.321289
v 0.188477 -0.276367 -0.331055
v 0.186523 -0.262695 -0.331055
v 0.190430 -0.254883 -0.325195
v 0.190430 -0.262695 -0.325195
v 0.190430 -0.262695 -0.325195
v 0.190430 -0.254883 -0.325195
v 0.182617 -0.258789 -0.327148
v 0.182617 -0.266602 -0.325195
v 0.186523 -0.274414 -0.331055
v 0.190430 -0.262695 -0.325195
v 0.182617 -0.260742 -0.319336
v 0.182617 -0.266602 -0.325195
v 0.190430 -0.262695 -0.325195
v 0.190430 -0.262695 -0.325195
v 0.182617 -0.258789 -0.327148
v 0.182617 -0.260742 -0.319336
v 0.190430 -0.254883 -0.325195
v 0.186523 -0.262695 -0.331055
v 0.186523 -0.254883 -0.333008
v 0.190430 -0.254883 -0.325195
v 0.186523 -0.254883 -0.333008
v 0.182617 -0.250977 -0.323242
v 0.182617 -0.250977 -0.323242
v 0.182617 -0.258789 -0.327148
v 0.190430 -0.254883 -0.325195
v 0.178711 -0.297852 -0.329102
v 0.182617 -0.299805 -0.329102
v 0.182617 -0.319336 -0.323242
v 0.182617 -0.319336 -0.323242
v 0.182617 -0.299805 -0.329102
v 0.184570 -0.297852 -0.325195
v 0.178711 -0.295898 -0.325195
v 0.178711 -0.297852 -0.329102
v 0.182617 -0.319336 -0.323242
v 0.182617 -0.319336 -0.323242
v 0.184570 -0.297852 -0.325195
v 0.178711 -0.295898 -0.325195
v 0.159180 -0.323242 -0.321289
v 0.153320 -0.323242 -0.323242
v 0.159180 -0.297852 -0.311523
v 0.151367 -0.299805 -0.307617
v 0.153320 -0.323242 -0.323242
v 0.159180 -0.323242 -0.321289
v 0.159180 -0.323242 -0.321289
v 0.159180 -0.297852 -0.311523
v 0.157227 -0.301758 -0.307617
v 0.159180 -0.323242 -0.321289
v 0.157227 -0.301758 -0.307617
v 0.151367 -0.299805 -0.307617
v 0.157227 -0.301758 -0.307617
v 0.161133 -0.297852 -0.305664
v 0.161133 -0.319336 -0.319336
v 0.161133 -0.319336 -0.319336
v 0.161133 -0.297852 -0.305664
v 0.153320 -0.307617 -0.305664
v 0.151367 -0.299805 -0.305664
v 0.157227 -0.301758 -0.307617
v 0.161133 -0.319336 -0.319336
v 0.161133 -0.319336 -0.319336
v 0.153320 -0.307617 -0.305664
v 0.151367 -0.299805 -0.305664
v 0.149414 -0.297852 -0.311523
v 0.159180 -0.297852 -0.311523
v 0.153320 -0.323242 -0.323242
v 0.151367 -0.299805 -0.307617
v 0.149414 -0.297852 -0.311523
v 0.153320 -0.323242 -0.323242
v 0.184570 -0.301758 -0.342773
v 0.166992 -0.297852 -0.334961
v 0.186523 -0.297852 -0.327148
v 0.178711 -0.295898 -0.325195
v 0.184570 -0.290039 -0.331055
v 0.178711 -0.297852 -0.329102
v 0.178711 -0.295898 -0.325195
v 0.184570 -0.297852 -0.325195
v 0.184570 -0.290039 -0.331055
v 0.172852 -0.293945 -0.317383
v 0.186523 -0.297852 -0.327148
v 0.166992 -0.297852 -0.334961
v 0.157227 -0.299805 -0.319336
v 0.176758 -0.299805 -0.325195
v 0.166992 -0.290039 -0.336914
v 0.151367 -0.297852 -0.323242
v 0.157227 -0.299805 -0.319336
v 0.166992 -0.290039 -0.336914
v 0.166992 -0.290039 -0.336914
v 0.149414 -0.291992 -0.336914
v 0.151367 -0.297852 -0.323242
v 0.145508 -0.295898 -0.329102
v 0.157227 -0.295898 -0.319336
v 0.166992 -0.293945 -0.331055
v 0.186523 -0.297852 -0.327148
v 0.172852 -0.293945 -0.317383
v 0.190430 -0.295898 -0.311523
v 0.176758 -0.299805 -0.325195
v 0.157227 -0.299805 -0.319336
v 0.178711 -0.301758 -0.311523
v 0.157227 -0.299805 -0.319336
v 0.151367 -0.297852 -0.323242
v 0.147461 -0.305664 -0.309570
v 0.165039 -0.305664 -0.305664
v 0.178711 -0.301758 -0.311523
v 0.157227 -0.299805 -0.319336
v 0.182617 -0.266602 -0.325195
v 0.178711 -0.262695 -0.331055
v 0.186523 -0.274414 -0.331055
v 0.178711 -0.262695 -0.331055
v 0.186523 -0.254883 -0.333008
v 0.186523 -0.262695 -0.331055
v 0.186523 -0.254883 -0.333008
v 0.178711 -0.262695 -0.331055
v 0.178711 -0.254883 -0.333008
v 0.186523 -0.254883 -0.333008
v 0.178711 -0.254883 -0.333008
v 0.182617 -0.250977 -0.323242
v 0.176758 -0.262695 -0.323242
v 0.178711 -0.254883 -0.333008
v 0.178711 -0.262695 -0.331055
v 0.178711 -0.262695 -0.331055
v 0.182617 -0.266602 -0.325195
v 0.176758 -0.262695 -0.323242
v 0.178711 -0.254883 -0.333008
v 0.182617 -0.258789 -0.327148
v 0.182617 -0.250977 -0.323242
v 0.176758 -0.254883 -0.325195
v 0.182617 -0.258789 -0.327148
v 0.178711 -0.254883 -0.333008
v 0.178711 -0.254883 -0.333008
v 0.176758 -0.262695 -0.323242
v 0.176758 -0.254883 -0.325195
v 0.182617 -0.260742 -0.319336
v 0.176758 -0.262695 -0.323242
v 0.182617 -0.266602 -0.325195
v 0.182617 -0.258789 -0.327148
v 0.176758 -0.254883 -0.325195
v 0.182617 -0.260742 -0.319336
v 0.182617 -0.260742 -0.319336
v 0.176758 -0.254883 -0.325195
v 0.176758 -0.262695 -0.323242
v 0.149414 -0.291992 -0.336914
v 0.133789 -0.297852 -0.331055
v 0.151367 -0.297852 -0.323242
v 0.131836 -0.305664 -0.317383
v 0.151367 -0.297852 -0.323242
v 0.133789 -0.297852 -0.331055
v 0.151367 -0.297852 -0.323242
v 0.131836 -0.305664 -0.317383
v 0.147461 -0.305664 -0.309570
v 0.151367 -0.272461 -0.317383
v 0.163086 -0.272461 -0.311523
v 0.149414 -0.284180 -0.301758
v 0.151367 -0.266602 -0.303711
v 0.163086 -0.272461 -0.311523
v 0.151367 -0.272461 -0.317383
v 0.151367 -0.272461 -0.317383
v 0.149414 -0.284180 -0.301758
v 0.139648 -0.272461 -0.311523
v 0.139648 -0.272461 -0.311523
v 0.151367 -0.266602 -0.303711
v 0.151367 -0.272461 -0.317383
v 0.200195 -0.325195 -0.278320
v 0.196289 -0.319336 -0.276367
v 0.194336 -0.319336 -0.262695
v 0.182617 -0.325195 -0.311523
v 0.196289 -0.319336 -0.276367
v 0.200195 -0.325195 -0.278320
v 0.194336 -0.319336 -0.262695
v 0.198242 -0.325195 -0.260742
v 0.200195 -0.325195 -0.278320
v 0.200195 -0.325195 -0.278320
v 0.198242 -0.325195 -0.260742
v 0.190430 -0.325195 -0.252930
v 0.200195 -0.325195 -0.278320
v 0.190430 -0.325195 -0.252930
v 0.145508 -0.325195 -0.268555
v 0.182617 -0.325195 -0.288086
v 0.182617 -0.325195 -0.311523
v 0.200195 -0.325195 -0.278320
v 0.155273 -0.325195 -0.295898
v 0.182617 -0.325195 -0.311523
v 0.200195 -0.325195 -0.278320
v 0.145508 -0.325195 -0.268555
v 0.155273 -0.325195 -0.295898
v 0.200195 -0.325195 -0.278320
v 0.184570 -0.315430 -0.266602
v 0.194336 -0.319336 -0.262695
v 0.196289 -0.319336 -0.276367
v 0.196289 -0.319336 -0.276367
v 0.182617 -0.325195 -0.311523
v 0.180664 -0.319336 -0.299805
v 0.196289 -0.319336 -0.276367
v 0.180664 -0.319336 -0.299805
v 0.184570 -0.315430 -0.266602
v 0.198242 -0.325195 -0.260742
v 0.194336 -0.319336 -0.262695
v 0.190430 -0.325195 -0.252930
v 0.188477 -0.319336 -0.256836
v 0.190430 -0.325195 -0.252930
v 0.194336 -0.319336 -0.262695
v 0.184570 -0.315430 -0.266602
v 0.188477 -0.319336 -0.256836
v 0.194336 -0.319336 -0.262695
v 0.190430 -0.325195 -0.252930
v 0.188477 -0.319336 -0.256836
v 0.172852 -0.319336 -0.256836
v 0.190430 -0.325195 -0.252930
v 0.172852 -0.319336 -0.256836
v 0.170898 -0.325195 -0.254883
v 0.190430 -0.325195 -0.252930
v 0.170898 -0.325195 -0.254883
v 0.145508 -0.325195 -0.268555
v 0.188477 -0.319336 -0.256836
v 0.184570 -0.315430 -0.266602
v 0.172852 -0.319336 -0.256836
v 0.155273 -0.325195 -0.295898
v 0.180664 -0.319336 -0.299805
v 0.182617 -0.325195 -0.311523
v 0.155273 -0.325195 -0.295898
v 0.161133 -0.319336 -0.290039
v 0.180664 -0.319336 -0.299805
v 0.180664 -0.319336 -0.299805
v 0.161133 -0.319336 -0.290039
v 0.184570 -0.315430 -0.266602
v 0.161133 -0.319336 -0.290039
v 0.155273 -0.325195 -0.295898
v 0.155273 -0.319336 -0.274414
v 0.155273 -0.319336 -0.274414
v 0.184570 -0.315430 -0.266602
v 0.161133 -0.319336 -0.290039
v 0.124023 -0.319336 -0.293945
v 0.143555 -0.325195 -0.295898
v 0.125977 -0.325195 -0.303711
v 0.125977 -0.325195 -0.303711
v 0.143555 -0.325195 -0.295898
v 0.094727 -0.325195 -0.268555
v 0.106445 -0.319336 -0.284180
v 0.124023 -0.319336 -0.293945
v 0.125977 -0.325195 -0.303711
v 0.125977 -0.325195 -0.303711
v 0.104492 -0.325195 -0.288086
v 0.106445 -0.319336 -0.284180
v 0.094727 -0.325195 -0.268555
v 0.104492 -0.325195 -0.288086
v 0.125977 -0.325195 -0.303711
v 0.145508 -0.325195 -0.268555
v 0.155273 -0.319336 -0.274414
v 0.155273 -0.325195 -0.295898
v 0.143555 -0.325195 -0.295898
v 0.137695 -0.319336 -0.291992
v 0.137695 -0.319336 -0.276367
v 0.124023 -0.319336 -0.293945
v 0.137695 -0.319336 -0.291992
v 0.143555 -0.325195 -0.295898
v 0.137695 -0.319336 -0.276367
v 0.145508 -0.325195 -0.268555
v 0.143555 -0.325195 -0.295898
v 0.143555 -0.325195 -0.295898
v 0.145508 -0.325195 -0.268555
v 0.094727 -0.325195 -0.268555
v 0.112305 -0.315430 -0.270508
v 0.137695 -0.319336 -0.276367
v 0.137695 -0.319336 -0.291992
v 0.137695 -0.319336 -0.291992
v 0.124023 -0.319336 -0.293945
v 0.112305 -0.315430 -0.270508
v 0.155273 -0.319336 -0.274414
v 0.172852 -0.319336 -0.256836
v 0.184570 -0.315430 -0.266602
v 0.145508 -0.325195 -0.268555
v 0.170898 -0.325195 -0.254883
v 0.172852 -0.319336 -0.256836
v 0.172852 -0.319336 -0.256836
v 0.155273 -0.319336 -0.274414
v 0.145508 -0.325195 -0.268555
v 0.145508 -0.325195 -0.268555
v 0.137695 -0.319336 -0.276367
v 0.120117 -0.319336 -0.258789
v 0.122070 -0.325195 -0.254883
v 0.094727 -0.325195 -0.268555
v 0.145508 -0.325195 -0.268555
v 0.145508 -0.325195 -0.268555
v 0.120117 -0.319336 -0.258789
v 0.122070 -0.325195 -0.254883
v 0.137695 -0.319336 -0.276367
v 0.112305 -0.315430 -0.270508
v 0.120117 -0.319336 -0.258789
v 0.159180 -0.297852 -0.311523
v 0.161133 -0.297852 -0.305664
v 0.157227 -0.301758 -0.307617
v 0.153320 -0.288086 -0.305664
v 0.161133 -0.297852 -0.305664
v 0.159180 -0.297852 -0.311523
v 0.159180 -0.297852 -0.311523
v 0.149414 -0.297852 -0.311523
v 0.153320 -0.288086 -0.305664
v 0.155273 -0.299805 -0.301758
v 0.153320 -0.307617 -0.305664
v 0.161133 -0.297852 -0.305664
v 0.153320 -0.288086 -0.305664
v 0.155273 -0.299805 -0.301758
v 0.161133 -0.297852 -0.305664
v 0.151367 -0.299805 -0.305664
v 0.151367 -0.299805 -0.307617
v 0.157227 -0.301758 -0.307617
v 0.163086 -0.272461 -0.311523
v 0.165039 -0.274414 -0.297852
v 0.149414 -0.284180 -0.301758
v 0.151367 -0.266602 -0.303711
v 0.165039 -0.274414 -0.297852
v 0.163086 -0.272461 -0.311523
v 0.149414 -0.272461 -0.290039
v 0.149414 -0.284180 -0.301758
v 0.165039 -0.274414 -0.297852
v 0.165039 -0.274414 -0.297852
v 0.151367 -0.266602 -0.303711
v 0.149414 -0.272461 -0.290039
v 0.155273 -0.299805 -0.301758
v 0.151367 -0.299805 -0.305664
v 0.153320 -0.307617 -0.305664
v 0.149414 -0.297852 -0.311523
v 0.151367 -0.299805 -0.307617
v 0.153320 -0.288086 -0.305664
v 0.151367 -0.299805 -0.307617
v 0.151367 -0.299805 -0.305664
v 0.153320 -0.288086 -0.305664
v 0.151367 -0.299805 -0.305664
v 0.155273 -0.299805 -0.301758
v 0.153320 -0.288086 -0.297852
v 0.147461 -0.288086 -0.301758
v 0.153320 -0.288086 -0.305664
v 0.151367 -0.299805 -0.305664
v 0.151367 -0.299805 -0.305664
v 0.153320 -0.288086 -0.297852
v 0.147461 -0.288086 -0.301758
v 0.155273 -0.299805 -0.301758
v 0.153320 -0.288086 -0.305664
v 0.153320 -0.288086 -0.297852
v 0.153320 -0.288086 -0.305664
v 0.153320 -0.282227 -0.305664
v 0.153320 -0.288086 -0.297852
v 0.147461 -0.288086 -0.301758
v 0.153320 -0.282227 -0.305664
v 0.153320 -0.288086 -0.305664
v 0.147461 -0.288086 -0.301758
v 0.153320 -0.288086 -0.297852
v 0.153320 -0.282227 -0.305664
v 0.139648 -0.274414 -0.297852
v 0.139648 -0.272461 -0.311523
v 0.149414 -0.284180 -0.301758
v 0.149414 -0.272461 -0.290039
v 0.139648 -0.274414 -0.297852
v 0.149414 -0.284180 -0.301758
v 0.151367 -0.266602 -0.303711
v 0.139648 -0.272461 -0.311523
v 0.139648 -0.274414 -0.297852
v 0.151367 -0.266602 -0.303711
v 0.139648 -0.274414 -0.297852
v 0.149414 -0.272461 -0.290039
v 0.041992 -0.284180 -0.352539
v 0.086914 -0.284180 -0.323242
v 0.067383 -0.321289 -0.329102
v 0.067383 -0.321289 -0.329102
v 0.086914 -0.284180 -0.323242
v 0.084961 -0.295898 -0.280273
v 0.067383 -0.321289 -0.329102
v 0.020508 -0.315430 -0.336914
v 0.041992 -0.284180 -0.352539
v 0.010742 -0.327148 -0.301758
v 0.020508 -0.315430 -0.336914
v 0.067383 -0.321289 -0.329102
v 0.067383 -0.321289 -0.329102
v 0.084961 -0.295898 -0.280273
v 0.061523 -0.315430 -0.268555
v 0.061523 -0.315430 -0.268555
v 0.010742 -0.327148 -0.301758
v 0.067383 -0.321289 -0.329102
v 0.086914 -0.284180 -0.323242
v 0.041992 -0.284180 -0.352539
v 0.061523 -0.252930 -0.333008
v 0.086914 -0.284180 -0.323242
v 0.061523 -0.252930 -0.333008
v 0.067383 -0.243164 -0.288086
v 0.067383 -0.243164 -0.288086
v 0.084961 -0.295898 -0.280273
v 0.086914 -0.284180 -0.323242
v -0.002930 -0.295898 -0.327148
v 0.041992 -0.284180 -0.352539
v 0.020508 -0.315430 -0.336914
v 0.020508 -0.315430 -0.336914
v 0.010742 -0.327148 -0.301758
v -0.002930 -0.295898 -0.327148
v 0.016602 -0.243164 -0.317383
v 0.061523 -0.252930 -0.333008
v 0.041992 -0.284180 -0.352539
v -0.002930 -0.295898 -0.327148
v 0.016602 -0.243164 -0.317383
v 0.041992 -0.284180 -0.352539
v 0.061523 -0.252930 -0.333008
v 0.016602 -0.243164 -0.317383
v 0.067383 -0.243164 -0.288086
v 0.124023 -0.319336 -0.293945
v 0.106445 -0.319336 -0.284180
v 0.112305 -0.315430 -0.270508
v 0.094727 -0.325195 -0.268555
v 0.106445 -0.319336 -0.284180
v 0.104492 -0.325195 -0.288086
v 0.100586 -0.319336 -0.270508
v 0.112305 -0.315430 -0.270508
v 0.106445 -0.319336 -0.284180
v 0.106445 -0.319336 -0.284180
v 0.094727 -0.325195 -0.268555
v 0.100586 -0.319336 -0.270508
v 0.112305 -0.315430 -0.270508
v 0.100586 -0.319336 -0.270508
v 0.104492 -0.319336 -0.260742
v 0.104492 -0.319336 -0.260742
v 0.120117 -0.319336 -0.258789
v 0.112305 -0.315430 -0.270508
v 0.104492 -0.319336 -0.260742
v 0.100586 -0.319336 -0.270508
v 0.094727 -0.325195 -0.268555
v 0.094727 -0.325195 -0.268555
v 0.122070 -0.325195 -0.254883
v 0.100586 -0.325195 -0.256836
v 0.100586 -0.325195 -0.256836
v 0.104492 -0.319336 -0.260742
v 0.094727 -0.325195 -0.268555
v 0.104492 -0.319336 -0.260742
v 0.122070 -0.325195 -0.254883
v 0.120117 -0.319336 -0.258789
v 0.122070 -0.325195 -0.254883
v 0.104492 -0.319336 -0.260742
v 0.100586 -0.325195 -0.256836
v 0.041992 -0.284180 -0.252930
v 0.061523 -0.315430 -0.268555
v 0.084961 -0.295898 -0.280273
v 0.067383 -0.243164 -0.288086
v 0.041992 -0.284180 -0.252930
v 0.084961 -0.295898 -0.280273
v 0.010742 -0.327148 -0.301758
v 0.061523 -0.315430 -0.268555
v 0.020508 -0.315430 -0.268555
v 0.010742 -0.327148 -0.301758
v 0.020508 -0.315430 -0.268555
v -0.004883 -0.284180 -0.284180
v -0.004883 -0.284180 -0.284180
v -0.002930 -0.295898 -0.327148
v 0.010742 -0.327148 -0.301758
v 0.041992 -0.284180 -0.252930
v 0.020508 -0.315430 -0.268555
v 0.061523 -0.315430 -0.268555
v 0.020508 -0.315430 -0.268555
v 0.041992 -0.284180 -0.252930
v -0.004883 -0.284180 -0.284180
v 0.067383 -0.243164 -0.288086
v 0.020508 -0.252930 -0.272461
v 0.041992 -0.284180 -0.252930
v 0.041992 -0.284180 -0.252930
v 0.020508 -0.252930 -0.272461
v -0.004883 -0.284180 -0.284180
v 0.067383 -0.243164 -0.288086
v 0.016602 -0.243164 -0.317383
v 0.020508 -0.252930 -0.272461
v 0.020508 -0.252930 -0.272461
v 0.016602 -0.243164 -0.317383
v -0.004883 -0.284180 -0.284180
v 0.016602 -0.243164 -0.317383
v -0.002930 -0.295898 -0.327148
v -0.004883 -0.284180 -0.284180
v 0.469727 -0.346680 -0.168945
v 0.469727 -0.325195 -0.168945
v 0.436523 -0.325195 0.067383
v 0.436523 -0.325195 0.067383
v 0.436523 -0.346680 0.067383
v 0.469727 -0.346680 -0.168945
v 0.469727 -0.325195 -0.168945
v 0.375977 -0.325195 0.059570
v 0.436523 -0.325195 0.067383
v 0.008789 -0.327148 -0.247070
v 0.002930 -0.280273 -0.241211
v 0.002930 -0.280273 -0.166992
v -0.415039 -0.280273 -0.241211
v 0.002930 -0.280273 -0.241211
v 0.008789 -0.327148 -0.247070
v 0.002930 -0.280273 -0.166992
v 0.008789 -0.327148 -0.166992
v 0.008789 -0.327148 -0.247070
v 0.008789 -0.327148 -0.247070
v -0.420898 -0.327148 -0.247070
v -0.415039 -0.280273 -0.241211
v -0.016602 -0.282227 -0.166992
v 0.002930 -0.280273 -0.166992
v 0.002930 -0.280273 -0.241211
v 0.002930 -0.280273 -0.241211
v -0.016602 -0.282227 -0.231445
v -0.016602 -0.282227 -0.166992
v -0.393555 -0.282227 -0.231445
v -0.016602 -0.282227 -0.231445
v 0.002930 -0.280273 -0.241211
v -0.415039 -0.280273 -0.241211
v -0.393555 -0.282227 -0.231445
v 0.002930 -0.280273 -0.241211
v 0.065430 -0.327148 -0.176758
v 0.065430 -0.315430 -0.176758
v 0.065430 -0.315430 -0.069336
v -0.018555 -0.327148 -0.176758
v 0.065430 -0.315430 -0.176758
v 0.065430 -0.327148 -0.176758
v 0.065430 -0.315430 -0.069336
v 0.065430 -0.327148 -0.069336
v 0.065430 -0.327148 -0.176758
v 0.065430 -0.315430 -0.176758
v 0.047852 -0.315430 -0.170898
v 0.047852 -0.315430 -0.077148
v -0.018555 -0.315430 -0.176758
v 0.047852 -0.315430 -0.170898
v 0.065430 -0.315430 -0.176758
v 0.047852 -0.315430 -0.077148
v 0.065430 -0.315430 -0.069336
v 0.065430 -0.315430 -0.176758
v 0.065430 -0.315430 -0.176758
v -0.018555 -0.327148 -0.176758
v -0.018555 -0.315430 -0.176758
v 0.047852 -0.315430 -0.170898
v 0.047852 -0.303711 -0.170898
v 0.047852 -0.303711 -0.077148
v -0.018555 -0.315430 -0.170898
v 0.047852 -0.303711 -0.170898
v 0.047852 -0.315430 -0.170898
v 0.047852 -0.303711 -0.077148
v 0.047852 -0.315430 -0.077148
v 0.047852 -0.315430 -0.170898
v 0.047852 -0.315430 -0.170898
v -0.018555 -0.315430 -0.176758
v -0.018555 -0.315430 -0.170898
v -0.018555 -0.303711 -0.170898
v 0.047852 -0.303711 -0.077148
v 0.047852 -0.303711 -0.170898
v 0.047852 -0.303711 -0.170898
v -0.018555 -0.315430 -0.170898
v -0.018555 -0.303711 -0.170898
v 0.034180 -0.186523 -0.174805
v 0.030273 -0.305664 -0.157227
v 0.030273 -0.305664 -0.170898
v -0.020508 -0.188477 -0.174805
v 0.034180 -0.186523 -0.174805
v 0.030273 -0.305664 -0.170898
v 0.030273 -0.305664 -0.170898
v -0.016602 -0.305664 -0.170898
v -0.020508 -0.188477 -0.174805
v 0.032227 -0.188477 -0.174805
v 0.026367 -0.305664 -0.159180
v 0.026367 -0.305664 -0.168945
v 0.034180 -0.186523 -0.174805
v 0.034180 -0.198242 -0.161133
v 0.030273 -0.305664 -0.157227
v 0.030273 -0.305664 -0.157227
v 0.034180 -0.198242 -0.161133
v -0.016602 -0.305664 -0.157227
v 0.032227 -0.196289 -0.161133
v 0.014648 -0.303711 -0.159180
v 0.026367 -0.305664 -0.159180
v 0.026367 -0.305664 -0.159180
v 0.032227 -0.188477 -0.174805
v 0.032227 -0.196289 -0.161133
v 0.018555 -0.198242 -0.161133
v 0.014648 -0.303711 -0.088867
v 0.014648 -0.303711 -0.159180
v 0.014648 -0.303711 -0.159180
v 0.032227 -0.196289 -0.161133
v 0.018555 -0.198242 -0.161133
v 0.065430 -0.327148 -0.069336
v 0.065430 -0.315430 -0.069336
v -0.018555 -0.315430 -0.069336
v -0.018555 -0.315430 -0.069336
v -0.018555 -0.327148 -0.069336
v 0.065430 -0.327148 -0.069336
v 0.065430 -0.315430 -0.069336
v 0.047852 -0.315430 -0.077148
v -0.018555 -0.315430 -0.077148
v 0.065430 -0.315430 -0.069336
v -0.018555 -0.315430 -0.077148
v -0.018555 -0.315430 -0.069336
v 0.047852 -0.315430 -0.077148
v 0.047852 -0.303711 -0.077148
v -0.018555 -0.303711 -0.077148
v -0.018555 -0.303711 -0.077148
v -0.018555 -0.315430 -0.077148
v 0.047852 -0.315430 -0.077148
v 0.008789 -0.327148 -0.081055
v 0.002930 -0.280273 -0.081055
v 0.008789 -0.327148 -0.000977
v 0.047852 -0.303711 -0.077148
v -0.018555 -0.303711 -0.170898
v -0.018555 -0.303711 -0.077148
v 0.034180 -0.186523 -0.071289
v 0.030273 -0.305664 -0.075195
v 0.030273 -0.305664 -0.088867
v 0.030273 -0.305664 -0.088867
v 0.034180 -0.198242 -0.084961
v 0.034180 -0.186523 -0.071289
v -0.016602 -0.305664 -0.088867
v 0.034180 -0.198242 -0.084961
v 0.030273 -0.305664 -0.088867
v 0.026367 -0.305664 -0.088867
v 0.014648 -0.303711 -0.088867
v 0.032227 -0.196289 -0.084961
v 0.032227 -0.188477 -0.073242
v 0.026367 -0.305664 -0.077148
v 0.026367 -0.305664 -0.088867
v 0.026367 -0.305664 -0.088867
v 0.032227 -0.196289 -0.084961
v 0.032227 -0.188477 -0.073242
v 0.014648 -0.303711 -0.088867
v 0.018555 -0.198242 -0.161133
v 0.018555 -0.198242 -0.084961
v 0.018555 -0.198242 -0.084961
v 0.032227 -0.196289 -0.084961
v 0.014648 -0.303711 -0.088867
v 0.030273 -0.305664 -0.075195
v 0.034180 -0.186523 -0.071289
v -0.020508 -0.186523 -0.073242
v -0.020508 -0.186523 -0.073242
v -0.016602 -0.305664 -0.077148
v 0.030273 -0.305664 -0.075195
v 0.002930 -0.280273 -0.004883
v 0.008789 -0.327148 -0.000977
v 0.002930 -0.280273 -0.081055
v -0.016602 -0.282227 -0.081055
v 0.002930 -0.280273 -0.004883
v 0.002930 -0.280273 -0.081055
v 0.084961 -0.321289 -0.018555
v 0.084961 -0.321289 -0.038086
v 0.104492 -0.321289 -0.038086
v 0.104492 -0.321289 -0.038086
v 0.084961 -0.321289 -0.038086
v 0.106445 -0.299805 -0.040039
v 0.104492 -0.321289 -0.038086
v 0.104492 -0.321289 -0.018555
v 0.084961 -0.321289 -0.018555
v 0.106445 -0.299805 -0.016602
v 0.104492 -0.321289 -0.018555
v 0.104492 -0.321289 -0.038086
v 0.104492 -0.321289 -0.038086
v 0.106445 -0.299805 -0.040039
v 0.106445 -0.299805 -0.016602
v 0.084961 -0.321289 -0.038086
v 0.084961 -0.321289 -0.018555
v 0.083008 -0.299805 -0.040039
v 0.083008 -0.299805 -0.040039
v 0.106445 -0.299805 -0.040039
v 0.084961 -0.321289 -0.038086
v 0.083008 -0.299805 -0.016602
v 0.084961 -0.321289 -0.018555
v 0.104492 -0.321289 -0.018555
v 0.104492 -0.321289 -0.018555
v 0.106445 -0.299805 -0.016602
v 0.083008 -0.299805 -0.016602
v 0.083008 -0.299805 -0.016602
v 0.083008 -0.299805 -0.040039
v 0.084961 -0.321289 -0.018555
v 0.079102 -0.295898 -0.043945
v 0.110352 -0.295898 -0.043945
v 0.110352 -0.299805 -0.043945
v 0.110352 -0.299805 -0.043945
v 0.110352 -0.295898 -0.043945
v 0.110352 -0.299805 -0.012695
v 0.110352 -0.299805 -0.043945
v 0.106445 -0.299805 -0.040039
v 0.083008 -0.299805 -0.040039
v 0.110352 -0.299805 -0.012695
v 0.106445 -0.299805 -0.040039
v 0.110352 -0.299805 -0.043945
v 0.083008 -0.299805 -0.040039
v 0.079102 -0.299805 -0.043945
v 0.110352 -0.299805 -0.043945
v 0.110352 -0.299805 -0.043945
v 0.079102 -0.299805 -0.043945
v 0.079102 -0.295898 -0.043945
v 0.079102 -0.295898 -0.043945
v 0.102539 -0.286133 -0.036133
v 0.110352 -0.295898 -0.043945
v 0.110352 -0.295898 -0.043945
v 0.102539 -0.286133 -0.036133
v 0.102539 -0.286133 -0.020508
v 0.110352 -0.295898 -0.043945
v 0.102539 -0.286133 -0.020508
v 0.110352 -0.295898 -0.012695
v 0.110352 -0.295898 -0.012695
v 0.110352 -0.299805 -0.012695
v 0.110352 -0.295898 -0.043945
v 0.110352 -0.299805 -0.012695
v 0.106445 -0.299805 -0.016602
v 0.106445 -0.299805 -0.040039
v 0.102539 -0.286133 -0.036133
v 0.079102 -0.295898 -0.043945
v 0.086914 -0.286133 -0.036133
v 0.102539 -0.286133 -0.036133
v 0.086914 -0.286133 -0.036133
v 0.086914 -0.286133 -0.020508
v 0.086914 -0.286133 -0.020508
v 0.102539 -0.286133 -0.020508
v 0.102539 -0.286133 -0.036133
v 0.094727 -0.282227 -0.038086
v 0.094727 -0.270508 -0.041992
v 0.094727 -0.274414 -0.036133
v 0.094727 -0.278320 -0.034180
v 0.094727 -0.270508 -0.041992
v 0.094727 -0.282227 -0.038086
v 0.094727 -0.282227 -0.038086
v 0.094727 -0.274414 -0.036133
v 0.094727 -0.278320 -0.034180
v 0.094727 -0.286133 -0.030273
v 0.094727 -0.278320 -0.034180
v 0.094727 -0.282227 -0.038086
v 0.094727 -0.282227 -0.038086
v 0.094727 -0.278320 -0.034180
v 0.094727 -0.280273 -0.030273
v 0.094727 -0.280273 -0.030273
v 0.094727 -0.286133 -0.030273
v 0.094727 -0.282227 -0.038086
v 0.094727 -0.278320 -0.034180
v 0.094727 -0.274414 -0.036133
v 0.094727 -0.270508 -0.041992
v 0.094727 -0.270508 -0.041992
v 0.094727 -0.274414 -0.036133
v 0.094727 -0.268555 -0.032227
v 0.094727 -0.264648 -0.034180
v 0.094727 -0.274414 -0.036133
v 0.094727 -0.270508 -0.041992
v 0.094727 -0.270508 -0.041992
v 0.094727 -0.268555 -0.032227
v 0.094727 -0.264648 -0.034180
v 0.094727 -0.274414 -0.036133
v 0.094727 -0.268555 -0.032227
v 0.094727 -0.264648 -0.034180
v 0.094727 -0.278320 -0.034180
v 0.094727 -0.286133 -0.030273
v 0.094727 -0.280273 -0.030273
v 0.094727 -0.268555 -0.026367
v 0.094727 -0.264648 -0.034180
v 0.094727 -0.268555 -0.032227
v 0.094727 -0.268555 -0.032227
v 0.094727 -0.264648 -0.034180
v 0.094727 -0.264648 -0.024414
v 0.094727 -0.264648 -0.024414
v 0.094727 -0.268555 -0.026367
v 0.094727 -0.268555 -0.032227
v 0.094727 -0.264648 -0.034180
v 0.094727 -0.268555 -0.026367
v 0.094727 -0.264648 -0.024414
v 0.079102 -0.299805 -0.043945
v 0.083008 -0.299805 -0.040039
v 0.083008 -0.299805 -0.016602
v 0.079102 -0.299805 -0.012695
v 0.079102 -0.295898 -0.043945
v 0.079102 -0.299805 -0.043945
v 0.079102 -0.299805 -0.043945
v 0.083008 -0.299805 -0.016602
v 0.079102 -0.299805 -0.012695
v 0.079102 -0.295898 -0.012695
v 0.086914 -0.286133 -0.036133
v 0.079102 -0.295898 -0.043945
v 0.079102 -0.295898 -0.043945
v 0.079102 -0.299805 -0.012695
v 0.079102 -0.295898 -0.012695
v 0.079102 -0.295898 -0.012695
v 0.086914 -0.286133 -0.020508
v 0.086914 -0.286133 -0.036133
v 0.106445 -0.299805 -0.016602
v 0.110352 -0.299805 -0.012695
v 0.079102 -0.299805 -0.012695
v 0.079102 -0.299805 -0.012695
v 0.083008 -0.299805 -0.016602
v 0.106445 -0.299805 -0.016602
v 0.098633 -0.286133 -0.028320
v 0.096680 -0.282227 -0.028320
v 0.104492 -0.278320 -0.028320
v 0.098633 -0.278320 -0.028320
v 0.096680 -0.282227 -0.028320
v 0.098633 -0.286133 -0.028320
v 0.092773 -0.282227 -0.028320
v 0.096680 -0.282227 -0.028320
v 0.098633 -0.286133 -0.028320
v 0.098633 -0.286133 -0.028320
v 0.096680 -0.282227 -0.028320
v 0.088867 -0.286133 -0.028320
v 0.098633 -0.286133 -0.028320
v 0.104492 -0.278320 -0.028320
v 0.098633 -0.278320 -0.028320
v 0.088867 -0.286133 -0.028320
v 0.092773 -0.282227 -0.028320
v 0.098633 -0.286133 -0.028320
v 0.094727 -0.286133 -0.030273
v 0.094727 -0.282227 -0.020508
v 0.094727 -0.280273 -0.030273
v 0.094727 -0.278320 -0.024414
v 0.094727 -0.282227 -0.020508
v 0.094727 -0.286133 -0.030273
v 0.094727 -0.286133 -0.030273
v 0.094727 -0.280273 -0.030273
v 0.094727 -0.278320 -0.024414
v 0.100586 -0.278320 -0.030273
v 0.104492 -0.278320 -0.028320
v 0.096680 -0.282227 -0.028320
v 0.098633 -0.278320 -0.028320
v 0.100586 -0.278320 -0.030273
v 0.096680 -0.282227 -0.028320
v 0.096680 -0.282227 -0.028320
v 0.092773 -0.282227 -0.028320
v 0.088867 -0.286133 -0.028320
v 0.086914 -0.286133 -0.020508
v 0.110352 -0.295898 -0.012695
v 0.102539 -0.286133 -0.020508
v 0.094727 -0.278320 -0.024414
v 0.094727 -0.280273 -0.030273
v 0.094727 -0.282227 -0.020508
v 0.094727 -0.282227 -0.020508
v 0.094727 -0.278320 -0.024414
v 0.094727 -0.274414 -0.022461
v 0.094727 -0.270508 -0.018555
v 0.094727 -0.278320 -0.024414
v 0.094727 -0.282227 -0.020508
v 0.094727 -0.282227 -0.020508
v 0.094727 -0.274414 -0.022461
v 0.094727 -0.270508 -0.018555
v 0.110352 -0.299805 -0.012695
v 0.110352 -0.295898 -0.012695
v 0.079102 -0.295898 -0.012695
v 0.079102 -0.295898 -0.012695
v 0.079102 -0.299805 -0.012695
v 0.110352 -0.299805 -0.012695
v 0.110352 -0.295898 -0.012695
v 0.086914 -0.286133 -0.020508
v 0.079102 -0.295898 -0.012695
v 0.104492 -0.278320 -0.028320
v 0.106445 -0.272461 -0.030273
v 0.098633 -0.278320 -0.028320
v 0.100586 -0.274414 -0.030273
v 0.106445 -0.272461 -0.030273
v 0.104492 -0.278320 -0.028320
v 0.104492 -0.278320 -0.028320
v 0.100586 -0.278320 -0.030273
v 0.100586 -0.274414 -0.030273
v 0.100586 -0.274414 -0.030273
v 0.098633 -0.278320 -0.028320
v 0.106445 -0.272461 -0.030273
v 0.106445 -0.272461 -0.030273
v 0.100586 -0.274414 -0.030273
v 0.098633 -0.270508 -0.028320
v 0.106445 -0.272461 -0.030273
v 0.100586 -0.274414 -0.030273
v 0.098633 -0.266602 -0.030273
v 0.098633 -0.266602 -0.030273
v 0.098633 -0.270508 -0.028320
v 0.106445 -0.272461 -0.030273
v 0.100586 -0.278320 -0.030273
v 0.098633 -0.278320 -0.028320
v 0.100586 -0.274414 -0.030273
v 0.100586 -0.274414 -0.030273
v 0.098633 -0.270508 -0.028320
v 0.098633 -0.266602 -0.030273
v 0.094727 -0.270508 -0.018555
v 0.094727 -0.274414 -0.022461
v 0.094727 -0.278320 -0.024414
v 0.077148 -0.274414 -0.030273
v 0.094727 -0.272461 -0.028320
v 0.094727 -0.274414 -0.026367
v 0.094727 -0.274414 -0.026367
v 0.094727 -0.272461 -0.028320
v 0.077148 -0.274414 -0.024414
v 0.077148 -0.274414 -0.024414
v 0.077148 -0.274414 -0.030273
v 0.094727 -0.274414 -0.026367
v 0.098633 -0.270508 -0.028320
v 0.098633 -0.266602 -0.030273
v 0.090820 -0.272461 -0.028320
v 0.088867 -0.266602 -0.030273
v 0.098633 -0.266602 -0.030273
v 0.098633 -0.270508 -0.028320
v 0.090820 -0.272461 -0.028320
v 0.092773 -0.270508 -0.030273
v 0.098633 -0.270508 -0.028320
v 0.098633 -0.270508 -0.028320
v 0.092773 -0.270508 -0.030273
v 0.088867 -0.266602 -0.030273
v 0.088867 -0.266602 -0.030273
v 0.090820 -0.272461 -0.028320
v 0.098633 -0.266602 -0.030273
v 0.094727 -0.272461 -0.028320
v 0.077148 -0.274414 -0.030273
v 0.077148 -0.270508 -0.026367
v 0.077148 -0.270508 -0.026367
v 0.077148 -0.274414 -0.024414
v 0.094727 -0.272461 -0.028320
v 0.094727 -0.270508 -0.018555
v 0.094727 -0.274414 -0.022461
v 0.094727 -0.268555 -0.026367
v 0.094727 -0.268555 -0.026367
v 0.094727 -0.274414 -0.022461
v 0.094727 -0.264648 -0.024414
v 0.094727 -0.264648 -0.024414
v 0.094727 -0.270508 -0.018555
v 0.094727 -0.268555 -0.026367
v 0.094727 -0.274414 -0.022461
v 0.094727 -0.270508 -0.018555
v 0.094727 -0.264648 -0.024414
v 0.092773 -0.282227 -0.028320
v 0.088867 -0.286133 -0.028320
v 0.086914 -0.278320 -0.030273
v 0.084961 -0.278320 -0.028320
v 0.088867 -0.286133 -0.028320
v 0.092773 -0.282227 -0.028320
v 0.092773 -0.282227 -0.028320
v 0.086914 -0.278320 -0.030273
v 0.088867 -0.278320 -0.028320
v 0.092773 -0.282227 -0.028320
v 0.088867 -0.278320 -0.028320
v 0.084961 -0.278320 -0.028320
v 0.084961 -0.278320 -0.028320
v 0.086914 -0.278320 -0.030273
v 0.088867 -0.286133 -0.028320
v 0.071289 -0.301758 -0.000977
v 0.061523 -0.305664 -0.016602
v 0.057617 -0.299805 -0.002930
v 0.071289 -0.301758 -0.000977
v 0.057617 -0.299805 -0.002930
v 0.059570 -0.295898 0.012695
v 0.086914 -0.274414 -0.030273
v 0.088867 -0.278320 -0.028320
v 0.086914 -0.278320 -0.030273
v 0.084961 -0.278320 -0.028320
v 0.086914 -0.274414 -0.030273
v 0.086914 -0.278320 -0.030273
v 0.088867 -0.278320 -0.028320
v 0.086914 -0.274414 -0.030273
v 0.081055 -0.272461 -0.030273
v 0.081055 -0.272461 -0.030273
v 0.084961 -0.278320 -0.028320
v 0.088867 -0.278320 -0.028320
v 0.086914 -0.274414 -0.030273
v 0.092773 -0.270508 -0.030273
v 0.090820 -0.272461 -0.028320
v 0.088867 -0.266602 -0.030273
v 0.092773 -0.270508 -0.030273
v 0.086914 -0.274414 -0.030273
v 0.086914 -0.274414 -0.030273
v 0.090820 -0.272461 -0.028320
v 0.081055 -0.272461 -0.030273
v 0.081055 -0.272461 -0.030273
v 0.088867 -0.266602 -0.030273
v 0.086914 -0.274414 -0.030273
v 0.086914 -0.274414 -0.030273
v 0.084961 -0.278320 -0.028320
v 0.081055 -0.272461 -0.030273
v 0.090820 -0.272461 -0.028320
v 0.088867 -0.266602 -0.030273
v 0.081055 -0.272461 -0.030273
v 0.077148 -0.274414 -0.030273
v 0.077148 -0.274414 -0.024414
v 0.077148 -0.270508 -0.026367
v 0.053711 -0.280273 -0.006836
v 0.057617 -0.276367 -0.014648
v 0.065430 -0.276367 -0.002930
v 0.065430 -0.276367 -0.002930
v 0.057617 -0.276367 -0.014648
v 0.051758 -0.274414 -0.002930
v 0.053711 -0.276367 0.006836
v 0.053711 -0.280273 -0.006836
v 0.065430 -0.276367 -0.002930
v 0.065430 -0.276367 -0.002930
v 0.051758 -0.274414 -0.002930
v 0.053711 -0.276367 0.006836
v 0.008789 -0.327148 -0.000977
v 0.002930 -0.280273 -0.004883
v -0.415039 -0.280273 -0.004883
v -0.415039 -0.280273 -0.004883
v -0.420898 -0.327148 -0.000977
v 0.008789 -0.327148 -0.000977
v 0.040039 -0.303711 -0.014648
v 0.057617 -0.299805 -0.002930
v 0.061523 -0.305664 -0.016602
v 0.040039 -0.303711 -0.014648
v 0.049805 -0.297852 -0.000977
v 0.057617 -0.299805 -0.002930
v 0.057617 -0.299805 -0.002930
v 0.049805 -0.297852 -0.000977
v 0.059570 -0.295898 0.012695
v 0.049805 -0.297852 -0.000977
v 0.040039 -0.303711 -0.014648
v 0.028320 -0.299805 -0.000977
v 0.049805 -0.297852 -0.000977
v 0.028320 -0.299805 -0.000977
v 0.038086 -0.295898 0.012695
v 0.038086 -0.295898 0.012695
v 0.059570 -0.295898 0.012695
v 0.049805 -0.297852 -0.000977
v 0.053711 -0.284180 -0.008789
v 0.055664 -0.284180 -0.004883
v 0.051758 -0.293945 -0.006836
v 0.053711 -0.272461 -0.004883
v 0.055664 -0.284180 -0.004883
v 0.053711 -0.284180 -0.008789
v 0.053711 -0.284180 -0.008789
v 0.051758 -0.293945 -0.006836
v 0.045898 -0.290039 -0.002930
v 0.045898 -0.290039 -0.002930
v 0.051758 -0.284180 -0.004883
v 0.053711 -0.284180 -0.008789
v 0.053711 -0.284180 -0.008789
v 0.051758 -0.284180 -0.004883
v 0.053711 -0.272461 -0.004883
v 0.053711 -0.291992 -0.000977
v 0.051758 -0.293945 -0.006836
v 0.055664 -0.284180 -0.004883
v 0.051758 -0.284180 -0.004883
v 0.053711 -0.291992 -0.000977
v 0.055664 -0.284180 -0.004883
v 0.051758 -0.272461 -0.002930
v 0.051758 -0.284180 -0.004883
v 0.055664 -0.284180 -0.004883
v 0.055664 -0.284180 -0.004883
v 0.053711 -0.272461 -0.004883
v 0.051758 -0.272461 -0.002930
v 0.051758 -0.293945 -0.006836
v 0.053711 -0.291992 -0.000977
v 0.043945 -0.301758 -0.000977
v 0.051758 -0.293945 -0.006836
v 0.043945 -0.301758 -0.000977
v 0.040039 -0.297852 0.002930
v 0.040039 -0.297852 0.002930
v 0.045898 -0.290039 -0.002930
v 0.051758 -0.293945 -0.006836
v 0.053711 -0.291992 -0.000977
v 0.051758 -0.284180 -0.004883
v 0.045898 -0.290039 -0.002930
v 0.047852 -0.297852 0.004883
v 0.043945 -0.301758 -0.000977
v 0.053711 -0.291992 -0.000977
v 0.053711 -0.291992 -0.000977
v 0.045898 -0.290039 -0.002930
v 0.047852 -0.297852 0.004883
v 0.051758 -0.272461 -0.002930
v 0.053711 -0.272461 -0.004883
v 0.051758 -0.284180 -0.004883
v 0.047852 -0.297852 0.004883
v 0.045898 -0.323242 0.002930
v 0.043945 -0.301758 -0.000977
v 0.043945 -0.301758 -0.000977
v 0.045898 -0.323242 0.002930
v 0.040039 -0.297852 0.002930
v 0.043945 -0.297852 0.006836
v 0.047852 -0.297852 0.004883
v 0.045898 -0.290039 -0.002930
v 0.045898 -0.290039 -0.002930
v 0.040039 -0.297852 0.002930
v 0.043945 -0.297852 0.006836
v 0.057617 -0.276367 -0.014648
v 0.053711 -0.280273 -0.006836
v 0.041992 -0.274414 -0.010742
v 0.041992 -0.274414 -0.010742
v 0.051758 -0.274414 -0.002930
v 0.057617 -0.276367 -0.014648
v 0.041992 -0.276367 0.002930
v 0.041992 -0.274414 -0.010742
v 0.053711 -0.280273 -0.006836
v 0.053711 -0.280273 -0.006836
v 0.053711 -0.276367 0.006836
v 0.041992 -0.276367 0.002930
v 0.051758 -0.274414 -0.002930
v 0.041992 -0.274414 -0.010742
v 0.041992 -0.276367 0.002930
v 0.041992 -0.276367 0.002930
v 0.053711 -0.276367 0.006836
v 0.051758 -0.274414 -0.002930
v 0.053711 -0.272461 -0.004883
v 0.051758 -0.272461 -0.002930
v 0.043945 -0.258789 -0.000977
v 0.055664 -0.258789 0.002930
v 0.051758 -0.272461 -0.002930
v 0.053711 -0.272461 -0.004883
v 0.043945 -0.258789 -0.000977
v 0.051758 -0.258789 -0.002930
v 0.053711 -0.272461 -0.004883
v 0.053711 -0.272461 -0.004883
v 0.051758 -0.258789 -0.002930
v 0.055664 -0.258789 0.002930
v 0.049805 -0.262695 0.002930
v 0.043945 -0.258789 -0.000977
v 0.051758 -0.272461 -0.002930
v 0.051758 -0.272461 -0.002930
v 0.055664 -0.258789 0.002930
v 0.049805 -0.262695 0.002930
v 0.051758 -0.258789 -0.002930
v 0.043945 -0.258789 -0.000977
v 0.053711 -0.249023 -0.002930
v 0.051758 -0.258789 -0.002930
v 0.053711 -0.249023 -0.002930
v 0.057617 -0.249023 0.004883
v 0.057617 -0.249023 0.004883
v 0.055664 -0.258789 0.002930
v 0.051758 -0.258789 -0.002930
v 0.043945 -0.249023 -0.000977
v 0.053711 -0.249023 -0.002930
v 0.043945 -0.258789 -0.000977
v 0.041992 -0.256836 0.006836
v 0.043945 -0.249023 -0.000977
v 0.043945 -0.258789 -0.000977
v 0.043945 -0.258789 -0.000977
v 0.049805 -0.262695 0.002930
v 0.041992 -0.256836 0.006836
v 0.026367 -0.301758 0.016602
v 0.040039 -0.301758 0.004883
v 0.030273 -0.291992 -0.000977
v 0.014648 -0.293945 0.002930
v 0.020508 -0.299805 0.014648
v 0.030273 -0.291992 -0.000977
v 0.030273 -0.291992 -0.000977
v 0.020508 -0.299805 0.014648
v 0.026367 -0.301758 0.016602
v 0.002930 -0.280273 -0.004883
v -0.016602 -0.282227 -0.081055
v -0.016602 -0.282227 -0.014648
v 0.002930 -0.280273 -0.004883
v -0.016602 -0.282227 -0.014648
v -0.393555 -0.282227 -0.014648
v 0.002930 -0.280273 -0.004883
v -0.393555 -0.282227 -0.014648
v -0.415039 -0.280273 -0.004883
v 0.049805 -0.245117 -0.208008
v 0.069336 -0.221680 -0.209961
v 0.067383 -0.245117 -0.208008
v 0.067383 -0.245117 -0.208008
v 0.069336 -0.221680 -0.209961
v 0.069336 -0.221680 -0.186523
v 0.067383 -0.245117 -0.208008
v 0.067383 -0.245117 -0.190430
v 0.049805 -0.245117 -0.190430
v 0.069336 -0.221680 -0.186523
v 0.067383 -0.245117 -0.190430
v 0.067383 -0.245117 -0.208008
v 0.049805 -0.245117 -0.190430
v 0.049805 -0.245117 -0.208008
v 0.067383 -0.245117 -0.208008
v 0.041992 -0.219727 -0.213867
v 0.073242 -0.219727 -0.213867
v 0.073242 -0.223633 -0.213867
v 0.073242 -0.223633 -0.213867
v 0.073242 -0.219727 -0.213867
v 0.073242 -0.223633 -0.182617
v 0.073242 -0.223633 -0.213867
v 0.069336 -0.221680 -0.209961
v 0.045898 -0.221680 -0.209961
v 0.073242 -0.223633 -0.182617
v 0.069336 -0.221680 -0.209961
v 0.073242 -0.223633 -0.213867
v 0.073242 -0.223633 -0.213867
v 0.041992 -0.223633 -0.213867
v 0.041992 -0.219727 -0.213867
v 0.045898 -0.221680 -0.209961
v 0.041992 -0.223633 -0.213867
v 0.073242 -0.223633 -0.213867
v 0.073242 -0.219727 -0.213867
v 0.065430 -0.208008 -0.206055
v 0.065430 -0.208008 -0.192383
v 0.041992 -0.219727 -0.213867
v 0.065430 -0.208008 -0.206055
v 0.073242 -0.219727 -0.213867
v 0.073242 -0.219727 -0.213867
v 0.065430 -0.208008 -0.192383
v 0.073242 -0.219727 -0.182617
v 0.073242 -0.219727 -0.182617
v 0.073242 -0.223633 -0.182617
v 0.073242 -0.219727 -0.213867
v 0.069336 -0.221680 -0.209961
v 0.049805 -0.245117 -0.208008
v 0.045898 -0.221680 -0.209961
v 0.069336 -0.221680 -0.209961
v 0.073242 -0.223633 -0.182617
v 0.069336 -0.221680 -0.186523
v 0.045898 -0.221680 -0.186523
v 0.049805 -0.245117 -0.190430
v 0.067383 -0.245117 -0.190430
v 0.067383 -0.245117 -0.190430
v 0.069336 -0.221680 -0.186523
v 0.045898 -0.221680 -0.186523
v 0.051758 -0.208008 -0.192383
v 0.065430 -0.208008 -0.192383
v 0.065430 -0.208008 -0.206055
v 0.065430 -0.208008 -0.206055
v 0.041992 -0.219727 -0.213867
v 0.051758 -0.208008 -0.206055
v 0.065430 -0.208008 -0.206055
v 0.051758 -0.208008 -0.206055
v 0.051758 -0.208008 -0.192383
v 0.063477 -0.209961 -0.200195
v 0.069336 -0.202148 -0.200195
v 0.063477 -0.200195 -0.198242
v 0.061523 -0.206055 -0.198242
v 0.069336 -0.202148 -0.200195
v 0.063477 -0.209961 -0.200195
v 0.063477 -0.209961 -0.200195
v 0.063477 -0.200195 -0.198242
v 0.061523 -0.206055 -0.198242
v 0.055664 -0.206055 -0.198242
v 0.061523 -0.206055 -0.198242
v 0.063477 -0.209961 -0.200195
v 0.063477 -0.209961 -0.200195
v 0.061523 -0.206055 -0.198242
v 0.053711 -0.209961 -0.198242
v 0.053711 -0.209961 -0.198242
v 0.055664 -0.206055 -0.198242
v 0.063477 -0.209961 -0.200195
v 0.065430 -0.208008 -0.192383
v 0.051758 -0.208008 -0.192383
v 0.073242 -0.219727 -0.182617
v 0.071289 -0.192383 -0.200195
v 0.067383 -0.200195 -0.200195
v 0.063477 -0.198242 -0.200195
v 0.063477 -0.194336 -0.198242
v 0.067383 -0.200195 -0.200195
v 0.071289 -0.192383 -0.200195
v 0.071289 -0.192383 -0.200195
v 0.063477 -0.198242 -0.200195
v 0.065430 -0.194336 -0.200195
v 0.071289 -0.192383 -0.200195
v 0.065430 -0.194336 -0.200195
v 0.063477 -0.194336 -0.198242
v 0.063477 -0.186523 -0.200195
v 0.065430 -0.194336 -0.200195
v 0.071289 -0.192383 -0.200195
v 0.071289 -0.192383 -0.200195
v 0.065430 -0.194336 -0.200195
v 0.061523 -0.190430 -0.200195
v 0.061523 -0.190430 -0.200195
v 0.063477 -0.186523 -0.200195
v 0.071289 -0.192383 -0.200195
v 0.061523 -0.206055 -0.198242
v 0.063477 -0.200195 -0.198242
v 0.069336 -0.202148 -0.200195
v 0.063477 -0.200195 -0.198242
v 0.063477 -0.198242 -0.200195
v 0.067383 -0.200195 -0.200195
v 0.063477 -0.194336 -0.198242
v 0.063477 -0.200195 -0.198242
v 0.067383 -0.200195 -0.200195
v 0.063477 -0.198242 -0.200195
v 0.063477 -0.200195 -0.198242
v 0.063477 -0.194336 -0.198242
v 0.063477 -0.194336 -0.198242
v 0.065430 -0.194336 -0.200195
v 0.063477 -0.198242 -0.200195
v 0.065430 -0.194336 -0.200195
v 0.063477 -0.186523 -0.200195
v 0.061523 -0.190430 -0.200195
v 0.063477 -0.186523 -0.200195
v 0.061523 -0.190430 -0.200195
v 0.055664 -0.192383 -0.200195
v 0.053711 -0.186523 -0.200195
v 0.061523 -0.190430 -0.200195
v 0.063477 -0.186523 -0.200195
v 0.063477 -0.186523 -0.200195
v 0.055664 -0.192383 -0.200195
v 0.053711 -0.186523 -0.200195
v 0.049805 -0.245117 -0.190430
v 0.045898 -0.221680 -0.209961
v 0.049805 -0.245117 -0.208008
v 0.041992 -0.223633 -0.182617
v 0.041992 -0.219727 -0.213867
v 0.041992 -0.223633 -0.213867
v 0.041992 -0.223633 -0.213867
v 0.045898 -0.221680 -0.209961
v 0.045898 -0.221680 -0.186523
v 0.041992 -0.223633 -0.213867
v 0.045898 -0.221680 -0.186523
v 0.041992 -0.223633 -0.182617
v 0.041992 -0.219727 -0.182617
v 0.051758 -0.208008 -0.206055
v 0.041992 -0.219727 -0.213867
v 0.041992 -0.219727 -0.213867
v 0.041992 -0.223633 -0.182617
v 0.041992 -0.219727 -0.182617
v 0.045898 -0.221680 -0.209961
v 0.049805 -0.245117 -0.190430
v 0.045898 -0.221680 -0.186523
v 0.041992 -0.219727 -0.182617
v 0.051758 -0.208008 -0.192383
v 0.051758 -0.208008 -0.206055
v 0.059570 -0.196289 -0.211914
v 0.059570 -0.202148 -0.208008
v 0.059570 -0.200195 -0.204102
v 0.059570 -0.196289 -0.206055
v 0.059570 -0.202148 -0.208008
v 0.059570 -0.196289 -0.211914
v 0.059570 -0.196289 -0.211914
v 0.059570 -0.200195 -0.204102
v 0.059570 -0.196289 -0.206055
v 0.059570 -0.188477 -0.206055
v 0.059570 -0.196289 -0.206055
v 0.059570 -0.196289 -0.211914
v 0.057617 -0.192383 -0.202148
v 0.059570 -0.196289 -0.206055
v 0.059570 -0.196289 -0.211914
v 0.059570 -0.196289 -0.211914
v 0.059570 -0.188477 -0.206055
v 0.057617 -0.192383 -0.202148
v 0.059570 -0.196289 -0.206055
v 0.059570 -0.200195 -0.204102
v 0.059570 -0.202148 -0.208008
v 0.059570 -0.202148 -0.208008
v 0.059570 -0.200195 -0.204102
v 0.059570 -0.206055 -0.200195
v 0.059570 -0.202148 -0.200195
v 0.059570 -0.200195 -0.204102
v 0.059570 -0.202148 -0.208008
v 0.059570 -0.202148 -0.208008
v 0.059570 -0.206055 -0.200195
v 0.059570 -0.202148 -0.200195
v 0.059570 -0.202148 -0.200195
v 0.059570 -0.206055 -0.200195
v 0.059570 -0.200195 -0.204102
v 0.057617 -0.192383 -0.202148
v 0.059570 -0.188477 -0.206055
v 0.059570 -0.196289 -0.206055
v 0.057617 -0.192383 -0.198242
v 0.057617 -0.192383 -0.202148
v 0.059570 -0.188477 -0.206055
v 0.059570 -0.188477 -0.206055
v 0.057617 -0.192383 -0.202148
v 0.059570 -0.188477 -0.194336
v 0.059570 -0.188477 -0.194336
v 0.057617 -0.192383 -0.198242
v 0.059570 -0.188477 -0.206055
v 0.059570 -0.200195 -0.196289
v 0.059570 -0.202148 -0.200195
v 0.059570 -0.206055 -0.200195
v 0.059570 -0.206055 -0.200195
v 0.059570 -0.202148 -0.200195
v 0.059570 -0.202148 -0.192383
v 0.059570 -0.202148 -0.192383
v 0.059570 -0.200195 -0.196289
v 0.059570 -0.206055 -0.200195
v 0.061523 -0.206055 -0.198242
v 0.055664 -0.206055 -0.198242
v 0.053711 -0.209961 -0.198242
v 0.055664 -0.206055 -0.198242
v 0.053711 -0.209961 -0.198242
v 0.051758 -0.202148 -0.200195
v 0.049805 -0.200195 -0.198242
v 0.053711 -0.209961 -0.198242
v 0.055664 -0.206055 -0.198242
v 0.055664 -0.206055 -0.198242
v 0.051758 -0.202148 -0.200195
v 0.053711 -0.200195 -0.198242
v 0.055664 -0.206055 -0.198242
v 0.053711 -0.200195 -0.198242
v 0.049805 -0.200195 -0.198242
v 0.049805 -0.200195 -0.198242
v 0.051758 -0.202148 -0.200195
v 0.053711 -0.209961 -0.198242
v 0.041992 -0.219727 -0.182617
v 0.073242 -0.219727 -0.182617
v 0.051758 -0.208008 -0.192383
v 0.059570 -0.202148 -0.200195
v 0.059570 -0.200195 -0.196289
v 0.059570 -0.202148 -0.192383
v 0.059570 -0.200195 -0.196289
v 0.059570 -0.202148 -0.192383
v 0.059570 -0.196289 -0.194336
v 0.059570 -0.196289 -0.188477
v 0.059570 -0.202148 -0.192383
v 0.059570 -0.200195 -0.196289
v 0.059570 -0.200195 -0.196289
v 0.059570 -0.196289 -0.194336
v 0.059570 -0.196289 -0.188477
v 0.040039 -0.194336 -0.198242
v 0.055664 -0.192383 -0.198242
v 0.057617 -0.196289 -0.198242
v 0.057617 -0.196289 -0.198242
v 0.040039 -0.198242 -0.200195
v 0.040039 -0.194336 -0.198242
v 0.040039 -0.198242 -0.194336
v 0.040039 -0.198242 -0.200195
v 0.057617 -0.196289 -0.198242
v 0.057617 -0.196289 -0.198242
v 0.040039 -0.194336 -0.198242
v 0.040039 -0.198242 -0.194336
v 0.053711 -0.186523 -0.200195
v 0.055664 -0.192383 -0.200195
v 0.061523 -0.190430 -0.200195
v 0.057617 -0.192383 -0.202148
v 0.057617 -0.192383 -0.198242
v 0.059570 -0.188477 -0.194336
v 0.055664 -0.192383 -0.200195
v 0.051758 -0.194336 -0.200195
v 0.045898 -0.192383 -0.200195
v 0.053711 -0.186523 -0.200195
v 0.051758 -0.194336 -0.200195
v 0.055664 -0.192383 -0.200195
v 0.055664 -0.192383 -0.200195
v 0.045898 -0.192383 -0.200195
v 0.053711 -0.186523 -0.200195
v 0.057617 -0.192383 -0.198242
v 0.059570 -0.196289 -0.194336
v 0.059570 -0.196289 -0.188477
v 0.059570 -0.188477 -0.194336
v 0.059570 -0.196289 -0.194336
v 0.057617 -0.192383 -0.198242
v 0.057617 -0.192383 -0.198242
v 0.059570 -0.196289 -0.188477
v 0.059570 -0.188477 -0.194336
v 0.051758 -0.202148 -0.200195
v 0.053711 -0.198242 -0.200195
v 0.053711 -0.198242 -0.198242
v 0.049805 -0.200195 -0.198242
v 0.053711 -0.198242 -0.200195
v 0.051758 -0.202148 -0.200195
v 0.053711 -0.198242 -0.198242
v 0.053711 -0.200195 -0.198242
v 0.051758 -0.202148 -0.200195
v 0.051758 -0.194336 -0.200195
v 0.053711 -0.198242 -0.198242
v 0.053711 -0.198242 -0.200195
v 0.053711 -0.198242 -0.200195
v 0.049805 -0.200195 -0.198242
v 0.051758 -0.194336 -0.200195
v 0.053711 -0.200195 -0.198242
v 0.053711 -0.198242 -0.198242
v 0.049805 -0.200195 -0.198242
v 0.045898 -0.192383 -0.200195
v 0.049805 -0.200195 -0.198242
v 0.053711 -0.198242 -0.198242
v 0.053711 -0.198242 -0.198242
v 0.051758 -0.194336 -0.200195
v 0.045898 -0.192383 -0.200195
v 0.045898 -0.192383 -0.200195
v 0.051758 -0.194336 -0.200195
v 0.049805 -0.200195 -0.198242
v 0.053711 -0.186523 -0.200195
v 0.045898 -0.192383 -0.200195
v 0.051758 -0.194336 -0.200195
v 0.059570 -0.196289 -0.188477
v 0.059570 -0.196289 -0.194336
v 0.059570 -0.202148 -0.192383
v 0.059570 -0.188477 -0.194336
v 0.059570 -0.196289 -0.188477
v 0.059570 -0.196289 -0.194336
v 0.040039 -0.198242 -0.194336
v 0.040039 -0.194336 -0.198242
v 0.040039 -0.198242 -0.200195
v 0.073242 -0.223633 -0.182617
v 0.073242 -0.219727 -0.182617
v 0.041992 -0.219727 -0.182617
v 0.041992 -0.223633 -0.182617
v 0.069336 -0.221680 -0.186523
v 0.073242 -0.223633 -0.182617
v 0.041992 -0.219727 -0.182617
v 0.041992 -0.223633 -0.182617
v 0.073242 -0.223633 -0.182617
v 0.041992 -0.223633 -0.182617
v 0.045898 -0.221680 -0.186523
v 0.069336 -0.221680 -0.186523
v 0.049805 -0.194336 -0.182617
v 0.006836 -0.200195 -0.182617
v 0.006836 -0.188477 -0.184570
v 0.047852 -0.174805 -0.149414
v 0.006836 -0.200195 -0.182617
v 0.049805 -0.194336 -0.182617
v 0.049805 -0.194336 -0.182617
v 0.006836 -0.188477 -0.184570
v 0.049805 -0.182617 -0.184570
v 0.049805 -0.194336 -0.182617
v 0.049805 -0.182617 -0.184570
v 0.045898 -0.165039 -0.153320
v 0.045898 -0.165039 -0.153320
v 0.047852 -0.174805 -0.149414
v 0.049805 -0.194336 -0.182617
v 0.032227 -0.147461 -0.124023
v 0.032227 -0.196289 -0.161133
v 0.032227 -0.188477 -0.174805
v 0.034180 -0.198242 -0.084961
v 0.018555 -0.198242 -0.161133
v 0.034180 -0.198242 -0.161133
v 0.034180 -0.198242 -0.161133
v 0.018555 -0.198242 -0.161133
v -0.016602 -0.305664 -0.157227
v 0.034180 -0.198242 -0.161133
v 0.034180 -0.186523 -0.174805
v 0.043945 -0.141602 -0.124023
v 0.043945 -0.141602 -0.124023
v 0.034180 -0.198242 -0.084961
v 0.034180 -0.198242 -0.161133
v 0.032227 -0.147461 -0.124023
v 0.032227 -0.196289 -0.084961
v 0.032227 -0.196289 -0.161133
v -0.038086 -0.194336 -0.182617
v 0.006836 -0.188477 -0.184570
v 0.006836 -0.200195 -0.182617
v 0.006836 -0.200195 -0.182617
v 0.047852 -0.174805 -0.149414
v -0.036133 -0.176758 -0.149414
v -0.036133 -0.176758 -0.149414
v -0.038086 -0.194336 -0.182617
v 0.006836 -0.200195 -0.182617
v 0.006836 -0.182617 -0.186523
v 0.049805 -0.182617 -0.184570
v 0.006836 -0.188477 -0.184570
v -0.038086 -0.182617 -0.184570
v 0.006836 -0.182617 -0.186523
v 0.006836 -0.188477 -0.184570
v 0.006836 -0.188477 -0.184570
v -0.038086 -0.194336 -0.182617
v -0.038086 -0.182617 -0.184570
v 0.018555 -0.198242 -0.161133
v 0.034180 -0.198242 -0.084961
v 0.018555 -0.198242 -0.084961
v 0.006836 -0.182617 -0.186523
v 0.051758 -0.176758 -0.186523
v 0.049805 -0.182617 -0.184570
v 0.049805 -0.182617 -0.184570
v 0.051758 -0.176758 -0.186523
v 0.047852 -0.161133 -0.155273
v 0.049805 -0.182617 -0.184570
v 0.047852 -0.161133 -0.155273
v 0.045898 -0.165039 -0.153320
v 0.051758 -0.176758 -0.186523
v 0.006836 -0.182617 -0.186523
v -0.036133 -0.161133 -0.155273
v -0.036133 -0.161133 -0.155273
v 0.047852 -0.161133 -0.155273
v 0.051758 -0.176758 -0.186523
v 0.004883 -0.141602 -0.124023
v 0.043945 -0.141602 -0.124023
v 0.034180 -0.186523 -0.174805
v -0.020508 -0.188477 -0.174805
v 0.004883 -0.141602 -0.124023
v 0.034180 -0.186523 -0.174805
v 0.006836 -0.182617 -0.186523
v -0.038086 -0.182617 -0.184570
v -0.036133 -0.176758 -0.186523
v 0.006836 -0.182617 -0.186523
v -0.036133 -0.176758 -0.186523
v -0.036133 -0.161133 -0.155273
v 0.047852 -0.174805 -0.149414
v 0.045898 -0.165039 -0.153320
v 0.053711 -0.153320 -0.124023
v 0.047852 -0.174805 -0.149414
v 0.053711 -0.153320 -0.124023
v 0.045898 -0.151367 -0.124023
v 0.047852 -0.174805 -0.149414
v 0.045898 -0.151367 -0.124023
v -0.036133 -0.151367 -0.124023
v -0.036133 -0.151367 -0.124023
v -0.036133 -0.176758 -0.149414
v 0.047852 -0.174805 -0.149414
v 0.053711 -0.129883 -0.131836
v 0.045898 -0.165039 -0.153320
v 0.047852 -0.161133 -0.155273
v 0.045898 -0.135742 -0.124023
v 0.053711 -0.129883 -0.131836
v 0.047852 -0.161133 -0.155273
v -0.036133 -0.135742 -0.124023
v 0.045898 -0.135742 -0.124023
v 0.047852 -0.161133 -0.155273
v 0.047852 -0.161133 -0.155273
v -0.036133 -0.161133 -0.155273
v -0.036133 -0.135742 -0.124023
v 0.045898 -0.165039 -0.153320
v 0.053711 -0.129883 -0.131836
v 0.053711 -0.153320 -0.124023
v 0.053711 -0.129883 -0.114258
v 0.053711 -0.153320 -0.124023
v 0.053711 -0.129883 -0.131836
v 0.045898 -0.135742 -0.124023
v 0.053711 -0.129883 -0.114258
v 0.053711 -0.129883 -0.131836
v 0.010742 -0.012695 -0.139648
v 0.010742 -0.012695 -0.106445
v -0.116211 -0.045898 -0.108398
v -0.000977 0.026367 -0.141602
v 0.010742 -0.012695 -0.106445
v 0.010742 -0.012695 -0.139648
v 0.010742 -0.012695 -0.139648
v -0.116211 -0.045898 -0.137695
v -0.120117 -0.010742 -0.139648
v -0.116211 -0.045898 -0.108398
v -0.116211 -0.045898 -0.137695
v 0.010742 -0.012695 -0.139648
v 0.010742 -0.012695 -0.139648
v -0.120117 -0.010742 -0.139648
v -0.000977 0.026367 -0.141602
v -0.016602 -0.305664 -0.088867
v 0.018555 -0.198242 -0.084961
v 0.034180 -0.198242 -0.084961
v 0.034180 -0.198242 -0.084961
v 0.043945 -0.141602 -0.124023
v 0.034180 -0.186523 -0.071289
v 0.032227 -0.147461 -0.124023
v 0.032227 -0.188477 -0.073242
v 0.032227 -0.196289 -0.084961
v 0.006836 -0.188477 -0.063477
v 0.006836 -0.200195 -0.065430
v 0.049805 -0.194336 -0.065430
v 0.049805 -0.194336 -0.065430
v 0.006836 -0.200195 -0.065430
v 0.047852 -0.174805 -0.096680
v 0.049805 -0.182617 -0.063477
v 0.006836 -0.188477 -0.063477
v 0.049805 -0.194336 -0.065430
v 0.049805 -0.194336 -0.065430
v 0.047852 -0.174805 -0.096680
v 0.045898 -0.165039 -0.094727
v 0.049805 -0.194336 -0.065430
v 0.045898 -0.165039 -0.094727
v 0.049805 -0.182617 -0.063477
v 0.006836 -0.200195 -0.065430
v 0.006836 -0.188477 -0.063477
v -0.038086 -0.194336 -0.065430
v -0.036133 -0.176758 -0.096680
v 0.047852 -0.174805 -0.096680
v 0.006836 -0.200195 -0.065430
v 0.006836 -0.200195 -0.065430
v -0.038086 -0.194336 -0.065430
v -0.036133 -0.176758 -0.096680
v 0.006836 -0.188477 -0.063477
v 0.049805 -0.182617 -0.063477
v 0.006836 -0.182617 -0.061523
v 0.006836 -0.188477 -0.063477
v 0.006836 -0.182617 -0.061523
v -0.038086 -0.182617 -0.063477
v -0.038086 -0.182617 -0.063477
v -0.038086 -0.194336 -0.065430
v 0.006836 -0.188477 -0.063477
v 0.053711 -0.153320 -0.124023
v 0.045898 -0.165039 -0.094727
v 0.047852 -0.174805 -0.096680
v 0.045898 -0.151367 -0.124023
v 0.053711 -0.153320 -0.124023
v 0.047852 -0.174805 -0.096680
v -0.036133 -0.151367 -0.124023
v 0.045898 -0.151367 -0.124023
v 0.047852 -0.174805 -0.096680
v 0.047852 -0.174805 -0.096680
v -0.036133 -0.176758 -0.096680
v -0.036133 -0.151367 -0.124023
v 0.045898 -0.165039 -0.094727
v 0.053711 -0.153320 -0.124023
v 0.053711 -0.129883 -0.114258
v 0.045898 -0.165039 -0.094727
v 0.053711 -0.129883 -0.114258
v 0.047852 -0.161133 -0.092773
v 0.045898 -0.165039 -0.094727
v 0.047852 -0.161133 -0.092773
v 0.049805 -0.182617 -0.063477
v 0.053711 -0.129883 -0.114258
v 0.045898 -0.135742 -0.124023
v 0.047852 -0.161133 -0.092773
v 0.043945 -0.141602 -0.124023
v 0.004883 -0.141602 -0.124023
v 0.034180 -0.186523 -0.071289
v -0.036133 -0.135742 -0.124023
v 0.047852 -0.161133 -0.092773
v 0.045898 -0.135742 -0.124023
v -0.020508 -0.186523 -0.073242
v 0.034180 -0.186523 -0.071289
v 0.004883 -0.141602 -0.124023
v 0.051758 -0.176758 -0.059570
v 0.049805 -0.182617 -0.063477
v 0.047852 -0.161133 -0.092773
v -0.036133 -0.161133 -0.092773
v 0.051758 -0.176758 -0.059570
v 0.047852 -0.161133 -0.092773
v 0.047852 -0.161133 -0.092773
v -0.036133 -0.135742 -0.124023
v -0.036133 -0.161133 -0.092773
v 0.049805 -0.182617 -0.063477
v 0.051758 -0.176758 -0.059570
v 0.006836 -0.182617 -0.061523
v 0.053711 -0.249023 -0.002930
v 0.043945 -0.249023 -0.000977
v 0.051758 -0.245117 0.004883
v 0.051758 -0.245117 0.004883
v 0.057617 -0.249023 0.004883
v 0.053711 -0.249023 -0.002930
v 0.043945 -0.249023 -0.000977
v 0.049805 -0.254883 0.002930
v 0.051758 -0.245117 0.004883
v 0.043945 -0.249023 0.006836
v 0.049805 -0.254883 0.002930
v 0.043945 -0.249023 -0.000977
v 0.043945 -0.249023 -0.000977
v 0.041992 -0.256836 0.006836
v 0.043945 -0.249023 0.006836
v -0.036133 -0.161133 -0.092773
v 0.006836 -0.182617 -0.061523
v 0.051758 -0.176758 -0.059570
v 0.006836 -0.182617 -0.061523
v -0.036133 -0.161133 -0.092773
v -0.036133 -0.176758 -0.059570
v -0.036133 -0.176758 -0.059570
v -0.038086 -0.182617 -0.063477
v 0.006836 -0.182617 -0.061523
v -0.000977 0.026367 -0.104492
v -0.116211 -0.045898 -0.108398
v 0.010742 -0.012695 -0.106445
v 0.010742 -0.012695 -0.106445
v -0.000977 0.026367 -0.141602
v -0.000977 0.026367 -0.104492
v -0.022461 -0.329102 -0.475586
v -0.012695 -0.313477 -0.471680
v -0.006836 -0.329102 -0.469727
v -0.012695 -0.313477 -0.471680
v -0.022461 -0.329102 -0.475586
v -0.020508 -0.305664 -0.475586
v -0.020508 -0.305664 -0.475586
v -0.008789 -0.299805 -0.469727
v -0.012695 -0.313477 -0.471680
v -0.043945 -0.313477 -0.483398
v -0.032227 -0.329102 -0.479492
v -0.047852 -0.329102 -0.485352
v -0.032227 -0.329102 -0.479492
v -0.043945 -0.313477 -0.483398
v -0.034180 -0.305664 -0.481445
v -0.043945 -0.313477 -0.483398
v -0.045898 -0.299805 -0.485352
v -0.034180 -0.305664 -0.481445
v -0.020508 -0.329102 -0.438477
v -0.038086 -0.329102 -0.440430
v -0.016602 -0.233398 -0.438477
v -0.018555 -0.233398 -0.420898
v -0.022461 -0.329102 -0.420898
v -0.020508 -0.329102 -0.438477
v -0.020508 -0.329102 -0.438477
v -0.016602 -0.233398 -0.438477
v -0.018555 -0.233398 -0.420898
v -0.038086 -0.329102 -0.440430
v -0.040039 -0.329102 -0.422852
v -0.034180 -0.233398 -0.440430
v -0.034180 -0.233398 -0.440430
v -0.016602 -0.233398 -0.438477
v -0.038086 -0.329102 -0.440430
v -0.036133 -0.233398 -0.422852
v -0.040039 -0.329102 -0.422852
v -0.022461 -0.329102 -0.420898
v -0.022461 -0.329102 -0.420898
v -0.018555 -0.233398 -0.420898
v -0.036133 -0.233398 -0.422852
v -0.036133 -0.233398 -0.422852
v -0.034180 -0.233398 -0.440430
v -0.040039 -0.329102 -0.422852
v -0.137695 -0.305664 -0.397461
v -0.166992 -0.272461 -0.426758
v -0.118164 -0.270508 -0.395508
v -0.118164 -0.270508 -0.395508
v -0.166992 -0.272461 -0.426758
v -0.145508 -0.237305 -0.407227
v -0.129883 -0.295898 -0.352539
v -0.137695 -0.305664 -0.397461
v -0.118164 -0.270508 -0.395508
v -0.127930 -0.237305 -0.364258
v -0.129883 -0.295898 -0.352539
v -0.118164 -0.270508 -0.395508
v -0.118164 -0.270508 -0.395508
v -0.145508 -0.237305 -0.407227
v -0.127930 -0.237305 -0.364258
v -0.311523 -0.346680 -0.452148
v -0.166992 -0.325195 -0.499023
v -0.166992 -0.346680 -0.499023
v -0.166992 -0.325195 -0.499023
v -0.311523 -0.346680 -0.452148
v -0.311523 -0.325195 -0.452148
v -0.166992 -0.325195 -0.499023
v -0.311523 -0.325195 -0.452148
v 0.375977 -0.325195 0.059570
v -0.213867 -0.317383 -0.459961
v -0.229492 -0.329102 -0.448242
v -0.219727 -0.311523 -0.448242
v -0.208008 -0.290039 -0.456055
v -0.202148 -0.299805 -0.471680
v -0.213867 -0.317383 -0.459961
v -0.219727 -0.311523 -0.448242
v -0.208008 -0.290039 -0.456055
v -0.213867 -0.317383 -0.459961
v -0.235352 -0.329102 -0.436523
v -0.247070 -0.329102 -0.438477
v -0.229492 -0.329102 -0.448242
v -0.229492 -0.307617 -0.450195
v -0.219727 -0.311523 -0.448242
v -0.229492 -0.329102 -0.448242
v -0.233398 -0.307617 -0.438477
v -0.227539 -0.307617 -0.454102
v -0.235352 -0.329102 -0.440430
v -0.249023 -0.307617 -0.436523
v -0.233398 -0.307617 -0.438477
v -0.235352 -0.329102 -0.440430
v -0.252930 -0.311523 -0.428711
v -0.250977 -0.307617 -0.440430
v -0.247070 -0.329102 -0.438477
v -0.247070 -0.329102 -0.438477
v -0.266602 -0.317383 -0.432617
v -0.252930 -0.311523 -0.428711
v -0.202148 -0.270508 -0.467773
v -0.198242 -0.278320 -0.477539
v -0.202148 -0.299805 -0.471680
v -0.202148 -0.299805 -0.471680
v -0.208008 -0.290039 -0.456055
v -0.202148 -0.270508 -0.467773
v -0.202148 -0.270508 -0.467773
v -0.202148 -0.262695 -0.477539
v -0.198242 -0.278320 -0.477539
v -0.202148 -0.270508 -0.467773
v -0.215820 -0.266602 -0.469727
v -0.202148 -0.262695 -0.477539
v -0.215820 -0.266602 -0.469727
v -0.202148 -0.270508 -0.467773
v -0.225586 -0.284180 -0.459961
v -0.225586 -0.284180 -0.459961
v -0.202148 -0.270508 -0.467773
v -0.208008 -0.290039 -0.456055
v -0.229492 -0.307617 -0.450195
v -0.225586 -0.284180 -0.459961
v -0.208008 -0.290039 -0.456055
v -0.208008 -0.290039 -0.456055
v -0.219727 -0.311523 -0.448242
v -0.229492 -0.307617 -0.450195
v -0.233398 -0.282227 -0.438477
v -0.223633 -0.282227 -0.465820
v -0.227539 -0.307617 -0.454102
v -0.227539 -0.307617 -0.454102
v -0.233398 -0.307617 -0.438477
v -0.233398 -0.282227 -0.438477
v -0.223633 -0.282227 -0.465820
v -0.233398 -0.282227 -0.438477
v -0.233398 -0.254883 -0.438477
v -0.233398 -0.254883 -0.438477
v -0.225586 -0.250977 -0.467773
v -0.223633 -0.282227 -0.465820
v -0.249023 -0.307617 -0.436523
v -0.233398 -0.282227 -0.438477
v -0.233398 -0.307617 -0.438477
v -0.260742 -0.282227 -0.436523
v -0.233398 -0.254883 -0.438477
v -0.233398 -0.282227 -0.438477
v -0.233398 -0.282227 -0.438477
v -0.249023 -0.307617 -0.436523
v -0.260742 -0.282227 -0.436523
v -0.225586 -0.250977 -0.467773
v -0.233398 -0.254883 -0.438477
v -0.235352 -0.233398 -0.440430
v -0.235352 -0.233398 -0.440430
v -0.229492 -0.231445 -0.458008
v -0.225586 -0.250977 -0.467773
v -0.262695 -0.250977 -0.438477
v -0.235352 -0.233398 -0.440430
v -0.233398 -0.254883 -0.438477
v -0.260742 -0.282227 -0.436523
v -0.262695 -0.250977 -0.438477
v -0.233398 -0.254883 -0.438477
v -0.166992 -0.272461 -0.426758
v -0.137695 -0.305664 -0.397461
v -0.192383 -0.307617 -0.397461
v -0.166992 -0.272461 -0.426758
v -0.192383 -0.307617 -0.397461
v -0.213867 -0.272461 -0.395508
v -0.166992 -0.272461 -0.426758
v -0.213867 -0.272461 -0.395508
v -0.190430 -0.239258 -0.407227
v -0.190430 -0.239258 -0.407227
v -0.145508 -0.237305 -0.407227
v -0.166992 -0.272461 -0.426758
v -0.129883 -0.295898 -0.352539
v -0.192383 -0.307617 -0.397461
v -0.137695 -0.305664 -0.397461
v -0.200195 -0.297852 -0.352539
v -0.213867 -0.272461 -0.395508
v -0.192383 -0.307617 -0.397461
v -0.192383 -0.307617 -0.397461
v -0.129883 -0.295898 -0.352539
v -0.200195 -0.297852 -0.352539
v -0.213867 -0.272461 -0.395508
v -0.200195 -0.297852 -0.352539
v -0.206055 -0.239258 -0.362305
v -0.206055 -0.239258 -0.362305
v -0.190430 -0.239258 -0.407227
v -0.213867 -0.272461 -0.395508
v -0.413086 -0.327148 -0.356445
v -0.079102 -0.280273 -0.352539
v -0.073242 -0.327148 -0.356445
v -0.073242 -0.327148 -0.356445
v -0.079102 -0.280273 -0.352539
v -0.081055 -0.280273 -0.227539
v -0.081055 -0.280273 -0.227539
v -0.075195 -0.327148 -0.223633
v -0.073242 -0.327148 -0.356445
v -0.083008 -0.168945 -0.342773
v -0.084961 -0.284180 -0.325195
v -0.084961 -0.284180 -0.344727
v -0.084961 -0.284180 -0.344727
v -0.108398 -0.284180 -0.342773
v -0.108398 -0.168945 -0.362305
v -0.108398 -0.168945 -0.362305
v -0.083008 -0.168945 -0.362305
v -0.084961 -0.284180 -0.344727
v -0.084961 -0.284180 -0.344727
v -0.083008 -0.168945 -0.362305
v -0.083008 -0.168945 -0.342773
v -0.079102 -0.280273 -0.352539
v -0.413086 -0.327148 -0.356445
v -0.407227 -0.280273 -0.352539
v -0.079102 -0.280273 -0.352539
v -0.407227 -0.280273 -0.352539
v -0.405273 -0.280273 -0.233398
v -0.405273 -0.280273 -0.233398
v -0.081055 -0.280273 -0.227539
v -0.079102 -0.280273 -0.352539
v -0.092773 -0.282227 -0.338867
v -0.243164 -0.282227 -0.340820
v -0.092773 -0.174805 -0.356445
v -0.092773 -0.282227 -0.338867
v -0.092773 -0.174805 -0.356445
v -0.094727 -0.149414 -0.299805
v -0.092773 -0.282227 -0.338867
v -0.094727 -0.149414 -0.299805
v -0.092773 -0.282227 -0.227539
v -0.083008 -0.168945 -0.342773
v -0.108398 -0.284180 -0.325195
v -0.084961 -0.284180 -0.325195
v -0.104492 -0.260742 -0.319336
v -0.077148 -0.250977 -0.319336
v -0.077148 -0.260742 -0.319336
v -0.077148 -0.260742 -0.319336
v -0.077148 -0.250977 -0.319336
v -0.077148 -0.250977 -0.249023
v -0.104492 -0.260742 -0.249023
v -0.104492 -0.260742 -0.319336
v -0.077148 -0.260742 -0.319336
v -0.077148 -0.250977 -0.249023
v -0.077148 -0.260742 -0.249023
v -0.077148 -0.260742 -0.319336
v -0.077148 -0.260742 -0.319336
v -0.077148 -0.260742 -0.249023
v -0.104492 -0.260742 -0.249023
v -0.077148 -0.250977 -0.319336
v -0.104492 -0.260742 -0.319336
v -0.104492 -0.250977 -0.319336
v -0.077148 -0.250977 -0.319336
v -0.104492 -0.250977 -0.319336
v -0.077148 -0.250977 -0.249023
v -0.088867 -0.256836 -0.317383
v -0.100586 -0.256836 -0.317383
v -0.088867 -0.219727 -0.321289
v -0.088867 -0.256836 -0.317383
v -0.088867 -0.219727 -0.321289
v -0.088867 -0.215820 -0.249023
v -0.088867 -0.215820 -0.249023
v -0.088867 -0.256836 -0.249023
v -0.088867 -0.256836 -0.317383
v -0.108398 -0.284180 -0.342773
v -0.108398 -0.284180 -0.325195
v -0.108398 -0.168945 -0.342773
v -0.108398 -0.168945 -0.342773
v -0.108398 -0.168945 -0.362305
v -0.108398 -0.284180 -0.342773
v -0.108398 -0.284180 -0.325195
v -0.083008 -0.168945 -0.342773
v -0.108398 -0.168945 -0.342773
v -0.100586 -0.219727 -0.321289
v -0.088867 -0.219727 -0.321289
v -0.100586 -0.256836 -0.317383
v -0.104492 -0.250977 -0.249023
v -0.077148 -0.250977 -0.249023
v -0.104492 -0.250977 -0.319336
v -0.129883 -0.295898 -0.352539
v -0.141602 -0.268555 -0.331055
v -0.190430 -0.270508 -0.331055
v -0.127930 -0.237305 -0.364258
v -0.141602 -0.268555 -0.331055
v -0.129883 -0.295898 -0.352539
v -0.190430 -0.270508 -0.331055
v -0.200195 -0.297852 -0.352539
v -0.129883 -0.295898 -0.352539
v -0.166992 -0.233398 -0.338867
v -0.190430 -0.270508 -0.331055
v -0.141602 -0.268555 -0.331055
v -0.141602 -0.268555 -0.331055
v -0.127930 -0.237305 -0.364258
v -0.166992 -0.233398 -0.338867
v -0.200195 -0.297852 -0.352539
v -0.190430 -0.270508 -0.331055
v -0.206055 -0.239258 -0.362305
v -0.190430 -0.270508 -0.331055
v -0.166992 -0.233398 -0.338867
v -0.206055 -0.239258 -0.362305
v -0.243164 -0.174805 -0.356445
v -0.092773 -0.174805 -0.356445
v -0.243164 -0.282227 -0.340820
v -0.393555 -0.282227 -0.338867
v -0.243164 -0.174805 -0.356445
v -0.243164 -0.282227 -0.340820
v -0.016602 -0.233398 -0.438477
v -0.034180 -0.233398 -0.440430
v -0.018555 -0.233398 -0.420898
v -0.036133 -0.233398 -0.422852
v -0.018555 -0.233398 -0.420898
v -0.034180 -0.233398 -0.440430
v -0.229492 -0.231445 -0.458008
v -0.235352 -0.233398 -0.440430
v -0.237305 -0.217773 -0.444336
v -0.252930 -0.231445 -0.440430
v -0.237305 -0.217773 -0.444336
v -0.235352 -0.233398 -0.440430
v -0.235352 -0.233398 -0.440430
v -0.262695 -0.250977 -0.438477
v -0.252930 -0.231445 -0.440430
v -0.190430 -0.239258 -0.407227
v -0.166992 -0.217773 -0.377930
v -0.145508 -0.237305 -0.407227
v -0.145508 -0.237305 -0.407227
v -0.166992 -0.217773 -0.377930
v -0.127930 -0.237305 -0.364258
v -0.166992 -0.217773 -0.377930
v -0.190430 -0.239258 -0.407227
v -0.206055 -0.239258 -0.362305
v -0.166992 -0.233398 -0.338867
v -0.127930 -0.237305 -0.364258
v -0.166992 -0.217773 -0.377930
v -0.206055 -0.239258 -0.362305
v -0.166992 -0.233398 -0.338867
v -0.166992 -0.217773 -0.377930
v -0.217773 -0.008789 -0.375977
v -0.219727 0.008789 -0.375977
v -0.221680 0.016602 -0.290039
v -0.284180 0.010742 -0.375977
v -0.219727 0.008789 -0.375977
v -0.217773 -0.008789 -0.375977
v -0.221680 0.016602 -0.290039
v -0.219727 0.000977 -0.290039
v -0.217773 -0.008789 -0.375977
v -0.217773 -0.008789 -0.375977
v -0.219727 0.000977 -0.290039
v -0.284180 0.010742 -0.375977
v -0.061523 -0.180664 -0.368164
v -0.065430 -0.166992 -0.374023
v -0.067383 -0.143555 -0.307617
v -0.424805 -0.180664 -0.368164
v -0.065430 -0.166992 -0.374023
v -0.061523 -0.180664 -0.368164
v -0.067383 -0.143555 -0.307617
v -0.063477 -0.157227 -0.301758
v -0.061523 -0.180664 -0.368164
v -0.061523 -0.180664 -0.368164
v -0.063477 -0.157227 -0.301758
v -0.424805 -0.180664 -0.368164
v -0.063477 -0.137695 -0.311523
v -0.065430 -0.166992 -0.374023
v -0.059570 -0.159180 -0.374023
v -0.059570 -0.159180 -0.374023
v -0.065430 -0.166992 -0.374023
v -0.420898 -0.166992 -0.374023
v -0.422852 -0.137695 -0.311523
v -0.063477 -0.137695 -0.311523
v -0.059570 -0.159180 -0.374023
v -0.059570 -0.159180 -0.374023
v -0.420898 -0.166992 -0.374023
v -0.426758 -0.159180 -0.374023
v -0.059570 -0.159180 -0.374023
v -0.426758 -0.159180 -0.374023
v -0.422852 -0.137695 -0.311523
v -0.088867 -0.219727 -0.321289
v -0.100586 -0.219727 -0.321289
v -0.088867 -0.182617 -0.313477
v -0.088867 -0.219727 -0.321289
v -0.088867 -0.182617 -0.313477
v -0.088867 -0.215820 -0.249023
v -0.100586 -0.182617 -0.313477
v -0.088867 -0.182617 -0.313477
v -0.100586 -0.219727 -0.321289
v -0.063477 -0.137695 -0.311523
v -0.067383 -0.143555 -0.307617
v -0.065430 -0.166992 -0.374023
v -0.424805 -0.180664 -0.368164
v -0.420898 -0.166992 -0.374023
v -0.065430 -0.166992 -0.374023
v -0.088867 -0.182617 -0.313477
v -0.100586 -0.182617 -0.313477
v -0.100586 -0.168945 -0.280273
v -0.088867 -0.182617 -0.313477
v -0.088867 -0.168945 -0.280273
v -0.088867 -0.186523 -0.256836
v -0.100586 -0.168945 -0.280273
v -0.088867 -0.168945 -0.280273
v -0.088867 -0.182617 -0.313477
v -0.088867 -0.182617 -0.313477
v -0.088867 -0.186523 -0.256836
v -0.088867 -0.215820 -0.249023
v -0.063477 -0.157227 -0.301758
v -0.067383 -0.143555 -0.307617
v -0.067383 -0.108398 -0.245117
v -0.422852 -0.157227 -0.301758
v -0.424805 -0.180664 -0.368164
v -0.063477 -0.157227 -0.301758
v -0.422852 -0.122070 -0.239258
v -0.422852 -0.157227 -0.301758
v -0.063477 -0.157227 -0.301758
v -0.067383 -0.108398 -0.245117
v -0.063477 -0.122070 -0.239258
v -0.063477 -0.157227 -0.301758
v -0.063477 -0.157227 -0.301758
v -0.063477 -0.122070 -0.239258
v -0.422852 -0.122070 -0.239258
v -0.067383 -0.143555 -0.307617
v -0.063477 -0.137695 -0.311523
v -0.067383 -0.108398 -0.245117
v -0.422852 -0.104492 -0.250977
v -0.063477 -0.104492 -0.250977
v -0.063477 -0.137695 -0.311523
v -0.063477 -0.137695 -0.311523
v -0.063477 -0.104492 -0.250977
v -0.067383 -0.108398 -0.245117
v -0.063477 -0.137695 -0.311523
v -0.422852 -0.137695 -0.311523
v -0.422852 -0.104492 -0.250977
v -0.094727 -0.116211 -0.239258
v -0.092773 -0.282227 -0.227539
v -0.094727 -0.149414 -0.299805
v -0.094727 -0.083008 -0.237305
v -0.094727 -0.116211 -0.239258
v -0.094727 -0.149414 -0.299805
v -0.100586 -0.186523 -0.256836
v -0.088867 -0.186523 -0.256836
v -0.088867 -0.168945 -0.280273
v -0.088867 -0.168945 -0.280273
v -0.100586 -0.168945 -0.280273
v -0.100586 -0.186523 -0.256836
v -0.088867 -0.186523 -0.256836
v -0.100586 -0.186523 -0.256836
v -0.100586 -0.215820 -0.249023
v -0.100586 -0.215820 -0.249023
v -0.088867 -0.215820 -0.249023
v -0.088867 -0.186523 -0.256836
v -0.000977 -0.096680 -0.282227
v -0.006836 -0.108398 -0.276367
v -0.452148 -0.108398 -0.276367
v -0.018555 -0.055664 -0.209961
v -0.006836 -0.108398 -0.276367
v -0.000977 -0.096680 -0.282227
v -0.452148 -0.108398 -0.276367
v -0.458008 -0.096680 -0.282227
v -0.000977 -0.096680 -0.282227
v -0.000977 -0.096680 -0.282227
v -0.458008 -0.096680 -0.282227
v -0.440430 -0.055664 -0.209961
v -0.440430 -0.055664 -0.209961
v -0.018555 -0.055664 -0.209961
v -0.000977 -0.096680 -0.282227
v -0.454102 -0.124023 -0.268555
v -0.006836 -0.108398 -0.276367
v -0.004883 -0.124023 -0.268555
v -0.004883 -0.124023 -0.268555
v -0.006836 -0.108398 -0.276367
v -0.022461 -0.063477 -0.206055
v -0.018555 -0.079102 -0.198242
v -0.454102 -0.124023 -0.268555
v -0.004883 -0.124023 -0.268555
v -0.004883 -0.124023 -0.268555
v -0.022461 -0.063477 -0.206055
v -0.018555 -0.079102 -0.198242
v -0.454102 -0.124023 -0.268555
v -0.452148 -0.108398 -0.276367
v -0.006836 -0.108398 -0.276367
v -0.018555 -0.055664 -0.209961
v -0.022461 -0.063477 -0.206055
v -0.006836 -0.108398 -0.276367
v -0.012695 -0.186523 -0.241211
v -0.040039 -0.104492 -0.254883
v -0.014648 -0.104492 -0.256836
v -0.014648 -0.094727 -0.235352
v -0.012695 -0.186523 -0.241211
v -0.014648 -0.104492 -0.256836
v -0.040039 -0.104492 -0.254883
v -0.012695 -0.186523 -0.241211
v -0.038086 -0.186523 -0.241211
v -0.040039 -0.104492 -0.254883
v -0.038086 -0.186523 -0.241211
v -0.102539 -0.110352 -0.249023
v -0.243164 -0.174805 -0.356445
v -0.393555 -0.282227 -0.338867
v -0.393555 -0.174805 -0.356445
v -0.333008 -0.159180 -0.340820
v -0.229492 -0.081055 -0.354492
v -0.235352 -0.159180 -0.340820
v -0.235352 -0.159180 -0.340820
v -0.229492 -0.081055 -0.354492
v -0.229492 -0.036133 -0.198242
v -0.229492 -0.036133 -0.198242
v -0.233398 -0.083008 -0.194336
v -0.235352 -0.159180 -0.340820
v -0.229492 -0.081055 -0.354492
v -0.227539 -0.000977 -0.360352
v -0.229492 -0.036133 -0.198242
v -0.284180 0.016602 -0.360352
v -0.227539 -0.000977 -0.360352
v -0.229492 -0.081055 -0.354492
v -0.229492 -0.081055 -0.354492
v -0.333008 -0.159180 -0.340820
v -0.338867 -0.081055 -0.354492
v -0.229492 -0.081055 -0.354492
v -0.338867 -0.081055 -0.354492
v -0.284180 0.016602 -0.360352
v -0.223633 -0.063477 -0.327148
v -0.235352 -0.063477 -0.327148
v -0.223633 -0.047852 -0.327148
v -0.235352 -0.063477 -0.233398
v -0.235352 -0.063477 -0.327148
v -0.223633 -0.063477 -0.327148
v -0.223633 -0.063477 -0.327148
v -0.223633 -0.047852 -0.327148
v -0.223633 -0.045898 -0.233398
v -0.223633 -0.063477 -0.327148
v -0.223633 -0.063477 -0.233398
v -0.235352 -0.063477 -0.233398
v -0.223633 -0.045898 -0.233398
v -0.223633 -0.063477 -0.233398
v -0.223633 -0.063477 -0.327148
v -0.235352 -0.047852 -0.327148
v -0.223633 -0.047852 -0.327148
v -0.235352 -0.063477 -0.327148
v -0.227539 0.032227 -0.204102
v -0.229492 -0.036133 -0.198242
v -0.227539 -0.000977 -0.360352
v -0.223633 -0.047852 -0.327148
v -0.235352 -0.047852 -0.327148
v -0.223633 -0.045898 -0.233398
v -0.235352 -0.045898 -0.233398
v -0.223633 -0.045898 -0.233398
v -0.235352 -0.047852 -0.327148
v -0.413086 -0.346680 -0.291992
v -0.311523 -0.325195 -0.452148
v -0.311523 -0.346680 -0.452148
v -0.311523 -0.325195 -0.452148
v -0.413086 -0.346680 -0.291992
v -0.413086 -0.325195 -0.291992
v -0.311523 -0.325195 -0.452148
v -0.413086 -0.325195 -0.291992
v 0.375977 -0.325195 0.059570
v -0.266602 -0.290039 -0.424805
v -0.260742 -0.284180 -0.442383
v -0.250977 -0.307617 -0.440430
v -0.250977 -0.307617 -0.440430
v -0.252930 -0.311523 -0.428711
v -0.266602 -0.290039 -0.424805
v -0.278320 -0.270508 -0.426758
v -0.274414 -0.266602 -0.438477
v -0.260742 -0.284180 -0.442383
v -0.260742 -0.284180 -0.442383
v -0.266602 -0.290039 -0.424805
v -0.278320 -0.270508 -0.426758
v -0.274414 -0.266602 -0.438477
v -0.278320 -0.270508 -0.426758
v -0.288086 -0.262695 -0.432617
v -0.266602 -0.290039 -0.424805
v -0.252930 -0.311523 -0.428711
v -0.266602 -0.317383 -0.432617
v -0.282227 -0.299805 -0.428711
v -0.266602 -0.290039 -0.424805
v -0.266602 -0.317383 -0.432617
v -0.282227 -0.299805 -0.428711
v -0.278320 -0.270508 -0.426758
v -0.266602 -0.290039 -0.424805
v -0.278320 -0.270508 -0.426758
v -0.282227 -0.299805 -0.428711
v -0.290039 -0.278320 -0.428711
v -0.278320 -0.270508 -0.426758
v -0.290039 -0.278320 -0.428711
v -0.288086 -0.262695 -0.432617
v -0.411133 -0.327148 -0.237305
v -0.407227 -0.280273 -0.352539
v -0.413086 -0.327148 -0.356445
v -0.375977 -0.284180 -0.344727
v -0.399414 -0.284180 -0.344727
v -0.377930 -0.168945 -0.362305
v -0.377930 -0.168945 -0.362305
v -0.375977 -0.284180 -0.325195
v -0.375977 -0.284180 -0.344727
v -0.399414 -0.284180 -0.344727
v -0.399414 -0.284180 -0.325195
v -0.403320 -0.168945 -0.342773
v -0.403320 -0.168945 -0.362305
v -0.377930 -0.168945 -0.362305
v -0.399414 -0.284180 -0.344727
v -0.403320 -0.168945 -0.342773
v -0.403320 -0.168945 -0.362305
v -0.399414 -0.284180 -0.344727
v -0.407227 -0.280273 -0.352539
v -0.411133 -0.327148 -0.237305
v -0.405273 -0.280273 -0.233398
v -0.393555 -0.282227 -0.225586
v -0.393555 -0.174805 -0.356445
v -0.393555 -0.282227 -0.338867
v -0.377930 -0.168945 -0.342773
v -0.399414 -0.284180 -0.325195
v -0.375977 -0.284180 -0.325195
v -0.375977 -0.284180 -0.325195
v -0.377930 -0.168945 -0.362305
v -0.377930 -0.168945 -0.342773
v -0.399414 -0.284180 -0.325195
v -0.377930 -0.168945 -0.342773
v -0.403320 -0.168945 -0.342773
v -0.461914 -0.325195 -0.168945
v -0.413086 -0.325195 -0.291992
v -0.413086 -0.346680 -0.291992
v -0.413086 -0.346680 -0.291992
v -0.461914 -0.346680 -0.168945
v -0.461914 -0.325195 -0.168945
v -0.413086 -0.325195 -0.291992
v -0.461914 -0.325195 -0.168945
v -0.469727 -0.325195 -0.034180
v -0.413086 -0.325195 -0.291992
v -0.469727 -0.325195 -0.034180
v -0.461914 -0.325195 0.155273
v -0.311523 -0.325195 0.381836
v 0.375977 -0.325195 0.059570
v -0.413086 -0.325195 -0.291992
v -0.413086 -0.325195 -0.291992
v -0.461914 -0.325195 0.155273
v -0.311523 -0.325195 0.381836
v -0.288086 -0.014648 -0.397461
v -0.288086 -0.077148 -0.397461
v -0.286133 -0.102539 -0.418945
v -0.286133 -0.102539 -0.418945
v -0.286133 -0.006836 -0.418945
v -0.288086 -0.014648 -0.397461
v -0.288086 -0.102539 -0.418945
v -0.290039 -0.077148 -0.397461
v -0.290039 -0.014648 -0.397461
v -0.290039 -0.014648 -0.397461
v -0.288086 -0.006836 -0.418945
v -0.288086 -0.102539 -0.418945
v -0.291992 -0.006836 -0.375977
v -0.290039 -0.077148 -0.397461
v -0.291992 -0.096680 -0.375977
v -0.288086 -0.077148 -0.397461
v -0.288086 -0.014648 -0.397461
v -0.290039 -0.006836 -0.374023
v -0.290039 -0.006836 -0.374023
v -0.290039 -0.096680 -0.374023
v -0.288086 -0.077148 -0.397461
v -0.291992 -0.006836 -0.375977
v -0.290039 -0.014648 -0.397461
v -0.290039 -0.077148 -0.397461
v -0.278320 -0.012695 -0.430664
v -0.282227 -0.018555 -0.430664
v -0.291992 -0.012695 -0.432617
v -0.286133 -0.012695 -0.352539
v -0.282227 -0.018555 -0.430664
v -0.278320 -0.012695 -0.430664
v -0.291992 -0.012695 -0.432617
v -0.282227 -0.006836 -0.430664
v -0.278320 -0.012695 -0.430664
v -0.278320 -0.012695 -0.430664
v -0.282227 -0.006836 -0.430664
v -0.286133 -0.012695 -0.352539
v -0.282227 -0.018555 -0.430664
v -0.288086 -0.018555 -0.432617
v -0.291992 -0.012695 -0.432617
v -0.293945 -0.016602 -0.352539
v -0.288086 -0.018555 -0.432617
v -0.282227 -0.018555 -0.430664
v -0.282227 -0.018555 -0.430664
v -0.290039 -0.016602 -0.352539
v -0.293945 -0.016602 -0.352539
v -0.286133 -0.012695 -0.352539
v -0.290039 -0.016602 -0.352539
v -0.282227 -0.018555 -0.430664
v -0.295898 -0.012695 -0.352539
v -0.291992 -0.012695 -0.432617
v -0.288086 -0.018555 -0.432617
v -0.288086 -0.018555 -0.432617
v -0.293945 -0.016602 -0.352539
v -0.295898 -0.012695 -0.352539
v -0.291992 -0.012695 -0.432617
v -0.288086 -0.006836 -0.432617
v -0.282227 -0.006836 -0.430664
v -0.282227 -0.006836 -0.430664
v -0.288086 -0.006836 -0.432617
v -0.290039 -0.006836 -0.352539
v -0.290039 -0.006836 -0.352539
v -0.286133 -0.012695 -0.352539
v -0.282227 -0.006836 -0.430664
v -0.288086 -0.006836 -0.432617
v -0.291992 -0.012695 -0.432617
v -0.293945 -0.006836 -0.352539
v -0.293945 -0.006836 -0.352539
v -0.290039 -0.006836 -0.352539
v -0.288086 -0.006836 -0.432617
v -0.291992 -0.012695 -0.432617
v -0.295898 -0.012695 -0.352539
v -0.293945 -0.006836 -0.352539
v -0.348633 0.008789 -0.375977
v -0.284180 0.010742 -0.375977
v -0.350586 -0.008789 -0.375977
v -0.350586 -0.008789 -0.375977
v -0.284180 0.010742 -0.375977
v -0.348633 0.000977 -0.290039
v -0.348633 0.000977 -0.290039
v -0.348633 0.008789 -0.375977
v -0.350586 -0.008789 -0.375977
v -0.334961 -0.083008 -0.194336
v -0.338867 -0.081055 -0.354492
v -0.333008 -0.159180 -0.340820
v -0.333008 -0.079102 -0.364258
v -0.344727 -0.079102 -0.364258
v -0.344727 -0.061523 -0.364258
v -0.333008 -0.059570 -0.217773
v -0.344727 -0.079102 -0.364258
v -0.333008 -0.079102 -0.364258
v -0.344727 -0.061523 -0.364258
v -0.333008 -0.061523 -0.364258
v -0.333008 -0.079102 -0.364258
v -0.333008 -0.079102 -0.364258
v -0.333008 -0.061523 -0.364258
v -0.333008 -0.059570 -0.217773
v -0.338867 -0.036133 -0.198242
v -0.340820 -0.000977 -0.360352
v -0.338867 -0.081055 -0.354492
v -0.338867 -0.081055 -0.354492
v -0.340820 -0.000977 -0.360352
v -0.284180 0.016602 -0.360352
v -0.338867 -0.081055 -0.354492
v -0.334961 -0.083008 -0.194336
v -0.338867 -0.036133 -0.198242
v -0.344727 -0.043945 -0.217773
v -0.344727 -0.061523 -0.364258
v -0.344727 -0.079102 -0.364258
v -0.344727 -0.079102 -0.364258
v -0.333008 -0.059570 -0.217773
v -0.344727 -0.059570 -0.217773
v -0.344727 -0.079102 -0.364258
v -0.344727 -0.059570 -0.217773
v -0.344727 -0.043945 -0.217773
v -0.333008 -0.061523 -0.364258
v -0.344727 -0.061523 -0.364258
v -0.333008 -0.043945 -0.217773
v -0.333008 -0.043945 -0.217773
v -0.333008 -0.059570 -0.217773
v -0.333008 -0.061523 -0.364258
v -0.340820 -0.000977 -0.360352
v -0.338867 -0.036133 -0.198242
v -0.340820 0.032227 -0.204102
v -0.344727 -0.043945 -0.217773
v -0.333008 -0.043945 -0.217773
v -0.344727 -0.061523 -0.364258
v -0.393555 -0.174805 -0.356445
v -0.393555 -0.282227 -0.225586
v -0.391602 -0.116211 -0.239258
v -0.420898 -0.166992 -0.374023
v -0.424805 -0.180664 -0.368164
v -0.422852 -0.157227 -0.301758
v -0.418945 -0.143555 -0.307617
v -0.426758 -0.159180 -0.374023
v -0.420898 -0.166992 -0.374023
v -0.420898 -0.166992 -0.374023
v -0.422852 -0.157227 -0.301758
v -0.418945 -0.143555 -0.307617
v -0.426758 -0.159180 -0.374023
v -0.418945 -0.143555 -0.307617
v -0.422852 -0.137695 -0.311523
v -0.422852 -0.122070 -0.239258
v -0.418945 -0.143555 -0.307617
v -0.422852 -0.157227 -0.301758
v -0.418945 -0.108398 -0.245117
v -0.422852 -0.137695 -0.311523
v -0.418945 -0.143555 -0.307617
v -0.422852 -0.122070 -0.239258
v -0.418945 -0.108398 -0.245117
v -0.418945 -0.143555 -0.307617
v -0.418945 -0.108398 -0.245117
v -0.422852 -0.104492 -0.250977
v -0.422852 -0.137695 -0.311523
v -0.416992 -0.098633 -0.250977
v -0.405273 -0.284180 -0.241211
v -0.405273 -0.284180 -0.215820
v -0.387695 -0.104492 -0.247070
v -0.405273 -0.284180 -0.241211
v -0.416992 -0.098633 -0.250977
v -0.416992 -0.098633 -0.250977
v -0.405273 -0.284180 -0.215820
v -0.416992 -0.084961 -0.227539
v -0.458008 -0.096680 -0.282227
v -0.452148 -0.108398 -0.276367
v -0.436523 -0.063477 -0.206055
v -0.458008 -0.096680 -0.282227
v -0.436523 -0.063477 -0.206055
v -0.440430 -0.055664 -0.209961
v -0.452148 -0.108398 -0.276367
v -0.454102 -0.124023 -0.268555
v -0.440430 -0.079102 -0.198242
v -0.440430 -0.079102 -0.198242
v -0.436523 -0.063477 -0.206055
v -0.452148 -0.108398 -0.276367
v -0.454102 -0.124023 -0.268555
v -0.018555 -0.079102 -0.198242
v -0.440430 -0.079102 -0.198242
v -0.006836 -0.282227 -0.237305
v -0.032227 -0.282227 -0.237305
v -0.038086 -0.186523 -0.241211
v -0.012695 -0.186523 -0.221680
v -0.006836 -0.282227 -0.215820
v -0.006836 -0.282227 -0.237305
v -0.006836 -0.282227 -0.237305
v -0.012695 -0.186523 -0.241211
v -0.012695 -0.186523 -0.221680
v -0.038086 -0.186523 -0.241211
v -0.012695 -0.186523 -0.241211
v -0.006836 -0.282227 -0.237305
v -0.028320 -0.106445 -0.245117
v -0.016602 -0.282227 -0.166992
v -0.016602 -0.282227 -0.231445
v -0.393555 -0.282227 -0.231445
v -0.028320 -0.106445 -0.245117
v -0.016602 -0.282227 -0.231445
v -0.032227 -0.282227 -0.237305
v -0.094727 -0.280273 -0.239258
v -0.098633 -0.188477 -0.241211
v -0.098633 -0.188477 -0.241211
v -0.038086 -0.186523 -0.241211
v -0.032227 -0.282227 -0.237305
v -0.012695 -0.186523 -0.221680
v -0.032227 -0.282227 -0.215820
v -0.006836 -0.282227 -0.215820
v -0.032227 -0.282227 -0.215820
v -0.012695 -0.186523 -0.221680
v -0.038086 -0.186523 -0.221680
v -0.077148 -0.260742 -0.249023
v -0.077148 -0.250977 -0.249023
v -0.104492 -0.260742 -0.249023
v -0.104492 -0.250977 -0.249023
v -0.104492 -0.260742 -0.249023
v -0.077148 -0.250977 -0.249023
v -0.088867 -0.215820 -0.249023
v -0.100586 -0.256836 -0.249023
v -0.088867 -0.256836 -0.249023
v -0.100586 -0.256836 -0.249023
v -0.088867 -0.215820 -0.249023
v -0.100586 -0.215820 -0.249023
v -0.028320 -0.106445 -0.245117
v -0.024414 -0.190430 -0.168945
v -0.016602 -0.282227 -0.166992
v -0.028320 -0.106445 -0.002930
v -0.016602 -0.282227 -0.014648
v -0.016602 -0.282227 -0.081055
v -0.016602 -0.282227 -0.081055
v -0.024414 -0.190430 -0.079102
v -0.028320 -0.106445 -0.002930
v -0.012695 -0.186523 -0.024414
v -0.006836 -0.282227 -0.008789
v -0.006836 -0.282227 -0.030273
v -0.006836 -0.282227 -0.030273
v -0.032227 -0.282227 -0.030273
v -0.012695 -0.186523 -0.024414
v -0.040039 -0.186523 -0.004883
v -0.032227 -0.282227 -0.008789
v -0.006836 -0.282227 -0.008789
v -0.006836 -0.282227 -0.008789
v -0.012695 -0.186523 -0.024414
v -0.012695 -0.186523 -0.004883
v -0.006836 -0.282227 -0.008789
v -0.012695 -0.186523 -0.004883
v -0.040039 -0.186523 -0.004883
v -0.016602 -0.282227 -0.014648
v -0.028320 -0.106445 -0.002930
v -0.393555 -0.282227 -0.014648
v -0.040039 -0.186523 -0.024414
v -0.012695 -0.186523 -0.024414
v -0.032227 -0.282227 -0.030273
v -0.098633 -0.188477 -0.006836
v -0.094727 -0.280273 -0.006836
v -0.032227 -0.282227 -0.008789
v -0.032227 -0.282227 -0.008789
v -0.040039 -0.186523 -0.004883
v -0.098633 -0.188477 -0.006836
v -0.075195 -0.327148 -0.020508
v -0.081055 -0.280273 -0.016602
v -0.073242 -0.327148 0.110352
v -0.092773 -0.282227 -0.016602
v -0.094727 -0.116211 -0.006836
v -0.094727 -0.149414 0.053711
v -0.094727 -0.149414 0.053711
v -0.092773 -0.282227 0.090820
v -0.092773 -0.282227 -0.016602
v -0.081055 -0.280273 -0.016602
v -0.405273 -0.280273 -0.012695
v -0.079102 -0.280273 0.104492
v -0.079102 -0.280273 0.104492
v -0.073242 -0.327148 0.110352
v -0.081055 -0.280273 -0.016602
v -0.014648 -0.094727 -0.235352
v -0.012695 -0.186523 -0.221680
v -0.012695 -0.186523 -0.241211
v -0.014648 -0.094727 -0.235352
v -0.038086 -0.186523 -0.221680
v -0.012695 -0.186523 -0.221680
v -0.038086 -0.186523 -0.241211
v -0.098633 -0.188477 -0.241211
v -0.102539 -0.110352 -0.249023
v -0.038086 -0.186523 -0.221680
v -0.014648 -0.094727 -0.235352
v -0.040039 -0.094727 -0.235352
v -0.024414 -0.190430 -0.168945
v -0.028320 -0.106445 -0.245117
v -0.012695 -0.139648 -0.124023
v -0.014648 -0.135742 -0.180664
v -0.032227 -0.135742 -0.180664
v -0.014648 -0.124023 -0.196289
v -0.032227 -0.075195 -0.041992
v -0.032227 -0.135742 -0.180664
v -0.014648 -0.135742 -0.180664
v -0.014648 -0.135742 -0.180664
v -0.014648 -0.124023 -0.196289
v -0.014648 -0.075195 -0.041992
v -0.014648 -0.135742 -0.180664
v -0.014648 -0.075195 -0.041992
v -0.032227 -0.075195 -0.041992
v -0.032227 -0.124023 -0.196289
v -0.014648 -0.124023 -0.196289
v -0.032227 -0.135742 -0.180664
v -0.018555 -0.139648 -0.133789
v -0.032227 -0.139648 -0.133789
v -0.022461 -0.012695 -0.135742
v -0.018555 -0.139648 -0.133789
v -0.022461 -0.012695 -0.135742
v -0.022461 -0.012695 -0.110352
v -0.022461 -0.012695 -0.110352
v -0.018555 -0.139648 -0.114258
v -0.018555 -0.139648 -0.133789
v -0.040039 -0.012695 -0.135742
v -0.022461 -0.012695 -0.135742
v -0.032227 -0.139648 -0.133789
v -0.018555 -0.112305 -0.249023
v -0.018555 -0.094727 -0.249023
v -0.018555 -0.094727 0.000977
v -0.036133 -0.112305 0.000977
v -0.036133 -0.112305 -0.249023
v -0.018555 -0.112305 -0.249023
v -0.018555 -0.094727 0.000977
v -0.018555 -0.112305 0.000977
v -0.018555 -0.112305 -0.249023
v -0.018555 -0.112305 -0.249023
v -0.018555 -0.112305 0.000977
v -0.036133 -0.112305 0.000977
v -0.018555 -0.094727 -0.249023
v -0.036133 -0.094727 -0.249023
v -0.018555 -0.094727 0.000977
v -0.028320 -0.106445 -0.245117
v -0.102539 -0.004883 -0.227539
v -0.012695 -0.139648 -0.124023
v -0.407227 -0.106445 -0.245117
v -0.102539 -0.004883 -0.227539
v -0.028320 -0.106445 -0.245117
v -0.028320 -0.106445 -0.245117
v -0.393555 -0.282227 -0.231445
v -0.407227 -0.106445 -0.245117
v -0.036133 -0.094727 0.000977
v -0.018555 -0.094727 0.000977
v -0.036133 -0.094727 -0.249023
v -0.014648 -0.124023 -0.196289
v -0.032227 -0.124023 -0.196289
v -0.014648 -0.061523 -0.053711
v -0.014648 -0.061523 -0.053711
v -0.014648 -0.075195 -0.041992
v -0.014648 -0.124023 -0.196289
v -0.014648 -0.075195 -0.204102
v -0.032227 -0.075195 -0.204102
v -0.014648 -0.061523 -0.194336
v -0.032227 -0.135742 -0.065430
v -0.032227 -0.075195 -0.204102
v -0.014648 -0.075195 -0.204102
v -0.014648 -0.075195 -0.204102
v -0.014648 -0.061523 -0.194336
v -0.014648 -0.124023 -0.051758
v -0.014648 -0.075195 -0.204102
v -0.014648 -0.135742 -0.065430
v -0.032227 -0.135742 -0.065430
v -0.014648 -0.124023 -0.051758
v -0.014648 -0.135742 -0.065430
v -0.014648 -0.075195 -0.204102
v -0.032227 -0.000977 -0.127930
v -0.018555 -0.079102 -0.198242
v -0.022461 -0.063477 -0.206055
v -0.022461 -0.063477 -0.206055
v -0.018555 -0.055664 -0.209961
v -0.032227 -0.000977 -0.127930
v -0.018555 -0.079102 -0.198242
v -0.032227 -0.000977 -0.127930
v -0.028320 -0.016602 -0.124023
v -0.018555 -0.079102 -0.198242
v -0.028320 -0.016602 -0.124023
v -0.430664 -0.016602 -0.124023
v -0.430664 -0.016602 -0.124023
v -0.440430 -0.079102 -0.198242
v -0.018555 -0.079102 -0.198242
v -0.032227 -0.061523 -0.053711
v -0.014648 -0.061523 -0.053711
v -0.032227 -0.124023 -0.196289
v -0.032227 -0.061523 -0.194336
v -0.014648 -0.061523 -0.194336
v -0.032227 -0.075195 -0.204102
v -0.028320 0.008789 -0.124023
v -0.032227 -0.000977 -0.127930
v -0.018555 -0.055664 -0.209961
v -0.440430 -0.055664 -0.209961
v -0.098633 -0.002930 -0.124023
v -0.018555 -0.055664 -0.209961
v -0.018555 -0.055664 -0.209961
v -0.098633 -0.002930 -0.124023
v -0.028320 0.008789 -0.124023
v -0.014648 -0.061523 -0.194336
v -0.032227 -0.061523 -0.194336
v -0.014648 -0.124023 -0.051758
v -0.032227 -0.124023 -0.051758
v -0.014648 -0.124023 -0.051758
v -0.032227 -0.061523 -0.194336
v -0.235352 -0.016602 -0.239258
v -0.086914 -0.002930 -0.243164
v -0.086914 -0.024414 -0.243164
v -0.086914 -0.024414 -0.243164
v -0.086914 -0.002930 -0.243164
v -0.084961 -0.024414 -0.004883
v -0.086914 -0.024414 -0.243164
v -0.106445 -0.024414 -0.223633
v -0.235352 -0.016602 -0.239258
v -0.104492 -0.024414 -0.020508
v -0.106445 -0.024414 -0.223633
v -0.086914 -0.024414 -0.243164
v -0.086914 -0.024414 -0.243164
v -0.084961 -0.024414 -0.004883
v -0.104492 -0.024414 -0.020508
v -0.086914 -0.002930 -0.243164
v -0.106445 -0.002930 -0.223633
v -0.084961 -0.002930 -0.004883
v -0.235352 0.004883 -0.239258
v -0.106445 -0.002930 -0.223633
v -0.086914 -0.002930 -0.243164
v -0.086914 -0.002930 -0.243164
v -0.235352 -0.016602 -0.239258
v -0.235352 0.004883 -0.239258
v -0.084961 -0.002930 -0.004883
v -0.084961 -0.024414 -0.004883
v -0.086914 -0.002930 -0.243164
v -0.106445 -0.024414 -0.223633
v -0.106445 -0.002930 -0.223633
v -0.235352 -0.016602 -0.221680
v -0.104492 -0.002930 -0.020508
v -0.106445 -0.002930 -0.223633
v -0.106445 -0.024414 -0.223633
v -0.235352 -0.016602 -0.221680
v -0.235352 -0.016602 -0.239258
v -0.106445 -0.024414 -0.223633
v -0.106445 -0.024414 -0.223633
v -0.104492 -0.024414 -0.020508
v -0.104492 -0.002930 -0.020508
v -0.094727 -0.004883 -0.233398
v -0.116211 -0.004883 -0.233398
v -0.104492 0.118164 -0.237305
v -0.084961 0.118164 -0.219727
v -0.094727 -0.004883 -0.215820
v -0.094727 -0.004883 -0.233398
v -0.094727 -0.004883 -0.233398
v -0.084961 0.118164 -0.237305
v -0.084961 0.118164 -0.219727
v -0.104492 0.118164 -0.237305
v -0.084961 0.118164 -0.237305
v -0.094727 -0.004883 -0.233398
v -0.090820 0.118164 -0.016602
v -0.098633 -0.002930 -0.124023
v -0.098633 -0.002930 -0.229492
v -0.235352 0.002930 -0.229492
v -0.090820 0.118164 -0.231445
v -0.098633 -0.002930 -0.229492
v -0.098633 -0.002930 -0.229492
v -0.090820 0.118164 -0.231445
v -0.090820 0.118164 -0.016602
v -0.036133 -0.014648 -0.124023
v -0.012695 -0.139648 -0.124023
v -0.102539 -0.004883 -0.227539
v -0.102539 -0.004883 -0.227539
v -0.407227 -0.106445 -0.245117
v -0.362305 0.002930 -0.227539
v -0.235352 0.004883 -0.221680
v -0.235352 -0.016602 -0.221680
v -0.106445 -0.002930 -0.223633
v -0.104492 -0.002930 -0.020508
v -0.084961 -0.002930 -0.004883
v -0.106445 -0.002930 -0.223633
v -0.106445 -0.002930 -0.223633
v -0.235352 0.004883 -0.239258
v -0.235352 0.004883 -0.221680
v -0.116211 -0.004883 -0.233398
v -0.116211 -0.004883 -0.215820
v -0.104492 0.118164 -0.237305
v -0.104492 0.118164 -0.219727
v -0.116211 -0.004883 -0.215820
v -0.094727 -0.004883 -0.215820
v -0.094727 -0.004883 -0.215820
v -0.084961 0.118164 -0.219727
v -0.104492 0.118164 -0.219727
v -0.104492 0.118164 -0.219727
v -0.104492 0.118164 -0.237305
v -0.116211 -0.004883 -0.215820
v -0.120117 -0.010742 -0.139648
v -0.120117 -0.010742 -0.106445
v -0.000977 0.026367 -0.104492
v -0.000977 0.026367 -0.104492
v -0.000977 0.026367 -0.141602
v -0.120117 -0.010742 -0.139648
v -0.235352 -0.045898 -0.233398
v -0.235352 -0.063477 -0.233398
v -0.223633 -0.063477 -0.233398
v -0.223633 -0.063477 -0.233398
v -0.223633 -0.045898 -0.233398
v -0.235352 -0.045898 -0.233398
v -0.235352 -0.016602 -0.239258
v -0.235352 -0.016602 -0.221680
v -0.235352 0.004883 -0.221680
v -0.235352 0.004883 -0.221680
v -0.235352 0.004883 -0.239258
v -0.235352 -0.016602 -0.239258
v -0.024414 -0.190430 -0.079102
v -0.012695 -0.139648 -0.124023
v -0.028320 -0.106445 -0.002930
v -0.012695 -0.139648 -0.124023
v -0.036133 -0.014648 -0.124023
v -0.028320 -0.106445 -0.002930
v -0.040039 -0.012695 -0.110352
v -0.032227 -0.139648 -0.114258
v -0.018555 -0.139648 -0.114258
v -0.018555 -0.139648 -0.114258
v -0.022461 -0.012695 -0.110352
v -0.040039 -0.012695 -0.110352
v -0.032227 -0.124023 -0.051758
v -0.032227 -0.135742 -0.065430
v -0.014648 -0.135742 -0.065430
v -0.014648 -0.135742 -0.065430
v -0.014648 -0.124023 -0.051758
v -0.032227 -0.124023 -0.051758
v -0.014648 -0.094727 -0.010742
v -0.012695 -0.186523 -0.004883
v -0.012695 -0.186523 -0.024414
v -0.012695 -0.186523 -0.024414
v -0.040039 -0.186523 -0.024414
v -0.014648 -0.094727 -0.010742
v -0.040039 -0.104492 0.008789
v -0.040039 -0.186523 -0.004883
v -0.012695 -0.186523 -0.004883
v -0.012695 -0.186523 -0.004883
v -0.014648 -0.094727 -0.010742
v -0.014648 -0.104492 0.008789
v -0.012695 -0.186523 -0.004883
v -0.014648 -0.104492 0.008789
v -0.040039 -0.104492 0.008789
v -0.040039 -0.094727 -0.010742
v -0.014648 -0.094727 -0.010742
v -0.040039 -0.186523 -0.024414
v -0.102539 -0.110352 0.002930
v -0.098633 -0.188477 -0.006836
v -0.040039 -0.186523 -0.004883
v -0.040039 -0.186523 -0.004883
v -0.040039 -0.104492 0.008789
v -0.102539 -0.110352 0.002930
v -0.028320 -0.016602 -0.124023
v -0.032227 -0.000977 -0.120117
v -0.018555 -0.079102 -0.049805
v -0.028320 -0.016602 -0.124023
v -0.018555 -0.079102 -0.049805
v -0.430664 -0.016602 -0.124023
v -0.100586 -0.004883 -0.020508
v -0.028320 -0.106445 -0.002930
v -0.036133 -0.014648 -0.124023
v -0.022461 -0.063477 -0.041992
v -0.018555 -0.079102 -0.049805
v -0.032227 -0.000977 -0.120117
v -0.018555 -0.055664 -0.038086
v -0.022461 -0.063477 -0.041992
v -0.032227 -0.000977 -0.120117
v -0.028320 0.008789 -0.122070
v -0.018555 -0.055664 -0.038086
v -0.032227 -0.000977 -0.120117
v -0.000977 0.026367 -0.104492
v -0.120117 -0.010742 -0.106445
v -0.116211 -0.045898 -0.108398
v -0.440430 -0.055664 -0.038086
v -0.018555 -0.055664 -0.038086
v -0.098633 -0.002930 -0.124023
v -0.098633 -0.002930 -0.124023
v -0.018555 -0.055664 -0.038086
v -0.028320 0.008789 -0.122070
v -0.090820 0.118164 -0.016602
v -0.098633 -0.002930 -0.016602
v -0.098633 -0.002930 -0.124023
v -0.098633 -0.002930 -0.124023
v -0.440430 -0.055664 -0.209961
v -0.364258 0.006836 -0.124023
v -0.364258 0.006836 -0.124023
v -0.440430 -0.055664 -0.038086
v -0.098633 -0.002930 -0.124023
v -0.018555 -0.079102 -0.049805
v -0.022461 -0.063477 -0.041992
v -0.004883 -0.124023 0.022461
v -0.440430 -0.079102 -0.049805
v -0.430664 -0.016602 -0.124023
v -0.018555 -0.079102 -0.049805
v -0.454102 -0.124023 0.022461
v -0.440430 -0.079102 -0.049805
v -0.018555 -0.079102 -0.049805
v -0.018555 -0.079102 -0.049805
v -0.004883 -0.124023 0.022461
v -0.454102 -0.124023 0.022461
v -0.014648 -0.061523 -0.053711
v -0.032227 -0.075195 -0.041992
v -0.014648 -0.075195 -0.041992
v -0.022461 -0.063477 -0.041992
v -0.018555 -0.055664 -0.038086
v -0.006836 -0.108398 0.030273
v -0.006836 -0.108398 0.030273
v -0.004883 -0.124023 0.022461
v -0.022461 -0.063477 -0.041992
v -0.032227 -0.075195 -0.041992
v -0.014648 -0.061523 -0.053711
v -0.032227 -0.061523 -0.053711
v -0.028320 -0.106445 -0.002930
v -0.100586 -0.004883 -0.020508
v -0.362305 0.002930 -0.020508
v -0.407227 -0.106445 -0.002930
v -0.393555 -0.282227 -0.014648
v -0.028320 -0.106445 -0.002930
v -0.362305 0.002930 -0.020508
v -0.407227 -0.106445 -0.002930
v -0.028320 -0.106445 -0.002930
v -0.018555 -0.055664 -0.038086
v -0.440430 -0.055664 -0.038086
v -0.000977 -0.096680 0.034180
v -0.000977 -0.096680 0.034180
v -0.006836 -0.108398 0.030273
v -0.018555 -0.055664 -0.038086
v -0.063477 -0.122070 -0.006836
v -0.067383 -0.108398 -0.000977
v -0.063477 -0.157227 0.053711
v -0.063477 -0.157227 0.053711
v -0.422852 -0.122070 -0.006836
v -0.063477 -0.122070 -0.006836
v -0.067383 -0.143555 0.061523
v -0.063477 -0.157227 0.053711
v -0.067383 -0.108398 -0.000977
v -0.063477 -0.137695 0.063477
v -0.067383 -0.143555 0.061523
v -0.067383 -0.108398 -0.000977
v -0.063477 -0.104492 0.002930
v -0.063477 -0.137695 0.063477
v -0.067383 -0.108398 -0.000977
v -0.094727 -0.116211 -0.006836
v -0.094727 -0.083008 -0.008789
v -0.094727 -0.149414 0.053711
v -0.084961 -0.024414 -0.004883
v -0.084961 -0.002930 -0.004883
v -0.116211 -0.002930 -0.004883
v -0.116211 -0.024414 -0.004883
v -0.104492 -0.024414 -0.020508
v -0.084961 -0.024414 -0.004883
v -0.116211 -0.002930 -0.004883
v -0.116211 -0.024414 -0.004883
v -0.084961 -0.024414 -0.004883
v -0.084961 -0.002930 -0.004883
v -0.104492 -0.002930 -0.020508
v -0.116211 -0.002930 -0.004883
v -0.116211 -0.024414 -0.004883
v -0.104492 -0.002930 -0.020508
v -0.104492 -0.024414 -0.020508
v -0.094727 -0.004883 -0.030273
v -0.116211 -0.004883 -0.030273
v -0.104492 0.118164 -0.026367
v -0.084961 0.118164 -0.026367
v -0.094727 -0.004883 -0.014648
v -0.094727 -0.004883 -0.030273
v -0.104492 0.118164 -0.026367
v -0.084961 0.118164 -0.026367
v -0.094727 -0.004883 -0.030273
v -0.098633 -0.002930 -0.016602
v -0.090820 0.118164 -0.016602
v -0.235352 0.002930 -0.016602
v -0.104492 -0.002930 -0.020508
v -0.116211 -0.024414 -0.004883
v -0.116211 -0.002930 -0.004883
v -0.116211 -0.004883 -0.030273
v -0.116211 -0.004883 -0.014648
v -0.104492 0.118164 -0.008789
v -0.104492 0.118164 -0.008789
v -0.104492 0.118164 -0.026367
v -0.116211 -0.004883 -0.030273
v -0.104492 0.118164 -0.008789
v -0.116211 -0.004883 -0.014648
v -0.094727 -0.004883 -0.014648
v -0.094727 -0.004883 -0.014648
v -0.084961 0.118164 -0.026367
v -0.084961 0.118164 -0.008789
v -0.094727 -0.004883 -0.014648
v -0.084961 0.118164 -0.008789
v -0.104492 0.118164 -0.008789
v -0.227539 -0.104492 -0.020508
v -0.225586 0.032227 -0.022461
v -0.225586 -0.020508 0.073242
v -0.225586 -0.020508 0.073242
v -0.227539 -0.149414 0.057617
v -0.227539 -0.104492 -0.020508
v -0.420898 -0.327148 -0.000977
v -0.415039 -0.280273 -0.241211
v -0.420898 -0.327148 -0.247070
v -0.377930 -0.284180 -0.237305
v -0.405273 -0.284180 -0.241211
v -0.387695 -0.104492 -0.247070
v -0.387695 -0.104492 -0.227539
v -0.377930 -0.284180 -0.215820
v -0.377930 -0.284180 -0.237305
v -0.387695 -0.104492 -0.247070
v -0.372070 -0.083008 -0.237305
v -0.377930 -0.284180 -0.237305
v -0.377930 -0.284180 -0.237305
v -0.372070 -0.083008 -0.237305
v -0.387695 -0.104492 -0.227539
v -0.393555 -0.282227 -0.231445
v -0.415039 -0.280273 -0.241211
v -0.415039 -0.280273 -0.004883
v -0.415039 -0.280273 -0.004883
v -0.393555 -0.282227 -0.014648
v -0.393555 -0.282227 -0.231445
v -0.393555 -0.282227 -0.231445
v -0.393555 -0.282227 -0.014648
v -0.407227 -0.106445 -0.245117
v -0.415039 -0.280273 -0.241211
v -0.420898 -0.327148 -0.000977
v -0.415039 -0.280273 -0.004883
v -0.387695 -0.104492 -0.227539
v -0.405273 -0.284180 -0.215820
v -0.377930 -0.284180 -0.215820
v -0.405273 -0.284180 -0.215820
v -0.387695 -0.104492 -0.227539
v -0.416992 -0.084961 -0.227539
v -0.469727 -0.346680 -0.034180
v -0.461914 -0.325195 -0.168945
v -0.461914 -0.346680 -0.168945
v -0.461914 -0.325195 -0.168945
v -0.469727 -0.346680 -0.034180
v -0.469727 -0.325195 -0.034180
v -0.407227 -0.280273 0.104492
v -0.405273 -0.280273 -0.012695
v -0.411133 -0.327148 -0.008789
v -0.411133 -0.327148 -0.008789
v -0.413086 -0.327148 0.110352
v -0.407227 -0.280273 0.104492
v -0.377930 -0.284180 -0.030273
v -0.405273 -0.284180 -0.030273
v -0.387695 -0.104492 -0.020508
v -0.387695 -0.104492 -0.020508
v -0.377930 -0.284180 -0.008789
v -0.377930 -0.284180 -0.030273
v -0.405273 -0.284180 -0.030273
v -0.405273 -0.284180 -0.006836
v -0.416992 -0.096680 0.000977
v -0.416992 -0.084961 -0.020508
v -0.387695 -0.104492 -0.020508
v -0.405273 -0.284180 -0.030273
v -0.416992 -0.096680 0.000977
v -0.416992 -0.084961 -0.020508
v -0.405273 -0.284180 -0.030273
v -0.393555 -0.174805 0.108398
v -0.391602 -0.116211 -0.006836
v -0.393555 -0.282227 -0.020508
v -0.393555 -0.282227 -0.020508
v -0.393555 -0.282227 0.090820
v -0.393555 -0.174805 0.108398
v -0.387695 -0.104492 0.002930
v -0.405273 -0.284180 -0.006836
v -0.377930 -0.284180 -0.008789
v -0.387695 -0.104492 -0.020508
v -0.372070 -0.083008 -0.008789
v -0.377930 -0.284180 -0.008789
v -0.377930 -0.284180 -0.008789
v -0.372070 -0.083008 -0.008789
v -0.387695 -0.104492 0.002930
v -0.407227 -0.106445 -0.002930
v -0.407227 -0.106445 -0.245117
v -0.393555 -0.282227 -0.014648
v -0.405273 -0.284180 -0.006836
v -0.387695 -0.104492 0.002930
v -0.416992 -0.096680 0.000977
v -0.407227 -0.280273 0.104492
v -0.079102 -0.280273 0.104492
v -0.405273 -0.280273 -0.012695
v -0.461914 -0.325195 0.155273
v -0.469727 -0.325195 -0.034180
v -0.469727 -0.346680 -0.034180
v -0.469727 -0.346680 -0.034180
v 0.436523 -0.346680 0.067383
v -0.461914 -0.346680 0.155273
v -0.469727 -0.346680 -0.034180
v -0.461914 -0.346680 0.155273
v -0.461914 -0.325195 0.155273
v -0.454102 0.026367 -0.141602
v -0.338867 -0.010742 -0.139648
v -0.342773 -0.045898 -0.137695
v -0.465820 -0.012695 -0.106445
v -0.465820 -0.012695 -0.139648
v -0.342773 -0.045898 -0.137695
v -0.342773 -0.045898 -0.137695
v -0.465820 -0.012695 -0.139648
v -0.454102 0.026367 -0.141602
v -0.342773 -0.045898 -0.137695
v -0.342773 -0.045898 -0.108398
v -0.465820 -0.012695 -0.106445
v -0.454102 0.026367 -0.141602
v -0.338867 -0.010742 -0.106445
v -0.338867 -0.010742 -0.139648
v -0.407227 -0.106445 -0.002930
v -0.411133 -0.014648 -0.124023
v -0.407227 -0.106445 -0.245117
v -0.407227 -0.106445 -0.245117
v -0.411133 -0.014648 -0.124023
v -0.362305 0.002930 -0.227539
v -0.436523 -0.063477 -0.206055
v -0.440430 -0.079102 -0.198242
v -0.430664 -0.016602 -0.124023
v -0.426758 -0.000977 -0.127930
v -0.440430 -0.055664 -0.209961
v -0.436523 -0.063477 -0.206055
v -0.430664 -0.016602 -0.124023
v -0.426758 -0.000977 -0.127930
v -0.436523 -0.063477 -0.206055
v -0.440430 -0.055664 -0.209961
v -0.426758 -0.000977 -0.127930
v -0.430664 0.008789 -0.124023
v -0.430664 0.008789 -0.124023
v -0.364258 0.006836 -0.124023
v -0.440430 -0.055664 -0.209961
v -0.465820 -0.012695 -0.139648
v -0.465820 -0.012695 -0.106445
v -0.454102 0.026367 -0.104492
v -0.454102 0.026367 -0.104492
v -0.454102 0.026367 -0.141602
v -0.465820 -0.012695 -0.139648
v -0.342773 -0.045898 -0.108398
v -0.338867 -0.010742 -0.106445
v -0.465820 -0.012695 -0.106445
v -0.454102 0.026367 -0.104492
v -0.465820 -0.012695 -0.106445
v -0.338867 -0.010742 -0.106445
v -0.338867 -0.010742 -0.106445
v -0.454102 0.026367 -0.141602
v -0.454102 0.026367 -0.104492
v -0.342773 -0.020508 0.073242
v -0.342773 0.032227 -0.020508
v -0.338867 -0.104492 -0.020508
v -0.338867 -0.104492 -0.020508
v -0.338867 -0.149414 0.057617
v -0.342773 -0.020508 0.073242
v -0.411133 -0.014648 -0.124023
v -0.407227 -0.106445 -0.002930
v -0.362305 0.002930 -0.020508
v -0.436523 -0.063477 -0.041992
v -0.426758 -0.000977 -0.120117
v -0.430664 -0.016602 -0.124023
v -0.440430 -0.079102 -0.049805
v -0.436523 -0.063477 -0.041992
v -0.430664 -0.016602 -0.124023
v -0.426758 -0.000977 -0.120117
v -0.436523 -0.063477 -0.041992
v -0.440430 -0.055664 -0.038086
v -0.426758 -0.000977 -0.120117
v -0.440430 -0.055664 -0.038086
v -0.430664 0.008789 -0.122070
v -0.436523 -0.063477 -0.041992
v -0.440430 -0.079102 -0.049805
v -0.452148 -0.108398 0.030273
v -0.458008 -0.096680 0.034180
v -0.440430 -0.055664 -0.038086
v -0.436523 -0.063477 -0.041992
v -0.436523 -0.063477 -0.041992
v -0.452148 -0.108398 0.030273
v -0.458008 -0.096680 0.034180
v -0.418945 -0.108398 -0.000977
v -0.422852 -0.122070 -0.006836
v -0.418945 -0.143555 0.061523
v -0.418945 -0.108398 -0.000977
v -0.418945 -0.143555 0.061523
v -0.422852 -0.137695 0.063477
v -0.418945 -0.108398 -0.000977
v -0.422852 -0.137695 0.063477
v -0.422852 -0.104492 0.002930
v -0.422852 -0.122070 -0.006836
v -0.063477 -0.157227 0.053711
v -0.422852 -0.157227 0.053711
v -0.422852 -0.122070 -0.006836
v -0.422852 -0.157227 0.053711
v -0.418945 -0.143555 0.061523
v -0.454102 -0.124023 0.022461
v -0.452148 -0.108398 0.030273
v -0.440430 -0.079102 -0.049805
v -0.440430 -0.055664 -0.038086
v -0.364258 0.006836 -0.124023
v -0.430664 0.008789 -0.122070
v -0.458008 -0.096680 0.034180
v -0.000977 -0.096680 0.034180
v -0.440430 -0.055664 -0.038086
v -0.217773 0.022461 -0.291992
v -0.219727 0.008789 -0.375977
v -0.213867 0.014648 -0.377930
v -0.213867 0.014648 -0.377930
v -0.219727 0.008789 -0.375977
v -0.284180 0.026367 -0.375977
v -0.284180 0.038086 -0.290039
v -0.217773 0.022461 -0.291992
v -0.213867 0.014648 -0.377930
v -0.213867 0.014648 -0.377930
v -0.284180 0.026367 -0.375977
v -0.284180 0.034180 -0.375977
v -0.213867 0.014648 -0.377930
v -0.284180 0.034180 -0.375977
v -0.284180 0.038086 -0.290039
v -0.219727 0.008789 -0.375977
v -0.217773 0.022461 -0.291992
v -0.221680 0.016602 -0.290039
v -0.219727 0.008789 -0.375977
v -0.284180 0.010742 -0.375977
v -0.284180 0.026367 -0.375977
v -0.067383 0.125977 -0.250977
v -0.075195 0.125977 -0.245117
v -0.231445 0.227539 -0.247070
v -0.067383 0.125977 0.004883
v -0.075195 0.125977 -0.245117
v -0.067383 0.125977 -0.250977
v -0.067383 0.125977 -0.250977
v -0.231445 0.227539 -0.247070
v -0.231445 0.237305 -0.249023
v -0.067383 0.125977 -0.250977
v -0.231445 0.237305 -0.249023
v -0.231445 0.237305 0.002930
v -0.231445 0.237305 0.002930
v -0.067383 0.125977 0.004883
v -0.067383 0.125977 -0.250977
v -0.217773 0.041992 -0.204102
v -0.221680 0.016602 -0.290039
v -0.217773 0.022461 -0.291992
v -0.217773 0.022461 -0.291992
v -0.284180 0.038086 -0.290039
v -0.284180 0.055664 -0.202148
v -0.284180 0.055664 -0.202148
v -0.217773 0.041992 -0.204102
v -0.217773 0.022461 -0.291992
v -0.219727 0.000977 -0.290039
v -0.221680 0.016602 -0.290039
v -0.221680 0.038086 -0.204102
v -0.348633 0.000977 -0.290039
v -0.284180 0.010742 -0.375977
v -0.219727 0.000977 -0.290039
v -0.219727 0.024414 -0.202148
v -0.348633 0.000977 -0.290039
v -0.219727 0.000977 -0.290039
v -0.221680 0.038086 -0.204102
v -0.219727 0.024414 -0.202148
v -0.219727 0.000977 -0.290039
v -0.221680 0.016602 -0.290039
v -0.217773 0.041992 -0.204102
v -0.221680 0.038086 -0.204102
v -0.243164 0.221680 -0.254883
v -0.217773 0.249023 -0.258789
v -0.215820 0.221680 -0.254883
v -0.215820 0.221680 -0.254883
v -0.217773 0.249023 -0.258789
v -0.215820 0.221680 0.008789
v -0.243164 0.221680 0.008789
v -0.243164 0.221680 -0.254883
v -0.215820 0.221680 -0.254883
v -0.215820 0.221680 -0.254883
v -0.215820 0.221680 0.008789
v -0.243164 0.221680 0.008789
v -0.217773 0.249023 -0.258789
v -0.243164 0.221680 -0.254883
v -0.241211 0.249023 -0.258789
v -0.217773 0.249023 -0.258789
v -0.241211 0.249023 -0.258789
v -0.217773 0.249023 0.010742
v -0.217773 0.249023 0.010742
v -0.215820 0.221680 0.008789
v -0.217773 0.249023 -0.258789
v -0.243164 0.221680 0.008789
v -0.241211 0.249023 -0.258789
v -0.243164 0.221680 -0.254883
v -0.241211 0.249023 0.010742
v -0.217773 0.249023 0.010742
v -0.241211 0.249023 -0.258789
v -0.241211 0.249023 -0.258789
v -0.243164 0.221680 0.008789
v -0.241211 0.249023 0.010742
v -0.348633 0.008789 -0.375977
v -0.284180 0.026367 -0.375977
v -0.284180 0.010742 -0.375977
v -0.348633 0.008789 -0.375977
v -0.284180 0.034180 -0.375977
v -0.284180 0.026367 -0.375977
v -0.284180 0.034180 -0.375977
v -0.348633 0.008789 -0.375977
v -0.354492 0.014648 -0.377930
v -0.284180 0.034180 -0.375977
v -0.354492 0.014648 -0.377930
v -0.284180 0.038086 -0.290039
v -0.346680 0.016602 -0.290039
v -0.354492 0.014648 -0.377930
v -0.348633 0.008789 -0.375977
v -0.348633 0.008789 -0.375977
v -0.348633 0.000977 -0.290039
v -0.346680 0.016602 -0.290039
v -0.350586 0.022461 -0.291992
v -0.284180 0.038086 -0.290039
v -0.354492 0.014648 -0.377930
v -0.354492 0.014648 -0.377930
v -0.346680 0.016602 -0.290039
v -0.350586 0.022461 -0.291992
v -0.313477 0.075195 -0.329102
v -0.270508 0.094727 -0.329102
v -0.270508 0.075195 -0.329102
v -0.270508 0.075195 -0.329102
v -0.270508 0.094727 -0.329102
v -0.270508 0.094727 -0.284180
v -0.313477 0.075195 -0.284180
v -0.313477 0.075195 -0.329102
v -0.270508 0.075195 -0.329102
v -0.270508 0.094727 -0.284180
v -0.270508 0.075195 -0.284180
v -0.270508 0.075195 -0.329102
v -0.270508 0.075195 -0.329102
v -0.270508 0.075195 -0.284180
v -0.313477 0.075195 -0.284180
v -0.280273 0.092773 -0.313477
v -0.293945 0.092773 -0.319336
v -0.280273 0.125977 -0.313477
v -0.282227 0.125977 -0.295898
v -0.282227 0.092773 -0.295898
v -0.280273 0.092773 -0.313477
v -0.280273 0.092773 -0.313477
v -0.280273 0.125977 -0.313477
v -0.282227 0.125977 -0.295898
v -0.270508 0.094727 -0.329102
v -0.313477 0.075195 -0.329102
v -0.313477 0.094727 -0.329102
v -0.270508 0.094727 -0.329102
v -0.313477 0.094727 -0.329102
v -0.270508 0.094727 -0.284180
v -0.293945 0.092773 -0.319336
v -0.305664 0.092773 -0.309570
v -0.293945 0.125977 -0.319336
v -0.293945 0.125977 -0.319336
v -0.280273 0.125977 -0.313477
v -0.293945 0.092773 -0.319336
v -0.313477 0.075195 -0.284180
v -0.313477 0.094727 -0.329102
v -0.313477 0.075195 -0.329102
v -0.313477 0.094727 -0.284180
v -0.270508 0.094727 -0.284180
v -0.313477 0.094727 -0.329102
v -0.313477 0.094727 -0.329102
v -0.313477 0.075195 -0.284180
v -0.313477 0.094727 -0.284180
v -0.272461 0.077148 -0.311523
v -0.270508 0.024414 -0.262695
v -0.270508 0.024414 -0.309570
v -0.311523 0.077148 -0.311523
v -0.272461 0.077148 -0.311523
v -0.270508 0.024414 -0.309570
v -0.313477 0.024414 -0.309570
v -0.311523 0.077148 -0.311523
v -0.270508 0.024414 -0.309570
v -0.284180 0.038086 -0.290039
v -0.350586 0.022461 -0.291992
v -0.284180 0.055664 -0.202148
v -0.270508 0.024414 -0.262695
v -0.272461 0.077148 -0.311523
v -0.272461 0.063477 -0.268555
v -0.270508 0.024414 -0.262695
v -0.272461 0.063477 -0.268555
v -0.311523 0.063477 -0.268555
v -0.270508 0.024414 -0.262695
v -0.311523 0.063477 -0.268555
v -0.313477 0.024414 -0.262695
v -0.272461 0.077148 -0.311523
v -0.311523 0.077148 -0.311523
v -0.272461 0.063477 -0.268555
v -0.270508 0.075195 -0.284180
v -0.270508 0.094727 -0.284180
v -0.313477 0.094727 -0.284180
v -0.313477 0.094727 -0.284180
v -0.313477 0.075195 -0.284180
v -0.270508 0.075195 -0.284180
v -0.311523 0.063477 -0.268555
v -0.272461 0.063477 -0.268555
v -0.311523 0.077148 -0.311523
v -0.313477 0.024414 -0.262695
v -0.311523 0.063477 -0.268555
v -0.311523 0.077148 -0.311523
v -0.311523 0.077148 -0.311523
v -0.313477 0.024414 -0.309570
v -0.313477 0.024414 -0.262695
v -0.305664 0.092773 -0.309570
v -0.297852 0.092773 -0.293945
v -0.305664 0.125977 -0.309570
v -0.305664 0.125977 -0.309570
v -0.293945 0.125977 -0.319336
v -0.305664 0.092773 -0.309570
v -0.297852 0.125977 -0.293945
v -0.297852 0.092773 -0.293945
v -0.282227 0.092773 -0.295898
v -0.282227 0.092773 -0.295898
v -0.282227 0.125977 -0.295898
v -0.297852 0.125977 -0.293945
v -0.297852 0.125977 -0.293945
v -0.305664 0.125977 -0.309570
v -0.297852 0.092773 -0.293945
v -0.348633 0.024414 -0.202148
v -0.346680 0.016602 -0.290039
v -0.348633 0.000977 -0.290039
v -0.348633 0.000977 -0.290039
v -0.219727 0.024414 -0.202148
v -0.348633 0.024414 -0.202148
v -0.346680 0.038086 -0.204102
v -0.350586 0.022461 -0.291992
v -0.346680 0.016602 -0.290039
v -0.346680 0.016602 -0.290039
v -0.348633 0.024414 -0.202148
v -0.346680 0.038086 -0.204102
v -0.350586 0.041992 -0.204102
v -0.284180 0.055664 -0.202148
v -0.350586 0.022461 -0.291992
v -0.350586 0.022461 -0.291992
v -0.346680 0.038086 -0.204102
v -0.350586 0.041992 -0.204102
v -0.280273 0.125977 -0.313477
v -0.293945 0.125977 -0.319336
v -0.282227 0.125977 -0.295898
v -0.293945 0.125977 -0.319336
v -0.305664 0.125977 -0.309570
v -0.282227 0.125977 -0.295898
v -0.297852 0.125977 -0.293945
v -0.282227 0.125977 -0.295898
v -0.305664 0.125977 -0.309570
v -0.231445 0.237305 -0.249023
v -0.231445 0.227539 -0.247070
v -0.391602 0.125977 -0.250977
v -0.391602 0.125977 -0.250977
v -0.231445 0.227539 -0.247070
v -0.383789 0.125977 -0.245117
v -0.231445 0.237305 0.002930
v -0.231445 0.237305 -0.249023
v -0.391602 0.125977 -0.250977
v -0.391602 0.125977 -0.250977
v -0.383789 0.125977 -0.245117
v -0.391602 0.125977 0.004883
v -0.391602 0.125977 0.004883
v -0.231445 0.237305 0.002930
v -0.391602 0.125977 -0.250977
v -0.084961 0.026367 -0.194336
v -0.086914 0.018555 -0.194336
v -0.110352 0.022461 -0.194336
v -0.084961 0.026367 -0.147461
v -0.086914 0.018555 -0.194336
v -0.084961 0.026367 -0.194336
v -0.110352 0.022461 -0.194336
v -0.108398 0.028320 -0.194336
v -0.084961 0.026367 -0.194336
v -0.084961 0.026367 -0.194336
v -0.108398 0.028320 -0.194336
v -0.084961 0.026367 -0.147461
v -0.110352 0.022461 -0.147461
v -0.110352 0.022461 -0.194336
v -0.086914 0.018555 -0.194336
v -0.086914 0.018555 -0.194336
v -0.084961 0.026367 -0.147461
v -0.086914 0.020508 -0.147461
v -0.086914 0.018555 -0.194336
v -0.086914 0.020508 -0.147461
v -0.110352 0.022461 -0.147461
v -0.092773 0.026367 -0.190430
v -0.108398 0.028320 -0.190430
v -0.088867 0.067383 -0.190430
v -0.092773 0.026367 -0.190430
v -0.088867 0.067383 -0.190430
v -0.088867 0.067383 -0.153320
v -0.088867 0.067383 -0.153320
v -0.092773 0.026367 -0.153320
v -0.092773 0.026367 -0.190430
v -0.108398 0.028320 -0.147461
v -0.084961 0.026367 -0.147461
v -0.108398 0.028320 -0.194336
v -0.104492 0.069336 -0.190430
v -0.088867 0.067383 -0.190430
v -0.108398 0.028320 -0.190430
v -0.231445 0.227539 -0.247070
v -0.075195 0.125977 -0.245117
v -0.075195 0.108398 -0.245117
v -0.075195 0.108398 -0.245117
v -0.075195 0.125977 -0.245117
v -0.075195 0.125977 -0.000977
v -0.075195 0.108398 -0.245117
v -0.231445 0.209961 -0.247070
v -0.231445 0.227539 -0.247070
v -0.075195 0.108398 -0.002930
v -0.231445 0.209961 -0.247070
v -0.075195 0.108398 -0.245117
v -0.075195 0.125977 -0.000977
v -0.075195 0.108398 -0.002930
v -0.075195 0.108398 -0.245117
v -0.090820 0.118164 -0.231445
v -0.235352 0.002930 -0.229492
v -0.231445 0.219727 -0.231445
v -0.088867 0.067383 -0.190430
v -0.104492 0.069336 -0.190430
v -0.088867 0.081055 -0.180664
v -0.088867 0.067383 -0.190430
v -0.088867 0.081055 -0.180664
v -0.088867 0.081055 -0.163086
v -0.088867 0.067383 -0.190430
v -0.088867 0.081055 -0.163086
v -0.088867 0.067383 -0.153320
v -0.102539 0.081055 -0.180664
v -0.088867 0.081055 -0.180664
v -0.104492 0.069336 -0.190430
v -0.088867 0.067383 -0.153320
v -0.108398 0.028320 -0.153320
v -0.092773 0.026367 -0.153320
v -0.108398 0.028320 -0.147461
v -0.086914 0.020508 -0.147461
v -0.084961 0.026367 -0.147461
v -0.086914 0.020508 -0.147461
v -0.108398 0.028320 -0.147461
v -0.110352 0.022461 -0.147461
v -0.108398 0.028320 -0.153320
v -0.088867 0.067383 -0.153320
v -0.104492 0.069336 -0.153320
v -0.102539 0.081055 -0.163086
v -0.088867 0.081055 -0.163086
v -0.088867 0.081055 -0.180664
v -0.088867 0.081055 -0.180664
v -0.102539 0.081055 -0.180664
v -0.102539 0.081055 -0.163086
v -0.088867 0.081055 -0.163086
v -0.102539 0.081055 -0.163086
v -0.088867 0.067383 -0.153320
v -0.104492 0.069336 -0.153320
v -0.088867 0.067383 -0.153320
v -0.102539 0.081055 -0.163086
v -0.067383 0.125977 0.004883
v -0.075195 0.125977 -0.000977
v -0.075195 0.125977 -0.245117
v -0.366211 0.116211 -0.231445
v -0.231445 0.219727 -0.231445
v -0.235352 0.002930 -0.229492
v -0.235352 0.002930 -0.229492
v -0.364258 0.006836 -0.229492
v -0.366211 0.116211 -0.231445
v -0.209961 0.215820 -0.247070
v -0.249023 0.215820 -0.247070
v -0.247070 0.254883 -0.247070
v -0.211914 0.254883 -0.247070
v -0.208008 0.206055 -0.192383
v -0.209961 0.215820 -0.247070
v -0.247070 0.254883 -0.247070
v -0.211914 0.254883 -0.247070
v -0.209961 0.215820 -0.247070
v -0.383789 0.108398 -0.245117
v -0.231445 0.227539 -0.247070
v -0.231445 0.209961 -0.247070
v -0.231445 0.209961 -0.247070
v -0.075195 0.108398 -0.002930
v -0.231445 0.209961 -0.000977
v -0.231445 0.209961 -0.247070
v -0.231445 0.209961 -0.000977
v -0.383789 0.108398 -0.002930
v -0.383789 0.108398 -0.002930
v -0.383789 0.108398 -0.245117
v -0.231445 0.209961 -0.247070
v -0.250977 0.206055 -0.192383
v -0.247070 0.254883 -0.247070
v -0.249023 0.215820 -0.247070
v -0.231445 0.227539 -0.247070
v -0.383789 0.108398 -0.245117
v -0.383789 0.125977 -0.245117
v -0.208008 0.206055 -0.192383
v -0.209961 0.243164 -0.192383
v -0.208008 0.200195 -0.124023
v -0.211914 0.254883 -0.247070
v -0.209961 0.243164 -0.192383
v -0.208008 0.206055 -0.192383
v -0.209961 0.243164 -0.192383
v -0.249023 0.243164 -0.192383
v -0.209961 0.237305 -0.124023
v -0.247070 0.254883 -0.247070
v -0.249023 0.243164 -0.192383
v -0.209961 0.243164 -0.192383
v -0.209961 0.237305 -0.124023
v -0.208008 0.200195 -0.124023
v -0.209961 0.243164 -0.192383
v -0.209961 0.243164 -0.192383
v -0.211914 0.254883 -0.247070
v -0.247070 0.254883 -0.247070
v -0.249023 0.237305 -0.124023
v -0.209961 0.237305 -0.124023
v -0.249023 0.243164 -0.192383
v -0.250977 0.200195 -0.124023
v -0.249023 0.237305 -0.124023
v -0.249023 0.243164 -0.192383
v -0.249023 0.243164 -0.192383
v -0.247070 0.254883 -0.247070
v -0.250977 0.206055 -0.192383
v -0.249023 0.243164 -0.192383
v -0.250977 0.206055 -0.192383
v -0.250977 0.200195 -0.124023
v -0.084961 0.026367 -0.098633
v -0.086914 0.020508 -0.098633
v -0.110352 0.022461 -0.098633
v -0.086914 0.026367 -0.051758
v -0.086914 0.020508 -0.098633
v -0.084961 0.026367 -0.098633
v -0.110352 0.022461 -0.098633
v -0.108398 0.028320 -0.098633
v -0.084961 0.026367 -0.098633
v -0.084961 0.026367 -0.098633
v -0.108398 0.028320 -0.098633
v -0.086914 0.026367 -0.051758
v -0.110352 0.022461 -0.051758
v -0.110352 0.022461 -0.098633
v -0.086914 0.020508 -0.098633
v -0.086914 0.026367 -0.051758
v -0.086914 0.020508 -0.051758
v -0.086914 0.020508 -0.098633
v -0.086914 0.020508 -0.098633
v -0.086914 0.020508 -0.051758
v -0.110352 0.022461 -0.051758
v -0.108398 0.028320 -0.051758
v -0.086914 0.026367 -0.051758
v -0.108398 0.028320 -0.098633
v -0.092773 0.026367 -0.092773
v -0.108398 0.028320 -0.092773
v -0.088867 0.067383 -0.094727
v -0.092773 0.026367 -0.092773
v -0.088867 0.067383 -0.094727
v -0.092773 0.026367 -0.057617
v -0.104492 0.069336 -0.094727
v -0.088867 0.067383 -0.094727
v -0.108398 0.028320 -0.092773
v -0.088867 0.067383 -0.094727
v -0.104492 0.069336 -0.094727
v -0.102539 0.083008 -0.083008
v -0.102539 0.083008 -0.083008
v -0.088867 0.081055 -0.083008
v -0.088867 0.067383 -0.094727
v -0.088867 0.067383 -0.094727
v -0.088867 0.081055 -0.083008
v -0.088867 0.067383 -0.055664
v -0.088867 0.067383 -0.055664
v -0.092773 0.026367 -0.057617
v -0.088867 0.067383 -0.094727
v -0.102539 0.083008 -0.083008
v -0.088867 0.081055 -0.067383
v -0.088867 0.081055 -0.083008
v -0.088867 0.081055 -0.083008
v -0.088867 0.081055 -0.067383
v -0.088867 0.067383 -0.055664
v -0.088867 0.081055 -0.067383
v -0.102539 0.083008 -0.083008
v -0.102539 0.083008 -0.067383
v -0.088867 0.081055 -0.067383
v -0.102539 0.083008 -0.067383
v -0.104492 0.069336 -0.055664
v -0.104492 0.069336 -0.055664
v -0.088867 0.067383 -0.055664
v -0.088867 0.081055 -0.067383
v -0.088867 0.067383 -0.055664
v -0.108398 0.028320 -0.057617
v -0.092773 0.026367 -0.057617
v -0.086914 0.020508 -0.051758
v -0.086914 0.026367 -0.051758
v -0.108398 0.028320 -0.051758
v -0.086914 0.020508 -0.051758
v -0.108398 0.028320 -0.051758
v -0.110352 0.022461 -0.051758
v -0.108398 0.028320 -0.057617
v -0.088867 0.067383 -0.055664
v -0.104492 0.069336 -0.055664
v -0.231445 0.219727 -0.016602
v -0.235352 0.002930 -0.016602
v -0.090820 0.118164 -0.016602
v -0.075195 0.108398 -0.002930
v -0.075195 0.125977 -0.000977
v -0.231445 0.227539 0.000977
v -0.231445 0.227539 0.000977
v -0.231445 0.209961 -0.000977
v -0.075195 0.108398 -0.002930
v -0.075195 0.125977 -0.000977
v -0.067383 0.125977 0.004883
v -0.231445 0.227539 0.000977
v -0.211914 0.028320 -0.020508
v -0.213867 0.040039 -0.020508
v -0.208008 -0.018555 0.092773
v -0.284180 -0.024414 0.092773
v -0.354492 0.028320 -0.022461
v -0.211914 0.028320 -0.020508
v -0.208008 -0.018555 0.092773
v -0.206055 -0.032227 0.092773
v -0.211914 0.028320 -0.020508
v -0.211914 0.028320 -0.020508
v -0.206055 -0.032227 0.092773
v -0.284180 -0.024414 0.092773
v -0.208008 -0.018555 0.092773
v -0.213867 0.040039 -0.020508
v -0.209961 0.043945 -0.018555
v -0.209961 0.043945 -0.018555
v -0.284180 0.051758 -0.020508
v -0.202148 -0.014648 0.098633
v -0.202148 -0.014648 0.098633
v -0.208008 -0.018555 0.092773
v -0.209961 0.043945 -0.018555
v -0.235352 0.002930 -0.016602
v -0.231445 0.219727 -0.016602
v -0.366211 0.116211 -0.016602
v -0.366211 0.116211 -0.016602
v -0.364258 0.006836 -0.016602
v -0.235352 0.002930 -0.016602
v -0.208008 0.200195 -0.124023
v -0.209961 0.237305 -0.124023
v -0.209961 0.243164 -0.055664
v -0.209961 0.243164 -0.055664
v -0.208008 0.206055 -0.055664
v -0.208008 0.200195 -0.124023
v -0.209961 0.237305 -0.124023
v -0.249023 0.237305 -0.124023
v -0.209961 0.243164 -0.055664
v -0.249023 0.243164 -0.055664
v -0.209961 0.243164 -0.055664
v -0.249023 0.237305 -0.124023
v -0.250977 0.200195 -0.124023
v -0.249023 0.243164 -0.055664
v -0.249023 0.237305 -0.124023
v -0.208008 0.206055 -0.055664
v -0.209961 0.243164 -0.055664
v -0.209961 0.215820 -0.000977
v -0.209961 0.243164 -0.055664
v -0.249023 0.243164 -0.055664
v -0.211914 0.254883 -0.000977
v -0.211914 0.254883 -0.000977
v -0.209961 0.215820 -0.000977
v -0.209961 0.243164 -0.055664
v -0.247070 0.254883 -0.000977
v -0.211914 0.254883 -0.000977
v -0.249023 0.243164 -0.055664
v -0.249023 0.215820 0.000977
v -0.247070 0.254883 -0.000977
v -0.249023 0.243164 -0.055664
v -0.249023 0.243164 -0.055664
v -0.250977 0.200195 -0.124023
v -0.250977 0.206055 -0.053711
v -0.249023 0.243164 -0.055664
v -0.250977 0.206055 -0.053711
v -0.249023 0.215820 0.000977
v -0.209961 0.215820 -0.000977
v -0.211914 0.254883 -0.000977
v -0.247070 0.254883 -0.000977
v -0.209961 0.215820 -0.000977
v -0.247070 0.254883 -0.000977
v -0.249023 0.215820 0.000977
v -0.383789 0.125977 -0.000977
v -0.383789 0.108398 -0.002930
v -0.231445 0.209961 -0.000977
v -0.231445 0.227539 0.000977
v -0.383789 0.125977 -0.000977
v -0.231445 0.209961 -0.000977
v -0.346680 0.002930 -0.233398
v -0.368164 0.002930 -0.233398
v -0.354492 0.118164 -0.237305
v -0.354492 0.118164 -0.237305
v -0.346680 0.002930 -0.215820
v -0.346680 0.002930 -0.233398
v -0.364258 0.006836 -0.124023
v -0.366211 0.116211 -0.231445
v -0.364258 0.006836 -0.229492
v -0.368164 0.002930 -0.233398
v -0.368164 0.002930 -0.215820
v -0.374023 0.118164 -0.219727
v -0.374023 0.118164 -0.237305
v -0.354492 0.118164 -0.237305
v -0.368164 0.002930 -0.233398
v -0.374023 0.118164 -0.219727
v -0.374023 0.118164 -0.237305
v -0.368164 0.002930 -0.233398
v -0.354492 0.118164 -0.219727
v -0.368164 0.002930 -0.215820
v -0.346680 0.002930 -0.215820
v -0.346680 0.002930 -0.215820
v -0.354492 0.118164 -0.237305
v -0.354492 0.118164 -0.219727
v -0.368164 0.002930 -0.215820
v -0.354492 0.118164 -0.219727
v -0.374023 0.118164 -0.219727
v -0.368164 0.018555 -0.194336
v -0.346680 0.028320 -0.194336
v -0.344727 0.022461 -0.194336
v -0.368164 0.020508 -0.147461
v -0.368164 0.018555 -0.194336
v -0.344727 0.022461 -0.194336
v -0.344727 0.022461 -0.194336
v -0.344727 0.022461 -0.147461
v -0.368164 0.020508 -0.147461
v -0.346680 0.028320 -0.194336
v -0.368164 0.018555 -0.194336
v -0.368164 0.026367 -0.194336
v -0.346680 0.028320 -0.194336
v -0.368164 0.026367 -0.194336
v -0.346680 0.028320 -0.147461
v -0.346680 0.028320 -0.190430
v -0.360352 0.026367 -0.190430
v -0.366211 0.067383 -0.190430
v -0.366211 0.067383 -0.190430
v -0.350586 0.069336 -0.190430
v -0.346680 0.028320 -0.190430
v -0.366211 0.067383 -0.153320
v -0.366211 0.067383 -0.190430
v -0.360352 0.026367 -0.190430
v -0.360352 0.026367 -0.190430
v -0.360352 0.026367 -0.153320
v -0.366211 0.067383 -0.153320
v -0.368164 0.020508 -0.147461
v -0.368164 0.026367 -0.194336
v -0.368164 0.018555 -0.194336
v -0.368164 0.026367 -0.147461
v -0.346680 0.028320 -0.147461
v -0.368164 0.026367 -0.194336
v -0.368164 0.026367 -0.194336
v -0.368164 0.020508 -0.147461
v -0.368164 0.026367 -0.147461
v -0.366211 0.116211 -0.231445
v -0.364258 0.006836 -0.124023
v -0.364258 0.006836 -0.016602
v -0.366211 0.116211 -0.231445
v -0.364258 0.006836 -0.016602
v -0.366211 0.116211 -0.016602
v -0.350586 0.069336 -0.190430
v -0.366211 0.067383 -0.190430
v -0.366211 0.081055 -0.180664
v -0.366211 0.081055 -0.180664
v -0.352539 0.081055 -0.180664
v -0.350586 0.069336 -0.190430
v -0.366211 0.081055 -0.163086
v -0.366211 0.081055 -0.180664
v -0.366211 0.067383 -0.190430
v -0.366211 0.067383 -0.153320
v -0.366211 0.081055 -0.163086
v -0.366211 0.067383 -0.190430
v -0.366211 0.067383 -0.153320
v -0.360352 0.026367 -0.153320
v -0.346680 0.028320 -0.153320
v -0.346680 0.028320 -0.153320
v -0.350586 0.069336 -0.153320
v -0.366211 0.067383 -0.153320
v -0.344727 0.022461 -0.147461
v -0.346680 0.028320 -0.147461
v -0.368164 0.026367 -0.147461
v -0.368164 0.026367 -0.147461
v -0.368164 0.020508 -0.147461
v -0.344727 0.022461 -0.147461
v -0.352539 0.081055 -0.180664
v -0.366211 0.081055 -0.180664
v -0.352539 0.081055 -0.163086
v -0.366211 0.081055 -0.163086
v -0.352539 0.081055 -0.163086
v -0.366211 0.081055 -0.180664
v -0.352539 0.081055 -0.163086
v -0.366211 0.081055 -0.163086
v -0.366211 0.067383 -0.153320
v -0.366211 0.067383 -0.153320
v -0.350586 0.069336 -0.153320
v -0.352539 0.081055 -0.163086
v -0.383789 0.108398 -0.002930
v -0.383789 0.125977 -0.245117
v -0.383789 0.108398 -0.245117
v -0.383789 0.125977 -0.245117
v -0.383789 0.108398 -0.002930
v -0.383789 0.125977 -0.000977
v -0.383789 0.125977 -0.245117
v -0.383789 0.125977 -0.000977
v -0.391602 0.125977 0.004883
v -0.368164 0.020508 -0.098633
v -0.346680 0.028320 -0.098633
v -0.344727 0.022461 -0.098633
v -0.368164 0.020508 -0.051758
v -0.368164 0.020508 -0.098633
v -0.344727 0.022461 -0.098633
v -0.344727 0.022461 -0.098633
v -0.344727 0.022461 -0.051758
v -0.368164 0.020508 -0.051758
v -0.346680 0.028320 -0.098633
v -0.368164 0.020508 -0.098633
v -0.368164 0.026367 -0.098633
v -0.346680 0.028320 -0.098633
v -0.368164 0.026367 -0.098633
v -0.346680 0.028320 -0.051758
v -0.368164 0.020508 -0.051758
v -0.368164 0.026367 -0.098633
v -0.368164 0.020508 -0.098633
v -0.368164 0.026367 -0.051758
v -0.346680 0.028320 -0.051758
v -0.368164 0.026367 -0.098633
v -0.368164 0.026367 -0.098633
v -0.368164 0.020508 -0.051758
v -0.368164 0.026367 -0.051758
v -0.346680 0.028320 -0.092773
v -0.360352 0.026367 -0.092773
v -0.366211 0.067383 -0.094727
v -0.366211 0.067383 -0.094727
v -0.350586 0.069336 -0.094727
v -0.346680 0.028320 -0.092773
v -0.360352 0.026367 -0.057617
v -0.366211 0.067383 -0.094727
v -0.360352 0.026367 -0.092773
v -0.350586 0.069336 -0.094727
v -0.366211 0.067383 -0.094727
v -0.352539 0.083008 -0.083008
v -0.366211 0.081055 -0.083008
v -0.352539 0.083008 -0.083008
v -0.366211 0.067383 -0.094727
v -0.366211 0.067383 -0.055664
v -0.366211 0.081055 -0.083008
v -0.366211 0.067383 -0.094727
v -0.366211 0.067383 -0.094727
v -0.360352 0.026367 -0.057617
v -0.366211 0.067383 -0.055664
v -0.352539 0.083008 -0.083008
v -0.366211 0.081055 -0.083008
v -0.366211 0.081055 -0.067383
v -0.366211 0.081055 -0.067383
v -0.352539 0.083008 -0.067383
v -0.352539 0.083008 -0.083008
v -0.366211 0.067383 -0.055664
v -0.366211 0.081055 -0.067383
v -0.366211 0.081055 -0.083008
v -0.352539 0.083008 -0.067383
v -0.366211 0.081055 -0.067383
v -0.350586 0.069336 -0.055664
v -0.366211 0.067383 -0.055664
v -0.350586 0.069336 -0.055664
v -0.366211 0.081055 -0.067383
v -0.284180 0.051758 -0.020508
v -0.356445 0.043945 -0.018555
v -0.284180 -0.004883 0.096680
v -0.284180 -0.004883 0.096680
v -0.202148 -0.014648 0.098633
v -0.284180 0.051758 -0.020508
v -0.366211 0.067383 -0.055664
v -0.360352 0.026367 -0.057617
v -0.346680 0.028320 -0.057617
v -0.346680 0.028320 -0.057617
v -0.350586 0.069336 -0.055664
v -0.366211 0.067383 -0.055664
v -0.344727 0.022461 -0.051758
v -0.346680 0.028320 -0.051758
v -0.368164 0.026367 -0.051758
v -0.368164 0.026367 -0.051758
v -0.368164 0.020508 -0.051758
v -0.344727 0.022461 -0.051758
v -0.346680 0.002930 -0.030273
v -0.368164 0.002930 -0.030273
v -0.354492 0.118164 -0.026367
v -0.354492 0.118164 -0.008789
v -0.346680 0.002930 -0.014648
v -0.346680 0.002930 -0.030273
v -0.346680 0.002930 -0.030273
v -0.354492 0.118164 -0.026367
v -0.354492 0.118164 -0.008789
v -0.358398 -0.018555 0.092773
v -0.354492 0.040039 -0.020508
v -0.354492 0.028320 -0.022461
v -0.354492 0.028320 -0.022461
v -0.284180 -0.024414 0.092773
v -0.360352 -0.032227 0.092773
v -0.354492 0.028320 -0.022461
v -0.360352 -0.032227 0.092773
v -0.358398 -0.018555 0.092773
v -0.368164 0.002930 -0.030273
v -0.368164 0.002930 -0.014648
v -0.374023 0.118164 -0.026367
v -0.374023 0.118164 -0.026367
v -0.354492 0.118164 -0.026367
v -0.368164 0.002930 -0.030273
v -0.354492 0.118164 -0.008789
v -0.368164 0.002930 -0.014648
v -0.346680 0.002930 -0.014648
v -0.374023 0.118164 -0.008789
v -0.374023 0.118164 -0.026367
v -0.368164 0.002930 -0.014648
v -0.368164 0.002930 -0.014648
v -0.354492 0.118164 -0.008789
v -0.374023 0.118164 -0.008789
v -0.364258 -0.014648 0.098633
v -0.356445 0.043945 -0.018555
v -0.354492 0.040039 -0.020508
v -0.354492 0.040039 -0.020508
v -0.358398 -0.018555 0.092773
v -0.364258 -0.014648 0.098633
v -0.364258 -0.014648 0.098633
v -0.284180 -0.004883 0.096680
v -0.356445 0.043945 -0.018555
v -0.299805 0.161133 -0.075195
v -0.344727 0.161133 -0.075195
v -0.348633 0.291992 -0.065430
v -0.305664 0.291992 -0.065430
v -0.299805 0.161133 -0.030273
v -0.299805 0.161133 -0.075195
v -0.348633 0.291992 -0.065430
v -0.305664 0.291992 -0.065430
v -0.299805 0.161133 -0.075195
v -0.344727 0.161133 -0.075195
v -0.344727 0.161133 -0.030273
v -0.348633 0.291992 -0.065430
v -0.348633 0.291992 -0.022461
v -0.344727 0.161133 -0.030273
v -0.299805 0.161133 -0.030273
v -0.299805 0.161133 -0.030273
v -0.305664 0.291992 -0.065430
v -0.305664 0.291992 -0.022461
v -0.299805 0.161133 -0.030273
v -0.305664 0.291992 -0.022461
v -0.348633 0.291992 -0.022461
v -0.348633 0.291992 -0.022461
v -0.348633 0.291992 -0.065430
v -0.344727 0.161133 -0.030273
v -0.383789 0.125977 -0.000977
v -0.231445 0.227539 0.000977
v -0.391602 0.125977 0.004883
v -0.354492 0.290039 -0.071289
v -0.299805 0.313477 -0.071289
v -0.299805 0.290039 -0.071289
v -0.299805 0.290039 -0.071289
v -0.299805 0.313477 -0.071289
v -0.299805 0.313477 -0.018555
v -0.354492 0.290039 -0.018555
v -0.354492 0.290039 -0.071289
v -0.299805 0.290039 -0.071289
v -0.299805 0.313477 -0.018555
v -0.299805 0.290039 -0.018555
v -0.299805 0.290039 -0.071289
v -0.299805 0.290039 -0.071289
v -0.299805 0.290039 -0.018555
v -0.354492 0.290039 -0.018555
v -0.299805 0.313477 -0.071289
v -0.354492 0.290039 -0.071289
v -0.354492 0.313477 -0.071289
v -0.299805 0.313477 -0.071289
v -0.354492 0.313477 -0.071289
v -0.299805 0.313477 -0.018555
v -0.354492 0.290039 -0.018555
v -0.354492 0.313477 -0.071289
v -0.354492 0.290039 -0.071289
v -0.354492 0.313477 -0.018555
v -0.299805 0.313477 -0.018555
v -0.354492 0.313477 -0.071289
v -0.354492 0.313477 -0.071289
v -0.354492 0.290039 -0.018555
v -0.354492 0.313477 -0.018555
v -0.299805 0.290039 -0.018555
v -0.299805 0.313477 -0.018555
v -0.354492 0.313477 -0.018555
v -0.354492 0.313477 -0.018555
v -0.354492 0.290039 -0.018555
v -0.299805 0.290039 -0.018555
v -0.313477 0.311523 -0.051758
v -0.329102 0.311523 -0.061523
v -0.313477 0.346680 -0.051758
v -0.317383 0.346680 -0.034180
v -0.317383 0.311523 -0.034180
v -0.313477 0.311523 -0.051758
v -0.313477 0.311523 -0.051758
v -0.313477 0.346680 -0.051758
v -0.317383 0.346680 -0.034180
v -0.329102 0.311523 -0.061523
v -0.342773 0.311523 -0.047852
v -0.329102 0.346680 -0.061523
v -0.329102 0.346680 -0.061523
v -0.313477 0.346680 -0.051758
v -0.329102 0.311523 -0.061523
v -0.342773 0.311523 -0.047852
v -0.334961 0.311523 -0.032227
v -0.342773 0.346680 -0.047852
v -0.342773 0.346680 -0.047852
v -0.329102 0.346680 -0.061523
v -0.342773 0.311523 -0.047852
v -0.334961 0.346680 -0.032227
v -0.334961 0.311523 -0.032227
v -0.317383 0.311523 -0.034180
v -0.317383 0.311523 -0.034180
v -0.317383 0.346680 -0.034180
v -0.334961 0.346680 -0.032227
v -0.334961 0.346680 -0.032227
v -0.342773 0.346680 -0.047852
v -0.334961 0.311523 -0.032227
v -0.313477 0.346680 -0.051758
v -0.329102 0.346680 -0.061523
v -0.342773 0.346680 -0.047852
v -0.313477 0.346680 -0.051758
v -0.342773 0.346680 -0.047852
v -0.317383 0.346680 -0.034180
v -0.334961 0.346680 -0.032227
v -0.317383 0.346680 -0.034180
v -0.342773 0.346680 -0.047852
v 0.440430 -0.325195 0.155273
v 0.436523 -0.325195 0.067383
v 0.375977 -0.325195 0.059570
v 0.411133 -0.325195 0.282227
v 0.440430 -0.325195 0.155273
v 0.375977 -0.325195 0.059570
v 0.317383 -0.325195 0.381836
v 0.411133 -0.325195 0.282227
v 0.375977 -0.325195 0.059570
v 0.172852 -0.325195 0.446289
v 0.317383 -0.325195 0.381836
v 0.375977 -0.325195 0.059570
v 0.002930 -0.325195 0.467773
v 0.172852 -0.325195 0.446289
v 0.375977 -0.325195 0.059570
v -0.166992 -0.325195 0.446289
v 0.002930 -0.325195 0.467773
v 0.375977 -0.325195 0.059570
v -0.311523 -0.325195 0.381836
v -0.166992 -0.325195 0.446289
v 0.375977 -0.325195 0.059570
v 0.436523 -0.346680 0.067383
v 0.436523 -0.325195 0.067383
v 0.440430 -0.325195 0.155273
v 0.440430 -0.325195 0.155273
v 0.440430 -0.346680 0.155273
v 0.436523 -0.346680 0.067383
v 0.436523 -0.346680 0.067383
v 0.440430 -0.346680 0.155273
v -0.166992 -0.346680 0.446289
v -0.166992 -0.346680 0.446289
v -0.461914 -0.346680 0.155273
v 0.436523 -0.346680 0.067383
v 0.303711 -0.315430 0.110352
v 0.311523 -0.333008 0.120117
v 0.299805 -0.333008 0.106445
v 0.311523 -0.333008 0.120117
v 0.303711 -0.315430 0.110352
v 0.309570 -0.307617 0.118164
v 0.303711 -0.315430 0.110352
v 0.301758 -0.299805 0.108398
v 0.309570 -0.307617 0.118164
v 0.250977 -0.268555 0.077148
v 0.229492 -0.262695 0.067383
v 0.215820 -0.258789 0.084961
v 0.250977 -0.268555 0.077148
v 0.215820 -0.258789 0.084961
v 0.249023 -0.266602 0.098633
v 0.270508 -0.256836 0.120117
v 0.307617 -0.262695 0.114258
v 0.288086 -0.262695 0.102539
v 0.307617 -0.262695 0.114258
v 0.270508 -0.256836 0.120117
v 0.284180 -0.254883 0.139648
v 0.284180 -0.254883 0.139648
v 0.305664 -0.256836 0.135742
v 0.307617 -0.262695 0.114258
v 0.239258 -0.252930 0.137695
v 0.274414 -0.254883 0.127930
v 0.252930 -0.254883 0.120117
v 0.440430 -0.346680 0.155273
v 0.440430 -0.325195 0.155273
v 0.411133 -0.325195 0.282227
v 0.411133 -0.325195 0.282227
v 0.411133 -0.346680 0.282227
v 0.440430 -0.346680 0.155273
v 0.440430 -0.346680 0.155273
v 0.411133 -0.346680 0.282227
v 0.317383 -0.346680 0.381836
v 0.440430 -0.346680 0.155273
v 0.317383 -0.346680 0.381836
v 0.172852 -0.346680 0.446289
v 0.440430 -0.346680 0.155273
v 0.172852 -0.346680 0.446289
v 0.002930 -0.346680 0.467773
v 0.440430 -0.346680 0.155273
v 0.002930 -0.346680 0.467773
v -0.166992 -0.346680 0.446289
v 0.319336 -0.333008 0.129883
v 0.327148 -0.315430 0.139648
v 0.331055 -0.333008 0.145508
v 0.321289 -0.307617 0.131836
v 0.327148 -0.315430 0.139648
v 0.319336 -0.333008 0.129883
v 0.327148 -0.315430 0.139648
v 0.321289 -0.307617 0.131836
v 0.329102 -0.299805 0.143555
v 0.284180 -0.333008 0.141602
v 0.254883 -0.331055 0.147461
v 0.291992 -0.327148 0.184570
v 0.245117 -0.331055 0.217773
v 0.291992 -0.327148 0.184570
v 0.254883 -0.331055 0.147461
v 0.208008 -0.331055 0.157227
v 0.215820 -0.336914 0.090820
v 0.254883 -0.331055 0.147461
v 0.254883 -0.331055 0.147461
v 0.208008 -0.331055 0.157227
v 0.245117 -0.331055 0.217773
v 0.245117 -0.331055 0.217773
v 0.290039 -0.321289 0.233398
v 0.291992 -0.327148 0.184570
v 0.291992 -0.327148 0.184570
v 0.290039 -0.321289 0.233398
v 0.290039 -0.340820 0.297852
v 0.290039 -0.340820 0.297852
v 0.297852 -0.327148 0.247070
v 0.291992 -0.327148 0.184570
v 0.250977 -0.250977 0.157227
v 0.274414 -0.252930 0.151367
v 0.274414 -0.254883 0.127930
v 0.239258 -0.252930 0.137695
v 0.250977 -0.250977 0.157227
v 0.274414 -0.254883 0.127930
v 0.307617 -0.293945 0.166992
v 0.297852 -0.291992 0.165039
v 0.299805 -0.290039 0.176758
v 0.301758 -0.290039 0.176758
v 0.311523 -0.293945 0.174805
v 0.307617 -0.293945 0.166992
v 0.299805 -0.290039 0.176758
v 0.301758 -0.290039 0.176758
v 0.307617 -0.293945 0.166992
v 0.297852 -0.291992 0.165039
v 0.290039 -0.288086 0.168945
v 0.299805 -0.290039 0.176758
v 0.288086 -0.286133 0.178711
v 0.299805 -0.290039 0.176758
v 0.290039 -0.288086 0.168945
v 0.311523 -0.293945 0.174805
v 0.301758 -0.290039 0.176758
v 0.311523 -0.291992 0.184570
v 0.301758 -0.290039 0.176758
v 0.299805 -0.290039 0.176758
v 0.299805 -0.288086 0.178711
v 0.301758 -0.290039 0.176758
v 0.299805 -0.288086 0.178711
v 0.303711 -0.288086 0.190430
v 0.303711 -0.288086 0.190430
v 0.311523 -0.291992 0.184570
v 0.301758 -0.290039 0.176758
v 0.288086 -0.286133 0.178711
v 0.299805 -0.288086 0.178711
v 0.299805 -0.290039 0.176758
v 0.299805 -0.288086 0.178711
v 0.293945 -0.286133 0.186523
v 0.303711 -0.288086 0.190430
v 0.358398 -0.311523 0.233398
v 0.366211 -0.329102 0.247070
v 0.362305 -0.325195 0.225586
v 0.366211 -0.329102 0.247070
v 0.358398 -0.311523 0.233398
v 0.358398 -0.305664 0.243164
v 0.366211 -0.315430 0.266602
v 0.372070 -0.331055 0.270508
v 0.366211 -0.329102 0.247070
v 0.362305 -0.307617 0.258789
v 0.366211 -0.315430 0.266602
v 0.366211 -0.329102 0.247070
v 0.315430 -0.291992 0.209961
v 0.323242 -0.297852 0.204102
v 0.317383 -0.293945 0.196289
v 0.317383 -0.293945 0.196289
v 0.313477 -0.291992 0.208008
v 0.315430 -0.291992 0.209961
v 0.323242 -0.297852 0.204102
v 0.315430 -0.291992 0.209961
v 0.323242 -0.295898 0.213867
v 0.311523 -0.291992 0.211914
v 0.315430 -0.291992 0.209961
v 0.313477 -0.291992 0.208008
v 0.313477 -0.291992 0.208008
v 0.307617 -0.290039 0.196289
v 0.301758 -0.288086 0.204102
v 0.313477 -0.291992 0.208008
v 0.301758 -0.288086 0.204102
v 0.311523 -0.291992 0.211914
v 0.317383 -0.293945 0.221680
v 0.323242 -0.295898 0.213867
v 0.315430 -0.291992 0.209961
v 0.311523 -0.291992 0.211914
v 0.317383 -0.293945 0.221680
v 0.315430 -0.291992 0.209961
v 0.358398 -0.311523 0.233398
v 0.352539 -0.297852 0.231445
v 0.358398 -0.305664 0.243164
v 0.317383 -0.293945 0.221680
v 0.311523 -0.291992 0.211914
v 0.307617 -0.290039 0.219727
v 0.290039 -0.321289 0.233398
v 0.245117 -0.331055 0.217773
v 0.243164 -0.313477 0.254883
v 0.252930 -0.317383 0.305664
v 0.290039 -0.340820 0.297852
v 0.290039 -0.321289 0.233398
v 0.243164 -0.313477 0.254883
v 0.252930 -0.317383 0.305664
v 0.290039 -0.321289 0.233398
v 0.301758 -0.286133 0.213867
v 0.311523 -0.291992 0.211914
v 0.301758 -0.288086 0.204102
v 0.297852 -0.282227 0.233398
v 0.307617 -0.284180 0.223633
v 0.297852 -0.282227 0.217773
v 0.295898 -0.282227 0.231445
v 0.297852 -0.282227 0.233398
v 0.297852 -0.282227 0.217773
v 0.280273 -0.274414 0.202148
v 0.291992 -0.280273 0.204102
v 0.288086 -0.278320 0.194336
v 0.288086 -0.278320 0.194336
v 0.280273 -0.276367 0.190430
v 0.280273 -0.274414 0.202148
v 0.280273 -0.274414 0.202148
v 0.288086 -0.278320 0.211914
v 0.291992 -0.280273 0.204102
v 0.288086 -0.278320 0.211914
v 0.280273 -0.274414 0.202148
v 0.280273 -0.274414 0.215820
v 0.280273 -0.276367 0.190430
v 0.272461 -0.272461 0.194336
v 0.280273 -0.274414 0.202148
v 0.268555 -0.270508 0.202148
v 0.280273 -0.274414 0.202148
v 0.272461 -0.272461 0.194336
v 0.280273 -0.274414 0.202148
v 0.268555 -0.270508 0.202148
v 0.272461 -0.270508 0.211914
v 0.272461 -0.270508 0.211914
v 0.280273 -0.274414 0.215820
v 0.280273 -0.274414 0.202148
v 0.235352 -0.250977 0.229492
v 0.258789 -0.252930 0.229492
v 0.264648 -0.252930 0.208008
v 0.264648 -0.252930 0.208008
v 0.245117 -0.252930 0.194336
v 0.227539 -0.250977 0.208008
v 0.264648 -0.252930 0.208008
v 0.227539 -0.250977 0.208008
v 0.235352 -0.250977 0.229492
v 0.307617 -0.284180 0.223633
v 0.297852 -0.282227 0.233398
v 0.309570 -0.286133 0.235352
v 0.297852 -0.282227 0.233398
v 0.295898 -0.282227 0.231445
v 0.295898 -0.282227 0.235352
v 0.307617 -0.288086 0.243164
v 0.309570 -0.286133 0.235352
v 0.297852 -0.282227 0.233398
v 0.295898 -0.282227 0.235352
v 0.307617 -0.288086 0.243164
v 0.297852 -0.282227 0.233398
v 0.284180 -0.278320 0.227539
v 0.295898 -0.282227 0.235352
v 0.295898 -0.282227 0.231445
v 0.295898 -0.282227 0.231445
v 0.290039 -0.278320 0.219727
v 0.284180 -0.278320 0.227539
v 0.295898 -0.282227 0.235352
v 0.297852 -0.286133 0.249023
v 0.307617 -0.288086 0.243164
v 0.297852 -0.286133 0.249023
v 0.295898 -0.282227 0.235352
v 0.290039 -0.282227 0.245117
v 0.295898 -0.282227 0.235352
v 0.284180 -0.278320 0.227539
v 0.284180 -0.278320 0.237305
v 0.297852 -0.291992 0.260742
v 0.305664 -0.290039 0.252930
v 0.295898 -0.288086 0.249023
v 0.295898 -0.291992 0.260742
v 0.297852 -0.291992 0.260742
v 0.295898 -0.288086 0.249023
v 0.282227 -0.274414 0.235352
v 0.280273 -0.272461 0.227539
v 0.270508 -0.270508 0.235352
v 0.282227 -0.274414 0.235352
v 0.270508 -0.270508 0.235352
v 0.278320 -0.274414 0.245117
v 0.270508 -0.270508 0.235352
v 0.280273 -0.272461 0.227539
v 0.272461 -0.270508 0.223633
v 0.272461 -0.270508 0.223633
v 0.262695 -0.266602 0.227539
v 0.270508 -0.270508 0.235352
v 0.258789 -0.266602 0.235352
v 0.270508 -0.270508 0.235352
v 0.262695 -0.266602 0.227539
v 0.270508 -0.272461 0.249023
v 0.278320 -0.274414 0.245117
v 0.270508 -0.270508 0.235352
v 0.262695 -0.268555 0.245117
v 0.270508 -0.272461 0.249023
v 0.270508 -0.270508 0.235352
v 0.270508 -0.270508 0.235352
v 0.258789 -0.266602 0.235352
v 0.262695 -0.268555 0.245117
v 0.208008 -0.331055 0.157227
v 0.161133 -0.336914 0.104492
v 0.215820 -0.336914 0.090820
v 0.227539 -0.260742 0.104492
v 0.249023 -0.266602 0.098633
v 0.215820 -0.258789 0.084961
v 0.161133 -0.336914 0.104492
v 0.208008 -0.331055 0.157227
v 0.153320 -0.333008 0.155273
v 0.174805 -0.260742 0.120117
v 0.184570 -0.260742 0.098633
v 0.163086 -0.258789 0.088867
v 0.153320 -0.258789 0.110352
v 0.174805 -0.260742 0.120117
v 0.163086 -0.258789 0.088867
v 0.065430 -0.315430 0.053711
v 0.065430 -0.309570 0.038086
v 0.049805 -0.307617 0.049805
v 0.065430 -0.315430 0.053711
v 0.049805 -0.307617 0.049805
v 0.051758 -0.315430 0.065430
v 0.065430 -0.309570 0.038086
v 0.051758 -0.301758 0.028320
v 0.047852 -0.305664 0.045898
v 0.065430 -0.309570 0.038086
v 0.047852 -0.305664 0.045898
v 0.049805 -0.307617 0.049805
v 0.045898 -0.323242 0.002930
v 0.047852 -0.297852 0.004883
v 0.043945 -0.297852 0.006836
v 0.043945 -0.297852 0.006836
v 0.040039 -0.297852 0.002930
v 0.045898 -0.323242 0.002930
v 0.030273 -0.303711 0.030273
v 0.032227 -0.297852 0.030273
v 0.028320 -0.323242 0.018555
v 0.028320 -0.323242 0.018555
v 0.032227 -0.297852 0.030273
v 0.034180 -0.297852 0.036133
v 0.024414 -0.309570 0.036133
v 0.030273 -0.303711 0.030273
v 0.028320 -0.323242 0.018555
v 0.028320 -0.323242 0.018555
v 0.034180 -0.297852 0.036133
v 0.024414 -0.309570 0.036133
v 0.024414 -0.327148 0.016602
v 0.018555 -0.327148 0.020508
v 0.032227 -0.297852 0.030273
v 0.024414 -0.299805 0.034180
v 0.018555 -0.327148 0.020508
v 0.024414 -0.327148 0.016602
v 0.024414 -0.327148 0.016602
v 0.032227 -0.297852 0.030273
v 0.030273 -0.303711 0.030273
v 0.024414 -0.327148 0.016602
v 0.030273 -0.303711 0.030273
v 0.024414 -0.299805 0.034180
v 0.022461 -0.295898 0.030273
v 0.032227 -0.297852 0.030273
v 0.018555 -0.327148 0.020508
v 0.024414 -0.299805 0.034180
v 0.022461 -0.295898 0.030273
v 0.018555 -0.327148 0.020508
v 0.024414 -0.309570 0.036133
v 0.034180 -0.297852 0.036133
v 0.043945 -0.331055 0.040039
v 0.043945 -0.331055 0.040039
v 0.034180 -0.297852 0.036133
v 0.028320 -0.297852 0.040039
v 0.024414 -0.297852 0.036133
v 0.024414 -0.309570 0.036133
v 0.043945 -0.331055 0.040039
v 0.028320 -0.297852 0.040039
v 0.024414 -0.297852 0.036133
v 0.043945 -0.331055 0.040039
v 0.040039 -0.301758 0.004883
v 0.047852 -0.303711 0.018555
v 0.026367 -0.301758 0.016602
v 0.032227 -0.295898 0.002930
v 0.014648 -0.295898 0.010742
v 0.026367 -0.297852 0.018555
v 0.026367 -0.301758 0.016602
v 0.036133 -0.307617 0.030273
v 0.047852 -0.303711 0.018555
v 0.032227 -0.297852 0.030273
v 0.022461 -0.295898 0.030273
v 0.028320 -0.286133 0.036133
v 0.028320 -0.286133 0.036133
v 0.034180 -0.297852 0.036133
v 0.032227 -0.297852 0.030273
v 0.049805 -0.258789 0.010742
v 0.049805 -0.262695 0.002930
v 0.055664 -0.258789 0.002930
v 0.051758 -0.249023 0.010742
v 0.049805 -0.258789 0.010742
v 0.055664 -0.258789 0.002930
v 0.055664 -0.258789 0.002930
v 0.057617 -0.249023 0.004883
v 0.051758 -0.249023 0.010742
v 0.049805 -0.262695 0.002930
v 0.049805 -0.258789 0.010742
v 0.041992 -0.256836 0.006836
v 0.049805 -0.254883 0.002930
v 0.057617 -0.249023 0.004883
v 0.051758 -0.245117 0.004883
v 0.051758 -0.249023 0.010742
v 0.057617 -0.249023 0.004883
v 0.049805 -0.254883 0.002930
v 0.043945 -0.249023 0.006836
v 0.051758 -0.249023 0.010742
v 0.049805 -0.254883 0.002930
v 0.043945 -0.249023 0.006836
v 0.041992 -0.256836 0.006836
v 0.049805 -0.258789 0.010742
v 0.049805 -0.258789 0.010742
v 0.051758 -0.249023 0.010742
v 0.043945 -0.249023 0.006836
v 0.024414 -0.282227 0.041992
v 0.028320 -0.268555 0.024414
v 0.041992 -0.270508 0.030273
v 0.041992 -0.270508 0.030273
v 0.028320 -0.268555 0.024414
v 0.030273 -0.262695 0.038086
v 0.041992 -0.270508 0.030273
v 0.041992 -0.270508 0.045898
v 0.024414 -0.282227 0.041992
v 0.030273 -0.262695 0.038086
v 0.041992 -0.270508 0.045898
v 0.041992 -0.270508 0.030273
v 0.014648 -0.293945 0.002930
v 0.000977 -0.297852 0.012695
v 0.020508 -0.299805 0.014648
v 0.020508 -0.299805 0.014648
v 0.000977 -0.297852 0.012695
v 0.002930 -0.305664 0.026367
v 0.018555 -0.307617 0.028320
v 0.026367 -0.301758 0.016602
v 0.020508 -0.299805 0.014648
v 0.002930 -0.305664 0.026367
v 0.018555 -0.307617 0.028320
v 0.020508 -0.299805 0.014648
v 0.030273 -0.303711 0.030273
v 0.024414 -0.309570 0.036133
v 0.024414 -0.297852 0.036133
v 0.024414 -0.297852 0.036133
v 0.024414 -0.299805 0.034180
v 0.030273 -0.303711 0.030273
v 0.022461 -0.295898 0.030273
v 0.024414 -0.299805 0.034180
v 0.028320 -0.286133 0.036133
v 0.024414 -0.282227 0.041992
v 0.016602 -0.266602 0.030273
v 0.028320 -0.268555 0.024414
v 0.028320 -0.268555 0.024414
v 0.016602 -0.266602 0.030273
v 0.030273 -0.262695 0.038086
v 0.016602 -0.266602 0.030273
v 0.024414 -0.282227 0.041992
v 0.014648 -0.268555 0.043945
v 0.014648 -0.268555 0.043945
v 0.030273 -0.262695 0.038086
v 0.016602 -0.266602 0.030273
v 0.047852 -0.305664 0.045898
v 0.036133 -0.297852 0.034180
v 0.045898 -0.305664 0.047852
v 0.045898 -0.305664 0.047852
v 0.049805 -0.307617 0.049805
v 0.047852 -0.305664 0.045898
v 0.028320 -0.301758 0.047852
v 0.045898 -0.305664 0.047852
v 0.036133 -0.297852 0.034180
v 0.028320 -0.286133 0.036133
v 0.028320 -0.297852 0.040039
v 0.034180 -0.297852 0.036133
v 0.049805 -0.307617 0.049805
v 0.045898 -0.305664 0.047852
v 0.034180 -0.309570 0.063477
v 0.034180 -0.309570 0.063477
v 0.051758 -0.315430 0.065430
v 0.049805 -0.307617 0.049805
v 0.045898 -0.305664 0.047852
v 0.028320 -0.301758 0.047852
v 0.034180 -0.309570 0.063477
v 0.026367 -0.268555 0.053711
v 0.024414 -0.282227 0.041992
v 0.041992 -0.270508 0.045898
v 0.041992 -0.270508 0.045898
v 0.030273 -0.262695 0.038086
v 0.026367 -0.268555 0.053711
v 0.024414 -0.299805 0.034180
v 0.024414 -0.297852 0.036133
v 0.028320 -0.286133 0.036133
v 0.024414 -0.297852 0.036133
v 0.028320 -0.297852 0.040039
v 0.028320 -0.286133 0.045898
v 0.028320 -0.284180 0.036133
v 0.028320 -0.286133 0.036133
v 0.024414 -0.297852 0.036133
v 0.022461 -0.284180 0.041992
v 0.028320 -0.284180 0.036133
v 0.024414 -0.297852 0.036133
v 0.024414 -0.297852 0.036133
v 0.028320 -0.286133 0.045898
v 0.022461 -0.284180 0.041992
v 0.028320 -0.297852 0.040039
v 0.028320 -0.286133 0.036133
v 0.028320 -0.286133 0.045898
v 0.028320 -0.286133 0.036133
v 0.028320 -0.284180 0.036133
v 0.028320 -0.286133 0.045898
v 0.028320 -0.278320 0.036133
v 0.028320 -0.286133 0.045898
v 0.028320 -0.284180 0.036133
v 0.028320 -0.284180 0.036133
v 0.022461 -0.284180 0.041992
v 0.028320 -0.278320 0.036133
v 0.026367 -0.268555 0.053711
v 0.014648 -0.268555 0.043945
v 0.024414 -0.282227 0.041992
v 0.028320 -0.278320 0.036133
v 0.022461 -0.284180 0.041992
v 0.028320 -0.286133 0.045898
v 0.030273 -0.262695 0.038086
v 0.014648 -0.268555 0.043945
v 0.026367 -0.268555 0.053711
v 0.208008 -0.331055 0.157227
v 0.153320 -0.333008 0.155273
v 0.165039 -0.331055 0.217773
v 0.204102 -0.315430 0.233398
v 0.245117 -0.331055 0.217773
v 0.208008 -0.331055 0.157227
v 0.165039 -0.331055 0.217773
v 0.204102 -0.315430 0.233398
v 0.208008 -0.331055 0.157227
v 0.122070 -0.258789 0.145508
v 0.155273 -0.252930 0.149414
v 0.141602 -0.256836 0.129883
v 0.122070 -0.258789 0.145508
v 0.137695 -0.254883 0.165039
v 0.155273 -0.252930 0.149414
v 0.245117 -0.331055 0.217773
v 0.204102 -0.315430 0.233398
v 0.243164 -0.313477 0.254883
v 0.204102 -0.315430 0.233398
v 0.165039 -0.331055 0.217773
v 0.176758 -0.331055 0.284180
v 0.211914 -0.319336 0.311523
v 0.243164 -0.313477 0.254883
v 0.204102 -0.315430 0.233398
v 0.176758 -0.331055 0.284180
v 0.211914 -0.319336 0.311523
v 0.204102 -0.315430 0.233398
v 0.139648 -0.254883 0.206055
v 0.176758 -0.250977 0.209961
v 0.159180 -0.252930 0.194336
v 0.176758 -0.250977 0.209961
v 0.139648 -0.254883 0.206055
v 0.145508 -0.252930 0.229492
v 0.145508 -0.252930 0.229492
v 0.168945 -0.250977 0.231445
v 0.176758 -0.250977 0.209961
v 0.055664 -0.211914 0.241211
v 0.116211 -0.325195 0.247070
v 0.073242 -0.325195 0.143555
v 0.073242 -0.325195 0.143555
v 0.014648 -0.211914 0.208008
v 0.055664 -0.211914 0.241211
v -0.051758 -0.325195 0.143555
v 0.014648 -0.211914 0.208008
v 0.073242 -0.325195 0.143555
v 0.116211 -0.325195 0.247070
v 0.055664 -0.211914 0.241211
v 0.053711 -0.211914 0.297852
v 0.053711 -0.211914 0.297852
v 0.092773 -0.325195 0.344727
v 0.116211 -0.325195 0.247070
v 0.227539 -0.239258 0.143555
v 0.202148 -0.239258 0.135742
v 0.227539 -0.241211 0.172852
v 0.184570 -0.239258 0.157227
v 0.227539 -0.241211 0.172852
v 0.202148 -0.239258 0.135742
v 0.184570 -0.239258 0.157227
v 0.200195 -0.239258 0.180664
v 0.227539 -0.241211 0.172852
v 0.200195 -0.235352 0.245117
v 0.219727 -0.237305 0.231445
v 0.208008 -0.237305 0.211914
v 0.208008 -0.237305 0.211914
v 0.188477 -0.237305 0.225586
v 0.200195 -0.235352 0.245117
v 0.247070 -0.239258 0.282227
v 0.262695 -0.237305 0.264648
v 0.245117 -0.235352 0.249023
v 0.245117 -0.235352 0.249023
v 0.229492 -0.237305 0.266602
v 0.247070 -0.239258 0.282227
v 0.166992 -0.006836 0.284180
v 0.075195 -0.014648 0.215820
v 0.176758 -0.000977 0.184570
v 0.176758 -0.000977 0.184570
v 0.075195 -0.014648 0.215820
v 0.145508 0.083008 0.124023
v 0.213867 0.063477 0.174805
v 0.166992 -0.006836 0.284180
v 0.176758 -0.000977 0.184570
v 0.176758 -0.000977 0.184570
v 0.145508 0.083008 0.124023
v 0.213867 0.063477 0.174805
v 0.063477 -0.139648 0.211914
v 0.055664 -0.110352 0.209961
v 0.059570 -0.114258 0.221680
v 0.059570 -0.163086 0.221680
v 0.055664 -0.157227 0.217773
v 0.065430 -0.143555 0.229492
v 0.065430 -0.143555 0.229492
v 0.055664 -0.157227 0.217773
v 0.059570 -0.139648 0.223633
v 0.049805 -0.163086 0.243164
v 0.059570 -0.163086 0.221680
v 0.065430 -0.143555 0.229492
v 0.045898 -0.125977 0.243164
v 0.049805 -0.163086 0.243164
v 0.065430 -0.143555 0.229492
v 0.065430 -0.143555 0.229492
v 0.059570 -0.139648 0.223633
v 0.061523 -0.120117 0.227539
v 0.061523 -0.120117 0.227539
v 0.045898 -0.125977 0.243164
v 0.065430 -0.143555 0.229492
v 0.045898 -0.075195 0.247070
v 0.055664 -0.211914 0.241211
v 0.014648 -0.211914 0.208008
v 0.006836 -0.079102 0.219727
v 0.045898 -0.075195 0.247070
v 0.014648 -0.211914 0.208008
v -0.049805 -0.211914 0.235352
v 0.006836 -0.079102 0.219727
v 0.014648 -0.211914 0.208008
v 0.014648 -0.211914 0.208008
v -0.051758 -0.325195 0.143555
v -0.049805 -0.211914 0.235352
v 0.055664 -0.211914 0.241211
v 0.045898 -0.075195 0.247070
v 0.053711 -0.211914 0.297852
v 0.047852 -0.161133 0.213867
v 0.049805 -0.170898 0.211914
v 0.040039 -0.165039 0.202148
v 0.040039 -0.165039 0.202148
v 0.049805 -0.170898 0.211914
v 0.036133 -0.182617 0.229492
v 0.041992 -0.157227 0.208008
v 0.047852 -0.161133 0.213867
v 0.040039 -0.165039 0.202148
v 0.034180 -0.145508 0.198242
v 0.041992 -0.157227 0.208008
v 0.040039 -0.165039 0.202148
v 0.020508 -0.166992 0.215820
v 0.034180 -0.145508 0.198242
v 0.040039 -0.165039 0.202148
v 0.036133 -0.182617 0.229492
v 0.020508 -0.166992 0.215820
v 0.040039 -0.165039 0.202148
v 0.041992 -0.155273 0.219727
v 0.059570 -0.137695 0.202148
v 0.047852 -0.161133 0.209961
v 0.059570 -0.163086 0.221680
v 0.047852 -0.161133 0.213867
v 0.055664 -0.157227 0.217773
v 0.055664 -0.157227 0.217773
v 0.047852 -0.161133 0.213867
v 0.047852 -0.149414 0.227539
v 0.055664 -0.157227 0.217773
v 0.047852 -0.149414 0.227539
v 0.047852 -0.139648 0.231445
v 0.047852 -0.139648 0.231445
v 0.059570 -0.139648 0.223633
v 0.055664 -0.157227 0.217773
v 0.049805 -0.170898 0.211914
v 0.047852 -0.161133 0.213867
v 0.059570 -0.163086 0.221680
v 0.049805 -0.170898 0.211914
v 0.059570 -0.163086 0.221680
v 0.036133 -0.182617 0.229492
v 0.047852 -0.161133 0.213867
v 0.041992 -0.157227 0.208008
v 0.041992 -0.155273 0.219727
v 0.041992 -0.155273 0.219727
v 0.047852 -0.149414 0.227539
v 0.047852 -0.161133 0.213867
v 0.041992 -0.157227 0.208008
v 0.034180 -0.145508 0.198242
v 0.040039 -0.143555 0.204102
v 0.041992 -0.157227 0.208008
v 0.040039 -0.143555 0.204102
v 0.036133 -0.151367 0.215820
v 0.041992 -0.157227 0.208008
v 0.036133 -0.151367 0.215820
v 0.041992 -0.155273 0.219727
v 0.041992 -0.155273 0.219727
v 0.053711 -0.155273 0.217773
v 0.059570 -0.137695 0.202148
v 0.043945 -0.122070 0.208008
v 0.040039 -0.143555 0.204102
v 0.034180 -0.145508 0.198242
v 0.034180 -0.145508 0.198242
v 0.020508 -0.166992 0.215820
v 0.022461 -0.129883 0.219727
v 0.034180 -0.145508 0.198242
v 0.022461 -0.129883 0.219727
v 0.038086 -0.120117 0.202148
v 0.034180 -0.145508 0.198242
v 0.038086 -0.120117 0.202148
v 0.043945 -0.122070 0.208008
v 0.034180 -0.141602 0.215820
v 0.036133 -0.151367 0.215820
v 0.040039 -0.143555 0.204102
v 0.043945 -0.122070 0.208008
v 0.034180 -0.141602 0.215820
v 0.040039 -0.143555 0.204102
v 0.036133 -0.151367 0.215820
v 0.034180 -0.141602 0.215820
v 0.041992 -0.155273 0.219727
v 0.047852 -0.139648 0.231445
v 0.047852 -0.149414 0.227539
v 0.034180 -0.141602 0.215820
v 0.034180 -0.141602 0.215820
v 0.047852 -0.149414 0.227539
v 0.041992 -0.155273 0.219727
v 0.040039 -0.127930 0.225586
v 0.047852 -0.139648 0.231445
v 0.034180 -0.141602 0.215820
v 0.036133 -0.129883 0.219727
v 0.040039 -0.127930 0.225586
v 0.034180 -0.141602 0.215820
v 0.043945 -0.122070 0.208008
v 0.036133 -0.129883 0.219727
v 0.034180 -0.141602 0.215820
v 0.049805 -0.163086 0.243164
v 0.036133 -0.182617 0.229492
v 0.059570 -0.163086 0.221680
v 0.059570 -0.139648 0.223633
v 0.047852 -0.139648 0.231445
v 0.043945 -0.131836 0.231445
v 0.059570 -0.139648 0.223633
v 0.043945 -0.131836 0.231445
v 0.057617 -0.122070 0.223633
v 0.059570 -0.139648 0.223633
v 0.057617 -0.122070 0.223633
v 0.061523 -0.120117 0.227539
v 0.047852 -0.139648 0.231445
v 0.040039 -0.127930 0.225586
v 0.043945 -0.131836 0.231445
v 0.040039 -0.127930 0.225586
v 0.036133 -0.129883 0.219727
v 0.043945 -0.122070 0.208008
v 0.051758 -0.114258 0.211914
v 0.043945 -0.131836 0.231445
v 0.040039 -0.127930 0.225586
v 0.043945 -0.122070 0.208008
v 0.051758 -0.114258 0.211914
v 0.040039 -0.127930 0.225586
v 0.043945 -0.131836 0.231445
v 0.051758 -0.114258 0.211914
v 0.057617 -0.122070 0.223633
v 0.061523 -0.120117 0.227539
v 0.051758 -0.106445 0.211914
v 0.045898 -0.125977 0.243164
v 0.045898 -0.125977 0.243164
v 0.051758 -0.106445 0.211914
v 0.036133 -0.112305 0.229492
v 0.036133 -0.112305 0.229492
v 0.038086 -0.120117 0.202148
v 0.022461 -0.129883 0.219727
v 0.063477 0.002930 0.161133
v 0.006836 -0.038086 0.217773
v 0.006836 -0.061523 0.127930
v 0.006836 -0.061523 0.127930
v 0.006836 -0.038086 0.217773
v -0.102539 -0.061523 0.141602
v 0.006836 -0.061523 0.127930
v 0.047852 0.026367 0.114258
v 0.063477 0.002930 0.161133
v -0.022461 -0.000977 0.059570
v 0.047852 0.026367 0.114258
v 0.006836 -0.061523 0.127930
v -0.102539 -0.061523 0.141602
v -0.022461 -0.000977 0.059570
v 0.006836 -0.061523 0.127930
v 0.075195 -0.014648 0.215820
v 0.166992 -0.006836 0.284180
v 0.079102 0.002930 0.305664
v 0.063477 0.086914 0.135742
v 0.145508 0.083008 0.124023
v 0.075195 -0.014648 0.215820
v 0.030273 0.045898 0.219727
v 0.063477 0.086914 0.135742
v 0.075195 -0.014648 0.215820
v 0.079102 0.002930 0.305664
v 0.030273 0.045898 0.219727
v 0.075195 -0.014648 0.215820
v 0.051758 -0.106445 0.211914
v 0.051758 -0.114258 0.211914
v 0.038086 -0.120117 0.202148
v 0.038086 -0.120117 0.202148
v 0.051758 -0.114258 0.211914
v 0.043945 -0.122070 0.208008
v 0.036133 -0.112305 0.229492
v 0.051758 -0.106445 0.211914
v 0.038086 -0.120117 0.202148
v 0.051758 -0.114258 0.211914
v 0.051758 -0.106445 0.211914
v 0.061523 -0.120117 0.227539
v 0.061523 -0.120117 0.227539
v 0.057617 -0.122070 0.223633
v 0.051758 -0.114258 0.211914
v 0.045898 -0.075195 0.247070
v 0.006836 -0.079102 0.219727
v 0.040039 0.069336 0.249023
v 0.043945 -0.077148 0.286133
v 0.053711 -0.211914 0.297852
v 0.045898 -0.075195 0.247070
v 0.038086 0.069336 0.290039
v 0.043945 -0.077148 0.286133
v 0.045898 -0.075195 0.247070
v 0.045898 -0.075195 0.247070
v 0.040039 0.069336 0.249023
v 0.038086 0.069336 0.290039
v -0.020508 -0.067383 0.192383
v 0.006836 -0.079102 0.219727
v 0.006836 -0.108398 0.219727
v 0.006836 -0.108398 0.219727
v -0.020508 -0.125977 0.227539
v -0.030273 -0.081055 0.184570
v 0.006836 -0.108398 0.219727
v -0.030273 -0.081055 0.184570
v -0.020508 -0.067383 0.192383
v 0.006836 0.069336 0.223633
v 0.040039 0.069336 0.249023
v 0.006836 -0.079102 0.219727
v -0.020508 -0.063477 0.225586
v 0.006836 0.069336 0.223633
v 0.006836 -0.079102 0.219727
v 0.006836 -0.079102 0.219727
v -0.049805 -0.211914 0.235352
v -0.038086 -0.077148 0.245117
v 0.006836 -0.079102 0.219727
v -0.020508 -0.067383 0.192383
v -0.030273 -0.055664 0.206055
v -0.038086 -0.077148 0.245117
v -0.020508 -0.063477 0.225586
v 0.006836 -0.079102 0.219727
v -0.030273 -0.055664 0.206055
v -0.020508 -0.063477 0.225586
v 0.006836 -0.079102 0.219727
v 0.006836 -0.038086 0.217773
v 0.063477 0.002930 0.161133
v 0.030273 0.045898 0.219727
v 0.006836 -0.038086 0.217773
v 0.030273 0.045898 0.219727
v -0.032227 0.041992 0.252930
v -0.086914 -0.038086 0.227539
v -0.102539 -0.061523 0.141602
v 0.006836 -0.038086 0.217773
v -0.084961 0.002930 0.247070
v -0.086914 -0.038086 0.227539
v 0.006836 -0.038086 0.217773
v -0.032227 0.041992 0.252930
v -0.084961 0.002930 0.247070
v 0.006836 -0.038086 0.217773
v 0.411133 -0.346680 0.282227
v 0.411133 -0.325195 0.282227
v 0.317383 -0.325195 0.381836
v 0.317383 -0.325195 0.381836
v 0.317383 -0.346680 0.381836
v 0.411133 -0.346680 0.282227
v 0.366211 -0.315430 0.266602
v 0.362305 -0.307617 0.258789
v 0.362305 -0.301758 0.272461
v 0.309570 -0.313477 0.309570
v 0.309570 -0.311523 0.305664
v 0.303711 -0.309570 0.309570
v 0.309570 -0.313477 0.309570
v 0.303711 -0.309570 0.309570
v 0.307617 -0.313477 0.315430
v 0.290039 -0.340820 0.297852
v 0.252930 -0.317383 0.305664
v 0.223633 -0.319336 0.344727
v 0.252930 -0.317383 0.305664
v 0.243164 -0.313477 0.254883
v 0.211914 -0.319336 0.311523
v 0.252930 -0.317383 0.305664
v 0.211914 -0.319336 0.311523
v 0.211914 -0.342773 0.317383
v 0.252930 -0.317383 0.305664
v 0.211914 -0.342773 0.317383
v 0.223633 -0.319336 0.344727
v 0.297852 -0.291992 0.260742
v 0.309570 -0.293945 0.260742
v 0.305664 -0.290039 0.252930
v 0.309570 -0.293945 0.260742
v 0.297852 -0.291992 0.260742
v 0.305664 -0.295898 0.270508
v 0.297852 -0.291992 0.260742
v 0.295898 -0.291992 0.260742
v 0.295898 -0.291992 0.262695
v 0.297852 -0.291992 0.260742
v 0.295898 -0.291992 0.262695
v 0.305664 -0.295898 0.270508
v 0.284180 -0.290039 0.260742
v 0.295898 -0.291992 0.260742
v 0.288086 -0.288086 0.252930
v 0.284180 -0.290039 0.260742
v 0.295898 -0.291992 0.262695
v 0.295898 -0.291992 0.260742
v 0.295898 -0.291992 0.262695
v 0.284180 -0.290039 0.260742
v 0.288086 -0.293945 0.270508
v 0.295898 -0.295898 0.272461
v 0.305664 -0.295898 0.270508
v 0.295898 -0.291992 0.262695
v 0.288086 -0.293945 0.270508
v 0.295898 -0.295898 0.272461
v 0.295898 -0.291992 0.262695
v 0.297852 -0.297852 0.274414
v 0.290039 -0.293945 0.268555
v 0.286133 -0.293945 0.280273
v 0.297852 -0.297852 0.274414
v 0.286133 -0.293945 0.280273
v 0.295898 -0.297852 0.284180
v 0.280273 -0.290039 0.268555
v 0.286133 -0.293945 0.280273
v 0.290039 -0.293945 0.268555
v 0.286133 -0.293945 0.280273
v 0.280273 -0.290039 0.268555
v 0.274414 -0.290039 0.274414
v 0.286133 -0.293945 0.280273
v 0.274414 -0.290039 0.274414
v 0.272461 -0.291992 0.284180
v 0.290039 -0.297852 0.291992
v 0.295898 -0.297852 0.284180
v 0.286133 -0.293945 0.280273
v 0.280273 -0.293945 0.291992
v 0.290039 -0.297852 0.291992
v 0.286133 -0.293945 0.280273
v 0.286133 -0.293945 0.280273
v 0.272461 -0.291992 0.284180
v 0.280273 -0.293945 0.291992
v 0.268555 -0.270508 0.301758
v 0.278320 -0.290039 0.288086
v 0.264648 -0.284180 0.280273
v 0.249023 -0.276367 0.286133
v 0.268555 -0.270508 0.301758
v 0.264648 -0.284180 0.280273
v 0.301758 -0.307617 0.290039
v 0.291992 -0.305664 0.295898
v 0.299805 -0.311523 0.299805
v 0.293945 -0.309570 0.305664
v 0.299805 -0.311523 0.299805
v 0.291992 -0.305664 0.295898
v 0.291992 -0.305664 0.295898
v 0.286133 -0.301758 0.299805
v 0.293945 -0.309570 0.305664
v 0.305664 -0.307617 0.301758
v 0.299805 -0.303711 0.303711
v 0.303711 -0.307617 0.309570
v 0.303711 -0.309570 0.309570
v 0.309570 -0.311523 0.305664
v 0.305664 -0.307617 0.301758
v 0.303711 -0.307617 0.309570
v 0.303711 -0.309570 0.309570
v 0.305664 -0.307617 0.301758
v 0.303711 -0.309570 0.309570
v 0.303711 -0.307617 0.309570
v 0.297852 -0.303711 0.309570
v 0.303711 -0.309570 0.309570
v 0.297852 -0.303711 0.309570
v 0.297852 -0.307617 0.315430
v 0.301758 -0.311523 0.317383
v 0.307617 -0.313477 0.315430
v 0.303711 -0.309570 0.309570
v 0.303711 -0.309570 0.309570
v 0.297852 -0.307617 0.315430
v 0.301758 -0.311523 0.317383
v 0.284180 -0.291992 0.305664
v 0.278320 -0.290039 0.288086
v 0.268555 -0.270508 0.301758
v 0.284180 -0.291992 0.305664
v 0.268555 -0.270508 0.301758
v 0.278320 -0.288086 0.321289
v 0.274414 -0.276367 0.295898
v 0.268555 -0.272461 0.291992
v 0.268555 -0.270508 0.301758
v 0.268555 -0.270508 0.301758
v 0.276367 -0.276367 0.303711
v 0.274414 -0.276367 0.295898
v 0.268555 -0.272461 0.291992
v 0.262695 -0.268555 0.295898
v 0.268555 -0.270508 0.301758
v 0.258789 -0.266602 0.301758
v 0.268555 -0.270508 0.301758
v 0.262695 -0.268555 0.295898
v 0.276367 -0.276367 0.303711
v 0.268555 -0.270508 0.301758
v 0.274414 -0.274414 0.309570
v 0.268555 -0.270508 0.311523
v 0.274414 -0.274414 0.309570
v 0.268555 -0.270508 0.301758
v 0.262695 -0.268555 0.309570
v 0.268555 -0.270508 0.311523
v 0.268555 -0.270508 0.301758
v 0.268555 -0.270508 0.301758
v 0.258789 -0.266602 0.301758
v 0.262695 -0.268555 0.309570
v 0.264648 -0.280273 0.325195
v 0.278320 -0.288086 0.321289
v 0.268555 -0.270508 0.301758
v 0.249023 -0.272461 0.319336
v 0.264648 -0.280273 0.325195
v 0.268555 -0.270508 0.301758
v 0.268555 -0.270508 0.301758
v 0.249023 -0.276367 0.286133
v 0.243164 -0.272461 0.301758
v 0.268555 -0.270508 0.301758
v 0.243164 -0.272461 0.301758
v 0.249023 -0.272461 0.319336
v 0.284180 -0.311523 0.340820
v 0.291992 -0.305664 0.329102
v 0.282227 -0.307617 0.327148
v 0.274414 -0.307617 0.344727
v 0.284180 -0.311523 0.340820
v 0.282227 -0.307617 0.327148
v 0.282227 -0.307617 0.327148
v 0.276367 -0.299805 0.333008
v 0.274414 -0.307617 0.344727
v 0.284180 -0.299805 0.329102
v 0.278320 -0.293945 0.321289
v 0.276367 -0.299805 0.333008
v 0.278320 -0.293945 0.321289
v 0.270508 -0.290039 0.323242
v 0.276367 -0.299805 0.333008
v 0.266602 -0.291992 0.333008
v 0.276367 -0.299805 0.333008
v 0.270508 -0.290039 0.323242
v 0.250977 -0.278320 0.344727
v 0.262695 -0.303711 0.344727
v 0.256836 -0.299805 0.327148
v 0.245117 -0.288086 0.321289
v 0.250977 -0.278320 0.344727
v 0.256836 -0.299805 0.327148
v 0.262695 -0.291992 0.331055
v 0.264648 -0.301758 0.340820
v 0.276367 -0.299805 0.333008
v 0.276367 -0.299805 0.333008
v 0.264648 -0.301758 0.340820
v 0.274414 -0.307617 0.344727
v 0.256836 -0.284180 0.336914
v 0.250977 -0.280273 0.334961
v 0.250977 -0.278320 0.344727
v 0.250977 -0.278320 0.344727
v 0.258789 -0.286133 0.344727
v 0.256836 -0.284180 0.336914
v 0.245117 -0.274414 0.336914
v 0.250977 -0.278320 0.344727
v 0.250977 -0.280273 0.334961
v 0.250977 -0.278320 0.344727
v 0.256836 -0.299805 0.360352
v 0.262695 -0.303711 0.344727
v 0.250977 -0.278320 0.344727
v 0.256836 -0.284180 0.350586
v 0.258789 -0.286133 0.344727
v 0.256836 -0.284180 0.350586
v 0.250977 -0.278320 0.344727
v 0.250977 -0.280273 0.354492
v 0.256836 -0.299805 0.360352
v 0.250977 -0.278320 0.344727
v 0.245117 -0.288086 0.368164
v 0.245117 -0.274414 0.350586
v 0.250977 -0.280273 0.354492
v 0.250977 -0.278320 0.344727
v 0.250977 -0.278320 0.344727
v 0.245117 -0.288086 0.321289
v 0.231445 -0.278320 0.329102
v 0.250977 -0.278320 0.344727
v 0.245117 -0.274414 0.336914
v 0.243164 -0.272461 0.344727
v 0.250977 -0.278320 0.344727
v 0.231445 -0.278320 0.329102
v 0.227539 -0.274414 0.344727
v 0.233398 -0.278320 0.360352
v 0.245117 -0.288086 0.368164
v 0.250977 -0.278320 0.344727
v 0.243164 -0.272461 0.344727
v 0.245117 -0.274414 0.350586
v 0.250977 -0.278320 0.344727
v 0.250977 -0.278320 0.344727
v 0.227539 -0.274414 0.344727
v 0.233398 -0.278320 0.360352
v 0.317383 -0.346680 0.381836
v 0.317383 -0.325195 0.381836
v 0.172852 -0.325195 0.446289
v 0.172852 -0.325195 0.446289
v 0.172852 -0.346680 0.446289
v 0.317383 -0.346680 0.381836
v 0.211914 -0.319336 0.311523
v 0.176758 -0.331055 0.284180
v 0.211914 -0.342773 0.317383
v 0.211914 -0.252930 0.313477
v 0.233398 -0.262695 0.311523
v 0.227539 -0.262695 0.297852
v 0.227539 -0.262695 0.297852
v 0.211914 -0.262695 0.291992
v 0.211914 -0.252930 0.313477
v 0.211914 -0.252930 0.313477
v 0.227539 -0.264648 0.327148
v 0.233398 -0.262695 0.311523
v 0.219727 -0.252930 0.307617
v 0.211914 -0.252930 0.303711
v 0.211914 -0.252930 0.313477
v 0.211914 -0.252930 0.313477
v 0.221680 -0.252930 0.313477
v 0.219727 -0.252930 0.307617
v 0.211914 -0.262695 0.291992
v 0.198242 -0.262695 0.297852
v 0.211914 -0.252930 0.313477
v 0.198242 -0.252930 0.288086
v 0.184570 -0.250977 0.268555
v 0.163086 -0.250977 0.276367
v 0.198242 -0.252930 0.288086
v 0.163086 -0.250977 0.276367
v 0.163086 -0.252930 0.299805
v 0.163086 -0.252930 0.299805
v 0.184570 -0.254883 0.305664
v 0.198242 -0.252930 0.288086
v 0.211914 -0.252930 0.303711
v 0.206055 -0.252930 0.307617
v 0.211914 -0.252930 0.313477
v 0.204102 -0.252930 0.313477
v 0.211914 -0.252930 0.313477
v 0.206055 -0.252930 0.307617
v 0.198242 -0.262695 0.297852
v 0.192383 -0.262695 0.311523
v 0.211914 -0.252930 0.313477
v 0.198242 -0.264648 0.327148
v 0.211914 -0.252930 0.313477
v 0.192383 -0.262695 0.311523
v 0.190430 -0.327148 0.368164
v 0.211914 -0.342773 0.317383
v 0.176758 -0.331055 0.284180
v 0.211914 -0.252930 0.313477
v 0.219727 -0.252930 0.319336
v 0.221680 -0.252930 0.313477
v 0.219727 -0.252930 0.319336
v 0.211914 -0.252930 0.313477
v 0.211914 -0.252930 0.321289
v 0.227539 -0.264648 0.327148
v 0.211914 -0.252930 0.313477
v 0.211914 -0.264648 0.333008
v 0.211914 -0.252930 0.313477
v 0.204102 -0.252930 0.313477
v 0.206055 -0.252930 0.319336
v 0.211914 -0.252930 0.313477
v 0.206055 -0.252930 0.319336
v 0.211914 -0.252930 0.321289
v 0.211914 -0.252930 0.313477
v 0.198242 -0.264648 0.327148
v 0.211914 -0.264648 0.333008
v 0.209961 -0.297852 0.352539
v 0.196289 -0.291992 0.346680
v 0.198242 -0.282227 0.368164
v 0.198242 -0.282227 0.368164
v 0.215820 -0.299805 0.368164
v 0.209961 -0.297852 0.352539
v 0.182617 -0.288086 0.352539
v 0.198242 -0.282227 0.368164
v 0.196289 -0.291992 0.346680
v 0.198242 -0.282227 0.368164
v 0.204102 -0.284180 0.360352
v 0.198242 -0.282227 0.358398
v 0.192383 -0.280273 0.360352
v 0.198242 -0.282227 0.368164
v 0.198242 -0.282227 0.358398
v 0.215820 -0.299805 0.368164
v 0.198242 -0.282227 0.368164
v 0.209961 -0.297852 0.381836
v 0.198242 -0.282227 0.368164
v 0.206055 -0.286133 0.368164
v 0.204102 -0.284180 0.360352
v 0.198242 -0.282227 0.368164
v 0.204102 -0.284180 0.374023
v 0.206055 -0.286133 0.368164
v 0.204102 -0.284180 0.374023
v 0.198242 -0.282227 0.368164
v 0.198242 -0.282227 0.375977
v 0.198242 -0.282227 0.368164
v 0.192383 -0.280273 0.360352
v 0.190430 -0.280273 0.368164
v 0.198242 -0.282227 0.368164
v 0.190430 -0.280273 0.368164
v 0.192383 -0.280273 0.374023
v 0.198242 -0.282227 0.368164
v 0.192383 -0.280273 0.374023
v 0.198242 -0.282227 0.375977
v 0.198242 -0.282227 0.368164
v 0.182617 -0.288086 0.352539
v 0.176758 -0.286133 0.368164
v 0.198242 -0.282227 0.368164
v 0.176758 -0.286133 0.368164
v 0.182617 -0.288086 0.381836
v 0.196289 -0.291992 0.387695
v 0.209961 -0.297852 0.381836
v 0.198242 -0.282227 0.368164
v 0.182617 -0.288086 0.381836
v 0.196289 -0.291992 0.387695
v 0.198242 -0.282227 0.368164
v 0.155273 -0.305664 0.368164
v 0.157227 -0.305664 0.374023
v 0.153320 -0.331055 0.366211
v 0.153320 -0.331055 0.366211
v 0.157227 -0.305664 0.374023
v 0.149414 -0.305664 0.374023
v 0.147461 -0.305664 0.368164
v 0.155273 -0.305664 0.368164
v 0.153320 -0.331055 0.366211
v 0.153320 -0.331055 0.366211
v 0.149414 -0.305664 0.374023
v 0.147461 -0.305664 0.368164
v 0.170898 -0.264648 0.333008
v 0.184570 -0.260742 0.331055
v 0.180664 -0.266602 0.340820
v 0.180664 -0.266602 0.340820
v 0.184570 -0.260742 0.331055
v 0.178711 -0.256836 0.344727
v 0.170898 -0.284180 0.348633
v 0.170898 -0.264648 0.333008
v 0.180664 -0.266602 0.340820
v 0.178711 -0.256836 0.344727
v 0.170898 -0.284180 0.348633
v 0.180664 -0.266602 0.340820
v 0.170898 -0.264648 0.333008
v 0.180664 -0.254883 0.331055
v 0.184570 -0.260742 0.331055
v 0.184570 -0.260742 0.331055
v 0.180664 -0.254883 0.331055
v 0.178711 -0.256836 0.344727
v 0.180664 -0.254883 0.331055
v 0.170898 -0.264648 0.333008
v 0.168945 -0.252930 0.338867
v 0.180664 -0.254883 0.331055
v 0.168945 -0.252930 0.338867
v 0.178711 -0.256836 0.344727
v 0.168945 -0.264648 0.344727
v 0.168945 -0.252930 0.338867
v 0.170898 -0.264648 0.333008
v 0.170898 -0.264648 0.333008
v 0.170898 -0.284180 0.348633
v 0.159180 -0.282227 0.348633
v 0.170898 -0.264648 0.333008
v 0.159180 -0.282227 0.348633
v 0.168945 -0.264648 0.344727
v 0.168945 -0.264648 0.344727
v 0.178711 -0.256836 0.344727
v 0.168945 -0.252930 0.338867
v 0.155273 -0.291992 0.366211
v 0.159180 -0.282227 0.348633
v 0.170898 -0.284180 0.348633
v 0.170898 -0.284180 0.348633
v 0.178711 -0.256836 0.344727
v 0.170898 -0.280273 0.358398
v 0.170898 -0.284180 0.348633
v 0.170898 -0.280273 0.358398
v 0.155273 -0.291992 0.366211
v 0.159180 -0.282227 0.348633
v 0.159180 -0.284180 0.360352
v 0.161133 -0.268555 0.354492
v 0.149414 -0.288086 0.366211
v 0.159180 -0.284180 0.360352
v 0.159180 -0.282227 0.348633
v 0.161133 -0.268555 0.354492
v 0.166992 -0.272461 0.348633
v 0.159180 -0.282227 0.348633
v 0.159180 -0.282227 0.348633
v 0.166992 -0.272461 0.348633
v 0.168945 -0.264648 0.344727
v 0.159180 -0.282227 0.348633
v 0.155273 -0.291992 0.366211
v 0.149414 -0.288086 0.366211
v 0.157227 -0.305664 0.374023
v 0.157227 -0.288086 0.372070
v 0.149414 -0.305664 0.374023
v 0.155273 -0.291992 0.366211
v 0.157227 -0.288086 0.372070
v 0.157227 -0.305664 0.374023
v 0.157227 -0.305664 0.374023
v 0.155273 -0.305664 0.368164
v 0.155273 -0.291992 0.366211
v 0.159180 -0.284180 0.360352
v 0.157227 -0.288086 0.372070
v 0.170898 -0.280273 0.358398
v 0.151367 -0.284180 0.370117
v 0.157227 -0.288086 0.372070
v 0.159180 -0.284180 0.360352
v 0.159180 -0.284180 0.360352
v 0.170898 -0.280273 0.358398
v 0.161133 -0.268555 0.354492
v 0.159180 -0.284180 0.360352
v 0.149414 -0.288086 0.366211
v 0.151367 -0.284180 0.370117
v 0.155273 -0.291992 0.366211
v 0.170898 -0.280273 0.358398
v 0.157227 -0.288086 0.372070
v 0.151367 -0.284180 0.370117
v 0.149414 -0.305664 0.374023
v 0.157227 -0.288086 0.372070
v 0.168945 -0.264648 0.344727
v 0.170898 -0.280273 0.358398
v 0.178711 -0.256836 0.344727
v 0.161133 -0.268555 0.354492
v 0.170898 -0.280273 0.358398
v 0.166992 -0.272461 0.348633
v 0.166992 -0.272461 0.348633
v 0.170898 -0.280273 0.358398
v 0.168945 -0.264648 0.344727
v 0.153320 -0.266602 0.377930
v 0.149414 -0.266602 0.372070
v 0.157227 -0.250977 0.370117
v 0.157227 -0.250977 0.370117
v 0.149414 -0.266602 0.372070
v 0.155273 -0.245117 0.375977
v 0.159180 -0.249023 0.372070
v 0.153320 -0.266602 0.377930
v 0.157227 -0.250977 0.370117
v 0.157227 -0.250977 0.370117
v 0.165039 -0.237305 0.372070
v 0.159180 -0.249023 0.372070
v 0.155273 -0.239258 0.374023
v 0.165039 -0.237305 0.372070
v 0.157227 -0.250977 0.370117
v 0.157227 -0.250977 0.370117
v 0.143555 -0.235352 0.360352
v 0.143555 -0.231445 0.364258
v 0.135742 -0.237305 0.362305
v 0.143555 -0.235352 0.360352
v 0.157227 -0.250977 0.370117
v 0.143555 -0.231445 0.364258
v 0.155273 -0.239258 0.374023
v 0.157227 -0.250977 0.370117
v 0.155273 -0.245117 0.375977
v 0.135742 -0.237305 0.362305
v 0.157227 -0.250977 0.370117
v 0.155273 -0.305664 0.368164
v 0.147461 -0.305664 0.368164
v 0.155273 -0.291992 0.366211
v 0.149414 -0.288086 0.366211
v 0.147461 -0.305664 0.368164
v 0.149414 -0.305664 0.374023
v 0.151367 -0.284180 0.370117
v 0.149414 -0.288086 0.366211
v 0.149414 -0.305664 0.374023
v 0.151367 -0.291992 0.381836
v 0.143555 -0.309570 0.381836
v 0.149414 -0.305664 0.374023
v 0.149414 -0.305664 0.374023
v 0.143555 -0.309570 0.381836
v 0.145508 -0.291992 0.375977
v 0.145508 -0.291992 0.375977
v 0.151367 -0.291992 0.381836
v 0.149414 -0.305664 0.374023
v 0.149414 -0.288086 0.366211
v 0.155273 -0.291992 0.366211
v 0.147461 -0.305664 0.368164
v 0.153320 -0.266602 0.377930
v 0.145508 -0.291992 0.375977
v 0.149414 -0.266602 0.372070
v 0.149414 -0.266602 0.372070
v 0.145508 -0.291992 0.375977
v 0.147461 -0.264648 0.381836
v 0.149414 -0.266602 0.372070
v 0.147461 -0.264648 0.381836
v 0.155273 -0.245117 0.375977
v 0.114258 -0.258789 0.346680
v 0.127930 -0.270508 0.370117
v 0.127930 -0.274414 0.364258
v 0.127930 -0.274414 0.364258
v 0.127930 -0.270508 0.370117
v 0.145508 -0.286133 0.379883
v 0.122070 -0.276367 0.366211
v 0.114258 -0.258789 0.346680
v 0.127930 -0.274414 0.364258
v 0.143555 -0.295898 0.381836
v 0.122070 -0.276367 0.366211
v 0.127930 -0.274414 0.364258
v 0.145508 -0.286133 0.379883
v 0.143555 -0.295898 0.381836
v 0.127930 -0.274414 0.364258
v 0.127930 -0.270508 0.370117
v 0.114258 -0.258789 0.346680
v 0.114258 -0.260742 0.358398
v 0.127930 -0.270508 0.370117
v 0.114258 -0.260742 0.358398
v 0.122070 -0.274414 0.372070
v 0.127930 -0.270508 0.370117
v 0.122070 -0.274414 0.372070
v 0.139648 -0.284180 0.387695
v 0.139648 -0.284180 0.387695
v 0.145508 -0.286133 0.379883
v 0.127930 -0.270508 0.370117
v 0.092773 -0.325195 0.344727
v 0.053711 -0.211914 0.297852
v -0.034180 -0.325195 0.385742
v 0.116211 -0.247070 0.356445
v 0.114258 -0.260742 0.358398
v 0.114258 -0.258789 0.346680
v 0.122070 -0.276367 0.366211
v 0.102539 -0.256836 0.350586
v 0.114258 -0.258789 0.346680
v 0.114258 -0.258789 0.346680
v 0.102539 -0.256836 0.350586
v 0.100586 -0.229492 0.342773
v 0.100586 -0.229492 0.342773
v 0.102539 -0.223633 0.333008
v 0.114258 -0.258789 0.346680
v 0.114258 -0.258789 0.346680
v 0.102539 -0.223633 0.333008
v 0.106445 -0.247070 0.350586
v 0.106445 -0.247070 0.350586
v 0.116211 -0.247070 0.356445
v 0.114258 -0.258789 0.346680
v 0.104492 -0.254883 0.360352
v 0.122070 -0.274414 0.372070
v 0.114258 -0.260742 0.358398
v 0.116211 -0.247070 0.356445
v 0.104492 -0.254883 0.360352
v 0.114258 -0.260742 0.358398
v 0.102539 -0.256836 0.350586
v 0.122070 -0.276367 0.366211
v 0.104492 -0.254883 0.360352
v 0.102539 -0.256836 0.350586
v 0.104492 -0.254883 0.360352
v 0.100586 -0.229492 0.342773
v 0.122070 -0.276367 0.366211
v 0.122070 -0.274414 0.372070
v 0.104492 -0.254883 0.360352
v 0.137695 -0.293945 0.387695
v 0.122070 -0.274414 0.372070
v 0.122070 -0.276367 0.366211
v 0.122070 -0.276367 0.366211
v 0.143555 -0.295898 0.381836
v 0.137695 -0.293945 0.387695
v 0.122070 -0.274414 0.372070
v 0.137695 -0.293945 0.387695
v 0.139648 -0.284180 0.387695
v 0.092773 -0.221680 0.346680
v 0.100586 -0.229492 0.342773
v 0.104492 -0.254883 0.360352
v 0.104492 -0.254883 0.360352
v 0.116211 -0.247070 0.356445
v 0.106445 -0.247070 0.350586
v 0.104492 -0.254883 0.360352
v 0.106445 -0.247070 0.350586
v 0.092773 -0.221680 0.346680
v 0.147461 -0.331055 0.387695
v 0.139648 -0.331055 0.391602
v 0.137695 -0.309570 0.383789
v 0.139648 -0.309570 0.389648
v 0.139648 -0.331055 0.391602
v 0.147461 -0.331055 0.387695
v 0.147461 -0.331055 0.387695
v 0.143555 -0.309570 0.381836
v 0.147461 -0.307617 0.389648
v 0.137695 -0.309570 0.383789
v 0.143555 -0.309570 0.381836
v 0.147461 -0.331055 0.387695
v 0.147461 -0.331055 0.387695
v 0.147461 -0.307617 0.389648
v 0.139648 -0.309570 0.389648
v 0.139648 -0.309570 0.389648
v 0.137695 -0.309570 0.383789
v 0.139648 -0.331055 0.391602
v 0.161133 -0.278320 0.399414
v 0.163086 -0.276367 0.393555
v 0.182617 -0.260742 0.403320
v 0.182617 -0.260742 0.403320
v 0.163086 -0.276367 0.393555
v 0.170898 -0.262695 0.405273
v 0.182617 -0.258789 0.415039
v 0.161133 -0.278320 0.399414
v 0.182617 -0.260742 0.403320
v 0.182617 -0.260742 0.403320
v 0.170898 -0.262695 0.405273
v 0.172852 -0.249023 0.403320
v 0.192383 -0.231445 0.415039
v 0.182617 -0.258789 0.415039
v 0.182617 -0.260742 0.403320
v 0.182617 -0.260742 0.403320
v 0.200195 -0.227539 0.409180
v 0.192383 -0.231445 0.415039
v 0.180664 -0.249023 0.409180
v 0.200195 -0.227539 0.409180
v 0.182617 -0.260742 0.403320
v 0.182617 -0.260742 0.403320
v 0.172852 -0.249023 0.403320
v 0.180664 -0.249023 0.409180
v 0.163086 -0.276367 0.393555
v 0.157227 -0.272461 0.395508
v 0.170898 -0.262695 0.405273
v 0.145508 -0.286133 0.379883
v 0.157227 -0.272461 0.395508
v 0.163086 -0.276367 0.393555
v 0.163086 -0.276367 0.393555
v 0.161133 -0.278320 0.399414
v 0.143555 -0.295898 0.381836
v 0.163086 -0.276367 0.393555
v 0.143555 -0.295898 0.381836
v 0.145508 -0.286133 0.379883
v 0.172852 -0.256836 0.415039
v 0.170898 -0.262695 0.405273
v 0.157227 -0.272461 0.395508
v 0.157227 -0.272461 0.395508
v 0.145508 -0.286133 0.379883
v 0.139648 -0.284180 0.387695
v 0.157227 -0.272461 0.395508
v 0.139648 -0.284180 0.387695
v 0.155273 -0.274414 0.401367
v 0.157227 -0.272461 0.395508
v 0.155273 -0.274414 0.401367
v 0.172852 -0.256836 0.415039
v 0.137695 -0.293945 0.387695
v 0.143555 -0.295898 0.381836
v 0.161133 -0.278320 0.399414
v 0.155273 -0.274414 0.401367
v 0.137695 -0.293945 0.387695
v 0.161133 -0.278320 0.399414
v 0.172852 -0.256836 0.415039
v 0.155273 -0.274414 0.401367
v 0.161133 -0.278320 0.399414
v 0.161133 -0.278320 0.399414
v 0.182617 -0.258789 0.415039
v 0.172852 -0.256836 0.415039
v 0.170898 -0.262695 0.405273
v 0.172852 -0.256836 0.415039
v 0.172852 -0.249023 0.403320
v 0.141602 -0.284180 0.403320
v 0.147461 -0.307617 0.389648
v 0.143555 -0.309570 0.381836
v 0.143555 -0.309570 0.381836
v 0.151367 -0.291992 0.381836
v 0.147461 -0.264648 0.381836
v 0.147461 -0.264648 0.381836
v 0.145508 -0.291992 0.375977
v 0.143555 -0.309570 0.381836
v 0.143555 -0.309570 0.381836
v 0.137695 -0.309570 0.383789
v 0.135742 -0.280273 0.397461
v 0.141602 -0.274414 0.401367
v 0.141602 -0.284180 0.403320
v 0.143555 -0.309570 0.381836
v 0.135742 -0.280273 0.397461
v 0.141602 -0.274414 0.401367
v 0.143555 -0.309570 0.381836
v 0.141602 -0.284180 0.403320
v 0.139648 -0.309570 0.389648
v 0.147461 -0.307617 0.389648
v 0.151367 -0.291992 0.381836
v 0.145508 -0.291992 0.375977
v 0.153320 -0.266602 0.377930
v 0.151367 -0.291992 0.381836
v 0.153320 -0.266602 0.377930
v 0.147461 -0.264648 0.381836
v 0.137695 -0.309570 0.383789
v 0.139648 -0.309570 0.389648
v 0.135742 -0.280273 0.397461
v 0.139648 -0.309570 0.389648
v 0.141602 -0.284180 0.403320
v 0.135742 -0.282227 0.405273
v 0.139648 -0.309570 0.389648
v 0.135742 -0.282227 0.405273
v 0.135742 -0.280273 0.397461
v 0.155273 -0.274414 0.401367
v 0.139648 -0.284180 0.387695
v 0.137695 -0.293945 0.387695
v 0.141602 -0.266602 0.420898
v 0.135742 -0.282227 0.405273
v 0.141602 -0.284180 0.403320
v 0.141602 -0.284180 0.403320
v 0.141602 -0.274414 0.401367
v 0.141602 -0.266602 0.420898
v 0.129883 -0.258789 0.413086
v 0.135742 -0.280273 0.397461
v 0.135742 -0.282227 0.405273
v 0.135742 -0.282227 0.405273
v 0.141602 -0.266602 0.420898
v 0.131836 -0.260742 0.422852
v 0.131836 -0.260742 0.422852
v 0.129883 -0.258789 0.413086
v 0.135742 -0.282227 0.405273
v 0.155273 -0.245117 0.375977
v 0.147461 -0.264648 0.381836
v 0.153320 -0.266602 0.377930
v 0.153320 -0.266602 0.377930
v 0.159180 -0.249023 0.372070
v 0.155273 -0.245117 0.375977
v 0.141602 -0.274414 0.401367
v 0.135742 -0.280273 0.397461
v 0.129883 -0.258789 0.413086
v 0.137695 -0.268555 0.411133
v 0.141602 -0.266602 0.420898
v 0.141602 -0.274414 0.401367
v 0.129883 -0.258789 0.413086
v 0.137695 -0.268555 0.411133
v 0.141602 -0.274414 0.401367
v 0.192383 -0.231445 0.415039
v 0.172852 -0.256836 0.415039
v 0.182617 -0.258789 0.415039
v 0.172852 -0.256836 0.415039
v 0.192383 -0.231445 0.415039
v 0.190430 -0.223633 0.422852
v 0.172852 -0.256836 0.415039
v 0.190430 -0.223633 0.422852
v 0.180664 -0.249023 0.409180
v 0.180664 -0.249023 0.409180
v 0.172852 -0.249023 0.403320
v 0.172852 -0.256836 0.415039
v 0.137695 -0.268555 0.411133
v 0.145508 -0.254883 0.411133
v 0.141602 -0.266602 0.420898
v 0.141602 -0.266602 0.420898
v 0.145508 -0.254883 0.411133
v 0.139648 -0.252930 0.418945
v 0.141602 -0.266602 0.420898
v 0.139648 -0.252930 0.418945
v 0.147461 -0.239258 0.432617
v 0.139648 -0.241211 0.424805
v 0.131836 -0.260742 0.422852
v 0.141602 -0.266602 0.420898
v 0.141602 -0.266602 0.420898
v 0.147461 -0.239258 0.432617
v 0.139648 -0.241211 0.424805
v 0.145508 -0.254883 0.411133
v 0.137695 -0.268555 0.411133
v 0.129883 -0.258789 0.413086
v 0.145508 -0.254883 0.411133
v 0.129883 -0.258789 0.413086
v 0.139648 -0.252930 0.418945
v 0.139648 -0.231445 0.418945
v 0.139648 -0.252930 0.418945
v 0.129883 -0.258789 0.413086
v 0.129883 -0.258789 0.413086
v 0.131836 -0.260742 0.422852
v 0.139648 -0.241211 0.424805
v 0.139648 -0.241211 0.424805
v 0.139648 -0.231445 0.418945
v 0.129883 -0.258789 0.413086
v 0.139648 -0.231445 0.418945
v 0.143555 -0.243164 0.420898
v 0.139648 -0.252930 0.418945
v 0.139648 -0.252930 0.418945
v 0.143555 -0.243164 0.420898
v 0.147461 -0.239258 0.432617
v 0.172852 -0.346680 0.446289
v 0.172852 -0.325195 0.446289
v 0.002930 -0.325195 0.467773
v 0.002930 -0.325195 0.467773
v 0.002930 -0.346680 0.467773
v 0.172852 -0.346680 0.446289
v 0.002930 -0.346680 0.467773
v 0.002930 -0.325195 0.467773
v -0.166992 -0.346680 0.446289
v -0.166992 -0.325195 0.446289
v -0.166992 -0.346680 0.446289
v 0.002930 -0.325195 0.467773
v 0.137695 -0.198242 0.346680
v 0.129883 -0.192383 0.340820
v 0.135742 -0.192383 0.336914
v 0.135742 -0.192383 0.336914
v 0.129883 -0.192383 0.340820
v 0.133789 -0.182617 0.334961
v 0.135742 -0.192383 0.336914
v 0.143555 -0.200195 0.344727
v 0.137695 -0.198242 0.346680
v 0.143555 -0.186523 0.344727
v 0.143555 -0.200195 0.344727
v 0.135742 -0.192383 0.336914
v 0.135742 -0.192383 0.336914
v 0.133789 -0.182617 0.334961
v 0.143555 -0.186523 0.344727
v 0.129883 -0.192383 0.340820
v 0.137695 -0.198242 0.346680
v 0.131836 -0.188477 0.352539
v 0.129883 -0.192383 0.340820
v 0.131836 -0.188477 0.352539
v 0.133789 -0.180664 0.338867
v 0.143555 -0.186523 0.344727
v 0.133789 -0.182617 0.334961
v 0.129883 -0.192383 0.340820
v 0.129883 -0.192383 0.340820
v 0.133789 -0.180664 0.338867
v 0.143555 -0.186523 0.344727
v 0.166992 -0.239258 0.377930
v 0.165039 -0.237305 0.372070
v 0.176758 -0.229492 0.372070
v 0.176758 -0.229492 0.372070
v 0.165039 -0.237305 0.372070
v 0.170898 -0.225586 0.375977
v 0.174805 -0.209961 0.372070
v 0.184570 -0.217773 0.366211
v 0.176758 -0.229492 0.372070
v 0.176758 -0.229492 0.372070
v 0.184570 -0.217773 0.366211
v 0.186523 -0.217773 0.375977
v 0.170898 -0.225586 0.375977
v 0.174805 -0.209961 0.372070
v 0.176758 -0.229492 0.372070
v 0.176758 -0.229492 0.372070
v 0.178711 -0.227539 0.379883
v 0.166992 -0.239258 0.377930
v 0.186523 -0.217773 0.375977
v 0.178711 -0.227539 0.379883
v 0.176758 -0.229492 0.372070
v 0.166992 -0.239258 0.377930
v 0.159180 -0.249023 0.372070
v 0.165039 -0.237305 0.372070
v 0.155273 -0.239258 0.374023
v 0.161133 -0.231445 0.374023
v 0.165039 -0.237305 0.372070
v 0.165039 -0.237305 0.372070
v 0.161133 -0.231445 0.374023
v 0.170898 -0.225586 0.375977
v 0.159180 -0.249023 0.372070
v 0.166992 -0.239258 0.377930
v 0.155273 -0.245117 0.375977
v 0.161133 -0.231445 0.374023
v 0.155273 -0.239258 0.374023
v 0.161133 -0.233398 0.379883
v 0.161133 -0.233398 0.379883
v 0.170898 -0.225586 0.375977
v 0.161133 -0.231445 0.374023
v 0.184570 -0.217773 0.366211
v 0.174805 -0.209961 0.372070
v 0.188477 -0.209961 0.375977
v 0.184570 -0.217773 0.366211
v 0.188477 -0.209961 0.375977
v 0.186523 -0.217773 0.375977
v 0.178711 -0.211914 0.377930
v 0.188477 -0.209961 0.375977
v 0.174805 -0.209961 0.372070
v 0.174805 -0.209961 0.372070
v 0.170898 -0.225586 0.375977
v 0.170898 -0.225586 0.381836
v 0.174805 -0.209961 0.372070
v 0.170898 -0.225586 0.381836
v 0.178711 -0.211914 0.377930
v 0.176758 -0.190430 0.370117
v 0.168945 -0.198242 0.372070
v 0.168945 -0.184570 0.374023
v 0.174805 -0.196289 0.377930
v 0.168945 -0.198242 0.372070
v 0.176758 -0.190430 0.370117
v 0.168945 -0.184570 0.374023
v 0.178711 -0.178711 0.374023
v 0.176758 -0.190430 0.370117
v 0.176758 -0.190430 0.370117
v 0.178711 -0.178711 0.374023
v 0.180664 -0.190430 0.377930
v 0.176758 -0.190430 0.370117
v 0.180664 -0.190430 0.377930
v 0.174805 -0.196289 0.377930
v 0.165039 -0.196289 0.375977
v 0.168945 -0.184570 0.374023
v 0.168945 -0.198242 0.372070
v 0.168945 -0.198242 0.372070
v 0.180664 -0.215820 0.375977
v 0.165039 -0.196289 0.375977
v 0.170898 -0.202148 0.379883
v 0.180664 -0.215820 0.375977
v 0.168945 -0.198242 0.372070
v 0.168945 -0.198242 0.372070
v 0.174805 -0.196289 0.377930
v 0.170898 -0.202148 0.379883
v 0.137695 -0.225586 0.350586
v 0.137695 -0.221680 0.358398
v 0.143555 -0.235352 0.360352
v 0.133789 -0.209961 0.346680
v 0.137695 -0.221680 0.358398
v 0.137695 -0.225586 0.350586
v 0.143555 -0.235352 0.360352
v 0.129883 -0.225586 0.352539
v 0.137695 -0.225586 0.350586
v 0.137695 -0.225586 0.350586
v 0.129883 -0.225586 0.352539
v 0.133789 -0.209961 0.346680
v 0.143555 -0.231445 0.364258
v 0.143555 -0.235352 0.360352
v 0.137695 -0.221680 0.358398
v 0.131836 -0.223633 0.362305
v 0.143555 -0.231445 0.364258
v 0.137695 -0.221680 0.358398
v 0.127930 -0.208008 0.358398
v 0.131836 -0.223633 0.362305
v 0.137695 -0.221680 0.358398
v 0.137695 -0.221680 0.358398
v 0.133789 -0.209961 0.346680
v 0.137695 -0.206055 0.352539
v 0.137695 -0.221680 0.358398
v 0.137695 -0.206055 0.352539
v 0.127930 -0.208008 0.358398
v 0.129883 -0.225586 0.352539
v 0.143555 -0.235352 0.360352
v 0.135742 -0.237305 0.362305
v 0.129883 -0.225586 0.352539
v 0.135742 -0.237305 0.362305
v 0.131836 -0.223633 0.362305
v 0.129883 -0.225586 0.352539
v 0.131836 -0.223633 0.362305
v 0.127930 -0.208008 0.358398
v 0.125977 -0.211914 0.350586
v 0.133789 -0.209961 0.346680
v 0.129883 -0.225586 0.352539
v 0.127930 -0.208008 0.358398
v 0.125977 -0.211914 0.350586
v 0.129883 -0.225586 0.352539
v 0.155273 -0.239258 0.374023
v 0.143555 -0.231445 0.364258
v 0.137695 -0.233398 0.368164
v 0.155273 -0.239258 0.374023
v 0.137695 -0.233398 0.368164
v 0.155273 -0.245117 0.375977
v 0.155273 -0.245117 0.375977
v 0.161133 -0.233398 0.379883
v 0.155273 -0.239258 0.374023
v 0.143555 -0.231445 0.364258
v 0.131836 -0.223633 0.362305
v 0.137695 -0.233398 0.368164
v 0.137695 -0.233398 0.368164
v 0.131836 -0.223633 0.362305
v 0.135742 -0.237305 0.362305
v 0.155273 -0.245117 0.375977
v 0.137695 -0.233398 0.368164
v 0.135742 -0.237305 0.362305
v 0.143555 -0.200195 0.344727
v 0.145508 -0.198242 0.350586
v 0.129883 -0.211914 0.352539
v 0.143555 -0.186523 0.344727
v 0.145508 -0.198242 0.350586
v 0.143555 -0.200195 0.344727
v 0.143555 -0.200195 0.344727
v 0.129883 -0.211914 0.352539
v 0.137695 -0.200195 0.346680
v 0.143555 -0.200195 0.344727
v 0.137695 -0.200195 0.346680
v 0.137695 -0.198242 0.346680
v 0.145508 -0.198242 0.350586
v 0.141602 -0.196289 0.354492
v 0.129883 -0.211914 0.352539
v 0.143555 -0.186523 0.344727
v 0.141602 -0.196289 0.354492
v 0.145508 -0.198242 0.350586
v 0.137695 -0.200195 0.346680
v 0.129883 -0.211914 0.352539
v 0.141602 -0.196289 0.354492
v 0.137695 -0.198242 0.346680
v 0.137695 -0.200195 0.346680
v 0.141602 -0.196289 0.354492
v 0.131836 -0.188477 0.352539
v 0.137695 -0.198242 0.346680
v 0.141602 -0.196289 0.354492
v 0.143555 -0.186523 0.344727
v 0.131836 -0.188477 0.352539
v 0.141602 -0.196289 0.354492
v 0.133789 -0.209961 0.346680
v 0.125977 -0.211914 0.350586
v 0.125977 -0.204102 0.346680
v 0.133789 -0.209961 0.346680
v 0.125977 -0.204102 0.346680
v 0.137695 -0.206055 0.352539
v 0.127930 -0.208008 0.358398
v 0.125977 -0.204102 0.346680
v 0.125977 -0.211914 0.350586
v 0.127930 -0.208008 0.358398
v 0.137695 -0.206055 0.352539
v 0.125977 -0.204102 0.346680
v 0.143555 -0.186523 0.344727
v 0.133789 -0.180664 0.338867
v 0.131836 -0.188477 0.352539
v 0.178711 -0.178711 0.374023
v 0.168945 -0.184570 0.374023
v 0.176758 -0.176758 0.375977
v 0.176758 -0.176758 0.375977
v 0.180664 -0.190430 0.377930
v 0.178711 -0.178711 0.374023
v 0.168945 -0.184570 0.374023
v 0.165039 -0.196289 0.375977
v 0.166992 -0.196289 0.381836
v 0.168945 -0.184570 0.374023
v 0.166992 -0.196289 0.381836
v 0.170898 -0.194336 0.379883
v 0.168945 -0.184570 0.374023
v 0.170898 -0.194336 0.379883
v 0.172852 -0.184570 0.381836
v 0.168945 -0.184570 0.374023
v 0.172852 -0.184570 0.381836
v 0.176758 -0.176758 0.375977
v 0.166992 -0.006836 0.284180
v 0.213867 0.063477 0.174805
v 0.221680 0.063477 0.286133
v 0.166992 -0.006836 0.284180
v 0.221680 0.063477 0.286133
v 0.122070 0.086914 0.352539
v 0.122070 0.086914 0.352539
v 0.079102 0.002930 0.305664
v 0.166992 -0.006836 0.284180
v 0.147461 -0.010742 0.356445
v 0.147461 -0.016602 0.346680
v 0.145508 -0.004883 0.342773
v 0.151367 0.002930 0.352539
v 0.147461 -0.010742 0.356445
v 0.145508 -0.004883 0.342773
v 0.096680 -0.081055 0.418945
v 0.081055 -0.065430 0.342773
v 0.133789 -0.030273 0.342773
v 0.133789 -0.030273 0.342773
v 0.081055 -0.065430 0.342773
v 0.055664 0.034180 0.305664
v 0.133789 -0.030273 0.342773
v 0.149414 -0.034180 0.415039
v 0.096680 -0.081055 0.418945
v 0.133789 0.053711 0.342773
v 0.149414 -0.034180 0.415039
v 0.133789 -0.030273 0.342773
v 0.055664 0.034180 0.305664
v 0.133789 0.053711 0.342773
v 0.133789 -0.030273 0.342773
v 0.155273 -0.014648 0.370117
v 0.147461 -0.010742 0.356445
v 0.159180 -0.004883 0.360352
v 0.159180 -0.004883 0.360352
v 0.147461 -0.010742 0.356445
v 0.151367 0.004883 0.360352
v 0.155273 -0.000977 0.375977
v 0.155273 -0.014648 0.370117
v 0.159180 -0.004883 0.360352
v 0.151367 0.004883 0.360352
v 0.155273 -0.000977 0.375977
v 0.159180 -0.004883 0.360352
v 0.149414 -0.022461 0.356445
v 0.147461 -0.010742 0.356445
v 0.155273 -0.014648 0.370117
v 0.155273 -0.014648 0.370117
v 0.153320 -0.024414 0.368164
v 0.149414 -0.022461 0.356445
v 0.147461 -0.010742 0.356445
v 0.155273 -0.014648 0.370117
v 0.137695 -0.002930 0.370117
v 0.147461 -0.010742 0.356445
v 0.137695 -0.002930 0.370117
v 0.151367 0.004883 0.360352
v 0.155273 -0.000977 0.375977
v 0.137695 -0.002930 0.370117
v 0.155273 -0.014648 0.370117
v 0.155273 -0.000977 0.375977
v 0.157227 -0.020508 0.379883
v 0.155273 -0.014648 0.370117
v 0.137695 -0.002930 0.370117
v 0.155273 -0.000977 0.375977
v 0.151367 0.004883 0.360352
v 0.053711 -0.211914 0.297852
v 0.043945 -0.077148 0.286133
v -0.000977 -0.077148 0.311523
v -0.008789 -0.211914 0.323242
v -0.034180 -0.325195 0.385742
v 0.053711 -0.211914 0.297852
v -0.000977 -0.077148 0.311523
v -0.008789 -0.211914 0.323242
v 0.053711 -0.211914 0.297852
v 0.102539 -0.223633 0.333008
v 0.100586 -0.229492 0.342773
v 0.088867 -0.217773 0.333008
v 0.088867 -0.217773 0.333008
v 0.096680 -0.209961 0.336914
v 0.102539 -0.223633 0.333008
v 0.102539 -0.223633 0.333008
v 0.096680 -0.209961 0.336914
v 0.108398 -0.217773 0.346680
v 0.104492 -0.227539 0.344727
v 0.106445 -0.247070 0.350586
v 0.102539 -0.223633 0.333008
v 0.108398 -0.217773 0.346680
v 0.104492 -0.227539 0.344727
v 0.102539 -0.223633 0.333008
v 0.092773 -0.221680 0.346680
v 0.088867 -0.217773 0.333008
v 0.100586 -0.229492 0.342773
v 0.096680 -0.209961 0.336914
v 0.088867 -0.217773 0.333008
v 0.092773 -0.221680 0.346680
v 0.092773 -0.221680 0.346680
v 0.108398 -0.217773 0.346680
v 0.096680 -0.209961 0.336914
v 0.106445 -0.247070 0.350586
v 0.104492 -0.227539 0.344727
v 0.092773 -0.221680 0.346680
v 0.104492 -0.227539 0.344727
v 0.108398 -0.217773 0.346680
v 0.092773 -0.221680 0.346680
v 0.045898 -0.106445 0.288086
v 0.043945 -0.077148 0.286133
v 0.063477 -0.075195 0.329102
v 0.053711 -0.086914 0.342773
v 0.024414 -0.124023 0.305664
v 0.045898 -0.106445 0.288086
v 0.045898 -0.106445 0.288086
v 0.063477 -0.075195 0.329102
v 0.053711 -0.086914 0.342773
v 0.043945 -0.077148 0.286133
v 0.026367 -0.061523 0.307617
v 0.053711 -0.059570 0.321289
v 0.038086 0.069336 0.290039
v 0.026367 -0.061523 0.307617
v 0.043945 -0.077148 0.286133
v 0.043945 -0.077148 0.286133
v 0.026367 -0.061523 0.307617
v -0.000977 -0.077148 0.311523
v 0.053711 -0.059570 0.321289
v 0.063477 -0.075195 0.329102
v 0.043945 -0.077148 0.286133
v 0.024414 -0.124023 0.305664
v 0.053711 -0.086914 0.342773
v 0.036133 -0.081055 0.348633
v 0.024414 -0.124023 0.305664
v 0.036133 -0.081055 0.348633
v -0.000977 -0.108398 0.313477
v 0.036133 -0.055664 0.325195
v 0.053711 -0.059570 0.321289
v 0.026367 -0.061523 0.307617
v -0.000977 -0.077148 0.311523
v 0.036133 -0.055664 0.325195
v 0.026367 -0.061523 0.307617
v 0.026367 -0.061523 0.307617
v 0.038086 0.069336 0.290039
v -0.000977 0.069336 0.307617
v -0.000977 0.069336 0.307617
v -0.000977 -0.077148 0.311523
v 0.026367 -0.061523 0.307617
v 0.096680 -0.081055 0.418945
v 0.006836 -0.059570 0.356445
v 0.081055 -0.065430 0.342773
v 0.081055 -0.065430 0.342773
v 0.006836 -0.059570 0.356445
v 0.055664 0.034180 0.305664
v 0.069336 -0.030273 0.352539
v 0.063477 -0.034180 0.366211
v 0.063477 -0.075195 0.329102
v 0.063477 -0.075195 0.329102
v 0.063477 -0.034180 0.366211
v 0.053711 -0.086914 0.342773
v 0.053711 -0.059570 0.321289
v 0.069336 -0.030273 0.352539
v 0.063477 -0.075195 0.329102
v 0.047852 -0.034180 0.368164
v 0.053711 -0.086914 0.342773
v 0.063477 -0.034180 0.366211
v 0.069336 -0.030273 0.352539
v 0.053711 -0.059570 0.321289
v 0.059570 -0.026367 0.342773
v 0.047852 -0.034180 0.368164
v 0.036133 -0.081055 0.348633
v 0.053711 -0.086914 0.342773
v 0.026367 -0.065430 0.338867
v 0.036133 -0.081055 0.348633
v 0.040039 -0.030273 0.356445
v -0.000977 -0.108398 0.313477
v 0.036133 -0.081055 0.348633
v 0.026367 -0.065430 0.338867
v 0.040039 -0.030273 0.356445
v 0.036133 -0.055664 0.325195
v 0.026367 -0.065430 0.338867
v 0.026367 -0.065430 0.338867
v 0.036133 -0.055664 0.325195
v -0.000977 -0.077148 0.311523
v 0.026367 -0.065430 0.338867
v -0.000977 -0.077148 0.311523
v -0.000977 -0.108398 0.313477
v 0.036133 -0.081055 0.348633
v 0.047852 -0.034180 0.368164
v 0.040039 -0.030273 0.356445
v 0.053711 -0.059570 0.321289
v 0.036133 -0.055664 0.325195
v 0.059570 -0.026367 0.342773
v 0.040039 -0.030273 0.356445
v 0.059570 -0.026367 0.342773
v 0.036133 -0.055664 0.325195
v 0.006836 -0.059570 0.356445
v 0.096680 -0.081055 0.418945
v 0.018555 -0.073242 0.438477
v 0.006836 -0.059570 0.356445
v 0.018555 -0.073242 0.438477
v -0.032227 -0.002930 0.438477
v -0.006836 0.034180 0.336914
v 0.055664 0.034180 0.305664
v 0.006836 -0.059570 0.356445
v 0.006836 -0.059570 0.356445
v -0.032227 -0.002930 0.438477
v -0.006836 0.034180 0.336914
v 0.178711 -0.211914 0.377930
v 0.186523 -0.217773 0.375977
v 0.188477 -0.209961 0.375977
v 0.192383 -0.231445 0.415039
v 0.200195 -0.227539 0.409180
v 0.204102 -0.221680 0.420898
v 0.204102 -0.221680 0.420898
v 0.200195 -0.227539 0.409180
v 0.200195 -0.213867 0.416992
v 0.190430 -0.223633 0.422852
v 0.192383 -0.231445 0.415039
v 0.204102 -0.221680 0.420898
v 0.200195 -0.213867 0.416992
v 0.190430 -0.223633 0.422852
v 0.204102 -0.221680 0.420898
v 0.180664 -0.249023 0.409180
v 0.188477 -0.231445 0.411133
v 0.200195 -0.227539 0.409180
v 0.200195 -0.227539 0.409180
v 0.188477 -0.231445 0.411133
v 0.186523 -0.221680 0.407227
v 0.186523 -0.221680 0.407227
v 0.200195 -0.213867 0.416992
v 0.200195 -0.227539 0.409180
v 0.180664 -0.249023 0.409180
v 0.190430 -0.223633 0.422852
v 0.188477 -0.231445 0.411133
v 0.188477 -0.231445 0.411133
v 0.190430 -0.223633 0.422852
v 0.186523 -0.221680 0.407227
v 0.190430 -0.223633 0.422852
v 0.200195 -0.213867 0.416992
v 0.186523 -0.221680 0.407227
v 0.170898 -0.225586 0.381836
v 0.166992 -0.239258 0.377930
v 0.178711 -0.227539 0.379883
v 0.178711 -0.211914 0.377930
v 0.170898 -0.225586 0.381836
v 0.178711 -0.227539 0.379883
v 0.178711 -0.227539 0.379883
v 0.186523 -0.217773 0.375977
v 0.178711 -0.211914 0.377930
v 0.166992 -0.239258 0.377930
v 0.170898 -0.225586 0.381836
v 0.161133 -0.233398 0.379883
v 0.166992 -0.239258 0.377930
v 0.161133 -0.233398 0.379883
v 0.155273 -0.245117 0.375977
v 0.161133 -0.233398 0.379883
v 0.170898 -0.225586 0.381836
v 0.170898 -0.225586 0.375977
v 0.151367 -0.219727 0.381836
v 0.157227 -0.209961 0.387695
v 0.157227 -0.219727 0.383789
v 0.157227 -0.219727 0.383789
v 0.157227 -0.209961 0.387695
v 0.155273 -0.221680 0.389648
v 0.155273 -0.231445 0.379883
v 0.153320 -0.229492 0.377930
v 0.157227 -0.219727 0.383789
v 0.157227 -0.219727 0.383789
v 0.153320 -0.229492 0.377930
v 0.151367 -0.219727 0.381836
v 0.155273 -0.221680 0.389648
v 0.155273 -0.231445 0.379883
v 0.157227 -0.219727 0.383789
v 0.166992 -0.196289 0.381836
v 0.165039 -0.196289 0.375977
v 0.180664 -0.215820 0.375977
v 0.180664 -0.215820 0.375977
v 0.170898 -0.202148 0.379883
v 0.166992 -0.196289 0.381836
v 0.170898 -0.194336 0.379883
v 0.174805 -0.196289 0.377930
v 0.180664 -0.190430 0.377930
v 0.172852 -0.184570 0.381836
v 0.170898 -0.194336 0.379883
v 0.180664 -0.190430 0.377930
v 0.180664 -0.190430 0.377930
v 0.176758 -0.184570 0.381836
v 0.172852 -0.184570 0.381836
v 0.176758 -0.176758 0.375977
v 0.176758 -0.184570 0.381836
v 0.180664 -0.190430 0.377930
v 0.166992 -0.196289 0.381836
v 0.170898 -0.202148 0.379883
v 0.174805 -0.196289 0.377930
v 0.170898 -0.194336 0.379883
v 0.166992 -0.196289 0.381836
v 0.174805 -0.196289 0.377930
v 0.157227 -0.209961 0.387695
v 0.151367 -0.219727 0.381836
v 0.147461 -0.209961 0.385742
v 0.153320 -0.213867 0.395508
v 0.155273 -0.221680 0.389648
v 0.157227 -0.209961 0.387695
v 0.157227 -0.209961 0.387695
v 0.147461 -0.209961 0.385742
v 0.143555 -0.204102 0.399414
v 0.149414 -0.200195 0.397461
v 0.153320 -0.213867 0.395508
v 0.157227 -0.209961 0.387695
v 0.157227 -0.209961 0.387695
v 0.143555 -0.204102 0.399414
v 0.149414 -0.200195 0.397461
v 0.153320 -0.229492 0.377930
v 0.155273 -0.231445 0.379883
v 0.147461 -0.221680 0.387695
v 0.147461 -0.221680 0.387695
v 0.151367 -0.219727 0.381836
v 0.153320 -0.229492 0.377930
v 0.155273 -0.231445 0.379883
v 0.155273 -0.221680 0.389648
v 0.147461 -0.221680 0.387695
v 0.151367 -0.219727 0.381836
v 0.147461 -0.221680 0.387695
v 0.147461 -0.209961 0.385742
v 0.153320 -0.213867 0.395508
v 0.147461 -0.221680 0.387695
v 0.155273 -0.221680 0.389648
v 0.145508 -0.213867 0.393555
v 0.147461 -0.209961 0.385742
v 0.147461 -0.221680 0.387695
v 0.147461 -0.221680 0.387695
v 0.153320 -0.213867 0.395508
v 0.145508 -0.213867 0.393555
v 0.147461 -0.209961 0.385742
v 0.145508 -0.213867 0.393555
v 0.143555 -0.204102 0.399414
v 0.143555 -0.204102 0.399414
v 0.145508 -0.213867 0.393555
v 0.153320 -0.213867 0.395508
v 0.149414 -0.200195 0.397461
v 0.143555 -0.204102 0.399414
v 0.153320 -0.213867 0.395508
v 0.139648 -0.231445 0.418945
v 0.151367 -0.233398 0.420898
v 0.143555 -0.243164 0.420898
v 0.143555 -0.243164 0.420898
v 0.151367 -0.233398 0.420898
v 0.147461 -0.239258 0.432617
v 0.151367 -0.233398 0.420898
v 0.139648 -0.231445 0.418945
v 0.145508 -0.225586 0.430664
v 0.145508 -0.225586 0.430664
v 0.147461 -0.239258 0.432617
v 0.151367 -0.233398 0.420898
v 0.139648 -0.229492 0.434570
v 0.145508 -0.225586 0.430664
v 0.139648 -0.231445 0.418945
v 0.139648 -0.231445 0.418945
v 0.139648 -0.241211 0.424805
v 0.139648 -0.229492 0.434570
v 0.147461 -0.239258 0.432617
v 0.145508 -0.225586 0.430664
v 0.139648 -0.229492 0.434570
v 0.139648 -0.229492 0.434570
v 0.139648 -0.241211 0.424805
v 0.147461 -0.239258 0.432617
v 0.176758 -0.176758 0.375977
v 0.172852 -0.184570 0.381836
v 0.176758 -0.184570 0.381836
v 0.155273 -0.000977 0.375977
v 0.159180 -0.008789 0.381836
v 0.157227 -0.020508 0.379883
v 0.151367 0.004883 0.360352
v 0.159180 0.014648 0.372070
v 0.155273 -0.000977 0.375977
v 0.104492 -0.034180 0.459961
v 0.096680 -0.081055 0.418945
v 0.149414 -0.034180 0.415039
v 0.127930 0.016602 0.469727
v 0.104492 -0.034180 0.459961
v 0.149414 -0.034180 0.415039
v 0.149414 -0.034180 0.415039
v 0.133789 0.053711 0.342773
v 0.145508 0.055664 0.418945
v 0.149414 -0.034180 0.415039
v 0.145508 0.055664 0.418945
v 0.127930 0.016602 0.469727
v 0.125977 -0.012695 0.465820
v 0.139648 -0.022461 0.463867
v 0.137695 -0.010742 0.452148
v 0.137695 -0.010742 0.452148
v 0.139648 -0.022461 0.463867
v 0.122070 -0.018555 0.459961
v 0.124023 -0.002930 0.454102
v 0.125977 -0.012695 0.465820
v 0.137695 -0.010742 0.452148
v 0.137695 -0.010742 0.452148
v 0.122070 -0.018555 0.459961
v 0.124023 -0.002930 0.454102
v 0.139648 -0.022461 0.463867
v 0.125977 -0.012695 0.465820
v 0.125977 -0.030273 0.475586
v 0.139648 -0.022461 0.463867
v 0.125977 -0.030273 0.475586
v 0.122070 -0.018555 0.459961
v 0.116211 -0.022461 0.473633
v 0.125977 -0.030273 0.475586
v 0.125977 -0.012695 0.465820
v 0.125977 -0.012695 0.465820
v 0.124023 -0.002930 0.454102
v 0.100586 -0.004883 0.459961
v 0.125977 -0.012695 0.465820
v 0.100586 -0.004883 0.459961
v 0.116211 -0.022461 0.473633
v 0.116211 -0.022461 0.473633
v 0.122070 -0.018555 0.459961
v 0.125977 -0.030273 0.475586
v 0.096680 -0.081055 0.418945
v 0.104492 -0.034180 0.459961
v 0.043945 -0.030273 0.487305
v 0.043945 -0.030273 0.487305
v 0.018555 -0.073242 0.438477
v 0.096680 -0.081055 0.418945
v 0.127930 0.016602 0.469727
v 0.043945 -0.030273 0.487305
v 0.104492 -0.034180 0.459961
v 0.100586 -0.004883 0.459961
v 0.124023 -0.002930 0.454102
v 0.122070 -0.018555 0.459961
v 0.116211 -0.022461 0.473633
v 0.100586 -0.004883 0.459961
v 0.122070 -0.018555 0.459961
v 0.102539 -0.010742 0.489258
v 0.098633 -0.028320 0.487305
v 0.108398 -0.012695 0.473633
v 0.108398 -0.012695 0.473633
v 0.098633 -0.028320 0.487305
v 0.094727 -0.010742 0.485352
v 0.104492 0.000977 0.475586
v 0.102539 -0.010742 0.489258
v 0.108398 -0.012695 0.473633
v 0.108398 -0.012695 0.473633
v 0.094727 -0.010742 0.485352
v 0.104492 0.000977 0.475586
v 0.098633 -0.028320 0.487305
v 0.102539 -0.010742 0.489258
v 0.090820 -0.006836 0.499023
v 0.090820 -0.006836 0.499023
v 0.094727 -0.010742 0.485352
v 0.098633 -0.028320 0.487305
v 0.098633 0.000977 0.487305
v 0.090820 -0.006836 0.499023
v 0.102539 -0.010742 0.489258
v 0.102539 -0.010742 0.489258
v 0.104492 0.000977 0.475586
v 0.098633 0.000977 0.487305
v 0.094727 -0.010742 0.485352
v 0.090820 -0.006836 0.499023
v 0.098633 0.000977 0.487305
v 0.098633 0.000977 0.487305
v 0.104492 0.000977 0.475586
v 0.094727 -0.010742 0.485352
v 0.018555 -0.073242 0.438477
v 0.043945 -0.030273 0.487305
v -0.032227 -0.002930 0.438477
v 0.043945 -0.030273 0.487305
v 0.127930 0.016602 0.469727
v 0.047852 0.016602 0.497070
v 0.043945 -0.030273 0.487305
v 0.047852 0.016602 0.497070
v -0.032227 -0.002930 0.438477
v 0.180664 0.168945 0.186523
v 0.213867 0.063477 0.174805
v 0.145508 0.083008 0.124023
v 0.118164 0.180664 0.184570
v 0.180664 0.168945 0.186523
v 0.145508 0.083008 0.124023
v 0.145508 0.083008 0.124023
v 0.063477 0.086914 0.135742
v 0.118164 0.180664 0.184570
v 0.028320 0.032227 0.059570
v 0.010742 0.040039 0.053711
v 0.014648 0.045898 0.057617
v 0.006836 0.038086 0.063477
v 0.010742 0.040039 0.053711
v 0.028320 0.032227 0.059570
v 0.028320 0.032227 0.059570
v 0.014648 0.045898 0.057617
v 0.022461 0.047852 0.069336
v 0.028320 0.032227 0.059570
v 0.022461 0.047852 0.069336
v 0.006836 0.038086 0.063477
v -0.002930 0.040039 0.049805
v 0.014648 0.045898 0.057617
v 0.010742 0.040039 0.053711
v 0.010742 0.040039 0.053711
v 0.006836 0.038086 0.063477
v -0.002930 0.040039 0.049805
v 0.004883 0.057617 0.069336
v 0.022461 0.047852 0.069336
v 0.014648 0.045898 0.057617
v -0.002930 0.051758 0.059570
v 0.004883 0.057617 0.069336
v 0.014648 0.045898 0.057617
v 0.014648 0.045898 0.057617
v -0.002930 0.040039 0.049805
v -0.002930 0.051758 0.059570
v 0.057617 0.012695 0.116211
v 0.071289 0.018555 0.124023
v 0.065430 0.006836 0.122070
v 0.065430 0.026367 0.116211
v 0.071289 0.018555 0.124023
v 0.057617 0.012695 0.116211
v 0.067383 0.038086 0.114258
v 0.059570 0.030273 0.110352
v 0.057617 0.043945 0.100586
v 0.041992 0.018555 0.090820
v 0.047852 0.028320 0.098633
v 0.041992 0.006836 0.094727
v 0.014648 0.049805 0.084961
v 0.036133 0.061523 0.067383
v 0.047852 0.047852 0.071289
v 0.047852 0.047852 0.071289
v 0.036133 0.061523 0.067383
v 0.043945 0.075195 0.071289
v 0.036133 0.063477 0.077148
v 0.014648 0.049805 0.084961
v 0.047852 0.047852 0.071289
v 0.047852 0.047852 0.071289
v 0.043945 0.075195 0.071289
v 0.036133 0.063477 0.077148
v 0.014648 0.049805 0.084961
v 0.018555 0.061523 0.071289
v 0.036133 0.061523 0.067383
v 0.036133 0.061523 0.067383
v 0.018555 0.061523 0.071289
v 0.028320 0.071289 0.071289
v 0.028320 0.071289 0.071289
v 0.043945 0.075195 0.071289
v 0.036133 0.061523 0.067383
v 0.004883 0.057617 0.069336
v 0.006836 0.038086 0.063477
v 0.022461 0.047852 0.069336
v 0.018555 0.061523 0.071289
v 0.014648 0.049805 0.084961
v 0.036133 0.063477 0.077148
v 0.018555 0.061523 0.071289
v 0.036133 0.063477 0.077148
v 0.028320 0.071289 0.071289
v 0.006836 0.038086 0.063477
v 0.004883 0.057617 0.069336
v -0.002930 0.051758 0.059570
v -0.002930 0.051758 0.059570
v -0.002930 0.040039 0.049805
v 0.006836 0.038086 0.063477
v 0.057617 0.012695 0.116211
v 0.049805 0.000977 0.104492
v 0.049805 0.010742 0.100586
v 0.047852 0.028320 0.098633
v 0.061523 0.018555 0.100586
v 0.049805 0.010742 0.100586
v 0.049805 0.010742 0.100586
v 0.061523 0.018555 0.100586
v 0.057617 0.012695 0.116211
v 0.041992 0.006836 0.094727
v 0.047852 0.028320 0.098633
v 0.049805 0.010742 0.100586
v 0.041992 0.024414 0.118164
v 0.047852 0.028320 0.098633
v 0.049805 0.010742 0.100586
v 0.049805 0.010742 0.100586
v 0.057617 0.012695 0.116211
v 0.041992 0.024414 0.118164
v 0.057617 0.012695 0.116211
v 0.057617 0.000977 0.114258
v 0.049805 0.000977 0.104492
v 0.061523 0.018555 0.100586
v 0.047852 0.028320 0.098633
v 0.059570 0.030273 0.110352
v 0.059570 0.030273 0.110352
v 0.057617 0.012695 0.116211
v 0.061523 0.018555 0.100586
v 0.041992 0.024414 0.118164
v 0.059570 0.030273 0.110352
v 0.047852 0.028320 0.098633
v 0.057617 0.043945 0.100586
v 0.059570 0.030273 0.110352
v 0.047852 0.028320 0.098633
v 0.057617 0.012695 0.116211
v 0.059570 0.030273 0.110352
v 0.041992 0.024414 0.118164
v 0.063477 0.086914 0.135742
v 0.063477 0.002930 0.161133
v 0.047852 0.026367 0.114258
v -0.000977 0.092773 0.096680
v 0.063477 0.086914 0.135742
v 0.047852 0.026367 0.114258
v 0.047852 0.026367 0.114258
v -0.022461 -0.000977 0.059570
v -0.000977 0.092773 0.096680
v 0.028320 0.071289 0.071289
v 0.036133 0.063477 0.077148
v 0.043945 0.075195 0.071289
v 0.077148 0.147461 0.110352
v 0.083008 0.141602 0.098633
v 0.094727 0.155273 0.108398
v 0.094727 0.155273 0.108398
v 0.083008 0.141602 0.098633
v 0.077148 0.157227 0.102539
v 0.061523 0.163086 0.120117
v 0.077148 0.147461 0.110352
v 0.094727 0.155273 0.108398
v 0.094727 0.155273 0.108398
v 0.077148 0.157227 0.102539
v 0.079102 0.163086 0.110352
v 0.094727 0.155273 0.108398
v 0.079102 0.163086 0.110352
v 0.061523 0.163086 0.120117
v 0.098633 0.166992 0.124023
v 0.090820 0.166992 0.116211
v 0.090820 0.182617 0.125977
v 0.077148 0.147461 0.110352
v 0.069336 0.139648 0.096680
v 0.083008 0.141602 0.098633
v 0.083008 0.141602 0.098633
v 0.069336 0.139648 0.096680
v 0.077148 0.157227 0.102539
v 0.077148 0.147461 0.110352
v 0.063477 0.149414 0.102539
v 0.069336 0.139648 0.096680
v 0.069336 0.139648 0.096680
v 0.063477 0.149414 0.102539
v 0.077148 0.157227 0.102539
v 0.063477 0.149414 0.102539
v 0.077148 0.147461 0.110352
v 0.061523 0.163086 0.120117
v 0.061523 0.163086 0.120117
v 0.077148 0.157227 0.102539
v 0.063477 0.149414 0.102539
v 0.061523 0.163086 0.120117
v 0.079102 0.163086 0.110352
v 0.077148 0.157227 0.102539
v 0.090820 0.166992 0.116211
v 0.086914 0.178711 0.118164
v 0.090820 0.182617 0.125977
v 0.086914 0.182617 0.122070
v 0.081055 0.194336 0.124023
v 0.090820 0.182617 0.125977
v 0.086914 0.196289 0.133789
v 0.090820 0.182617 0.125977
v 0.081055 0.194336 0.124023
v 0.118164 0.180664 0.184570
v 0.063477 0.086914 0.135742
v 0.049805 0.157227 0.090820
v 0.049805 0.157227 0.090820
v 0.063477 0.086914 0.135742
v -0.000977 0.092773 0.096680
v 0.045898 0.252930 0.141602
v 0.118164 0.180664 0.184570
v 0.049805 0.157227 0.090820
v -0.073242 0.157227 0.090820
v 0.045898 0.252930 0.141602
v 0.049805 0.157227 0.090820
v 0.049805 0.157227 0.090820
v -0.000977 0.092773 0.096680
v -0.073242 0.157227 0.090820
v 0.043945 0.174805 0.088867
v 0.036133 0.180664 0.090820
v 0.053711 0.182617 0.096680
v 0.036133 0.176758 0.088867
v 0.028320 0.168945 0.083008
v 0.022461 0.190430 0.094727
v 0.024414 0.184570 0.110352
v 0.020508 0.180664 0.086914
v 0.036133 0.180664 0.090820
v 0.036133 0.180664 0.090820
v 0.020508 0.180664 0.086914
v 0.030273 0.194336 0.088867
v 0.045898 0.192383 0.098633
v 0.053711 0.182617 0.096680
v 0.036133 0.180664 0.090820
v 0.043945 0.192383 0.098633
v 0.024414 0.184570 0.110352
v 0.036133 0.180664 0.090820
v 0.036133 0.180664 0.090820
v 0.030273 0.194336 0.088867
v 0.043945 0.192383 0.098633
v 0.028320 0.168945 0.083008
v 0.016602 0.172852 0.083008
v 0.022461 0.190430 0.094727
v 0.020508 0.180664 0.086914
v 0.024414 0.184570 0.110352
v 0.014648 0.196289 0.092773
v 0.014648 0.196289 0.092773
v 0.030273 0.194336 0.088867
v 0.020508 0.180664 0.086914
v 0.016602 0.182617 0.086914
v 0.002930 0.180664 0.083008
v 0.024414 0.194336 0.096680
v 0.002930 0.180664 0.083008
v 0.004883 0.194336 0.088867
v 0.024414 0.194336 0.096680
v 0.026367 0.206055 0.100586
v 0.014648 0.196289 0.092773
v 0.024414 0.184570 0.110352
v 0.024414 0.184570 0.110352
v 0.043945 0.192383 0.098633
v 0.036133 0.204102 0.102539
v 0.024414 0.184570 0.110352
v 0.036133 0.204102 0.102539
v 0.026367 0.206055 0.100586
v 0.030273 0.194336 0.088867
v 0.014648 0.196289 0.092773
v 0.026367 0.206055 0.100586
v 0.036133 0.204102 0.102539
v 0.043945 0.192383 0.098633
v 0.030273 0.194336 0.088867
v 0.026367 0.206055 0.100586
v 0.036133 0.204102 0.102539
v 0.030273 0.194336 0.088867
v 0.006836 0.204102 0.094727
v 0.026367 0.206055 0.100586
v 0.014648 0.196289 0.092773
v 0.036133 0.204102 0.102539
v 0.045898 0.209961 0.108398
v 0.049805 0.198242 0.102539
v 0.045898 0.209961 0.108398
v 0.036133 0.204102 0.102539
v 0.032227 0.209961 0.104492
v 0.006836 0.204102 0.094727
v 0.016602 0.211914 0.102539
v 0.026367 0.206055 0.100586
v 0.209961 0.077148 0.163086
v 0.209961 0.065430 0.161133
v 0.204102 0.073242 0.145508
v 0.204102 0.086914 0.163086
v 0.209961 0.077148 0.163086
v 0.204102 0.073242 0.145508
v 0.200195 0.120117 0.172852
v 0.194336 0.116211 0.155273
v 0.209961 0.122070 0.155273
v 0.209961 0.122070 0.155273
v 0.194336 0.116211 0.155273
v 0.196289 0.127930 0.166992
v 0.211914 0.133789 0.178711
v 0.200195 0.120117 0.172852
v 0.209961 0.122070 0.155273
v 0.209961 0.122070 0.155273
v 0.196289 0.127930 0.166992
v 0.211914 0.133789 0.178711
v 0.194336 0.116211 0.155273
v 0.200195 0.120117 0.172852
v 0.182617 0.116211 0.165039
v 0.194336 0.116211 0.155273
v 0.182617 0.116211 0.165039
v 0.196289 0.127930 0.166992
v 0.208008 0.086914 0.176758
v 0.223633 0.102539 0.176758
v 0.225586 0.083008 0.180664
v 0.225586 0.083008 0.180664
v 0.223633 0.102539 0.176758
v 0.239258 0.083008 0.192383
v 0.225586 0.083008 0.180664
v 0.211914 0.077148 0.178711
v 0.208008 0.086914 0.176758
v 0.225586 0.071289 0.190430
v 0.211914 0.077148 0.178711
v 0.225586 0.083008 0.180664
v 0.225586 0.083008 0.180664
v 0.239258 0.083008 0.192383
v 0.225586 0.071289 0.190430
v 0.223633 0.102539 0.176758
v 0.208008 0.086914 0.176758
v 0.223633 0.086914 0.190430
v 0.223633 0.086914 0.190430
v 0.239258 0.083008 0.192383
v 0.223633 0.102539 0.176758
v 0.209961 0.065430 0.161133
v 0.209961 0.077148 0.163086
v 0.211914 0.077148 0.178711
v 0.209961 0.077148 0.163086
v 0.204102 0.086914 0.163086
v 0.208008 0.086914 0.176758
v 0.208008 0.086914 0.176758
v 0.211914 0.077148 0.178711
v 0.209961 0.077148 0.163086
v 0.213867 0.063477 0.174805
v 0.180664 0.168945 0.186523
v 0.221680 0.063477 0.286133
v 0.225586 0.071289 0.190430
v 0.211914 0.069336 0.184570
v 0.211914 0.077148 0.178711
v 0.211914 0.077148 0.178711
v 0.211914 0.069336 0.184570
v 0.196289 0.077148 0.188477
v 0.196289 0.077148 0.188477
v 0.208008 0.086914 0.176758
v 0.211914 0.077148 0.178711
v 0.211914 0.069336 0.184570
v 0.225586 0.071289 0.190430
v 0.196289 0.077148 0.188477
v 0.196289 0.077148 0.188477
v 0.223633 0.086914 0.190430
v 0.208008 0.086914 0.176758
v 0.176758 0.120117 0.186523
v 0.182617 0.116211 0.165039
v 0.200195 0.120117 0.172852
v 0.211914 0.133789 0.178711
v 0.176758 0.120117 0.186523
v 0.200195 0.120117 0.172852
v 0.182617 0.116211 0.165039
v 0.176758 0.120117 0.186523
v 0.196289 0.127930 0.166992
v 0.194336 0.133789 0.178711
v 0.196289 0.127930 0.166992
v 0.176758 0.120117 0.186523
v 0.176758 0.120117 0.186523
v 0.211914 0.133789 0.178711
v 0.194336 0.133789 0.178711
v 0.211914 0.043945 0.190430
v 0.229492 0.051758 0.200195
v 0.219727 0.032227 0.194336
v 0.219727 0.032227 0.194336
v 0.229492 0.051758 0.200195
v 0.211914 0.041992 0.200195
v 0.219727 0.032227 0.194336
v 0.208008 0.026367 0.190430
v 0.211914 0.043945 0.190430
v 0.211914 0.041992 0.200195
v 0.208008 0.026367 0.190430
v 0.219727 0.032227 0.194336
v 0.229492 0.051758 0.200195
v 0.211914 0.043945 0.190430
v 0.213867 0.055664 0.192383
v 0.192383 0.059570 0.198242
v 0.211914 0.041992 0.200195
v 0.229492 0.051758 0.200195
v 0.229492 0.051758 0.200195
v 0.213867 0.055664 0.192383
v 0.192383 0.059570 0.198242
v 0.200195 0.038086 0.190430
v 0.211914 0.043945 0.190430
v 0.208008 0.026367 0.190430
v 0.208008 0.026367 0.190430
v 0.211914 0.041992 0.200195
v 0.200195 0.038086 0.190430
v 0.192383 0.059570 0.198242
v 0.213867 0.055664 0.192383
v 0.211914 0.043945 0.190430
v 0.211914 0.043945 0.190430
v 0.200195 0.038086 0.190430
v 0.192383 0.059570 0.198242
v 0.192383 0.059570 0.198242
v 0.200195 0.038086 0.190430
v 0.211914 0.041992 0.200195
v 0.229492 0.040039 0.262695
v 0.219727 0.032227 0.252930
v 0.221680 0.041992 0.249023
v 0.221680 0.041992 0.249023
v 0.219727 0.032227 0.252930
v 0.204102 0.043945 0.260742
v 0.223633 0.051758 0.252930
v 0.229492 0.040039 0.262695
v 0.221680 0.041992 0.249023
v 0.204102 0.043945 0.260742
v 0.223633 0.051758 0.252930
v 0.221680 0.041992 0.249023
v 0.223633 0.086914 0.190430
v 0.225586 0.071289 0.190430
v 0.239258 0.083008 0.192383
v 0.225586 0.071289 0.190430
v 0.223633 0.086914 0.190430
v 0.196289 0.077148 0.188477
v 0.233398 0.100586 0.223633
v 0.229492 0.114258 0.227539
v 0.229492 0.116211 0.231445
v 0.233398 0.100586 0.223633
v 0.229492 0.116211 0.231445
v 0.233398 0.102539 0.235352
v 0.225586 0.127930 0.219727
v 0.229492 0.116211 0.231445
v 0.229492 0.116211 0.223633
v 0.233398 0.118164 0.245117
v 0.233398 0.102539 0.237305
v 0.229492 0.116211 0.231445
v 0.229492 0.116211 0.231445
v 0.233398 0.102539 0.237305
v 0.219727 0.112305 0.245117
v 0.225586 0.127930 0.239258
v 0.233398 0.118164 0.245117
v 0.229492 0.116211 0.231445
v 0.229492 0.116211 0.231445
v 0.219727 0.112305 0.245117
v 0.225586 0.127930 0.239258
v 0.229492 0.116211 0.231445
v 0.225586 0.127930 0.219727
v 0.223633 0.131836 0.235352
v 0.235352 0.094727 0.237305
v 0.233398 0.102539 0.237305
v 0.231445 0.104492 0.252930
v 0.231445 0.104492 0.252930
v 0.235352 0.094727 0.250977
v 0.235352 0.094727 0.237305
v 0.233398 0.102539 0.237305
v 0.233398 0.118164 0.245117
v 0.231445 0.104492 0.252930
v 0.231445 0.104492 0.252930
v 0.219727 0.112305 0.245117
v 0.233398 0.102539 0.237305
v 0.233398 0.118164 0.245117
v 0.225586 0.127930 0.239258
v 0.223633 0.129883 0.254883
v 0.227539 0.116211 0.260742
v 0.231445 0.104492 0.252930
v 0.233398 0.118164 0.245117
v 0.223633 0.129883 0.254883
v 0.227539 0.116211 0.260742
v 0.233398 0.118164 0.245117
v 0.223633 0.129883 0.254883
v 0.225586 0.127930 0.239258
v 0.219727 0.112305 0.245117
v 0.219727 0.112305 0.245117
v 0.231445 0.104492 0.252930
v 0.227539 0.116211 0.260742
v 0.219727 0.112305 0.245117
v 0.227539 0.116211 0.260742
v 0.223633 0.129883 0.254883
v 0.194336 0.133789 0.178711
v 0.211914 0.133789 0.178711
v 0.196289 0.127930 0.166992
v 0.172852 0.129883 0.170898
v 0.161133 0.139648 0.163086
v 0.170898 0.147461 0.165039
v 0.166992 0.149414 0.172852
v 0.161133 0.139648 0.163086
v 0.172852 0.129883 0.170898
v 0.172852 0.129883 0.170898
v 0.170898 0.147461 0.165039
v 0.182617 0.159180 0.174805
v 0.182617 0.159180 0.174805
v 0.166992 0.149414 0.172852
v 0.172852 0.129883 0.170898
v 0.159180 0.161133 0.163086
v 0.170898 0.147461 0.165039
v 0.161133 0.139648 0.163086
v 0.161133 0.139648 0.163086
v 0.166992 0.149414 0.172852
v 0.159180 0.161133 0.163086
v 0.170898 0.147461 0.165039
v 0.159180 0.161133 0.163086
v 0.182617 0.159180 0.174805
v 0.182617 0.159180 0.174805
v 0.159180 0.161133 0.163086
v 0.166992 0.149414 0.172852
v 0.180664 0.168945 0.186523
v 0.118164 0.180664 0.184570
v 0.133789 0.174805 0.301758
v 0.188477 0.159180 0.293945
v 0.221680 0.063477 0.286133
v 0.180664 0.168945 0.186523
v 0.133789 0.174805 0.301758
v 0.188477 0.159180 0.293945
v 0.180664 0.168945 0.186523
v 0.225586 0.127930 0.239258
v 0.221680 0.137695 0.239258
v 0.221680 0.137695 0.252930
v 0.221680 0.137695 0.252930
v 0.223633 0.129883 0.254883
v 0.225586 0.127930 0.239258
v 0.198242 0.149414 0.243164
v 0.194336 0.166992 0.243164
v 0.209961 0.153320 0.250977
v 0.196289 0.131836 0.252930
v 0.194336 0.166992 0.243164
v 0.198242 0.149414 0.243164
v 0.198242 0.149414 0.243164
v 0.209961 0.153320 0.250977
v 0.196289 0.131836 0.252930
v 0.211914 0.166992 0.256836
v 0.209961 0.153320 0.250977
v 0.194336 0.166992 0.243164
v 0.196289 0.131836 0.252930
v 0.204102 0.155273 0.258789
v 0.194336 0.166992 0.243164
v 0.194336 0.166992 0.243164
v 0.204102 0.155273 0.258789
v 0.211914 0.166992 0.256836
v 0.063477 0.002930 0.161133
v 0.063477 0.086914 0.135742
v 0.030273 0.045898 0.219727
v 0.030273 0.045898 0.219727
v 0.079102 0.002930 0.305664
v 0.055664 0.034180 0.305664
v 0.030273 0.045898 0.219727
v 0.055664 0.034180 0.305664
v -0.032227 0.041992 0.252930
v 0.006836 0.069336 0.223633
v -0.020508 -0.063477 0.225586
v -0.032227 0.069336 0.241211
v 0.110352 0.161133 0.135742
v 0.100586 0.168945 0.129883
v 0.106445 0.174805 0.143555
v 0.106445 0.174805 0.143555
v 0.114258 0.168945 0.149414
v 0.110352 0.161133 0.135742
v 0.096680 0.170898 0.127930
v 0.100586 0.182617 0.131836
v 0.106445 0.174805 0.143555
v 0.090820 0.182617 0.125977
v 0.100586 0.182617 0.131836
v 0.096680 0.170898 0.127930
v 0.096680 0.170898 0.127930
v 0.106445 0.174805 0.143555
v 0.086914 0.172852 0.141602
v 0.086914 0.172852 0.141602
v 0.090820 0.182617 0.125977
v 0.096680 0.170898 0.127930
v 0.102539 0.182617 0.143555
v 0.106445 0.174805 0.143555
v 0.100586 0.182617 0.131836
v 0.094727 0.192383 0.139648
v 0.102539 0.182617 0.143555
v 0.100586 0.182617 0.131836
v 0.100586 0.182617 0.131836
v 0.090820 0.182617 0.125977
v 0.088867 0.190430 0.135742
v 0.088867 0.190430 0.135742
v 0.094727 0.192383 0.139648
v 0.100586 0.182617 0.131836
v 0.106445 0.174805 0.143555
v 0.110352 0.180664 0.151367
v 0.114258 0.168945 0.149414
v 0.106445 0.174805 0.143555
v 0.102539 0.182617 0.143555
v 0.086914 0.172852 0.141602
v 0.094727 0.192383 0.139648
v 0.104492 0.184570 0.149414
v 0.102539 0.182617 0.143555
v 0.094727 0.192383 0.139648
v 0.086914 0.172852 0.141602
v 0.102539 0.182617 0.143555
v 0.104492 0.184570 0.149414
v 0.094727 0.192383 0.139648
v 0.100586 0.194336 0.153320
v 0.090820 0.182617 0.125977
v 0.086914 0.172852 0.141602
v 0.088867 0.190430 0.135742
v 0.086914 0.196289 0.133789
v 0.088867 0.190430 0.135742
v 0.090820 0.182617 0.125977
v 0.086914 0.172852 0.141602
v 0.094727 0.192383 0.139648
v 0.088867 0.190430 0.135742
v 0.045898 0.252930 0.141602
v 0.071289 0.241211 0.235352
v 0.118164 0.180664 0.184570
v 0.118164 0.180664 0.184570
v 0.071289 0.241211 0.235352
v 0.086914 0.190430 0.266602
v 0.086914 0.190430 0.266602
v 0.133789 0.174805 0.301758
v 0.118164 0.180664 0.184570
v 0.092773 0.198242 0.145508
v 0.100586 0.194336 0.153320
v 0.094727 0.192383 0.139648
v 0.104492 0.217773 0.209961
v 0.112305 0.211914 0.211914
v 0.112305 0.209961 0.200195
v 0.106445 0.219727 0.196289
v 0.104492 0.217773 0.209961
v 0.112305 0.209961 0.200195
v 0.110352 0.213867 0.217773
v 0.104492 0.217773 0.209961
v 0.108398 0.229492 0.219727
v 0.088867 0.215820 0.219727
v 0.104492 0.217773 0.209961
v 0.110352 0.213867 0.217773
v 0.108398 0.229492 0.219727
v 0.104492 0.217773 0.233398
v 0.110352 0.213867 0.217773
v 0.110352 0.213867 0.217773
v 0.104492 0.217773 0.233398
v 0.088867 0.215820 0.219727
v 0.104492 0.217773 0.209961
v 0.098633 0.229492 0.206055
v 0.108398 0.229492 0.219727
v 0.088867 0.215820 0.219727
v 0.098633 0.229492 0.206055
v 0.104492 0.217773 0.209961
v 0.102539 0.223633 0.198242
v 0.096680 0.235352 0.196289
v 0.098633 0.229492 0.206055
v 0.092773 0.241211 0.208008
v 0.098633 0.229492 0.206055
v 0.096680 0.235352 0.196289
v 0.096680 0.237305 0.225586
v 0.108398 0.229492 0.219727
v 0.098633 0.229492 0.206055
v 0.088867 0.215820 0.219727
v 0.096680 0.237305 0.225586
v 0.098633 0.229492 0.206055
v 0.094727 0.233398 0.209961
v 0.088867 0.247070 0.217773
v 0.096680 0.237305 0.225586
v 0.092773 0.239258 0.227539
v 0.096680 0.237305 0.225586
v 0.088867 0.247070 0.217773
v 0.102539 0.225586 0.223633
v 0.112305 0.209961 0.241211
v 0.116211 0.204102 0.225586
v 0.116211 0.204102 0.225586
v 0.104492 0.223633 0.219727
v 0.102539 0.225586 0.223633
v 0.104492 0.217773 0.233398
v 0.108398 0.229492 0.219727
v 0.098633 0.227539 0.233398
v 0.104492 0.217773 0.233398
v 0.098633 0.227539 0.233398
v 0.088867 0.215820 0.219727
v 0.112305 0.209961 0.241211
v 0.102539 0.225586 0.223633
v 0.106445 0.221680 0.243164
v 0.096680 0.237305 0.225586
v 0.098633 0.227539 0.233398
v 0.108398 0.229492 0.219727
v 0.098633 0.227539 0.233398
v 0.096680 0.237305 0.225586
v 0.088867 0.215820 0.219727
v 0.096680 0.235352 0.245117
v 0.102539 0.225586 0.239258
v 0.098633 0.227539 0.233398
v 0.092773 0.241211 0.233398
v 0.096680 0.235352 0.245117
v 0.098633 0.227539 0.233398
v 0.071289 0.241211 0.235352
v 0.045898 0.252930 0.141602
v -0.000977 0.247070 0.225586
v -0.000977 0.247070 0.225586
v 0.086914 0.190430 0.266602
v 0.071289 0.241211 0.235352
v 0.045898 0.252930 0.141602
v -0.073242 0.157227 0.090820
v -0.061523 0.239258 0.151367
v 0.045898 0.252930 0.141602
v -0.061523 0.239258 0.151367
v -0.000977 0.247070 0.225586
v 0.219727 0.032227 0.252930
v 0.229492 0.040039 0.262695
v 0.217773 0.028320 0.262695
v 0.219727 0.032227 0.252930
v 0.217773 0.028320 0.262695
v 0.204102 0.043945 0.260742
v 0.229492 0.040039 0.262695
v 0.223633 0.051758 0.252930
v 0.223633 0.055664 0.264648
v 0.229492 0.040039 0.262695
v 0.223633 0.055664 0.264648
v 0.221680 0.051758 0.274414
v 0.221680 0.051758 0.274414
v 0.219727 0.041992 0.276367
v 0.229492 0.040039 0.262695
v 0.229492 0.040039 0.262695
v 0.219727 0.041992 0.276367
v 0.217773 0.032227 0.272461
v 0.217773 0.032227 0.272461
v 0.217773 0.028320 0.262695
v 0.229492 0.040039 0.262695
v 0.204102 0.043945 0.260742
v 0.223633 0.055664 0.264648
v 0.223633 0.051758 0.252930
v 0.225586 0.061523 0.258789
v 0.223633 0.053711 0.260742
v 0.223633 0.051758 0.256836
v 0.204102 0.043945 0.260742
v 0.221680 0.051758 0.274414
v 0.223633 0.055664 0.264648
v 0.219727 0.041992 0.276367
v 0.221680 0.051758 0.274414
v 0.204102 0.043945 0.260742
v 0.219727 0.041992 0.276367
v 0.204102 0.043945 0.260742
v 0.217773 0.032227 0.272461
v 0.217773 0.032227 0.272461
v 0.204102 0.043945 0.260742
v 0.217773 0.028320 0.262695
v 0.233398 0.100586 0.254883
v 0.231445 0.104492 0.252930
v 0.233398 0.100586 0.266602
v 0.231445 0.104492 0.252930
v 0.227539 0.116211 0.260742
v 0.233398 0.100586 0.266602
v 0.229492 0.112305 0.268555
v 0.233398 0.100586 0.266602
v 0.227539 0.116211 0.260742
v 0.223633 0.131836 0.266602
v 0.227539 0.118164 0.266602
v 0.227539 0.116211 0.260742
v 0.227539 0.116211 0.260742
v 0.223633 0.129883 0.254883
v 0.223633 0.131836 0.266602
v 0.221680 0.063477 0.286133
v 0.188477 0.159180 0.293945
v 0.122070 0.086914 0.352539
v 0.133789 0.053711 0.342773
v 0.055664 0.034180 0.305664
v 0.122070 0.086914 0.352539
v 0.133789 0.053711 0.342773
v 0.122070 0.086914 0.352539
v 0.104492 0.092773 0.424805
v 0.104492 0.092773 0.424805
v 0.145508 0.055664 0.418945
v 0.133789 0.053711 0.342773
v 0.151367 0.004883 0.360352
v 0.151367 0.008789 0.352539
v 0.159180 0.014648 0.372070
v 0.159180 0.014648 0.372070
v 0.151367 0.008789 0.352539
v 0.155273 0.018555 0.360352
v 0.209961 0.153320 0.250977
v 0.213867 0.145508 0.262695
v 0.196289 0.131836 0.252930
v 0.217773 0.157227 0.264648
v 0.213867 0.145508 0.262695
v 0.209961 0.153320 0.250977
v 0.209961 0.153320 0.250977
v 0.211914 0.166992 0.256836
v 0.217773 0.157227 0.264648
v 0.213867 0.145508 0.262695
v 0.204102 0.155273 0.258789
v 0.196289 0.131836 0.252930
v 0.217773 0.157227 0.264648
v 0.204102 0.155273 0.258789
v 0.213867 0.145508 0.262695
v 0.217773 0.157227 0.264648
v 0.211914 0.166992 0.256836
v 0.204102 0.155273 0.258789
v 0.188477 0.159180 0.293945
v 0.133789 0.174805 0.301758
v 0.122070 0.086914 0.352539
v 0.145508 0.182617 0.291992
v 0.151367 0.174805 0.297852
v 0.129883 0.170898 0.303711
v 0.147461 0.190430 0.307617
v 0.151367 0.174805 0.297852
v 0.145508 0.182617 0.291992
v 0.145508 0.182617 0.291992
v 0.129883 0.170898 0.303711
v 0.137695 0.188477 0.293945
v 0.145508 0.182617 0.291992
v 0.137695 0.188477 0.293945
v 0.147461 0.190430 0.307617
v 0.151367 0.174805 0.297852
v 0.151367 0.172852 0.309570
v 0.129883 0.170898 0.303711
v 0.147461 0.190430 0.307617
v 0.151367 0.172852 0.309570
v 0.151367 0.174805 0.297852
v 0.145508 0.176758 0.317383
v 0.129883 0.170898 0.303711
v 0.151367 0.172852 0.309570
v 0.151367 0.172852 0.309570
v 0.147461 0.190430 0.307617
v 0.145508 0.176758 0.317383
v 0.131836 0.192383 0.301758
v 0.137695 0.188477 0.293945
v 0.129883 0.170898 0.303711
v 0.131836 0.190430 0.313477
v 0.131836 0.192383 0.301758
v 0.129883 0.170898 0.303711
v 0.129883 0.170898 0.303711
v 0.145508 0.176758 0.317383
v 0.137695 0.184570 0.319336
v 0.129883 0.170898 0.303711
v 0.137695 0.184570 0.319336
v 0.131836 0.190430 0.313477
v 0.086914 0.190430 0.266602
v 0.122070 0.086914 0.352539
v 0.133789 0.174805 0.301758
v 0.131836 0.192383 0.301758
v 0.147461 0.190430 0.307617
v 0.137695 0.188477 0.293945
v 0.147461 0.190430 0.307617
v 0.131836 0.192383 0.301758
v 0.131836 0.190430 0.313477
v 0.137695 0.184570 0.319336
v 0.145508 0.176758 0.317383
v 0.147461 0.190430 0.307617
v 0.131836 0.190430 0.313477
v 0.137695 0.184570 0.319336
v 0.147461 0.190430 0.307617
v 0.122070 0.086914 0.352539
v 0.055664 0.034180 0.305664
v 0.079102 0.002930 0.305664
v -0.006836 0.034180 0.336914
v -0.032227 0.041992 0.252930
v 0.055664 0.034180 0.305664
v 0.122070 0.086914 0.352539
v 0.086914 0.190430 0.266602
v 0.106445 0.215820 0.354492
v 0.122070 0.086914 0.352539
v 0.106445 0.215820 0.354492
v 0.073242 0.141602 0.454102
v 0.073242 0.141602 0.454102
v 0.104492 0.092773 0.424805
v 0.122070 0.086914 0.352539
v 0.086914 0.190430 0.266602
v 0.071289 0.235352 0.280273
v 0.106445 0.215820 0.354492
v -0.000977 0.247070 0.225586
v 0.071289 0.235352 0.280273
v 0.086914 0.190430 0.266602
v 0.020508 0.260742 0.372070
v 0.106445 0.215820 0.354492
v 0.071289 0.235352 0.280273
v -0.000977 0.282227 0.264648
v 0.020508 0.260742 0.372070
v 0.071289 0.235352 0.280273
v 0.071289 0.235352 0.280273
v -0.000977 0.247070 0.225586
v -0.000977 0.282227 0.264648
v 0.020508 0.260742 0.372070
v 0.073242 0.141602 0.454102
v 0.106445 0.215820 0.354492
v 0.079102 0.215820 0.375977
v 0.092773 0.202148 0.379883
v 0.088867 0.211914 0.370117
v 0.083008 0.213867 0.374023
v 0.079102 0.221680 0.364258
v 0.079102 0.215820 0.375977
v 0.079102 0.221680 0.364258
v 0.069336 0.227539 0.372070
v 0.079102 0.215820 0.375977
v 0.157227 0.043945 0.420898
v 0.165039 0.032227 0.415039
v 0.172852 0.047852 0.416992
v 0.172852 0.047852 0.416992
v 0.165039 0.032227 0.415039
v 0.155273 0.045898 0.413086
v 0.157227 0.059570 0.418945
v 0.157227 0.043945 0.420898
v 0.172852 0.047852 0.416992
v 0.155273 0.045898 0.413086
v 0.157227 0.059570 0.418945
v 0.172852 0.047852 0.416992
v 0.165039 0.032227 0.415039
v 0.157227 0.043945 0.420898
v 0.151367 0.030273 0.413086
v 0.165039 0.032227 0.415039
v 0.151367 0.030273 0.413086
v 0.155273 0.045898 0.413086
v 0.157227 0.043945 0.420898
v 0.157227 0.059570 0.418945
v 0.131836 0.036133 0.416992
v 0.131836 0.036133 0.416992
v 0.151367 0.030273 0.413086
v 0.157227 0.043945 0.420898
v 0.157227 0.059570 0.418945
v 0.155273 0.045898 0.413086
v 0.131836 0.036133 0.416992
v 0.131836 0.036133 0.416992
v 0.155273 0.045898 0.413086
v 0.151367 0.030273 0.413086
v 0.143555 0.063477 0.426758
v 0.141602 0.053711 0.436523
v 0.143555 0.051758 0.418945
v 0.143555 0.051758 0.418945
v 0.141602 0.053711 0.436523
v 0.129883 0.047852 0.450195
v 0.143555 0.051758 0.418945
v 0.131836 0.059570 0.434570
v 0.143555 0.063477 0.426758
v 0.129883 0.047852 0.450195
v 0.131836 0.059570 0.434570
v 0.143555 0.051758 0.418945
v 0.104492 0.092773 0.424805
v 0.127930 0.016602 0.469727
v 0.145508 0.055664 0.418945
v 0.141602 0.053711 0.436523
v 0.143555 0.063477 0.426758
v 0.141602 0.071289 0.440430
v 0.141602 0.071289 0.440430
v 0.129883 0.047852 0.450195
v 0.141602 0.053711 0.436523
v 0.141602 0.071289 0.440430
v 0.143555 0.063477 0.426758
v 0.131836 0.059570 0.434570
v 0.131836 0.059570 0.434570
v 0.129883 0.047852 0.450195
v 0.141602 0.071289 0.440430
v 0.127930 0.016602 0.469727
v 0.104492 0.092773 0.424805
v 0.026367 0.092773 0.446289
v 0.026367 0.092773 0.446289
v 0.047852 0.016602 0.497070
v 0.127930 0.016602 0.469727
v 0.073242 0.141602 0.454102
v 0.026367 0.092773 0.446289
v 0.104492 0.092773 0.424805
v 0.034180 0.053711 0.463867
v 0.041992 0.057617 0.481445
v 0.024414 0.051758 0.481445
v 0.040039 0.071289 0.473633
v 0.041992 0.057617 0.481445
v 0.034180 0.053711 0.463867
v 0.024414 0.051758 0.481445
v 0.018555 0.061523 0.475586
v 0.034180 0.053711 0.463867
v 0.034180 0.053711 0.463867
v 0.018555 0.061523 0.475586
v 0.026367 0.071289 0.473633
v 0.026367 0.071289 0.473633
v 0.040039 0.071289 0.473633
v 0.034180 0.053711 0.463867
v 0.047852 0.016602 0.497070
v 0.026367 0.092773 0.446289
v -0.032227 0.067383 0.418945
v -0.032227 0.067383 0.418945
v -0.032227 -0.002930 0.438477
v 0.047852 0.016602 0.497070
v 0.051758 0.053711 0.483398
v 0.041992 0.057617 0.481445
v 0.043945 0.043945 0.487305
v 0.053711 0.073242 0.475586
v 0.045898 0.059570 0.481445
v 0.051758 0.059570 0.481445
v 0.045898 0.059570 0.481445
v 0.053711 0.073242 0.475586
v 0.041992 0.073242 0.471680
v 0.034180 0.047852 0.485352
v 0.043945 0.043945 0.487305
v 0.041992 0.057617 0.481445
v 0.032227 0.063477 0.483398
v 0.024414 0.051758 0.481445
v 0.041992 0.057617 0.481445
v 0.041992 0.057617 0.481445
v 0.040039 0.071289 0.473633
v 0.032227 0.063477 0.483398
v 0.008789 0.049805 0.481445
v 0.024414 0.051758 0.481445
v 0.018555 0.061523 0.475586
v 0.018555 0.061523 0.475586
v 0.024414 0.051758 0.481445
v 0.032227 0.063477 0.483398
v 0.018555 0.061523 0.475586
v 0.010742 0.061523 0.475586
v 0.008789 0.049805 0.481445
v 0.018555 0.061523 0.475586
v 0.032227 0.063477 0.483398
v 0.026367 0.071289 0.473633
v 0.018555 0.061523 0.475586
v 0.026367 0.071289 0.473633
v 0.012695 0.071289 0.471680
v 0.024414 0.051758 0.481445
v 0.008789 0.049805 0.481445
v 0.022461 0.043945 0.485352
v 0.026367 0.092773 0.446289
v 0.073242 0.141602 0.454102
v -0.014648 0.141602 0.454102
v -0.014648 0.141602 0.454102
v -0.032227 0.067383 0.418945
v 0.026367 0.092773 0.446289
v 0.012695 0.071289 0.471680
v 0.026367 0.071289 0.473633
v 0.020508 0.079102 0.467773
v 0.026367 0.071289 0.473633
v 0.032227 0.063477 0.483398
v 0.040039 0.071289 0.473633
v 0.040039 0.071289 0.473633
v 0.038086 0.081055 0.469727
v 0.026367 0.077148 0.469727
v 0.040039 0.071289 0.473633
v 0.026367 0.077148 0.469727
v 0.026367 0.071289 0.473633
v 0.122070 0.137695 0.389648
v 0.118164 0.147461 0.387695
v 0.114258 0.143555 0.403320
v 0.114258 0.143555 0.403320
v 0.118164 0.135742 0.401367
v 0.122070 0.137695 0.389648
v 0.124023 0.143555 0.381836
v 0.122070 0.155273 0.375977
v 0.118164 0.147461 0.387695
v 0.116211 0.161133 0.383789
v 0.118164 0.147461 0.387695
v 0.122070 0.155273 0.375977
v 0.114258 0.143555 0.403320
v 0.098633 0.149414 0.389648
v 0.118164 0.147461 0.387695
v 0.118164 0.147461 0.387695
v 0.098633 0.149414 0.389648
v 0.110352 0.165039 0.389648
v 0.120117 0.157227 0.399414
v 0.114258 0.143555 0.403320
v 0.118164 0.147461 0.387695
v 0.118164 0.147461 0.387695
v 0.110352 0.165039 0.389648
v 0.120117 0.157227 0.399414
v 0.098633 0.149414 0.389648
v 0.114258 0.143555 0.403320
v 0.106445 0.159180 0.405273
v 0.106445 0.159180 0.405273
v 0.110352 0.165039 0.389648
v 0.098633 0.149414 0.389648
v 0.114258 0.143555 0.403320
v 0.120117 0.157227 0.399414
v 0.106445 0.159180 0.405273
v 0.114258 0.143555 0.403320
v 0.106445 0.159180 0.405273
v 0.112305 0.141602 0.415039
v 0.104492 0.172852 0.403320
v 0.110352 0.165039 0.389648
v 0.114258 0.168945 0.381836
v 0.114258 0.168945 0.381836
v 0.108398 0.176758 0.389648
v 0.104492 0.172852 0.403320
v 0.106445 0.159180 0.405273
v 0.120117 0.157227 0.399414
v 0.110352 0.165039 0.389648
v 0.104492 0.172852 0.403320
v 0.106445 0.159180 0.405273
v 0.110352 0.165039 0.389648
v 0.106445 0.153320 0.416992
v 0.112305 0.141602 0.415039
v 0.106445 0.159180 0.405273
v 0.092773 0.202148 0.379883
v 0.079102 0.215820 0.375977
v 0.084961 0.206055 0.385742
v 0.088867 0.202148 0.385742
v 0.084961 0.206055 0.385742
v 0.090820 0.196289 0.395508
v 0.079102 0.215820 0.375977
v 0.084961 0.206055 0.385742
v 0.065430 0.200195 0.379883
v 0.077148 0.215820 0.389648
v 0.084961 0.206055 0.385742
v 0.079102 0.215820 0.375977
v 0.079102 0.215820 0.375977
v 0.065430 0.200195 0.379883
v 0.067383 0.221680 0.383789
v 0.067383 0.221680 0.383789
v 0.077148 0.215820 0.389648
v 0.079102 0.215820 0.375977
v 0.079102 0.206055 0.395508
v 0.065430 0.200195 0.379883
v 0.084961 0.206055 0.385742
v 0.084961 0.206055 0.385742
v 0.077148 0.215820 0.389648
v 0.079102 0.206055 0.395508
v 0.079102 0.206055 0.395508
v 0.090820 0.196289 0.395508
v 0.084961 0.206055 0.385742
v 0.065430 0.200195 0.379883
v 0.079102 0.206055 0.395508
v 0.065430 0.215820 0.395508
v 0.065430 0.200195 0.379883
v 0.065430 0.215820 0.395508
v 0.067383 0.221680 0.383789
v 0.065430 0.215820 0.395508
v 0.079102 0.206055 0.395508
v 0.077148 0.215820 0.389648
v 0.067383 0.221680 0.383789
v 0.065430 0.215820 0.395508
v 0.077148 0.215820 0.389648
v 0.079102 0.206055 0.395508
v 0.081055 0.198242 0.403320
v 0.090820 0.196289 0.395508
v 0.069336 0.204102 0.411133
v 0.075195 0.204102 0.401367
v 0.063477 0.215820 0.397461
v 0.061523 0.213867 0.405273
v 0.069336 0.204102 0.411133
v 0.063477 0.215820 0.397461
v 0.057617 0.229492 0.381836
v 0.067383 0.221680 0.383789
v 0.067383 0.223633 0.377930
v 0.067383 0.221680 0.383789
v 0.057617 0.229492 0.381836
v 0.057617 0.223633 0.393555
v 0.047852 0.157227 0.432617
v 0.040039 0.166992 0.436523
v 0.055664 0.168945 0.452148
v 0.051758 0.163086 0.456055
v 0.040039 0.166992 0.436523
v 0.047852 0.157227 0.432617
v 0.055664 0.168945 0.452148
v 0.061523 0.155273 0.446289
v 0.047852 0.157227 0.432617
v 0.047852 0.157227 0.432617
v 0.061523 0.155273 0.446289
v 0.051758 0.163086 0.456055
v 0.045898 0.176758 0.458008
v 0.055664 0.168945 0.452148
v 0.040039 0.166992 0.436523
v 0.040039 0.166992 0.436523
v 0.051758 0.163086 0.456055
v 0.045898 0.176758 0.458008
v 0.073242 0.141602 0.454102
v 0.020508 0.260742 0.372070
v -0.014648 0.141602 0.454102
v 0.065430 0.159180 0.458008
v 0.061523 0.155273 0.446289
v 0.055664 0.168945 0.452148
v 0.051758 0.163086 0.456055
v 0.061523 0.155273 0.446289
v 0.065430 0.159180 0.458008
v 0.065430 0.159180 0.458008
v 0.055664 0.168945 0.452148
v 0.057617 0.172852 0.467773
v 0.057617 0.172852 0.467773
v 0.051758 0.163086 0.456055
v 0.065430 0.159180 0.458008
v 0.045898 0.176758 0.458008
v 0.057617 0.172852 0.467773
v 0.055664 0.168945 0.452148
v 0.024414 0.188477 0.440430
v 0.043945 0.186523 0.440430
v 0.041992 0.170898 0.446289
v 0.041992 0.170898 0.446289
v 0.043945 0.186523 0.440430
v 0.030273 0.190430 0.450195
v 0.041992 0.170898 0.446289
v 0.014648 0.178711 0.456055
v 0.024414 0.188477 0.440430
v 0.030273 0.190430 0.450195
v 0.014648 0.178711 0.456055
v 0.041992 0.170898 0.446289
v 0.024414 0.188477 0.440430
v 0.038086 0.198242 0.440430
v 0.043945 0.186523 0.440430
v 0.043945 0.186523 0.440430
v 0.038086 0.198242 0.440430
v 0.030273 0.190430 0.450195
v 0.051758 0.163086 0.456055
v 0.057617 0.172852 0.467773
v 0.045898 0.176758 0.458008
v 0.018555 0.200195 0.450195
v 0.024414 0.188477 0.440430
v 0.014648 0.178711 0.456055
v 0.014648 0.178711 0.456055
v 0.030273 0.190430 0.450195
v 0.018555 0.200195 0.450195
v 0.038086 0.198242 0.440430
v 0.024414 0.188477 0.440430
v 0.026367 0.208008 0.440430
v 0.026367 0.208008 0.440430
v 0.030273 0.190430 0.450195
v 0.038086 0.198242 0.440430
v 0.024414 0.188477 0.440430
v 0.018555 0.200195 0.450195
v 0.026367 0.208008 0.440430
v 0.026367 0.208008 0.440430
v 0.018555 0.200195 0.450195
v 0.030273 0.190430 0.450195
v 0.030273 0.274414 0.307617
v 0.020508 0.280273 0.323242
v 0.008789 0.258789 0.331055
v 0.018555 0.295898 0.315430
v 0.020508 0.280273 0.323242
v 0.030273 0.274414 0.307617
v 0.008789 0.258789 0.331055
v 0.014648 0.280273 0.315430
v 0.030273 0.274414 0.307617
v 0.030273 0.274414 0.307617
v 0.014648 0.280273 0.315430
v 0.018555 0.295898 0.315430
v 0.004883 0.278320 0.331055
v 0.008789 0.258789 0.331055
v 0.020508 0.280273 0.323242
v 0.008789 0.290039 0.325195
v 0.004883 0.278320 0.331055
v 0.020508 0.280273 0.323242
v 0.020508 0.280273 0.323242
v 0.018555 0.295898 0.315430
v 0.008789 0.290039 0.325195
v 0.014648 0.280273 0.315430
v 0.008789 0.258789 0.331055
v 0.004883 0.278320 0.331055
v 0.014648 0.280273 0.315430
v 0.004883 0.278320 0.331055
v 0.008789 0.290039 0.325195
v 0.008789 0.290039 0.325195
v 0.018555 0.295898 0.315430
v 0.014648 0.280273 0.315430
v 0.002930 0.278320 0.334961
v -0.002930 0.258789 0.331055
v -0.014648 0.280273 0.342773
v -0.006836 0.278320 0.350586
v -0.002930 0.258789 0.331055
v 0.002930 0.278320 0.334961
v 0.002930 0.278320 0.334961
v -0.014648 0.280273 0.342773
v -0.000977 0.290039 0.342773
v 0.002930 0.278320 0.334961
v -0.000977 0.290039 0.342773
v -0.006836 0.278320 0.350586
v -0.069336 0.252930 0.348633
v -0.014648 0.141602 0.454102
v 0.020508 0.260742 0.372070
v 0.020508 0.260742 0.372070
v -0.000977 0.282227 0.264648
v -0.069336 0.252930 0.348633
v -0.098633 -0.256836 0.012695
v -0.073242 -0.256836 0.014648
v -0.073242 -0.262695 0.014648
v -0.073242 -0.262695 0.014648
v -0.073242 -0.256836 0.014648
v -0.077148 -0.256836 0.063477
v -0.073242 -0.262695 0.014648
v -0.098633 -0.262695 0.012695
v -0.098633 -0.256836 0.012695
v -0.102539 -0.262695 0.061523
v -0.098633 -0.262695 0.012695
v -0.073242 -0.262695 0.014648
v -0.077148 -0.262695 0.063477
v -0.102539 -0.262695 0.061523
v -0.073242 -0.262695 0.014648
v -0.077148 -0.256836 0.063477
v -0.077148 -0.262695 0.063477
v -0.073242 -0.262695 0.014648
v -0.073242 -0.256836 0.014648
v -0.098633 -0.256836 0.012695
v -0.077148 -0.256836 0.063477
v -0.081055 -0.256836 0.022461
v -0.098633 -0.256836 0.020508
v -0.090820 -0.235352 0.020508
v -0.079102 -0.233398 0.022461
v -0.083008 -0.256836 0.055664
v -0.081055 -0.256836 0.022461
v -0.081055 -0.256836 0.022461
v -0.090820 -0.235352 0.020508
v -0.079102 -0.233398 0.022461
v -0.098633 -0.256836 0.012695
v -0.102539 -0.256836 0.061523
v -0.077148 -0.256836 0.063477
v -0.096680 -0.233398 0.020508
v -0.090820 -0.235352 0.020508
v -0.098633 -0.256836 0.020508
v -0.092773 -0.233398 0.059570
v -0.100586 -0.256836 0.053711
v -0.083008 -0.256836 0.055664
v -0.083008 -0.256836 0.055664
v -0.079102 -0.233398 0.022461
v -0.083008 -0.231445 0.059570
v -0.083008 -0.256836 0.055664
v -0.083008 -0.231445 0.059570
v -0.092773 -0.233398 0.059570
v -0.100586 -0.256836 0.053711
v -0.092773 -0.233398 0.059570
v -0.098633 -0.231445 0.057617
v -0.077148 -0.256836 0.063477
v -0.102539 -0.256836 0.061523
v -0.102539 -0.262695 0.061523
v -0.102539 -0.262695 0.061523
v -0.077148 -0.262695 0.063477
v -0.077148 -0.256836 0.063477
v -0.073242 -0.327148 0.110352
v -0.079102 -0.280273 0.104492
v -0.413086 -0.327148 0.110352
v -0.084961 -0.284180 0.079102
v -0.108398 -0.284180 0.079102
v -0.108398 -0.231445 0.079102
v -0.084961 -0.231445 0.079102
v -0.084961 -0.284180 0.096680
v -0.084961 -0.284180 0.079102
v -0.108398 -0.231445 0.079102
v -0.084961 -0.231445 0.079102
v -0.084961 -0.284180 0.079102
v -0.092773 -0.174805 0.108398
v -0.243164 -0.282227 0.092773
v -0.092773 -0.282227 0.090820
v -0.092773 -0.282227 0.090820
v -0.094727 -0.149414 0.053711
v -0.092773 -0.174805 0.108398
v -0.084961 -0.231445 0.098633
v -0.108398 -0.284180 0.096680
v -0.084961 -0.284180 0.096680
v -0.084961 -0.284180 0.096680
v -0.084961 -0.231445 0.079102
v -0.084961 -0.231445 0.098633
v -0.407227 -0.280273 0.104492
v -0.413086 -0.327148 0.110352
v -0.079102 -0.280273 0.104492
v -0.108398 -0.284180 0.096680
v -0.084961 -0.231445 0.098633
v -0.108398 -0.231445 0.098633
v -0.243164 -0.282227 0.092773
v -0.092773 -0.174805 0.108398
v -0.243164 -0.174805 0.110352
v -0.243164 -0.282227 0.092773
v -0.243164 -0.174805 0.110352
v -0.393555 -0.282227 0.090820
v -0.051758 -0.325195 0.143555
v -0.114258 -0.325195 0.219727
v -0.049805 -0.211914 0.235352
v -0.116211 -0.325195 0.309570
v -0.049805 -0.211914 0.235352
v -0.114258 -0.325195 0.219727
v -0.088867 -0.206055 0.024414
v -0.079102 -0.233398 0.022461
v -0.090820 -0.235352 0.020508
v -0.096680 -0.233398 0.020508
v -0.088867 -0.206055 0.024414
v -0.090820 -0.235352 0.020508
v -0.088867 -0.206055 0.024414
v -0.079102 -0.206055 0.026367
v -0.079102 -0.233398 0.022461
v -0.079102 -0.233398 0.022461
v -0.079102 -0.206055 0.026367
v -0.081055 -0.209961 0.057617
v -0.081055 -0.209961 0.057617
v -0.083008 -0.231445 0.059570
v -0.079102 -0.233398 0.022461
v -0.079102 -0.206055 0.026367
v -0.088867 -0.206055 0.024414
v -0.096680 -0.198242 0.040039
v -0.079102 -0.206055 0.026367
v -0.081055 -0.198242 0.041992
v -0.081055 -0.209961 0.057617
v -0.096680 -0.198242 0.040039
v -0.081055 -0.198242 0.041992
v -0.079102 -0.206055 0.026367
v -0.088867 -0.206055 0.024414
v -0.096680 -0.233398 0.020508
v -0.096680 -0.206055 0.026367
v -0.088867 -0.206055 0.024414
v -0.096680 -0.206055 0.026367
v -0.096680 -0.198242 0.040039
v -0.081055 -0.209961 0.057617
v -0.092773 -0.233398 0.059570
v -0.083008 -0.231445 0.059570
v -0.092773 -0.233398 0.059570
v -0.081055 -0.209961 0.057617
v -0.090820 -0.211914 0.057617
v -0.092773 -0.233398 0.059570
v -0.090820 -0.211914 0.057617
v -0.098633 -0.231445 0.057617
v -0.090820 -0.211914 0.057617
v -0.081055 -0.209961 0.057617
v -0.081055 -0.198242 0.041992
v -0.096680 -0.198242 0.040039
v -0.090820 -0.211914 0.057617
v -0.081055 -0.198242 0.041992
v -0.098633 -0.209961 0.055664
v -0.098633 -0.231445 0.057617
v -0.090820 -0.211914 0.057617
v -0.090820 -0.211914 0.057617
v -0.096680 -0.198242 0.040039
v -0.098633 -0.209961 0.055664
v -0.063477 -0.157227 0.053711
v -0.067383 -0.143555 0.061523
v -0.061523 -0.180664 0.120117
v -0.063477 -0.157227 0.053711
v -0.061523 -0.180664 0.120117
v -0.424805 -0.180664 0.120117
v -0.424805 -0.180664 0.120117
v -0.422852 -0.157227 0.053711
v -0.063477 -0.157227 0.053711
v -0.065430 -0.166992 0.127930
v -0.061523 -0.180664 0.120117
v -0.067383 -0.143555 0.061523
v -0.067383 -0.143555 0.061523
v -0.063477 -0.137695 0.063477
v -0.065430 -0.166992 0.127930
v -0.061523 -0.180664 0.120117
v -0.065430 -0.166992 0.127930
v -0.424805 -0.180664 0.120117
v -0.084961 -0.231445 0.079102
v -0.108398 -0.231445 0.079102
v -0.083008 -0.168945 0.094727
v -0.083008 -0.168945 0.094727
v -0.084961 -0.231445 0.098633
v -0.084961 -0.231445 0.079102
v -0.108398 -0.168945 0.094727
v -0.083008 -0.168945 0.094727
v -0.108398 -0.231445 0.079102
v -0.108398 -0.168945 0.116211
v -0.108398 -0.231445 0.098633
v -0.084961 -0.231445 0.098633
v -0.084961 -0.231445 0.098633
v -0.083008 -0.168945 0.094727
v -0.083008 -0.168945 0.116211
v -0.084961 -0.231445 0.098633
v -0.083008 -0.168945 0.116211
v -0.108398 -0.168945 0.116211
v -0.063477 -0.137695 0.063477
v -0.063477 -0.104492 0.002930
v -0.422852 -0.104492 0.002930
v -0.063477 -0.137695 0.063477
v -0.059570 -0.159180 0.127930
v -0.065430 -0.166992 0.127930
v -0.422852 -0.137695 0.063477
v -0.059570 -0.159180 0.127930
v -0.063477 -0.137695 0.063477
v -0.422852 -0.104492 0.002930
v -0.422852 -0.137695 0.063477
v -0.063477 -0.137695 0.063477
v -0.004883 -0.124023 0.022461
v -0.006836 -0.108398 0.030273
v -0.454102 -0.124023 0.022461
v -0.006836 -0.108398 0.030273
v -0.000977 -0.096680 0.034180
v -0.452148 -0.108398 0.030273
v -0.006836 -0.108398 0.030273
v -0.452148 -0.108398 0.030273
v -0.454102 -0.124023 0.022461
v -0.458008 -0.096680 0.034180
v -0.452148 -0.108398 0.030273
v -0.000977 -0.096680 0.034180
v -0.102539 -0.061523 0.141602
v -0.118164 -0.000977 0.084961
v -0.022461 -0.000977 0.059570
v -0.022461 -0.000977 0.059570
v -0.118164 -0.000977 0.084961
v -0.094727 0.092773 0.106445
v -0.094727 0.092773 0.106445
v -0.000977 0.092773 0.096680
v -0.022461 -0.000977 0.059570
v -0.036133 -0.051758 0.079102
v -0.032227 -0.034180 0.081055
v -0.041992 -0.040039 0.090820
v -0.047852 -0.038086 0.083008
v -0.032227 -0.034180 0.081055
v -0.036133 -0.051758 0.079102
v -0.036133 -0.051758 0.079102
v -0.041992 -0.040039 0.090820
v -0.051758 -0.053711 0.086914
v -0.036133 -0.051758 0.079102
v -0.051758 -0.053711 0.086914
v -0.047852 -0.038086 0.083008
v -0.038086 -0.022461 0.084961
v -0.041992 -0.040039 0.090820
v -0.032227 -0.034180 0.081055
v -0.032227 -0.034180 0.081055
v -0.047852 -0.038086 0.083008
v -0.038086 -0.022461 0.084961
v -0.059570 -0.043945 0.094727
v -0.051758 -0.053711 0.086914
v -0.041992 -0.040039 0.090820
v -0.041992 -0.040039 0.090820
v -0.038086 -0.022461 0.084961
v -0.053711 -0.024414 0.092773
v -0.041992 -0.040039 0.090820
v -0.053711 -0.024414 0.092773
v -0.059570 -0.043945 0.094727
v -0.059570 -0.043945 0.094727
v -0.047852 -0.038086 0.083008
v -0.051758 -0.053711 0.086914
v -0.053711 -0.024414 0.092773
v -0.038086 -0.022461 0.084961
v -0.047852 -0.038086 0.083008
v -0.059570 -0.043945 0.094727
v -0.053711 -0.024414 0.092773
v -0.047852 -0.038086 0.083008
v -0.057617 -0.028320 0.088867
v -0.055664 -0.034180 0.108398
v -0.071289 -0.040039 0.084961
v -0.077148 -0.032227 0.092773
v -0.055664 -0.034180 0.108398
v -0.057617 -0.028320 0.088867
v -0.057617 -0.028320 0.088867
v -0.071289 -0.040039 0.084961
v -0.067383 -0.022461 0.081055
v -0.067383 -0.022461 0.081055
v -0.077148 -0.032227 0.092773
v -0.057617 -0.028320 0.088867
v -0.083008 -0.049805 0.096680
v -0.071289 -0.040039 0.084961
v -0.055664 -0.034180 0.108398
v -0.055664 -0.034180 0.108398
v -0.077148 -0.032227 0.092773
v -0.083008 -0.049805 0.096680
v -0.071289 -0.040039 0.084961
v -0.081055 -0.036133 0.084961
v -0.081055 -0.024414 0.077148
v -0.083008 -0.049805 0.096680
v -0.081055 -0.036133 0.084961
v -0.071289 -0.040039 0.084961
v -0.071289 -0.040039 0.084961
v -0.081055 -0.024414 0.077148
v -0.067383 -0.022461 0.081055
v -0.081055 -0.024414 0.077148
v -0.081055 -0.036133 0.084961
v -0.077148 -0.032227 0.092773
v -0.077148 -0.032227 0.092773
v -0.081055 -0.036133 0.084961
v -0.083008 -0.049805 0.096680
v -0.067383 -0.022461 0.081055
v -0.081055 -0.024414 0.077148
v -0.077148 -0.032227 0.092773
v -0.118164 -0.000977 0.084961
v -0.102539 -0.061523 0.141602
v -0.151367 0.002930 0.172852
v -0.151367 0.002930 0.172852
v -0.094727 0.092773 0.106445
v -0.118164 -0.000977 0.084961
v -0.223633 -0.149414 0.047852
v -0.241211 -0.149414 0.047852
v -0.217773 -0.012695 0.063477
v -0.217773 -0.022461 0.079102
v -0.223633 -0.149414 0.063477
v -0.223633 -0.149414 0.047852
v -0.223633 -0.149414 0.047852
v -0.217773 -0.012695 0.063477
v -0.217773 -0.022461 0.079102
v -0.227539 -0.149414 0.057617
v -0.225586 -0.020508 0.073242
v -0.342773 -0.020508 0.073242
v -0.342773 -0.020508 0.073242
v -0.338867 -0.149414 0.057617
v -0.227539 -0.149414 0.057617
v -0.241211 -0.149414 0.047852
v -0.241211 -0.149414 0.063477
v -0.239258 -0.012695 0.063477
v -0.239258 -0.012695 0.063477
v -0.217773 -0.012695 0.063477
v -0.241211 -0.149414 0.047852
v -0.239258 -0.022461 0.079102
v -0.241211 -0.149414 0.063477
v -0.223633 -0.149414 0.063477
v -0.223633 -0.149414 0.063477
v -0.217773 -0.022461 0.079102
v -0.239258 -0.022461 0.079102
v -0.239258 -0.022461 0.079102
v -0.239258 -0.012695 0.063477
v -0.241211 -0.149414 0.063477
v -0.393555 -0.174805 0.108398
v -0.393555 -0.282227 0.090820
v -0.243164 -0.174805 0.110352
v -0.206055 -0.032227 0.092773
v -0.208008 -0.018555 0.092773
v -0.284180 -0.024414 0.092773
v -0.208008 -0.018555 0.092773
v -0.202148 -0.014648 0.098633
v -0.284180 -0.004883 0.096680
v -0.284180 -0.010742 0.092773
v -0.284180 -0.024414 0.092773
v -0.208008 -0.018555 0.092773
v -0.284180 -0.004883 0.096680
v -0.284180 -0.010742 0.092773
v -0.208008 -0.018555 0.092773
v -0.420898 -0.166992 0.127930
v -0.065430 -0.166992 0.127930
v -0.059570 -0.159180 0.127930
v -0.059570 -0.159180 0.127930
v -0.422852 -0.137695 0.063477
v -0.426758 -0.159180 0.127930
v -0.426758 -0.159180 0.127930
v -0.420898 -0.166992 0.127930
v -0.059570 -0.159180 0.127930
v -0.420898 -0.166992 0.127930
v -0.424805 -0.180664 0.120117
v -0.065430 -0.166992 0.127930
v -0.041992 -0.071289 0.286133
v -0.038086 -0.077148 0.245117
v -0.049805 -0.211914 0.235352
v -0.049805 -0.211914 0.235352
v -0.116211 -0.325195 0.309570
v -0.049805 -0.211914 0.290039
v -0.049805 -0.211914 0.235352
v -0.049805 -0.211914 0.290039
v -0.041992 -0.071289 0.286133
v -0.047852 -0.086914 0.188477
v -0.030273 -0.081055 0.184570
v -0.020508 -0.125977 0.227539
v -0.040039 -0.108398 0.245117
v -0.047852 -0.086914 0.188477
v -0.020508 -0.125977 0.227539
v -0.030273 -0.081055 0.184570
v -0.043945 -0.030273 0.165039
v -0.034180 -0.026367 0.174805
v -0.047852 -0.086914 0.188477
v -0.043945 -0.030273 0.165039
v -0.030273 -0.081055 0.184570
v -0.030273 -0.081055 0.184570
v -0.034180 -0.026367 0.174805
v -0.020508 -0.067383 0.192383
v -0.047852 -0.086914 0.188477
v -0.057617 -0.030273 0.166992
v -0.043945 -0.030273 0.165039
v -0.057617 -0.075195 0.204102
v -0.063477 -0.026367 0.178711
v -0.057617 -0.030273 0.166992
v -0.057617 -0.030273 0.166992
v -0.047852 -0.086914 0.188477
v -0.057617 -0.075195 0.204102
v -0.030273 -0.055664 0.206055
v -0.020508 -0.067383 0.192383
v -0.034180 -0.026367 0.174805
v -0.055664 -0.022461 0.190430
v -0.030273 -0.055664 0.206055
v -0.034180 -0.026367 0.174805
v -0.102539 -0.061523 0.141602
v -0.086914 -0.038086 0.227539
v -0.151367 0.002930 0.172852
v -0.063477 -0.026367 0.178711
v -0.057617 -0.075195 0.204102
v -0.047852 -0.061523 0.211914
v -0.063477 -0.026367 0.178711
v -0.047852 -0.061523 0.211914
v -0.055664 -0.022461 0.190430
v -0.040039 -0.108398 0.245117
v -0.057617 -0.075195 0.204102
v -0.047852 -0.086914 0.188477
v -0.057617 -0.075195 0.204102
v -0.040039 -0.108398 0.245117
v -0.038086 -0.077148 0.245117
v -0.057617 -0.075195 0.204102
v -0.038086 -0.077148 0.245117
v -0.047852 -0.061523 0.211914
v -0.047852 -0.061523 0.211914
v -0.038086 -0.077148 0.245117
v -0.020508 -0.063477 0.225586
v -0.020508 -0.063477 0.225586
v -0.038086 -0.077148 0.245117
v -0.032227 0.069336 0.241211
v -0.020508 -0.063477 0.225586
v -0.030273 -0.055664 0.206055
v -0.047852 -0.061523 0.211914
v -0.038086 -0.077148 0.245117
v -0.041992 -0.071289 0.286133
v -0.032227 0.069336 0.241211
v -0.055664 -0.022461 0.190430
v -0.047852 -0.061523 0.211914
v -0.030273 -0.055664 0.206055
v -0.086914 -0.038086 0.227539
v -0.084961 0.002930 0.247070
v -0.151367 0.002930 0.172852
v -0.348633 -0.321289 0.112305
v -0.297852 -0.293945 0.094727
v -0.290039 -0.327148 0.116211
v -0.290039 -0.327148 0.116211
v -0.297852 -0.293945 0.094727
v -0.270508 -0.290039 0.125977
v -0.352539 -0.327148 0.163086
v -0.348633 -0.321289 0.112305
v -0.290039 -0.327148 0.116211
v -0.274414 -0.301758 0.165039
v -0.297852 -0.323242 0.176758
v -0.290039 -0.327148 0.116211
v -0.290039 -0.327148 0.116211
v -0.297852 -0.323242 0.176758
v -0.352539 -0.327148 0.163086
v -0.290039 -0.327148 0.116211
v -0.270508 -0.290039 0.125977
v -0.274414 -0.301758 0.165039
v -0.338867 -0.274414 0.098633
v -0.297852 -0.260742 0.110352
v -0.297852 -0.293945 0.094727
v -0.297852 -0.293945 0.094727
v -0.297852 -0.260742 0.110352
v -0.270508 -0.290039 0.125977
v -0.297852 -0.293945 0.094727
v -0.348633 -0.321289 0.112305
v -0.338867 -0.274414 0.098633
v -0.297852 -0.260742 0.110352
v -0.338867 -0.274414 0.098633
v -0.344727 -0.250977 0.133789
v -0.293945 -0.250977 0.155273
v -0.270508 -0.290039 0.125977
v -0.297852 -0.260742 0.110352
v -0.344727 -0.250977 0.133789
v -0.293945 -0.250977 0.155273
v -0.297852 -0.260742 0.110352
v -0.366211 -0.301758 0.125977
v -0.338867 -0.274414 0.098633
v -0.348633 -0.321289 0.112305
v -0.348633 -0.321289 0.112305
v -0.352539 -0.327148 0.163086
v -0.366211 -0.301758 0.125977
v -0.338867 -0.274414 0.098633
v -0.366211 -0.301758 0.125977
v -0.344727 -0.250977 0.133789
v -0.375977 -0.284180 0.079102
v -0.399414 -0.284180 0.079102
v -0.397461 -0.227539 0.081055
v -0.372070 -0.227539 0.100586
v -0.375977 -0.284180 0.096680
v -0.375977 -0.284180 0.079102
v -0.375977 -0.284180 0.079102
v -0.372070 -0.227539 0.081055
v -0.372070 -0.227539 0.100586
v -0.397461 -0.227539 0.081055
v -0.372070 -0.227539 0.081055
v -0.375977 -0.284180 0.079102
v -0.399414 -0.284180 0.079102
v -0.399414 -0.284180 0.096680
v -0.397461 -0.227539 0.100586
v -0.397461 -0.227539 0.100586
v -0.397461 -0.227539 0.081055
v -0.399414 -0.284180 0.079102
v -0.397461 -0.227539 0.100586
v -0.399414 -0.284180 0.096680
v -0.375977 -0.284180 0.096680
v -0.375977 -0.284180 0.096680
v -0.372070 -0.227539 0.100586
v -0.397461 -0.227539 0.100586
v -0.297852 -0.323242 0.176758
v -0.274414 -0.301758 0.165039
v -0.317383 -0.291992 0.192383
v -0.317383 -0.291992 0.192383
v -0.352539 -0.327148 0.163086
v -0.297852 -0.323242 0.176758
v -0.270508 -0.290039 0.125977
v -0.293945 -0.250977 0.155273
v -0.274414 -0.301758 0.165039
v -0.317383 -0.291992 0.192383
v -0.274414 -0.301758 0.165039
v -0.293945 -0.250977 0.155273
v -0.293945 -0.250977 0.155273
v -0.344727 -0.250977 0.133789
v -0.338867 -0.260742 0.170898
v -0.293945 -0.250977 0.155273
v -0.338867 -0.260742 0.170898
v -0.317383 -0.291992 0.192383
v -0.352539 -0.297852 0.178711
v -0.366211 -0.301758 0.125977
v -0.352539 -0.327148 0.163086
v -0.317383 -0.291992 0.192383
v -0.352539 -0.297852 0.178711
v -0.352539 -0.327148 0.163086
v -0.352539 -0.297852 0.178711
v -0.344727 -0.250977 0.133789
v -0.366211 -0.301758 0.125977
v -0.352539 -0.297852 0.178711
v -0.338867 -0.260742 0.170898
v -0.344727 -0.250977 0.133789
v -0.372070 -0.272461 0.153320
v -0.370117 -0.274414 0.165039
v -0.389648 -0.291992 0.168945
v -0.364258 -0.243164 0.153320
v -0.370117 -0.274414 0.165039
v -0.372070 -0.272461 0.153320
v -0.389648 -0.291992 0.168945
v -0.381836 -0.270508 0.153320
v -0.372070 -0.272461 0.153320
v -0.372070 -0.272461 0.153320
v -0.381836 -0.270508 0.153320
v -0.364258 -0.243164 0.153320
v -0.338867 -0.260742 0.170898
v -0.352539 -0.297852 0.178711
v -0.317383 -0.291992 0.192383
v -0.370117 -0.274414 0.165039
v -0.374023 -0.262695 0.157227
v -0.379883 -0.262695 0.166992
v -0.354492 -0.239258 0.155273
v -0.374023 -0.262695 0.157227
v -0.370117 -0.274414 0.165039
v -0.389648 -0.291992 0.174805
v -0.389648 -0.291992 0.168945
v -0.370117 -0.274414 0.165039
v -0.393555 -0.286133 0.174805
v -0.389648 -0.291992 0.174805
v -0.370117 -0.274414 0.165039
v -0.381836 -0.276367 0.165039
v -0.393555 -0.286133 0.174805
v -0.370117 -0.274414 0.165039
v -0.379883 -0.262695 0.166992
v -0.381836 -0.276367 0.165039
v -0.370117 -0.274414 0.165039
v -0.364258 -0.243164 0.153320
v -0.354492 -0.239258 0.155273
v -0.370117 -0.274414 0.165039
v -0.374023 -0.262695 0.157227
v -0.381836 -0.270508 0.153320
v -0.379883 -0.262695 0.166992
v -0.368164 -0.237305 0.145508
v -0.381836 -0.270508 0.153320
v -0.374023 -0.262695 0.157227
v -0.374023 -0.262695 0.157227
v -0.354492 -0.239258 0.155273
v -0.368164 -0.243164 0.157227
v -0.368164 -0.243164 0.157227
v -0.368164 -0.237305 0.145508
v -0.374023 -0.262695 0.157227
v -0.405273 -0.327148 0.174805
v -0.411133 -0.327148 0.180664
v -0.409180 -0.309570 0.174805
v -0.409180 -0.311523 0.182617
v -0.411133 -0.327148 0.180664
v -0.405273 -0.327148 0.174805
v -0.405273 -0.327148 0.174805
v -0.409180 -0.309570 0.174805
v -0.409180 -0.311523 0.182617
v -0.415039 -0.309570 0.174805
v -0.409180 -0.309570 0.174805
v -0.411133 -0.327148 0.180664
v -0.415039 -0.309570 0.180664
v -0.415039 -0.309570 0.174805
v -0.411133 -0.327148 0.180664
v -0.411133 -0.327148 0.180664
v -0.409180 -0.311523 0.182617
v -0.415039 -0.309570 0.180664
v -0.409180 -0.311523 0.182617
v -0.405273 -0.309570 0.186523
v -0.407227 -0.313477 0.182617
v -0.407227 -0.313477 0.182617
v -0.405273 -0.309570 0.186523
v -0.403320 -0.307617 0.200195
v -0.409180 -0.311523 0.182617
v -0.405273 -0.284180 0.184570
v -0.407227 -0.313477 0.182617
v -0.407227 -0.313477 0.182617
v -0.405273 -0.284180 0.184570
v -0.401367 -0.286133 0.190430
v -0.407227 -0.309570 0.202148
v -0.409180 -0.311523 0.182617
v -0.407227 -0.313477 0.182617
v -0.409180 -0.284180 0.188477
v -0.409180 -0.311523 0.182617
v -0.407227 -0.313477 0.182617
v -0.407227 -0.313477 0.182617
v -0.403320 -0.307617 0.200195
v -0.407227 -0.309570 0.202148
v -0.407227 -0.313477 0.182617
v -0.401367 -0.286133 0.190430
v -0.409180 -0.284180 0.188477
v -0.381836 -0.270508 0.153320
v -0.389648 -0.291992 0.168945
v -0.395508 -0.288086 0.168945
v -0.381836 -0.270508 0.153320
v -0.395508 -0.288086 0.168945
v -0.381836 -0.276367 0.165039
v -0.381836 -0.270508 0.153320
v -0.381836 -0.276367 0.165039
v -0.379883 -0.262695 0.166992
v -0.381836 -0.270508 0.153320
v -0.368164 -0.237305 0.145508
v -0.364258 -0.243164 0.153320
v -0.430664 -0.260742 0.159180
v -0.434570 -0.254883 0.153320
v -0.422852 -0.256836 0.155273
v -0.422852 -0.256836 0.155273
v -0.434570 -0.254883 0.153320
v -0.430664 -0.252930 0.157227
v -0.422852 -0.256836 0.155273
v -0.418945 -0.274414 0.163086
v -0.428711 -0.274414 0.161133
v -0.424805 -0.262695 0.166992
v -0.418945 -0.274414 0.163086
v -0.422852 -0.256836 0.155273
v -0.422852 -0.256836 0.155273
v -0.428711 -0.274414 0.161133
v -0.430664 -0.260742 0.159180
v -0.422852 -0.256836 0.155273
v -0.430664 -0.252930 0.157227
v -0.422852 -0.254883 0.166992
v -0.422852 -0.254883 0.166992
v -0.424805 -0.262695 0.166992
v -0.422852 -0.256836 0.155273
v -0.434570 -0.254883 0.153320
v -0.430664 -0.260742 0.159180
v -0.434570 -0.258789 0.166992
v -0.434570 -0.258789 0.166992
v -0.430664 -0.252930 0.157227
v -0.434570 -0.254883 0.153320
v -0.415039 -0.309570 0.182617
v -0.395508 -0.288086 0.168945
v -0.389648 -0.291992 0.168945
v -0.389648 -0.291992 0.168945
v -0.389648 -0.291992 0.174805
v -0.405273 -0.313477 0.188477
v -0.405273 -0.313477 0.188477
v -0.415039 -0.309570 0.182617
v -0.389648 -0.291992 0.168945
v -0.395508 -0.288086 0.168945
v -0.393555 -0.286133 0.174805
v -0.381836 -0.276367 0.165039
v -0.409180 -0.301758 0.184570
v -0.393555 -0.286133 0.174805
v -0.395508 -0.288086 0.168945
v -0.415039 -0.309570 0.182617
v -0.409180 -0.301758 0.184570
v -0.395508 -0.288086 0.168945
v -0.389648 -0.291992 0.174805
v -0.393555 -0.286133 0.174805
v -0.403320 -0.303711 0.190430
v -0.403320 -0.303711 0.190430
v -0.405273 -0.313477 0.188477
v -0.389648 -0.291992 0.174805
v -0.405273 -0.309570 0.186523
v -0.409180 -0.311523 0.182617
v -0.411133 -0.305664 0.200195
v -0.405273 -0.299805 0.204102
v -0.403320 -0.307617 0.200195
v -0.405273 -0.309570 0.186523
v -0.411133 -0.305664 0.200195
v -0.405273 -0.299805 0.204102
v -0.405273 -0.309570 0.186523
v -0.393555 -0.286133 0.174805
v -0.409180 -0.301758 0.184570
v -0.403320 -0.303711 0.190430
v -0.405273 -0.284180 0.184570
v -0.409180 -0.311523 0.182617
v -0.409180 -0.284180 0.188477
v -0.399414 -0.268555 0.188477
v -0.401367 -0.286133 0.190430
v -0.405273 -0.284180 0.184570
v -0.401367 -0.268555 0.190430
v -0.399414 -0.268555 0.188477
v -0.405273 -0.284180 0.184570
v -0.409180 -0.284180 0.188477
v -0.401367 -0.268555 0.190430
v -0.405273 -0.284180 0.184570
v -0.401367 -0.268555 0.190430
v -0.403320 -0.250977 0.186523
v -0.397461 -0.252930 0.182617
v -0.397461 -0.252930 0.182617
v -0.403320 -0.250977 0.186523
v -0.399414 -0.239258 0.178711
v -0.397461 -0.252930 0.182617
v -0.399414 -0.268555 0.188477
v -0.401367 -0.268555 0.190430
v -0.393555 -0.252930 0.188477
v -0.399414 -0.268555 0.188477
v -0.397461 -0.252930 0.182617
v -0.387695 -0.243164 0.182617
v -0.393555 -0.252930 0.188477
v -0.397461 -0.252930 0.182617
v -0.391602 -0.241211 0.176758
v -0.387695 -0.243164 0.182617
v -0.397461 -0.252930 0.182617
v -0.399414 -0.239258 0.178711
v -0.391602 -0.241211 0.176758
v -0.397461 -0.252930 0.182617
v -0.403320 -0.250977 0.186523
v -0.401367 -0.268555 0.190430
v -0.397461 -0.262695 0.194336
v -0.403320 -0.250977 0.186523
v -0.397461 -0.262695 0.194336
v -0.399414 -0.249023 0.192383
v -0.395508 -0.239258 0.184570
v -0.399414 -0.239258 0.178711
v -0.403320 -0.250977 0.186523
v -0.399414 -0.249023 0.192383
v -0.395508 -0.239258 0.184570
v -0.403320 -0.250977 0.186523
v -0.409180 -0.309570 0.174805
v -0.415039 -0.309570 0.174805
v -0.413086 -0.291992 0.172852
v -0.415039 -0.290039 0.178711
v -0.409180 -0.311523 0.182617
v -0.409180 -0.309570 0.174805
v -0.409180 -0.309570 0.174805
v -0.413086 -0.291992 0.172852
v -0.415039 -0.290039 0.178711
v -0.415039 -0.309570 0.174805
v -0.415039 -0.309570 0.180664
v -0.420898 -0.291992 0.178711
v -0.418945 -0.291992 0.172852
v -0.413086 -0.291992 0.172852
v -0.415039 -0.309570 0.174805
v -0.420898 -0.291992 0.178711
v -0.418945 -0.291992 0.172852
v -0.415039 -0.309570 0.174805
v -0.420898 -0.291992 0.178711
v -0.415039 -0.309570 0.180664
v -0.409180 -0.311523 0.182617
v -0.409180 -0.311523 0.182617
v -0.415039 -0.290039 0.178711
v -0.420898 -0.291992 0.178711
v -0.409180 -0.311523 0.182617
v -0.407227 -0.309570 0.202148
v -0.411133 -0.305664 0.200195
v -0.409180 -0.301758 0.184570
v -0.415039 -0.309570 0.182617
v -0.426758 -0.291992 0.200195
v -0.420898 -0.290039 0.202148
v -0.403320 -0.303711 0.190430
v -0.409180 -0.301758 0.184570
v -0.426758 -0.291992 0.200195
v -0.420898 -0.290039 0.202148
v -0.409180 -0.301758 0.184570
v -0.415039 -0.309570 0.182617
v -0.405273 -0.313477 0.188477
v -0.426758 -0.295898 0.206055
v -0.426758 -0.295898 0.206055
v -0.426758 -0.291992 0.200195
v -0.415039 -0.309570 0.182617
v -0.413086 -0.291992 0.172852
v -0.418945 -0.291992 0.172852
v -0.418945 -0.274414 0.163086
v -0.418945 -0.274414 0.163086
v -0.415039 -0.290039 0.178711
v -0.413086 -0.291992 0.172852
v -0.418945 -0.291992 0.172852
v -0.420898 -0.291992 0.178711
v -0.430664 -0.276367 0.172852
v -0.428711 -0.274414 0.161133
v -0.418945 -0.274414 0.163086
v -0.418945 -0.291992 0.172852
v -0.430664 -0.276367 0.172852
v -0.428711 -0.274414 0.161133
v -0.418945 -0.291992 0.172852
v -0.420898 -0.280273 0.172852
v -0.420898 -0.291992 0.178711
v -0.415039 -0.290039 0.178711
v -0.415039 -0.290039 0.178711
v -0.418945 -0.274414 0.163086
v -0.420898 -0.280273 0.172852
v -0.420898 -0.291992 0.178711
v -0.420898 -0.280273 0.172852
v -0.430664 -0.276367 0.172852
v -0.424805 -0.262695 0.166992
v -0.426758 -0.266602 0.166992
v -0.418945 -0.274414 0.163086
v -0.418945 -0.274414 0.163086
v -0.426758 -0.266602 0.166992
v -0.420898 -0.268555 0.176758
v -0.420898 -0.268555 0.176758
v -0.420898 -0.280273 0.172852
v -0.418945 -0.274414 0.163086
v -0.434570 -0.258789 0.166992
v -0.430664 -0.260742 0.159180
v -0.428711 -0.274414 0.161133
v -0.430664 -0.276367 0.172852
v -0.434570 -0.258789 0.166992
v -0.428711 -0.274414 0.161133
v -0.426758 -0.266602 0.166992
v -0.424805 -0.262695 0.166992
v -0.430664 -0.276367 0.172852
v -0.430664 -0.276367 0.172852
v -0.420898 -0.268555 0.176758
v -0.426758 -0.266602 0.166992
v -0.434570 -0.258789 0.166992
v -0.422852 -0.254883 0.166992
v -0.430664 -0.252930 0.157227
v -0.424805 -0.262695 0.166992
v -0.422852 -0.254883 0.166992
v -0.434570 -0.258789 0.166992
v -0.424805 -0.262695 0.166992
v -0.434570 -0.258789 0.166992
v -0.430664 -0.276367 0.172852
v -0.420898 -0.280273 0.172852
v -0.420898 -0.268555 0.176758
v -0.430664 -0.276367 0.172852
v -0.413086 -0.325195 0.282227
v -0.461914 -0.325195 0.155273
v -0.461914 -0.346680 0.155273
v -0.461914 -0.346680 0.155273
v -0.166992 -0.346680 0.446289
v -0.311523 -0.346680 0.381836
v -0.461914 -0.346680 0.155273
v -0.413086 -0.346680 0.282227
v -0.413086 -0.325195 0.282227
v -0.311523 -0.346680 0.381836
v -0.413086 -0.346680 0.282227
v -0.461914 -0.346680 0.155273
v -0.461914 -0.325195 0.155273
v -0.413086 -0.325195 0.282227
v -0.311523 -0.325195 0.381836
v -0.405273 -0.313477 0.188477
v -0.403320 -0.303711 0.190430
v -0.418945 -0.293945 0.206055
v -0.405273 -0.313477 0.188477
v -0.418945 -0.293945 0.206055
v -0.426758 -0.295898 0.206055
v -0.403320 -0.303711 0.190430
v -0.420898 -0.290039 0.202148
v -0.418945 -0.293945 0.206055
v -0.403320 -0.307617 0.200195
v -0.405273 -0.299805 0.204102
v -0.397461 -0.299805 0.223633
v -0.397461 -0.299805 0.223633
v -0.407227 -0.309570 0.202148
v -0.403320 -0.307617 0.200195
v -0.399414 -0.268555 0.188477
v -0.395508 -0.266602 0.194336
v -0.401367 -0.286133 0.190430
v -0.401367 -0.286133 0.190430
v -0.395508 -0.266602 0.194336
v -0.401367 -0.268555 0.190430
v -0.401367 -0.286133 0.190430
v -0.401367 -0.268555 0.190430
v -0.409180 -0.284180 0.188477
v -0.405273 -0.299805 0.204102
v -0.405273 -0.299805 0.215820
v -0.397461 -0.299805 0.223633
v -0.411133 -0.297852 0.225586
v -0.405273 -0.299805 0.215820
v -0.405273 -0.299805 0.204102
v -0.405273 -0.299805 0.204102
v -0.411133 -0.305664 0.200195
v -0.411133 -0.297852 0.225586
v -0.401367 -0.288086 0.233398
v -0.397461 -0.299805 0.223633
v -0.405273 -0.299805 0.215820
v -0.411133 -0.297852 0.225586
v -0.401367 -0.288086 0.233398
v -0.405273 -0.299805 0.215820
v -0.385742 -0.252930 0.206055
v -0.393555 -0.256836 0.196289
v -0.383789 -0.250977 0.200195
v -0.383789 -0.250977 0.200195
v -0.393555 -0.256836 0.196289
v -0.387695 -0.247070 0.198242
v -0.375977 -0.247070 0.206055
v -0.385742 -0.252930 0.206055
v -0.383789 -0.250977 0.200195
v -0.387695 -0.247070 0.198242
v -0.379883 -0.241211 0.202148
v -0.383789 -0.250977 0.200195
v -0.383789 -0.250977 0.200195
v -0.379883 -0.241211 0.202148
v -0.375977 -0.247070 0.206055
v -0.395508 -0.266602 0.194336
v -0.399414 -0.268555 0.188477
v -0.393555 -0.252930 0.188477
v -0.415039 -0.258789 0.208008
v -0.401367 -0.268555 0.190430
v -0.395508 -0.266602 0.194336
v -0.393555 -0.252930 0.188477
v -0.397461 -0.262695 0.194336
v -0.395508 -0.266602 0.194336
v -0.395508 -0.266602 0.194336
v -0.397461 -0.262695 0.194336
v -0.407227 -0.256836 0.209961
v -0.395508 -0.266602 0.194336
v -0.407227 -0.256836 0.209961
v -0.415039 -0.258789 0.208008
v -0.409180 -0.252930 0.204102
v -0.397461 -0.262695 0.194336
v -0.401367 -0.268555 0.190430
v -0.401367 -0.268555 0.190430
v -0.415039 -0.254883 0.202148
v -0.409180 -0.252930 0.204102
v -0.415039 -0.258789 0.208008
v -0.415039 -0.254883 0.202148
v -0.401367 -0.268555 0.190430
v -0.397461 -0.262695 0.194336
v -0.393555 -0.252930 0.188477
v -0.399414 -0.249023 0.192383
v -0.397461 -0.262695 0.194336
v -0.409180 -0.252930 0.204102
v -0.407227 -0.256836 0.209961
v -0.393555 -0.252930 0.188477
v -0.387695 -0.243164 0.182617
v -0.395508 -0.239258 0.184570
v -0.393555 -0.252930 0.188477
v -0.395508 -0.239258 0.184570
v -0.399414 -0.249023 0.192383
v -0.385742 -0.252930 0.206055
v -0.395508 -0.254883 0.198242
v -0.393555 -0.256836 0.196289
v -0.393555 -0.256836 0.196289
v -0.395508 -0.254883 0.198242
v -0.387695 -0.247070 0.198242
v -0.395508 -0.254883 0.198242
v -0.385742 -0.252930 0.206055
v -0.389648 -0.249023 0.204102
v -0.389648 -0.249023 0.204102
v -0.387695 -0.247070 0.198242
v -0.395508 -0.254883 0.198242
v -0.385742 -0.252930 0.206055
v -0.375977 -0.247070 0.206055
v -0.379883 -0.249023 0.213867
v -0.383789 -0.243164 0.209961
v -0.389648 -0.249023 0.204102
v -0.385742 -0.252930 0.206055
v -0.379883 -0.249023 0.213867
v -0.383789 -0.243164 0.209961
v -0.385742 -0.252930 0.206055
v -0.411133 -0.297852 0.225586
v -0.411133 -0.305664 0.200195
v -0.407227 -0.309570 0.202148
v -0.407227 -0.309570 0.202148
v -0.397461 -0.299805 0.223633
v -0.403320 -0.303711 0.231445
v -0.407227 -0.309570 0.202148
v -0.403320 -0.303711 0.231445
v -0.411133 -0.297852 0.225586
v -0.420898 -0.290039 0.202148
v -0.426758 -0.291992 0.200195
v -0.442383 -0.276367 0.215820
v -0.432617 -0.280273 0.215820
v -0.418945 -0.293945 0.206055
v -0.420898 -0.290039 0.202148
v -0.442383 -0.276367 0.215820
v -0.432617 -0.280273 0.215820
v -0.420898 -0.290039 0.202148
v -0.426758 -0.291992 0.200195
v -0.426758 -0.295898 0.206055
v -0.442383 -0.276367 0.215820
v -0.430664 -0.278320 0.227539
v -0.426758 -0.295898 0.206055
v -0.418945 -0.293945 0.206055
v -0.418945 -0.293945 0.206055
v -0.432617 -0.280273 0.215820
v -0.430664 -0.278320 0.227539
v -0.426758 -0.295898 0.206055
v -0.430664 -0.278320 0.227539
v -0.442383 -0.278320 0.227539
v -0.442383 -0.278320 0.227539
v -0.442383 -0.276367 0.215820
v -0.426758 -0.295898 0.206055
v -0.415039 -0.243164 0.211914
v -0.409180 -0.252930 0.204102
v -0.415039 -0.254883 0.202148
v -0.415039 -0.254883 0.202148
v -0.415039 -0.258789 0.208008
v -0.420898 -0.247070 0.219727
v -0.420898 -0.245117 0.211914
v -0.415039 -0.243164 0.211914
v -0.415039 -0.254883 0.202148
v -0.420898 -0.247070 0.219727
v -0.420898 -0.245117 0.211914
v -0.415039 -0.254883 0.202148
v -0.413086 -0.249023 0.217773
v -0.407227 -0.256836 0.209961
v -0.409180 -0.252930 0.204102
v -0.415039 -0.243164 0.211914
v -0.413086 -0.249023 0.217773
v -0.409180 -0.252930 0.204102
v -0.413086 -0.249023 0.217773
v -0.415039 -0.258789 0.208008
v -0.407227 -0.256836 0.209961
v -0.415039 -0.258789 0.208008
v -0.413086 -0.249023 0.217773
v -0.420898 -0.247070 0.219727
v -0.432617 -0.280273 0.215820
v -0.430664 -0.268555 0.219727
v -0.430664 -0.278320 0.227539
v -0.442383 -0.276367 0.215820
v -0.430664 -0.268555 0.219727
v -0.432617 -0.280273 0.215820
v -0.399414 -0.288086 0.239258
v -0.403320 -0.303711 0.231445
v -0.397461 -0.299805 0.223633
v -0.397461 -0.299805 0.223633
v -0.401367 -0.288086 0.233398
v -0.391602 -0.286133 0.243164
v -0.391602 -0.286133 0.243164
v -0.399414 -0.288086 0.239258
v -0.397461 -0.299805 0.223633
v -0.403320 -0.303711 0.231445
v -0.399414 -0.288086 0.239258
v -0.411133 -0.297852 0.225586
v -0.395508 -0.274414 0.239258
v -0.391602 -0.286133 0.243164
v -0.401367 -0.288086 0.233398
v -0.405273 -0.280273 0.243164
v -0.395508 -0.274414 0.239258
v -0.401367 -0.288086 0.233398
v -0.411133 -0.297852 0.225586
v -0.405273 -0.280273 0.243164
v -0.401367 -0.288086 0.233398
v -0.399414 -0.288086 0.239258
v -0.391602 -0.286133 0.243164
v -0.397461 -0.286133 0.252930
v -0.399414 -0.288086 0.239258
v -0.405273 -0.280273 0.243164
v -0.411133 -0.297852 0.225586
v -0.397461 -0.286133 0.252930
v -0.405273 -0.280273 0.243164
v -0.399414 -0.288086 0.239258
v -0.391602 -0.286133 0.243164
v -0.395508 -0.274414 0.239258
v -0.395508 -0.280273 0.252930
v -0.395508 -0.280273 0.252930
v -0.397461 -0.286133 0.252930
v -0.391602 -0.286133 0.243164
v -0.395508 -0.274414 0.239258
v -0.405273 -0.280273 0.243164
v -0.395508 -0.280273 0.252930
v -0.405273 -0.280273 0.243164
v -0.397461 -0.286133 0.252930
v -0.395508 -0.280273 0.252930
v -0.438477 -0.268555 0.225586
v -0.430664 -0.278320 0.227539
v -0.430664 -0.268555 0.219727
v -0.430664 -0.268555 0.219727
v -0.442383 -0.276367 0.215820
v -0.438477 -0.268555 0.225586
v -0.430664 -0.278320 0.227539
v -0.438477 -0.268555 0.225586
v -0.440430 -0.249023 0.247070
v -0.444336 -0.250977 0.237305
v -0.442383 -0.278320 0.227539
v -0.430664 -0.278320 0.227539
v -0.440430 -0.249023 0.247070
v -0.444336 -0.250977 0.237305
v -0.430664 -0.278320 0.227539
v -0.452148 -0.245117 0.235352
v -0.438477 -0.268555 0.225586
v -0.442383 -0.276367 0.215820
v -0.442383 -0.276367 0.215820
v -0.442383 -0.278320 0.227539
v -0.444336 -0.250977 0.237305
v -0.442383 -0.276367 0.215820
v -0.444336 -0.250977 0.237305
v -0.452148 -0.245117 0.235352
v -0.452148 -0.245117 0.235352
v -0.442383 -0.250977 0.235352
v -0.438477 -0.268555 0.225586
v -0.438477 -0.268555 0.225586
v -0.442383 -0.250977 0.235352
v -0.440430 -0.249023 0.247070
v -0.452148 -0.245117 0.235352
v -0.438477 -0.241211 0.233398
v -0.442383 -0.250977 0.235352
v -0.442383 -0.250977 0.235352
v -0.438477 -0.241211 0.233398
v -0.440430 -0.249023 0.247070
v -0.454102 -0.243164 0.249023
v -0.452148 -0.245117 0.235352
v -0.444336 -0.250977 0.237305
v -0.444336 -0.250977 0.237305
v -0.440430 -0.249023 0.247070
v -0.454102 -0.243164 0.249023
v -0.325195 -0.149414 0.047852
v -0.344727 -0.149414 0.047852
v -0.329102 -0.012695 0.063477
v -0.329102 -0.022461 0.079102
v -0.325195 -0.149414 0.063477
v -0.325195 -0.149414 0.047852
v -0.325195 -0.149414 0.047852
v -0.329102 -0.012695 0.063477
v -0.329102 -0.022461 0.079102
v -0.344727 -0.149414 0.047852
v -0.344727 -0.149414 0.063477
v -0.348633 -0.012695 0.063477
v -0.348633 -0.012695 0.063477
v -0.329102 -0.012695 0.063477
v -0.344727 -0.149414 0.047852
v -0.377930 -0.168945 0.094727
v -0.372070 -0.227539 0.100586
v -0.372070 -0.227539 0.081055
v -0.372070 -0.227539 0.081055
v -0.397461 -0.227539 0.081055
v -0.377930 -0.168945 0.094727
v -0.377930 -0.168945 0.116211
v -0.397461 -0.227539 0.100586
v -0.372070 -0.227539 0.100586
v -0.372070 -0.227539 0.100586
v -0.377930 -0.168945 0.094727
v -0.377930 -0.168945 0.116211
v -0.348633 -0.022461 0.079102
v -0.344727 -0.149414 0.063477
v -0.325195 -0.149414 0.063477
v -0.325195 -0.149414 0.063477
v -0.329102 -0.022461 0.079102
v -0.348633 -0.022461 0.079102
v -0.348633 -0.022461 0.079102
v -0.348633 -0.012695 0.063477
v -0.344727 -0.149414 0.063477
v -0.284180 -0.024414 0.092773
v -0.284180 -0.010742 0.092773
v -0.358398 -0.018555 0.092773
v -0.358398 -0.018555 0.092773
v -0.360352 -0.032227 0.092773
v -0.284180 -0.024414 0.092773
v -0.284180 -0.010742 0.092773
v -0.284180 -0.004883 0.096680
v -0.358398 -0.018555 0.092773
v -0.364258 -0.014648 0.098633
v -0.358398 -0.018555 0.092773
v -0.284180 -0.004883 0.096680
v -0.420898 -0.166992 0.127930
v -0.418945 -0.143555 0.061523
v -0.422852 -0.157227 0.053711
v -0.422852 -0.157227 0.053711
v -0.424805 -0.180664 0.120117
v -0.420898 -0.166992 0.127930
v -0.426758 -0.159180 0.127930
v -0.422852 -0.137695 0.063477
v -0.418945 -0.143555 0.061523
v -0.418945 -0.143555 0.061523
v -0.420898 -0.166992 0.127930
v -0.426758 -0.159180 0.127930
v -0.397461 -0.227539 0.081055
v -0.397461 -0.227539 0.100586
v -0.403320 -0.168945 0.094727
v -0.403320 -0.168945 0.094727
v -0.377930 -0.168945 0.094727
v -0.397461 -0.227539 0.081055
v -0.403320 -0.168945 0.116211
v -0.403320 -0.168945 0.094727
v -0.397461 -0.227539 0.100586
v -0.397461 -0.227539 0.100586
v -0.377930 -0.168945 0.116211
v -0.403320 -0.168945 0.116211
v -0.356445 -0.229492 0.145508
v -0.354492 -0.239258 0.155273
v -0.358398 -0.243164 0.145508
v -0.358398 -0.243164 0.145508
v -0.354492 -0.239258 0.155273
v -0.364258 -0.243164 0.153320
v -0.368164 -0.237305 0.145508
v -0.356445 -0.229492 0.145508
v -0.358398 -0.243164 0.145508
v -0.364258 -0.243164 0.153320
v -0.368164 -0.237305 0.145508
v -0.358398 -0.243164 0.145508
v -0.354492 -0.239258 0.155273
v -0.356445 -0.229492 0.145508
v -0.368164 -0.235352 0.161133
v -0.368164 -0.235352 0.161133
v -0.368164 -0.243164 0.157227
v -0.354492 -0.239258 0.155273
v -0.356445 -0.229492 0.145508
v -0.368164 -0.237305 0.145508
v -0.368164 -0.235352 0.161133
v -0.368164 -0.237305 0.145508
v -0.368164 -0.243164 0.157227
v -0.368164 -0.235352 0.161133
v -0.372070 -0.243164 0.217773
v -0.372070 -0.239258 0.213867
v -0.379883 -0.241211 0.202148
v -0.375977 -0.247070 0.206055
v -0.372070 -0.239258 0.213867
v -0.372070 -0.243164 0.217773
v -0.372070 -0.243164 0.217773
v -0.379883 -0.241211 0.202148
v -0.383789 -0.243164 0.209961
v -0.379883 -0.249023 0.213867
v -0.375977 -0.247070 0.206055
v -0.372070 -0.243164 0.217773
v -0.372070 -0.243164 0.217773
v -0.383789 -0.243164 0.209961
v -0.379883 -0.249023 0.213867
v -0.375977 -0.247070 0.206055
v -0.379883 -0.241211 0.202148
v -0.372070 -0.239258 0.213867
v -0.391602 -0.241211 0.176758
v -0.385742 -0.227539 0.182617
v -0.387695 -0.243164 0.182617
v -0.387695 -0.243164 0.182617
v -0.385742 -0.227539 0.182617
v -0.391602 -0.225586 0.186523
v -0.391602 -0.225586 0.186523
v -0.395508 -0.239258 0.184570
v -0.387695 -0.243164 0.182617
v -0.389648 -0.229492 0.174805
v -0.387695 -0.221680 0.174805
v -0.385742 -0.227539 0.182617
v -0.397461 -0.225586 0.176758
v -0.387695 -0.221680 0.174805
v -0.389648 -0.229492 0.174805
v -0.389648 -0.229492 0.174805
v -0.385742 -0.227539 0.182617
v -0.391602 -0.241211 0.176758
v -0.389648 -0.229492 0.174805
v -0.391602 -0.241211 0.176758
v -0.399414 -0.239258 0.178711
v -0.389648 -0.229492 0.174805
v -0.399414 -0.239258 0.178711
v -0.397461 -0.225586 0.176758
v -0.391602 -0.225586 0.186523
v -0.385742 -0.227539 0.182617
v -0.387695 -0.221680 0.174805
v -0.387695 -0.221680 0.174805
v -0.397461 -0.225586 0.176758
v -0.391602 -0.225586 0.186523
v -0.399414 -0.239258 0.178711
v -0.395508 -0.239258 0.184570
v -0.391602 -0.225586 0.186523
v -0.391602 -0.225586 0.186523
v -0.397461 -0.225586 0.176758
v -0.399414 -0.239258 0.178711
v -0.391602 -0.229492 0.178711
v -0.387695 -0.219727 0.192383
v -0.383789 -0.217773 0.198242
v -0.391602 -0.215820 0.196289
v -0.387695 -0.219727 0.192383
v -0.391602 -0.229492 0.178711
v -0.391602 -0.229492 0.178711
v -0.383789 -0.217773 0.198242
v -0.387695 -0.215820 0.200195
v -0.391602 -0.229492 0.178711
v -0.387695 -0.215820 0.200195
v -0.391602 -0.215820 0.196289
v -0.383789 -0.208008 0.186523
v -0.377930 -0.204102 0.192383
v -0.377930 -0.208008 0.196289
v -0.377930 -0.198242 0.194336
v -0.377930 -0.204102 0.192383
v -0.383789 -0.208008 0.186523
v -0.383789 -0.213867 0.194336
v -0.385742 -0.213867 0.192383
v -0.383789 -0.208008 0.186523
v -0.383789 -0.208008 0.186523
v -0.385742 -0.213867 0.192383
v -0.389648 -0.206055 0.190430
v -0.377930 -0.208008 0.196289
v -0.383789 -0.213867 0.194336
v -0.383789 -0.208008 0.186523
v -0.383789 -0.208008 0.186523
v -0.389648 -0.206055 0.190430
v -0.379883 -0.198242 0.192383
v -0.379883 -0.198242 0.192383
v -0.377930 -0.198242 0.194336
v -0.383789 -0.208008 0.186523
v -0.379883 -0.241211 0.202148
v -0.387695 -0.247070 0.198242
v -0.389648 -0.249023 0.204102
v -0.379883 -0.241211 0.202148
v -0.389648 -0.249023 0.204102
v -0.383789 -0.243164 0.209961
v -0.387695 -0.219727 0.192383
v -0.385742 -0.213867 0.192383
v -0.383789 -0.217773 0.198242
v -0.391602 -0.215820 0.196289
v -0.385742 -0.213867 0.192383
v -0.387695 -0.219727 0.192383
v -0.377930 -0.198242 0.194336
v -0.377930 -0.208008 0.196289
v -0.377930 -0.204102 0.192383
v -0.385742 -0.213867 0.192383
v -0.383789 -0.213867 0.194336
v -0.383789 -0.217773 0.198242
v -0.391602 -0.215820 0.196289
v -0.389648 -0.206055 0.190430
v -0.385742 -0.213867 0.192383
v -0.383789 -0.213867 0.194336
v -0.377930 -0.208008 0.196289
v -0.383789 -0.206055 0.200195
v -0.383789 -0.206055 0.200195
v -0.383789 -0.217773 0.198242
v -0.383789 -0.213867 0.194336
v -0.389648 -0.206055 0.190430
v -0.383789 -0.206055 0.200195
v -0.379883 -0.198242 0.192383
v -0.391602 -0.215820 0.196289
v -0.383789 -0.206055 0.200195
v -0.389648 -0.206055 0.190430
v -0.377930 -0.198242 0.194336
v -0.383789 -0.206055 0.200195
v -0.377930 -0.208008 0.196289
v -0.383789 -0.206055 0.200195
v -0.387695 -0.215820 0.200195
v -0.383789 -0.217773 0.198242
v -0.387695 -0.215820 0.200195
v -0.383789 -0.206055 0.200195
v -0.391602 -0.215820 0.196289
v -0.383789 -0.206055 0.200195
v -0.377930 -0.198242 0.194336
v -0.379883 -0.198242 0.192383
v -0.413086 -0.249023 0.217773
v -0.415039 -0.243164 0.211914
v -0.413086 -0.235352 0.225586
v -0.413086 -0.249023 0.217773
v -0.413086 -0.235352 0.225586
v -0.420898 -0.247070 0.219727
v -0.415039 -0.243164 0.211914
v -0.420898 -0.245117 0.211914
v -0.420898 -0.231445 0.217773
v -0.420898 -0.231445 0.217773
v -0.415039 -0.229492 0.217773
v -0.415039 -0.243164 0.211914
v -0.415039 -0.243164 0.211914
v -0.415039 -0.229492 0.217773
v -0.413086 -0.235352 0.225586
v -0.420898 -0.247070 0.219727
v -0.420898 -0.231445 0.217773
v -0.420898 -0.245117 0.211914
v -0.411133 -0.209961 0.217773
v -0.407227 -0.221680 0.217773
v -0.409180 -0.219727 0.213867
v -0.409180 -0.219727 0.213867
v -0.407227 -0.221680 0.217773
v -0.418945 -0.235352 0.221680
v -0.409180 -0.219727 0.213867
v -0.415039 -0.219727 0.213867
v -0.411133 -0.209961 0.217773
v -0.418945 -0.235352 0.221680
v -0.415039 -0.219727 0.213867
v -0.409180 -0.219727 0.213867
v -0.407227 -0.221680 0.217773
v -0.411133 -0.209961 0.217773
v -0.409180 -0.215820 0.229492
v -0.416992 -0.221680 0.219727
v -0.418945 -0.235352 0.221680
v -0.407227 -0.221680 0.217773
v -0.407227 -0.221680 0.217773
v -0.415039 -0.219727 0.219727
v -0.416992 -0.221680 0.219727
v -0.409180 -0.215820 0.229492
v -0.415039 -0.219727 0.219727
v -0.407227 -0.221680 0.217773
v -0.415039 -0.229492 0.217773
v -0.420898 -0.231445 0.217773
v -0.422852 -0.227539 0.227539
v -0.422852 -0.227539 0.227539
v -0.413086 -0.235352 0.225586
v -0.415039 -0.229492 0.217773
v -0.420898 -0.231445 0.217773
v -0.420898 -0.247070 0.219727
v -0.420898 -0.235352 0.225586
v -0.420898 -0.231445 0.217773
v -0.420898 -0.235352 0.225586
v -0.422852 -0.227539 0.227539
v -0.424805 -0.211914 0.221680
v -0.411133 -0.209961 0.217773
v -0.415039 -0.219727 0.213867
v -0.415039 -0.219727 0.213867
v -0.418945 -0.235352 0.221680
v -0.416992 -0.221680 0.219727
v -0.416992 -0.221680 0.219727
v -0.415039 -0.219727 0.219727
v -0.415039 -0.219727 0.213867
v -0.415039 -0.219727 0.213867
v -0.415039 -0.219727 0.219727
v -0.424805 -0.211914 0.221680
v -0.418945 -0.204102 0.229492
v -0.409180 -0.215820 0.229492
v -0.411133 -0.209961 0.217773
v -0.420898 -0.204102 0.227539
v -0.420898 -0.215820 0.227539
v -0.411133 -0.209961 0.217773
v -0.411133 -0.209961 0.217773
v -0.420898 -0.215820 0.227539
v -0.418945 -0.204102 0.229492
v -0.424805 -0.211914 0.221680
v -0.420898 -0.204102 0.227539
v -0.411133 -0.209961 0.217773
v -0.420898 -0.235352 0.225586
v -0.420898 -0.247070 0.219727
v -0.413086 -0.235352 0.225586
v -0.422852 -0.227539 0.227539
v -0.420898 -0.235352 0.225586
v -0.413086 -0.235352 0.225586
v -0.415039 -0.219727 0.219727
v -0.409180 -0.215820 0.229492
v -0.420898 -0.215820 0.227539
v -0.415039 -0.219727 0.219727
v -0.420898 -0.215820 0.227539
v -0.424805 -0.211914 0.221680
v -0.418945 -0.204102 0.229492
v -0.420898 -0.215820 0.227539
v -0.409180 -0.215820 0.229492
v -0.420898 -0.215820 0.227539
v -0.420898 -0.204102 0.227539
v -0.424805 -0.211914 0.221680
v -0.438477 -0.241211 0.233398
v -0.452148 -0.245117 0.235352
v -0.448242 -0.235352 0.247070
v -0.448242 -0.235352 0.247070
v -0.440430 -0.249023 0.247070
v -0.438477 -0.241211 0.233398
v -0.454102 -0.243164 0.249023
v -0.448242 -0.235352 0.247070
v -0.452148 -0.245117 0.235352
v -0.440430 -0.249023 0.247070
v -0.448242 -0.235352 0.247070
v -0.454102 -0.243164 0.249023
v -0.116211 -0.325195 0.309570
v -0.034180 -0.325195 0.385742
v -0.049805 -0.211914 0.290039
v -0.008789 -0.211914 0.323242
v -0.049805 -0.211914 0.290039
v -0.034180 -0.325195 0.385742
v -0.208008 -0.313477 0.383789
v -0.217773 -0.329102 0.389648
v -0.204102 -0.329102 0.379883
v -0.217773 -0.329102 0.389648
v -0.208008 -0.313477 0.383789
v -0.215820 -0.307617 0.387695
v -0.208008 -0.313477 0.383789
v -0.206055 -0.301758 0.381836
v -0.215820 -0.307617 0.387695
v -0.225586 -0.329102 0.397461
v -0.233398 -0.313477 0.403320
v -0.237305 -0.329102 0.407227
v -0.227539 -0.307617 0.397461
v -0.233398 -0.313477 0.403320
v -0.225586 -0.329102 0.397461
v -0.233398 -0.313477 0.403320
v -0.227539 -0.307617 0.397461
v -0.235352 -0.301758 0.405273
v -0.166992 -0.346680 0.446289
v -0.166992 -0.325195 0.446289
v -0.311523 -0.325195 0.381836
v -0.311523 -0.325195 0.381836
v -0.311523 -0.346680 0.381836
v -0.166992 -0.346680 0.446289
v -0.049805 -0.211914 0.290039
v -0.008789 -0.211914 0.323242
v -0.041992 -0.071289 0.286133
v -0.008789 -0.211914 0.323242
v -0.000977 -0.077148 0.311523
v -0.041992 -0.071289 0.286133
v -0.036133 0.069336 0.284180
v -0.041992 -0.071289 0.286133
v -0.000977 -0.077148 0.311523
v -0.000977 -0.077148 0.311523
v -0.000977 0.069336 0.307617
v -0.036133 0.069336 0.284180
v -0.036133 0.069336 0.284180
v -0.032227 0.069336 0.241211
v -0.041992 -0.071289 0.286133
v -0.159180 -0.000977 0.379883
v -0.149414 -0.006836 0.280273
v -0.055664 -0.026367 0.327148
v -0.055664 -0.026367 0.327148
v -0.149414 -0.006836 0.280273
v -0.084961 0.002930 0.247070
v -0.051758 0.002930 0.405273
v -0.159180 -0.000977 0.379883
v -0.055664 -0.026367 0.327148
v -0.055664 -0.026367 0.327148
v -0.084961 0.002930 0.247070
v -0.032227 0.041992 0.252930
v -0.055664 -0.026367 0.327148
v -0.032227 0.041992 0.252930
v -0.024414 0.002930 0.342773
v -0.055664 -0.026367 0.327148
v -0.024414 0.002930 0.342773
v -0.051758 0.002930 0.405273
v -0.149414 -0.006836 0.280273
v -0.159180 -0.000977 0.379883
v -0.200195 0.063477 0.280273
v -0.200195 0.063477 0.280273
v -0.084961 0.002930 0.247070
v -0.149414 -0.006836 0.280273
v -0.032227 0.067383 0.418945
v -0.006836 0.034180 0.336914
v -0.032227 -0.002930 0.438477
v -0.200195 0.083008 0.370117
v -0.200195 0.063477 0.280273
v -0.159180 -0.000977 0.379883
v -0.176758 0.063477 0.405273
v -0.200195 0.083008 0.370117
v -0.159180 -0.000977 0.379883
v -0.159180 -0.000977 0.379883
v -0.051758 0.002930 0.405273
v -0.125977 0.083008 0.436523
v -0.125977 0.083008 0.436523
v -0.176758 0.063477 0.405273
v -0.159180 -0.000977 0.379883
v -0.340820 -0.264648 0.256836
v -0.334961 -0.329102 0.266602
v -0.342773 -0.329102 0.256836
v -0.342773 -0.329102 0.256836
v -0.352539 -0.329102 0.262695
v -0.350586 -0.264648 0.264648
v -0.350586 -0.264648 0.264648
v -0.340820 -0.264648 0.256836
v -0.342773 -0.329102 0.256836
v -0.333008 -0.262695 0.268555
v -0.342773 -0.329102 0.274414
v -0.334961 -0.329102 0.266602
v -0.334961 -0.329102 0.266602
v -0.340820 -0.264648 0.256836
v -0.333008 -0.262695 0.268555
v -0.342773 -0.262695 0.276367
v -0.352539 -0.329102 0.262695
v -0.342773 -0.329102 0.274414
v -0.342773 -0.329102 0.274414
v -0.333008 -0.262695 0.268555
v -0.342773 -0.262695 0.276367
v -0.274414 -0.313477 0.354492
v -0.342773 -0.313477 0.270508
v -0.338867 -0.313477 0.266602
v -0.338867 -0.313477 0.266602
v -0.338867 -0.301758 0.266602
v -0.270508 -0.301758 0.352539
v -0.338867 -0.313477 0.266602
v -0.270508 -0.313477 0.352539
v -0.274414 -0.313477 0.354492
v -0.270508 -0.301758 0.352539
v -0.270508 -0.313477 0.352539
v -0.338867 -0.313477 0.266602
v -0.274414 -0.313477 0.354492
v -0.342773 -0.301758 0.270508
v -0.342773 -0.313477 0.270508
v -0.352539 -0.329102 0.262695
v -0.342773 -0.262695 0.276367
v -0.350586 -0.264648 0.264648
v -0.338867 -0.301758 0.266602
v -0.342773 -0.301758 0.270508
v -0.270508 -0.301758 0.352539
v -0.342773 -0.301758 0.270508
v -0.274414 -0.313477 0.354492
v -0.274414 -0.301758 0.354492
v -0.274414 -0.301758 0.354492
v -0.270508 -0.301758 0.352539
v -0.342773 -0.301758 0.270508
v -0.274414 -0.290039 0.354492
v -0.342773 -0.295898 0.270508
v -0.338867 -0.295898 0.266602
v -0.338867 -0.295898 0.266602
v -0.338867 -0.280273 0.266602
v -0.313477 -0.276367 0.297852
v -0.338867 -0.295898 0.266602
v -0.313477 -0.276367 0.297852
v -0.270508 -0.290039 0.352539
v -0.338867 -0.295898 0.266602
v -0.270508 -0.290039 0.352539
v -0.274414 -0.290039 0.354492
v -0.317383 -0.276367 0.301758
v -0.342773 -0.280273 0.270508
v -0.342773 -0.295898 0.270508
v -0.274414 -0.290039 0.354492
v -0.317383 -0.276367 0.301758
v -0.342773 -0.295898 0.270508
v -0.350586 -0.264648 0.264648
v -0.333008 -0.262695 0.268555
v -0.340820 -0.264648 0.256836
v -0.338867 -0.280273 0.266602
v -0.342773 -0.280273 0.270508
v -0.317383 -0.276367 0.301758
v -0.317383 -0.276367 0.301758
v -0.313477 -0.276367 0.297852
v -0.338867 -0.280273 0.266602
v -0.350586 -0.264648 0.264648
v -0.342773 -0.262695 0.276367
v -0.333008 -0.262695 0.268555
v -0.313477 -0.276367 0.297852
v -0.317383 -0.276367 0.301758
v -0.274414 -0.274414 0.354492
v -0.270508 -0.274414 0.352539
v -0.270508 -0.290039 0.352539
v -0.313477 -0.276367 0.297852
v -0.274414 -0.274414 0.354492
v -0.270508 -0.274414 0.352539
v -0.313477 -0.276367 0.297852
v -0.317383 -0.276367 0.301758
v -0.274414 -0.290039 0.354492
v -0.274414 -0.274414 0.354492
v -0.260742 -0.329102 0.358398
v -0.270508 -0.329102 0.346680
v -0.270508 -0.256836 0.344727
v -0.262695 -0.256836 0.356445
v -0.272461 -0.329102 0.366211
v -0.260742 -0.329102 0.358398
v -0.270508 -0.256836 0.344727
v -0.262695 -0.256836 0.356445
v -0.260742 -0.329102 0.358398
v -0.270508 -0.329102 0.346680
v -0.280273 -0.329102 0.354492
v -0.282227 -0.256836 0.352539
v -0.282227 -0.256836 0.352539
v -0.270508 -0.256836 0.344727
v -0.270508 -0.329102 0.346680
v -0.280273 -0.329102 0.354492
v -0.272461 -0.329102 0.366211
v -0.272461 -0.256836 0.364258
v -0.280273 -0.329102 0.354492
v -0.272461 -0.256836 0.364258
v -0.282227 -0.256836 0.352539
v -0.272461 -0.329102 0.366211
v -0.262695 -0.256836 0.356445
v -0.272461 -0.256836 0.364258
v -0.262695 -0.256836 0.356445
v -0.270508 -0.256836 0.344727
v -0.272461 -0.256836 0.364258
v -0.282227 -0.256836 0.352539
v -0.272461 -0.256836 0.364258
v -0.270508 -0.256836 0.344727
v -0.311523 -0.325195 0.381836
v -0.413086 -0.325195 0.282227
v -0.413086 -0.346680 0.282227
v -0.413086 -0.346680 0.282227
v -0.311523 -0.346680 0.381836
v -0.311523 -0.325195 0.381836
v -0.051758 0.047852 0.061523
v -0.057617 0.059570 0.057617
v -0.053711 0.059570 0.071289
v -0.071289 0.065430 0.067383
v -0.057617 0.059570 0.057617
v -0.051758 0.047852 0.061523
v -0.051758 0.047852 0.061523
v -0.053711 0.059570 0.071289
v -0.061523 0.063477 0.092773
v -0.051758 0.047852 0.061523
v -0.061523 0.063477 0.092773
v -0.063477 0.053711 0.073242
v -0.051758 0.047852 0.061523
v -0.063477 0.053711 0.073242
v -0.071289 0.065430 0.067383
v -0.057617 0.059570 0.057617
v -0.067383 0.075195 0.049805
v -0.063477 0.071289 0.065430
v -0.071289 0.065430 0.067383
v -0.067383 0.075195 0.049805
v -0.057617 0.059570 0.057617
v -0.063477 0.071289 0.065430
v -0.053711 0.059570 0.071289
v -0.057617 0.059570 0.057617
v -0.067383 0.075195 0.049805
v -0.077148 0.083008 0.057617
v -0.063477 0.071289 0.065430
v -0.071289 0.065430 0.067383
v -0.077148 0.083008 0.057617
v -0.067383 0.075195 0.049805
v -0.077148 0.079102 0.073242
v -0.063477 0.071289 0.065430
v -0.077148 0.083008 0.057617
v -0.077148 0.083008 0.057617
v -0.071289 0.065430 0.067383
v -0.077148 0.079102 0.073242
v -0.063477 0.071289 0.065430
v -0.061523 0.063477 0.092773
v -0.053711 0.059570 0.071289
v -0.071289 0.065430 0.067383
v -0.063477 0.053711 0.073242
v -0.061523 0.063477 0.092773
v -0.061523 0.063477 0.092773
v -0.063477 0.071289 0.065430
v -0.077148 0.079102 0.073242
v -0.077148 0.079102 0.073242
v -0.071289 0.065430 0.067383
v -0.061523 0.063477 0.092773
v -0.000977 0.092773 0.096680
v -0.094727 0.092773 0.106445
v -0.073242 0.157227 0.090820
v -0.110352 0.047852 0.090820
v -0.108398 0.055664 0.075195
v -0.081055 0.049805 0.086914
v -0.081055 0.049805 0.086914
v -0.108398 0.055664 0.075195
v -0.100586 0.073242 0.067383
v -0.081055 0.049805 0.086914
v -0.106445 0.061523 0.084961
v -0.110352 0.047852 0.090820
v -0.100586 0.073242 0.067383
v -0.106445 0.061523 0.084961
v -0.081055 0.049805 0.086914
v -0.108398 0.055664 0.075195
v -0.110352 0.047852 0.090820
v -0.124023 0.063477 0.081055
v -0.124023 0.063477 0.081055
v -0.100586 0.073242 0.067383
v -0.108398 0.055664 0.075195
v -0.124023 0.063477 0.081055
v -0.110352 0.047852 0.090820
v -0.106445 0.061523 0.084961
v -0.106445 0.061523 0.084961
v -0.100586 0.073242 0.067383
v -0.124023 0.063477 0.081055
v -0.125977 0.188477 0.196289
v -0.073242 0.157227 0.090820
v -0.094727 0.092773 0.106445
v -0.137695 0.077148 0.192383
v -0.116211 0.100586 0.206055
v -0.094727 0.092773 0.106445
v -0.094727 0.092773 0.106445
v -0.116211 0.100586 0.206055
v -0.125977 0.188477 0.196289
v -0.094727 0.092773 0.106445
v -0.151367 0.002930 0.172852
v -0.137695 0.077148 0.192383
v -0.231445 0.237305 0.002930
v -0.231445 0.227539 0.000977
v -0.067383 0.125977 0.004883
v -0.125977 0.188477 0.196289
v -0.061523 0.239258 0.151367
v -0.073242 0.157227 0.090820
v -0.079102 0.178711 0.102539
v -0.088867 0.178711 0.112305
v -0.086914 0.184570 0.116211
v -0.079102 0.178711 0.102539
v -0.086914 0.184570 0.116211
v -0.077148 0.196289 0.112305
v -0.077148 0.196289 0.112305
v -0.073242 0.192383 0.106445
v -0.079102 0.178711 0.102539
v -0.102539 0.174805 0.124023
v -0.086914 0.184570 0.116211
v -0.092773 0.178711 0.116211
v -0.086914 0.184570 0.116211
v -0.102539 0.174805 0.124023
v -0.094727 0.188477 0.129883
v -0.088867 0.200195 0.122070
v -0.077148 0.196289 0.112305
v -0.086914 0.184570 0.116211
v -0.086914 0.184570 0.116211
v -0.077148 0.196289 0.112305
v -0.071289 0.190430 0.135742
v -0.094727 0.188477 0.129883
v -0.088867 0.200195 0.122070
v -0.086914 0.184570 0.116211
v -0.086914 0.184570 0.116211
v -0.071289 0.190430 0.135742
v -0.094727 0.188477 0.129883
v -0.096680 0.188477 0.129883
v -0.094727 0.188477 0.129883
v -0.102539 0.174805 0.124023
v -0.077148 0.196289 0.112305
v -0.063477 0.206055 0.104492
v -0.073242 0.194336 0.106445
v -0.063477 0.206055 0.104492
v -0.077148 0.196289 0.112305
v -0.071289 0.209961 0.118164
v -0.088867 0.200195 0.122070
v -0.071289 0.209961 0.118164
v -0.077148 0.196289 0.112305
v -0.077148 0.196289 0.112305
v -0.071289 0.209961 0.118164
v -0.071289 0.190430 0.135742
v -0.067383 0.217773 0.120117
v -0.071289 0.209961 0.118164
v -0.081055 0.211914 0.131836
v -0.067383 0.217773 0.120117
v -0.081055 0.211914 0.131836
v -0.075195 0.219727 0.131836
v -0.071289 0.209961 0.118164
v -0.088867 0.200195 0.122070
v -0.081055 0.211914 0.131836
v -0.081055 0.211914 0.131836
v -0.071289 0.190430 0.135742
v -0.071289 0.209961 0.118164
v -0.088867 0.200195 0.122070
v -0.092773 0.202148 0.137695
v -0.081055 0.211914 0.131836
v -0.094727 0.188477 0.129883
v -0.092773 0.202148 0.137695
v -0.088867 0.200195 0.122070
v -0.141602 0.036133 0.124023
v -0.145508 0.026367 0.129883
v -0.153320 0.041992 0.135742
v -0.127930 0.032227 0.141602
v -0.145508 0.026367 0.129883
v -0.141602 0.036133 0.124023
v -0.153320 0.041992 0.135742
v -0.139648 0.049805 0.127930
v -0.141602 0.036133 0.124023
v -0.141602 0.036133 0.124023
v -0.139648 0.049805 0.127930
v -0.127930 0.032227 0.141602
v -0.215820 0.221680 0.008789
v -0.217773 0.249023 0.010742
v -0.241211 0.249023 0.010742
v -0.241211 0.249023 0.010742
v -0.243164 0.221680 0.008789
v -0.215820 0.221680 0.008789
v -0.231445 0.227539 0.000977
v -0.231445 0.237305 0.002930
v -0.391602 0.125977 0.004883
v -0.084961 0.002930 0.247070
v -0.116211 0.100586 0.206055
v -0.137695 0.077148 0.192383
v -0.200195 0.063477 0.280273
v -0.116211 0.100586 0.206055
v -0.084961 0.002930 0.247070
v -0.137695 0.077148 0.192383
v -0.151367 0.002930 0.172852
v -0.084961 0.002930 0.247070
v -0.081055 0.182617 0.288086
v -0.125977 0.188477 0.196289
v -0.116211 0.100586 0.206055
v -0.131836 0.163086 0.258789
v -0.081055 0.182617 0.288086
v -0.116211 0.100586 0.206055
v -0.116211 0.100586 0.206055
v -0.200195 0.063477 0.280273
v -0.131836 0.163086 0.258789
v -0.061523 0.229492 0.260742
v -0.000977 0.247070 0.225586
v -0.061523 0.239258 0.151367
v -0.061523 0.239258 0.151367
v -0.125977 0.188477 0.196289
v -0.061523 0.229492 0.260742
v -0.102539 0.186523 0.133789
v -0.092773 0.202148 0.137695
v -0.094727 0.188477 0.129883
v -0.104492 0.194336 0.145508
v -0.092773 0.202148 0.137695
v -0.102539 0.186523 0.133789
v -0.081055 0.211914 0.131836
v -0.092773 0.202148 0.137695
v -0.071289 0.190430 0.135742
v -0.071289 0.190430 0.135742
v -0.092773 0.202148 0.137695
v -0.094727 0.188477 0.129883
v -0.094727 0.208008 0.143555
v -0.081055 0.211914 0.131836
v -0.092773 0.202148 0.137695
v -0.088867 0.219727 0.145508
v -0.079102 0.217773 0.135742
v -0.081055 0.211914 0.131836
v -0.094727 0.208008 0.143555
v -0.088867 0.219727 0.145508
v -0.081055 0.211914 0.131836
v -0.000977 0.247070 0.225586
v -0.061523 0.229492 0.260742
v -0.000977 0.282227 0.264648
v -0.127930 0.032227 0.141602
v -0.149414 0.024414 0.141602
v -0.145508 0.026367 0.129883
v -0.145508 0.026367 0.129883
v -0.151367 0.026367 0.141602
v -0.153320 0.041992 0.135742
v -0.149414 0.024414 0.141602
v -0.127930 0.032227 0.141602
v -0.149414 0.034180 0.151367
v -0.149414 0.034180 0.151367
v -0.153320 0.041992 0.135742
v -0.151367 0.026367 0.141602
v -0.139648 0.049805 0.127930
v -0.153320 0.041992 0.135742
v -0.141602 0.049805 0.139648
v -0.139648 0.049805 0.127930
v -0.141602 0.049805 0.139648
v -0.127930 0.032227 0.141602
v -0.145508 0.047852 0.149414
v -0.141602 0.049805 0.139648
v -0.153320 0.041992 0.135742
v -0.153320 0.041992 0.135742
v -0.149414 0.034180 0.151367
v -0.145508 0.047852 0.149414
v -0.145508 0.047852 0.149414
v -0.127930 0.032227 0.141602
v -0.141602 0.049805 0.139648
v -0.141602 0.049805 0.139648
v -0.143555 0.047852 0.145508
v -0.141602 0.055664 0.145508
v -0.145508 0.047852 0.149414
v -0.149414 0.034180 0.151367
v -0.127930 0.032227 0.141602
v -0.081055 0.182617 0.288086
v -0.061523 0.229492 0.260742
v -0.125977 0.188477 0.196289
v -0.311523 0.209961 0.000977
v -0.309570 0.213867 0.002930
v -0.323242 0.209961 0.081055
v -0.329102 0.209961 0.079102
v -0.317383 0.209961 0.000977
v -0.311523 0.209961 0.000977
v -0.311523 0.209961 0.000977
v -0.323242 0.209961 0.081055
v -0.329102 0.209961 0.079102
v -0.309570 0.213867 0.002930
v -0.311523 0.219727 0.000977
v -0.323242 0.219727 0.081055
v -0.309570 0.213867 0.002930
v -0.319336 0.213867 0.081055
v -0.323242 0.209961 0.081055
v -0.323242 0.219727 0.081055
v -0.319336 0.213867 0.081055
v -0.309570 0.213867 0.002930
v -0.311523 0.219727 0.000977
v -0.317383 0.219727 0.000977
v -0.323242 0.219727 0.081055
v -0.317383 0.165039 0.022461
v -0.321289 0.149414 0.043945
v -0.321289 0.211914 0.043945
v -0.321289 0.211914 0.043945
v -0.317383 0.217773 0.022461
v -0.317383 0.165039 0.022461
v -0.319336 0.211914 0.043945
v -0.319336 0.149414 0.043945
v -0.317383 0.165039 0.024414
v -0.317383 0.165039 0.024414
v -0.317383 0.217773 0.024414
v -0.319336 0.211914 0.043945
v -0.319336 0.149414 0.043945
v -0.319336 0.211914 0.043945
v -0.323242 0.168945 0.065430
v -0.323242 0.168945 0.065430
v -0.321289 0.211914 0.043945
v -0.321289 0.149414 0.043945
v -0.331055 0.213867 0.079102
v -0.319336 0.213867 0.000977
v -0.317383 0.209961 0.000977
v -0.317383 0.209961 0.000977
v -0.329102 0.209961 0.079102
v -0.331055 0.213867 0.079102
v -0.329102 0.219727 0.079102
v -0.317383 0.219727 0.000977
v -0.319336 0.213867 0.000977
v -0.319336 0.213867 0.000977
v -0.331055 0.213867 0.079102
v -0.329102 0.219727 0.079102
v -0.329102 0.219727 0.079102
v -0.323242 0.219727 0.081055
v -0.317383 0.219727 0.000977
v -0.323242 0.217773 0.065430
v -0.323242 0.168945 0.065430
v -0.319336 0.211914 0.043945
v -0.321289 0.211914 0.043945
v -0.323242 0.168945 0.065430
v -0.323242 0.217773 0.065430
v -0.331055 0.213867 0.079102
v -0.323242 0.209961 0.081055
v -0.319336 0.213867 0.081055
v -0.323242 0.219727 0.081055
v -0.331055 0.213867 0.079102
v -0.319336 0.213867 0.081055
v -0.331055 0.213867 0.079102
v -0.329102 0.209961 0.079102
v -0.323242 0.209961 0.081055
v -0.331055 0.213867 0.079102
v -0.323242 0.219727 0.081055
v -0.329102 0.219727 0.079102
v -0.006836 0.034180 0.336914
v -0.024414 0.002930 0.342773
v -0.032227 0.041992 0.252930
v -0.024414 0.002930 0.342773
v -0.006836 0.034180 0.336914
v -0.032227 0.067383 0.418945
v -0.032227 0.067383 0.418945
v -0.051758 0.002930 0.405273
v -0.024414 0.002930 0.342773
v -0.061523 0.229492 0.260742
v -0.081055 0.182617 0.288086
v -0.069336 0.252930 0.348633
v -0.069336 0.252930 0.348633
v -0.000977 0.282227 0.264648
v -0.061523 0.229492 0.260742
v -0.081055 0.182617 0.288086
v -0.131836 0.163086 0.258789
v -0.090820 0.172852 0.377930
v -0.081055 0.182617 0.288086
v -0.090820 0.172852 0.377930
v -0.069336 0.252930 0.348633
v -0.200195 0.063477 0.280273
v -0.200195 0.083008 0.370117
v -0.153320 0.168945 0.377930
v -0.153320 0.168945 0.377930
v -0.131836 0.163086 0.258789
v -0.200195 0.063477 0.280273
v -0.204102 0.114258 0.295898
v -0.208008 0.100586 0.297852
v -0.204102 0.118164 0.311523
v -0.202148 0.118164 0.297852
v -0.204102 0.118164 0.311523
v -0.198242 0.131836 0.295898
v -0.208008 0.100586 0.297852
v -0.206055 0.102539 0.309570
v -0.204102 0.118164 0.311523
v -0.209961 0.094727 0.325195
v -0.206055 0.102539 0.309570
v -0.209961 0.094727 0.311523
v -0.206055 0.102539 0.309570
v -0.204102 0.118164 0.311523
v -0.194336 0.112305 0.319336
v -0.209961 0.118164 0.321289
v -0.204102 0.118164 0.311523
v -0.206055 0.102539 0.309570
v -0.206055 0.102539 0.309570
v -0.194336 0.112305 0.319336
v -0.206055 0.102539 0.327148
v -0.206055 0.102539 0.309570
v -0.209961 0.094727 0.325195
v -0.206055 0.102539 0.327148
v -0.206055 0.102539 0.309570
v -0.206055 0.102539 0.327148
v -0.209961 0.118164 0.321289
v -0.209961 0.118164 0.321289
v -0.208008 0.122070 0.311523
v -0.204102 0.118164 0.311523
v -0.204102 0.118164 0.311523
v -0.208008 0.122070 0.311523
v -0.208008 0.127930 0.319336
v -0.198242 0.129883 0.309570
v -0.194336 0.112305 0.319336
v -0.204102 0.118164 0.311523
v -0.202148 0.129883 0.309570
v -0.198242 0.131836 0.295898
v -0.204102 0.118164 0.311523
v -0.208008 0.127930 0.319336
v -0.198242 0.129883 0.309570
v -0.204102 0.118164 0.311523
v -0.208008 0.122070 0.311523
v -0.209961 0.118164 0.321289
v -0.208008 0.127930 0.319336
v -0.204102 0.118164 0.331055
v -0.206055 0.102539 0.327148
v -0.194336 0.112305 0.319336
v -0.198242 0.127930 0.325195
v -0.204102 0.118164 0.331055
v -0.194336 0.112305 0.319336
v -0.194336 0.112305 0.319336
v -0.198242 0.129883 0.309570
v -0.198242 0.127930 0.325195
v -0.204102 0.118164 0.331055
v -0.209961 0.118164 0.321289
v -0.206055 0.102539 0.327148
v -0.206055 0.102539 0.327148
v -0.208008 0.100586 0.338867
v -0.204102 0.118164 0.331055
v -0.209961 0.118164 0.321289
v -0.204102 0.118164 0.331055
v -0.198242 0.127930 0.325195
v -0.209961 0.118164 0.321289
v -0.198242 0.127930 0.325195
v -0.208008 0.127930 0.319336
v -0.204102 0.118164 0.325195
v -0.208008 0.100586 0.338867
v -0.204102 0.118164 0.331055
v -0.204102 0.118164 0.325195
v -0.208008 0.100586 0.338867
v -0.204102 0.116211 0.340820
v -0.204102 0.118164 0.325195
v -0.204102 0.116211 0.340820
v -0.198242 0.127930 0.344727
v -0.198242 0.127930 0.344727
v -0.198242 0.131836 0.329102
v -0.204102 0.118164 0.325195
v -0.200195 0.083008 0.370117
v -0.176758 0.063477 0.405273
v -0.153320 0.168945 0.377930
v -0.153320 0.168945 0.377930
v -0.090820 0.172852 0.377930
v -0.131836 0.163086 0.258789
v -0.198242 0.127930 0.325195
v -0.196289 0.137695 0.311523
v -0.198242 0.129883 0.309570
v -0.208008 0.127930 0.319336
v -0.198242 0.127930 0.325195
v -0.198242 0.129883 0.309570
v -0.196289 0.137695 0.311523
v -0.198242 0.127930 0.325195
v -0.196289 0.137695 0.325195
v -0.186523 0.166992 0.321289
v -0.178711 0.155273 0.319336
v -0.192383 0.157227 0.311523
v -0.192383 0.157227 0.311523
v -0.178711 0.155273 0.319336
v -0.188477 0.145508 0.315430
v -0.192383 0.157227 0.311523
v -0.184570 0.153320 0.325195
v -0.186523 0.166992 0.321289
v -0.188477 0.145508 0.315430
v -0.184570 0.153320 0.325195
v -0.192383 0.157227 0.311523
v -0.170898 0.131836 0.325195
v -0.178711 0.155273 0.319336
v -0.168945 0.166992 0.334961
v -0.188477 0.145508 0.315430
v -0.178711 0.155273 0.319336
v -0.170898 0.131836 0.325195
v -0.172852 0.149414 0.333008
v -0.184570 0.153320 0.325195
v -0.170898 0.131836 0.325195
v -0.170898 0.131836 0.325195
v -0.184570 0.153320 0.325195
v -0.188477 0.145508 0.315430
v -0.168945 0.166992 0.334961
v -0.172852 0.149414 0.333008
v -0.170898 0.131836 0.325195
v -0.178711 0.155273 0.319336
v -0.186523 0.166992 0.321289
v -0.168945 0.166992 0.334961
v -0.184570 0.153320 0.325195
v -0.172852 0.149414 0.333008
v -0.168945 0.166992 0.334961
v -0.168945 0.166992 0.334961
v -0.186523 0.166992 0.321289
v -0.184570 0.153320 0.325195
v -0.051758 0.002930 0.405273
v -0.032227 0.067383 0.418945
v -0.125977 0.083008 0.436523
v -0.014648 0.141602 0.454102
v -0.090820 0.172852 0.377930
v -0.032227 0.067383 0.418945
v -0.032227 0.067383 0.418945
v -0.090820 0.172852 0.377930
v -0.125977 0.083008 0.436523
v -0.090820 0.172852 0.377930
v -0.014648 0.141602 0.454102
v -0.069336 0.252930 0.348633
v -0.153320 0.168945 0.377930
v -0.125977 0.083008 0.436523
v -0.090820 0.172852 0.377930
v -0.178711 0.041992 0.379883
v -0.165039 0.038086 0.387695
v -0.172852 0.026367 0.389648
v -0.172852 0.026367 0.389648
v -0.165039 0.038086 0.387695
v -0.176758 0.043945 0.389648
v -0.186523 0.032227 0.387695
v -0.178711 0.041992 0.379883
v -0.172852 0.026367 0.389648
v -0.172852 0.026367 0.389648
v -0.176758 0.043945 0.389648
v -0.186523 0.032227 0.387695
v -0.178711 0.041992 0.379883
v -0.157227 0.059570 0.381836
v -0.165039 0.038086 0.387695
v -0.165039 0.038086 0.387695
v -0.157227 0.059570 0.381836
v -0.176758 0.043945 0.389648
v -0.157227 0.059570 0.381836
v -0.178711 0.041992 0.379883
v -0.194336 0.051758 0.383789
v -0.178711 0.055664 0.387695
v -0.176758 0.043945 0.389648
v -0.157227 0.059570 0.381836
v -0.194336 0.051758 0.383789
v -0.178711 0.055664 0.387695
v -0.157227 0.059570 0.381836
v -0.178711 0.041992 0.379883
v -0.186523 0.032227 0.387695
v -0.194336 0.051758 0.383789
v -0.194336 0.051758 0.383789
v -0.186523 0.032227 0.387695
v -0.176758 0.043945 0.389648
v -0.176758 0.043945 0.389648
v -0.178711 0.055664 0.387695
v -0.194336 0.051758 0.383789
v -0.141602 0.120117 0.389648
v -0.145508 0.116211 0.413086
v -0.165039 0.120117 0.407227
v -0.159180 0.127930 0.411133
v -0.145508 0.116211 0.413086
v -0.141602 0.120117 0.389648
v -0.141602 0.120117 0.389648
v -0.165039 0.120117 0.407227
v -0.176758 0.133789 0.399414
v -0.176758 0.133789 0.399414
v -0.159180 0.133789 0.399414
v -0.141602 0.120117 0.389648
v -0.141602 0.120117 0.389648
v -0.159180 0.133789 0.399414
v -0.159180 0.127930 0.411133
v -0.176758 0.077148 0.403320
v -0.174805 0.069336 0.395508
v -0.161133 0.077148 0.389648
v -0.161133 0.077148 0.389648
v -0.174805 0.069336 0.395508
v -0.190430 0.071289 0.393555
v -0.172852 0.086914 0.403320
v -0.176758 0.077148 0.403320
v -0.161133 0.077148 0.389648
v -0.188477 0.086914 0.391602
v -0.172852 0.086914 0.403320
v -0.161133 0.077148 0.389648
v -0.161133 0.077148 0.389648
v -0.190430 0.071289 0.393555
v -0.188477 0.086914 0.391602
v -0.174805 0.069336 0.395508
v -0.176758 0.077148 0.403320
v -0.190430 0.071289 0.393555
v -0.176758 0.063477 0.405273
v -0.125977 0.083008 0.436523
v -0.153320 0.168945 0.377930
v -0.172852 0.077148 0.416992
v -0.172852 0.086914 0.403320
v -0.176758 0.077148 0.403320
v -0.176758 0.077148 0.403320
v -0.172852 0.086914 0.403320
v -0.190430 0.083008 0.401367
v -0.176758 0.077148 0.403320
v -0.172852 0.065430 0.418945
v -0.172852 0.077148 0.416992
v -0.190430 0.083008 0.401367
v -0.190430 0.071289 0.393555
v -0.176758 0.077148 0.403320
v -0.188477 0.086914 0.391602
v -0.186523 0.102539 0.405273
v -0.172852 0.086914 0.403320
v -0.172852 0.086914 0.403320
v -0.186523 0.102539 0.405273
v -0.190430 0.083008 0.401367
v -0.172852 0.077148 0.416992
v -0.166992 0.086914 0.416992
v -0.172852 0.086914 0.403320
v -0.188477 0.086914 0.391602
v -0.204102 0.083008 0.389648
v -0.186523 0.102539 0.405273
v -0.186523 0.102539 0.405273
v -0.204102 0.083008 0.389648
v -0.190430 0.083008 0.401367
v -0.157227 0.116211 0.422852
v -0.165039 0.120117 0.407227
v -0.145508 0.116211 0.413086
v -0.159180 0.127930 0.411133
v -0.157227 0.116211 0.422852
v -0.145508 0.116211 0.413086
v -0.166992 0.086914 0.416992
v -0.172852 0.077148 0.416992
v -0.168945 0.073242 0.434570
v -0.168945 0.073242 0.434570
v -0.172852 0.077148 0.416992
v -0.172852 0.065430 0.418945
v -0.165039 0.120117 0.407227
v -0.157227 0.116211 0.422852
v -0.172852 0.122070 0.422852
v -0.165039 0.120117 0.407227
v -0.172852 0.122070 0.422852
v -0.176758 0.133789 0.399414
v -0.159180 0.127930 0.411133
v -0.172852 0.122070 0.422852
v -0.157227 0.116211 0.422852
v -0.159180 0.127930 0.411133
v -0.176758 0.133789 0.399414
v -0.172852 0.122070 0.422852
v -0.188477 0.086914 0.391602
v -0.190430 0.071289 0.393555
v -0.204102 0.083008 0.389648
v -0.204102 0.083008 0.389648
v -0.190430 0.071289 0.393555
v -0.190430 0.083008 0.401367
v -0.137695 0.129883 0.407227
v -0.149414 0.161133 0.401367
v -0.131836 0.149414 0.403320
v -0.131836 0.149414 0.403320
v -0.149414 0.161133 0.401367
v -0.125977 0.161133 0.415039
v -0.125977 0.141602 0.415039
v -0.137695 0.129883 0.407227
v -0.131836 0.149414 0.403320
v -0.125977 0.161133 0.415039
v -0.125977 0.141602 0.415039
v -0.131836 0.149414 0.403320
v -0.149414 0.161133 0.401367
v -0.137695 0.129883 0.407227
v -0.135742 0.147461 0.413086
v -0.149414 0.161133 0.401367
v -0.135742 0.147461 0.413086
v -0.125977 0.161133 0.415039
v -0.159180 0.133789 0.399414
v -0.176758 0.133789 0.399414
v -0.159180 0.127930 0.411133
v -0.125977 0.141602 0.415039
v -0.135742 0.147461 0.413086
v -0.137695 0.129883 0.407227
v -0.135742 0.147461 0.413086
v -0.125977 0.141602 0.415039
v -0.125977 0.161133 0.415039
v -0.024414 0.272461 0.360352
v -0.014648 0.280273 0.342773
v -0.002930 0.258789 0.331055
v -0.002930 0.258789 0.331055
v -0.006836 0.278320 0.350586
v -0.012695 0.266602 0.350586
v -0.002930 0.258789 0.331055
v -0.012695 0.266602 0.350586
v -0.024414 0.272461 0.360352
v -0.010742 0.295898 0.352539
v -0.000977 0.290039 0.342773
v -0.014648 0.280273 0.342773
v -0.014648 0.280273 0.342773
v -0.024414 0.272461 0.360352
v -0.010742 0.295898 0.352539
v -0.010742 0.295898 0.352539
v -0.006836 0.278320 0.350586
v -0.000977 0.290039 0.342773
v -0.024414 0.272461 0.360352
v -0.012695 0.266602 0.350586
v -0.006836 0.278320 0.350586
v -0.010742 0.295898 0.352539
v -0.024414 0.272461 0.360352
v -0.006836 0.278320 0.350586
v 0.262695 -0.329102 -0.352539
v 0.243164 -0.329102 -0.350586
v 0.249023 -0.329102 -0.360352
v 0.262695 -0.329102 -0.352539
v 0.256836 -0.329102 -0.340820
v 0.243164 -0.329102 -0.350586
v 0.250977 -0.307617 -0.348633
v 0.252930 -0.293945 -0.352539
v 0.250977 -0.293945 -0.348633
v 0.250977 -0.307617 -0.348633
v 0.252930 -0.307617 -0.352539
v 0.252930 -0.293945 -0.352539
v 0.139648 -0.307617 -0.413086
v 0.137695 -0.293945 -0.409180
v 0.139648 -0.293945 -0.413086
v 0.139648 -0.307617 -0.413086
v 0.137695 -0.307617 -0.409180
v 0.137695 -0.293945 -0.409180
v 0.250977 -0.288086 -0.348633
v 0.252930 -0.272461 -0.352539
v 0.250977 -0.272461 -0.348633
v 0.250977 -0.288086 -0.348633
v 0.252930 -0.288086 -0.352539
v 0.252930 -0.272461 -0.352539
v 0.139648 -0.288086 -0.413086
v 0.137695 -0.272461 -0.409180
v 0.139648 -0.272461 -0.413086
v 0.139648 -0.288086 -0.413086
v 0.137695 -0.288086 -0.409180
v 0.137695 -0.272461 -0.409180
v 0.129883 -0.329102 -0.418945
v 0.147461 -0.329102 -0.415039
v 0.127930 -0.329102 -0.407227
v 0.147461 -0.329102 -0.415039
v 0.143555 -0.329102 -0.403320
v 0.127930 -0.329102 -0.407227
v 0.129883 -0.311523 -0.411133
v 0.129883 -0.295898 -0.415039
v 0.129883 -0.295898 -0.411133
v 0.129883 -0.311523 -0.411133
v 0.129883 -0.311523 -0.415039
v 0.129883 -0.295898 -0.415039
v -0.024414 -0.311523 -0.432617
v -0.026367 -0.295898 -0.426758
v -0.024414 -0.295898 -0.432617
v -0.024414 -0.311523 -0.432617
v -0.026367 -0.311523 -0.426758
v -0.026367 -0.295898 -0.426758
v 0.129883 -0.286133 -0.411133
v 0.129883 -0.266602 -0.415039
v 0.129883 -0.266602 -0.411133
v 0.129883 -0.286133 -0.411133
v 0.129883 -0.286133 -0.415039
v 0.129883 -0.266602 -0.415039
v -0.024414 -0.280273 -0.432617
v -0.026367 -0.258789 -0.426758
v -0.024414 -0.258789 -0.432617
v -0.024414 -0.280273 -0.432617
v -0.026367 -0.280273 -0.426758
v -0.026367 -0.258789 -0.426758
v 0.202148 -0.303711 -0.336914
v 0.204102 -0.301758 -0.319336
v 0.184570 -0.301758 -0.342773
v 0.204102 -0.301758 -0.319336
v 0.190430 -0.295898 -0.311523
v 0.184570 -0.301758 -0.342773
v 0.190430 -0.295898 -0.311523
v 0.172852 -0.293945 -0.317383
v 0.184570 -0.301758 -0.342773
v 0.172852 -0.293945 -0.317383
v 0.166992 -0.297852 -0.334961
v 0.184570 -0.301758 -0.342773
v 0.061523 -0.305664 -0.016602
v 0.059570 -0.295898 0.012695
v 0.040039 -0.303711 -0.014648
v 0.061523 -0.305664 -0.016602
v 0.071289 -0.301758 -0.000977
v 0.059570 -0.295898 0.012695
v 0.059570 -0.295898 0.012695
v 0.038086 -0.295898 0.012695
v 0.040039 -0.303711 -0.014648
v 0.038086 -0.295898 0.012695
v 0.028320 -0.299805 -0.000977
v 0.040039 -0.303711 -0.014648
v -0.120117 -0.010742 -0.139648
v -0.116211 -0.045898 -0.108398
v -0.120117 -0.010742 -0.106445
v -0.120117 -0.010742 -0.139648
v -0.116211 -0.045898 -0.137695
v -0.116211 -0.045898 -0.108398
v -0.006836 -0.329102 -0.469727
v -0.020508 -0.305664 -0.475586
v -0.022461 -0.329102 -0.475586
v -0.006836 -0.329102 -0.469727
v -0.008789 -0.299805 -0.469727
v -0.020508 -0.305664 -0.475586
v -0.006836 -0.329102 -0.469727
v -0.012695 -0.313477 -0.471680
v -0.008789 -0.299805 -0.469727
v -0.047852 -0.329102 -0.485352
v -0.045898 -0.299805 -0.485352
v -0.043945 -0.313477 -0.483398
v -0.047852 -0.329102 -0.485352
v -0.034180 -0.305664 -0.481445
v -0.045898 -0.299805 -0.485352
v -0.047852 -0.329102 -0.485352
v -0.032227 -0.329102 -0.479492
v -0.034180 -0.305664 -0.481445
v -0.038086 -0.329102 -0.440430
v -0.022461 -0.329102 -0.420898
v -0.040039 -0.329102 -0.422852
v -0.038086 -0.329102 -0.440430
v -0.020508 -0.329102 -0.438477
v -0.022461 -0.329102 -0.420898
v -0.413086 -0.327148 -0.356445
v -0.405273 -0.280273 -0.233398
v -0.411133 -0.327148 -0.237305
v -0.413086 -0.327148 -0.356445
v -0.073242 -0.327148 -0.356445
v -0.405273 -0.280273 -0.233398
v -0.073242 -0.327148 -0.356445
v -0.075195 -0.327148 -0.223633
v -0.405273 -0.280273 -0.233398
v -0.075195 -0.327148 -0.223633
v -0.081055 -0.280273 -0.227539
v -0.405273 -0.280273 -0.233398
v -0.084961 -0.284180 -0.344727
v -0.084961 -0.284180 -0.325195
v -0.108398 -0.284180 -0.342773
v -0.084961 -0.284180 -0.325195
v -0.108398 -0.284180 -0.325195
v -0.108398 -0.284180 -0.342773
v -0.083008 -0.168945 -0.362305
v -0.108398 -0.168945 -0.342773
v -0.083008 -0.168945 -0.342773
v -0.083008 -0.168945 -0.362305
v -0.108398 -0.168945 -0.362305
v -0.108398 -0.168945 -0.342773
v -0.104492 -0.260742 -0.319336
v -0.104492 -0.250977 -0.249023
v -0.104492 -0.250977 -0.319336
v -0.104492 -0.260742 -0.319336
v -0.104492 -0.260742 -0.249023
v -0.104492 -0.250977 -0.249023
v -0.063477 -0.122070 -0.239258
v -0.422852 -0.104492 -0.250977
v -0.422852 -0.122070 -0.239258
v -0.063477 -0.122070 -0.239258
v -0.063477 -0.104492 -0.250977
v -0.422852 -0.104492 -0.250977
v -0.063477 -0.122070 -0.239258
v -0.067383 -0.108398 -0.245117
v -0.063477 -0.104492 -0.250977
v -0.422852 -0.104492 -0.250977
v -0.418945 -0.108398 -0.245117
v -0.422852 -0.122070 -0.239258
v -0.235352 -0.063477 -0.327148
v -0.235352 -0.063477 -0.233398
v -0.235352 -0.047852 -0.327148
v -0.235352 -0.063477 -0.233398
v -0.235352 -0.045898 -0.233398
v -0.235352 -0.047852 -0.327148
v -0.399414 -0.284180 -0.344727
v -0.375977 -0.284180 -0.325195
v -0.399414 -0.284180 -0.325195
v -0.399414 -0.284180 -0.344727
v -0.375977 -0.284180 -0.344727
v -0.375977 -0.284180 -0.325195
v -0.377930 -0.168945 -0.362305
v -0.403320 -0.168945 -0.342773
v -0.377930 -0.168945 -0.342773
v -0.377930 -0.168945 -0.362305
v -0.403320 -0.168945 -0.362305
v -0.403320 -0.168945 -0.342773
v -0.286133 -0.102539 -0.418945
v -0.288086 -0.077148 -0.397461
v -0.286133 -0.006836 -0.418945
v -0.288086 -0.077148 -0.397461
v -0.290039 -0.096680 -0.374023
v -0.286133 -0.006836 -0.418945
v -0.290039 -0.096680 -0.374023
v -0.288086 -0.014648 -0.397461
v -0.286133 -0.006836 -0.418945
v -0.290039 -0.096680 -0.374023
v -0.290039 -0.006836 -0.374023
v -0.288086 -0.014648 -0.397461
v -0.290039 -0.077148 -0.397461
v -0.288086 -0.006836 -0.418945
v -0.291992 -0.096680 -0.375977
v -0.288086 -0.006836 -0.418945
v -0.290039 -0.014648 -0.397461
v -0.291992 -0.096680 -0.375977
v -0.290039 -0.014648 -0.397461
v -0.291992 -0.006836 -0.375977
v -0.291992 -0.096680 -0.375977
v -0.290039 -0.077148 -0.397461
v -0.288086 -0.102539 -0.418945
v -0.288086 -0.006836 -0.418945
v -0.293945 -0.016602 -0.352539
v -0.290039 -0.016602 -0.352539
v -0.295898 -0.012695 -0.352539
v -0.290039 -0.016602 -0.352539
v -0.286133 -0.012695 -0.352539
v -0.295898 -0.012695 -0.352539
v -0.286133 -0.012695 -0.352539
v -0.290039 -0.006836 -0.352539
v -0.295898 -0.012695 -0.352539
v -0.290039 -0.006836 -0.352539
v -0.293945 -0.006836 -0.352539
v -0.295898 -0.012695 -0.352539
v -0.344727 -0.059570 -0.217773
v -0.333008 -0.043945 -0.217773
v -0.344727 -0.043945 -0.217773
v -0.344727 -0.059570 -0.217773
v -0.333008 -0.059570 -0.217773
v -0.333008 -0.043945 -0.217773
v -0.405273 -0.284180 -0.215820
v -0.377930 -0.284180 -0.237305
v -0.377930 -0.284180 -0.215820
v -0.405273 -0.284180 -0.215820
v -0.405273 -0.284180 -0.241211
v -0.377930 -0.284180 -0.237305
v -0.387695 -0.104492 -0.247070
v -0.387695 -0.104492 -0.227539
v -0.372070 -0.083008 -0.237305
v -0.387695 -0.104492 -0.247070
v -0.416992 -0.084961 -0.227539
v -0.387695 -0.104492 -0.227539
v -0.387695 -0.104492 -0.247070
v -0.416992 -0.098633 -0.250977
v -0.416992 -0.084961 -0.227539
v -0.081055 -0.280273 -0.016602
v -0.075195 -0.327148 -0.020508
v -0.405273 -0.280273 -0.012695
v -0.075195 -0.327148 -0.020508
v -0.073242 -0.327148 0.110352
v -0.405273 -0.280273 -0.012695
v -0.073242 -0.327148 0.110352
v -0.413086 -0.327148 0.110352
v -0.405273 -0.280273 -0.012695
v -0.413086 -0.327148 0.110352
v -0.411133 -0.327148 -0.008789
v -0.405273 -0.280273 -0.012695
v -0.032227 -0.135742 -0.180664
v -0.032227 -0.061523 -0.053711
v -0.032227 -0.124023 -0.196289
v -0.032227 -0.135742 -0.180664
v -0.032227 -0.075195 -0.041992
v -0.032227 -0.061523 -0.053711
v -0.032227 -0.075195 -0.204102
v -0.032227 -0.135742 -0.065430
v -0.032227 -0.061523 -0.194336
v -0.032227 -0.135742 -0.065430
v -0.032227 -0.124023 -0.051758
v -0.032227 -0.061523 -0.194336
v -0.028320 -0.016602 -0.124023
v -0.032227 -0.000977 -0.127930
v -0.032227 -0.000977 -0.120117
v -0.032227 -0.000977 -0.127930
v -0.028320 0.008789 -0.124023
v -0.032227 -0.000977 -0.120117
v -0.028320 0.008789 -0.124023
v -0.028320 0.008789 -0.122070
v -0.032227 -0.000977 -0.120117
v -0.028320 0.008789 -0.124023
v -0.098633 -0.002930 -0.124023
v -0.028320 0.008789 -0.122070
v -0.116211 -0.004883 -0.233398
v -0.094727 -0.004883 -0.215820
v -0.116211 -0.004883 -0.215820
v -0.116211 -0.004883 -0.233398
v -0.094727 -0.004883 -0.233398
v -0.094727 -0.004883 -0.215820
v -0.084961 0.118164 -0.219727
v -0.104492 0.118164 -0.237305
v -0.104492 0.118164 -0.219727
v -0.084961 0.118164 -0.219727
v -0.084961 0.118164 -0.237305
v -0.104492 0.118164 -0.237305
v -0.090820 0.118164 -0.016602
v -0.231445 0.219727 -0.231445
v -0.231445 0.219727 -0.016602
v -0.090820 0.118164 -0.016602
v -0.090820 0.118164 -0.231445
v -0.231445 0.219727 -0.231445
v -0.231445 0.219727 -0.231445
v -0.366211 0.116211 -0.016602
v -0.231445 0.219727 -0.016602
v -0.231445 0.219727 -0.231445
v -0.366211 0.116211 -0.231445
v -0.366211 0.116211 -0.016602
v -0.036133 -0.014648 -0.124023
v -0.102539 -0.004883 -0.227539
v -0.100586 -0.004883 -0.020508
v -0.102539 -0.004883 -0.227539
v -0.362305 0.002930 -0.020508
v -0.100586 -0.004883 -0.020508
v -0.102539 -0.004883 -0.227539
v -0.411133 -0.014648 -0.124023
v -0.362305 0.002930 -0.020508
v -0.102539 -0.004883 -0.227539
v -0.362305 0.002930 -0.227539
v -0.411133 -0.014648 -0.124023
v -0.067383 -0.108398 -0.000977
v -0.063477 -0.122070 -0.006836
v -0.063477 -0.104492 0.002930
v -0.063477 -0.122070 -0.006836
v -0.422852 -0.104492 0.002930
v -0.063477 -0.104492 0.002930
v -0.063477 -0.122070 -0.006836
v -0.422852 -0.122070 -0.006836
v -0.422852 -0.104492 0.002930
v -0.422852 -0.122070 -0.006836
v -0.418945 -0.108398 -0.000977
v -0.422852 -0.104492 0.002930
v -0.116211 -0.004883 -0.030273
v -0.094727 -0.004883 -0.014648
v -0.116211 -0.004883 -0.014648
v -0.116211 -0.004883 -0.030273
v -0.094727 -0.004883 -0.030273
v -0.094727 -0.004883 -0.014648
v -0.084961 0.118164 -0.026367
v -0.104492 0.118164 -0.008789
v -0.084961 0.118164 -0.008789
v -0.084961 0.118164 -0.026367
v -0.104492 0.118164 -0.026367
v -0.104492 0.118164 -0.008789
v -0.405273 -0.284180 -0.030273
v -0.377930 -0.284180 -0.008789
v -0.405273 -0.284180 -0.006836
v -0.405273 -0.284180 -0.030273
v -0.377930 -0.284180 -0.030273
v -0.377930 -0.284180 -0.008789
v -0.387695 -0.104492 -0.020508
v -0.387695 -0.104492 0.002930
v -0.372070 -0.083008 -0.008789
v -0.387695 -0.104492 -0.020508
v -0.416992 -0.096680 0.000977
v -0.387695 -0.104492 0.002930
v -0.387695 -0.104492 -0.020508
v -0.416992 -0.084961 -0.020508
v -0.416992 -0.096680 0.000977
v -0.342773 -0.045898 -0.137695
v -0.338867 -0.010742 -0.106445
v -0.342773 -0.045898 -0.108398
v -0.342773 -0.045898 -0.137695
v -0.338867 -0.010742 -0.139648
v -0.338867 -0.010742 -0.106445
v -0.426758 -0.000977 -0.127930
v -0.426758 -0.000977 -0.120117
v -0.430664 0.008789 -0.124023
v -0.426758 -0.000977 -0.120117
v -0.430664 0.008789 -0.122070
v -0.430664 0.008789 -0.124023
v -0.426758 -0.000977 -0.127930
v -0.430664 -0.016602 -0.124023
v -0.426758 -0.000977 -0.120117
v -0.430664 0.008789 -0.122070
v -0.364258 0.006836 -0.124023
v -0.430664 0.008789 -0.124023
v -0.293945 0.092773 -0.319336
v -0.297852 0.092773 -0.293945
v -0.305664 0.092773 -0.309570
v -0.293945 0.092773 -0.319336
v -0.280273 0.092773 -0.313477
v -0.297852 0.092773 -0.293945
v -0.280273 0.092773 -0.313477
v -0.282227 0.092773 -0.295898
v -0.297852 0.092773 -0.293945
v -0.270508 0.024414 -0.309570
v -0.313477 0.024414 -0.262695
v -0.313477 0.024414 -0.309570
v -0.270508 0.024414 -0.309570
v -0.270508 0.024414 -0.262695
v -0.313477 0.024414 -0.262695
v -0.108398 0.028320 -0.194336
v -0.110352 0.022461 -0.147461
v -0.108398 0.028320 -0.147461
v -0.108398 0.028320 -0.194336
v -0.110352 0.022461 -0.194336
v -0.110352 0.022461 -0.147461
v -0.108398 0.028320 -0.098633
v -0.110352 0.022461 -0.051758
v -0.108398 0.028320 -0.051758
v -0.108398 0.028320 -0.098633
v -0.110352 0.022461 -0.098633
v -0.110352 0.022461 -0.051758
v -0.368164 0.002930 -0.233398
v -0.346680 0.002930 -0.215820
v -0.368164 0.002930 -0.215820
v -0.368164 0.002930 -0.233398
v -0.346680 0.002930 -0.233398
v -0.346680 0.002930 -0.215820
v -0.354492 0.118164 -0.237305
v -0.374023 0.118164 -0.219727
v -0.354492 0.118164 -0.219727
v -0.354492 0.118164 -0.237305
v -0.374023 0.118164 -0.237305
v -0.374023 0.118164 -0.219727
v -0.344727 0.022461 -0.194336
v -0.346680 0.028320 -0.147461
v -0.344727 0.022461 -0.147461
v -0.344727 0.022461 -0.194336
v -0.346680 0.028320 -0.194336
v -0.346680 0.028320 -0.147461
v -0.344727 0.022461 -0.098633
v -0.346680 0.028320 -0.051758
v -0.344727 0.022461 -0.051758
v -0.344727 0.022461 -0.098633
v -0.346680 0.028320 -0.098633
v -0.346680 0.028320 -0.051758
v -0.368164 0.002930 -0.030273
v -0.346680 0.002930 -0.014648
v -0.368164 0.002930 -0.014648
v -0.368164 0.002930 -0.030273
v -0.346680 0.002930 -0.030273
v -0.346680 0.002930 -0.014648
v -0.354492 0.118164 -0.008789
v -0.374023 0.118164 -0.026367
v -0.374023 0.118164 -0.008789
v -0.354492 0.118164 -0.008789
v -0.354492 0.118164 -0.026367
v -0.374023 0.118164 -0.026367
v -0.344727 0.161133 -0.075195
v -0.299805 0.161133 -0.030273
v -0.344727 0.161133 -0.030273
v -0.344727 0.161133 -0.075195
v -0.299805 0.161133 -0.075195
v -0.299805 0.161133 -0.030273
v -0.305664 0.291992 -0.065430
v -0.348633 0.291992 -0.022461
v -0.305664 0.291992 -0.022461
v -0.305664 0.291992 -0.065430
v -0.348633 0.291992 -0.065430
v -0.348633 0.291992 -0.022461
v -0.329102 0.311523 -0.061523
v -0.313477 0.311523 -0.051758
v -0.342773 0.311523 -0.047852
v -0.313477 0.311523 -0.051758
v -0.334961 0.311523 -0.032227
v -0.342773 0.311523 -0.047852
v -0.313477 0.311523 -0.051758
v -0.317383 0.311523 -0.034180
v -0.334961 0.311523 -0.032227
v 0.299805 -0.333008 0.106445
v 0.301758 -0.299805 0.108398
v 0.303711 -0.315430 0.110352
v 0.299805 -0.333008 0.106445
v 0.309570 -0.307617 0.118164
v 0.301758 -0.299805 0.108398
v 0.299805 -0.333008 0.106445
v 0.311523 -0.333008 0.120117
v 0.309570 -0.307617 0.118164
v 0.215820 -0.258789 0.084961
v 0.229492 -0.262695 0.067383
v 0.227539 -0.260742 0.104492
v 0.229492 -0.262695 0.067383
v 0.249023 -0.266602 0.098633
v 0.227539 -0.260742 0.104492
v 0.229492 -0.262695 0.067383
v 0.250977 -0.268555 0.077148
v 0.249023 -0.266602 0.098633
v 0.288086 -0.262695 0.102539
v 0.284180 -0.254883 0.139648
v 0.270508 -0.256836 0.120117
v 0.288086 -0.262695 0.102539
v 0.305664 -0.256836 0.135742
v 0.284180 -0.254883 0.139648
v 0.288086 -0.262695 0.102539
v 0.307617 -0.262695 0.114258
v 0.305664 -0.256836 0.135742
v 0.252930 -0.254883 0.120117
v 0.274414 -0.252930 0.151367
v 0.239258 -0.252930 0.137695
v 0.252930 -0.254883 0.120117
v 0.274414 -0.254883 0.127930
v 0.274414 -0.252930 0.151367
v 0.274414 -0.252930 0.151367
v 0.250977 -0.250977 0.157227
v 0.239258 -0.252930 0.137695
v 0.331055 -0.333008 0.145508
v 0.321289 -0.307617 0.131836
v 0.319336 -0.333008 0.129883
v 0.331055 -0.333008 0.145508
v 0.329102 -0.299805 0.143555
v 0.321289 -0.307617 0.131836
v 0.331055 -0.333008 0.145508
v 0.327148 -0.315430 0.139648
v 0.329102 -0.299805 0.143555
v 0.254883 -0.331055 0.147461
v 0.153320 -0.333008 0.155273
v 0.208008 -0.331055 0.157227
v 0.254883 -0.331055 0.147461
v 0.161133 -0.336914 0.104492
v 0.153320 -0.333008 0.155273
v 0.254883 -0.331055 0.147461
v 0.215820 -0.336914 0.090820
v 0.161133 -0.336914 0.104492
v 0.362305 -0.325195 0.225586
v 0.352539 -0.297852 0.231445
v 0.358398 -0.311523 0.233398
v 0.362305 -0.325195 0.225586
v 0.358398 -0.305664 0.243164
v 0.352539 -0.297852 0.231445
v 0.362305 -0.325195 0.225586
v 0.366211 -0.329102 0.247070
v 0.358398 -0.305664 0.243164
v 0.366211 -0.329102 0.247070
v 0.372070 -0.331055 0.270508
v 0.362305 -0.307617 0.258789
v 0.372070 -0.331055 0.270508
v 0.362305 -0.301758 0.272461
v 0.362305 -0.307617 0.258789
v 0.372070 -0.331055 0.270508
v 0.366211 -0.315430 0.266602
v 0.362305 -0.301758 0.272461
v 0.264648 -0.252930 0.208008
v 0.258789 -0.252930 0.229492
v 0.245117 -0.252930 0.194336
v 0.258789 -0.252930 0.229492
v 0.235352 -0.250977 0.229492
v 0.245117 -0.252930 0.194336
v 0.235352 -0.250977 0.229492
v 0.227539 -0.250977 0.208008
v 0.245117 -0.252930 0.194336
v 0.163086 -0.258789 0.088867
v 0.184570 -0.260742 0.098633
v 0.153320 -0.258789 0.110352
v 0.184570 -0.260742 0.098633
v 0.174805 -0.260742 0.120117
v 0.153320 -0.258789 0.110352
v 0.141602 -0.256836 0.129883
v 0.137695 -0.254883 0.165039
v 0.122070 -0.258789 0.145508
v 0.141602 -0.256836 0.129883
v 0.155273 -0.252930 0.149414
v 0.137695 -0.254883 0.165039
v 0.159180 -0.252930 0.194336
v 0.145508 -0.252930 0.229492
v 0.139648 -0.254883 0.206055
v 0.159180 -0.252930 0.194336
v 0.168945 -0.250977 0.231445
v 0.145508 -0.252930 0.229492
v 0.159180 -0.252930 0.194336
v 0.176758 -0.250977 0.209961
v 0.168945 -0.250977 0.231445
v 0.202148 -0.239258 0.135742
v 0.200195 -0.239258 0.180664
v 0.184570 -0.239258 0.157227
v 0.202148 -0.239258 0.135742
v 0.227539 -0.239258 0.143555
v 0.200195 -0.239258 0.180664
v 0.227539 -0.239258 0.143555
v 0.227539 -0.241211 0.172852
v 0.200195 -0.239258 0.180664
v 0.208008 -0.237305 0.211914
v 0.219727 -0.237305 0.231445
v 0.188477 -0.237305 0.225586
v 0.219727 -0.237305 0.231445
v 0.200195 -0.235352 0.245117
v 0.188477 -0.237305 0.225586
v 0.245117 -0.235352 0.249023
v 0.262695 -0.237305 0.264648
v 0.229492 -0.237305 0.266602
v 0.262695 -0.237305 0.264648
v 0.247070 -0.239258 0.282227
v 0.229492 -0.237305 0.266602
v 0.049805 -0.163086 0.243164
v 0.020508 -0.166992 0.215820
v 0.036133 -0.182617 0.229492
v 0.049805 -0.163086 0.243164
v 0.022461 -0.129883 0.219727
v 0.020508 -0.166992 0.215820
v 0.049805 -0.163086 0.243164
v 0.045898 -0.125977 0.243164
v 0.022461 -0.129883 0.219727
v 0.045898 -0.125977 0.243164
v 0.036133 -0.112305 0.229492
v 0.022461 -0.129883 0.219727
v 0.047852 -0.161133 0.209961
v 0.053711 -0.155273 0.217773
v 0.041992 -0.155273 0.219727
v 0.047852 -0.161133 0.209961
v 0.059570 -0.137695 0.202148
v 0.053711 -0.155273 0.217773
v 0.038086 0.069336 0.290039
v 0.040039 0.069336 0.249023
v -0.000977 0.069336 0.307617
v 0.040039 0.069336 0.249023
v -0.036133 0.069336 0.284180
v -0.000977 0.069336 0.307617
v 0.040039 0.069336 0.249023
v -0.032227 0.069336 0.241211
v -0.036133 0.069336 0.284180
v 0.040039 0.069336 0.249023
v 0.006836 0.069336 0.223633
v -0.032227 0.069336 0.241211
v 0.006836 -0.108398 0.219727
v -0.040039 -0.108398 0.245117
v -0.020508 -0.125977 0.227539
v 0.006836 -0.108398 0.219727
v 0.006836 -0.079102 0.219727
v -0.040039 -0.108398 0.245117
v 0.006836 -0.079102 0.219727
v -0.038086 -0.077148 0.245117
v -0.040039 -0.108398 0.245117
v 0.291992 -0.305664 0.295898
v 0.301758 -0.307617 0.290039
v 0.286133 -0.301758 0.299805
v 0.301758 -0.307617 0.290039
v 0.299805 -0.311523 0.299805
v 0.286133 -0.301758 0.299805
v 0.299805 -0.311523 0.299805
v 0.293945 -0.309570 0.305664
v 0.286133 -0.301758 0.299805
v 0.278320 -0.293945 0.321289
v 0.266602 -0.291992 0.333008
v 0.270508 -0.290039 0.323242
v 0.278320 -0.293945 0.321289
v 0.284180 -0.299805 0.329102
v 0.266602 -0.291992 0.333008
v 0.284180 -0.299805 0.329102
v 0.276367 -0.299805 0.333008
v 0.266602 -0.291992 0.333008
v 0.163086 -0.250977 0.276367
v 0.184570 -0.254883 0.305664
v 0.163086 -0.252930 0.299805
v 0.163086 -0.250977 0.276367
v 0.184570 -0.250977 0.268555
v 0.184570 -0.254883 0.305664
v 0.184570 -0.250977 0.268555
v 0.198242 -0.252930 0.288086
v 0.184570 -0.254883 0.305664
v 0.145508 -0.004883 0.342773
v 0.147461 -0.016602 0.346680
v 0.151367 0.002930 0.352539
v 0.147461 -0.016602 0.346680
v 0.147461 -0.010742 0.356445
v 0.151367 0.002930 0.352539
v 0.147461 -0.010742 0.356445
v 0.153320 -0.024414 0.368164
v 0.155273 -0.014648 0.370117
v 0.147461 -0.010742 0.356445
v 0.149414 -0.022461 0.356445
v 0.153320 -0.024414 0.368164
v 0.155273 -0.014648 0.370117
v 0.159180 -0.008789 0.381836
v 0.155273 -0.000977 0.375977
v 0.155273 -0.014648 0.370117
v 0.157227 -0.020508 0.379883
v 0.159180 -0.008789 0.381836
v 0.043945 -0.077148 0.286133
v 0.045898 -0.106445 0.288086
v -0.000977 -0.077148 0.311523
v 0.045898 -0.106445 0.288086
v -0.000977 -0.108398 0.313477
v -0.000977 -0.077148 0.311523
v 0.045898 -0.106445 0.288086
v 0.024414 -0.124023 0.305664
v -0.000977 -0.108398 0.313477
v 0.063477 -0.034180 0.366211
v 0.059570 -0.026367 0.342773
v 0.047852 -0.034180 0.368164
v 0.063477 -0.034180 0.366211
v 0.069336 -0.030273 0.352539
v 0.059570 -0.026367 0.342773
v 0.059570 -0.026367 0.342773
v 0.040039 -0.030273 0.356445
v 0.047852 -0.034180 0.368164
v 0.155273 -0.000977 0.375977
v 0.155273 0.018555 0.360352
v 0.151367 0.004883 0.360352
v 0.155273 -0.000977 0.375977
v 0.159180 0.014648 0.372070
v 0.155273 0.018555 0.360352
v 0.155273 0.018555 0.360352
v 0.151367 0.008789 0.352539
v 0.151367 0.004883 0.360352
v 0.065430 0.006836 0.122070
v 0.065430 0.026367 0.116211
v 0.057617 0.012695 0.116211
v 0.065430 0.006836 0.122070
v 0.071289 0.018555 0.124023
v 0.065430 0.026367 0.116211
v 0.059570 0.030273 0.110352
v 0.067383 0.038086 0.114258
v 0.047852 0.028320 0.098633
v 0.067383 0.038086 0.114258
v 0.057617 0.043945 0.100586
v 0.047852 0.028320 0.098633
v 0.090820 0.166992 0.116211
v 0.098633 0.166992 0.124023
v 0.086914 0.178711 0.118164
v 0.098633 0.166992 0.124023
v 0.090820 0.182617 0.125977
v 0.086914 0.178711 0.118164
v 0.081055 0.194336 0.124023
v 0.086914 0.182617 0.122070
v 0.086914 0.196289 0.133789
v 0.086914 0.182617 0.122070
v 0.088867 0.190430 0.135742
v 0.086914 0.196289 0.133789
v 0.086914 0.182617 0.122070
v 0.090820 0.182617 0.125977
v 0.088867 0.190430 0.135742
v 0.036133 0.180664 0.090820
v 0.043945 0.174805 0.088867
v 0.045898 0.192383 0.098633
v 0.043945 0.174805 0.088867
v 0.053711 0.182617 0.096680
v 0.045898 0.192383 0.098633
v 0.028320 0.168945 0.083008
v 0.036133 0.176758 0.088867
v 0.016602 0.172852 0.083008
v 0.036133 0.176758 0.088867
v 0.022461 0.190430 0.094727
v 0.016602 0.172852 0.083008
v 0.002930 0.180664 0.083008
v 0.016602 0.182617 0.086914
v 0.004883 0.194336 0.088867
v 0.016602 0.182617 0.086914
v 0.024414 0.194336 0.096680
v 0.004883 0.194336 0.088867
v 0.014648 0.196289 0.092773
v 0.016602 0.211914 0.102539
v 0.006836 0.204102 0.094727
v 0.014648 0.196289 0.092773
v 0.026367 0.206055 0.100586
v 0.016602 0.211914 0.102539
v 0.049805 0.198242 0.102539
v 0.032227 0.209961 0.104492
v 0.036133 0.204102 0.102539
v 0.049805 0.198242 0.102539
v 0.045898 0.209961 0.108398
v 0.032227 0.209961 0.104492
v 0.204102 0.073242 0.145508
v 0.209961 0.065430 0.161133
v 0.204102 0.086914 0.163086
v 0.209961 0.065430 0.161133
v 0.211914 0.077148 0.178711
v 0.204102 0.086914 0.163086
v 0.211914 0.077148 0.178711
v 0.208008 0.086914 0.176758
v 0.204102 0.086914 0.163086
v 0.229492 0.116211 0.231445
v 0.229492 0.114258 0.227539
v 0.233398 0.102539 0.235352
v 0.229492 0.114258 0.227539
v 0.233398 0.100586 0.223633
v 0.233398 0.102539 0.235352
v 0.229492 0.116211 0.223633
v 0.223633 0.131836 0.235352
v 0.225586 0.127930 0.219727
v 0.229492 0.116211 0.223633
v 0.229492 0.116211 0.231445
v 0.223633 0.131836 0.235352
v 0.233398 0.102539 0.237305
v 0.235352 0.094727 0.250977
v 0.231445 0.104492 0.252930
v 0.233398 0.102539 0.237305
v 0.235352 0.094727 0.237305
v 0.235352 0.094727 0.250977
v 0.221680 0.137695 0.252930
v 0.221680 0.137695 0.239258
v 0.223633 0.129883 0.254883
v 0.221680 0.137695 0.239258
v 0.225586 0.127930 0.239258
v 0.223633 0.129883 0.254883
v 0.106445 0.174805 0.143555
v 0.100586 0.168945 0.129883
v 0.110352 0.180664 0.151367
v 0.100586 0.168945 0.129883
v 0.114258 0.168945 0.149414
v 0.110352 0.180664 0.151367
v 0.100586 0.168945 0.129883
v 0.110352 0.161133 0.135742
v 0.114258 0.168945 0.149414
v 0.102539 0.182617 0.143555
v 0.092773 0.198242 0.145508
v 0.094727 0.192383 0.139648
v 0.102539 0.182617 0.143555
v 0.104492 0.184570 0.149414
v 0.092773 0.198242 0.145508
v 0.104492 0.184570 0.149414
v 0.100586 0.194336 0.153320
v 0.092773 0.198242 0.145508
v 0.112305 0.209961 0.200195
v 0.112305 0.211914 0.211914
v 0.106445 0.219727 0.196289
v 0.112305 0.211914 0.211914
v 0.104492 0.217773 0.209961
v 0.106445 0.219727 0.196289
v 0.096680 0.235352 0.196289
v 0.102539 0.223633 0.198242
v 0.092773 0.241211 0.208008
v 0.102539 0.223633 0.198242
v 0.098633 0.229492 0.206055
v 0.092773 0.241211 0.208008
v 0.088867 0.247070 0.217773
v 0.094727 0.233398 0.209961
v 0.092773 0.239258 0.227539
v 0.094727 0.233398 0.209961
v 0.096680 0.237305 0.225586
v 0.092773 0.239258 0.227539
v 0.116211 0.204102 0.225586
v 0.112305 0.209961 0.241211
v 0.104492 0.223633 0.219727
v 0.112305 0.209961 0.241211
v 0.106445 0.221680 0.243164
v 0.104492 0.223633 0.219727
v 0.106445 0.221680 0.243164
v 0.102539 0.225586 0.223633
v 0.104492 0.223633 0.219727
v 0.098633 0.227539 0.233398
v 0.102539 0.225586 0.239258
v 0.092773 0.241211 0.233398
v 0.102539 0.225586 0.239258
v 0.096680 0.235352 0.245117
v 0.092773 0.241211 0.233398
v 0.231445 0.104492 0.252930
v 0.229492 0.112305 0.268555
v 0.227539 0.116211 0.260742
v 0.231445 0.104492 0.252930
v 0.233398 0.100586 0.254883
v 0.229492 0.112305 0.268555
v 0.233398 0.100586 0.254883
v 0.233398 0.100586 0.266602
v 0.229492 0.112305 0.268555
v 0.227539 0.116211 0.260742
v 0.227539 0.118164 0.266602
v 0.223633 0.129883 0.254883
v 0.227539 0.118164 0.266602
v 0.223633 0.131836 0.266602
v 0.223633 0.129883 0.254883
v 0.088867 0.211914 0.370117
v 0.084961 0.206055 0.385742
v 0.079102 0.215820 0.375977
v 0.088867 0.211914 0.370117
v 0.092773 0.202148 0.379883
v 0.084961 0.206055 0.385742
v 0.079102 0.221680 0.364258
v 0.083008 0.213867 0.374023
v 0.069336 0.227539 0.372070
v 0.083008 0.213867 0.374023
v 0.079102 0.215820 0.375977
v 0.069336 0.227539 0.372070
v 0.041992 0.057617 0.481445
v 0.051758 0.053711 0.483398
v 0.034180 0.047852 0.485352
v 0.051758 0.053711 0.483398
v 0.043945 0.043945 0.487305
v 0.034180 0.047852 0.485352
v 0.051758 0.059570 0.481445
v 0.041992 0.073242 0.471680
v 0.053711 0.073242 0.475586
v 0.051758 0.059570 0.481445
v 0.045898 0.059570 0.481445
v 0.041992 0.073242 0.471680
v 0.018555 0.061523 0.475586
v 0.024414 0.051758 0.481445
v 0.010742 0.061523 0.475586
v 0.024414 0.051758 0.481445
v 0.022461 0.043945 0.485352
v 0.010742 0.061523 0.475586
v 0.022461 0.043945 0.485352
v 0.008789 0.049805 0.481445
v 0.010742 0.061523 0.475586
v 0.026367 0.071289 0.473633
v 0.018555 0.061523 0.475586
v 0.020508 0.079102 0.467773
v 0.018555 0.061523 0.475586
v 0.012695 0.071289 0.471680
v 0.020508 0.079102 0.467773
v 0.026367 0.077148 0.469727
v 0.038086 0.081055 0.469727
v 0.026367 0.071289 0.473633
v 0.038086 0.081055 0.469727
v 0.040039 0.071289 0.473633
v 0.026367 0.071289 0.473633
v 0.118164 0.147461 0.387695
v 0.118164 0.135742 0.401367
v 0.114258 0.143555 0.403320
v 0.118164 0.147461 0.387695
v 0.122070 0.137695 0.389648
v 0.118164 0.135742 0.401367
v 0.122070 0.155273 0.375977
v 0.124023 0.143555 0.381836
v 0.116211 0.161133 0.383789
v 0.124023 0.143555 0.381836
v 0.118164 0.147461 0.387695
v 0.116211 0.161133 0.383789
v 0.106445 0.159180 0.405273
v 0.114258 0.143555 0.403320
v 0.106445 0.153320 0.416992
v 0.114258 0.143555 0.403320
v 0.112305 0.141602 0.415039
v 0.106445 0.153320 0.416992
v 0.114258 0.168945 0.381836
v 0.110352 0.165039 0.389648
v 0.108398 0.176758 0.389648
v 0.110352 0.165039 0.389648
v 0.106445 0.159180 0.405273
v 0.108398 0.176758 0.389648
v 0.106445 0.159180 0.405273
v 0.104492 0.172852 0.403320
v 0.108398 0.176758 0.389648
v 0.084961 0.206055 0.385742
v 0.088867 0.202148 0.385742
v 0.079102 0.206055 0.395508
v 0.088867 0.202148 0.385742
v 0.081055 0.198242 0.403320
v 0.079102 0.206055 0.395508
v 0.088867 0.202148 0.385742
v 0.090820 0.196289 0.395508
v 0.081055 0.198242 0.403320
v 0.063477 0.215820 0.397461
v 0.075195 0.204102 0.401367
v 0.061523 0.213867 0.405273
v 0.075195 0.204102 0.401367
v 0.069336 0.204102 0.411133
v 0.061523 0.213867 0.405273
v 0.067383 0.223633 0.377930
v 0.057617 0.223633 0.393555
v 0.057617 0.229492 0.381836
v 0.067383 0.223633 0.377930
v 0.067383 0.221680 0.383789
v 0.057617 0.223633 0.393555
v -0.098633 -0.256836 0.012695
v -0.102539 -0.262695 0.061523
v -0.102539 -0.256836 0.061523
v -0.098633 -0.256836 0.012695
v -0.098633 -0.262695 0.012695
v -0.102539 -0.262695 0.061523
v -0.241211 -0.149414 0.047852
v -0.223633 -0.149414 0.063477
v -0.241211 -0.149414 0.063477
v -0.241211 -0.149414 0.047852
v -0.223633 -0.149414 0.047852
v -0.223633 -0.149414 0.063477
v -0.217773 -0.022461 0.079102
v -0.239258 -0.012695 0.063477
v -0.239258 -0.022461 0.079102
v -0.217773 -0.022461 0.079102
v -0.217773 -0.012695 0.063477
v -0.239258 -0.012695 0.063477
v -0.034180 -0.026367 0.174805
v -0.043945 -0.030273 0.165039
v -0.055664 -0.022461 0.190430
v -0.043945 -0.030273 0.165039
v -0.057617 -0.030273 0.166992
v -0.055664 -0.022461 0.190430
v -0.057617 -0.030273 0.166992
v -0.063477 -0.026367 0.178711
v -0.055664 -0.022461 0.190430
v -0.399414 -0.284180 0.079102
v -0.375977 -0.284180 0.096680
v -0.399414 -0.284180 0.096680
v -0.399414 -0.284180 0.079102
v -0.375977 -0.284180 0.079102
v -0.375977 -0.284180 0.096680
v -0.344727 -0.149414 0.047852
v -0.325195 -0.149414 0.063477
v -0.344727 -0.149414 0.063477
v -0.344727 -0.149414 0.047852
v -0.325195 -0.149414 0.047852
v -0.325195 -0.149414 0.063477
v -0.329102 -0.022461 0.079102
v -0.348633 -0.012695 0.063477
v -0.348633 -0.022461 0.079102
v -0.329102 -0.022461 0.079102
v -0.329102 -0.012695 0.063477
v -0.348633 -0.012695 0.063477
v -0.377930 -0.168945 0.116211
v -0.403320 -0.168945 0.094727
v -0.403320 -0.168945 0.116211
v -0.377930 -0.168945 0.116211
v -0.377930 -0.168945 0.094727
v -0.403320 -0.168945 0.094727
v -0.204102 -0.329102 0.379883
v -0.206055 -0.301758 0.381836
v -0.208008 -0.313477 0.383789
v -0.204102 -0.329102 0.379883
v -0.215820 -0.307617 0.387695
v -0.206055 -0.301758 0.381836
v -0.204102 -0.329102 0.379883
v -0.217773 -0.329102 0.389648
v -0.215820 -0.307617 0.387695
v -0.237305 -0.329102 0.407227
v -0.227539 -0.307617 0.397461
v -0.225586 -0.329102 0.397461
v -0.237305 -0.329102 0.407227
v -0.235352 -0.301758 0.405273
v -0.227539 -0.307617 0.397461
v -0.237305 -0.329102 0.407227
v -0.233398 -0.313477 0.403320
v -0.235352 -0.301758 0.405273
v -0.342773 -0.329102 0.256836
v -0.342773 -0.329102 0.274414
v -0.352539 -0.329102 0.262695
v -0.342773 -0.329102 0.256836
v -0.334961 -0.329102 0.266602
v -0.342773 -0.329102 0.274414
v -0.338867 -0.313477 0.266602
v -0.342773 -0.301758 0.270508
v -0.338867 -0.301758 0.266602
v -0.338867 -0.313477 0.266602
v -0.342773 -0.313477 0.270508
v -0.342773 -0.301758 0.270508
v -0.274414 -0.313477 0.354492
v -0.270508 -0.301758 0.352539
v -0.274414 -0.301758 0.354492
v -0.274414 -0.313477 0.354492
v -0.270508 -0.313477 0.352539
v -0.270508 -0.301758 0.352539
v -0.338867 -0.295898 0.266602
v -0.342773 -0.280273 0.270508
v -0.338867 -0.280273 0.266602
v -0.338867 -0.295898 0.266602
v -0.342773 -0.295898 0.270508
v -0.342773 -0.280273 0.270508
v -0.274414 -0.290039 0.354492
v -0.270508 -0.274414 0.352539
v -0.274414 -0.274414 0.354492
v -0.274414 -0.290039 0.354492
v -0.270508 -0.290039 0.352539
v -0.270508 -0.274414 0.352539
v -0.270508 -0.329102 0.346680
v -0.260742 -0.329102 0.358398
v -0.280273 -0.329102 0.354492
v -0.260742 -0.329102 0.358398
v -0.272461 -0.329102 0.366211
v -0.280273 -0.329102 0.354492
v -0.092773 0.202148 0.137695
v -0.079102 0.217773 0.135742
v -0.094727 0.208008 0.143555
v -0.092773 0.202148 0.137695
v -0.081055 0.211914 0.131836
v -0.079102 0.217773 0.135742
v -0.079102 0.217773 0.135742
v -0.088867 0.219727 0.145508
v -0.094727 0.208008 0.143555
v -0.145508 0.026367 0.129883
v -0.149414 0.024414 0.141602
v -0.151367 0.026367 0.141602
v -0.149414 0.024414 0.141602
v -0.149414 0.034180 0.151367
v -0.151367 0.026367 0.141602
v -0.309570 0.213867 0.002930
v -0.317383 0.219727 0.000977
v -0.311523 0.219727 0.000977
v -0.309570 0.213867 0.002930
v -0.319336 0.213867 0.000977
v -0.317383 0.219727 0.000977
v -0.309570 0.213867 0.002930
v -0.317383 0.209961 0.000977
v -0.319336 0.213867 0.000977
v -0.309570 0.213867 0.002930
v -0.311523 0.209961 0.000977
v -0.317383 0.209961 0.000977
v -0.208008 0.100586 0.297852
v -0.204102 0.114258 0.295898
v -0.206055 0.102539 0.309570
v -0.204102 0.114258 0.295898
v -0.204102 0.118164 0.311523
v -0.206055 0.102539 0.309570
v -0.204102 0.118164 0.311523
v -0.202148 0.118164 0.297852
v -0.202148 0.129883 0.309570
v -0.202148 0.118164 0.297852
v -0.198242 0.131836 0.295898
v -0.202148 0.129883 0.309570
v -0.209961 0.094727 0.311523
v -0.206055 0.102539 0.327148
v -0.209961 0.094727 0.325195
v -0.209961 0.094727 0.311523
v -0.206055 0.102539 0.309570
v -0.206055 0.102539 0.327148
v -0.204102 0.116211 0.340820
v -0.198242 0.131836 0.329102
v -0.198242 0.127930 0.344727
v -0.204102 0.116211 0.340820
v -0.208008 0.100586 0.338867
v -0.198242 0.131836 0.329102
v -0.208008 0.100586 0.338867
v -0.204102 0.118164 0.325195
v -0.198242 0.131836 0.329102
v -0.198242 0.129883 0.309570
v -0.196289 0.137695 0.325195
v -0.198242 0.127930 0.325195
v -0.198242 0.129883 0.309570
v -0.196289 0.137695 0.311523
v -0.196289 0.137695 0.325195
v -0.176758 0.077148 0.403320
v -0.166992 0.086914 0.416992
v -0.172852 0.065430 0.418945
v -0.176758 0.077148 0.403320
v -0.172852 0.086914 0.403320
v -0.166992 0.086914 0.416992
v -0.166992 0.086914 0.416992
v -0.168945 0.073242 0.434570
v -0.172852 0.065430 0.418945
v 0.266602 -0.329102 -0.366211
v 0.274414 -0.329102 -0.366211
v 0.243164 -0.329102 -0.340820
v 0.274414 -0.329102 -0.366211
v 0.307617 -0.329102 -0.334961
v 0.243164 -0.329102 -0.340820
v 0.307617 -0.329102 -0.334961
v 0.243164 -0.329102 -0.333008
v 0.243164 -0.329102 -0.340820
v 0.307617 -0.329102 -0.334961
v 0.307617 -0.329102 -0.325195
v 0.243164 -0.329102 -0.333008
v 0.307617 -0.329102 -0.325195
v 0.274414 -0.329102 -0.301758
v 0.243164 -0.329102 -0.333008
v 0.307617 -0.329102 -0.325195
v 0.282227 -0.329102 -0.301758
v 0.274414 -0.329102 -0.301758
v 0.297852 -0.329102 -0.317383
v 0.327148 -0.329102 -0.288086
v 0.272461 -0.329102 -0.299805
v 0.297852 -0.329102 -0.317383
v 0.305664 -0.329102 -0.317383
v 0.327148 -0.329102 -0.288086
v 0.327148 -0.329102 -0.288086
v 0.272461 -0.329102 -0.291992
v 0.272461 -0.329102 -0.299805
v 0.327148 -0.329102 -0.288086
v 0.293945 -0.329102 -0.262695
v 0.272461 -0.329102 -0.291992
v 0.327148 -0.329102 -0.288086
v 0.327148 -0.329102 -0.280273
v 0.293945 -0.329102 -0.262695
v 0.327148 -0.329102 -0.280273
v 0.303711 -0.329102 -0.260742
v 0.293945 -0.329102 -0.262695
v 0.166992 -0.290039 -0.336914
v 0.165039 -0.305664 -0.305664
v 0.149414 -0.291992 -0.336914
v 0.165039 -0.305664 -0.305664
v 0.157227 -0.299805 -0.319336
v 0.149414 -0.291992 -0.336914
v 0.166992 -0.290039 -0.336914
v 0.176758 -0.299805 -0.325195
v 0.165039 -0.305664 -0.305664
v 0.176758 -0.299805 -0.325195
v 0.178711 -0.301758 -0.311523
v 0.165039 -0.305664 -0.305664
v 0.157227 -0.299805 -0.319336
v 0.133789 -0.297852 -0.331055
v 0.149414 -0.291992 -0.336914
v 0.157227 -0.299805 -0.319336
v 0.147461 -0.305664 -0.309570
v 0.133789 -0.297852 -0.331055
v 0.147461 -0.305664 -0.309570
v 0.131836 -0.305664 -0.317383
v 0.133789 -0.297852 -0.331055
v -0.018555 -0.327148 -0.176758
v -0.018555 -0.315430 -0.170898
v -0.018555 -0.315430 -0.176758
v -0.018555 -0.327148 -0.176758
v -0.018555 -0.315430 -0.077148
v -0.018555 -0.315430 -0.170898
v -0.018555 -0.315430 -0.077148
v -0.018555 -0.303711 -0.170898
v -0.018555 -0.315430 -0.170898
v -0.018555 -0.315430 -0.077148
v -0.018555 -0.303711 -0.077148
v -0.018555 -0.303711 -0.170898
v -0.018555 -0.327148 -0.176758
v 0.065430 -0.327148 -0.176758
v -0.018555 -0.315430 -0.077148
v 0.065430 -0.327148 -0.176758
v 0.065430 -0.327148 -0.069336
v -0.018555 -0.315430 -0.077148
v 0.065430 -0.327148 -0.069336
v -0.018555 -0.327148 -0.069336
v -0.018555 -0.315430 -0.077148
v -0.018555 -0.327148 -0.069336
v -0.018555 -0.315430 -0.069336
v -0.018555 -0.315430 -0.077148
v 0.030273 -0.305664 -0.170898
v -0.016602 -0.305664 -0.157227
v -0.016602 -0.305664 -0.170898
v 0.030273 -0.305664 -0.170898
v 0.030273 -0.305664 -0.157227
v -0.016602 -0.305664 -0.157227
v -0.016602 -0.305664 -0.157227
v 0.018555 -0.198242 -0.161133
v -0.016602 -0.305664 -0.170898
v 0.018555 -0.198242 -0.161133
v -0.020508 -0.188477 -0.174805
v -0.016602 -0.305664 -0.170898
v 0.018555 -0.198242 -0.161133
v 0.004883 -0.141602 -0.124023
v -0.020508 -0.188477 -0.174805
v 0.018555 -0.198242 -0.161133
v 0.032227 -0.196289 -0.161133
v 0.004883 -0.141602 -0.124023
v 0.032227 -0.196289 -0.161133
v 0.032227 -0.196289 -0.084961
v 0.004883 -0.141602 -0.124023
v 0.032227 -0.196289 -0.084961
v 0.018555 -0.198242 -0.084961
v 0.004883 -0.141602 -0.124023
v 0.018555 -0.198242 -0.084961
v -0.020508 -0.186523 -0.073242
v 0.004883 -0.141602 -0.124023
v 0.018555 -0.198242 -0.084961
v -0.016602 -0.305664 -0.077148
v -0.020508 -0.186523 -0.073242
v 0.018555 -0.198242 -0.084961
v -0.016602 -0.305664 -0.088867
v -0.016602 -0.305664 -0.077148
v -0.016602 -0.305664 -0.088867
v 0.030273 -0.305664 -0.088867
v -0.016602 -0.305664 -0.077148
v 0.030273 -0.305664 -0.088867
v 0.030273 -0.305664 -0.075195
v -0.016602 -0.305664 -0.077148
v 0.026367 -0.305664 -0.168945
v 0.032227 -0.188477 -0.073242
v 0.032227 -0.188477 -0.174805
v 0.032227 -0.188477 -0.073242
v 0.032227 -0.147461 -0.124023
v 0.032227 -0.188477 -0.174805
v 0.026367 -0.305664 -0.168945
v 0.014648 -0.303711 -0.159180
v 0.032227 -0.188477 -0.073242
v 0.014648 -0.303711 -0.159180
v 0.014648 -0.303711 -0.088867
v 0.032227 -0.188477 -0.073242
v 0.014648 -0.303711 -0.088867
v 0.026367 -0.305664 -0.077148
v 0.032227 -0.188477 -0.073242
v 0.026367 -0.305664 -0.168945
v 0.026367 -0.305664 -0.159180
v 0.014648 -0.303711 -0.159180
v 0.014648 -0.303711 -0.088867
v 0.026367 -0.305664 -0.088867
v 0.026367 -0.305664 -0.077148
v 0.030273 -0.291992 -0.000977
v 0.040039 -0.301758 0.004883
v 0.014648 -0.293945 0.002930
v 0.040039 -0.301758 0.004883
v 0.026367 -0.301758 0.016602
v 0.014648 -0.293945 0.002930
v 0.026367 -0.301758 0.016602
v 0.000977 -0.297852 0.012695
v 0.014648 -0.293945 0.002930
v 0.026367 -0.301758 0.016602
v 0.018555 -0.307617 0.028320
v 0.000977 -0.297852 0.012695
v 0.018555 -0.307617 0.028320
v 0.002930 -0.305664 0.026367
v 0.000977 -0.297852 0.012695
v -0.038086 -0.194336 -0.182617
v -0.036133 -0.176758 -0.149414
v -0.038086 -0.182617 -0.184570
v -0.036133 -0.176758 -0.149414
v -0.036133 -0.176758 -0.186523
v -0.038086 -0.182617 -0.184570
v -0.036133 -0.176758 -0.149414
v -0.036133 -0.161133 -0.155273
v -0.036133 -0.176758 -0.186523
v -0.036133 -0.176758 -0.149414
v -0.036133 -0.151367 -0.124023
v -0.036133 -0.161133 -0.155273
v -0.036133 -0.151367 -0.124023
v -0.036133 -0.135742 -0.124023
v -0.036133 -0.161133 -0.155273
v -0.036133 -0.151367 -0.124023
v -0.036133 -0.161133 -0.092773
v -0.036133 -0.135742 -0.124023
v -0.036133 -0.151367 -0.124023
v -0.036133 -0.176758 -0.096680
v -0.036133 -0.161133 -0.092773
v -0.036133 -0.176758 -0.096680
v -0.036133 -0.176758 -0.059570
v -0.036133 -0.161133 -0.092773
v -0.036133 -0.176758 -0.096680
v -0.038086 -0.182617 -0.063477
v -0.036133 -0.176758 -0.059570
v -0.036133 -0.176758 -0.096680
v -0.038086 -0.194336 -0.065430
v -0.038086 -0.182617 -0.063477
v -0.229492 -0.329102 -0.448242
v -0.213867 -0.317383 -0.459961
v -0.229492 -0.307617 -0.450195
v -0.213867 -0.317383 -0.459961
v -0.225586 -0.284180 -0.459961
v -0.229492 -0.307617 -0.450195
v -0.213867 -0.317383 -0.459961
v -0.202148 -0.299805 -0.471680
v -0.225586 -0.284180 -0.459961
v -0.202148 -0.299805 -0.471680
v -0.198242 -0.278320 -0.477539
v -0.225586 -0.284180 -0.459961
v -0.198242 -0.278320 -0.477539
v -0.215820 -0.266602 -0.469727
v -0.225586 -0.284180 -0.459961
v -0.198242 -0.278320 -0.477539
v -0.202148 -0.262695 -0.477539
v -0.215820 -0.266602 -0.469727
v -0.235352 -0.329102 -0.440430
v -0.227539 -0.307617 -0.454102
v -0.249023 -0.307617 -0.436523
v -0.227539 -0.307617 -0.454102
v -0.260742 -0.282227 -0.436523
v -0.249023 -0.307617 -0.436523
v -0.227539 -0.307617 -0.454102
v -0.223633 -0.282227 -0.465820
v -0.260742 -0.282227 -0.436523
v -0.223633 -0.282227 -0.465820
v -0.225586 -0.250977 -0.467773
v -0.260742 -0.282227 -0.436523
v -0.225586 -0.250977 -0.467773
v -0.262695 -0.250977 -0.438477
v -0.260742 -0.282227 -0.436523
v -0.225586 -0.250977 -0.467773
v -0.252930 -0.231445 -0.440430
v -0.262695 -0.250977 -0.438477
v -0.225586 -0.250977 -0.467773
v -0.229492 -0.231445 -0.458008
v -0.252930 -0.231445 -0.440430
v -0.229492 -0.231445 -0.458008
v -0.237305 -0.217773 -0.444336
v -0.252930 -0.231445 -0.440430
v -0.247070 -0.329102 -0.438477
v -0.250977 -0.307617 -0.440430
v -0.266602 -0.317383 -0.432617
v -0.250977 -0.307617 -0.440430
v -0.260742 -0.284180 -0.442383
v -0.266602 -0.317383 -0.432617
v -0.260742 -0.284180 -0.442383
v -0.282227 -0.299805 -0.428711
v -0.266602 -0.317383 -0.432617
v -0.260742 -0.284180 -0.442383
v -0.290039 -0.278320 -0.428711
v -0.282227 -0.299805 -0.428711
v -0.260742 -0.284180 -0.442383
v -0.274414 -0.266602 -0.438477
v -0.290039 -0.278320 -0.428711
v -0.274414 -0.266602 -0.438477
v -0.288086 -0.262695 -0.432617
v -0.290039 -0.278320 -0.428711
v -0.100586 -0.256836 -0.317383
v -0.088867 -0.256836 -0.317383
v -0.100586 -0.219727 -0.321289
v -0.088867 -0.256836 -0.317383
v -0.100586 -0.215820 -0.249023
v -0.100586 -0.219727 -0.321289
v -0.088867 -0.256836 -0.317383
v -0.088867 -0.256836 -0.249023
v -0.100586 -0.215820 -0.249023
v -0.088867 -0.256836 -0.249023
v -0.100586 -0.256836 -0.249023
v -0.100586 -0.215820 -0.249023
v -0.100586 -0.215820 -0.249023
v -0.100586 -0.186523 -0.256836
v -0.100586 -0.219727 -0.321289
v -0.100586 -0.186523 -0.256836
v -0.100586 -0.182617 -0.313477
v -0.100586 -0.219727 -0.321289
v -0.100586 -0.186523 -0.256836
v -0.100586 -0.168945 -0.280273
v -0.100586 -0.182617 -0.313477
v -0.014648 -0.104492 -0.256836
v -0.040039 -0.104492 -0.254883
v -0.014648 -0.094727 -0.235352
v -0.040039 -0.104492 -0.254883
v -0.040039 -0.094727 -0.235352
v -0.014648 -0.094727 -0.235352
v -0.040039 -0.104492 -0.254883
v -0.102539 -0.110352 -0.249023
v -0.040039 -0.094727 -0.235352
v -0.102539 -0.110352 -0.249023
v -0.098633 -0.188477 -0.241211
v -0.040039 -0.094727 -0.235352
v -0.098633 -0.188477 -0.241211
v -0.038086 -0.186523 -0.221680
v -0.040039 -0.094727 -0.235352
v -0.098633 -0.188477 -0.241211
v -0.094727 -0.280273 -0.239258
v -0.038086 -0.186523 -0.221680
v -0.094727 -0.280273 -0.239258
v -0.032227 -0.282227 -0.215820
v -0.038086 -0.186523 -0.221680
v -0.094727 -0.280273 -0.239258
v -0.032227 -0.282227 -0.237305
v -0.032227 -0.282227 -0.215820
v -0.032227 -0.282227 -0.237305
v -0.006836 -0.282227 -0.215820
v -0.032227 -0.282227 -0.215820
v -0.032227 -0.282227 -0.237305
v -0.006836 -0.282227 -0.237305
v -0.006836 -0.282227 -0.215820
v -0.006836 -0.282227 -0.030273
v -0.032227 -0.282227 -0.008789
v -0.032227 -0.282227 -0.030273
v -0.006836 -0.282227 -0.030273
v -0.006836 -0.282227 -0.008789
v -0.032227 -0.282227 -0.008789
v -0.032227 -0.282227 -0.008789
v -0.094727 -0.280273 -0.006836
v -0.032227 -0.282227 -0.030273
v -0.094727 -0.280273 -0.006836
v -0.040039 -0.186523 -0.024414
v -0.032227 -0.282227 -0.030273
v -0.094727 -0.280273 -0.006836
v -0.098633 -0.188477 -0.006836
v -0.040039 -0.186523 -0.024414
v -0.098633 -0.188477 -0.006836
v -0.040039 -0.094727 -0.010742
v -0.040039 -0.186523 -0.024414
v -0.098633 -0.188477 -0.006836
v -0.102539 -0.110352 0.002930
v -0.040039 -0.094727 -0.010742
v -0.102539 -0.110352 0.002930
v -0.040039 -0.104492 0.008789
v -0.040039 -0.094727 -0.010742
v -0.040039 -0.104492 0.008789
v -0.014648 -0.104492 0.008789
v -0.040039 -0.094727 -0.010742
v -0.014648 -0.104492 0.008789
v -0.014648 -0.094727 -0.010742
v -0.040039 -0.094727 -0.010742
v -0.032227 -0.139648 -0.133789
v -0.032227 -0.139648 -0.114258
v -0.040039 -0.012695 -0.135742
v -0.032227 -0.139648 -0.114258
v -0.040039 -0.012695 -0.110352
v -0.040039 -0.012695 -0.135742
v -0.040039 -0.012695 -0.110352
v -0.022461 -0.012695 -0.135742
v -0.040039 -0.012695 -0.135742
v -0.040039 -0.012695 -0.110352
v -0.022461 -0.012695 -0.110352
v -0.022461 -0.012695 -0.135742
v -0.032227 -0.139648 -0.133789
v -0.018555 -0.139648 -0.114258
v -0.032227 -0.139648 -0.114258
v -0.032227 -0.139648 -0.133789
v -0.018555 -0.139648 -0.133789
v -0.018555 -0.139648 -0.114258
v -0.018555 -0.094727 -0.249023
v -0.036133 -0.112305 -0.249023
v -0.036133 -0.094727 -0.249023
v -0.018555 -0.094727 -0.249023
v -0.018555 -0.112305 -0.249023
v -0.036133 -0.112305 -0.249023
v -0.036133 -0.112305 -0.249023
v -0.036133 -0.094727 0.000977
v -0.036133 -0.094727 -0.249023
v -0.036133 -0.112305 -0.249023
v -0.036133 -0.112305 0.000977
v -0.036133 -0.094727 0.000977
v -0.036133 -0.112305 0.000977
v -0.018555 -0.094727 0.000977
v -0.036133 -0.094727 0.000977
v -0.036133 -0.112305 0.000977
v -0.018555 -0.112305 0.000977
v -0.018555 -0.094727 0.000977
v -0.217773 0.041992 -0.204102
v -0.284180 0.055664 -0.202148
v -0.221680 0.038086 -0.204102
v -0.284180 0.055664 -0.202148
v -0.219727 0.024414 -0.202148
v -0.221680 0.038086 -0.204102
v -0.284180 0.055664 -0.202148
v -0.348633 0.024414 -0.202148
v -0.219727 0.024414 -0.202148
v -0.284180 0.055664 -0.202148
v -0.346680 0.038086 -0.204102
v -0.348633 0.024414 -0.202148
v -0.284180 0.055664 -0.202148
v -0.350586 0.041992 -0.204102
v -0.346680 0.038086 -0.204102
v -0.108398 0.028320 -0.190430
v -0.104492 0.069336 -0.153320
v -0.104492 0.069336 -0.190430
v -0.104492 0.069336 -0.153320
v -0.102539 0.081055 -0.180664
v -0.104492 0.069336 -0.190430
v -0.104492 0.069336 -0.153320
v -0.102539 0.081055 -0.163086
v -0.102539 0.081055 -0.180664
v -0.108398 0.028320 -0.190430
v -0.108398 0.028320 -0.153320
v -0.104492 0.069336 -0.153320
v -0.108398 0.028320 -0.190430
v -0.092773 0.026367 -0.153320
v -0.108398 0.028320 -0.153320
v -0.108398 0.028320 -0.190430
v -0.092773 0.026367 -0.190430
v -0.092773 0.026367 -0.153320
v -0.249023 0.215820 -0.247070
v -0.208008 0.206055 -0.192383
v -0.250977 0.206055 -0.192383
v -0.249023 0.215820 -0.247070
v -0.209961 0.215820 -0.247070
v -0.208008 0.206055 -0.192383
v -0.208008 0.206055 -0.192383
v -0.250977 0.200195 -0.124023
v -0.250977 0.206055 -0.192383
v -0.208008 0.206055 -0.192383
v -0.208008 0.200195 -0.124023
v -0.250977 0.200195 -0.124023
v -0.208008 0.200195 -0.124023
v -0.208008 0.206055 -0.055664
v -0.250977 0.200195 -0.124023
v -0.208008 0.206055 -0.055664
v -0.250977 0.206055 -0.053711
v -0.250977 0.200195 -0.124023
v -0.208008 0.206055 -0.055664
v -0.209961 0.215820 -0.000977
v -0.250977 0.206055 -0.053711
v -0.209961 0.215820 -0.000977
v -0.249023 0.215820 0.000977
v -0.250977 0.206055 -0.053711
v -0.108398 0.028320 -0.092773
v -0.104492 0.069336 -0.055664
v -0.104492 0.069336 -0.094727
v -0.104492 0.069336 -0.055664
v -0.102539 0.083008 -0.083008
v -0.104492 0.069336 -0.094727
v -0.104492 0.069336 -0.055664
v -0.102539 0.083008 -0.067383
v -0.102539 0.083008 -0.083008
v -0.108398 0.028320 -0.092773
v -0.108398 0.028320 -0.057617
v -0.104492 0.069336 -0.055664
v -0.108398 0.028320 -0.092773
v -0.092773 0.026367 -0.057617
v -0.108398 0.028320 -0.057617
v -0.108398 0.028320 -0.092773
v -0.092773 0.026367 -0.092773
v -0.092773 0.026367 -0.057617
v -0.213867 0.040039 -0.020508
v -0.284180 0.051758 -0.020508
v -0.209961 0.043945 -0.018555
v -0.213867 0.040039 -0.020508
v -0.211914 0.028320 -0.020508
v -0.284180 0.051758 -0.020508
v -0.211914 0.028320 -0.020508
v -0.354492 0.028320 -0.022461
v -0.284180 0.051758 -0.020508
v -0.354492 0.028320 -0.022461
v -0.354492 0.040039 -0.020508
v -0.284180 0.051758 -0.020508
v -0.354492 0.040039 -0.020508
v -0.356445 0.043945 -0.018555
v -0.284180 0.051758 -0.020508
v -0.360352 0.026367 -0.190430
v -0.346680 0.028320 -0.153320
v -0.360352 0.026367 -0.153320
v -0.360352 0.026367 -0.190430
v -0.346680 0.028320 -0.190430
v -0.346680 0.028320 -0.153320
v -0.346680 0.028320 -0.190430
v -0.350586 0.069336 -0.153320
v -0.346680 0.028320 -0.153320
v -0.346680 0.028320 -0.190430
v -0.350586 0.069336 -0.190430
v -0.350586 0.069336 -0.153320
v -0.350586 0.069336 -0.190430
v -0.352539 0.081055 -0.163086
v -0.350586 0.069336 -0.153320
v -0.350586 0.069336 -0.190430
v -0.352539 0.081055 -0.180664
v -0.352539 0.081055 -0.163086
v -0.360352 0.026367 -0.092773
v -0.346680 0.028320 -0.057617
v -0.360352 0.026367 -0.057617
v -0.360352 0.026367 -0.092773
v -0.346680 0.028320 -0.092773
v -0.346680 0.028320 -0.057617
v -0.346680 0.028320 -0.092773
v -0.350586 0.069336 -0.055664
v -0.346680 0.028320 -0.057617
v -0.346680 0.028320 -0.092773
v -0.350586 0.069336 -0.094727
v -0.350586 0.069336 -0.055664
v -0.350586 0.069336 -0.094727
v -0.352539 0.083008 -0.067383
v -0.350586 0.069336 -0.055664
v -0.350586 0.069336 -0.094727
v -0.352539 0.083008 -0.083008
v -0.352539 0.083008 -0.067383
v 0.254883 -0.331055 0.147461
v 0.165039 -0.331055 0.217773
v 0.153320 -0.333008 0.155273
v 0.254883 -0.331055 0.147461
v 0.284180 -0.333008 0.141602
v 0.165039 -0.331055 0.217773
v 0.284180 -0.333008 0.141602
v 0.291992 -0.327148 0.184570
v 0.165039 -0.331055 0.217773
v 0.291992 -0.327148 0.184570
v 0.297852 -0.327148 0.247070
v 0.165039 -0.331055 0.217773
v 0.297852 -0.327148 0.247070
v 0.176758 -0.331055 0.284180
v 0.165039 -0.331055 0.217773
v 0.297852 -0.327148 0.247070
v 0.290039 -0.340820 0.297852
v 0.176758 -0.331055 0.284180
v 0.290039 -0.340820 0.297852
v 0.223633 -0.319336 0.344727
v 0.176758 -0.331055 0.284180
v 0.223633 -0.319336 0.344727
v 0.190430 -0.327148 0.368164
v 0.176758 -0.331055 0.284180
v 0.223633 -0.319336 0.344727
v 0.211914 -0.342773 0.317383
v 0.190430 -0.327148 0.368164
v 0.297852 -0.291992 0.165039
v 0.299805 -0.288086 0.178711
v 0.290039 -0.288086 0.168945
v 0.299805 -0.288086 0.178711
v 0.288086 -0.286133 0.178711
v 0.290039 -0.288086 0.168945
v 0.297852 -0.291992 0.165039
v 0.307617 -0.293945 0.166992
v 0.299805 -0.288086 0.178711
v 0.307617 -0.293945 0.166992
v 0.311523 -0.293945 0.174805
v 0.299805 -0.288086 0.178711
v 0.311523 -0.293945 0.174805
v 0.311523 -0.291992 0.184570
v 0.299805 -0.288086 0.178711
v 0.311523 -0.291992 0.184570
v 0.293945 -0.286133 0.186523
v 0.299805 -0.288086 0.178711
v 0.311523 -0.291992 0.184570
v 0.303711 -0.288086 0.190430
v 0.293945 -0.286133 0.186523
v 0.317383 -0.293945 0.196289
v 0.323242 -0.297852 0.204102
v 0.313477 -0.291992 0.208008
v 0.323242 -0.297852 0.204102
v 0.323242 -0.295898 0.213867
v 0.313477 -0.291992 0.208008
v 0.323242 -0.295898 0.213867
v 0.317383 -0.293945 0.221680
v 0.313477 -0.291992 0.208008
v 0.317383 -0.293945 0.221680
v 0.307617 -0.290039 0.219727
v 0.313477 -0.291992 0.208008
v 0.307617 -0.290039 0.219727
v 0.301758 -0.286133 0.213867
v 0.313477 -0.291992 0.208008
v 0.307617 -0.290039 0.219727
v 0.311523 -0.291992 0.211914
v 0.301758 -0.286133 0.213867
v 0.301758 -0.286133 0.213867
v 0.307617 -0.290039 0.196289
v 0.313477 -0.291992 0.208008
v 0.301758 -0.286133 0.213867
v 0.301758 -0.288086 0.204102
v 0.307617 -0.290039 0.196289
v 0.297852 -0.282227 0.217773
v 0.307617 -0.284180 0.223633
v 0.295898 -0.282227 0.231445
v 0.307617 -0.284180 0.223633
v 0.309570 -0.286133 0.235352
v 0.295898 -0.282227 0.231445
v 0.309570 -0.286133 0.235352
v 0.307617 -0.288086 0.243164
v 0.295898 -0.282227 0.231445
v 0.307617 -0.288086 0.243164
v 0.297852 -0.286133 0.249023
v 0.295898 -0.282227 0.231445
v 0.297852 -0.286133 0.249023
v 0.290039 -0.282227 0.245117
v 0.295898 -0.282227 0.231445
v 0.290039 -0.282227 0.245117
v 0.284180 -0.278320 0.237305
v 0.295898 -0.282227 0.231445
v 0.290039 -0.282227 0.245117
v 0.295898 -0.282227 0.235352
v 0.284180 -0.278320 0.237305
v 0.284180 -0.278320 0.237305
v 0.290039 -0.278320 0.219727
v 0.295898 -0.282227 0.231445
v 0.284180 -0.278320 0.237305
v 0.284180 -0.278320 0.227539
v 0.290039 -0.278320 0.219727
v 0.288086 -0.278320 0.194336
v 0.272461 -0.272461 0.194336
v 0.280273 -0.276367 0.190430
v 0.288086 -0.278320 0.194336
v 0.291992 -0.280273 0.204102
v 0.272461 -0.272461 0.194336
v 0.291992 -0.280273 0.204102
v 0.288086 -0.278320 0.211914
v 0.272461 -0.272461 0.194336
v 0.288086 -0.278320 0.211914
v 0.268555 -0.270508 0.202148
v 0.272461 -0.272461 0.194336
v 0.288086 -0.278320 0.211914
v 0.272461 -0.270508 0.211914
v 0.268555 -0.270508 0.202148
v 0.288086 -0.278320 0.211914
v 0.280273 -0.274414 0.215820
v 0.272461 -0.270508 0.211914
v 0.295898 -0.288086 0.249023
v 0.305664 -0.290039 0.252930
v 0.295898 -0.291992 0.260742
v 0.305664 -0.290039 0.252930
v 0.309570 -0.293945 0.260742
v 0.295898 -0.291992 0.260742
v 0.309570 -0.293945 0.260742
v 0.305664 -0.295898 0.270508
v 0.295898 -0.291992 0.260742
v 0.305664 -0.295898 0.270508
v 0.295898 -0.295898 0.272461
v 0.295898 -0.291992 0.260742
v 0.295898 -0.295898 0.272461
v 0.288086 -0.293945 0.270508
v 0.295898 -0.291992 0.260742
v 0.288086 -0.293945 0.270508
v 0.288086 -0.288086 0.252930
v 0.295898 -0.291992 0.260742
v 0.288086 -0.293945 0.270508
v 0.284180 -0.290039 0.260742
v 0.288086 -0.288086 0.252930
v 0.280273 -0.272461 0.227539
v 0.282227 -0.274414 0.235352
v 0.272461 -0.270508 0.223633
v 0.282227 -0.274414 0.235352
v 0.262695 -0.266602 0.227539
v 0.272461 -0.270508 0.223633
v 0.282227 -0.274414 0.235352
v 0.278320 -0.274414 0.245117
v 0.262695 -0.266602 0.227539
v 0.278320 -0.274414 0.245117
v 0.258789 -0.266602 0.235352
v 0.262695 -0.266602 0.227539
v 0.278320 -0.274414 0.245117
v 0.262695 -0.268555 0.245117
v 0.258789 -0.266602 0.235352
v 0.278320 -0.274414 0.245117
v 0.270508 -0.272461 0.249023
v 0.262695 -0.268555 0.245117
v 0.065430 -0.309570 0.038086
v 0.065430 -0.315430 0.053711
v 0.051758 -0.301758 0.028320
v 0.065430 -0.315430 0.053711
v 0.047852 -0.305664 0.045898
v 0.051758 -0.301758 0.028320
v 0.065430 -0.315430 0.053711
v 0.051758 -0.315430 0.065430
v 0.047852 -0.305664 0.045898
v 0.051758 -0.315430 0.065430
v 0.034180 -0.309570 0.063477
v 0.047852 -0.305664 0.045898
v 0.034180 -0.309570 0.063477
v 0.028320 -0.301758 0.047852
v 0.047852 -0.305664 0.045898
v 0.028320 -0.301758 0.047852
v 0.036133 -0.297852 0.034180
v 0.047852 -0.305664 0.045898
v 0.309570 -0.311523 0.305664
v 0.299805 -0.303711 0.303711
v 0.305664 -0.307617 0.301758
v 0.309570 -0.311523 0.305664
v 0.303711 -0.307617 0.309570
v 0.299805 -0.303711 0.303711
v 0.309570 -0.311523 0.305664
v 0.309570 -0.313477 0.309570
v 0.303711 -0.307617 0.309570
v 0.309570 -0.313477 0.309570
v 0.307617 -0.313477 0.315430
v 0.303711 -0.307617 0.309570
v 0.307617 -0.313477 0.315430
v 0.301758 -0.311523 0.317383
v 0.303711 -0.307617 0.309570
v 0.301758 -0.311523 0.317383
v 0.297852 -0.307617 0.315430
v 0.303711 -0.307617 0.309570
v 0.297852 -0.307617 0.315430
v 0.297852 -0.303711 0.309570
v 0.303711 -0.307617 0.309570
v 0.290039 -0.293945 0.268555
v 0.280273 -0.293945 0.291992
v 0.280273 -0.290039 0.268555
v 0.280273 -0.293945 0.291992
v 0.274414 -0.290039 0.274414
v 0.280273 -0.290039 0.268555
v 0.280273 -0.293945 0.291992
v 0.272461 -0.291992 0.284180
v 0.274414 -0.290039 0.274414
v 0.290039 -0.293945 0.268555
v 0.290039 -0.297852 0.291992
v 0.280273 -0.293945 0.291992
v 0.290039 -0.293945 0.268555
v 0.295898 -0.297852 0.284180
v 0.290039 -0.297852 0.291992
v 0.290039 -0.293945 0.268555
v 0.297852 -0.297852 0.274414
v 0.295898 -0.297852 0.284180
v 0.264648 -0.284180 0.280273
v 0.243164 -0.272461 0.301758
v 0.249023 -0.276367 0.286133
v 0.264648 -0.284180 0.280273
v 0.278320 -0.290039 0.288086
v 0.243164 -0.272461 0.301758
v 0.278320 -0.290039 0.288086
v 0.284180 -0.291992 0.305664
v 0.243164 -0.272461 0.301758
v 0.284180 -0.291992 0.305664
v 0.278320 -0.288086 0.321289
v 0.243164 -0.272461 0.301758
v 0.278320 -0.288086 0.321289
v 0.264648 -0.280273 0.325195
v 0.243164 -0.272461 0.301758
v 0.264648 -0.280273 0.325195
v 0.249023 -0.272461 0.319336
v 0.243164 -0.272461 0.301758
v 0.268555 -0.272461 0.291992
v 0.274414 -0.276367 0.295898
v 0.262695 -0.268555 0.295898
v 0.274414 -0.276367 0.295898
v 0.276367 -0.276367 0.303711
v 0.262695 -0.268555 0.295898
v 0.276367 -0.276367 0.303711
v 0.274414 -0.274414 0.309570
v 0.262695 -0.268555 0.295898
v 0.274414 -0.274414 0.309570
v 0.268555 -0.270508 0.311523
v 0.262695 -0.268555 0.295898
v 0.268555 -0.270508 0.311523
v 0.262695 -0.268555 0.309570
v 0.262695 -0.268555 0.295898
v 0.262695 -0.268555 0.309570
v 0.258789 -0.266602 0.301758
v 0.262695 -0.268555 0.295898
v 0.282227 -0.307617 0.327148
v 0.291992 -0.305664 0.329102
v 0.276367 -0.299805 0.333008
v 0.291992 -0.305664 0.329102
v 0.284180 -0.311523 0.340820
v 0.276367 -0.299805 0.333008
v 0.284180 -0.311523 0.340820
v 0.262695 -0.291992 0.331055
v 0.276367 -0.299805 0.333008
v 0.284180 -0.311523 0.340820
v 0.274414 -0.307617 0.344727
v 0.262695 -0.291992 0.331055
v 0.274414 -0.307617 0.344727
v 0.264648 -0.301758 0.340820
v 0.262695 -0.291992 0.331055
v 0.256836 -0.299805 0.327148
v 0.262695 -0.303711 0.344727
v 0.245117 -0.288086 0.321289
v 0.262695 -0.303711 0.344727
v 0.231445 -0.278320 0.329102
v 0.245117 -0.288086 0.321289
v 0.262695 -0.303711 0.344727
v 0.227539 -0.274414 0.344727
v 0.231445 -0.278320 0.329102
v 0.262695 -0.303711 0.344727
v 0.233398 -0.278320 0.360352
v 0.227539 -0.274414 0.344727
v 0.262695 -0.303711 0.344727
v 0.256836 -0.299805 0.360352
v 0.233398 -0.278320 0.360352
v 0.256836 -0.299805 0.360352
v 0.245117 -0.288086 0.368164
v 0.233398 -0.278320 0.360352
v 0.250977 -0.280273 0.334961
v 0.243164 -0.272461 0.344727
v 0.245117 -0.274414 0.336914
v 0.250977 -0.280273 0.334961
v 0.245117 -0.274414 0.350586
v 0.243164 -0.272461 0.344727
v 0.250977 -0.280273 0.334961
v 0.250977 -0.280273 0.354492
v 0.245117 -0.274414 0.350586
v 0.250977 -0.280273 0.334961
v 0.256836 -0.284180 0.350586
v 0.250977 -0.280273 0.354492
v 0.250977 -0.280273 0.334961
v 0.258789 -0.286133 0.344727
v 0.256836 -0.284180 0.350586
v 0.250977 -0.280273 0.334961
v 0.256836 -0.284180 0.336914
v 0.258789 -0.286133 0.344727
v 0.227539 -0.262695 0.297852
v 0.198242 -0.264648 0.327148
v 0.211914 -0.262695 0.291992
v 0.198242 -0.264648 0.327148
v 0.198242 -0.262695 0.297852
v 0.211914 -0.262695 0.291992
v 0.198242 -0.264648 0.327148
v 0.192383 -0.262695 0.311523
v 0.198242 -0.262695 0.297852
v 0.227539 -0.262695 0.297852
v 0.211914 -0.264648 0.333008
v 0.198242 -0.264648 0.327148
v 0.227539 -0.262695 0.297852
v 0.233398 -0.262695 0.311523
v 0.211914 -0.264648 0.333008
v 0.233398 -0.262695 0.311523
v 0.227539 -0.264648 0.327148
v 0.211914 -0.264648 0.333008
v 0.211914 -0.252930 0.303711
v 0.219727 -0.252930 0.307617
v 0.206055 -0.252930 0.307617
v 0.219727 -0.252930 0.307617
v 0.221680 -0.252930 0.313477
v 0.206055 -0.252930 0.307617
v 0.221680 -0.252930 0.313477
v 0.204102 -0.252930 0.313477
v 0.206055 -0.252930 0.307617
v 0.221680 -0.252930 0.313477
v 0.206055 -0.252930 0.319336
v 0.204102 -0.252930 0.313477
v 0.221680 -0.252930 0.313477
v 0.211914 -0.252930 0.321289
v 0.206055 -0.252930 0.319336
v 0.221680 -0.252930 0.313477
v 0.219727 -0.252930 0.319336
v 0.211914 -0.252930 0.321289
v 0.196289 -0.291992 0.346680
v 0.176758 -0.286133 0.368164
v 0.182617 -0.288086 0.352539
v 0.196289 -0.291992 0.346680
v 0.209961 -0.297852 0.352539
v 0.176758 -0.286133 0.368164
v 0.209961 -0.297852 0.352539
v 0.182617 -0.288086 0.381836
v 0.176758 -0.286133 0.368164
v 0.209961 -0.297852 0.352539
v 0.196289 -0.291992 0.387695
v 0.182617 -0.288086 0.381836
v 0.209961 -0.297852 0.352539
v 0.209961 -0.297852 0.381836
v 0.196289 -0.291992 0.387695
v 0.209961 -0.297852 0.352539
v 0.215820 -0.299805 0.368164
v 0.209961 -0.297852 0.381836
v 0.198242 -0.282227 0.358398
v 0.190430 -0.280273 0.368164
v 0.192383 -0.280273 0.360352
v 0.198242 -0.282227 0.358398
v 0.192383 -0.280273 0.374023
v 0.190430 -0.280273 0.368164
v 0.198242 -0.282227 0.358398
v 0.198242 -0.282227 0.375977
v 0.192383 -0.280273 0.374023
v 0.198242 -0.282227 0.358398
v 0.204102 -0.284180 0.374023
v 0.198242 -0.282227 0.375977
v 0.198242 -0.282227 0.358398
v 0.206055 -0.286133 0.368164
v 0.204102 -0.284180 0.374023
v 0.198242 -0.282227 0.358398
v 0.204102 -0.284180 0.360352
v 0.206055 -0.286133 0.368164
v 0.047852 0.028320 0.098633
v 0.041992 0.018555 0.090820
v 0.049805 0.010742 0.100586
v 0.041992 0.018555 0.090820
v 0.041992 0.006836 0.094727
v 0.049805 0.010742 0.100586
v 0.057617 0.000977 0.114258
v 0.057617 0.012695 0.116211
v 0.049805 0.010742 0.100586
v 0.049805 0.010742 0.100586
v 0.049805 0.000977 0.104492
v 0.057617 0.000977 0.114258
v -0.098633 -0.256836 0.020508
v -0.100586 -0.256836 0.053711
v -0.096680 -0.233398 0.020508
v -0.100586 -0.256836 0.053711
v -0.098633 -0.231445 0.057617
v -0.096680 -0.233398 0.020508
v -0.098633 -0.256836 0.020508
v -0.081055 -0.256836 0.022461
v -0.100586 -0.256836 0.053711
v -0.081055 -0.256836 0.022461
v -0.083008 -0.256836 0.055664
v -0.100586 -0.256836 0.053711
v -0.098633 -0.231445 0.057617
v -0.096680 -0.206055 0.026367
v -0.096680 -0.233398 0.020508
v -0.098633 -0.231445 0.057617
v -0.098633 -0.209961 0.055664
v -0.096680 -0.206055 0.026367
v -0.098633 -0.209961 0.055664
v -0.096680 -0.198242 0.040039
v -0.096680 -0.206055 0.026367
v -0.108398 -0.231445 0.079102
v -0.108398 -0.231445 0.098633
v -0.108398 -0.168945 0.094727
v -0.108398 -0.231445 0.098633
v -0.108398 -0.168945 0.116211
v -0.108398 -0.168945 0.094727
v -0.108398 -0.168945 0.116211
v -0.083008 -0.168945 0.094727
v -0.108398 -0.168945 0.094727
v -0.108398 -0.168945 0.116211
v -0.083008 -0.168945 0.116211
v -0.083008 -0.168945 0.094727
v -0.108398 -0.231445 0.079102
v -0.108398 -0.284180 0.096680
v -0.108398 -0.231445 0.098633
v -0.108398 -0.231445 0.079102
v -0.108398 -0.284180 0.079102
v -0.108398 -0.284180 0.096680
v -0.108398 -0.284180 0.079102
v -0.084961 -0.284180 0.096680
v -0.108398 -0.284180 0.096680
v -0.108398 -0.284180 0.079102
v -0.084961 -0.284180 0.079102
v -0.084961 -0.284180 0.096680
v -0.321289 0.149414 0.043945
v -0.319336 0.149414 0.043945
v -0.323242 0.168945 0.065430
v -0.321289 0.149414 0.043945
v -0.317383 0.165039 0.024414
v -0.319336 0.149414 0.043945
v -0.321289 0.149414 0.043945
v -0.317383 0.165039 0.022461
v -0.317383 0.165039 0.024414
v -0.317383 0.165039 0.022461
v -0.317383 0.217773 0.024414
v -0.317383 0.165039 0.024414
v -0.317383 0.165039 0.022461
v -0.317383 0.217773 0.022461
v -0.317383 0.217773 0.024414
v -0.317383 0.217773 0.022461
v -0.321289 0.211914 0.043945
v -0.317383 0.217773 0.024414
v -0.321289 0.211914 0.043945
v -0.319336 0.211914 0.043945
v -0.317383 0.217773 0.024414
v -0.321289 0.211914 0.043945
v -0.323242 0.217773 0.065430
v -0.319336 0.211914 0.043945
vt 0.354040 0.001794
vt 0.346133 0.001793
vt 0.353794 0.043926
vt 0.175950 0.847694
vt 0.175950 0.892442
vt 0.182730 0.892280
vt 0.337364 0.290628
vt 0.299703 0.324773
vt 0.380820 0.280102
vt 0.182730 0.892280
vt 0.182730 0.847531
vt 0.175950 0.847694
vt 0.345886 0.043925
vt 0.353794 0.043926
vt 0.346133 0.001793
vt 0.315850 0.195313
vt 0.317091 0.065276
vt 0.279399 0.031152
vt 0.279399 0.031152
vt 0.235907 0.020649
vt 0.315850 0.195313
vt 0.353794 0.043926
vt 0.345886 0.043925
vt 0.345758 0.091935
vt 0.274195 0.367950
vt 0.380820 0.280102
vt 0.299703 0.324773
vt 0.345758 0.091935
vt 0.353665 0.091936
vt 0.353794 0.043926
vt 0.315850 0.195313
vt 0.342619 0.108441
vt 0.317091 0.065276
vt 0.944651 0.611595
vt 0.942462 0.609843
vt 0.936711 0.618564
vt 0.946177 0.412099
vt 0.956071 0.427458
vt 0.956071 0.411556
vt 0.936711 0.618564
vt 0.938899 0.620316
vt 0.944651 0.611595
vt 0.911882 0.965860
vt 0.923441 0.952607
vt 0.911882 0.953620
vt 0.491088 0.063629
vt 0.491088 0.041338
vt 0.486416 0.040782
vt 0.486416 0.040782
vt 0.486416 0.063074
vt 0.491088 0.063629
vt 0.406249 0.188758
vt 0.400276 0.167679
vt 0.400520 0.189256
vt 0.251818 0.937135
vt 0.255274 0.947914
vt 0.257780 0.945394
vt 0.257780 0.945394
vt 0.257780 0.929209
vt 0.251818 0.937135
vt 0.255274 0.947914
vt 0.251818 0.937135
vt 0.249813 0.939151
vt 0.464983 0.946188
vt 0.455313 0.945812
vt 0.455031 0.958972
vt 0.455031 0.958972
vt 0.464418 0.958797
vt 0.464983 0.946188
vt 0.199046 0.500986
vt 0.196716 0.499428
vt 0.193242 0.503837
vt 0.193242 0.503837
vt 0.195571 0.505395
vt 0.199046 0.500986
vt 0.659134 0.943013
vt 0.653390 0.944454
vt 0.659121 0.954860
vt 0.764244 0.632369
vt 0.770020 0.621779
vt 0.764244 0.621020
vt 0.195571 0.505395
vt 0.193242 0.503837
vt 0.192861 0.507175
vt 0.653381 0.953134
vt 0.659121 0.954860
vt 0.653390 0.944454
vt 0.192861 0.507175
vt 0.199046 0.512941
vt 0.195571 0.505395
vt 0.770020 0.621779
vt 0.764244 0.632369
vt 0.767886 0.632888
vt 0.770020 0.621779
vt 0.767886 0.632888
vt 0.770078 0.633030
vt 0.957838 0.019488
vt 0.959925 0.030999
vt 0.960359 0.019722
vt 0.690133 0.108227
vt 0.684807 0.132816
vt 0.690133 0.135416
vt 0.891495 0.843496
vt 0.897336 0.821040
vt 0.891495 0.819110
vt 0.938899 0.620316
vt 0.936711 0.618564
vt 0.936046 0.621858
vt 0.938899 0.620316
vt 0.936046 0.621858
vt 0.944651 0.629447
vt 0.284011 0.958995
vt 0.284046 0.945785
vt 0.281582 0.945205
vt 0.281546 0.958416
vt 0.284011 0.958995
vt 0.281582 0.945205
vt 0.923441 0.952607
vt 0.911882 0.965860
vt 0.923429 0.965460
vt 0.941535 0.629767
vt 0.944651 0.629447
vt 0.936046 0.621858
vt 0.284011 0.958995
vt 0.294766 0.945274
vt 0.284046 0.945785
vt 0.869626 0.099476
vt 0.871232 0.099523
vt 0.869626 0.052263
vt 0.505771 0.824196
vt 0.501464 0.870971
vt 0.505771 0.871232
vt 0.900462 0.376859
vt 0.905494 0.376881
vt 0.905494 0.335152
vt 0.871232 0.052310
vt 0.869626 0.052263
vt 0.871232 0.099523
vt 0.905494 0.335152
vt 0.900462 0.335130
vt 0.900462 0.376859
vt 0.680369 0.810944
vt 0.680369 0.858180
vt 0.681976 0.858135
vt 0.501464 0.870971
vt 0.505771 0.824196
vt 0.501464 0.823934
vt 0.681976 0.858135
vt 0.681976 0.810899
vt 0.680369 0.810944
vt 0.589005 0.872817
vt 0.590611 0.872864
vt 0.589005 0.825604
vt 0.736239 0.847311
vt 0.735787 0.870933
vt 0.740710 0.871232
vt 0.740710 0.824196
vt 0.736239 0.847311
vt 0.740710 0.871232
vt 0.898112 0.285490
vt 0.903863 0.285516
vt 0.903147 0.264649
vt 0.898112 0.285490
vt 0.903147 0.264649
vt 0.898112 0.243761
vt 0.590611 0.825651
vt 0.589005 0.825604
vt 0.590611 0.872864
vt 0.058735 0.834354
vt 0.057103 0.858180
vt 0.058709 0.858115
vt 0.057103 0.858180
vt 0.058735 0.834354
vt 0.056499 0.834767
vt 0.986138 0.117581
vt 0.992612 0.117202
vt 0.992344 0.112388
vt 0.400276 0.167679
vt 0.406249 0.188758
vt 0.406249 0.165601
vt 0.992344 0.112388
vt 0.986138 0.111786
vt 0.986138 0.117581
vt 0.451792 0.945625
vt 0.455313 0.945812
vt 0.454183 0.943613
vt 0.455313 0.945812
vt 0.451792 0.945625
vt 0.455031 0.958972
vt 0.294766 0.945274
vt 0.284011 0.958995
vt 0.295236 0.958995
vt 0.451792 0.959334
vt 0.455031 0.958972
vt 0.451792 0.945625
vt 0.284079 0.960966
vt 0.295236 0.958995
vt 0.284011 0.958995
vt 0.952642 0.828813
vt 0.954440 0.826158
vt 0.950922 0.826821
vt 0.659121 0.954860
vt 0.653381 0.953134
vt 0.659134 0.957703
vt 0.653381 0.953134
vt 0.653394 0.955977
vt 0.659134 0.957703
vt 0.954908 0.433428
vt 0.958110 0.432825
vt 0.956819 0.430716
vt 0.192861 0.507175
vt 0.195861 0.513929
vt 0.199046 0.512941
vt 0.959860 0.443697
vt 0.964229 0.431878
vt 0.958110 0.432825
vt 0.958110 0.432825
vt 0.954908 0.433428
vt 0.959860 0.443697
vt 0.959860 0.443697
vt 0.964229 0.442957
vt 0.964229 0.431878
vt 0.969123 0.020071
vt 0.959925 0.030999
vt 0.969123 0.030776
vt 0.960359 0.019722
vt 0.959925 0.030999
vt 0.969123 0.020071
vt 0.954908 0.433428
vt 0.956334 0.443774
vt 0.959860 0.443697
vt 0.456575 0.672900
vt 0.460089 0.663374
vt 0.457278 0.662770
vt 0.460089 0.663374
vt 0.456575 0.672900
vt 0.460089 0.673654
vt 0.379866 0.189256
vt 0.388708 0.186905
vt 0.389933 0.175760
vt 0.389933 0.175760
vt 0.379866 0.173003
vt 0.379866 0.189256
vt 0.431293 0.949452
vt 0.430350 0.952157
vt 0.432354 0.955106
vt 0.432354 0.955106
vt 0.434014 0.952714
vt 0.431293 0.949452
vt 0.956220 0.189256
vt 0.959334 0.177864
vt 0.956220 0.176075
vt 0.432354 0.955106
vt 0.435616 0.954838
vt 0.434014 0.952714
vt 0.435616 0.954838
vt 0.432354 0.955106
vt 0.433572 0.962248
vt 0.432354 0.955106
vt 0.430350 0.962597
vt 0.433572 0.962248
vt 0.956220 0.189256
vt 0.958822 0.187488
vt 0.959334 0.177864
vt 0.699533 0.980454
vt 0.700279 0.983400
vt 0.702371 0.981318
vt 0.702616 0.978122
vt 0.699533 0.980454
vt 0.702371 0.981318
vt 0.699533 0.976271
vt 0.699533 0.980454
vt 0.702616 0.978122
vt 0.458235 0.675450
vt 0.460089 0.673654
vt 0.456575 0.672900
vt 0.295305 0.960966
vt 0.295236 0.958995
vt 0.284079 0.960966
vt 0.957703 0.870757
vt 0.949796 0.870795
vt 0.949796 0.885916
vt 0.854917 0.496221
vt 0.848162 0.549823
vt 0.854917 0.549224
vt 0.949796 0.885916
vt 0.957703 0.885878
vt 0.957703 0.870757
vt 0.392766 0.267462
vt 0.380820 0.280102
vt 0.445905 0.261415
vt 0.315850 0.195313
vt 0.235907 0.020649
vt 0.223951 0.008017
vt 0.848162 0.549823
vt 0.854917 0.496221
vt 0.848162 0.496820
vt 0.223951 0.008017
vt 0.170769 0.002000
vt 0.315850 0.195313
vt 0.569419 0.289847
vt 0.445905 0.261415
vt 0.380820 0.280102
vt 0.380820 0.280102
vt 0.274195 0.367950
vt 0.278530 0.455674
vt 0.601285 0.351898
vt 0.569419 0.289847
vt 0.380820 0.280102
vt 0.615083 0.398610
vt 0.601285 0.351898
vt 0.380820 0.280102
vt 0.613486 0.448269
vt 0.615083 0.398610
vt 0.380820 0.280102
vt 0.278530 0.455674
vt 0.613486 0.448269
vt 0.380820 0.280102
vt 0.058105 0.810882
vt 0.056499 0.834767
vt 0.058735 0.834354
vt 0.736239 0.847311
vt 0.740710 0.824196
vt 0.735787 0.823896
vt 0.903863 0.243787
vt 0.898112 0.243761
vt 0.903147 0.264649
vt 0.056499 0.834767
vt 0.058105 0.810882
vt 0.056499 0.810948
vt 0.928298 0.613172
vt 0.934861 0.613452
vt 0.928344 0.589517
vt 0.681976 0.334462
vt 0.681469 0.307151
vt 0.677420 0.307154
vt 0.677420 0.307154
vt 0.676505 0.334462
vt 0.681976 0.334462
vt 0.002295 0.428974
vt 0.006526 0.429090
vt 0.001643 0.400385
vt 0.934861 0.588564
vt 0.928344 0.589517
vt 0.934861 0.613452
vt 0.221887 0.424773
vt 0.216140 0.424498
vt 0.221887 0.453563
vt 0.006526 0.400574
vt 0.001643 0.400385
vt 0.006526 0.429090
vt 0.216140 0.424498
vt 0.215493 0.451822
vt 0.221887 0.453563
vt 0.189457 0.831932
vt 0.190888 0.832076
vt 0.188671 0.774882
vt 0.843496 0.522516
vt 0.838655 0.578787
vt 0.843496 0.579190
vt 0.837746 0.163147
vt 0.843496 0.163152
vt 0.843496 0.105634
vt 0.190888 0.774384
vt 0.188671 0.774882
vt 0.190888 0.832076
vt 0.843496 0.105634
vt 0.837746 0.105629
vt 0.837746 0.163147
vt 0.647128 0.666657
vt 0.647128 0.724395
vt 0.648558 0.724252
vt 0.838655 0.578787
vt 0.843496 0.522516
vt 0.838655 0.522113
vt 0.648558 0.724252
vt 0.649345 0.667157
vt 0.647128 0.666657
vt 0.763753 0.471366
vt 0.765183 0.471510
vt 0.762966 0.414187
vt 0.839034 0.031491
vt 0.840727 0.059669
vt 0.846759 0.060366
vt 0.846759 0.003512
vt 0.839034 0.031491
vt 0.846759 0.060366
vt 0.118253 0.848391
vt 0.125436 0.848127
vt 0.127259 0.820001
vt 0.118253 0.848391
vt 0.127259 0.820001
vt 0.118253 0.790834
vt 0.765183 0.413688
vt 0.762966 0.414187
vt 0.765183 0.471510
vt 0.785156 0.983128
vt 0.784974 0.976445
vt 0.779743 0.976271
vt 0.779743 0.976271
vt 0.779228 0.983128
vt 0.785156 0.983128
vt 0.371271 0.777545
vt 0.369769 0.805971
vt 0.371200 0.805828
vt 0.369769 0.805971
vt 0.371271 0.777545
vt 0.369840 0.777688
vt 0.376188 0.064026
vt 0.376881 0.002136
vt 0.368976 0.002157
vt 0.368976 0.002157
vt 0.368282 0.064047
vt 0.376188 0.064026
vt 0.569419 0.289847
vt 0.518085 0.267907
vt 0.445905 0.261415
vt 0.170769 0.002000
vt 0.098530 0.008534
vt 0.315850 0.195313
vt 0.371987 0.748604
vt 0.369840 0.777688
vt 0.371271 0.777545
vt 0.839034 0.031491
vt 0.846759 0.003512
vt 0.840123 0.002745
vt 0.126155 0.790544
vt 0.118253 0.790834
vt 0.127259 0.820001
vt 0.369840 0.777688
vt 0.371987 0.748604
vt 0.369769 0.748104
vt 0.613403 0.697815
vt 0.609685 0.697813
vt 0.613452 0.724395
vt 0.608369 0.724395
vt 0.613452 0.724395
vt 0.609685 0.697813
vt 0.953736 0.814502
vt 0.950922 0.815033
vt 0.950922 0.826821
vt 0.950922 0.826821
vt 0.954440 0.826158
vt 0.953736 0.814502
vt 0.022718 0.958810
vt 0.026584 0.956218
vt 0.020219 0.954881
vt 0.016167 0.960398
vt 0.022718 0.958810
vt 0.020219 0.954881
vt 0.980119 0.982635
vt 0.980348 0.980401
vt 0.978018 0.980068
vt 0.069240 0.931409
vt 0.071787 0.932919
vt 0.070861 0.930740
vt 0.980119 0.982635
vt 0.978018 0.980068
vt 0.978018 0.982998
vt 0.245138 0.994503
vt 0.243382 0.994503
vt 0.243889 0.998095
vt 0.070861 0.930740
vt 0.068356 0.927794
vt 0.067110 0.928459
vt 0.070861 0.930740
vt 0.067110 0.928459
vt 0.069240 0.931409
vt 0.978919 0.976271
vt 0.978018 0.980068
vt 0.980348 0.980401
vt 0.071787 0.932919
vt 0.070402 0.933617
vt 0.071285 0.937232
vt 0.069240 0.931409
vt 0.070402 0.933617
vt 0.071787 0.932919
vt 0.977412 0.675493
vt 0.974640 0.673300
vt 0.974640 0.678533
vt 0.980357 0.672416
vt 0.974640 0.673300
vt 0.977412 0.675493
vt 0.977412 0.675493
vt 0.974640 0.678533
vt 0.980061 0.679229
vt 0.982919 0.676170
vt 0.980357 0.672416
vt 0.977412 0.675493
vt 0.977412 0.675493
vt 0.980061 0.679229
vt 0.982919 0.676170
vt 0.979977 0.604317
vt 0.979793 0.602890
vt 0.976952 0.603247
vt 0.983270 0.601731
vt 0.979793 0.602890
vt 0.979977 0.604317
vt 0.083971 0.998743
vt 0.085333 0.995155
vt 0.083971 0.994503
vt 0.977474 0.601731
vt 0.976952 0.603247
vt 0.979793 0.602890
vt 0.069685 0.937182
vt 0.071285 0.937232
vt 0.070402 0.933617
vt 0.026584 0.956218
vt 0.022718 0.958810
vt 0.027736 0.961976
vt 0.022718 0.958810
vt 0.016167 0.960398
vt 0.021835 0.961543
vt 0.022718 0.958810
vt 0.021835 0.961543
vt 0.027736 0.961976
vt 0.052260 0.877979
vt 0.053840 0.878583
vt 0.052589 0.875778
vt 0.976952 0.603247
vt 0.977474 0.601731
vt 0.974640 0.602088
vt 0.974640 0.669278
vt 0.978419 0.666622
vt 0.974640 0.664045
vt 0.980362 0.670163
vt 0.978419 0.666622
vt 0.974640 0.669278
vt 0.584345 0.976271
vt 0.583662 0.981399
vt 0.585751 0.976826
vt 0.629620 0.979168
vt 0.627273 0.979229
vt 0.630244 0.983451
vt 0.071285 0.937232
vt 0.069685 0.937182
vt 0.067110 0.941388
vt 0.992234 0.657761
vt 0.990119 0.655922
vt 0.986138 0.657761
vt 0.980066 0.663351
vt 0.974640 0.664045
vt 0.978419 0.666622
vt 0.978419 0.666622
vt 0.980362 0.670163
vt 0.982927 0.666409
vt 0.982927 0.666409
vt 0.980066 0.663351
vt 0.978419 0.666622
vt 0.629620 0.979168
vt 0.627186 0.976355
vt 0.627273 0.979229
vt 0.912742 0.986481
vt 0.910168 0.987762
vt 0.912742 0.989694
vt 0.586475 0.980483
vt 0.585751 0.976826
vt 0.583662 0.981399
vt 0.586475 0.983523
vt 0.586475 0.980483
vt 0.583662 0.981399
vt 0.368223 0.994503
vt 0.367466 0.997432
vt 0.370345 0.997432
vt 0.627186 0.976355
vt 0.629620 0.979168
vt 0.630244 0.976271
vt 0.061826 0.998727
vt 0.061511 0.995529
vt 0.058828 0.998345
vt 0.910156 0.990979
vt 0.912742 0.989694
vt 0.910168 0.987762
vt 0.067110 0.928459
vt 0.068356 0.927794
vt 0.067436 0.920618
vt 0.052260 0.885916
vt 0.053840 0.878583
vt 0.052260 0.877979
vt 0.693396 0.758322
vt 0.691866 0.758775
vt 0.692800 0.766815
vt 0.974640 0.523208
vt 0.982315 0.525217
vt 0.983379 0.523208
vt 0.953257 0.352879
vt 0.950987 0.352867
vt 0.954440 0.362603
vt 0.172941 0.859812
vt 0.172941 0.849430
vt 0.170819 0.849643
vt 0.902064 0.230076
vt 0.902064 0.239834
vt 0.903863 0.239221
vt 0.170819 0.849643
vt 0.170991 0.859025
vt 0.172941 0.859812
vt 0.342636 0.646377
vt 0.344251 0.647714
vt 0.342657 0.638478
vt 0.840070 0.065563
vt 0.840070 0.074906
vt 0.843496 0.071843
vt 0.340783 0.647714
vt 0.342636 0.646377
vt 0.342657 0.638478
vt 0.974640 0.810702
vt 0.980635 0.812345
vt 0.982905 0.810702
vt 0.950987 0.363194
vt 0.954440 0.362603
vt 0.950987 0.352867
vt 0.951186 0.728438
vt 0.952808 0.728217
vt 0.951552 0.718243
vt 0.016167 0.960398
vt 0.016890 0.967492
vt 0.021835 0.961543
vt 0.693396 0.758322
vt 0.691866 0.755671
vt 0.691866 0.758775
vt 0.277458 0.997821
vt 0.279519 0.997821
vt 0.278255 0.994503
vt 0.023684 0.967492
vt 0.021835 0.961543
vt 0.016890 0.967492
vt 0.982798 0.770353
vt 0.978376 0.765390
vt 0.974640 0.770353
vt 0.677738 0.069835
vt 0.680344 0.070085
vt 0.680344 0.062749
vt 0.680344 0.062749
vt 0.674661 0.065760
vt 0.677738 0.069835
vt 0.991749 0.977625
vt 0.986138 0.977593
vt 0.986138 0.983188
vt 0.021835 0.961543
vt 0.023684 0.967492
vt 0.027736 0.961976
vt 0.266983 0.976271
vt 0.266983 0.983770
vt 0.272020 0.977001
vt 0.680344 0.070085
vt 0.677738 0.069835
vt 0.678940 0.074904
vt 0.272664 0.982377
vt 0.272020 0.977001
vt 0.266983 0.983770
vt 0.549616 0.989773
vt 0.551536 0.991630
vt 0.551536 0.986481
vt 0.326619 0.997614
vt 0.323904 0.994503
vt 0.323904 0.997326
vt 0.323904 0.994503
vt 0.326619 0.997614
vt 0.326619 0.994791
vt 0.061511 0.995529
vt 0.058828 0.994503
vt 0.058828 0.998345
vt 0.160893 0.998222
vt 0.158197 0.994503
vt 0.158197 0.997461
vt 0.374596 0.994503
vt 0.372598 0.996221
vt 0.374596 0.997467
vt 0.316743 0.994587
vt 0.314072 0.994503
vt 0.314072 0.997662
vt 0.710644 0.987943
vt 0.713017 0.989197
vt 0.713017 0.986481
vt 0.158197 0.994503
vt 0.160893 0.998222
vt 0.160893 0.995264
vt 0.419380 0.996263
vt 0.421860 0.997023
vt 0.421860 0.994503
vt 0.713017 0.989197
vt 0.710644 0.987943
vt 0.711338 0.991401
vt 0.341186 0.994503
vt 0.341186 0.997543
vt 0.343224 0.995523
vt 0.674661 0.065760
vt 0.670681 0.070316
vt 0.677738 0.069835
vt 0.672518 0.075050
vt 0.677738 0.069835
vt 0.670681 0.070316
vt 0.677738 0.069835
vt 0.672518 0.075050
vt 0.678940 0.074904
vt 0.765839 0.979542
vt 0.762316 0.976271
vt 0.760137 0.983137
vt 0.219282 0.966046
vt 0.218676 0.960825
vt 0.214827 0.963723
vt 0.765839 0.979542
vt 0.760137 0.983137
vt 0.766787 0.983137
vt 0.214840 0.968541
vt 0.219282 0.966046
vt 0.214827 0.963723
vt 0.964830 0.177924
vt 0.962460 0.178991
vt 0.963174 0.183560
vt 0.623939 0.726084
vt 0.623939 0.737447
vt 0.626504 0.736677
vt 0.963174 0.183560
vt 0.965860 0.183688
vt 0.964830 0.177924
vt 0.024831 0.948111
vt 0.028667 0.953370
vt 0.032585 0.954440
vt 0.024831 0.948111
vt 0.032585 0.954440
vt 0.044051 0.941248
vt 0.028650 0.941783
vt 0.024365 0.934296
vt 0.024831 0.948111
vt 0.035939 0.934296
vt 0.024365 0.934296
vt 0.024831 0.948111
vt 0.044051 0.941248
vt 0.035939 0.934296
vt 0.024831 0.948111
vt 0.133121 0.946359
vt 0.137048 0.946490
vt 0.136033 0.941509
vt 0.136033 0.941509
vt 0.127044 0.930987
vt 0.127724 0.935315
vt 0.136033 0.941509
vt 0.127724 0.935315
vt 0.133121 0.946359
vt 0.965860 0.183688
vt 0.963174 0.183560
vt 0.964909 0.187625
vt 0.962460 0.186513
vt 0.964909 0.187625
vt 0.963174 0.183560
vt 0.133121 0.946359
vt 0.135743 0.949245
vt 0.137048 0.946490
vt 0.588447 0.318147
vt 0.590594 0.317432
vt 0.590611 0.311681
vt 0.588447 0.318147
vt 0.590611 0.311681
vt 0.588462 0.310957
vt 0.032585 0.954440
vt 0.038455 0.950251
vt 0.044051 0.941248
vt 0.135743 0.949245
vt 0.133121 0.946359
vt 0.130332 0.951177
vt 0.119508 0.939784
vt 0.127724 0.935315
vt 0.127044 0.930987
vt 0.974640 0.583388
vt 0.977215 0.586091
vt 0.983275 0.583388
vt 0.127724 0.935315
vt 0.122168 0.941115
vt 0.133121 0.946359
vt 0.122168 0.941115
vt 0.119508 0.939784
vt 0.122071 0.947256
vt 0.122071 0.947256
vt 0.133121 0.946359
vt 0.122168 0.941115
vt 0.942590 0.509810
vt 0.943719 0.517192
vt 0.946282 0.510653
vt 0.182730 0.931158
vt 0.176989 0.927033
vt 0.177351 0.947596
vt 0.941462 0.503947
vt 0.942590 0.509810
vt 0.946282 0.510653
vt 0.926704 0.169337
vt 0.924595 0.178854
vt 0.926704 0.179467
vt 0.177351 0.947596
vt 0.181748 0.940873
vt 0.182730 0.931158
vt 0.119508 0.950470
vt 0.122071 0.947256
vt 0.119508 0.939784
vt 0.974640 0.690603
vt 0.975777 0.693719
vt 0.980714 0.694003
vt 0.942590 0.509810
vt 0.941462 0.514737
vt 0.943719 0.517192
vt 0.980714 0.694003
vt 0.983036 0.690603
vt 0.974640 0.690603
vt 0.176989 0.927033
vt 0.167937 0.931490
vt 0.177351 0.947596
vt 0.888993 0.955365
vt 0.890323 0.945813
vt 0.884948 0.943769
vt 0.884948 0.943769
vt 0.882490 0.948212
vt 0.888993 0.955365
vt 0.122071 0.947256
vt 0.130332 0.951177
vt 0.133121 0.946359
vt 0.588447 0.301604
vt 0.588462 0.310957
vt 0.590611 0.311681
vt 0.130332 0.951177
vt 0.122071 0.947256
vt 0.119508 0.950470
vt 0.894073 0.944063
vt 0.890323 0.945813
vt 0.894073 0.954155
vt 0.167937 0.941462
vt 0.177351 0.947596
vt 0.167937 0.931490
vt 0.939756 0.435859
vt 0.937068 0.445313
vt 0.939756 0.445405
vt 0.890323 0.945813
vt 0.888993 0.955365
vt 0.894073 0.954155
vt 0.844143 0.987178
vt 0.846140 0.988192
vt 0.845968 0.986481
vt 0.844143 0.991183
vt 0.846140 0.988192
vt 0.844143 0.987178
vt 0.954440 0.362603
vt 0.950987 0.363194
vt 0.953037 0.367092
vt 0.842741 0.075050
vt 0.843496 0.071843
vt 0.840070 0.074906
vt 0.866964 0.986481
vt 0.864638 0.990236
vt 0.866964 0.991078
vt 0.439958 0.996815
vt 0.440641 0.996591
vt 0.439958 0.994503
vt 0.992092 0.678940
vt 0.989680 0.674462
vt 0.986138 0.678940
vt 0.219282 0.966046
vt 0.223518 0.962395
vt 0.218676 0.960825
vt 0.992217 0.544970
vt 0.986138 0.544970
vt 0.989459 0.550256
vt 0.053539 0.992068
vt 0.053539 0.986481
vt 0.048463 0.988476
vt 0.511554 0.979135
vt 0.513574 0.978925
vt 0.512830 0.976271
vt 0.952808 0.728217
vt 0.951186 0.728438
vt 0.952808 0.732553
vt 0.951186 0.728438
vt 0.950574 0.728809
vt 0.952808 0.732553
vt 0.513574 0.978925
vt 0.511554 0.979135
vt 0.511474 0.983641
vt 0.988635 0.270060
vt 0.988273 0.272625
vt 0.992637 0.272625
vt 0.513574 0.978925
vt 0.511474 0.983641
vt 0.514045 0.983641
vt 0.992743 0.143682
vt 0.988171 0.143682
vt 0.989125 0.146360
vt 0.988171 0.143682
vt 0.986138 0.144403
vt 0.989125 0.146360
vt 0.988635 0.270060
vt 0.986138 0.272322
vt 0.988273 0.272625
vt 0.394710 0.995880
vt 0.396815 0.997389
vt 0.396815 0.994503
vt 0.780082 0.991196
vt 0.778331 0.986481
vt 0.776007 0.991196
vt 0.992221 0.617665
vt 0.989624 0.613848
vt 0.986138 0.617665
vt 0.219282 0.966046
vt 0.214840 0.968541
vt 0.219362 0.970755
vt 0.219282 0.966046
vt 0.219362 0.970755
vt 0.223518 0.968848
vt 0.409615 0.169819
vt 0.409615 0.189256
vt 0.422370 0.183095
vt 0.799445 0.479667
vt 0.793645 0.466830
vt 0.779248 0.474089
vt 0.422370 0.183095
vt 0.424195 0.166079
vt 0.409615 0.169819
vt 0.758657 0.913236
vt 0.756666 0.900043
vt 0.739112 0.901130
vt 0.929967 0.012098
vt 0.919005 0.027039
vt 0.929967 0.031993
vt 0.739112 0.923540
vt 0.758657 0.913236
vt 0.739112 0.901130
vt 0.381776 0.257354
vt 0.362786 0.259129
vt 0.374544 0.268813
vt 0.793645 0.466830
vt 0.796298 0.454661
vt 0.779248 0.454359
vt 0.779248 0.454359
vt 0.779248 0.474089
vt 0.793645 0.466830
vt 0.455194 0.926993
vt 0.437565 0.918736
vt 0.444654 0.932025
vt 0.444654 0.932025
vt 0.453388 0.938125
vt 0.455194 0.926993
vt 0.362786 0.280622
vt 0.374544 0.268813
vt 0.362786 0.259129
vt 0.455194 0.926993
vt 0.455194 0.906979
vt 0.437565 0.918736
vt 0.933256 0.791077
vt 0.933357 0.808714
vt 0.949545 0.794474
vt 0.882490 0.948212
vt 0.883552 0.955532
vt 0.888993 0.955365
vt 0.648486 0.737856
vt 0.650977 0.732474
vt 0.648754 0.731012
vt 0.887490 0.959334
vt 0.888993 0.955365
vt 0.883552 0.955532
vt 0.650977 0.732474
vt 0.648486 0.737856
vt 0.650822 0.737297
vt 0.888993 0.955365
vt 0.887490 0.959334
vt 0.891360 0.959270
vt 0.891360 0.959270
vt 0.894073 0.954155
vt 0.888993 0.955365
vt 0.650977 0.741003
vt 0.650822 0.737297
vt 0.648486 0.737856
vt 0.177351 0.947596
vt 0.167937 0.941462
vt 0.172540 0.947914
vt 0.648711 0.742342
vt 0.650977 0.741003
vt 0.648486 0.737856
vt 0.097771 0.977708
vt 0.095628 0.984180
vt 0.097772 0.983460
vt 0.095628 0.984180
vt 0.097771 0.977708
vt 0.095628 0.976271
vt 0.924935 0.044051
vt 0.929967 0.031993
vt 0.919005 0.027039
vt 0.349758 0.926574
vt 0.334383 0.940035
vt 0.352409 0.946282
vt 0.758657 0.913236
vt 0.739112 0.923540
vt 0.754102 0.925072
vt 0.265926 0.010126
vt 0.273901 0.020416
vt 0.283885 0.008804
vt 0.415801 0.923218
vt 0.428815 0.913543
vt 0.415620 0.906906
vt 0.161391 0.615325
vt 0.172941 0.623241
vt 0.172941 0.608145
vt 0.273901 0.020416
vt 0.283885 0.029367
vt 0.283885 0.008804
vt 0.349758 0.926574
vt 0.334383 0.924473
vt 0.334383 0.940035
vt 0.939452 0.921170
vt 0.952808 0.925072
vt 0.952808 0.910220
vt 0.949545 0.794474
vt 0.933357 0.808714
vt 0.949545 0.812497
vt 0.415620 0.936493
vt 0.432353 0.933613
vt 0.415801 0.923218
vt 0.432353 0.933613
vt 0.428815 0.913543
vt 0.415801 0.923218
vt 0.353665 0.091936
vt 0.345758 0.091935
vt 0.345962 0.176103
vt 0.345962 0.176103
vt 0.353869 0.176104
vt 0.353665 0.091936
vt 0.342619 0.108441
vt 0.315850 0.195313
vt 0.338281 0.196171
vt 0.944651 0.659361
vt 0.927417 0.661148
vt 0.927417 0.688156
vt 0.002863 0.499245
vt 0.152810 0.499245
vt 0.156626 0.483641
vt 0.927417 0.688156
vt 0.944651 0.688502
vt 0.944651 0.659361
vt 0.156626 0.483641
vt 0.002475 0.483641
vt 0.002863 0.499245
vt 0.201380 0.378804
vt 0.201377 0.371654
vt 0.174061 0.371649
vt 0.174061 0.371649
vt 0.177658 0.378800
vt 0.201380 0.378804
vt 0.177658 0.517403
vt 0.177658 0.378800
vt 0.174061 0.371649
vt 0.174061 0.525334
vt 0.177658 0.517403
vt 0.174061 0.371649
vt 0.910389 0.003328
vt 0.906076 0.003323
vt 0.906076 0.042414
vt 0.264889 0.367092
vt 0.269201 0.340682
vt 0.264889 0.340741
vt 0.906076 0.042414
vt 0.910389 0.042420
vt 0.910389 0.003328
vt 0.768446 0.893687
vt 0.761983 0.895845
vt 0.761983 0.930350
vt 0.737566 0.893692
vt 0.761983 0.895845
vt 0.768446 0.893687
vt 0.761983 0.930350
vt 0.768446 0.933224
vt 0.768446 0.893687
vt 0.269201 0.340682
vt 0.264889 0.367092
vt 0.269201 0.367033
vt 0.887547 0.771855
vt 0.883234 0.771850
vt 0.883234 0.805966
vt 0.935444 0.288779
vt 0.939756 0.267884
vt 0.935444 0.267944
vt 0.883234 0.805966
vt 0.887547 0.805971
vt 0.887547 0.771855
vt 0.761983 0.895845
vt 0.737566 0.893692
vt 0.737566 0.895849
vt 0.908813 0.696416
vt 0.933230 0.730917
vt 0.933230 0.696411
vt 0.939756 0.267884
vt 0.935444 0.288779
vt 0.939756 0.288720
vt 0.557980 0.806161
vt 0.551742 0.850022
vt 0.556718 0.850022
vt 0.881801 0.904728
vt 0.898968 0.905494
vt 0.896509 0.861689
vt 0.896509 0.861689
vt 0.881801 0.861648
vt 0.881801 0.904728
vt 0.099523 0.815031
vt 0.094105 0.858180
vt 0.097658 0.858180
vt 0.557980 0.806161
vt 0.552999 0.810474
vt 0.551742 0.850022
vt 0.901305 0.143180
vt 0.901305 0.182730
vt 0.918546 0.142554
vt 0.496955 0.796586
vt 0.505772 0.757512
vt 0.501509 0.756537
vt 0.094105 0.858180
vt 0.099523 0.815031
vt 0.094544 0.817906
vt 0.929967 0.768773
vt 0.903835 0.807603
vt 0.929422 0.807603
vt 0.505772 0.757512
vt 0.496955 0.796586
vt 0.502021 0.796169
vt 0.927285 0.584084
vt 0.931598 0.584084
vt 0.931598 0.553173
vt 0.931598 0.553173
vt 0.927285 0.553173
vt 0.927285 0.584084
vt 0.768446 0.933224
vt 0.761983 0.930350
vt 0.737566 0.930354
vt 0.768446 0.933224
vt 0.737566 0.930354
vt 0.737566 0.933230
vt 0.865288 0.233307
vt 0.869601 0.233307
vt 0.869601 0.208866
vt 0.869601 0.208866
vt 0.865288 0.208866
vt 0.865288 0.233307
vt 0.944651 0.448895
vt 0.927417 0.448549
vt 0.944651 0.478036
vt 0.933230 0.730917
vt 0.908813 0.696416
vt 0.908813 0.730921
vt 0.520310 0.806161
vt 0.521891 0.850022
vt 0.526866 0.850022
vt 0.526866 0.850022
vt 0.525280 0.810474
vt 0.520310 0.806161
vt 0.781480 0.702388
vt 0.796182 0.742342
vt 0.796182 0.702767
vt 0.905494 0.188099
vt 0.901801 0.188668
vt 0.905494 0.228413
vt 0.062564 0.815031
vt 0.064253 0.858180
vt 0.068518 0.858180
vt 0.068518 0.858180
vt 0.066825 0.817906
vt 0.062564 0.815031
vt 0.903835 0.807603
vt 0.929967 0.768773
vt 0.902248 0.768773
vt 0.901227 0.227520
vt 0.905494 0.228413
vt 0.901801 0.188668
vt 0.609459 0.861633
vt 0.608006 0.905494
vt 0.628136 0.905494
vt 0.628136 0.905494
vt 0.626713 0.861632
vt 0.609459 0.861633
vt 0.927417 0.476269
vt 0.944651 0.478036
vt 0.927417 0.448549
vt 0.233010 0.378809
vt 0.261043 0.371665
vt 0.233008 0.371660
vt 0.426461 0.983460
vt 0.426461 0.976271
vt 0.419285 0.976273
vt 0.974640 0.831460
vt 0.974640 0.837588
vt 0.982526 0.830363
vt 0.419285 0.976273
vt 0.419285 0.983462
vt 0.426461 0.983460
vt 0.983169 0.472350
vt 0.982360 0.464437
vt 0.975253 0.464437
vt 0.975253 0.464437
vt 0.974640 0.472350
vt 0.983169 0.472350
vt 0.975482 0.397814
vt 0.982642 0.397814
vt 0.974640 0.390002
vt 0.982526 0.837717
vt 0.982526 0.830363
vt 0.974640 0.837588
vt 0.974640 0.342725
vt 0.975358 0.350638
vt 0.982546 0.350638
vt 0.982546 0.350638
vt 0.983266 0.342725
vt 0.974640 0.342725
vt 0.983232 0.390002
vt 0.974640 0.390002
vt 0.982642 0.397814
vt 0.964229 0.091345
vt 0.964229 0.081540
vt 0.962792 0.081560
vt 0.003263 0.210515
vt 0.001825 0.210513
vt 0.003263 0.221887
vt 0.517132 0.957622
vt 0.518567 0.959059
vt 0.527178 0.959057
vt 0.517132 0.969123
vt 0.518567 0.959059
vt 0.517132 0.957622
vt 0.527178 0.959057
vt 0.528613 0.957619
vt 0.517132 0.957622
vt 0.962792 0.081560
vt 0.962792 0.091365
vt 0.964229 0.091345
vt 0.492719 0.160099
vt 0.488136 0.168603
vt 0.492719 0.171310
vt 0.965860 0.768344
vt 0.961266 0.770675
vt 0.961266 0.775620
vt 0.965860 0.768344
vt 0.961266 0.775620
vt 0.965860 0.778235
vt 0.001825 0.221885
vt 0.003263 0.221887
vt 0.001825 0.210513
vt 0.517132 0.969123
vt 0.518567 0.967685
vt 0.518567 0.959059
vt 0.488136 0.168603
vt 0.492719 0.160099
vt 0.488136 0.162998
vt 0.986138 0.786665
vt 0.986140 0.792410
vt 0.991890 0.792410
vt 0.991890 0.792410
vt 0.991889 0.786665
vt 0.986138 0.786665
vt 0.974640 0.739013
vt 0.974640 0.743556
vt 0.976214 0.741521
vt 0.976447 0.713639
vt 0.974640 0.709996
vt 0.974640 0.714536
vt 0.974640 0.739013
vt 0.976214 0.741521
vt 0.976439 0.739932
vt 0.976899 0.716820
vt 0.976447 0.713639
vt 0.974640 0.714536
vt 0.974640 0.739013
vt 0.976439 0.739932
vt 0.977564 0.738803
vt 0.977564 0.738803
vt 0.976889 0.736754
vt 0.974640 0.739013
vt 0.976447 0.713639
vt 0.976221 0.712049
vt 0.974640 0.709996
vt 0.974640 0.709996
vt 0.976221 0.712049
vt 0.978254 0.710473
vt 0.978014 0.744711
vt 0.976214 0.741521
vt 0.974640 0.743556
vt 0.974640 0.709996
vt 0.978254 0.710473
vt 0.978028 0.708883
vt 0.976221 0.712049
vt 0.978254 0.710473
vt 0.978028 0.708883
vt 0.976447 0.713639
vt 0.976899 0.716820
vt 0.977576 0.714781
vt 0.980287 0.711167
vt 0.978028 0.708883
vt 0.978254 0.710473
vt 0.978239 0.743123
vt 0.978014 0.744711
vt 0.981387 0.743595
vt 0.981387 0.743595
vt 0.980263 0.742453
vt 0.978239 0.743123
vt 0.978028 0.708883
vt 0.980287 0.711167
vt 0.981416 0.710039
vt 0.528613 0.957619
vt 0.527178 0.959057
vt 0.527178 0.967683
vt 0.730549 0.128890
vt 0.731981 0.117422
vt 0.730549 0.117434
vt 0.528613 0.957619
vt 0.527178 0.967683
vt 0.528613 0.969121
vt 0.731981 0.128879
vt 0.735816 0.120513
vt 0.731981 0.117422
vt 0.731981 0.117422
vt 0.730549 0.128890
vt 0.731981 0.128879
vt 0.731981 0.128879
vt 0.735816 0.126241
vt 0.735816 0.120513
vt 0.518567 0.967685
vt 0.517132 0.969123
vt 0.528613 0.969121
vt 0.528613 0.969121
vt 0.527178 0.967683
vt 0.518567 0.967685
vt 0.198324 0.989273
vt 0.199878 0.989305
vt 0.200323 0.986481
vt 0.563987 0.840622
vt 0.562550 0.839903
vt 0.561112 0.840622
vt 0.200323 0.990447
vt 0.199878 0.989305
vt 0.198324 0.989273
vt 0.561112 0.840622
vt 0.562550 0.839903
vt 0.561112 0.837028
vt 0.561112 0.840622
vt 0.563987 0.842779
vt 0.563987 0.840622
vt 0.199434 0.992129
vt 0.200323 0.990447
vt 0.198324 0.989273
vt 0.976899 0.716820
vt 0.980739 0.716617
vt 0.977576 0.714781
vt 0.979813 0.738816
vt 0.980713 0.737004
vt 0.976889 0.736754
vt 0.976889 0.736754
vt 0.977564 0.738803
vt 0.979813 0.738816
vt 0.736849 0.989272
vt 0.735313 0.988814
vt 0.737256 0.991370
vt 0.308537 0.996243
vt 0.307721 0.995686
vt 0.308220 0.997781
vt 0.562550 0.839903
vt 0.562550 0.838465
vt 0.561112 0.837028
vt 0.024473 0.552612
vt 0.020903 0.561243
vt 0.024473 0.558363
vt 0.979835 0.714795
vt 0.977576 0.714781
vt 0.980739 0.716617
vt 0.980713 0.737004
vt 0.979813 0.738816
vt 0.980938 0.739958
vt 0.982772 0.712771
vt 0.979835 0.714795
vt 0.980739 0.716617
vt 0.980713 0.737004
vt 0.980938 0.739958
vt 0.982737 0.740877
vt 0.019465 0.561243
vt 0.020903 0.561243
vt 0.020903 0.549741
vt 0.020903 0.549741
vt 0.019465 0.549741
vt 0.019465 0.561243
vt 0.020903 0.561243
vt 0.024473 0.552612
vt 0.020903 0.549741
vt 0.563987 0.842779
vt 0.566138 0.843496
vt 0.563987 0.840622
vt 0.737256 0.988108
vt 0.735697 0.986481
vt 0.735313 0.988814
vt 0.735313 0.988814
vt 0.736849 0.989272
vt 0.737256 0.988108
vt 0.565419 0.841340
vt 0.563987 0.840622
vt 0.566138 0.843496
vt 0.392457 0.994503
vt 0.391208 0.996193
vt 0.392457 0.997434
vt 0.300182 0.994503
vt 0.298416 0.995406
vt 0.300182 0.997745
vt 0.247391 0.998049
vt 0.248601 0.997097
vt 0.247391 0.994503
vt 0.307721 0.995686
vt 0.308537 0.996243
vt 0.308537 0.994503
vt 0.298416 0.995406
vt 0.298859 0.997098
vt 0.300182 0.997745
vt 0.982772 0.712771
vt 0.980965 0.713668
vt 0.979835 0.714795
vt 0.983580 0.976271
vt 0.982601 0.982656
vt 0.983580 0.982841
vt 0.344321 0.986731
vt 0.343337 0.986481
vt 0.343337 0.991954
vt 0.986138 0.330008
vt 0.986138 0.332165
vt 0.992596 0.330726
vt 0.992611 0.311659
vt 0.992612 0.310228
vt 0.989734 0.312373
vt 0.180048 0.994503
vt 0.178581 0.997586
vt 0.180048 0.998223
vt 0.895676 0.988166
vt 0.894831 0.988974
vt 0.895676 0.991082
vt 0.146686 0.998402
vt 0.147535 0.996295
vt 0.146686 0.994503
vt 0.989017 0.310222
vt 0.989734 0.312373
vt 0.992612 0.310228
vt 0.992568 0.375102
vt 0.986138 0.375102
vt 0.986538 0.377055
vt 0.986139 0.314627
vt 0.986299 0.316049
vt 0.992648 0.314627
vt 0.982737 0.740877
vt 0.980938 0.739958
vt 0.980263 0.742453
vt 0.980287 0.711167
vt 0.980965 0.713668
vt 0.981416 0.710039
vt 0.981387 0.743595
vt 0.982737 0.740877
vt 0.980263 0.742453
vt 0.980965 0.713668
vt 0.982772 0.712771
vt 0.981416 0.710039
vt 0.427006 0.996978
vt 0.429018 0.996978
vt 0.427640 0.994503
vt 0.563987 0.835590
vt 0.561112 0.837028
vt 0.562550 0.838465
vt 0.424753 0.997047
vt 0.424753 0.994503
vt 0.424114 0.995170
vt 0.562550 0.838465
vt 0.563987 0.837028
vt 0.563987 0.835590
vt 0.075306 0.997424
vt 0.076293 0.997364
vt 0.076372 0.994503
vt 0.962646 0.518916
vt 0.955918 0.518504
vt 0.959150 0.522644
vt 0.962646 0.518916
vt 0.959150 0.522644
vt 0.964229 0.525409
vt 0.460615 0.994503
vt 0.460615 0.996153
vt 0.461328 0.995751
vt 0.075306 0.997424
vt 0.076372 0.998800
vt 0.076293 0.997364
vt 0.563987 0.837028
vt 0.565419 0.836308
vt 0.566138 0.834151
vt 0.566138 0.834151
vt 0.563987 0.835590
vt 0.563987 0.837028
vt 0.895539 0.986481
vt 0.894831 0.988974
vt 0.895676 0.988166
vt 0.283648 0.994503
vt 0.281772 0.994503
vt 0.281865 0.996850
vt 0.295332 0.996435
vt 0.296162 0.997795
vt 0.296162 0.994503
vt 0.283591 0.997789
vt 0.283648 0.994503
vt 0.281865 0.996850
vt 0.453234 0.996522
vt 0.454980 0.996297
vt 0.453234 0.994503
vt 0.989734 0.312373
vt 0.989017 0.310222
vt 0.986138 0.312373
vt 0.446580 0.994503
vt 0.446580 0.996651
vt 0.448012 0.995924
vt 0.978384 0.112867
vt 0.976383 0.110408
vt 0.974640 0.115287
vt 0.974640 0.089967
vt 0.976387 0.094845
vt 0.979549 0.091189
vt 0.979685 0.117735
vt 0.978384 0.112867
vt 0.974640 0.115287
vt 0.974640 0.089967
vt 0.979549 0.091189
vt 0.979689 0.087517
vt 0.159889 0.479667
vt 0.157730 0.462427
vt 0.003892 0.462427
vt 0.003892 0.462427
vt 0.001738 0.479667
vt 0.159889 0.479667
vt 0.951949 0.525409
vt 0.959150 0.522644
vt 0.955918 0.518504
vt 0.951949 0.525409
vt 0.958068 0.525433
vt 0.959150 0.522644
vt 0.959150 0.522644
vt 0.958068 0.525433
vt 0.964229 0.525409
vt 0.958068 0.525433
vt 0.951949 0.525409
vt 0.953553 0.531876
vt 0.958068 0.525433
vt 0.953553 0.531876
vt 0.959692 0.531876
vt 0.959692 0.531876
vt 0.964229 0.525409
vt 0.958068 0.525433
vt 0.296605 0.980225
vt 0.295104 0.980517
vt 0.296711 0.983875
vt 0.294374 0.976271
vt 0.295104 0.980517
vt 0.296605 0.980225
vt 0.468595 0.936100
vt 0.468355 0.939814
vt 0.471274 0.939301
vt 0.992857 0.067896
vt 0.990484 0.068258
vt 0.990316 0.069618
vt 0.990316 0.069618
vt 0.990484 0.068258
vt 0.986138 0.067896
vt 0.294374 0.983601
vt 0.296711 0.983875
vt 0.295104 0.980517
vt 0.884756 0.978993
vt 0.883166 0.976505
vt 0.883392 0.979448
vt 0.886121 0.983091
vt 0.884756 0.978993
vt 0.883392 0.979448
vt 0.094519 0.998678
vt 0.095443 0.994917
vt 0.094519 0.994503
vt 0.887012 0.986481
vt 0.885081 0.986481
vt 0.887223 0.991032
vt 0.468355 0.939814
vt 0.470799 0.943695
vt 0.473141 0.942973
vt 0.473141 0.942973
vt 0.471274 0.939301
vt 0.468355 0.939814
vt 0.883166 0.976505
vt 0.884756 0.978993
vt 0.886121 0.976271
vt 0.884865 0.990122
vt 0.887223 0.991032
vt 0.885081 0.986481
vt 0.924053 0.986481
vt 0.921580 0.986481
vt 0.923896 0.989890
vt 0.959978 0.578628
vt 0.960966 0.578580
vt 0.960166 0.574290
vt 0.254517 0.484562
vt 0.254517 0.475176
vt 0.252305 0.482916
vt 0.470799 0.943695
vt 0.468355 0.951177
vt 0.473141 0.942973
vt 0.922830 0.990960
vt 0.923896 0.989890
vt 0.921580 0.986481
vt 0.190872 0.994503
vt 0.189223 0.996970
vt 0.190872 0.998157
vt 0.976383 0.110408
vt 0.978384 0.112867
vt 0.982344 0.110408
vt 0.982340 0.094845
vt 0.979549 0.091189
vt 0.976387 0.094845
vt 0.983516 0.115299
vt 0.982344 0.110408
vt 0.978384 0.112867
vt 0.978384 0.112867
vt 0.979685 0.117735
vt 0.983516 0.115299
vt 0.979549 0.091189
vt 0.982340 0.094845
vt 0.983524 0.089951
vt 0.983524 0.089951
vt 0.979689 0.087517
vt 0.979549 0.091189
vt 0.960966 0.578580
vt 0.959978 0.578628
vt 0.957372 0.583757
vt 0.169442 0.599585
vt 0.169827 0.593939
vt 0.168824 0.593780
vt 0.957372 0.583757
vt 0.960197 0.583655
vt 0.960966 0.578580
vt 0.974640 0.318441
vt 0.979697 0.318253
vt 0.979899 0.315914
vt 0.989860 0.929354
vt 0.991955 0.927299
vt 0.986138 0.927299
vt 0.169827 0.593939
vt 0.169442 0.599585
vt 0.171213 0.597858
vt 0.960197 0.583655
vt 0.957372 0.583757
vt 0.960966 0.587226
vt 0.979697 0.318253
vt 0.983294 0.318441
vt 0.983554 0.315394
vt 0.983554 0.315394
vt 0.979899 0.315914
vt 0.979697 0.318253
vt 0.957528 0.587348
vt 0.960966 0.587226
vt 0.957372 0.583757
vt 0.214511 0.997431
vt 0.211688 0.994503
vt 0.211716 0.998083
vt 0.362451 0.994503
vt 0.359920 0.995315
vt 0.362451 0.997480
vt 0.992540 0.225448
vt 0.986138 0.224057
vt 0.986138 0.229419
vt 0.231080 0.769148
vt 0.233848 0.773158
vt 0.236571 0.767011
vt 0.236571 0.767011
vt 0.233848 0.773158
vt 0.236107 0.773603
vt 0.261043 0.371665
vt 0.233010 0.378809
vt 0.257452 0.378813
vt 0.261043 0.371665
vt 0.257452 0.378813
vt 0.257452 0.517417
vt 0.261043 0.371665
vt 0.257452 0.517417
vt 0.261043 0.525350
vt 0.974640 0.411748
vt 0.983244 0.405125
vt 0.974640 0.406232
vt 0.983272 0.321309
vt 0.974640 0.320695
vt 0.974640 0.329224
vt 0.986140 0.095492
vt 0.992610 0.095492
vt 0.992608 0.089035
vt 0.974640 0.329224
vt 0.983272 0.327705
vt 0.983272 0.321309
vt 0.992608 0.089035
vt 0.986138 0.089035
vt 0.986140 0.095492
vt 0.965860 0.075030
vt 0.965860 0.065225
vt 0.964423 0.065245
vt 0.029367 0.300249
vt 0.027930 0.300247
vt 0.029367 0.311620
vt 0.823858 0.955990
vt 0.825337 0.957430
vt 0.833947 0.957428
vt 0.823858 0.967492
vt 0.825337 0.957430
vt 0.823858 0.955990
vt 0.964423 0.065245
vt 0.964423 0.075050
vt 0.965860 0.075030
vt 0.833947 0.957428
vt 0.835339 0.955987
vt 0.823858 0.955990
vt 0.629767 0.957601
vt 0.624639 0.959685
vt 0.624639 0.964012
vt 0.804340 0.228623
vt 0.799156 0.237039
vt 0.804340 0.239834
vt 0.629767 0.957601
vt 0.624639 0.964012
vt 0.629767 0.967492
vt 0.027930 0.311619
vt 0.029367 0.311620
vt 0.027930 0.300247
vt 0.983244 0.405125
vt 0.974640 0.411748
vt 0.983244 0.412479
vt 0.825337 0.957430
vt 0.823858 0.967492
vt 0.825337 0.966057
vt 0.983278 0.304514
vt 0.974640 0.305950
vt 0.974640 0.312419
vt 0.974640 0.312419
vt 0.983278 0.313140
vt 0.983278 0.304514
vt 0.506206 0.991514
vt 0.511233 0.991513
vt 0.511233 0.986481
vt 0.799156 0.237039
vt 0.804340 0.228623
vt 0.799156 0.232134
vt 0.511233 0.986481
vt 0.506206 0.986482
vt 0.506206 0.991514
vt 0.229350 0.994503
vt 0.229350 0.998097
vt 0.231510 0.997384
vt 0.275130 0.996751
vt 0.272881 0.994503
vt 0.273750 0.997825
vt 0.267048 0.994503
vt 0.267048 0.997949
vt 0.267854 0.995888
vt 0.310790 0.997765
vt 0.311819 0.995932
vt 0.310790 0.994503
vt 0.653858 0.962872
vt 0.655100 0.963900
vt 0.657144 0.961418
vt 0.328873 0.997565
vt 0.330440 0.997666
vt 0.330440 0.994503
vt 0.414406 0.010171
vt 0.414406 0.005139
vt 0.410123 0.013052
vt 0.446094 0.976271
vt 0.442953 0.976301
vt 0.443134 0.977701
vt 0.384078 0.996666
vt 0.382641 0.994503
vt 0.381203 0.997378
vt 0.446094 0.976271
vt 0.443134 0.977701
vt 0.444705 0.977687
vt 0.399589 0.994503
vt 0.399069 0.996561
vt 0.399589 0.997434
vt 0.657361 0.970755
vt 0.655536 0.968419
vt 0.653858 0.969952
vt 0.446094 0.976271
vt 0.444705 0.977687
vt 0.445550 0.979361
vt 0.445550 0.979361
vt 0.447120 0.979347
vt 0.446094 0.976271
vt 0.275130 0.996751
vt 0.275205 0.994503
vt 0.272881 0.994503
vt 0.464577 0.994503
vt 0.463581 0.994503
vt 0.464268 0.995703
vt 0.384078 0.996666
vt 0.384078 0.994509
vt 0.382641 0.994503
vt 0.450265 0.995929
vt 0.450981 0.996651
vt 0.450981 0.994503
vt 0.444332 0.978603
vt 0.444705 0.977687
vt 0.443134 0.977701
vt 0.655536 0.968419
vt 0.657361 0.970755
vt 0.657434 0.969149
vt 0.447120 0.979347
vt 0.445550 0.979361
vt 0.444161 0.980777
vt 0.660646 0.969295
vt 0.657434 0.969149
vt 0.657361 0.970755
vt 0.447120 0.979347
vt 0.444161 0.980777
vt 0.445913 0.982163
vt 0.981995 0.367936
vt 0.974640 0.359471
vt 0.975551 0.367936
vt 0.295784 0.602031
vt 0.297216 0.590563
vt 0.295784 0.590575
vt 0.835339 0.955987
vt 0.833947 0.957428
vt 0.833947 0.966055
vt 0.835339 0.955987
vt 0.833947 0.966055
vt 0.835339 0.967489
vt 0.297216 0.602020
vt 0.301831 0.593712
vt 0.297216 0.590563
vt 0.297216 0.590563
vt 0.295784 0.602031
vt 0.297216 0.602020
vt 0.974640 0.359471
vt 0.981995 0.367936
vt 0.983232 0.359471
vt 0.297216 0.602020
vt 0.301831 0.598724
vt 0.301831 0.593712
vt 0.575282 0.976271
vt 0.574420 0.978715
vt 0.575845 0.979434
vt 0.606871 0.978426
vt 0.607585 0.976271
vt 0.605157 0.977157
vt 0.575282 0.976271
vt 0.575845 0.979434
vt 0.576562 0.977996
vt 0.605157 0.980735
vt 0.606871 0.978426
vt 0.605157 0.977157
vt 0.607073 0.980357
vt 0.606871 0.978426
vt 0.605157 0.977157
vt 0.605157 0.977157
vt 0.605157 0.980735
vt 0.607073 0.980357
vt 0.606871 0.978426
vt 0.608299 0.977694
vt 0.607585 0.976271
vt 0.607585 0.976271
vt 0.608299 0.977694
vt 0.610727 0.976808
vt 0.576127 0.981015
vt 0.575845 0.979434
vt 0.574420 0.978715
vt 0.574420 0.978715
vt 0.574984 0.981877
vt 0.576127 0.981015
vt 0.609870 0.977963
vt 0.610727 0.976808
vt 0.608299 0.977694
vt 0.401842 0.995959
vt 0.403206 0.997378
vt 0.403206 0.994503
vt 0.608216 0.981203
vt 0.607073 0.980357
vt 0.605157 0.980735
vt 0.578848 0.976271
vt 0.578469 0.978271
vt 0.581409 0.979721
vt 0.608585 0.983272
vt 0.608216 0.981203
vt 0.605157 0.980735
vt 0.577552 0.981734
vt 0.576127 0.981015
vt 0.574984 0.981877
vt 0.610727 0.976808
vt 0.609870 0.977963
vt 0.612155 0.979654
vt 0.577834 0.983315
vt 0.577552 0.981734
vt 0.574984 0.981877
vt 0.655100 0.963900
vt 0.657071 0.963024
vt 0.657144 0.961418
vt 0.413097 0.996264
vt 0.414179 0.997336
vt 0.414179 0.994503
vt 0.659917 0.964119
vt 0.657144 0.961418
vt 0.657071 0.963024
vt 0.458361 0.994503
vt 0.457233 0.996023
vt 0.458361 0.996548
vt 0.657071 0.963024
vt 0.658603 0.964703
vt 0.659917 0.964119
vt 0.192094 0.988710
vt 0.191046 0.989345
vt 0.190562 0.992166
vt 0.410123 0.001550
vt 0.410123 0.013052
vt 0.414406 0.005139
vt 0.609870 0.977963
vt 0.610584 0.979386
vt 0.612155 0.979654
vt 0.577552 0.981734
vt 0.577834 0.983315
vt 0.579122 0.981446
vt 0.612012 0.982232
vt 0.612155 0.979654
vt 0.610584 0.979386
vt 0.610584 0.979386
vt 0.610298 0.980963
vt 0.612012 0.982232
vt 0.256517 0.992033
vt 0.257866 0.987255
vt 0.256517 0.986481
vt 0.992568 0.383718
vt 0.986138 0.383718
vt 0.986344 0.385302
vt 0.992553 0.381465
vt 0.992553 0.379308
vt 0.986138 0.380032
vt 0.330255 0.986481
vt 0.328287 0.991454
vt 0.330255 0.991954
vt 0.660646 0.969295
vt 0.659113 0.967616
vt 0.657434 0.969149
vt 0.578469 0.978271
vt 0.579323 0.979420
vt 0.581409 0.979721
vt 0.444161 0.980777
vt 0.443014 0.981629
vt 0.442953 0.983593
vt 0.660646 0.969295
vt 0.660135 0.966376
vt 0.659113 0.967616
vt 0.444161 0.980777
vt 0.442953 0.983593
vt 0.445913 0.982163
vt 0.579323 0.979420
vt 0.579122 0.981446
vt 0.580402 0.983171
vt 0.608585 0.983272
vt 0.610298 0.980963
vt 0.608216 0.981203
vt 0.579323 0.979420
vt 0.580402 0.983171
vt 0.581409 0.979721
vt 0.406278 0.997378
vt 0.406170 0.995935
vt 0.405460 0.995936
vt 0.192094 0.988710
vt 0.190562 0.987852
vt 0.191046 0.989345
vt 0.405460 0.995936
vt 0.405460 0.996654
vt 0.406278 0.997378
vt 0.406278 0.994503
vt 0.405460 0.995936
vt 0.406170 0.995935
vt 0.190562 0.987852
vt 0.192094 0.988710
vt 0.191297 0.986481
vt 0.658603 0.964703
vt 0.658895 0.965360
vt 0.659917 0.964119
vt 0.662397 0.966157
vt 0.659917 0.964119
vt 0.658895 0.965360
vt 0.658895 0.965360
vt 0.660135 0.966376
vt 0.662397 0.966157
vt 0.433286 0.994640
vt 0.431272 0.994503
vt 0.431272 0.996867
vt 0.660646 0.969295
vt 0.662397 0.966157
vt 0.660135 0.966376
vt 0.580402 0.983171
vt 0.579122 0.981446
vt 0.577834 0.983315
vt 0.608585 0.983272
vt 0.612012 0.982232
vt 0.610298 0.980963
vt 0.442894 0.996651
vt 0.444326 0.995208
vt 0.442894 0.994503
vt 0.408686 0.013052
vt 0.410123 0.013052
vt 0.410123 0.001550
vt 0.835339 0.967489
vt 0.825337 0.966057
vt 0.823858 0.967492
vt 0.410123 0.001550
vt 0.408686 0.001550
vt 0.408686 0.013052
vt 0.835339 0.967489
vt 0.833947 0.966055
vt 0.825337 0.966057
vt 0.474591 0.930198
vt 0.476404 0.914811
vt 0.472389 0.915353
vt 0.931598 0.374099
vt 0.919340 0.359595
vt 0.919348 0.375250
vt 0.474591 0.930198
vt 0.472389 0.915353
vt 0.470575 0.930739
vt 0.894073 0.672993
vt 0.889760 0.672276
vt 0.883303 0.683424
vt 0.883303 0.683424
vt 0.886891 0.684958
vt 0.894073 0.672993
vt 0.081063 0.799935
vt 0.094544 0.817906
vt 0.099523 0.815031
vt 0.656657 0.171310
vt 0.662397 0.143273
vt 0.656657 0.143274
vt 0.901305 0.182730
vt 0.907052 0.182522
vt 0.918546 0.142554
vt 0.552999 0.810474
vt 0.557980 0.806161
vt 0.538983 0.789596
vt 0.538983 0.789596
vt 0.525280 0.810474
vt 0.552999 0.810474
vt 0.081063 0.799935
vt 0.066825 0.817906
vt 0.094544 0.817906
vt 0.474591 0.899472
vt 0.472389 0.915353
vt 0.476404 0.914811
vt 0.919340 0.359595
vt 0.931598 0.374099
vt 0.931598 0.343288
vt 0.931598 0.343288
vt 0.919351 0.342961
vt 0.919340 0.359595
vt 0.470186 0.915529
vt 0.470575 0.930739
vt 0.472389 0.915353
vt 0.470575 0.900013
vt 0.470186 0.915529
vt 0.472389 0.915353
vt 0.472389 0.915353
vt 0.474591 0.899472
vt 0.470575 0.900013
vt 0.662397 0.143273
vt 0.656657 0.171310
vt 0.662397 0.171308
vt 0.470186 0.915529
vt 0.468373 0.931598
vt 0.470575 0.930739
vt 0.355672 0.924949
vt 0.353578 0.925761
vt 0.355672 0.938125
vt 0.655193 0.083647
vt 0.657601 0.096650
vt 0.659134 0.096029
vt 0.928335 0.377434
vt 0.921149 0.391677
vt 0.928335 0.409512
vt 0.913177 0.035893
vt 0.923441 0.006768
vt 0.913177 0.001354
vt 0.700881 0.943452
vt 0.714606 0.946282
vt 0.714606 0.921695
vt 0.695599 0.917161
vt 0.700881 0.943452
vt 0.714606 0.921695
vt 0.470186 0.915529
vt 0.470575 0.900013
vt 0.468373 0.900872
vt 0.779867 0.926469
vt 0.770657 0.939425
vt 0.779867 0.946282
vt 0.886891 0.684958
vt 0.883303 0.683424
vt 0.878965 0.694511
vt 0.573109 0.599038
vt 0.585163 0.602031
vt 0.585716 0.599414
vt 0.573109 0.599038
vt 0.585716 0.599414
vt 0.585716 0.574701
vt 0.585716 0.574701
vt 0.572556 0.574000
vt 0.573109 0.599038
vt 0.655193 0.110943
vt 0.659134 0.096029
vt 0.657601 0.096650
vt 0.702118 0.068956
vt 0.706449 0.070155
vt 0.706449 0.058164
vt 0.290969 0.913590
vt 0.290969 0.943019
vt 0.305094 0.942718
vt 0.305094 0.942718
vt 0.305094 0.912588
vt 0.290969 0.913590
vt 0.883303 0.683424
vt 0.870339 0.691657
vt 0.878965 0.694511
vt 0.870339 0.698054
vt 0.878965 0.694511
vt 0.870339 0.691657
vt 0.989023 0.285751
vt 0.992608 0.282974
vt 0.986138 0.282974
vt 0.887547 0.187412
vt 0.875327 0.187412
vt 0.876107 0.233307
vt 0.859812 0.949889
vt 0.846353 0.964229
vt 0.858436 0.964229
vt 0.639602 0.864947
vt 0.639602 0.907126
vt 0.652161 0.904034
vt 0.876107 0.233307
vt 0.886890 0.233307
vt 0.887547 0.187412
vt 0.639602 0.864947
vt 0.652161 0.904034
vt 0.654240 0.863767
vt 0.781480 0.702388
vt 0.791281 0.742216
vt 0.796182 0.742342
vt 0.525280 0.810474
vt 0.538983 0.789596
vt 0.520310 0.806161
vt 0.081063 0.799935
vt 0.062564 0.815031
vt 0.066825 0.817906
vt 0.720070 0.911799
vt 0.715751 0.911798
vt 0.717908 0.927613
vt 0.906419 0.941388
vt 0.907126 0.925910
vt 0.894000 0.939782
vt 0.722227 0.927614
vt 0.720070 0.911799
vt 0.717908 0.927613
vt 0.894073 0.715638
vt 0.886891 0.704149
vt 0.883303 0.704747
vt 0.894073 0.715638
vt 0.883303 0.704747
vt 0.889760 0.716343
vt 0.715751 0.911798
vt 0.720070 0.911799
vt 0.717908 0.895264
vt 0.892493 0.910333
vt 0.894000 0.939782
vt 0.907126 0.925910
vt 0.821069 0.290098
vt 0.820596 0.306726
vt 0.832076 0.306726
vt 0.720070 0.911799
vt 0.722227 0.927614
vt 0.722233 0.911800
vt 0.720070 0.911799
vt 0.722233 0.911800
vt 0.722227 0.895265
vt 0.722227 0.895265
vt 0.717908 0.895264
vt 0.720070 0.911799
vt 0.878965 0.694511
vt 0.883303 0.704747
vt 0.886891 0.704149
vt 0.881198 0.938828
vt 0.881987 0.941388
vt 0.894000 0.939782
vt 0.879145 0.910224
vt 0.881198 0.938828
vt 0.894000 0.939782
vt 0.894000 0.939782
vt 0.892493 0.910333
vt 0.879145 0.910224
vt 0.883303 0.704747
vt 0.878965 0.694511
vt 0.870339 0.698054
vt 0.883303 0.704747
vt 0.870339 0.698054
vt 0.881859 0.705564
vt 0.883303 0.704747
vt 0.881859 0.705564
vt 0.889760 0.716343
vt 0.021210 0.939467
vt 0.016951 0.937980
vt 0.016951 0.952808
vt 0.822287 0.751111
vt 0.811212 0.751111
vt 0.819215 0.776604
vt 0.263366 0.943019
vt 0.274904 0.911723
vt 0.263366 0.912857
vt 0.546559 0.924017
vt 0.527982 0.931746
vt 0.546559 0.944651
vt 0.887598 0.717869
vt 0.889760 0.716343
vt 0.881859 0.705564
vt 0.274904 0.942604
vt 0.287148 0.910032
vt 0.274904 0.911723
vt 0.274904 0.911723
vt 0.263366 0.943019
vt 0.274904 0.942604
vt 0.722227 0.927614
vt 0.724395 0.928335
vt 0.722233 0.911800
vt 0.889477 0.987325
vt 0.889477 0.990987
vt 0.892137 0.988656
vt 0.892137 0.988656
vt 0.892578 0.986481
vt 0.889477 0.987325
vt 0.155944 0.994503
vt 0.153264 0.996390
vt 0.155944 0.998230
vt 0.288213 0.996883
vt 0.285901 0.994503
vt 0.285901 0.997762
vt 0.211688 0.994503
vt 0.214511 0.997431
vt 0.214552 0.994503
vt 0.274904 0.942604
vt 0.286437 0.926453
vt 0.287148 0.910032
vt 0.286437 0.926453
vt 0.274904 0.942604
vt 0.287148 0.942349
vt 0.724395 0.895986
vt 0.722227 0.895265
vt 0.722233 0.911800
vt 0.871232 0.683607
vt 0.857925 0.635337
vt 0.856217 0.683607
vt 0.846353 0.964229
vt 0.859812 0.949889
vt 0.846307 0.949889
vt 0.096260 0.524946
vt 0.092039 0.520325
vt 0.090131 0.525350
vt 0.092039 0.520325
vt 0.096260 0.524946
vt 0.095040 0.517482
vt 0.095040 0.517482
vt 0.090131 0.516212
vt 0.092039 0.520325
vt 0.987958 0.533201
vt 0.992262 0.528258
vt 0.986138 0.528258
vt 0.961369 0.658652
vt 0.966241 0.654175
vt 0.962840 0.651129
vt 0.966241 0.654175
vt 0.967492 0.649728
vt 0.962840 0.651129
vt 0.936493 0.159428
vt 0.930045 0.159671
vt 0.936493 0.189013
vt 0.918546 0.920178
vt 0.918546 0.884942
vt 0.912257 0.884917
vt 0.912257 0.884917
vt 0.912257 0.920154
vt 0.918546 0.920178
vt 0.912166 0.562784
vt 0.918546 0.562875
vt 0.912166 0.527570
vt 0.930045 0.189256
vt 0.936493 0.189013
vt 0.930045 0.159671
vt 0.916915 0.521817
vt 0.916915 0.486564
vt 0.910449 0.486834
vt 0.910449 0.486834
vt 0.910449 0.522087
vt 0.916915 0.521817
vt 0.918546 0.527661
vt 0.912166 0.527570
vt 0.918546 0.562875
vt 0.325461 0.941853
vt 0.312887 0.926930
vt 0.312887 0.947914
vt 0.668924 0.307252
vt 0.649945 0.315674
vt 0.665509 0.321276
vt 0.734890 0.430228
vt 0.735816 0.413093
vt 0.723258 0.416894
vt 0.712928 0.429500
vt 0.734890 0.430228
vt 0.723258 0.416894
vt 0.723258 0.416894
vt 0.710362 0.413093
vt 0.712928 0.429500
vt 0.368127 0.118413
vt 0.376188 0.064026
vt 0.368282 0.064047
vt 0.376188 0.064026
vt 0.368127 0.118413
vt 0.376033 0.118393
vt 0.098530 0.008534
vt 0.047154 0.030504
vt 0.315850 0.195313
vt 0.277003 0.343027
vt 0.280106 0.350777
vt 0.281602 0.343739
vt 0.282253 0.334314
vt 0.276170 0.334314
vt 0.277003 0.343027
vt 0.281602 0.343739
vt 0.282253 0.334314
vt 0.277003 0.343027
vt 0.458756 0.980249
vt 0.461478 0.983661
vt 0.461478 0.976271
vt 0.141498 0.573718
vt 0.137848 0.574438
vt 0.140877 0.580821
vt 0.094940 0.900895
vt 0.089433 0.900282
vt 0.093620 0.908757
vt 0.911236 0.371734
vt 0.916514 0.371679
vt 0.916114 0.363758
vt 0.874994 0.335132
vt 0.879390 0.336092
vt 0.877535 0.328514
vt 0.584649 0.915269
vt 0.582686 0.923634
vt 0.588046 0.922189
vt 0.962597 0.193625
vt 0.958264 0.194317
vt 0.956134 0.202309
vt 0.956134 0.202309
vt 0.962597 0.202073
vt 0.962597 0.193625
vt 0.962597 0.193625
vt 0.960873 0.189358
vt 0.958264 0.194317
vt 0.135335 0.556686
vt 0.140309 0.556303
vt 0.136855 0.552570
vt 0.140309 0.556303
vt 0.135335 0.556686
vt 0.141942 0.564339
vt 0.141942 0.564339
vt 0.135335 0.556686
vt 0.135335 0.565332
vt 0.141498 0.573718
vt 0.141942 0.564339
vt 0.135335 0.565332
vt 0.135335 0.565332
vt 0.137848 0.574438
vt 0.141498 0.573718
vt 0.095575 0.891608
vt 0.085922 0.890551
vt 0.089433 0.900282
vt 0.089433 0.900282
vt 0.094940 0.900895
vt 0.095575 0.891608
vt 0.085922 0.890551
vt 0.095575 0.891608
vt 0.096260 0.881606
vt 0.096260 0.881606
vt 0.085922 0.879124
vt 0.085922 0.890551
vt 0.911236 0.371734
vt 0.916707 0.381020
vt 0.916514 0.371679
vt 0.907752 0.381101
vt 0.916915 0.391080
vt 0.916707 0.381020
vt 0.916707 0.381020
vt 0.911236 0.371734
vt 0.907752 0.381101
vt 0.085922 0.879124
vt 0.096260 0.881606
vt 0.096015 0.873752
vt 0.096015 0.873752
vt 0.089844 0.872371
vt 0.085922 0.879124
vt 0.907752 0.392580
vt 0.916841 0.398966
vt 0.916915 0.391080
vt 0.907752 0.381101
vt 0.907752 0.392580
vt 0.916915 0.391080
vt 0.312887 0.926930
vt 0.325461 0.941853
vt 0.331199 0.923478
vt 0.717646 0.934101
vt 0.717646 0.952808
vt 0.731880 0.949158
vt 0.717646 0.934101
vt 0.731880 0.949158
vt 0.734184 0.933772
vt 0.653448 0.331849
vt 0.665509 0.321276
vt 0.649945 0.315674
vt 0.757026 0.438879
vt 0.740477 0.416175
vt 0.740477 0.436222
vt 0.582450 0.714854
vt 0.593597 0.700054
vt 0.581527 0.698357
vt 0.740477 0.416175
vt 0.757026 0.438879
vt 0.757026 0.413092
vt 0.593597 0.700054
vt 0.582450 0.714854
vt 0.604087 0.714070
vt 0.604087 0.714070
vt 0.606926 0.698357
vt 0.593597 0.700054
vt 0.393641 0.621084
vt 0.511610 0.636293
vt 0.515561 0.621084
vt 0.871232 0.762643
vt 0.853998 0.763717
vt 0.853999 0.809097
vt 0.853999 0.809097
vt 0.871232 0.810866
vt 0.871232 0.762643
vt 0.891939 0.151261
vt 0.891939 0.194151
vt 0.898968 0.193100
vt 0.526981 0.862202
vt 0.519290 0.861430
vt 0.519290 0.903863
vt 0.081576 0.874396
vt 0.072721 0.875009
vt 0.081576 0.913652
vt 0.898968 0.193100
vt 0.898968 0.150210
vt 0.891939 0.151261
vt 0.511610 0.636293
vt 0.393641 0.621084
vt 0.393895 0.636293
vt 0.688502 0.303463
vt 0.686598 0.182828
vt 0.642764 0.184230
vt 0.642764 0.184230
vt 0.642489 0.303463
vt 0.688502 0.303463
vt 0.708080 0.440411
vt 0.707691 0.387646
vt 0.671336 0.445405
vt 0.646560 0.800636
vt 0.650977 0.760821
vt 0.630034 0.752543
vt 0.646560 0.800636
vt 0.630034 0.752543
vt 0.606101 0.802708
vt 0.693840 0.908757
vt 0.703175 0.866400
vt 0.694549 0.866400
vt 0.983269 0.531063
vt 0.974640 0.527470
vt 0.974689 0.531063
vt 0.021210 0.907643
vt 0.017616 0.907638
vt 0.017616 0.933225
vt 0.734184 0.363827
vt 0.734184 0.337947
vt 0.724139 0.337950
vt 0.017616 0.933225
vt 0.021210 0.933230
vt 0.021210 0.907643
vt 0.724139 0.337950
vt 0.724139 0.363829
vt 0.734184 0.363827
vt 0.974640 0.527470
vt 0.983269 0.531063
vt 0.983219 0.527470
vt 0.755394 0.373842
vt 0.745340 0.373843
vt 0.755394 0.399721
vt 0.274943 0.961959
vt 0.278990 0.962597
vt 0.274943 0.949545
vt 0.620188 0.941356
vt 0.621609 0.927696
vt 0.595312 0.926292
vt 0.595312 0.926292
vt 0.595312 0.941388
vt 0.620188 0.941356
vt 0.890286 0.145711
vt 0.896631 0.146837
vt 0.897336 0.104056
vt 0.897336 0.104056
vt 0.890286 0.102805
vt 0.890286 0.145711
vt 0.703175 0.866400
vt 0.693840 0.908757
vt 0.703186 0.908757
vt 0.278990 0.950184
vt 0.274943 0.949545
vt 0.278990 0.962597
vt 0.745340 0.399723
vt 0.755394 0.399721
vt 0.745340 0.373843
vt 0.933394 0.892442
vt 0.946282 0.889052
vt 0.946111 0.874597
vt 0.712928 0.429500
vt 0.726118 0.438879
vt 0.734890 0.430228
vt 0.946111 0.874597
vt 0.933394 0.871516
vt 0.933394 0.892442
vt 0.259412 0.359897
vt 0.246133 0.350738
vt 0.246133 0.368724
vt 0.154995 0.948573
vt 0.140614 0.939238
vt 0.140614 0.956071
vt 0.582450 0.714854
vt 0.591495 0.724395
vt 0.604087 0.714070
vt 0.246133 0.350738
vt 0.259412 0.359897
vt 0.257760 0.345429
vt 0.671336 0.392829
vt 0.671336 0.445405
vt 0.707691 0.387646
vt 0.708080 0.335259
vt 0.671336 0.392829
vt 0.707691 0.387646
vt 0.986139 0.021766
vt 0.986138 0.028269
vt 0.992648 0.021766
vt 0.992648 0.028269
vt 0.992648 0.021766
vt 0.986138 0.028269
vt 0.089844 0.872371
vt 0.096015 0.873752
vt 0.094910 0.867986
vt 0.120428 0.976271
vt 0.120428 0.984039
vt 0.124775 0.980485
vt 0.916841 0.398966
vt 0.907752 0.392580
vt 0.911340 0.399723
vt 0.653448 0.331849
vt 0.668924 0.334462
vt 0.665509 0.321276
vt 0.515561 0.655996
vt 0.502702 0.651761
vt 0.502744 0.667292
vt 0.502702 0.651761
vt 0.510144 0.640426
vt 0.492640 0.640426
vt 0.489184 0.656730
vt 0.502744 0.667292
vt 0.502702 0.651761
vt 0.492640 0.640426
vt 0.489184 0.656730
vt 0.502702 0.651761
vt 0.807469 0.699219
vt 0.801080 0.700204
vt 0.803554 0.731400
vt 0.301365 0.886191
vt 0.300647 0.865978
vt 0.294179 0.865454
vt 0.803554 0.731400
vt 0.809234 0.730536
vt 0.807469 0.699219
vt 0.786546 0.071379
vt 0.787469 0.103024
vt 0.811380 0.071412
vt 0.859206 0.185067
vt 0.853662 0.185030
vt 0.855899 0.210477
vt 0.006526 0.235196
vt 0.001128 0.361117
vt 0.006526 0.362198
vt 0.855899 0.210477
vt 0.861443 0.210514
vt 0.859206 0.185067
vt 0.518562 0.001411
vt 0.519799 0.025889
vt 0.652024 0.001411
vt 0.822725 0.457479
vt 0.824105 0.433688
vt 0.820695 0.434818
vt 0.224148 0.002020
vt 0.226026 0.004894
vt 0.337558 0.004894
vt 0.617319 0.331751
vt 0.617319 0.199611
vt 0.594347 0.197817
vt 0.224148 0.002020
vt 0.337558 0.004894
vt 0.339356 0.002020
vt 0.594347 0.197817
vt 0.594347 0.332830
vt 0.617319 0.331751
vt 0.797814 0.614724
vt 0.793626 0.615091
vt 0.797814 0.627769
vt 0.621609 0.927696
vt 0.618766 0.914041
vt 0.595312 0.926292
vt 0.793626 0.628136
vt 0.797814 0.627769
vt 0.793626 0.615091
vt 0.822725 0.457479
vt 0.825550 0.457688
vt 0.824105 0.433688
vt 0.006526 0.235196
vt 0.001128 0.236847
vt 0.001128 0.361117
vt 0.941388 0.062355
vt 0.937079 0.062342
vt 0.936816 0.074543
vt 0.618766 0.914041
vt 0.606684 0.909025
vt 0.598155 0.915505
vt 0.936816 0.074543
vt 0.941125 0.074555
vt 0.941388 0.062355
vt 0.618766 0.914041
vt 0.598155 0.915505
vt 0.595312 0.926292
vt 0.861443 0.210514
vt 0.855899 0.210477
vt 0.853662 0.236534
vt 0.651826 0.025889
vt 0.652024 0.001411
vt 0.519799 0.025889
vt 0.652608 0.048946
vt 0.651826 0.025889
vt 0.519799 0.025889
vt 0.853662 0.236534
vt 0.859206 0.236570
vt 0.861443 0.210514
vt 0.519799 0.025889
vt 0.520582 0.048946
vt 0.652608 0.048946
vt 0.825550 0.457688
vt 0.822725 0.457479
vt 0.823239 0.482930
vt 0.639556 0.332301
vt 0.639556 0.200160
vt 0.617319 0.199611
vt 0.822725 0.457479
vt 0.820695 0.481748
vt 0.823239 0.482930
vt 0.617319 0.199611
vt 0.617319 0.331751
vt 0.639556 0.332301
vt 0.607420 0.741465
vt 0.606101 0.802708
vt 0.630034 0.752543
vt 0.606101 0.729296
vt 0.607420 0.741465
vt 0.630034 0.752543
vt 0.937079 0.083195
vt 0.941388 0.083208
vt 0.941125 0.074555
vt 0.941125 0.074555
vt 0.936816 0.074543
vt 0.937079 0.083195
vt 0.764133 0.548190
vt 0.768446 0.548191
vt 0.768444 0.537432
vt 0.768444 0.537432
vt 0.764130 0.537432
vt 0.764133 0.548190
vt 0.461955 0.161521
vt 0.466749 0.159309
vt 0.466749 0.003630
vt 0.479640 0.053721
vt 0.481568 0.022357
vt 0.476632 0.022879
vt 0.466749 0.003630
vt 0.461955 0.001745
vt 0.461955 0.161521
vt 0.456826 0.166415
vt 0.456826 0.002455
vt 0.429605 0.011877
vt 0.429605 0.011877
vt 0.429605 0.163225
vt 0.456826 0.166415
vt 0.473141 0.002729
vt 0.466749 0.159309
vt 0.473141 0.159774
vt 0.704817 0.077256
vt 0.699072 0.074298
vt 0.682588 0.099002
vt 0.160392 0.434142
vt 0.001382 0.460089
vt 0.166415 0.460089
vt 0.704817 0.077256
vt 0.682588 0.099002
vt 0.688327 0.102068
vt 0.473141 0.002729
vt 0.466749 0.003630
vt 0.466749 0.159309
vt 0.479640 0.053721
vt 0.482930 0.053374
vt 0.481568 0.022357
vt 0.933230 0.443774
vt 0.933230 0.413218
vt 0.925029 0.414748
vt 0.712955 0.318898
vt 0.718834 0.352221
vt 0.721132 0.321564
vt 0.163308 0.580448
vt 0.157539 0.608557
vt 0.166415 0.608557
vt 0.092997 0.941388
vt 0.087555 0.911735
vt 0.072124 0.941388
vt 0.671336 0.392829
vt 0.708080 0.335259
vt 0.671336 0.340253
vt 0.928335 0.048367
vt 0.901435 0.088102
vt 0.928335 0.082507
vt 0.254517 0.781342
vt 0.225402 0.782805
vt 0.221184 0.841849
vt 0.221184 0.841849
vt 0.238321 0.839422
vt 0.254517 0.781342
vt 0.225402 0.782805
vt 0.196148 0.786985
vt 0.221184 0.841849
vt 0.243292 0.889558
vt 0.225185 0.894722
vt 0.225185 0.924207
vt 0.901435 0.088102
vt 0.928335 0.048367
vt 0.901435 0.049865
vt 0.225185 0.924207
vt 0.259412 0.926704
vt 0.243292 0.889558
vt 0.986189 0.840461
vt 0.986138 0.844137
vt 0.991939 0.840461
vt 0.920178 0.437246
vt 0.920178 0.402741
vt 0.915873 0.402742
vt 0.925028 0.642965
vt 0.919278 0.642965
vt 0.918603 0.677081
vt 0.915873 0.402742
vt 0.915873 0.437248
vt 0.920178 0.437246
vt 0.918603 0.677081
vt 0.925072 0.677081
vt 0.925028 0.642965
vt 0.991888 0.844137
vt 0.991939 0.840461
vt 0.986138 0.844137
vt 0.196148 0.845128
vt 0.221184 0.841849
vt 0.196148 0.786985
vt 0.876127 0.884039
vt 0.871818 0.884043
vt 0.876127 0.918541
vt 0.871818 0.918546
vt 0.876127 0.918541
vt 0.871818 0.884043
vt 0.368976 0.181099
vt 0.376033 0.118393
vt 0.368127 0.118413
vt 0.376033 0.118393
vt 0.368976 0.181099
vt 0.376881 0.181079
vt 0.047154 0.030504
vt 0.015262 0.092576
vt 0.315850 0.195313
vt 0.944166 0.902746
vt 0.949545 0.901147
vt 0.946378 0.892743
vt 0.879390 0.336092
vt 0.874994 0.335132
vt 0.874994 0.342619
vt 0.945959 0.910389
vt 0.949545 0.909322
vt 0.949545 0.901147
vt 0.949545 0.901147
vt 0.944166 0.902746
vt 0.945959 0.910389
vt 0.915958 0.986481
vt 0.914995 0.990890
vt 0.919327 0.990890
vt 0.588979 0.931425
vt 0.588046 0.922189
vt 0.582686 0.923634
vt 0.582417 0.932347
vt 0.588979 0.931425
vt 0.582686 0.923634
vt 0.582417 0.932347
vt 0.588979 0.939091
vt 0.588979 0.931425
vt 0.588979 0.939091
vt 0.582417 0.932347
vt 0.584155 0.939756
vt 0.404138 0.991667
vt 0.404138 0.986481
vt 0.399472 0.989854
vt 0.021783 0.892561
vt 0.039157 0.850332
vt 0.021783 0.848820
vt 0.858189 0.578334
vt 0.866338 0.579190
vt 0.857510 0.538885
vt 0.898968 0.049000
vt 0.891944 0.092997
vt 0.898968 0.091910
vt 0.891902 0.240306
vt 0.898968 0.241465
vt 0.898968 0.198784
vt 0.866338 0.539812
vt 0.857510 0.538885
vt 0.866338 0.579190
vt 0.898968 0.198784
vt 0.891902 0.197625
vt 0.891902 0.240306
vt 0.039157 0.850332
vt 0.021783 0.892561
vt 0.039157 0.894073
vt 0.185993 0.845128
vt 0.141395 0.801615
vt 0.144628 0.841441
vt 0.561688 0.908596
vt 0.570314 0.866381
vt 0.561688 0.866233
vt 0.891944 0.092997
vt 0.898968 0.049000
vt 0.891944 0.050087
vt 0.570314 0.866381
vt 0.561688 0.908596
vt 0.571032 0.908757
vt 0.059726 0.360592
vt 0.016208 0.358999
vt 0.016270 0.366876
vt 0.016270 0.366876
vt 0.059788 0.368469
vt 0.059726 0.360592
vt 0.015262 0.092576
vt 0.001452 0.139298
vt 0.003051 0.188958
vt 0.015262 0.092576
vt 0.003051 0.188958
vt 0.012181 0.258147
vt 0.074751 0.336216
vt 0.315850 0.195313
vt 0.015262 0.092576
vt 0.015262 0.092576
vt 0.012181 0.258147
vt 0.074751 0.336216
vt 0.305542 0.011719
vt 0.305542 0.034722
vt 0.313252 0.044051
vt 0.313252 0.044051
vt 0.313252 0.008828
vt 0.305542 0.011719
vt 0.909449 0.481299
vt 0.917260 0.472115
vt 0.917260 0.449201
vt 0.917260 0.449201
vt 0.909449 0.446212
vt 0.909449 0.481299
vt 0.925072 0.446463
vt 0.917260 0.472115
vt 0.925072 0.479402
vt 0.305542 0.034722
vt 0.305542 0.011719
vt 0.297120 0.008861
vt 0.297120 0.008861
vt 0.297120 0.041928
vt 0.305542 0.034722
vt 0.925072 0.446463
vt 0.917260 0.449201
vt 0.917260 0.472115
vt 0.668229 0.991465
vt 0.670172 0.989881
vt 0.668229 0.986481
vt 0.931240 0.404323
vt 0.933230 0.379573
vt 0.930640 0.379492
vt 0.619267 0.986481
vt 0.617340 0.990016
vt 0.619267 0.991536
vt 0.828813 0.664245
vt 0.826241 0.664242
vt 0.828813 0.690133
vt 0.103293 0.994503
vt 0.102162 0.996473
vt 0.103293 0.998652
vt 0.934861 0.251254
vt 0.934861 0.221697
vt 0.932661 0.222254
vt 0.932661 0.222254
vt 0.933430 0.251148
vt 0.934861 0.251254
vt 0.931240 0.404323
vt 0.933230 0.404617
vt 0.933230 0.379573
vt 0.054470 0.353976
vt 0.054829 0.324748
vt 0.052807 0.324876
vt 0.052807 0.324876
vt 0.053101 0.354040
vt 0.054470 0.353976
vt 0.088709 0.994503
vt 0.087587 0.996745
vt 0.088709 0.998719
vt 0.030999 0.019953
vt 0.028798 0.019393
vt 0.030230 0.048841
vt 0.826241 0.690131
vt 0.828813 0.690133
vt 0.826241 0.664242
vt 0.057103 0.324876
vt 0.054829 0.324748
vt 0.056681 0.354040
vt 0.028798 0.048946
vt 0.030230 0.048841
vt 0.028798 0.019393
vt 0.054829 0.324748
vt 0.054470 0.353976
vt 0.056681 0.354040
vt 0.300647 0.906424
vt 0.301365 0.886191
vt 0.294179 0.907126
vt 0.835339 0.071387
vt 0.811380 0.071412
vt 0.834827 0.103032
vt 0.509039 0.772652
vt 0.517192 0.742063
vt 0.510780 0.740950
vt 0.436047 0.840387
vt 0.448875 0.782952
vt 0.419917 0.782340
vt 0.986189 0.176974
vt 0.986138 0.180650
vt 0.992607 0.180650
vt 0.845717 0.848357
vt 0.850022 0.794445
vt 0.845717 0.794411
vt 0.992607 0.180650
vt 0.992657 0.176974
vt 0.986189 0.176974
vt 0.850022 0.374549
vt 0.843610 0.375406
vt 0.850022 0.428329
vt 0.453084 0.842281
vt 0.478036 0.786661
vt 0.448875 0.782952
vt 0.807576 0.910389
vt 0.820655 0.887668
vt 0.807576 0.870486
vt 0.448875 0.782952
vt 0.436047 0.840387
vt 0.453084 0.842281
vt 0.849312 0.283885
vt 0.850022 0.229853
vt 0.843628 0.229051
vt 0.850022 0.794445
vt 0.845717 0.848357
vt 0.850022 0.848391
vt 0.843628 0.229051
vt 0.843628 0.283172
vt 0.849312 0.283885
vt 0.851654 0.066818
vt 0.847345 0.066842
vt 0.851654 0.120709
vt 0.844322 0.429090
vt 0.850022 0.428329
vt 0.843610 0.375406
vt 0.478036 0.786661
vt 0.453084 0.842281
vt 0.478036 0.845128
vt 0.847345 0.120733
vt 0.851654 0.120709
vt 0.847345 0.066842
vt 0.141395 0.801615
vt 0.185993 0.845128
vt 0.185993 0.783959
vt 0.109312 0.809603
vt 0.103781 0.809341
vt 0.101538 0.835077
vt 0.111238 0.834663
vt 0.115838 0.812249
vt 0.112488 0.810974
vt 0.109312 0.809603
vt 0.101538 0.835077
vt 0.107069 0.835339
vt 0.115838 0.812249
vt 0.111238 0.834663
vt 0.113944 0.834598
vt 0.103781 0.861181
vt 0.107069 0.835339
vt 0.101538 0.835077
vt 0.113381 0.859812
vt 0.113944 0.834598
vt 0.111238 0.834663
vt 0.103781 0.861181
vt 0.109312 0.861443
vt 0.107069 0.835339
vt 0.113381 0.859812
vt 0.115838 0.858763
vt 0.113944 0.834598
vt 0.767712 0.637987
vt 0.767320 0.705777
vt 0.776604 0.706448
vt 0.792133 0.322674
vt 0.795516 0.381776
vt 0.802708 0.322490
vt 0.767712 0.637987
vt 0.776604 0.706448
vt 0.776604 0.633605
vt 0.399565 0.688394
vt 0.401938 0.692499
vt 0.428093 0.675520
vt 0.399565 0.688394
vt 0.428093 0.675520
vt 0.426511 0.672783
vt 0.401938 0.692499
vt 0.404783 0.698291
vt 0.430876 0.681376
vt 0.430876 0.681376
vt 0.428093 0.675520
vt 0.401938 0.692499
vt 0.001382 0.460089
vt 0.160392 0.434142
vt 0.005404 0.434142
vt 0.936493 0.302455
vt 0.928527 0.302546
vt 0.928326 0.337725
vt 0.711774 0.353044
vt 0.713367 0.388302
vt 0.721132 0.387397
vt 0.721132 0.387397
vt 0.718834 0.352221
vt 0.711774 0.353044
vt 0.928326 0.337725
vt 0.936292 0.337634
vt 0.936493 0.302455
vt 0.801828 0.225150
vt 0.846875 0.170361
vt 0.824236 0.164230
vt 0.395690 0.714606
vt 0.277574 0.650063
vt 0.277417 0.714606
vt 0.928527 0.302546
vt 0.909312 0.303465
vt 0.909312 0.337223
vt 0.909312 0.337223
vt 0.928326 0.337725
vt 0.928527 0.302546
vt 0.774086 0.279117
vt 0.782738 0.244243
vt 0.773400 0.243852
vt 0.782738 0.244243
vt 0.774086 0.279117
vt 0.783423 0.279508
vt 0.960635 0.805971
vt 0.964229 0.805971
vt 0.960635 0.795907
vt 0.964229 0.795907
vt 0.960635 0.795907
vt 0.964229 0.805971
vt 0.764130 0.537432
vt 0.768446 0.522337
vt 0.764133 0.522336
vt 0.768446 0.522337
vt 0.764130 0.537432
vt 0.768444 0.537432
vt 0.801828 0.225150
vt 0.836906 0.202638
vt 0.846875 0.170361
vt 0.321598 0.589950
vt 0.267214 0.625101
vt 0.279204 0.646082
vt 0.279204 0.646082
vt 0.308399 0.629126
vt 0.321598 0.589950
vt 0.773946 0.352595
vt 0.783130 0.318074
vt 0.775343 0.317373
vt 0.805971 0.170031
vt 0.798017 0.170472
vt 0.805445 0.205383
vt 0.790747 0.666455
vt 0.789417 0.631127
vt 0.780081 0.630719
vt 0.783130 0.318074
vt 0.773946 0.352595
vt 0.781025 0.353231
vt 0.780081 0.630719
vt 0.780692 0.666015
vt 0.790747 0.666455
vt 0.613452 0.055277
vt 0.548719 0.059585
vt 0.613452 0.194019
vt 0.796879 0.205858
vt 0.805445 0.205383
vt 0.798017 0.170472
vt 0.812325 0.666674
vt 0.812366 0.632858
vt 0.789417 0.631127
vt 0.789417 0.631127
vt 0.790747 0.666455
vt 0.812325 0.666674
vt 0.874495 0.490674
vt 0.857261 0.491752
vt 0.874495 0.538402
vt 0.001698 0.739134
vt 0.002864 0.800311
vt 0.025339 0.788892
vt 0.025339 0.788892
vt 0.040764 0.740541
vt 0.001698 0.739134
vt 0.124789 0.695028
vt 0.244002 0.693590
vt 0.124078 0.650458
vt 0.857261 0.535926
vt 0.874495 0.538402
vt 0.857261 0.491752
vt 0.712955 0.318898
vt 0.711774 0.353044
vt 0.718834 0.352221
vt 0.773400 0.312861
vt 0.783423 0.279508
vt 0.774086 0.279117
vt 0.337637 0.282253
vt 0.358935 0.282253
vt 0.355458 0.256609
vt 0.783423 0.279508
vt 0.773400 0.312861
vt 0.782738 0.313252
vt 0.836906 0.202638
vt 0.801828 0.225150
vt 0.848391 0.225150
vt 0.258625 0.983765
vt 0.264729 0.983056
vt 0.258625 0.976979
vt 0.323041 0.060366
vt 0.323041 0.009217
vt 0.316586 0.009047
vt 0.823918 0.638258
vt 0.817673 0.634795
vt 0.823918 0.693396
vt 0.316586 0.009047
vt 0.316586 0.060197
vt 0.323041 0.060366
vt 0.264729 0.976271
vt 0.258625 0.976979
vt 0.264729 0.983056
vt 0.879390 0.757623
vt 0.875100 0.757642
vt 0.879390 0.804315
vt 0.881666 0.048946
vt 0.882653 0.002233
vt 0.873413 0.002233
vt 0.873413 0.002233
vt 0.874559 0.048946
vt 0.881666 0.048946
vt 0.873875 0.804340
vt 0.879390 0.804315
vt 0.875100 0.757642
vt 0.239834 0.395217
vt 0.233364 0.395209
vt 0.233364 0.486185
vt 0.267569 0.743972
vt 0.267569 0.651957
vt 0.261112 0.651959
vt 0.233364 0.486185
vt 0.239834 0.486193
vt 0.239834 0.395217
vt 0.261112 0.651959
vt 0.261112 0.743974
vt 0.267569 0.743972
vt 0.747237 0.124976
vt 0.740773 0.124978
vt 0.747237 0.216991
vt 0.685239 0.049115
vt 0.658030 0.011837
vt 0.658030 0.081576
vt 0.138679 0.587347
vt 0.032751 0.552552
vt 0.002746 0.587348
vt 0.277574 0.650063
vt 0.395690 0.714606
vt 0.396460 0.650063
vt 0.740773 0.216992
vt 0.747237 0.216991
vt 0.740773 0.124978
vt 0.856548 0.001315
vt 0.850086 0.001443
vt 0.856548 0.053712
vt 0.817589 0.691523
vt 0.823918 0.693396
vt 0.817673 0.634795
vt 0.992445 0.231672
vt 0.986138 0.231672
vt 0.992499 0.237852
vt 0.598768 0.601858
vt 0.598768 0.550892
vt 0.592313 0.551065
vt 0.840233 0.375989
vt 0.834197 0.377202
vt 0.834281 0.433985
vt 0.592313 0.551065
vt 0.592313 0.602031
vt 0.598768 0.601858
vt 0.834281 0.433985
vt 0.840233 0.431179
vt 0.840233 0.375989
vt 0.659616 0.126863
vt 0.688327 0.102068
vt 0.682588 0.099002
vt 0.482930 0.053374
vt 0.479640 0.053721
vt 0.479508 0.090036
vt 0.688327 0.102068
vt 0.659616 0.126863
vt 0.665355 0.128508
vt 0.617459 0.178778
vt 0.652608 0.179467
vt 0.652608 0.058257
vt 0.652608 0.058257
vt 0.617459 0.051684
vt 0.617459 0.178778
vt 0.850086 0.053840
vt 0.856548 0.053712
vt 0.850086 0.001443
vt 0.986192 0.237852
vt 0.992499 0.237852
vt 0.986138 0.231672
vt 0.476632 0.092997
vt 0.479508 0.090036
vt 0.479640 0.053721
vt 0.429605 0.011877
vt 0.396017 0.138024
vt 0.429605 0.163225
vt 0.429605 0.163225
vt 0.396017 0.138024
vt 0.392412 0.162720
vt 0.854917 0.704449
vt 0.848455 0.704323
vt 0.854917 0.757026
vt 0.848455 0.756901
vt 0.854917 0.757026
vt 0.848455 0.704323
vt 0.860072 0.048568
vt 0.867969 0.001571
vt 0.860072 0.001193
vt 0.432353 0.689785
vt 0.424446 0.689775
vt 0.432353 0.776604
vt 0.124697 0.698688
vt 0.131930 0.705816
vt 0.179414 0.699677
vt 0.131825 0.780582
vt 0.131930 0.705816
vt 0.124697 0.698688
vt 0.124697 0.698688
vt 0.124697 0.786393
vt 0.131825 0.780582
vt 0.776604 0.403383
vt 0.769364 0.410514
vt 0.776604 0.491088
vt 0.721886 0.404371
vt 0.769364 0.410514
vt 0.776604 0.403383
vt 0.867969 0.001571
vt 0.860072 0.048568
vt 0.867969 0.048946
vt 0.424446 0.776594
vt 0.432353 0.776604
vt 0.424446 0.689775
vt 0.858445 0.735816
vt 0.866338 0.735336
vt 0.858445 0.688284
vt 0.610189 0.601976
vt 0.610189 0.527445
vt 0.602312 0.527501
vt 0.179467 0.706146
vt 0.179414 0.699677
vt 0.131930 0.705816
vt 0.602312 0.527501
vt 0.602312 0.602031
vt 0.610189 0.601976
vt 0.880839 0.433326
vt 0.887547 0.433985
vt 0.886937 0.388472
vt 0.718000 0.845483
vt 0.718000 0.890810
vt 0.724395 0.890678
vt 0.724395 0.890678
vt 0.724395 0.845350
vt 0.718000 0.845483
vt 0.886937 0.388472
vt 0.880839 0.387874
vt 0.880839 0.433326
vt 0.322499 0.796182
vt 0.367092 0.756717
vt 0.367092 0.718337
vt 0.522241 0.744526
vt 0.566577 0.700088
vt 0.521934 0.701605
vt 0.367092 0.718337
vt 0.322499 0.718000
vt 0.322499 0.796182
vt 0.373010 0.611871
vt 0.332460 0.633487
vt 0.396460 0.646082
vt 0.032751 0.552552
vt 0.138679 0.587347
vt 0.126295 0.550148
vt 0.866338 0.687805
vt 0.858445 0.688284
vt 0.866338 0.735336
vt 0.769470 0.485280
vt 0.776604 0.491088
vt 0.769364 0.410514
vt 0.769364 0.410514
vt 0.721886 0.404371
vt 0.721833 0.410841
vt 0.882738 0.766616
vt 0.889179 0.766815
vt 0.882738 0.721101
vt 0.888462 0.854348
vt 0.889179 0.808874
vt 0.881296 0.809500
vt 0.881296 0.809500
vt 0.881296 0.854917
vt 0.888462 0.854348
vt 0.889179 0.721300
vt 0.882738 0.721101
vt 0.889179 0.766815
vt 0.906346 0.433206
vt 0.894125 0.433206
vt 0.893467 0.476404
vt 0.893467 0.476404
vt 0.907126 0.476404
vt 0.906346 0.433206
vt 0.992608 0.201217
vt 0.986138 0.201217
vt 0.986138 0.205530
vt 0.986138 0.205530
vt 0.992608 0.205530
vt 0.992608 0.201217
vt 0.982516 0.846414
vt 0.982567 0.839970
vt 0.974691 0.839970
vt 0.974691 0.839970
vt 0.974640 0.846414
vt 0.982516 0.846414
vt 0.308399 0.629126
vt 0.332460 0.633487
vt 0.321598 0.589950
vt 0.332460 0.633487
vt 0.373010 0.611871
vt 0.321598 0.589950
vt 0.879390 0.881021
vt 0.877953 0.834218
vt 0.872923 0.834063
vt 0.872923 0.834063
vt 0.872923 0.880823
vt 0.879390 0.881021
vt 0.619678 0.982836
vt 0.619678 0.976271
vt 0.614408 0.976788
vt 0.614408 0.976788
vt 0.614408 0.983353
vt 0.619678 0.982836
vt 0.775725 0.386670
vt 0.781025 0.353231
vt 0.773946 0.352595
vt 0.929967 0.483384
vt 0.920209 0.484393
vt 0.929270 0.514624
vt 0.789417 0.696659
vt 0.790747 0.666455
vt 0.780692 0.666015
vt 0.781025 0.353231
vt 0.775725 0.386670
vt 0.783130 0.383728
vt 0.780692 0.666015
vt 0.780081 0.696251
vt 0.789417 0.696659
vt 0.920209 0.515561
vt 0.929270 0.514624
vt 0.920209 0.484393
vt 0.812497 0.695493
vt 0.812325 0.666674
vt 0.790747 0.666455
vt 0.790747 0.666455
vt 0.789417 0.696659
vt 0.812497 0.695493
vt 0.665355 0.128508
vt 0.659616 0.129706
vt 0.688327 0.156085
vt 0.377455 0.192084
vt 0.370753 0.226215
vt 0.518112 0.192084
vt 0.309470 0.862250
vt 0.320924 0.907126
vt 0.354040 0.862250
vt 0.682588 0.158705
vt 0.688327 0.156085
vt 0.659616 0.129706
vt 0.679701 0.160338
vt 0.682588 0.158705
vt 0.659616 0.129706
vt 0.656010 0.129207
vt 0.679701 0.160338
vt 0.659616 0.129706
vt 0.871232 0.683607
vt 0.870737 0.637678
vt 0.857925 0.635337
vt 0.163884 0.398998
vt 0.008763 0.398998
vt 0.039068 0.430705
vt 0.039068 0.430705
vt 0.008763 0.398998
vt 0.013407 0.430003
vt 0.322499 0.796182
vt 0.367092 0.795808
vt 0.367092 0.756717
vt 0.396017 0.138024
vt 0.429605 0.011877
vt 0.393013 0.042290
vt 0.136898 0.430719
vt 0.163884 0.398998
vt 0.039068 0.430705
vt 0.688327 0.156085
vt 0.682588 0.158705
vt 0.704817 0.183158
vt 0.518238 0.226215
vt 0.518112 0.192084
vt 0.370753 0.226215
vt 0.518824 0.254517
vt 0.518238 0.226215
vt 0.370753 0.226215
vt 0.370753 0.226215
vt 0.361779 0.254517
vt 0.518824 0.254517
vt 0.709833 0.976711
vt 0.704869 0.982862
vt 0.709833 0.983301
vt 0.682588 0.158705
vt 0.679701 0.160338
vt 0.699072 0.185886
vt 0.699072 0.185886
vt 0.704817 0.183158
vt 0.682588 0.158705
vt 0.704869 0.982862
vt 0.709833 0.976711
vt 0.704869 0.976271
vt 0.548719 0.059585
vt 0.511394 0.086193
vt 0.508518 0.182522
vt 0.548719 0.199046
vt 0.613452 0.194019
vt 0.548719 0.059585
vt 0.508518 0.182522
vt 0.548719 0.199046
vt 0.548719 0.059585
vt 0.008763 0.398998
vt 0.163884 0.398998
vt 0.001630 0.372341
vt 0.694741 0.187625
vt 0.699072 0.185886
vt 0.679701 0.160338
vt 0.515858 0.811604
vt 0.510494 0.811331
vt 0.518824 0.836997
vt 0.651359 0.630377
vt 0.518539 0.652608
vt 0.650565 0.652608
vt 0.513174 0.837375
vt 0.518824 0.836997
vt 0.510494 0.811331
vt 0.510816 0.837347
vt 0.513174 0.837375
vt 0.510494 0.811331
vt 0.508508 0.812244
vt 0.510816 0.837347
vt 0.510494 0.811331
vt 0.002864 0.800311
vt 0.001698 0.812497
vt 0.025339 0.788892
vt 0.959585 0.425827
vt 0.967492 0.425827
vt 0.967492 0.414325
vt 0.136177 0.786296
vt 0.131825 0.780582
vt 0.124697 0.786393
vt 0.967492 0.414325
vt 0.959585 0.414325
vt 0.959585 0.425827
vt 0.776604 0.491088
vt 0.769470 0.485280
vt 0.765114 0.490996
vt 0.974699 0.821282
vt 0.982545 0.814598
vt 0.974640 0.814598
vt 0.882452 0.099087
vt 0.889179 0.099523
vt 0.888567 0.054077
vt 0.032765 0.355403
vt 0.038446 0.310284
vt 0.032765 0.310045
vt 0.888567 0.054077
vt 0.882452 0.053681
vt 0.882452 0.099087
vt 0.437095 0.778631
vt 0.481739 0.779867
vt 0.437401 0.728265
vt 0.982545 0.814598
vt 0.974699 0.821282
vt 0.982605 0.821282
vt 0.890810 0.001592
vt 0.885085 0.001775
vt 0.884369 0.047314
vt 0.884369 0.047314
vt 0.890810 0.047108
vt 0.890810 0.001592
vt 0.832991 0.888610
vt 0.833707 0.843105
vt 0.825824 0.843731
vt 0.038446 0.310284
vt 0.032765 0.355403
vt 0.039157 0.355672
vt 0.825824 0.843731
vt 0.825824 0.889179
vt 0.832991 0.888610
vt 0.570171 0.782194
vt 0.563472 0.832076
vt 0.600400 0.816987
vt 0.600400 0.816987
vt 0.600400 0.769192
vt 0.570171 0.782194
vt 0.752702 0.190888
vt 0.770078 0.102872
vt 0.752702 0.100669
vt 0.785663 0.380267
vt 0.795516 0.381776
vt 0.792133 0.322674
vt 0.698624 0.092155
vt 0.693736 0.158258
vt 0.701554 0.158258
vt 0.792133 0.322674
vt 0.785663 0.316328
vt 0.785663 0.380267
vt 0.001844 0.517713
vt 0.001844 0.584084
vt 0.008158 0.576020
vt 0.177658 0.517403
vt 0.174061 0.525334
vt 0.261043 0.525350
vt 0.261043 0.525350
vt 0.257452 0.517417
vt 0.177658 0.517403
vt 0.757584 0.447524
vt 0.678105 0.447524
vt 0.763552 0.511521
vt 0.770078 0.102872
vt 0.752702 0.190888
vt 0.770078 0.189511
vt 0.325752 0.073765
vt 0.336093 0.008163
vt 0.326047 0.007570
vt 0.336093 0.008163
vt 0.325752 0.073765
vt 0.336093 0.081576
vt 0.108939 0.368724
vt 0.059726 0.360592
vt 0.059788 0.368469
vt 0.059726 0.360592
vt 0.108939 0.368724
vt 0.108877 0.360847
vt 0.386669 0.900113
vt 0.386670 0.857215
vt 0.369296 0.858617
vt 0.369296 0.858617
vt 0.369296 0.902231
vt 0.386669 0.900113
vt 0.230044 0.403548
vt 0.221481 0.404069
vt 0.230044 0.469878
vt 0.502508 0.113299
vt 0.494698 0.179121
vt 0.502508 0.179467
vt 0.783130 0.095346
vt 0.774543 0.095655
vt 0.775070 0.164038
vt 0.239615 0.779867
vt 0.249623 0.771760
vt 0.239615 0.715379
vt 0.775070 0.164038
vt 0.783130 0.168047
vt 0.783130 0.095346
vt 0.804539 0.626151
vt 0.848391 0.644451
vt 0.848391 0.583351
vt 0.848391 0.583351
vt 0.807693 0.586419
vt 0.804539 0.626151
vt 0.144410 0.622968
vt 0.154994 0.557336
vt 0.144951 0.556703
vt 0.267569 0.754569
vt 0.260827 0.748559
vt 0.260827 0.812497
vt 0.022507 0.286037
vt 0.022507 0.352409
vt 0.029367 0.344551
vt 0.674765 0.511521
vt 0.763552 0.511521
vt 0.678105 0.447524
vt 0.154994 0.557336
vt 0.144410 0.622968
vt 0.154994 0.626504
vt 0.244728 0.650458
vt 0.124078 0.650458
vt 0.244002 0.693590
vt 0.178586 0.360592
vt 0.108877 0.360847
vt 0.108939 0.368724
vt 0.613486 0.448269
vt 0.278530 0.455674
vt 0.604364 0.517460
vt 0.108939 0.368724
vt 0.178648 0.368469
vt 0.178586 0.360592
vt 0.867969 0.913652
vt 0.865846 0.875596
vt 0.853003 0.873349
vt 0.875327 0.181099
vt 0.887547 0.181099
vt 0.886867 0.135150
vt 0.853003 0.873349
vt 0.853003 0.913319
vt 0.867969 0.913652
vt 0.886867 0.135150
vt 0.876084 0.135150
vt 0.875327 0.181099
vt 0.905494 0.482369
vt 0.892508 0.525350
vt 0.904729 0.525350
vt 0.674765 0.511521
vt 0.719552 0.545048
vt 0.763552 0.511521
vt 0.763552 0.511521
vt 0.719552 0.545048
vt 0.755961 0.553086
vt 0.428093 0.675520
vt 0.430876 0.681376
vt 0.458222 0.658144
vt 0.456871 0.652288
vt 0.426511 0.672783
vt 0.428093 0.675520
vt 0.458222 0.658144
vt 0.456871 0.652288
vt 0.428093 0.675520
vt 0.908757 0.871063
vt 0.906168 0.907175
vt 0.908757 0.910389
vt 0.392412 0.018379
vt 0.393013 0.042290
vt 0.429605 0.011877
vt 0.272017 0.949526
vt 0.259844 0.949526
vt 0.258860 0.964229
vt 0.258860 0.964229
vt 0.272464 0.964229
vt 0.272017 0.949526
vt 0.877758 0.387075
vt 0.864885 0.389060
vt 0.877758 0.433985
vt 0.862748 0.433568
vt 0.877758 0.433985
vt 0.864885 0.389060
vt 0.892508 0.525350
vt 0.905494 0.482369
vt 0.891836 0.482369
vt 0.803790 0.826455
vt 0.840233 0.841865
vt 0.834202 0.792232
vt 0.834202 0.792232
vt 0.803790 0.779035
vt 0.803790 0.826455
vt 0.719552 0.545048
vt 0.674765 0.511521
vt 0.680062 0.553086
vt 0.488240 0.675520
vt 0.459736 0.652288
vt 0.458222 0.658144
vt 0.485294 0.681376
vt 0.488240 0.675520
vt 0.458222 0.658144
vt 0.459736 0.652288
vt 0.488240 0.675520
vt 0.489522 0.672783
vt 0.132487 0.903690
vt 0.135416 0.931598
vt 0.135416 0.901491
vt 0.488240 0.675520
vt 0.485294 0.681376
vt 0.514354 0.692499
vt 0.515561 0.688394
vt 0.489522 0.672783
vt 0.488240 0.675520
vt 0.488240 0.675520
vt 0.514354 0.692499
vt 0.515561 0.688394
vt 0.858096 0.280800
vt 0.852492 0.280824
vt 0.855568 0.307057
vt 0.858096 0.280800
vt 0.855568 0.307057
vt 0.857648 0.306767
vt 0.858096 0.280800
vt 0.857648 0.306767
vt 0.859812 0.281459
vt 0.518539 0.652608
vt 0.651359 0.630377
vt 0.519333 0.630377
vt 0.852492 0.280824
vt 0.849675 0.306425
vt 0.855568 0.307057
vt 0.511471 0.698291
vt 0.514354 0.692499
vt 0.485294 0.681376
vt 0.889179 0.512298
vt 0.889179 0.466577
vt 0.872629 0.476840
vt 0.169678 0.372341
vt 0.001630 0.372341
vt 0.163884 0.398998
vt 0.842485 0.775096
vt 0.843503 0.748239
vt 0.840410 0.747741
vt 0.367872 0.210466
vt 0.370355 0.208561
vt 0.367872 0.186584
vt 0.809094 0.034569
vt 0.833768 0.033872
vt 0.835339 0.002254
vt 0.302784 0.863734
vt 0.307114 0.886112
vt 0.309989 0.886072
vt 0.835339 0.002254
vt 0.809164 0.002944
vt 0.809094 0.034569
vt 0.843503 0.748239
vt 0.842485 0.775096
vt 0.845128 0.775308
vt 0.300647 0.865978
vt 0.301365 0.886191
vt 0.307114 0.886112
vt 0.719308 0.302494
vt 0.719365 0.306072
vt 0.756715 0.354207
vt 0.010182 0.358935
vt 0.013052 0.266919
vt 0.010182 0.264763
vt 0.719308 0.302494
vt 0.756715 0.354207
vt 0.760289 0.353782
vt 0.001502 0.734184
vt 0.063657 0.733626
vt 0.063673 0.640892
vt 0.063673 0.640892
vt 0.001519 0.640013
vt 0.001502 0.734184
vt 0.840410 0.804340
vt 0.845128 0.775308
vt 0.842485 0.775096
vt 0.833768 0.033872
vt 0.809094 0.034569
vt 0.808800 0.066892
vt 0.808800 0.066892
vt 0.833442 0.066193
vt 0.833768 0.033872
vt 0.809234 0.730536
vt 0.803554 0.731400
vt 0.801080 0.763552
vt 0.834827 0.103032
vt 0.811380 0.071412
vt 0.787469 0.103024
vt 0.787981 0.135408
vt 0.834827 0.103032
vt 0.787469 0.103024
vt 0.801080 0.763552
vt 0.806173 0.763510
vt 0.809234 0.730536
vt 0.845128 0.775308
vt 0.840410 0.804340
vt 0.842420 0.804285
vt 0.362198 0.960552
vt 0.352958 0.970755
vt 0.362198 0.970111
vt 0.737447 0.193869
vt 0.727390 0.192327
vt 0.737447 0.289821
vt 0.257780 0.747234
vt 0.257780 0.650187
vt 0.247735 0.650190
vt 0.247735 0.650190
vt 0.247735 0.747237
vt 0.257780 0.747234
vt 0.352958 0.970755
vt 0.362198 0.960552
vt 0.352958 0.962561
vt 0.272464 0.380462
vt 0.263846 0.380464
vt 0.272464 0.479666
vt 0.727390 0.290411
vt 0.737447 0.289821
vt 0.727390 0.192327
vt 0.577259 0.297868
vt 0.587348 0.199757
vt 0.577259 0.201205
vt 0.263846 0.479667
vt 0.272464 0.479666
vt 0.263846 0.380464
vt 0.587348 0.199757
vt 0.577259 0.297868
vt 0.587348 0.298568
vt 0.300647 0.906424
vt 0.307114 0.886112
vt 0.301365 0.886191
vt 0.300647 0.906424
vt 0.309989 0.886072
vt 0.307114 0.886112
vt 0.690846 0.270832
vt 0.693396 0.245598
vt 0.690846 0.244237
vt 0.809164 0.002944
vt 0.783632 0.002254
vt 0.809094 0.034569
vt 0.253235 0.818163
vt 0.257780 0.791740
vt 0.254679 0.792026
vt 0.517192 0.742063
vt 0.509039 0.772652
vt 0.514745 0.773650
vt 0.784934 0.033872
vt 0.809094 0.034569
vt 0.783632 0.002254
vt 0.257780 0.791740
vt 0.253235 0.818163
vt 0.255817 0.818152
vt 0.952148 0.654240
vt 0.959334 0.640659
vt 0.952148 0.640758
vt 0.566138 0.585684
vt 0.558949 0.585675
vt 0.558949 0.602022
vt 0.649345 0.959330
vt 0.649345 0.942796
vt 0.633560 0.942800
vt 0.558949 0.602022
vt 0.566138 0.602031
vt 0.566138 0.585684
vt 0.633560 0.942800
vt 0.633560 0.959334
vt 0.649345 0.959330
vt 0.622663 0.603663
vt 0.628136 0.603574
vt 0.622663 0.593182
vt 0.682213 0.955272
vt 0.682213 0.967492
vt 0.688502 0.967478
vt 0.688502 0.967478
vt 0.688502 0.955257
vt 0.682213 0.955272
vt 0.959334 0.640659
vt 0.952148 0.654240
vt 0.959334 0.654141
vt 0.606926 0.944429
vt 0.591126 0.944432
vt 0.606926 0.960963
vt 0.024473 0.514745
vt 0.018917 0.514763
vt 0.024473 0.526963
vt 0.628136 0.593093
vt 0.622663 0.593182
vt 0.628136 0.603574
vt 0.232673 0.368724
vt 0.239834 0.352198
vt 0.232673 0.352255
vt 0.591126 0.960966
vt 0.606926 0.960963
vt 0.591126 0.944432
vt 0.239834 0.352198
vt 0.232673 0.368724
vt 0.239834 0.368667
vt 0.383407 0.932646
vt 0.366365 0.952808
vt 0.383407 0.952067
vt 0.002427 0.952789
vt 0.014684 0.952808
vt 0.014684 0.933424
vt 0.001202 0.933404
vt 0.002427 0.952789
vt 0.014684 0.933424
vt 0.809094 0.034569
vt 0.784934 0.033872
vt 0.808800 0.066892
vt 0.366365 0.952808
vt 0.383407 0.932646
vt 0.367998 0.938353
vt 0.737772 0.017947
vt 0.752131 0.017224
vt 0.752131 0.002847
vt 0.737772 0.017947
vt 0.752131 0.002847
vt 0.737772 0.002132
vt 0.636293 0.181578
vt 0.621931 0.181376
vt 0.636293 0.197414
vt 0.948883 0.696659
vt 0.956071 0.696659
vt 0.956071 0.680844
vt 0.956071 0.680844
vt 0.948883 0.680844
vt 0.948883 0.696659
vt 0.621931 0.197213
vt 0.636293 0.197414
vt 0.621931 0.181376
vt 0.926704 0.949545
vt 0.925105 0.935082
vt 0.909534 0.929419
vt 0.909534 0.929419
vt 0.909534 0.948832
vt 0.926704 0.949545
vt 0.958244 0.605294
vt 0.964229 0.605087
vt 0.958244 0.593121
vt 0.018917 0.526981
vt 0.024473 0.526963
vt 0.018917 0.514763
vt 0.482930 0.109312
vt 0.482930 0.097092
vt 0.477180 0.097085
vt 0.477180 0.097085
vt 0.477180 0.109306
vt 0.482930 0.109312
vt 0.964229 0.592914
vt 0.958244 0.593121
vt 0.964229 0.605087
vt 0.512072 0.805795
vt 0.514745 0.773650
vt 0.509039 0.772652
vt 0.834827 0.103032
vt 0.787981 0.135408
vt 0.835339 0.135416
vt 0.255756 0.846580
vt 0.255817 0.818152
vt 0.253235 0.818163
vt 0.514745 0.773650
vt 0.512072 0.805795
vt 0.517192 0.805971
vt 0.784607 0.066193
vt 0.808800 0.066892
vt 0.784934 0.033872
vt 0.255817 0.818152
vt 0.255756 0.846580
vt 0.257780 0.846759
vt 0.331394 0.961312
vt 0.328630 0.966033
vt 0.337725 0.962829
vt 0.328630 0.966033
vt 0.331662 0.970755
vt 0.337725 0.962829
vt 0.337725 0.968620
vt 0.337725 0.962829
vt 0.331662 0.970755
vt 0.019578 0.280687
vt 0.016776 0.282676
vt 0.019578 0.352409
vt 0.019578 0.352409
vt 0.016776 0.282676
vt 0.016984 0.350060
vt 0.063673 0.640892
vt 0.063657 0.733626
vt 0.120716 0.734184
vt 0.342619 0.006983
vt 0.339749 0.009140
vt 0.342619 0.101154
vt 0.120733 0.640013
vt 0.063673 0.640892
vt 0.120716 0.734184
vt 0.301911 0.976271
vt 0.298965 0.976359
vt 0.298965 0.983832
vt 0.948295 0.479667
vt 0.951177 0.462505
vt 0.948295 0.462609
vt 0.298965 0.983832
vt 0.301204 0.983616
vt 0.301911 0.976271
vt 0.181099 0.710406
vt 0.172449 0.710404
vt 0.181099 0.727658
vt 0.954440 0.595505
vt 0.954440 0.578252
vt 0.945742 0.578249
vt 0.951177 0.462505
vt 0.948295 0.479667
vt 0.950458 0.479562
vt 0.945742 0.578249
vt 0.945785 0.595504
vt 0.954440 0.595505
vt 0.515517 0.675450
vt 0.520455 0.675197
vt 0.515517 0.660291
vt 0.936042 0.366401
vt 0.936042 0.381510
vt 0.949545 0.381685
vt 0.949545 0.381685
vt 0.949545 0.366576
vt 0.936042 0.366401
vt 0.172449 0.727657
vt 0.181099 0.727658
vt 0.172449 0.710404
vt 0.520455 0.660038
vt 0.515517 0.660291
vt 0.520455 0.675197
vt 0.756715 0.354207
vt 0.719365 0.306072
vt 0.712897 0.306161
vt 0.770078 0.286414
vt 0.763608 0.286406
vt 0.763608 0.375250
vt 0.712897 0.306161
vt 0.750247 0.354296
vt 0.756715 0.354207
vt 0.654255 0.633866
vt 0.743974 0.693546
vt 0.743394 0.633866
vt 0.763608 0.375250
vt 0.770078 0.374547
vt 0.770078 0.286414
vt 0.566577 0.700088
vt 0.522241 0.744526
vt 0.602031 0.745266
vt 0.986138 0.414823
vt 0.986690 0.420522
vt 0.992318 0.414823
vt 0.936042 0.381510
vt 0.939524 0.386588
vt 0.945920 0.386670
vt 0.936042 0.381510
vt 0.945920 0.386670
vt 0.949545 0.381685
vt 0.992275 0.419728
vt 0.992318 0.414823
vt 0.986690 0.420522
vt 0.728391 0.308187
vt 0.734184 0.293193
vt 0.728391 0.293023
vt 0.975177 0.034528
vt 0.983296 0.036737
vt 0.983833 0.034528
vt 0.983296 0.036737
vt 0.975177 0.034528
vt 0.974640 0.036737
vt 0.734184 0.293193
vt 0.728391 0.308187
vt 0.734184 0.308357
vt 0.992609 0.160920
vt 0.992608 0.155893
vt 0.986138 0.155893
vt 0.986138 0.155893
vt 0.986139 0.160920
vt 0.992609 0.160920
vt 0.712086 0.979799
vt 0.715632 0.983370
vt 0.715632 0.976271
vt 0.242595 0.980618
vt 0.246045 0.983951
vt 0.246045 0.976271
vt 0.010182 0.358935
vt 0.013052 0.356777
vt 0.013052 0.266919
vt 0.562135 0.786393
vt 0.602031 0.745266
vt 0.522241 0.744526
vt 0.522241 0.744526
vt 0.521934 0.784976
vt 0.562135 0.786393
vt 0.621610 0.944962
vt 0.609353 0.944962
vt 0.610164 0.959334
vt 0.759752 0.001685
vt 0.777710 0.021824
vt 0.774122 0.001811
vt 0.610164 0.959334
vt 0.621194 0.959334
vt 0.621610 0.944962
vt 0.712897 0.402986
vt 0.756715 0.354207
vt 0.750247 0.354296
vt 0.743974 0.693546
vt 0.654255 0.633866
vt 0.653397 0.693546
vt 0.743974 0.693546
vt 0.653397 0.693546
vt 0.654283 0.747237
vt 0.654283 0.747237
vt 0.743423 0.747237
vt 0.743974 0.693546
vt 0.745523 0.576792
vt 0.763552 0.556729
vt 0.749167 0.556779
vt 0.756715 0.354207
vt 0.712897 0.402986
vt 0.719365 0.402897
vt 0.777710 0.021824
vt 0.764058 0.021699
vt 0.779867 0.046703
vt 0.759752 0.001685
vt 0.764058 0.021699
vt 0.777710 0.021824
vt 0.763455 0.673539
vt 0.749092 0.673542
vt 0.763552 0.698708
vt 0.749618 0.653396
vt 0.749092 0.673542
vt 0.763455 0.673539
vt 0.766215 0.046578
vt 0.779867 0.046703
vt 0.764058 0.021699
vt 0.763455 0.673539
vt 0.762545 0.653394
vt 0.749618 0.653396
vt 0.749189 0.698710
vt 0.763552 0.698708
vt 0.749092 0.673542
vt 0.743375 0.601870
vt 0.757044 0.601826
vt 0.759192 0.576748
vt 0.759192 0.576748
vt 0.763552 0.556729
vt 0.745523 0.576792
vt 0.759192 0.576748
vt 0.745523 0.576792
vt 0.743375 0.601870
vt 0.182542 0.976271
vt 0.180333 0.976701
vt 0.180333 0.984080
vt 0.043526 0.801074
vt 0.045683 0.784019
vt 0.043520 0.784124
vt 0.180333 0.984080
vt 0.182542 0.983650
vt 0.182542 0.976271
vt 0.801077 0.803402
vt 0.792427 0.803402
vt 0.800361 0.820655
vt 0.758657 0.213729
vt 0.758657 0.196476
vt 0.750003 0.196476
vt 0.043526 0.801074
vt 0.045683 0.801077
vt 0.045683 0.784019
vt 0.750003 0.196476
vt 0.750003 0.213728
vt 0.758657 0.213729
vt 0.792429 0.820655
vt 0.800361 0.820655
vt 0.792427 0.803402
vt 0.045634 0.753763
vt 0.050577 0.753632
vt 0.045634 0.738582
vt 0.950662 0.409512
vt 0.951177 0.394404
vt 0.937868 0.409512
vt 0.050577 0.738452
vt 0.045634 0.738582
vt 0.050577 0.753632
vt 0.916505 0.976271
vt 0.910780 0.976271
vt 0.910974 0.982902
vt 0.910974 0.982902
vt 0.916003 0.982829
vt 0.916505 0.976271
vt 0.951177 0.394404
vt 0.946919 0.389372
vt 0.936962 0.394404
vt 0.936962 0.394404
vt 0.937868 0.409512
vt 0.951177 0.394404
vt 0.986138 0.823483
vt 0.991891 0.818423
vt 0.986140 0.818423
vt 0.946919 0.389372
vt 0.941233 0.389372
vt 0.936962 0.394404
vt 0.991891 0.818423
vt 0.986138 0.823483
vt 0.991889 0.823483
vt 0.678144 0.976765
vt 0.673926 0.976271
vt 0.673926 0.982836
vt 0.673926 0.982836
vt 0.678698 0.983332
vt 0.678144 0.976765
vt 0.513030 0.716067
vt 0.518824 0.701067
vt 0.513030 0.700897
vt 0.983296 0.590553
vt 0.983117 0.588404
vt 0.975177 0.588345
vt 0.983296 0.590553
vt 0.975177 0.588345
vt 0.974640 0.590553
vt 0.518824 0.701067
vt 0.513030 0.716067
vt 0.518824 0.716238
vt 0.517192 0.726769
vt 0.437401 0.728265
vt 0.481739 0.779867
vt 0.657692 0.115837
vt 0.664168 0.115838
vt 0.701554 0.058329
vt 0.701554 0.058329
vt 0.695078 0.058328
vt 0.657692 0.115837
vt 0.168724 0.444557
vt 0.171310 0.447037
vt 0.171310 0.377445
vt 0.484562 0.812649
vt 0.480819 0.810516
vt 0.480185 0.857338
vt 0.306726 0.832566
vt 0.264405 0.805524
vt 0.265101 0.857905
vt 0.480185 0.857338
vt 0.484562 0.859812
vt 0.484562 0.812649
vt 0.265101 0.857905
vt 0.306702 0.861443
vt 0.306726 0.832566
vt 0.895705 0.288123
vt 0.894866 0.246362
vt 0.892922 0.246005
vt 0.312455 0.802401
vt 0.311725 0.829819
vt 0.355672 0.798573
vt 0.892922 0.288779
vt 0.895705 0.288123
vt 0.892922 0.246005
vt 0.437401 0.728265
vt 0.517192 0.726769
vt 0.477297 0.678601
vt 0.477297 0.678601
vt 0.437095 0.680799
vt 0.437401 0.728265
vt 0.779867 0.046703
vt 0.766215 0.046578
vt 0.764058 0.071451
vt 0.764058 0.071451
vt 0.777710 0.071577
vt 0.779867 0.046703
vt 0.763552 0.698708
vt 0.749189 0.698710
vt 0.763455 0.723860
vt 0.749092 0.723862
vt 0.763455 0.723860
vt 0.749189 0.698710
vt 0.743375 0.601870
vt 0.759192 0.626870
vt 0.757044 0.601826
vt 0.777710 0.071577
vt 0.764058 0.071451
vt 0.774122 0.091365
vt 0.763455 0.723860
vt 0.749092 0.723862
vt 0.762545 0.743971
vt 0.759752 0.091239
vt 0.774122 0.091365
vt 0.764058 0.071451
vt 0.749618 0.743974
vt 0.762545 0.743971
vt 0.749092 0.723862
vt 0.749167 0.647714
vt 0.763552 0.646948
vt 0.759192 0.626870
vt 0.759192 0.626870
vt 0.743375 0.601870
vt 0.745523 0.627630
vt 0.759192 0.626870
vt 0.745523 0.627630
vt 0.749167 0.647714
vt 0.696967 0.949852
vt 0.697692 0.964229
vt 0.710632 0.964223
vt 0.696967 0.949852
vt 0.710632 0.964223
vt 0.711343 0.949852
vt 0.664168 0.002256
vt 0.657692 0.002255
vt 0.695078 0.058328
vt 0.701554 0.058329
vt 0.664168 0.002256
vt 0.695078 0.058328
vt 0.905494 0.628111
vt 0.898754 0.628191
vt 0.904881 0.670482
vt 0.903863 0.578892
vt 0.897472 0.621609
vt 0.903863 0.621322
vt 0.377635 0.756801
vt 0.417669 0.717039
vt 0.377635 0.718135
vt 0.900688 0.136748
vt 0.907126 0.137048
vt 0.907126 0.094947
vt 0.898754 0.670555
vt 0.904881 0.670482
vt 0.898754 0.628191
vt 0.907126 0.094947
vt 0.900688 0.094647
vt 0.900688 0.136748
vt 0.893420 0.764818
vt 0.900600 0.722729
vt 0.892702 0.722326
vt 0.897472 0.621609
vt 0.903863 0.578892
vt 0.897472 0.579179
vt 0.900600 0.722729
vt 0.893420 0.764818
vt 0.900600 0.765183
vt 0.325814 0.983783
vt 0.328041 0.976431
vt 0.325814 0.976271
vt 0.861443 0.274096
vt 0.861416 0.256840
vt 0.852893 0.256840
vt 0.852893 0.256840
vt 0.852876 0.274093
vt 0.861443 0.274096
vt 0.328041 0.976431
vt 0.325814 0.983783
vt 0.328627 0.983195
vt 0.755394 0.315573
vt 0.747527 0.315578
vt 0.755394 0.332826
vt 0.374640 0.717440
vt 0.370289 0.717187
vt 0.370289 0.732366
vt 0.370289 0.732366
vt 0.375250 0.732553
vt 0.374640 0.717440
vt 0.949545 0.637759
vt 0.935944 0.637475
vt 0.935944 0.652324
vt 0.935944 0.652324
vt 0.949545 0.652608
vt 0.949545 0.637759
vt 0.744952 0.882653
vt 0.747237 0.865469
vt 0.744372 0.865469
vt 0.747527 0.332830
vt 0.755394 0.332826
vt 0.747527 0.315578
vt 0.747237 0.865469
vt 0.744952 0.882653
vt 0.747101 0.882653
vt 0.417669 0.717039
vt 0.377635 0.756801
vt 0.377635 0.796182
vt 0.417669 0.717039
vt 0.377635 0.796182
vt 0.417669 0.795801
vt 0.986187 0.479371
vt 0.986138 0.484921
vt 0.992282 0.484251
vt 0.992282 0.484251
vt 0.991793 0.479371
vt 0.986187 0.479371
vt 0.946031 0.632673
vt 0.939588 0.632538
vt 0.935944 0.637475
vt 0.949545 0.637759
vt 0.946031 0.632673
vt 0.935944 0.637475
vt 0.941387 0.910331
vt 0.941387 0.895082
vt 0.936304 0.895082
vt 0.936304 0.895082
vt 0.935593 0.910229
vt 0.941387 0.910331
vt 0.983296 0.595015
vt 0.982759 0.592807
vt 0.974819 0.592866
vt 0.974819 0.592866
vt 0.974640 0.595015
vt 0.983296 0.595015
vt 0.986139 0.148613
vt 0.986139 0.153640
vt 0.992608 0.148613
vt 0.992609 0.153640
vt 0.992608 0.148613
vt 0.986139 0.153640
vt 0.935704 0.914572
vt 0.940686 0.915283
vt 0.941387 0.910331
vt 0.941387 0.910331
vt 0.935593 0.910229
vt 0.935704 0.914572
vt 0.763633 0.281588
vt 0.770078 0.192750
vt 0.763633 0.192801
vt 0.770078 0.192750
vt 0.763633 0.281588
vt 0.770078 0.282253
vt 0.339749 0.009140
vt 0.339749 0.098998
vt 0.342619 0.101154
vt 0.472127 0.983670
vt 0.474329 0.976642
vt 0.472127 0.976271
vt 0.766815 0.398086
vt 0.766815 0.380833
vt 0.758248 0.380838
vt 0.758248 0.380838
vt 0.758248 0.398091
vt 0.766815 0.398086
vt 0.474329 0.976642
vt 0.472127 0.983670
vt 0.474269 0.983431
vt 0.956071 0.023531
vt 0.948204 0.023535
vt 0.956071 0.040784
vt 0.947397 0.548191
vt 0.949545 0.530989
vt 0.947397 0.531006
vt 0.948204 0.040788
vt 0.956071 0.040784
vt 0.948204 0.023535
vt 0.949545 0.530989
vt 0.947397 0.548191
vt 0.949545 0.548174
vt 0.953829 0.759899
vt 0.949485 0.759540
vt 0.949485 0.774664
vt 0.949485 0.774664
vt 0.954440 0.774972
vt 0.953829 0.759899
vt 0.938894 0.223239
vt 0.952808 0.238084
vt 0.951782 0.223239
vt 0.837770 0.976441
vt 0.832223 0.976271
vt 0.837770 0.983035
vt 0.832921 0.982811
vt 0.837770 0.983035
vt 0.832223 0.976271
vt 0.938488 0.238084
vt 0.948552 0.243097
vt 0.952808 0.238084
vt 0.952808 0.238084
vt 0.938894 0.223239
vt 0.938488 0.238084
vt 0.986138 0.825736
vt 0.986142 0.830731
vt 0.991893 0.830731
vt 0.991893 0.830731
vt 0.991889 0.825736
vt 0.986138 0.825736
vt 0.938488 0.238084
vt 0.942823 0.243097
vt 0.948552 0.243097
vt 0.937237 0.597137
vt 0.942320 0.597136
vt 0.937224 0.592089
vt 0.943019 0.592190
vt 0.937224 0.592089
vt 0.942320 0.597136
vt 0.311725 0.829819
vt 0.312455 0.856263
vt 0.354939 0.828896
vt 0.354939 0.828896
vt 0.355672 0.798573
vt 0.311725 0.829819
vt 0.943019 0.592190
vt 0.943019 0.576935
vt 0.937936 0.576935
vt 0.937936 0.576935
vt 0.937224 0.592089
vt 0.943019 0.592190
vt 0.983296 0.599478
vt 0.982759 0.597269
vt 0.974819 0.597328
vt 0.974819 0.597328
vt 0.974640 0.599478
vt 0.983296 0.599478
vt 0.902231 0.529862
vt 0.895498 0.530180
vt 0.901619 0.572374
vt 0.429090 0.907126
vt 0.428380 0.864712
vt 0.422695 0.864587
vt 0.422695 0.864587
vt 0.422695 0.906984
vt 0.429090 0.907126
vt 0.858180 0.418576
vt 0.857799 0.371725
vt 0.853684 0.373135
vt 0.264405 0.805524
vt 0.306726 0.832566
vt 0.306726 0.804758
vt 0.853684 0.373135
vt 0.853684 0.420932
vt 0.858180 0.418576
vt 0.712975 0.866553
vt 0.707248 0.866677
vt 0.712975 0.908618
vt 0.895498 0.572664
vt 0.901619 0.572374
vt 0.895498 0.530180
vt 0.891789 0.813765
vt 0.898968 0.771644
vt 0.891071 0.771243
vt 0.706532 0.908757
vt 0.712975 0.908618
vt 0.707248 0.866677
vt 0.898968 0.771644
vt 0.891789 0.813765
vt 0.898968 0.814129
vt 0.497752 0.856548
vt 0.499245 0.808500
vt 0.497734 0.808500
vt 0.071787 0.887786
vt 0.068851 0.918665
vt 0.071787 0.920178
vt 0.355672 0.858180
vt 0.354939 0.828896
vt 0.312455 0.856263
vt 0.898968 0.290841
vt 0.883048 0.293345
vt 0.883048 0.336093
vt 0.530943 0.862277
vt 0.546559 0.814868
vt 0.530233 0.814034
vt 0.883048 0.336093
vt 0.898276 0.333699
vt 0.898968 0.290841
vt 0.088102 0.820885
vt 0.071653 0.821695
vt 0.087387 0.868826
vt 0.869601 0.871232
vt 0.869601 0.823024
vt 0.853074 0.822532
vt 0.546559 0.814868
vt 0.530943 0.862277
vt 0.546559 0.863075
vt 0.853074 0.822532
vt 0.853793 0.870762
vt 0.869601 0.871232
vt 0.071653 0.869601
vt 0.087387 0.868826
vt 0.071653 0.821695
vt 0.182730 0.447919
vt 0.180123 0.383806
vt 0.180123 0.450300
vt 0.440045 0.956071
vt 0.448668 0.938794
vt 0.440045 0.938913
vt 0.947914 0.848779
vt 0.939288 0.848768
vt 0.939288 0.867958
vt 0.832076 0.932717
vt 0.812666 0.932712
vt 0.812666 0.952803
vt 0.939288 0.867958
vt 0.947914 0.867969
vt 0.947914 0.848779
vt 0.812666 0.952803
vt 0.832076 0.952808
vt 0.832076 0.932717
vt 0.448668 0.938794
vt 0.440045 0.956071
vt 0.448668 0.955953
vt 0.204109 0.932696
vt 0.204109 0.952805
vt 0.223518 0.932700
vt 0.939321 0.184362
vt 0.947914 0.164961
vt 0.939321 0.165029
vt 0.223518 0.952808
vt 0.223518 0.932700
vt 0.204109 0.952805
vt 0.947914 0.164961
vt 0.939321 0.184362
vt 0.947914 0.184294
vt 0.936024 0.712975
vt 0.944651 0.712974
vt 0.944651 0.692846
vt 0.944651 0.692846
vt 0.936024 0.692846
vt 0.936024 0.712975
vt 0.812358 0.967492
vt 0.819023 0.966849
vt 0.812358 0.956394
vt 0.956416 0.907239
vt 0.956416 0.920178
vt 0.962597 0.920157
vt 0.962597 0.920157
vt 0.962597 0.907218
vt 0.956416 0.907239
vt 0.964229 0.266016
vt 0.957308 0.266054
vt 0.964229 0.278953
vt 0.819023 0.955752
vt 0.812358 0.956394
vt 0.819023 0.966849
vt 0.958244 0.107680
vt 0.964229 0.107473
vt 0.958244 0.094791
vt 0.957308 0.278990
vt 0.964229 0.278953
vt 0.957308 0.266054
vt 0.964229 0.340988
vt 0.964229 0.328049
vt 0.957760 0.328043
vt 0.957760 0.328043
vt 0.957760 0.340982
vt 0.964229 0.340988
vt 0.964229 0.094584
vt 0.958244 0.094791
vt 0.964229 0.107473
vt 0.094335 0.960085
vt 0.087731 0.961603
vt 0.087731 0.968716
vt 0.094335 0.960085
vt 0.087731 0.968716
vt 0.097891 0.965678
vt 0.093827 0.970755
vt 0.097891 0.965678
vt 0.087731 0.968716
vt 0.342619 0.228260
vt 0.338281 0.196171
vt 0.315850 0.195313
vt 0.336092 0.275767
vt 0.342619 0.228260
vt 0.315850 0.195313
vt 0.305057 0.315386
vt 0.336092 0.275767
vt 0.315850 0.195313
vt 0.254262 0.343799
vt 0.305057 0.315386
vt 0.315850 0.195313
vt 0.192748 0.357303
vt 0.254262 0.343799
vt 0.315850 0.195313
vt 0.129811 0.355056
vt 0.192748 0.357303
vt 0.315850 0.195313
vt 0.074751 0.336216
vt 0.129811 0.355056
vt 0.315850 0.195313
vt 0.353869 0.176104
vt 0.345962 0.176103
vt 0.345988 0.208303
vt 0.345988 0.208303
vt 0.353895 0.208304
vt 0.353869 0.176104
vt 0.278530 0.455674
vt 0.274195 0.487763
vt 0.486829 0.614432
vt 0.486829 0.614432
vt 0.604364 0.517460
vt 0.278530 0.455674
vt 0.486624 0.083159
vt 0.482217 0.089328
vt 0.487825 0.089734
vt 0.482217 0.089328
vt 0.486624 0.083159
vt 0.483658 0.080064
vt 0.486624 0.083159
vt 0.487825 0.077481
vt 0.483658 0.080064
vt 0.964229 0.390634
vt 0.964229 0.381865
vt 0.956243 0.379878
vt 0.964229 0.390634
vt 0.956243 0.379878
vt 0.956713 0.393197
vt 0.112698 0.954325
vt 0.123996 0.962436
vt 0.121906 0.954325
vt 0.123996 0.962436
vt 0.112698 0.954325
vt 0.111213 0.962948
vt 0.111213 0.962948
vt 0.117872 0.967492
vt 0.123996 0.962436
vt 0.951328 0.964229
vt 0.950974 0.950786
vt 0.946276 0.957756
vt 0.353895 0.208304
vt 0.345988 0.208303
vt 0.346133 0.252885
vt 0.346133 0.252885
vt 0.354040 0.252886
vt 0.353895 0.208304
vt 0.274195 0.487763
vt 0.280717 0.535265
vt 0.311727 0.574864
vt 0.274195 0.487763
vt 0.311727 0.574864
vt 0.362480 0.603247
vt 0.274195 0.487763
vt 0.362480 0.603247
vt 0.423944 0.616715
vt 0.274195 0.487763
vt 0.423944 0.616715
vt 0.486829 0.614432
vt 0.247991 0.019578
vt 0.243977 0.013107
vt 0.241659 0.019578
vt 0.247130 0.010232
vt 0.243977 0.013107
vt 0.247991 0.019578
vt 0.243977 0.013107
vt 0.247130 0.010232
vt 0.242421 0.007359
vt 0.182730 0.732349
vt 0.171715 0.732546
vt 0.182647 0.748397
vt 0.163573 0.757373
vt 0.182647 0.748397
vt 0.171715 0.732546
vt 0.524869 0.907227
vt 0.548191 0.899299
vt 0.524869 0.889636
vt 0.171715 0.732546
vt 0.154114 0.733016
vt 0.163573 0.757373
vt 0.163573 0.757373
vt 0.178647 0.765928
vt 0.182647 0.748397
vt 0.393197 0.860801
vt 0.388915 0.878067
vt 0.393197 0.902231
vt 0.878027 0.536770
vt 0.881021 0.517865
vt 0.878027 0.494956
vt 0.959334 0.961816
vt 0.959334 0.952902
vt 0.950974 0.950786
vt 0.951328 0.964229
vt 0.959334 0.961816
vt 0.950974 0.950786
vt 0.515561 0.615707
vt 0.515561 0.612013
vt 0.511467 0.613527
vt 0.511607 0.614232
vt 0.513021 0.617677
vt 0.515561 0.615707
vt 0.511467 0.613527
vt 0.511607 0.614232
vt 0.515561 0.615707
vt 0.515561 0.612013
vt 0.513582 0.609412
vt 0.511467 0.613527
vt 0.509913 0.609378
vt 0.511467 0.613527
vt 0.513582 0.609412
vt 0.513021 0.617677
vt 0.511607 0.614232
vt 0.509492 0.618347
vt 0.566157 0.986481
vt 0.565911 0.987137
vt 0.566859 0.987444
vt 0.511607 0.614232
vt 0.510759 0.613636
vt 0.506809 0.615886
vt 0.506809 0.615886
vt 0.509492 0.618347
vt 0.511607 0.614232
vt 0.565911 0.991674
vt 0.566859 0.987444
vt 0.565911 0.987137
vt 0.510759 0.613636
vt 0.507514 0.612052
vt 0.506809 0.615886
vt 0.962772 0.248095
vt 0.969123 0.242571
vt 0.960964 0.242729
vt 0.969123 0.242571
vt 0.962772 0.248095
vt 0.965944 0.250778
vt 0.149533 0.963969
vt 0.151731 0.958393
vt 0.142851 0.958393
vt 0.146254 0.966581
vt 0.149533 0.963969
vt 0.142851 0.958393
vt 0.138993 0.968077
vt 0.141942 0.965902
vt 0.139698 0.963042
vt 0.139698 0.963042
vt 0.138268 0.967365
vt 0.138993 0.968077
vt 0.141942 0.965902
vt 0.138993 0.968077
vt 0.141942 0.969494
vt 0.137563 0.968809
vt 0.138993 0.968077
vt 0.138268 0.967365
vt 0.138268 0.967365
vt 0.136043 0.963069
vt 0.133882 0.965962
vt 0.138268 0.967365
vt 0.133882 0.965962
vt 0.137563 0.968809
vt 0.139782 0.972386
vt 0.141942 0.969494
vt 0.138993 0.968077
vt 0.137563 0.968809
vt 0.139782 0.972386
vt 0.138993 0.968077
vt 0.962772 0.248095
vt 0.960964 0.252886
vt 0.965944 0.250778
vt 0.139782 0.972386
vt 0.137563 0.968809
vt 0.136120 0.971695
vt 0.178647 0.765928
vt 0.163573 0.757373
vt 0.160154 0.770609
vt 0.809430 0.290374
vt 0.822286 0.280434
vt 0.809137 0.260987
vt 0.160154 0.770609
vt 0.160421 0.789656
vt 0.178647 0.765928
vt 0.133882 0.969553
vt 0.137563 0.968809
vt 0.133882 0.965962
vt 0.737402 0.964112
vt 0.742342 0.965386
vt 0.742342 0.961168
vt 0.737651 0.963127
vt 0.737402 0.964112
vt 0.742342 0.961168
vt 0.978500 0.560740
vt 0.981084 0.557099
vt 0.977207 0.556842
vt 0.977207 0.556842
vt 0.974640 0.558821
vt 0.978500 0.560740
vt 0.978500 0.560740
vt 0.983022 0.559678
vt 0.981084 0.557099
vt 0.983022 0.559678
vt 0.978500 0.560740
vt 0.983022 0.562946
vt 0.974640 0.558821
vt 0.974640 0.562089
vt 0.978500 0.560740
vt 0.976578 0.564668
vt 0.978500 0.560740
vt 0.974640 0.562089
vt 0.978500 0.560740
vt 0.976578 0.564668
vt 0.980438 0.564953
vt 0.980438 0.564953
vt 0.983022 0.562946
vt 0.978500 0.560740
vt 0.491202 0.953426
vt 0.491202 0.962076
vt 0.499110 0.964229
vt 0.499110 0.964229
vt 0.504140 0.957047
vt 0.499109 0.950552
vt 0.499110 0.964229
vt 0.499109 0.950552
vt 0.491202 0.953426
vt 0.742342 0.965386
vt 0.737402 0.964112
vt 0.739018 0.968239
vt 0.737402 0.964112
vt 0.737651 0.963127
vt 0.736416 0.963863
vt 0.736195 0.969123
vt 0.739018 0.968239
vt 0.737402 0.964112
vt 0.736416 0.963863
vt 0.736195 0.969123
vt 0.737402 0.964112
vt 0.736652 0.958632
vt 0.736416 0.963863
vt 0.737651 0.963127
vt 0.737651 0.963127
vt 0.740225 0.959011
vt 0.736652 0.958632
vt 0.736416 0.963863
vt 0.732489 0.967114
vt 0.736195 0.969123
vt 0.732489 0.967114
vt 0.736416 0.963863
vt 0.732225 0.963853
vt 0.736416 0.963863
vt 0.736652 0.958632
vt 0.733564 0.960472
vt 0.979353 0.170081
vt 0.980952 0.166366
vt 0.977054 0.166342
vt 0.978684 0.170342
vt 0.979353 0.170081
vt 0.977054 0.166342
vt 0.976885 0.279234
vt 0.974640 0.281184
vt 0.978823 0.283154
vt 0.976885 0.279234
vt 0.978823 0.283154
vt 0.980744 0.278924
vt 0.978823 0.283154
vt 0.974640 0.281184
vt 0.974640 0.284426
vt 0.974640 0.284426
vt 0.977547 0.287065
vt 0.978823 0.283154
vt 0.980761 0.287074
vt 0.978823 0.283154
vt 0.977547 0.287065
vt 0.983320 0.280889
vt 0.980744 0.278924
vt 0.978823 0.283154
vt 0.983332 0.284161
vt 0.983320 0.280889
vt 0.978823 0.283154
vt 0.978823 0.283154
vt 0.980761 0.287074
vt 0.983332 0.284161
vt 0.524869 0.907227
vt 0.547370 0.919993
vt 0.548191 0.899299
vt 0.951470 0.386789
vt 0.956713 0.393197
vt 0.956243 0.379878
vt 0.547370 0.919993
vt 0.524869 0.907227
vt 0.529671 0.926704
vt 0.983348 0.207597
vt 0.983354 0.198912
vt 0.974645 0.198912
vt 0.974640 0.207597
vt 0.983348 0.207597
vt 0.974645 0.198912
vt 0.309989 0.045658
vt 0.305689 0.041611
vt 0.304832 0.048707
vt 0.309989 0.045658
vt 0.304832 0.048707
vt 0.309989 0.052209
vt 0.959334 0.482535
vt 0.953119 0.481564
vt 0.954734 0.487984
vt 0.959334 0.482535
vt 0.954734 0.487984
vt 0.956041 0.488948
vt 0.141186 0.605729
vt 0.140506 0.615083
vt 0.141942 0.615083
vt 0.983425 0.494328
vt 0.983275 0.492301
vt 0.974640 0.494328
vt 0.191636 0.392800
vt 0.192519 0.394828
vt 0.192519 0.384438
vt 0.100671 0.859421
vt 0.100759 0.869790
vt 0.102786 0.870743
vt 0.763450 0.483618
vt 0.766815 0.485053
vt 0.766815 0.477592
vt 0.710830 0.066776
vt 0.710830 0.078313
vt 0.714606 0.074178
vt 0.092997 0.914162
vt 0.090407 0.914162
vt 0.092807 0.925072
vt 0.254517 0.445405
vt 0.254517 0.433952
vt 0.252007 0.433743
vt 0.676209 0.541008
vt 0.676209 0.553086
vt 0.677081 0.551104
vt 0.252007 0.433743
vt 0.252272 0.443950
vt 0.254517 0.445405
vt 0.242793 0.832319
vt 0.246360 0.833056
vt 0.246360 0.821275
vt 0.268859 0.644433
vt 0.270832 0.644930
vt 0.268569 0.633008
vt 0.177836 0.533423
vt 0.173182 0.530479
vt 0.173182 0.541665
vt 0.372999 0.202309
vt 0.375250 0.190347
vt 0.372999 0.189233
vt 0.077756 0.923441
vt 0.079945 0.919725
vt 0.077756 0.909272
vt 0.887167 0.523176
vt 0.889179 0.523459
vt 0.884999 0.510207
vt 0.072983 0.341948
vt 0.067287 0.340787
vt 0.070495 0.348082
vt 0.986138 0.634931
vt 0.992107 0.638729
vt 0.992107 0.633521
vt 0.986138 0.411559
vt 0.992301 0.412570
vt 0.992301 0.406514
vt 0.246360 0.833056
vt 0.242793 0.832319
vt 0.243206 0.836970
vt 0.100671 0.874495
vt 0.102786 0.870743
vt 0.100759 0.869790
vt 0.172941 0.600377
vt 0.171213 0.597858
vt 0.169442 0.599585
vt 0.171831 0.603663
vt 0.172941 0.600377
vt 0.169442 0.599585
vt 0.169442 0.599585
vt 0.168824 0.603188
vt 0.171831 0.603663
vt 0.335897 0.997567
vt 0.338933 0.997567
vt 0.337782 0.994503
vt 0.216805 0.994503
vt 0.216805 0.998102
vt 0.219250 0.997242
vt 0.388955 0.996056
vt 0.386331 0.994503
vt 0.386331 0.997369
vt 0.305467 0.997674
vt 0.305467 0.994503
vt 0.302435 0.996287
vt 0.170982 0.997467
vt 0.170995 0.994503
vt 0.168032 0.994503
vt 0.168032 0.994503
vt 0.168191 0.998165
vt 0.170982 0.997467
vt 0.088857 0.984022
vt 0.088857 0.976271
vt 0.083525 0.977691
vt 0.321155 0.634811
vt 0.316969 0.638379
vt 0.321744 0.640060
vt 0.991186 0.245703
vt 0.992503 0.240105
vt 0.986138 0.240105
vt 0.321744 0.640060
vt 0.326304 0.637372
vt 0.321155 0.634811
vt 0.231080 0.769148
vt 0.226601 0.773336
vt 0.233848 0.773158
vt 0.233848 0.773158
vt 0.226601 0.773336
vt 0.228065 0.778235
vt 0.233887 0.778235
vt 0.236107 0.773603
vt 0.233848 0.773158
vt 0.228065 0.778235
vt 0.233887 0.778235
vt 0.233848 0.773158
vt 0.766815 0.485053
vt 0.763450 0.483618
vt 0.764400 0.487825
vt 0.270107 0.997937
vt 0.270628 0.997067
vt 0.270107 0.994503
vt 0.270832 0.644930
vt 0.268859 0.644433
vt 0.270570 0.649345
vt 0.006068 0.986481
vt 0.006068 0.992118
vt 0.010845 0.991242
vt 0.316969 0.638379
vt 0.316965 0.643226
vt 0.321744 0.640060
vt 0.662760 0.976271
vt 0.662760 0.983418
vt 0.666053 0.980054
vt 0.321168 0.646082
vt 0.321744 0.640060
vt 0.316965 0.643226
vt 0.954734 0.487984
vt 0.948847 0.486051
vt 0.954405 0.488945
vt 0.954405 0.488945
vt 0.956041 0.488948
vt 0.954734 0.487984
vt 0.948540 0.491811
vt 0.954405 0.488945
vt 0.948847 0.486051
vt 0.375189 0.185656
vt 0.372999 0.189233
vt 0.375250 0.190347
vt 0.956041 0.488948
vt 0.954405 0.488945
vt 0.953123 0.495982
vt 0.953123 0.495982
vt 0.959334 0.493751
vt 0.956041 0.488948
vt 0.954405 0.488945
vt 0.948540 0.491811
vt 0.953123 0.495982
vt 0.986138 0.365127
vt 0.992373 0.362859
vt 0.986138 0.359165
vt 0.986138 0.962393
vt 0.986138 0.967740
vt 0.991776 0.965018
vt 0.268859 0.644433
vt 0.268569 0.645399
vt 0.270570 0.649345
vt 0.889179 0.523459
vt 0.887167 0.523176
vt 0.884999 0.527389
vt 0.602904 0.981319
vt 0.602904 0.980600
vt 0.601678 0.976271
vt 0.599938 0.981335
vt 0.602904 0.981319
vt 0.601678 0.976271
vt 0.889179 0.523459
vt 0.884999 0.527389
vt 0.887394 0.528613
vt 0.542213 0.983545
vt 0.542213 0.979002
vt 0.538839 0.980118
vt 0.542213 0.979002
vt 0.541988 0.978319
vt 0.538839 0.980118
vt 0.541313 0.976271
vt 0.538839 0.980118
vt 0.541988 0.978319
vt 0.602904 0.981319
vt 0.599938 0.981335
vt 0.602904 0.983475
vt 0.945885 0.982930
vt 0.950756 0.980146
vt 0.945885 0.976271
vt 0.345477 0.994503
vt 0.345477 0.997491
vt 0.348054 0.997028
vt 0.321744 0.640060
vt 0.321168 0.646082
vt 0.326304 0.643825
vt 0.154114 0.733016
vt 0.134485 0.728740
vt 0.134598 0.752134
vt 0.147459 0.760281
vt 0.163573 0.757373
vt 0.154114 0.733016
vt 0.134598 0.752134
vt 0.147459 0.760281
vt 0.154114 0.733016
vt 0.963230 0.404539
vt 0.971936 0.395999
vt 0.963230 0.395361
vt 0.963230 0.404539
vt 0.972386 0.404617
vt 0.971936 0.395999
vt 0.163573 0.757373
vt 0.147459 0.760281
vt 0.160154 0.770609
vt 0.147459 0.760281
vt 0.134598 0.752134
vt 0.134485 0.776951
vt 0.145227 0.789104
vt 0.160154 0.770609
vt 0.147459 0.760281
vt 0.134485 0.776951
vt 0.145227 0.789104
vt 0.147459 0.760281
vt 0.740917 0.751926
vt 0.753763 0.756559
vt 0.748891 0.749442
vt 0.753763 0.756559
vt 0.740917 0.751926
vt 0.740917 0.760806
vt 0.740917 0.760806
vt 0.749083 0.763552
vt 0.753763 0.756559
vt 0.498933 0.052220
vt 0.514382 0.013306
vt 0.475575 0.003442
vt 0.760289 0.021276
vt 0.738583 0.069149
vt 0.755581 0.075858
vt 0.715445 0.021276
vt 0.738583 0.069149
vt 0.760289 0.021276
vt 0.514382 0.013306
vt 0.498933 0.052220
vt 0.518824 0.057198
vt 0.752526 0.768036
vt 0.797814 0.755592
vt 0.777431 0.727557
vt 0.328975 0.942760
vt 0.323652 0.950951
vt 0.339356 0.945685
vt 0.329487 0.959334
vt 0.339356 0.945685
vt 0.323652 0.950951
vt 0.329487 0.959334
vt 0.339356 0.956173
vt 0.339356 0.945685
vt 0.970755 0.218624
vt 0.970755 0.209829
vt 0.962394 0.209252
vt 0.962394 0.209252
vt 0.962415 0.218022
vt 0.970755 0.218624
vt 0.983331 0.233675
vt 0.983316 0.225040
vt 0.974640 0.225040
vt 0.974640 0.225040
vt 0.974655 0.233674
vt 0.983331 0.233675
vt 0.749967 0.855721
vt 0.782369 0.882362
vt 0.784762 0.843693
vt 0.871225 0.474250
vt 0.877758 0.439931
vt 0.832090 0.467178
vt 0.804263 0.334832
vt 0.843041 0.311143
vt 0.807261 0.311133
vt 0.871225 0.474250
vt 0.832090 0.467178
vt 0.851337 0.492719
vt 0.965519 0.313139
vt 0.961157 0.323041
vt 0.965860 0.323041
vt 0.409252 0.935208
vt 0.407273 0.937044
vt 0.411143 0.942846
vt 0.411143 0.942846
vt 0.407273 0.937044
vt 0.408481 0.943829
vt 0.941234 0.828599
vt 0.933003 0.826892
vt 0.933217 0.834924
vt 0.941388 0.840233
vt 0.941234 0.828599
vt 0.933217 0.834924
vt 0.411143 0.942846
vt 0.408481 0.943829
vt 0.408761 0.951177
vt 0.953149 0.620281
vt 0.945274 0.622487
vt 0.954440 0.628136
vt 0.746305 0.119101
vt 0.755581 0.075858
vt 0.738583 0.069149
vt 0.730588 0.112374
vt 0.746305 0.119101
vt 0.738583 0.069149
vt 0.705438 0.082400
vt 0.726380 0.131335
vt 0.730921 0.082400
vt 0.738583 0.069149
vt 0.715445 0.021276
vt 0.717341 0.074674
vt 0.498933 0.052220
vt 0.488192 0.101371
vt 0.518824 0.057198
vt 0.503197 0.704518
vt 0.506280 0.706449
vt 0.507403 0.701973
vt 0.964229 0.047845
vt 0.960299 0.051671
vt 0.964229 0.058735
vt 0.503763 0.701738
vt 0.503197 0.704518
vt 0.507403 0.701973
vt 0.503197 0.695907
vt 0.503763 0.701738
vt 0.507403 0.701973
vt 0.948924 0.245760
vt 0.956882 0.253312
vt 0.957703 0.246142
vt 0.981274 0.276671
vt 0.983365 0.269067
vt 0.974640 0.269067
vt 0.938125 0.097891
vt 0.938125 0.086919
vt 0.934165 0.096163
vt 0.503953 0.991683
vt 0.503953 0.986481
vt 0.502168 0.989352
vt 0.968704 0.255725
vt 0.965291 0.254893
vt 0.967937 0.260699
vt 0.934148 0.949621
vt 0.930111 0.952926
vt 0.929705 0.956602
vt 0.929705 0.956602
vt 0.934861 0.956109
vt 0.934148 0.949621
vt 0.656272 0.986794
vt 0.652741 0.986481
vt 0.652741 0.991409
vt 0.932976 0.821980
vt 0.933003 0.826892
vt 0.941388 0.818926
vt 0.176328 0.994834
vt 0.173248 0.994503
vt 0.175884 0.997913
vt 0.964516 0.258382
vt 0.967937 0.260699
vt 0.965291 0.254893
vt 0.992442 0.492019
vt 0.986139 0.492019
vt 0.987916 0.494175
vt 0.600887 0.991434
vt 0.601557 0.986481
vt 0.597293 0.989741
vt 0.173248 0.994503
vt 0.173248 0.998148
vt 0.175884 0.997913
vt 0.506043 0.799445
vt 0.509035 0.797326
vt 0.506043 0.789207
vt 0.743974 0.326034
vt 0.743726 0.317953
vt 0.741434 0.316807
vt 0.956882 0.253312
vt 0.948924 0.245760
vt 0.949292 0.259447
vt 0.956882 0.253312
vt 0.949292 0.259447
vt 0.957703 0.262675
vt 0.741434 0.316807
vt 0.741434 0.326304
vt 0.743974 0.326034
vt 0.596842 0.986481
vt 0.597293 0.989741
vt 0.601557 0.986481
vt 0.982588 0.880952
vt 0.975916 0.876303
vt 0.974640 0.880952
vt 0.962282 0.259672
vt 0.962282 0.262886
vt 0.964516 0.258382
vt 0.969123 0.264306
vt 0.967937 0.260699
vt 0.962282 0.262886
vt 0.962282 0.262886
vt 0.967937 0.260699
vt 0.964516 0.258382
vt 0.990576 0.043479
vt 0.992623 0.038919
vt 0.986138 0.038919
vt 0.988159 0.043029
vt 0.990576 0.043479
vt 0.986138 0.038919
vt 0.982588 0.880952
vt 0.980437 0.875770
vt 0.975916 0.876303
vt 0.941234 0.828599
vt 0.941388 0.818926
vt 0.933003 0.826892
vt 0.934861 0.956109
vt 0.929705 0.956602
vt 0.928755 0.959563
vt 0.934861 0.956109
vt 0.928755 0.959563
vt 0.934861 0.962597
vt 0.408481 0.943829
vt 0.407273 0.950179
vt 0.408761 0.951177
vt 0.992623 0.038919
vt 0.990576 0.043479
vt 0.992741 0.041788
vt 0.992729 0.209575
vt 0.990887 0.207784
vt 0.986138 0.209575
vt 0.974640 0.965464
vt 0.982400 0.970997
vt 0.982025 0.968105
vt 0.977525 0.937520
vt 0.974640 0.940392
vt 0.982617 0.940392
vt 0.982400 0.970997
vt 0.974640 0.965464
vt 0.975890 0.970784
vt 0.953149 0.620281
vt 0.954440 0.612265
vt 0.945274 0.622487
vt 0.945274 0.622487
vt 0.954440 0.612265
vt 0.946038 0.614797
vt 0.185993 0.468988
vt 0.185542 0.458672
vt 0.180195 0.463541
vt 0.809900 0.497468
vt 0.838602 0.513177
vt 0.838602 0.482568
vt 0.512298 0.887841
vt 0.479515 0.892468
vt 0.512298 0.928335
vt 0.119101 0.777145
vt 0.092549 0.800217
vt 0.110302 0.805971
vt 0.085057 0.769444
vt 0.092549 0.800217
vt 0.119101 0.777145
vt 0.115844 0.740274
vt 0.085057 0.769444
vt 0.119101 0.777145
vt 0.782369 0.882362
vt 0.749967 0.855721
vt 0.749967 0.889179
vt 0.830052 0.439931
vt 0.832090 0.467178
vt 0.877758 0.439931
vt 0.453563 0.901996
vt 0.432695 0.879961
vt 0.432695 0.918546
vt 0.814379 0.257981
vt 0.835339 0.229430
vt 0.807581 0.229430
vt 0.804770 0.983234
vt 0.806894 0.981980
vt 0.804770 0.976271
vt 0.804770 0.976271
vt 0.806894 0.981980
vt 0.807262 0.978045
vt 0.983210 0.497245
vt 0.974640 0.496581
vt 0.974640 0.502567
vt 0.976442 0.942646
vt 0.974640 0.944886
vt 0.982630 0.944886
vt 0.974640 0.972179
vt 0.975890 0.970784
vt 0.974640 0.965464
vt 0.862323 0.326304
vt 0.879390 0.325608
vt 0.864579 0.281453
vt 0.502053 0.104098
vt 0.518824 0.057198
vt 0.488192 0.101371
vt 0.489950 0.156626
vt 0.502053 0.104098
vt 0.488192 0.101371
vt 0.488192 0.101371
vt 0.475575 0.153030
vt 0.489950 0.156626
vt 0.944651 0.287831
vt 0.938111 0.298152
vt 0.944651 0.306726
vt 0.055542 0.900995
vt 0.067319 0.903863
vt 0.063500 0.881217
vt 0.055542 0.900995
vt 0.063500 0.881217
vt 0.057846 0.880577
vt 0.879390 0.279438
vt 0.864579 0.281453
vt 0.879390 0.325608
vt 0.716693 0.137041
vt 0.725812 0.185986
vt 0.726380 0.131335
vt 0.726380 0.131335
vt 0.705438 0.082400
vt 0.707402 0.132103
vt 0.949545 0.715178
vt 0.935730 0.719145
vt 0.938237 0.724906
vt 0.707402 0.132103
vt 0.716693 0.137041
vt 0.726380 0.131335
vt 0.938237 0.724906
vt 0.946335 0.725207
vt 0.949545 0.715178
vt 0.838602 0.513177
vt 0.809900 0.497468
vt 0.810655 0.526709
vt 0.838602 0.513177
vt 0.810655 0.526709
vt 0.829288 0.543296
vt 0.480228 0.927088
vt 0.512298 0.928335
vt 0.479515 0.892468
vt 0.373890 0.905972
vt 0.358733 0.905256
vt 0.358733 0.939756
vt 0.388302 0.925372
vt 0.373890 0.905972
vt 0.358733 0.939756
vt 0.737448 0.132416
vt 0.730443 0.132284
vt 0.730443 0.182599
vt 0.730443 0.182599
vt 0.737448 0.182730
vt 0.737448 0.132416
vt 0.149533 0.963969
vt 0.146254 0.966581
vt 0.151041 0.969123
vt 0.986827 0.795804
vt 0.986138 0.797221
vt 0.988814 0.797376
vt 0.986827 0.795804
vt 0.988814 0.797376
vt 0.988686 0.794664
vt 0.822286 0.280434
vt 0.809430 0.290374
vt 0.809137 0.308357
vt 0.160421 0.789656
vt 0.160154 0.770609
vt 0.145227 0.789104
vt 0.609264 0.363829
vt 0.613452 0.349312
vt 0.605300 0.346548
vt 0.169678 0.949545
vt 0.161488 0.936626
vt 0.152911 0.943138
vt 0.979353 0.170081
vt 0.983398 0.168504
vt 0.980952 0.166366
vt 0.983398 0.168504
vt 0.979353 0.170081
vt 0.983398 0.172366
vt 0.979353 0.170081
vt 0.978684 0.170342
vt 0.978946 0.171011
vt 0.979353 0.170081
vt 0.978946 0.171011
vt 0.983398 0.172366
vt 0.974640 0.171918
vt 0.978684 0.170342
vt 0.974901 0.168726
vt 0.974640 0.171918
vt 0.978946 0.171011
vt 0.978684 0.170342
vt 0.978946 0.171011
vt 0.974640 0.171918
vt 0.977346 0.174726
vt 0.980314 0.174342
vt 0.983398 0.172366
vt 0.978946 0.171011
vt 0.977346 0.174726
vt 0.980314 0.174342
vt 0.978946 0.171011
vt 0.075101 0.964930
vt 0.071455 0.964961
vt 0.072891 0.969274
vt 0.075101 0.964930
vt 0.072891 0.969274
vt 0.076681 0.968237
vt 0.068526 0.967148
vt 0.072891 0.969274
vt 0.071455 0.964961
vt 0.072891 0.969274
vt 0.068526 0.967148
vt 0.068095 0.970166
vt 0.072891 0.969274
vt 0.068095 0.970166
vt 0.069703 0.973456
vt 0.076681 0.971831
vt 0.076681 0.968237
vt 0.072891 0.969274
vt 0.073753 0.974018
vt 0.076681 0.971831
vt 0.072891 0.969274
vt 0.072891 0.969274
vt 0.069703 0.973456
vt 0.073753 0.974018
vt 0.827718 0.481299
vt 0.836970 0.479508
vt 0.833724 0.474810
vt 0.827718 0.472041
vt 0.827718 0.481299
vt 0.833724 0.474810
vt 0.693339 0.976271
vt 0.693743 0.980433
vt 0.696678 0.978284
vt 0.697280 0.981356
vt 0.696678 0.978284
vt 0.693743 0.980433
vt 0.693743 0.980433
vt 0.693339 0.983363
vt 0.697280 0.981356
vt 0.410844 0.994503
vt 0.408531 0.995866
vt 0.410844 0.997290
vt 0.988814 0.797376
vt 0.986138 0.797221
vt 0.986709 0.799501
vt 0.416432 0.997149
vt 0.417127 0.997334
vt 0.417127 0.994503
vt 0.365213 0.994503
vt 0.364705 0.995011
vt 0.365213 0.997553
vt 0.988814 0.797376
vt 0.990997 0.799501
vt 0.991932 0.797099
vt 0.990919 0.795250
vt 0.988686 0.794664
vt 0.988814 0.797376
vt 0.988814 0.797376
vt 0.991932 0.797099
vt 0.990919 0.795250
vt 0.980116 0.620780
vt 0.983056 0.614695
vt 0.974640 0.614695
vt 0.388302 0.623241
vt 0.388302 0.613360
vt 0.382668 0.621711
vt 0.815750 0.978565
vt 0.814430 0.976271
vt 0.812769 0.979456
vt 0.812769 0.979456
vt 0.815083 0.981452
vt 0.815750 0.978565
vt 0.814430 0.976271
vt 0.811802 0.976539
vt 0.812769 0.979456
vt 0.809516 0.977790
vt 0.812769 0.979456
vt 0.811802 0.976539
vt 0.815083 0.981452
vt 0.812769 0.979456
vt 0.813436 0.983030
vt 0.811135 0.982657
vt 0.813436 0.983030
vt 0.812769 0.979456
vt 0.809516 0.981021
vt 0.811135 0.982657
vt 0.812769 0.979456
vt 0.812769 0.979456
vt 0.809516 0.977790
vt 0.809516 0.981021
vt 0.379561 0.616677
vt 0.382668 0.621711
vt 0.388302 0.613360
vt 0.379142 0.610665
vt 0.379561 0.616677
vt 0.388302 0.613360
vt 0.641188 0.592386
vt 0.632176 0.593785
vt 0.634946 0.599286
vt 0.641188 0.592386
vt 0.634946 0.599286
vt 0.641188 0.602031
vt 0.037478 0.981348
vt 0.038262 0.976271
vt 0.034719 0.977061
vt 0.034719 0.984141
vt 0.037478 0.981348
vt 0.034719 0.977061
vt 0.825989 0.752618
vt 0.826872 0.756475
vt 0.832076 0.755924
vt 0.941474 0.976271
vt 0.938836 0.979109
vt 0.943631 0.978385
vt 0.938836 0.979109
vt 0.939799 0.982195
vt 0.943631 0.978385
vt 0.943631 0.982945
vt 0.943631 0.978385
vt 0.939799 0.982195
vt 0.612529 0.963055
vt 0.612529 0.972386
vt 0.619134 0.970496
vt 0.621609 0.966034
vt 0.612529 0.963055
vt 0.619134 0.970496
vt 0.825989 0.761920
vt 0.830618 0.759711
vt 0.826872 0.756475
vt 0.826872 0.756475
vt 0.830618 0.759711
vt 0.832076 0.755924
vt 0.227097 0.995207
vt 0.224872 0.994503
vt 0.224872 0.998095
vt 0.568899 0.980088
vt 0.570443 0.976330
vt 0.567795 0.976271
vt 0.318996 0.997628
vt 0.321650 0.995656
vt 0.318996 0.994503
vt 0.045930 0.017562
vt 0.055472 0.020586
vt 0.055472 0.014748
vt 0.568899 0.980088
vt 0.571754 0.978018
vt 0.570443 0.976330
vt 0.571754 0.978018
vt 0.568899 0.980088
vt 0.572167 0.980947
vt 0.055472 0.020586
vt 0.045930 0.017562
vt 0.051104 0.025581
vt 0.569878 0.983266
vt 0.572167 0.980947
vt 0.568899 0.980088
vt 0.983043 0.623033
vt 0.974640 0.623033
vt 0.976988 0.629247
vt 0.357666 0.996730
vt 0.354792 0.994503
vt 0.354792 0.997472
vt 0.086471 0.525350
vt 0.084928 0.516280
vt 0.079988 0.519575
vt 0.045195 0.026104
vt 0.051104 0.025581
vt 0.045930 0.017562
vt 0.567795 0.983457
vt 0.569878 0.983266
vt 0.568899 0.980088
vt 0.086471 0.525350
vt 0.079988 0.519575
vt 0.077818 0.525350
vt 0.357287 0.233307
vt 0.365195 0.233307
vt 0.365394 0.180147
vt 0.365394 0.180147
vt 0.357487 0.180148
vt 0.357287 0.233307
vt 0.613452 0.349312
vt 0.613452 0.335631
vt 0.605300 0.346548
vt 0.556026 0.952345
vt 0.561243 0.946160
vt 0.556167 0.944112
vt 0.556167 0.944112
vt 0.550574 0.946634
vt 0.556026 0.952345
vt 0.974640 0.639772
vt 0.980707 0.634658
vt 0.975515 0.631500
vt 0.986595 0.448144
vt 0.986138 0.451324
vt 0.989549 0.450188
vt 0.989549 0.450188
vt 0.988414 0.446782
vt 0.986595 0.448144
vt 0.550574 0.946634
vt 0.548530 0.951709
vt 0.556026 0.952345
vt 0.048946 0.963440
vt 0.048946 0.954648
vt 0.040829 0.952455
vt 0.048946 0.963440
vt 0.040829 0.952455
vt 0.035890 0.959531
vt 0.035890 0.959531
vt 0.041136 0.965860
vt 0.048946 0.963440
vt 0.986138 0.451324
vt 0.988184 0.452914
vt 0.989549 0.450188
vt 0.990457 0.452914
vt 0.989549 0.450188
vt 0.988184 0.452914
vt 0.548530 0.951709
vt 0.550551 0.956797
vt 0.556026 0.952345
vt 0.556159 0.959334
vt 0.556026 0.952345
vt 0.550551 0.956797
vt 0.141302 0.933875
vt 0.161488 0.936626
vt 0.169678 0.920665
vt 0.989549 0.450188
vt 0.990687 0.446782
vt 0.988414 0.446782
vt 0.990687 0.446782
vt 0.989549 0.450188
vt 0.992277 0.449280
vt 0.980707 0.634658
vt 0.974640 0.639772
vt 0.982940 0.639772
vt 0.989549 0.450188
vt 0.990457 0.452914
vt 0.992276 0.451551
vt 0.989549 0.450188
vt 0.992276 0.451551
vt 0.992277 0.449280
vt 0.556026 0.952345
vt 0.556159 0.959334
vt 0.561243 0.957318
vt 0.280524 0.976271
vt 0.274917 0.976271
vt 0.275833 0.983764
vt 0.442598 0.967001
vt 0.447141 0.959069
vt 0.442373 0.958490
vt 0.951627 0.003802
vt 0.957703 0.009091
vt 0.956537 0.001264
vt 0.989554 0.466351
vt 0.987505 0.463379
vt 0.986138 0.465232
vt 0.986138 0.467533
vt 0.989554 0.466351
vt 0.986138 0.465232
vt 0.447141 0.959069
vt 0.442598 0.967001
vt 0.450300 0.963303
vt 0.989554 0.466351
vt 0.990473 0.463562
vt 0.987505 0.463379
vt 0.989554 0.466351
vt 0.992287 0.464946
vt 0.990473 0.463562
vt 0.992287 0.464946
vt 0.989554 0.466351
vt 0.992287 0.467246
vt 0.989554 0.466351
vt 0.986138 0.467533
vt 0.988648 0.469111
vt 0.989554 0.466351
vt 0.988648 0.469111
vt 0.990920 0.469100
vt 0.989554 0.466351
vt 0.990920 0.469100
vt 0.992287 0.467246
vt 0.957703 0.009091
vt 0.951627 0.003802
vt 0.949891 0.009703
vt 0.957703 0.009091
vt 0.949891 0.009703
vt 0.952460 0.014553
vt 0.450300 0.969123
vt 0.450300 0.963303
vt 0.442598 0.967001
vt 0.952460 0.014553
vt 0.957703 0.016315
vt 0.957703 0.009091
vt 0.053232 0.912061
vt 0.055472 0.912081
vt 0.052483 0.902705
vt 0.908114 0.243914
vt 0.907525 0.253376
vt 0.910389 0.253116
vt 0.983416 0.484195
vt 0.982422 0.481575
vt 0.974640 0.484195
vt 0.197866 0.869601
vt 0.200677 0.860464
vt 0.198465 0.860492
vt 0.616715 0.364307
vt 0.612906 0.360928
vt 0.612142 0.364692
vt 0.122916 0.998385
vt 0.122024 0.994503
vt 0.119097 0.998385
vt 0.612824 0.372602
vt 0.616715 0.364307
vt 0.612142 0.364692
vt 0.141942 0.602031
vt 0.141942 0.592090
vt 0.139449 0.599281
vt 0.379339 0.991376
vt 0.381749 0.987001
vt 0.379339 0.986481
vt 0.408739 0.986481
vt 0.406391 0.987529
vt 0.408739 0.991768
vt 0.381749 0.987001
vt 0.379339 0.991376
vt 0.384007 0.991719
vt 0.788146 0.986481
vt 0.785872 0.991164
vt 0.790119 0.991164
vt 0.405468 0.958264
vt 0.406249 0.953509
vt 0.402093 0.955710
vt 0.616715 0.364307
vt 0.612824 0.372602
vt 0.616715 0.373618
vt 0.402093 0.955710
vt 0.402409 0.964407
vt 0.405468 0.958264
vt 0.098159 0.353230
vt 0.095661 0.357097
vt 0.099523 0.357303
vt 0.774942 0.966025
vt 0.778235 0.960342
vt 0.774942 0.957501
vt 0.179467 0.622858
vt 0.175655 0.613464
vt 0.175655 0.623241
vt 0.008158 0.811136
vt 0.005111 0.813057
vt 0.008158 0.820172
vt 0.307718 0.986481
vt 0.303357 0.986481
vt 0.306408 0.991845
vt 0.982001 0.763137
vt 0.978423 0.761060
vt 0.974640 0.763137
vt 0.547362 0.986481
vt 0.544558 0.988226
vt 0.547362 0.991588
vt 0.402409 0.964407
vt 0.404859 0.961448
vt 0.405468 0.958264
vt 0.778235 0.960342
vt 0.774942 0.966025
vt 0.776636 0.967492
vt 0.907525 0.253376
vt 0.908110 0.259813
vt 0.910389 0.253116
vt 0.052483 0.917089
vt 0.054713 0.918546
vt 0.055472 0.912081
vt 0.055472 0.912081
vt 0.053232 0.912061
vt 0.052483 0.917089
vt 0.769040 0.979749
vt 0.771580 0.983303
vt 0.771580 0.976271
vt 0.977633 0.990857
vt 0.980164 0.990857
vt 0.979063 0.986481
vt 0.091881 0.988149
vt 0.087655 0.986481
vt 0.087655 0.992088
vt 0.978423 0.761060
vt 0.982001 0.763137
vt 0.982951 0.761881
vt 0.008158 0.820172
vt 0.005111 0.813057
vt 0.005736 0.820655
vt 0.910389 0.261043
vt 0.910389 0.253116
vt 0.908110 0.259813
vt 0.098159 0.353230
vt 0.095661 0.348046
vt 0.095661 0.357097
vt 0.986138 0.952374
vt 0.991909 0.952374
vt 0.988071 0.949667
vt 0.404859 0.961448
vt 0.406249 0.965860
vt 0.405468 0.958264
vt 0.992724 0.198964
vt 0.992055 0.196807
vt 0.986138 0.198964
vt 0.976573 0.935267
vt 0.982672 0.933247
vt 0.974640 0.933247
vt 0.585060 0.565058
vt 0.587347 0.558720
vt 0.584298 0.564275
vt 0.584298 0.564275
vt 0.585060 0.569401
vt 0.585060 0.565058
vt 0.872299 0.979651
vt 0.869398 0.977658
vt 0.869398 0.983144
vt 0.938142 0.262675
vt 0.939488 0.255647
vt 0.937579 0.254986
vt 0.633030 0.865699
vt 0.630237 0.866233
vt 0.629697 0.874495
vt 0.111519 0.984119
vt 0.114394 0.979731
vt 0.111519 0.976271
vt 0.091365 0.956592
vt 0.088290 0.947902
vt 0.088507 0.957703
vt 0.044009 0.990597
vt 0.046210 0.992214
vt 0.046210 0.986481
vt 0.197866 0.853973
vt 0.198465 0.860492
vt 0.200677 0.860464
vt 0.199375 0.852502
vt 0.197866 0.853973
vt 0.200677 0.860464
vt 0.776975 0.983269
vt 0.776975 0.976271
vt 0.773833 0.978349
vt 0.990574 0.065643
vt 0.992805 0.062785
vt 0.986138 0.062785
vt 0.990512 0.912909
vt 0.991956 0.910545
vt 0.986139 0.910545
vt 0.986138 0.254379
vt 0.987256 0.256410
vt 0.992677 0.254379
vt 0.761920 0.057103
vt 0.761920 0.047666
vt 0.759591 0.056810
vt 0.060118 0.338095
vt 0.061495 0.347532
vt 0.063629 0.337444
vt 0.060118 0.338095
vt 0.063629 0.337444
vt 0.061681 0.330028
vt 0.514996 0.918112
vt 0.514996 0.928335
vt 0.517192 0.927000
vt 0.058401 0.976271
vt 0.056007 0.976363
vt 0.058401 0.984194
vt 0.520852 0.916264
vt 0.515343 0.907948
vt 0.518888 0.917290
vt 0.523718 0.927951
vt 0.520852 0.916264
vt 0.518888 0.917290
vt 0.520306 0.926851
vt 0.523718 0.927951
vt 0.518888 0.917290
vt 0.964229 0.479667
vt 0.964229 0.470070
vt 0.961907 0.473317
vt 0.591461 0.917272
vt 0.591461 0.923441
vt 0.593874 0.918207
vt 0.591461 0.917272
vt 0.593874 0.918207
vt 0.593033 0.910870
vt 0.983350 0.490048
vt 0.982881 0.486448
vt 0.974640 0.490048
vt 0.797814 0.755592
vt 0.752526 0.768036
vt 0.797814 0.799445
vt 0.517635 0.991556
vt 0.517635 0.986481
vt 0.513487 0.987707
vt 0.933230 0.045683
vt 0.933230 0.036158
vt 0.929466 0.038769
vt 0.456826 0.171530
vt 0.452469 0.172584
vt 0.454171 0.182476
vt 0.454171 0.182476
vt 0.456826 0.184362
vt 0.456826 0.171530
vt 0.812497 0.923441
vt 0.812497 0.909062
vt 0.809220 0.919407
vt 0.484881 0.991575
vt 0.488963 0.991575
vt 0.486538 0.986481
vt 0.514594 0.890237
vt 0.514594 0.900600
vt 0.517192 0.893534
vt 0.519888 0.991558
vt 0.523751 0.988114
vt 0.519888 0.986481
vt 0.682744 0.113003
vt 0.679089 0.123610
vt 0.685239 0.115360
vt 0.719359 0.199176
vt 0.722764 0.200677
vt 0.722764 0.189344
vt 0.679089 0.123610
vt 0.680879 0.124608
vt 0.685239 0.115360
vt 0.677418 0.134054
vt 0.680879 0.124608
vt 0.679089 0.123610
vt 0.163633 0.557848
vt 0.161704 0.567769
vt 0.164784 0.567769
vt 0.680879 0.124608
vt 0.677418 0.134054
vt 0.680266 0.133790
vt 0.599088 0.735816
vt 0.602031 0.732682
vt 0.599088 0.723700
vt 0.929519 0.990906
vt 0.929519 0.986481
vt 0.926306 0.989168
vt 0.540351 0.957703
vt 0.543296 0.954104
vt 0.540351 0.943909
vt 0.437997 0.927031
vt 0.434818 0.927424
vt 0.436681 0.935094
vt 0.947289 0.009385
vt 0.947914 0.001508
vt 0.945050 0.001269
vt 0.982867 0.797744
vt 0.974640 0.797287
vt 0.974640 0.800431
vt 0.436681 0.935094
vt 0.438879 0.934829
vt 0.437997 0.927031
vt 0.945050 0.001269
vt 0.944366 0.009874
vt 0.947289 0.009385
vt 0.828438 0.549067
vt 0.830444 0.548133
vt 0.824606 0.542141
vt 0.940504 0.011958
vt 0.938467 0.012519
vt 0.937864 0.021430
vt 0.929951 0.257780
vt 0.929967 0.248055
vt 0.927328 0.254778
vt 0.941388 0.022841
vt 0.940504 0.011958
vt 0.937864 0.021430
vt 0.755764 0.986481
vt 0.751642 0.986481
vt 0.753535 0.991240
vt 0.937780 0.611820
vt 0.941388 0.602378
vt 0.937780 0.599994
vt 0.835528 0.933954
vt 0.835528 0.947949
vt 0.838677 0.945697
vt 0.960738 0.355424
vt 0.957642 0.345843
vt 0.957642 0.358935
vt 0.718631 0.986481
vt 0.715271 0.990720
vt 0.718631 0.991341
vt 0.929967 0.248055
vt 0.927328 0.247626
vt 0.927328 0.254778
vt 0.929371 0.239155
vt 0.927328 0.247626
vt 0.929967 0.248055
vt 0.938467 0.012519
vt 0.940504 0.011958
vt 0.938299 0.002219
vt 0.515343 0.933230
vt 0.523718 0.927951
vt 0.520306 0.926851
vt 0.983665 0.256383
vt 0.980441 0.254696
vt 0.974640 0.256383
vt 0.144136 0.983139
vt 0.145669 0.976271
vt 0.142071 0.976565
vt 0.144136 0.983139
vt 0.142071 0.976565
vt 0.142071 0.984072
vt 0.615083 0.376819
vt 0.613156 0.377943
vt 0.615083 0.386670
vt 0.941388 0.002271
vt 0.938299 0.002219
vt 0.940504 0.011958
vt 0.309989 0.940401
vt 0.307590 0.930994
vt 0.307590 0.941387
vt 0.712975 0.031260
vt 0.712539 0.021595
vt 0.710024 0.021433
vt 0.710024 0.021433
vt 0.710024 0.032630
vt 0.712975 0.031260
vt 0.413834 0.989863
vt 0.417682 0.991664
vt 0.417682 0.986481
vt 0.693112 0.112575
vt 0.695028 0.102539
vt 0.693112 0.100417
vt 0.305094 0.574015
vt 0.302790 0.580709
vt 0.305094 0.590611
vt 0.063629 0.337444
vt 0.061495 0.347532
vt 0.063629 0.354040
vt 0.438879 0.934829
vt 0.436681 0.935094
vt 0.434818 0.946282
vt 0.466487 0.177489
vt 0.469413 0.175282
vt 0.469878 0.163188
vt 0.814809 0.915103
vt 0.817392 0.917221
vt 0.815360 0.902569
vt 0.945822 0.018685
vt 0.947289 0.009385
vt 0.944366 0.009874
vt 0.983479 0.402872
vt 0.982897 0.400068
vt 0.974640 0.402872
vt 0.983553 0.340472
vt 0.975924 0.338119
vt 0.974640 0.340472
vt 0.830444 0.548133
vt 0.828438 0.549067
vt 0.830203 0.559863
vt 0.947289 0.009385
vt 0.945822 0.018685
vt 0.947914 0.019578
vt 0.828438 0.549067
vt 0.827284 0.560341
vt 0.830203 0.559863
vt 0.685239 0.140311
vt 0.680266 0.133790
vt 0.677418 0.134054
vt 0.618469 0.734939
vt 0.621610 0.727158
vt 0.620030 0.725950
vt 0.469413 0.175282
vt 0.466487 0.177489
vt 0.469878 0.184362
vt 0.828216 0.569087
vt 0.830203 0.559863
vt 0.827284 0.560341
vt 0.621610 0.727158
vt 0.618469 0.734939
vt 0.621610 0.737447
vt 0.824606 0.569932
vt 0.828216 0.569087
vt 0.827284 0.560341
vt 0.847660 0.906068
vt 0.847660 0.913652
vt 0.850022 0.912776
vt 0.850022 0.912776
vt 0.850017 0.906198
vt 0.847660 0.906068
vt 0.817392 0.917221
vt 0.814809 0.915103
vt 0.814809 0.925072
vt 0.734936 0.979884
vt 0.736405 0.983450
vt 0.736405 0.976271
vt 0.116647 0.984184
vt 0.118175 0.979825
vt 0.116647 0.976271
vt 0.133785 0.872864
vt 0.133785 0.861074
vt 0.130497 0.862695
vt 0.841291 0.934209
vt 0.838677 0.945697
vt 0.841865 0.948317
vt 0.413482 0.949421
vt 0.413482 0.962597
vt 0.416126 0.951952
vt 0.015209 0.996743
vt 0.012402 0.994503
vt 0.012402 0.998829
vt 0.676264 0.991364
vt 0.674884 0.986481
vt 0.672425 0.991364
vt 0.210155 0.992060
vt 0.210155 0.986481
vt 0.207122 0.988477
vt 0.257780 0.760337
vt 0.254952 0.764573
vt 0.257780 0.771408
vt 0.799291 0.218624
vt 0.802708 0.211670
vt 0.799291 0.209239
vt 0.768344 0.942341
vt 0.768344 0.952840
vt 0.771709 0.950457
vt 0.497810 0.986481
vt 0.495359 0.991546
vt 0.499915 0.991546
vt 0.022848 0.986481
vt 0.022848 0.992209
vt 0.025420 0.989014
vt 0.226781 0.731518
vt 0.223104 0.737217
vt 0.225769 0.740710
vt 0.828216 0.569087
vt 0.824606 0.569932
vt 0.826702 0.577104
vt 0.826702 0.577104
vt 0.830117 0.579531
vt 0.828216 0.569087
vt 0.226781 0.731518
vt 0.223390 0.733821
vt 0.223104 0.737217
vt 0.254952 0.764573
vt 0.254301 0.768238
vt 0.257780 0.771408
vt 0.357487 0.180148
vt 0.365394 0.180147
vt 0.365461 0.117618
vt 0.365461 0.117618
vt 0.357553 0.117618
vt 0.357487 0.180148
vt 0.357553 0.117618
vt 0.365461 0.117618
vt 0.357487 0.055064
vt 0.365394 0.055064
vt 0.357487 0.055064
vt 0.365461 0.117618
vt 0.794402 0.990140
vt 0.794894 0.986481
vt 0.792372 0.987065
vt 0.051438 0.995927
vt 0.049274 0.994503
vt 0.049274 0.998778
vt 0.792372 0.987065
vt 0.792372 0.991245
vt 0.794402 0.990140
vt 0.977780 0.892620
vt 0.982245 0.890299
vt 0.978202 0.888711
vt 0.978202 0.888711
vt 0.974640 0.889640
vt 0.977780 0.892620
vt 0.553790 0.986481
vt 0.555071 0.990384
vt 0.558107 0.986850
vt 0.988920 0.902398
vt 0.991908 0.898902
vt 0.986138 0.898902
vt 0.264670 0.991963
vt 0.267387 0.989213
vt 0.264670 0.986481
vt 0.129770 0.986481
vt 0.126174 0.989095
vt 0.129770 0.992100
vt 0.339086 0.991912
vt 0.341083 0.991263
vt 0.339086 0.986481
vt 0.889509 0.698694
vt 0.890887 0.703186
vt 0.892459 0.698971
vt 0.894073 0.693120
vt 0.888991 0.693120
vt 0.889509 0.698694
vt 0.373576 0.976271
vt 0.370240 0.979527
vt 0.373576 0.981035
vt 0.892459 0.698971
vt 0.894073 0.693120
vt 0.889509 0.698694
vt 0.928335 0.008033
vt 0.926092 0.007050
vt 0.926092 0.013052
vt 0.927410 0.002448
vt 0.926092 0.007050
vt 0.928335 0.008033
vt 0.587347 0.568854
vt 0.585060 0.565058
vt 0.585060 0.569401
vt 0.872299 0.979651
vt 0.871694 0.976271
vt 0.869398 0.977658
vt 0.108224 0.994503
vt 0.105546 0.994503
vt 0.105672 0.998527
vt 0.850017 0.906198
vt 0.847997 0.901784
vt 0.847660 0.906068
vt 0.805452 0.991241
vt 0.804648 0.988288
vt 0.803182 0.991241
vt 0.110481 0.994964
vt 0.112591 0.998069
vt 0.112591 0.994503
vt 0.773754 0.986481
vt 0.769228 0.988557
vt 0.773754 0.991184
vt 0.370240 0.979527
vt 0.372489 0.983705
vt 0.373576 0.981035
vt 0.476328 0.988487
vt 0.478001 0.991710
vt 0.478001 0.986481
vt 0.986138 0.299928
vt 0.992148 0.299928
vt 0.992630 0.297835
vt 0.986138 0.299928
vt 0.992630 0.297835
vt 0.987224 0.297837
vt 0.957703 0.710257
vt 0.954846 0.707392
vt 0.954523 0.712440
vt 0.159423 0.989467
vt 0.161769 0.990986
vt 0.161580 0.986861
vt 0.954523 0.712440
vt 0.957610 0.714606
vt 0.957703 0.710257
vt 0.017463 0.994503
vt 0.019004 0.998816
vt 0.020521 0.994503
vt 0.161580 0.986861
vt 0.158976 0.986481
vt 0.159423 0.989467
vt 0.952876 0.708142
vt 0.954523 0.712440
vt 0.954846 0.707392
vt 0.954846 0.707392
vt 0.957703 0.700972
vt 0.952876 0.708142
vt 0.091110 0.978398
vt 0.093374 0.984175
vt 0.093374 0.976271
vt 0.161769 0.990986
vt 0.159423 0.989467
vt 0.158976 0.992118
vt 0.941388 0.250723
vt 0.938204 0.250691
vt 0.939488 0.255647
vt 0.940324 0.244849
vt 0.938204 0.250691
vt 0.941388 0.250723
vt 0.630237 0.866233
vt 0.632072 0.859762
vt 0.629697 0.860749
vt 0.974640 0.883206
vt 0.974854 0.886024
vt 0.980365 0.883206
vt 0.937579 0.254986
vt 0.939488 0.255647
vt 0.938204 0.250691
vt 0.741755 0.559810
vt 0.744127 0.564241
vt 0.744214 0.559545
vt 0.741668 0.553943
vt 0.741755 0.559810
vt 0.744214 0.559545
vt 0.938204 0.250691
vt 0.940324 0.244849
vt 0.937579 0.244587
vt 0.744214 0.559545
vt 0.745605 0.553989
vt 0.741668 0.553943
vt 0.632072 0.859762
vt 0.630237 0.866233
vt 0.633030 0.865699
vt 0.955545 0.318012
vt 0.958002 0.323041
vt 0.959253 0.318316
vt 0.955545 0.318012
vt 0.959253 0.318316
vt 0.959334 0.312491
vt 0.979907 0.886457
vt 0.980365 0.883206
vt 0.974854 0.886024
vt 0.959334 0.312491
vt 0.956110 0.313080
vt 0.955545 0.318012
vt 0.874552 0.983178
vt 0.876586 0.977835
vt 0.874552 0.976271
vt 0.225778 0.977460
vt 0.227571 0.984037
vt 0.227571 0.976271
vt 0.803275 0.986481
vt 0.803182 0.991241
vt 0.804648 0.988288
vt 0.744127 0.564241
vt 0.741755 0.559810
vt 0.741668 0.564506
vt 0.090940 0.948319
vt 0.091365 0.944071
vt 0.088290 0.947902
vt 0.091365 0.956592
vt 0.090940 0.948319
vt 0.088290 0.947902
vt 0.516298 0.982474
vt 0.517886 0.983570
vt 0.519990 0.976271
vt 0.977780 0.892620
vt 0.982637 0.892620
vt 0.982245 0.890299
vt 0.653486 0.976271
vt 0.653486 0.983495
vt 0.654800 0.978054
vt 0.653486 0.976271
vt 0.654800 0.978054
vt 0.655376 0.977624
vt 0.517886 0.983570
vt 0.519990 0.983468
vt 0.519990 0.976271
vt 0.978836 0.512209
vt 0.982272 0.515958
vt 0.983253 0.514052
vt 0.990296 0.552636
vt 0.986138 0.555308
vt 0.992339 0.555308
vt 0.991001 0.552509
vt 0.990296 0.552636
vt 0.992339 0.555308
vt 0.558107 0.986850
vt 0.555071 0.990384
vt 0.558107 0.991508
vt 0.978836 0.512209
vt 0.977857 0.517061
vt 0.982272 0.515958
vt 0.980365 0.883206
vt 0.979907 0.886457
vt 0.982682 0.885473
vt 0.826350 0.989303
vt 0.824183 0.986481
vt 0.824183 0.991213
vt 0.959334 0.312491
vt 0.955545 0.309918
vt 0.956110 0.313080
vt 0.931773 0.990870
vt 0.935659 0.989379
vt 0.931773 0.986481
vt 0.978836 0.512209
vt 0.974640 0.512209
vt 0.977857 0.517061
vt 0.183489 0.998210
vt 0.183489 0.994503
vt 0.182301 0.998122
vt 0.726942 0.986481
vt 0.728040 0.991388
vt 0.728040 0.986971
vt 0.493106 0.986481
vt 0.491216 0.990530
vt 0.493106 0.991682
vt 0.979131 0.567206
vt 0.975380 0.569405
vt 0.976848 0.570052
vt 0.988260 0.489765
vt 0.992429 0.489765
vt 0.989760 0.487174
vt 0.988260 0.489765
vt 0.989760 0.487174
vt 0.986138 0.487290
vt 0.843041 0.311143
vt 0.804263 0.334832
vt 0.845128 0.337372
vt 0.557980 0.861428
vt 0.528225 0.875084
vt 0.557980 0.905494
vt 0.412775 0.934861
vt 0.412775 0.899999
vt 0.382306 0.911432
vt 0.991297 0.645051
vt 0.992136 0.640982
vt 0.987564 0.640982
vt 0.986138 0.645602
vt 0.991297 0.645051
vt 0.987564 0.640982
vt 0.835110 0.753763
vt 0.843496 0.732062
vt 0.821354 0.724745
vt 0.821354 0.724745
vt 0.843496 0.732062
vt 0.843346 0.693334
vt 0.821354 0.724745
vt 0.811891 0.742161
vt 0.835110 0.753763
vt 0.434281 0.846567
vt 0.466615 0.873726
vt 0.465192 0.846567
vt 0.843346 0.693334
vt 0.811891 0.699981
vt 0.821354 0.724745
vt 0.610444 0.988526
vt 0.615087 0.991431
vt 0.615087 0.986481
vt 0.743930 0.991242
vt 0.742604 0.986481
vt 0.739509 0.991242
vt 0.977312 0.124968
vt 0.979557 0.119988
vt 0.974640 0.119988
vt 0.986139 0.896649
vt 0.991882 0.896649
vt 0.988317 0.892601
vt 0.136199 0.987541
vt 0.132023 0.986481
vt 0.132209 0.992068
vt 0.132209 0.992068
vt 0.135900 0.992068
vt 0.136199 0.987541
vt 0.986138 0.723000
vt 0.991971 0.723000
vt 0.988577 0.717199
vt 0.986138 0.653668
vt 0.992053 0.651213
vt 0.986138 0.647855
vt 0.240341 0.980823
vt 0.236002 0.976271
vt 0.236002 0.983908
vt 0.977312 0.124968
vt 0.983625 0.121214
vt 0.979557 0.119988
vt 0.854198 0.976271
vt 0.854198 0.983053
vt 0.859173 0.979772
vt 0.692090 0.191788
vt 0.692934 0.241476
vt 0.709423 0.242472
vt 0.753702 0.790776
vt 0.797814 0.799445
vt 0.752526 0.768036
vt 0.709423 0.242472
vt 0.715040 0.193143
vt 0.692090 0.191788
vt 0.526004 0.991567
vt 0.529637 0.991567
vt 0.526843 0.986481
vt 0.966446 0.982865
vt 0.970355 0.981350
vt 0.966446 0.977391
vt 0.966446 0.977391
vt 0.970355 0.981350
vt 0.971671 0.976271
vt 0.960002 0.867430
vt 0.962597 0.874495
vt 0.962597 0.863629
vt 0.957073 0.865133
vt 0.960002 0.867430
vt 0.962597 0.863629
vt 0.936583 0.979837
vt 0.933906 0.976271
vt 0.933906 0.983051
vt 0.141690 0.986481
vt 0.138452 0.987901
vt 0.141690 0.992114
vt 0.879390 0.108207
vt 0.873747 0.110023
vt 0.878245 0.112575
vt 0.873747 0.099228
vt 0.874944 0.106335
vt 0.879390 0.108207
vt 0.874944 0.106335
vt 0.873747 0.110023
vt 0.879390 0.108207
vt 0.894073 0.635666
vt 0.884870 0.641334
vt 0.894073 0.655307
vt 0.905139 0.696388
vt 0.905494 0.676100
vt 0.894425 0.680746
vt 0.894425 0.680746
vt 0.898450 0.698791
vt 0.905139 0.696388
vt 0.530244 0.790214
vt 0.519552 0.790214
vt 0.522193 0.801077
vt 0.732553 0.859812
vt 0.727597 0.817182
vt 0.716302 0.815162
vt 0.716302 0.815162
vt 0.727597 0.817182
vt 0.732553 0.807112
vt 0.887454 0.655932
vt 0.894073 0.655307
vt 0.884870 0.641334
vt 0.169103 0.896229
vt 0.169895 0.917823
vt 0.175858 0.917968
vt 0.169103 0.896229
vt 0.175858 0.917968
vt 0.179568 0.897549
vt 0.258644 0.020923
vt 0.264306 0.024473
vt 0.260676 0.013864
vt 0.252661 0.008044
vt 0.258644 0.020923
vt 0.260676 0.013864
vt 0.699058 0.247643
vt 0.692090 0.295438
vt 0.706433 0.296290
vt 0.706433 0.296290
vt 0.709423 0.242472
vt 0.699058 0.247643
vt 0.663695 0.949320
vt 0.692479 0.920667
vt 0.664623 0.920667
vt 0.933230 0.261931
vt 0.907347 0.264264
vt 0.932967 0.298222
vt 0.900274 0.717436
vt 0.905494 0.717869
vt 0.898450 0.698791
vt 0.898450 0.698791
vt 0.905494 0.717869
vt 0.905139 0.696388
vt 0.887454 0.655932
vt 0.885887 0.672187
vt 0.894073 0.655307
vt 0.946814 0.106640
vt 0.941159 0.087868
vt 0.941159 0.107680
vt 0.952808 0.203940
vt 0.952808 0.187318
vt 0.949094 0.201545
vt 0.946814 0.106640
vt 0.947914 0.088829
vt 0.941159 0.087868
vt 0.182693 0.916583
vt 0.175858 0.917968
vt 0.187625 0.929967
vt 0.179568 0.897549
vt 0.175858 0.917968
vt 0.182693 0.916583
vt 0.953203 0.107680
vt 0.956071 0.093076
vt 0.949947 0.093076
vt 0.252661 0.022121
vt 0.258644 0.020923
vt 0.252661 0.008044
vt 0.182693 0.916583
vt 0.187625 0.902656
vt 0.179568 0.897549
vt 0.916915 0.157245
vt 0.912228 0.175725
vt 0.916915 0.176204
vt 0.952808 0.187318
vt 0.946308 0.186750
vt 0.949094 0.201545
vt 0.213729 0.960105
vt 0.205974 0.955792
vt 0.205974 0.967492
vt 0.692479 0.920667
vt 0.663695 0.949320
vt 0.693396 0.951177
vt 0.849452 0.334991
vt 0.852646 0.359032
vt 0.882653 0.348503
vt 0.907347 0.298568
vt 0.932967 0.298222
vt 0.907347 0.264264
vt 0.096002 0.938125
vt 0.128890 0.927250
vt 0.097746 0.903342
vt 0.947914 0.839037
vt 0.944320 0.839185
vt 0.945585 0.841865
vt 0.838677 0.945697
vt 0.835528 0.947949
vt 0.838499 0.951177
vt 0.637829 0.991444
vt 0.637485 0.986481
vt 0.634529 0.991444
vt 0.841865 0.948317
vt 0.838677 0.945697
vt 0.838499 0.951177
vt 0.749388 0.991296
vt 0.747807 0.986481
vt 0.746183 0.991296
vt 0.960738 0.355424
vt 0.960966 0.348590
vt 0.957642 0.345843
vt 0.901638 0.990930
vt 0.901638 0.986481
vt 0.897929 0.987425
vt 0.847459 0.976271
vt 0.847459 0.983086
vt 0.851945 0.979432
vt 0.416126 0.951952
vt 0.413482 0.962597
vt 0.416935 0.958665
vt 0.416935 0.958665
vt 0.413482 0.962597
vt 0.419301 0.961681
vt 0.032009 0.992128
vt 0.036069 0.992128
vt 0.033846 0.986481
vt 0.946957 0.833333
vt 0.944876 0.828518
vt 0.944274 0.834593
vt 0.947914 0.839037
vt 0.946957 0.833333
vt 0.944274 0.834593
vt 0.944274 0.834593
vt 0.944320 0.839185
vt 0.947914 0.839037
vt 0.944876 0.828518
vt 0.946957 0.833333
vt 0.947914 0.828826
vt 0.944876 0.828518
vt 0.947914 0.828826
vt 0.946844 0.824111
vt 0.110481 0.994964
vt 0.110477 0.998498
vt 0.112591 0.998069
vt 0.978518 0.930660
vt 0.981871 0.927410
vt 0.978207 0.928410
vt 0.979174 0.734094
vt 0.983016 0.734501
vt 0.979468 0.731963
vt 0.974640 0.733445
vt 0.974892 0.734501
vt 0.979174 0.734094
vt 0.978207 0.928410
vt 0.974640 0.930993
vt 0.978518 0.930660
vt 0.979468 0.731963
vt 0.974640 0.733445
vt 0.979174 0.734094
vt 0.983662 0.211917
vt 0.983599 0.209850
vt 0.974640 0.211917
vt 0.974640 0.379007
vt 0.980947 0.379098
vt 0.983624 0.379007
vt 0.976848 0.570052
vt 0.977211 0.571619
vt 0.980249 0.571894
vt 0.980073 0.568298
vt 0.976848 0.570052
vt 0.980249 0.571894
vt 0.980249 0.571894
vt 0.980994 0.569402
vt 0.980073 0.568298
vt 0.726942 0.986481
vt 0.725755 0.989828
vt 0.728040 0.991388
vt 0.975380 0.569405
vt 0.974640 0.571894
vt 0.977211 0.571619
vt 0.976848 0.570052
vt 0.975380 0.569405
vt 0.977211 0.571619
vt 0.981871 0.927410
vt 0.978518 0.930660
vt 0.982612 0.930993
vt 0.259318 0.997922
vt 0.258124 0.994503
vt 0.256076 0.997922
vt 0.986138 0.016653
vt 0.988425 0.019513
vt 0.992831 0.016653
vt 0.816962 0.991159
vt 0.817658 0.986481
vt 0.814148 0.986481
vt 0.878839 0.976271
vt 0.878839 0.983169
vt 0.880913 0.981526
vt 0.164517 0.465464
vt 0.163392 0.465128
vt 0.164784 0.470130
vt 0.022261 0.980618
vt 0.024658 0.980095
vt 0.024116 0.976271
vt 0.163392 0.465128
vt 0.162075 0.470023
vt 0.164784 0.470130
vt 0.024658 0.980095
vt 0.022261 0.980618
vt 0.024658 0.984206
vt 0.162004 0.473678
vt 0.164784 0.470130
vt 0.162075 0.470023
vt 0.313227 0.979749
vt 0.316378 0.979286
vt 0.313227 0.976271
vt 0.164784 0.470130
vt 0.162004 0.473678
vt 0.164712 0.473785
vt 0.316378 0.979286
vt 0.313227 0.979749
vt 0.313656 0.983800
vt 0.164784 0.478036
vt 0.164712 0.473785
vt 0.162004 0.473678
vt 0.575681 0.991065
vt 0.578218 0.991571
vt 0.578218 0.986481
vt 0.226781 0.731518
vt 0.223104 0.729326
vt 0.223390 0.733821
vt 0.254301 0.768238
vt 0.253194 0.771709
vt 0.257780 0.771408
vt 0.632276 0.988677
vt 0.628427 0.986481
vt 0.628427 0.991419
vt 0.828603 0.991102
vt 0.832871 0.989147
vt 0.828603 0.986481
vt 0.027674 0.992229
vt 0.029756 0.990774
vt 0.027674 0.986481
vt 0.830117 0.579531
vt 0.826702 0.577104
vt 0.825145 0.582453
vt 0.592254 0.986481
vt 0.592254 0.991558
vt 0.594588 0.990453
vt 0.771692 0.956071
vt 0.771709 0.950457
vt 0.768344 0.952840
vt 0.983186 0.567569
vt 0.980073 0.568298
vt 0.980994 0.569402
vt 0.977312 0.124968
vt 0.981010 0.124746
vt 0.983625 0.121214
vt 0.967492 0.881266
vt 0.962489 0.884440
vt 0.967492 0.887547
vt 0.149656 0.863638
vt 0.171310 0.871236
vt 0.165259 0.846284
vt 0.136780 0.847199
vt 0.149656 0.863638
vt 0.165259 0.846284
vt 0.466615 0.873726
vt 0.434281 0.846567
vt 0.433562 0.874932
vt 0.466615 0.873726
vt 0.433562 0.874932
vt 0.448017 0.892442
vt 0.345771 0.956319
vt 0.348983 0.961596
vt 0.352409 0.956502
vt 0.768818 0.796687
vt 0.769592 0.802697
vt 0.774972 0.798897
vt 0.349141 0.951808
vt 0.345771 0.956319
vt 0.352409 0.956502
vt 0.135416 0.953557
vt 0.129626 0.957536
vt 0.135416 0.959013
vt 0.348983 0.961596
vt 0.345771 0.956319
vt 0.342343 0.962597
vt 0.769592 0.802697
vt 0.774972 0.805971
vt 0.774972 0.798897
vt 0.960966 0.151379
vt 0.960966 0.146779
vt 0.955936 0.150800
vt 0.345771 0.956319
vt 0.349141 0.951808
vt 0.342343 0.948616
vt 0.955936 0.150800
vt 0.959534 0.159889
vt 0.960966 0.151379
vt 0.960839 0.716641
vt 0.965860 0.714564
vt 0.960123 0.712879
vt 0.171310 0.871236
vt 0.149656 0.863638
vt 0.136781 0.882060
vt 0.136781 0.882060
vt 0.158348 0.892442
vt 0.171310 0.871236
vt 0.136780 0.847199
vt 0.136781 0.882060
vt 0.149656 0.863638
vt 0.130352 0.965860
vt 0.135416 0.959013
vt 0.129626 0.957536
vt 0.960839 0.716641
vt 0.965860 0.722764
vt 0.965860 0.714564
vt 0.979473 0.028748
vt 0.974640 0.024453
vt 0.974640 0.032275
vt 0.650719 0.802812
vt 0.650719 0.810866
vt 0.655871 0.806914
vt 0.360817 0.799038
vt 0.365254 0.803998
vt 0.365461 0.798142
vt 0.650719 0.802812
vt 0.655871 0.806914
vt 0.655406 0.800389
vt 0.974640 0.024453
vt 0.979473 0.028748
vt 0.983565 0.024914
vt 0.965860 0.041622
vt 0.960843 0.041096
vt 0.959417 0.047314
vt 0.360817 0.803789
vt 0.362771 0.809234
vt 0.365254 0.803998
vt 0.365254 0.803998
vt 0.360817 0.799038
vt 0.360817 0.803789
vt 0.960843 0.041096
vt 0.965860 0.041622
vt 0.963182 0.037255
vt 0.963182 0.037255
vt 0.959417 0.035607
vt 0.960843 0.041096
vt 0.852646 0.359032
vt 0.867550 0.379839
vt 0.882653 0.348503
vt 0.910673 0.090262
vt 0.910673 0.125627
vt 0.925072 0.099928
vt 0.867550 0.379839
vt 0.882653 0.385039
vt 0.882653 0.348503
vt 0.359350 0.836517
vt 0.391947 0.856548
vt 0.399723 0.828393
vt 0.359004 0.813212
vt 0.359350 0.836517
vt 0.399723 0.828393
vt 0.399723 0.828393
vt 0.399723 0.799374
vt 0.359004 0.813212
vt 0.812497 0.778235
vt 0.811527 0.771135
vt 0.808887 0.772449
vt 0.420932 0.699133
vt 0.417097 0.699481
vt 0.417334 0.706449
vt 0.812497 0.778235
vt 0.808887 0.772449
vt 0.805797 0.775862
vt 0.680032 0.167378
vt 0.676024 0.172066
vt 0.681976 0.175342
vt 0.812497 0.765993
vt 0.808887 0.772449
vt 0.811527 0.771135
vt 0.417097 0.699481
vt 0.420932 0.699133
vt 0.417097 0.694256
vt 0.803031 0.769014
vt 0.805797 0.775862
vt 0.808887 0.772449
vt 0.806917 0.765939
vt 0.803031 0.769014
vt 0.808887 0.772449
vt 0.808887 0.772449
vt 0.812497 0.765993
vt 0.806917 0.765939
vt 0.991679 0.859729
vt 0.987502 0.863906
vt 0.991894 0.863906
vt 0.986138 0.859512
vt 0.987502 0.863906
vt 0.991679 0.859729
vt 0.986138 0.189205
vt 0.989865 0.187890
vt 0.986138 0.182903
vt 0.978548 0.856071
vt 0.982753 0.853755
vt 0.974640 0.853755
vt 0.956170 0.730921
vt 0.960966 0.721031
vt 0.956170 0.717856
vt 0.783130 0.830941
vt 0.779295 0.835724
vt 0.783130 0.839756
vt 0.059164 0.962831
vt 0.053674 0.955255
vt 0.053674 0.967492
vt 0.053674 0.967492
vt 0.063629 0.965431
vt 0.059164 0.962831
vt 0.226321 0.944651
vt 0.230044 0.939448
vt 0.226321 0.934976
vt 0.708391 0.986481
vt 0.703684 0.990619
vt 0.708391 0.991290
vt 0.777590 0.840233
vt 0.783130 0.839756
vt 0.779295 0.835724
vt 0.676024 0.179467
vt 0.681976 0.175342
vt 0.676024 0.172066
vt 0.840023 0.983053
vt 0.845206 0.982630
vt 0.840023 0.976271
vt 0.058026 0.956417
vt 0.059164 0.962831
vt 0.061837 0.959780
vt 0.975471 0.778596
vt 0.982743 0.778596
vt 0.979971 0.774367
vt 0.979971 0.774367
vt 0.974640 0.772606
vt 0.975471 0.778596
vt 0.992300 0.539650
vt 0.987120 0.535910
vt 0.986138 0.539650
vt 0.753323 0.976271
vt 0.747812 0.976788
vt 0.750365 0.981298
vt 0.986138 0.886218
vt 0.986138 0.890348
vt 0.991884 0.889062
vt 0.753323 0.983245
vt 0.753323 0.976271
vt 0.750365 0.981298
vt 0.026911 0.984046
vt 0.032466 0.979518
vt 0.026911 0.976271
vt 0.802517 0.976271
vt 0.796246 0.976271
vt 0.798111 0.983087
vt 0.992300 0.539650
vt 0.991079 0.535454
vt 0.987120 0.535910
vt 0.986138 0.593804
vt 0.992208 0.593804
vt 0.989041 0.589007
vt 0.986139 0.960139
vt 0.991769 0.956349
vt 0.986139 0.954627
vt 0.723576 0.983261
vt 0.723576 0.976271
vt 0.717885 0.978388
vt 0.986138 0.182903
vt 0.989865 0.187890
vt 0.992519 0.182929
vt 0.986138 0.086782
vt 0.992629 0.086782
vt 0.989797 0.080591
vt 0.911996 0.847117
vt 0.911996 0.879390
vt 0.926704 0.866019
vt 0.752193 0.825220
vt 0.747931 0.851654
vt 0.770540 0.845718
vt 0.770540 0.845718
vt 0.788025 0.816681
vt 0.752193 0.825220
vt 0.061837 0.959780
vt 0.059164 0.962831
vt 0.063629 0.965431
vt 0.986138 0.338861
vt 0.986138 0.344143
vt 0.992435 0.340945
vt 0.670555 0.078970
vt 0.663141 0.080133
vt 0.667086 0.084845
vt 0.672790 0.169678
vt 0.677081 0.162749
vt 0.672790 0.157122
vt 0.670555 0.078970
vt 0.667086 0.084845
vt 0.670555 0.085432
vt 0.672187 0.449042
vt 0.670189 0.454972
vt 0.672187 0.461720
vt 0.986138 0.511632
vt 0.986632 0.515293
vt 0.992338 0.511632
vt 0.991858 0.920995
vt 0.986138 0.920995
vt 0.989122 0.925045
vt 0.663141 0.080133
vt 0.660100 0.084164
vt 0.667086 0.084845
vt 0.422977 0.958977
vt 0.428228 0.961435
vt 0.429090 0.956856
vt 0.660100 0.084164
vt 0.662948 0.087907
vt 0.667086 0.084845
vt 0.428228 0.961435
vt 0.422977 0.958977
vt 0.422977 0.967492
vt 0.669894 0.091365
vt 0.667086 0.084845
vt 0.662948 0.087907
vt 0.669894 0.091365
vt 0.670555 0.085432
vt 0.667086 0.084845
vt 0.975765 0.976271
vt 0.973924 0.980189
vt 0.975765 0.983028
vt 0.986138 0.396055
vt 0.990633 0.397481
vt 0.986489 0.394241
vt 0.992460 0.394241
vt 0.986489 0.394241
vt 0.990633 0.397481
vt 0.917427 0.848391
vt 0.934861 0.811939
vt 0.903861 0.811939
vt 0.938125 0.110389
vt 0.913015 0.128695
vt 0.938125 0.140311
vt 0.763006 0.597623
vt 0.776554 0.629767
vt 0.802708 0.599856
vt 0.802708 0.555712
vt 0.763006 0.597623
vt 0.802708 0.599856
vt 0.815760 0.483500
vt 0.786432 0.484846
vt 0.794348 0.515625
vt 0.986138 0.400298
vt 0.986138 0.403963
vt 0.991536 0.399734
vt 0.978850 0.788680
vt 0.974640 0.790491
vt 0.982708 0.795034
vt 0.983068 0.647674
vt 0.976403 0.642025
vt 0.974640 0.647674
vt 0.276019 0.986481
vt 0.278442 0.991852
vt 0.280842 0.986481
vt 0.992392 0.404261
vt 0.991536 0.399734
vt 0.986138 0.403963
vt 0.974640 0.302261
vt 0.983449 0.302261
vt 0.976810 0.296980
vt 0.951358 0.562103
vt 0.953067 0.566547
vt 0.957243 0.562481
vt 0.974640 0.790491
vt 0.974650 0.795034
vt 0.982708 0.795034
vt 0.974640 0.080005
vt 0.983486 0.080005
vt 0.977498 0.074892
vt 0.986138 0.163173
vt 0.989328 0.167891
vt 0.992622 0.163173
vt 0.211779 0.850892
vt 0.212098 0.845630
vt 0.206922 0.854917
vt 0.212098 0.845630
vt 0.206922 0.847210
vt 0.206922 0.854917
vt 0.981363 0.071559
vt 0.977498 0.074892
vt 0.983486 0.080005
vt 0.001127 0.976271
vt 0.001127 0.983994
vt 0.006205 0.982912
vt 0.001127 0.976271
vt 0.006205 0.982912
vt 0.008190 0.979830
vt 0.953067 0.566547
vt 0.951358 0.571880
vt 0.957527 0.570677
vt 0.959334 0.567412
vt 0.957243 0.562481
vt 0.953067 0.566547
vt 0.957527 0.570677
vt 0.959334 0.567412
vt 0.953067 0.566547
vt 0.952120 0.575927
vt 0.957527 0.570677
vt 0.951358 0.571880
vt 0.987321 0.622480
vt 0.991372 0.624883
vt 0.992160 0.619918
vt 0.991372 0.624883
vt 0.987321 0.622480
vt 0.986138 0.624883
vt 0.952120 0.575927
vt 0.957454 0.574923
vt 0.957527 0.570677
vt 0.775034 0.545418
vt 0.778235 0.542443
vt 0.772528 0.539017
vt 0.771874 0.547124
vt 0.775034 0.545418
vt 0.772528 0.539017
vt 0.013283 0.070111
vt 0.019578 0.067547
vt 0.015976 0.063247
vt 0.991775 0.969993
vt 0.986138 0.969993
vt 0.988974 0.975340
vt 0.035236 0.021328
vt 0.041735 0.023084
vt 0.042420 0.015873
vt 0.974640 0.438286
vt 0.978625 0.443662
vt 0.983265 0.438286
vt 0.019578 0.067547
vt 0.013283 0.070111
vt 0.019578 0.073154
vt 0.164022 0.986481
vt 0.164022 0.992037
vt 0.168419 0.988138
vt 0.048278 0.524126
vt 0.048946 0.516104
vt 0.043253 0.519867
vt 0.043253 0.519867
vt 0.048946 0.516104
vt 0.038129 0.516104
vt 0.043253 0.519867
vt 0.044887 0.525141
vt 0.048278 0.524126
vt 0.038421 0.522651
vt 0.044887 0.525141
vt 0.043253 0.519867
vt 0.043253 0.519867
vt 0.038129 0.516104
vt 0.038421 0.522651
vt 0.992394 0.367380
vt 0.986138 0.367380
vt 0.987056 0.372849
vt 0.688402 0.147979
vt 0.691765 0.151731
vt 0.691765 0.141158
vt 0.778235 0.542443
vt 0.775034 0.545418
vt 0.778235 0.550247
vt 0.775034 0.545418
vt 0.771874 0.547124
vt 0.774737 0.551454
vt 0.774737 0.551454
vt 0.778235 0.550247
vt 0.775034 0.545418
vt 0.804263 0.334832
vt 0.804263 0.373618
vt 0.845128 0.337372
vt 0.038421 0.522651
vt 0.041809 0.526981
vt 0.044887 0.525141
vt 0.986400 0.277683
vt 0.986138 0.280721
vt 0.992463 0.280721
vt 0.992463 0.280721
vt 0.988757 0.274879
vt 0.986400 0.277683
vt 0.839371 0.959687
vt 0.841865 0.964229
vt 0.841865 0.954221
vt 0.584368 0.959205
vt 0.584368 0.969123
vt 0.588979 0.963036
vt 0.014939 0.079944
vt 0.019578 0.073154
vt 0.013283 0.070111
vt 0.035236 0.021328
vt 0.042420 0.032630
vt 0.041735 0.023084
vt 0.787343 0.620938
vt 0.791288 0.628136
vt 0.791288 0.618056
vt 0.187625 0.414429
vt 0.184693 0.412283
vt 0.184693 0.422564
vt 0.921105 0.679526
vt 0.921105 0.693396
vt 0.923441 0.687363
vt 0.802798 0.150749
vt 0.803921 0.158258
vt 0.807603 0.152154
vt 0.395082 0.952310
vt 0.387289 0.950271
vt 0.392137 0.955864
vt 0.807603 0.152154
vt 0.807603 0.147205
vt 0.802798 0.150749
vt 0.392137 0.955864
vt 0.398091 0.956088
vt 0.395082 0.952310
vt 0.982580 0.960043
vt 0.974640 0.960043
vt 0.977099 0.963211
vt 0.387289 0.964229
vt 0.392137 0.955864
vt 0.387289 0.950271
vt 0.661459 0.921809
vt 0.664029 0.915856
vt 0.661459 0.908017
vt 0.988989 0.119834
vt 0.986138 0.123037
vt 0.992738 0.123037
vt 0.688502 0.053592
vt 0.682941 0.057423
vt 0.688502 0.058741
vt 0.138332 0.799445
vt 0.141942 0.792318
vt 0.138332 0.789908
vt 0.974868 0.352892
vt 0.974640 0.357218
vt 0.983444 0.357218
vt 0.685014 0.066892
vt 0.688502 0.058741
vt 0.682941 0.057423
vt 0.633030 0.808384
vt 0.629143 0.805214
vt 0.627589 0.808719
vt 0.975801 0.750406
vt 0.978347 0.753261
vt 0.982805 0.746964
vt 0.628872 0.812412
vt 0.633030 0.808384
vt 0.627589 0.808719
vt 0.982805 0.746964
vt 0.974640 0.746964
vt 0.975801 0.750406
vt 0.531271 0.943641
vt 0.536770 0.941812
vt 0.531550 0.937720
vt 0.536770 0.941812
vt 0.531271 0.943641
vt 0.536770 0.952808
vt 0.364707 0.991120
vt 0.362005 0.986722
vt 0.360431 0.986481
vt 0.364707 0.991120
vt 0.360431 0.986481
vt 0.360431 0.991763
vt 0.986138 0.813285
vt 0.989414 0.808004
vt 0.986660 0.808711
vt 0.899862 0.951025
vt 0.906271 0.951199
vt 0.902929 0.946775
vt 0.342862 0.978974
vt 0.338687 0.976271
vt 0.338687 0.983086
vt 0.897902 0.947089
vt 0.899862 0.951025
vt 0.902929 0.946775
vt 0.342862 0.978974
vt 0.338687 0.983086
vt 0.345123 0.983585
vt 0.989414 0.808004
vt 0.986138 0.813285
vt 0.991896 0.813285
vt 0.908757 0.952636
vt 0.906271 0.951199
vt 0.903040 0.955800
vt 0.903040 0.955800
vt 0.906437 0.957037
vt 0.908757 0.952636
vt 0.906271 0.951199
vt 0.899862 0.951025
vt 0.903040 0.955800
vt 0.315229 0.991799
vt 0.315229 0.986481
vt 0.309971 0.989341
vt 0.597378 0.977308
vt 0.592476 0.976271
vt 0.592476 0.981345
vt 0.898012 0.956114
vt 0.903040 0.955800
vt 0.899862 0.951025
vt 0.592476 0.981345
vt 0.597685 0.983378
vt 0.597378 0.977308
vt 0.567973 0.966437
vt 0.567576 0.960754
vt 0.561572 0.962488
vt 0.986138 0.170144
vt 0.989812 0.174720
vt 0.992613 0.170144
vt 0.561572 0.962488
vt 0.562989 0.968529
vt 0.567973 0.966437
vt 0.982872 0.444737
vt 0.983265 0.438286
vt 0.978625 0.443662
vt 0.847203 0.367092
vt 0.853285 0.365684
vt 0.851038 0.361710
vt 0.522448 0.198351
vt 0.526981 0.195316
vt 0.522448 0.191100
vt 0.847203 0.367092
vt 0.851038 0.361710
vt 0.847203 0.357080
vt 0.027487 0.526981
vt 0.031806 0.521747
vt 0.027487 0.515603
vt 0.962306 0.457163
vt 0.967216 0.461034
vt 0.969123 0.457163
vt 0.526981 0.195316
vt 0.522448 0.198351
vt 0.526437 0.202309
vt 0.967216 0.461034
vt 0.962306 0.457163
vt 0.962873 0.466615
vt 0.027487 0.526981
vt 0.035893 0.524900
vt 0.031806 0.521747
vt 0.290411 0.866167
vt 0.267361 0.863666
vt 0.269887 0.907126
vt 0.843934 0.372484
vt 0.845128 0.337372
vt 0.804263 0.373618
vt 0.269887 0.907126
vt 0.290411 0.905835
vt 0.290411 0.866167
vt 0.116825 0.986481
vt 0.113244 0.986717
vt 0.113874 0.991652
vt 0.113874 0.991652
vt 0.116825 0.992104
vt 0.116825 0.986481
vt 0.046351 0.976271
vt 0.040515 0.976271
vt 0.045492 0.981547
vt 0.585716 0.314884
vt 0.585716 0.301962
vt 0.583864 0.308262
vt 0.977482 0.688349
vt 0.982284 0.686606
vt 0.974640 0.681482
vt 0.040681 0.984024
vt 0.045492 0.981547
vt 0.040515 0.976271
vt 0.724568 0.381776
vt 0.729290 0.373938
vt 0.724568 0.368415
vt 0.182730 0.964229
vt 0.179372 0.959769
vt 0.176261 0.963908
vt 0.794551 0.910643
vt 0.773234 0.890204
vt 0.773234 0.926704
vt 0.835339 0.229430
vt 0.814379 0.257981
vt 0.828703 0.257358
vt 0.819676 0.894322
vt 0.819802 0.927359
vt 0.845128 0.899268
vt 0.725812 0.185986
vt 0.716693 0.137041
vt 0.710174 0.185993
vt 0.975657 0.017887
vt 0.974640 0.022199
vt 0.979980 0.022007
vt 0.979980 0.022007
vt 0.981136 0.018677
vt 0.975657 0.017887
vt 0.685431 0.319038
vt 0.684731 0.323608
vt 0.690133 0.323371
vt 0.978690 0.578200
vt 0.978208 0.574147
vt 0.974640 0.576954
vt 0.861426 0.976271
vt 0.861426 0.983009
vt 0.867144 0.978686
vt 0.229610 0.991974
vt 0.229610 0.986481
vt 0.225385 0.988078
vt 0.688538 0.325758
vt 0.690133 0.323371
vt 0.684731 0.323608
vt 0.685169 0.327957
vt 0.688538 0.325758
vt 0.684731 0.323608
vt 0.978208 0.574147
vt 0.978690 0.578200
vt 0.982852 0.576795
vt 0.982852 0.576795
vt 0.983211 0.574147
vt 0.978208 0.574147
vt 0.979980 0.022007
vt 0.983748 0.022199
vt 0.981136 0.018677
vt 0.380238 0.983498
vt 0.383243 0.982355
vt 0.380238 0.976271
vt 0.685169 0.327957
vt 0.690133 0.327488
vt 0.688538 0.325758
vt 0.387096 0.979851
vt 0.380238 0.976271
vt 0.383243 0.982355
vt 0.690133 0.327488
vt 0.685169 0.327957
vt 0.689423 0.331199
vt 0.986138 0.263141
vt 0.992552 0.261067
vt 0.986138 0.258663
vt 0.194347 0.992144
vt 0.196071 0.990618
vt 0.194347 0.986481
vt 0.380238 0.976271
vt 0.387096 0.979851
vt 0.386585 0.977630
vt 0.354040 0.880539
vt 0.330887 0.898320
vt 0.354040 0.920178
vt 0.354040 0.920178
vt 0.330887 0.898320
vt 0.323161 0.919614
vt 0.253436 0.892867
vt 0.269887 0.907126
vt 0.267361 0.863666
vt 0.238099 0.994503
vt 0.238099 0.998040
vt 0.241129 0.994744
vt 0.022774 0.998109
vt 0.025749 0.998814
vt 0.025749 0.994503
vt 0.873119 0.986481
vt 0.874971 0.990959
vt 0.877550 0.986481
vt 0.964229 0.947439
vt 0.962792 0.944279
vt 0.958488 0.948067
vt 0.178080 0.976271
vt 0.171617 0.978161
vt 0.172284 0.981740
vt 0.958488 0.948067
vt 0.962840 0.952808
vt 0.964229 0.947439
vt 0.172284 0.981740
vt 0.178080 0.983875
vt 0.178080 0.976271
vt 0.962792 0.944279
vt 0.958488 0.942553
vt 0.958488 0.948067
vt 0.286699 0.983834
vt 0.286699 0.976271
vt 0.282777 0.978256
vt 0.760894 0.991299
vt 0.760894 0.986481
vt 0.758017 0.989432
vt 0.971540 0.986481
vt 0.971540 0.990793
vt 0.975380 0.988976
vt 0.992231 0.562491
vt 0.992231 0.557562
vt 0.986139 0.558603
vt 0.449374 0.976338
vt 0.453967 0.983444
vt 0.456503 0.976271
vt 0.986138 0.660014
vt 0.989790 0.664271
vt 0.992108 0.660014
vt 0.426430 0.990920
vt 0.427967 0.991768
vt 0.427967 0.986481
vt 0.974640 0.292464
vt 0.983446 0.294726
vt 0.983446 0.289327
vt 0.983446 0.289327
vt 0.974934 0.290871
vt 0.974640 0.292464
vt 0.893159 0.982950
vt 0.893988 0.976271
vt 0.889662 0.980746
vt 0.229824 0.983930
vt 0.233749 0.982605
vt 0.229824 0.976271
vt 0.983635 0.176979
vt 0.974640 0.176979
vt 0.981199 0.180537
vt 0.888374 0.976271
vt 0.889662 0.980746
vt 0.893988 0.976271
vt 0.449374 0.983363
vt 0.453967 0.983444
vt 0.449374 0.976338
vt 0.603810 0.991451
vt 0.607814 0.991366
vt 0.608191 0.988942
vt 0.603810 0.986481
vt 0.603810 0.991451
vt 0.608191 0.988942
vt 0.732553 0.751354
vt 0.696853 0.754180
vt 0.723975 0.776859
vt 0.918546 0.257780
vt 0.918546 0.219345
vt 0.905996 0.234227
vt 0.763006 0.597623
vt 0.802708 0.555712
vt 0.765238 0.560375
vt 0.696853 0.754180
vt 0.692979 0.793429
vt 0.723975 0.776859
vt 0.629143 0.805214
vt 0.633030 0.808384
vt 0.632678 0.804001
vt 0.986138 0.057572
vt 0.988263 0.060531
vt 0.992802 0.057572
vt 0.633030 0.808384
vt 0.628872 0.812412
vt 0.633030 0.814129
vt 0.185793 0.986481
vt 0.184409 0.992048
vt 0.188308 0.992048
vt 0.075344 0.983995
vt 0.078489 0.982773
vt 0.075344 0.977403
vt 0.075344 0.977403
vt 0.078489 0.982773
vt 0.081125 0.979870
vt 0.081125 0.979870
vt 0.081272 0.976271
vt 0.075344 0.977403
vt 0.147922 0.983893
vt 0.151884 0.977963
vt 0.147922 0.976271
vt 0.185742 0.998194
vt 0.186970 0.995517
vt 0.185742 0.994503
vt 0.147922 0.983893
vt 0.154968 0.979932
vt 0.151884 0.977963
vt 0.992238 0.606184
vt 0.992238 0.602477
vt 0.986138 0.604835
vt 0.139817 0.981081
vt 0.133256 0.976271
vt 0.136716 0.983071
vt 0.136716 0.983071
vt 0.133256 0.976271
vt 0.133256 0.983926
vt 0.903923 0.957193
vt 0.903040 0.955800
vt 0.901934 0.960966
vt 0.903040 0.955800
vt 0.898012 0.956114
vt 0.901934 0.960966
vt 0.897902 0.959393
vt 0.901934 0.960966
vt 0.898012 0.956114
vt 0.332509 0.986481
vt 0.333124 0.991468
vt 0.335345 0.991822
vt 0.335345 0.991822
vt 0.336832 0.986481
vt 0.332509 0.986481
vt 0.126345 0.853457
vt 0.102054 0.878204
vt 0.133785 0.897336
vt 0.668924 0.901818
vt 0.656853 0.871509
vt 0.656853 0.907126
vt 0.929967 0.867342
vt 0.920403 0.875424
vt 0.929967 0.898968
vt 0.641906 0.835435
vt 0.655302 0.819968
vt 0.638940 0.804733
vt 0.967492 0.881266
vt 0.967112 0.878101
vt 0.962489 0.884440
vt 0.962489 0.884440
vt 0.967112 0.878101
vt 0.962679 0.879740
vt 0.982284 0.686606
vt 0.982904 0.681482
vt 0.974640 0.681482
vt 0.990466 0.323407
vt 0.986138 0.322496
vt 0.986939 0.327755
vt 0.986939 0.327755
vt 0.992450 0.327755
vt 0.990466 0.323407
vt 0.175982 0.955991
vt 0.179372 0.959769
vt 0.182730 0.951300
vt 0.174303 0.960223
vt 0.179372 0.959769
vt 0.175982 0.955991
vt 0.174303 0.960223
vt 0.176261 0.963908
vt 0.179372 0.959769
vt 0.102054 0.878204
vt 0.098100 0.897336
vt 0.133785 0.897336
vt 0.103968 0.976271
vt 0.100026 0.977628
vt 0.103968 0.984090
vt 0.992663 0.030522
vt 0.987461 0.034641
vt 0.990641 0.036665
vt 0.974640 0.661097
vt 0.982988 0.661097
vt 0.975964 0.657811
vt 0.248524 0.987460
vt 0.244992 0.986481
vt 0.244992 0.991984
vt 0.205017 0.980639
vt 0.208193 0.983553
vt 0.211833 0.976271
vt 0.992663 0.030522
vt 0.986139 0.030522
vt 0.987461 0.034641
vt 0.211833 0.983814
vt 0.211833 0.976271
vt 0.208193 0.983553
vt 0.073091 0.976271
vt 0.067275 0.978420
vt 0.073091 0.980031
vt 0.978074 0.654833
vt 0.975964 0.657811
vt 0.982988 0.661097
vt 0.169364 0.976271
vt 0.165003 0.976271
vt 0.167012 0.983986
vt 0.974640 0.910881
vt 0.979144 0.917297
vt 0.981993 0.914369
vt 0.974640 0.910881
vt 0.981993 0.914369
vt 0.982480 0.910881
vt 0.820655 0.579190
vt 0.820655 0.539190
vt 0.806150 0.568245
vt 0.990788 0.459219
vt 0.986138 0.455167
vt 0.987702 0.461125
vt 0.986138 0.455167
vt 0.990788 0.459219
vt 0.992275 0.455167
vt 0.070552 0.983283
vt 0.073091 0.980031
vt 0.067275 0.978420
vt 0.067099 0.983997
vt 0.070552 0.983283
vt 0.067275 0.978420
vt 0.830022 0.290411
vt 0.828703 0.257358
vt 0.814379 0.257981
vt 0.845128 0.931598
vt 0.845128 0.899268
vt 0.819802 0.927359
vt 0.086471 0.794883
vt 0.077462 0.745202
vt 0.049520 0.765202
vt 0.086471 0.794883
vt 0.049520 0.765202
vt 0.049520 0.809234
vt 0.727792 0.903863
vt 0.739079 0.884594
vt 0.727792 0.861961
vt 0.077462 0.745202
vt 0.062016 0.738138
vt 0.049520 0.765202
vt 0.804340 0.873997
vt 0.789852 0.901538
vt 0.804340 0.912020
vt 0.653148 0.788727
vt 0.666144 0.819023
vt 0.690133 0.800379
vt 0.690133 0.772425
vt 0.653148 0.788727
vt 0.690133 0.800379
vt 0.789852 0.901538
vt 0.804340 0.873997
vt 0.785915 0.870568
vt 0.853773 0.242972
vt 0.889179 0.287148
vt 0.889179 0.240071
vt 0.081370 0.348080
vt 0.086523 0.343072
vt 0.081317 0.343663
vt 0.294520 0.986481
vt 0.289832 0.986776
vt 0.294330 0.988227
vt 0.289832 0.986776
vt 0.289832 0.991842
vt 0.294330 0.988227
vt 0.803382 0.955775
vt 0.798251 0.954947
vt 0.800529 0.960966
vt 0.975668 0.719073
vt 0.974640 0.724638
vt 0.980294 0.723827
vt 0.807603 0.959672
vt 0.803382 0.955775
vt 0.800529 0.960966
vt 0.980294 0.723827
vt 0.982879 0.719073
vt 0.975668 0.719073
vt 0.798251 0.954947
vt 0.803382 0.955775
vt 0.801134 0.950757
vt 0.283095 0.991858
vt 0.287579 0.989439
vt 0.283095 0.986481
vt 0.803382 0.955775
vt 0.807603 0.959672
vt 0.807603 0.946950
vt 0.807603 0.946950
vt 0.801134 0.950757
vt 0.803382 0.955775
vt 0.603663 0.748707
vt 0.599944 0.752207
vt 0.603663 0.760289
vt 0.603663 0.760289
vt 0.599944 0.752207
vt 0.597091 0.757366
vt 0.959367 0.830269
vt 0.964229 0.829157
vt 0.959367 0.825106
vt 0.545434 0.956809
vt 0.548290 0.961917
vt 0.554717 0.964405
vt 0.806271 0.573702
vt 0.810005 0.579974
vt 0.810790 0.574657
vt 0.806271 0.584085
vt 0.810005 0.579974
vt 0.806271 0.573702
vt 0.641906 0.835435
vt 0.675450 0.833521
vt 0.655302 0.819968
vt 0.964229 0.829157
vt 0.959367 0.830269
vt 0.961854 0.835339
vt 0.545434 0.967492
vt 0.554717 0.964405
vt 0.548290 0.961917
vt 0.814129 0.577513
vt 0.810790 0.574657
vt 0.810005 0.579974
vt 0.960365 0.842345
vt 0.964229 0.848391
vt 0.964229 0.838840
vt 0.675450 0.833521
vt 0.641906 0.835435
vt 0.638940 0.861436
vt 0.638940 0.861436
vt 0.673514 0.861443
vt 0.675450 0.833521
vt 0.187615 0.719973
vt 0.211110 0.711629
vt 0.185450 0.698678
vt 0.336434 0.976271
vt 0.330881 0.980613
vt 0.336434 0.983645
vt 0.918759 0.982896
vt 0.924590 0.982896
vt 0.922388 0.976271
vt 0.977683 0.952858
vt 0.981012 0.951495
vt 0.974640 0.947139
vt 0.974640 0.947139
vt 0.981012 0.951495
vt 0.982453 0.947139
vt 0.363082 0.983652
vt 0.367987 0.983652
vt 0.366007 0.976271
vt 0.847141 0.946282
vt 0.876127 0.946282
vt 0.872967 0.922943
vt 0.872967 0.922943
vt 0.848132 0.915885
vt 0.847141 0.946282
vt 0.991863 0.939644
vt 0.990731 0.935944
vt 0.987271 0.939644
vt 0.569112 0.991493
vt 0.571998 0.986487
vt 0.569841 0.986481
vt 0.571998 0.986487
vt 0.569112 0.991493
vt 0.573427 0.991493
vt 0.986138 0.935944
vt 0.987271 0.939644
vt 0.990731 0.935944
vt 0.815895 0.379565
vt 0.820986 0.378561
vt 0.814896 0.375492
vt 0.991896 0.904651
vt 0.986139 0.904651
vt 0.989806 0.908292
vt 0.825550 0.382134
vt 0.820986 0.378561
vt 0.819972 0.382614
vt 0.819972 0.382614
vt 0.820986 0.378561
vt 0.815895 0.379565
vt 0.819972 0.382614
vt 0.821999 0.384654
vt 0.825550 0.382134
vt 0.819972 0.382614
vt 0.815895 0.379565
vt 0.815400 0.383104
vt 0.819972 0.382614
vt 0.815400 0.383104
vt 0.818952 0.386670
vt 0.820986 0.378561
vt 0.825550 0.382134
vt 0.823522 0.377051
vt 0.211110 0.711629
vt 0.187615 0.719973
vt 0.216527 0.734482
vt 0.432353 0.838511
vt 0.405959 0.851231
vt 0.426690 0.861443
vt 0.818952 0.386670
vt 0.815400 0.383104
vt 0.814896 0.386650
vt 0.854575 0.989526
vt 0.858575 0.991013
vt 0.858575 0.986481
vt 0.643700 0.991414
vt 0.647354 0.991414
vt 0.646796 0.986902
vt 0.643700 0.991414
vt 0.646796 0.986902
vt 0.644693 0.986481
vt 0.987505 0.693681
vt 0.986138 0.697288
vt 0.992121 0.697288
vt 0.992121 0.697288
vt 0.991996 0.694189
vt 0.987505 0.693681
vt 0.235772 0.991980
vt 0.235772 0.987194
vt 0.232490 0.991440
vt 0.231863 0.986481
vt 0.232490 0.991440
vt 0.235772 0.987194
vt 0.435117 0.978182
vt 0.440700 0.983526
vt 0.440700 0.976271
vt 0.651233 0.976271
vt 0.645537 0.979476
vt 0.651233 0.983312
vt 0.161434 0.981271
vt 0.162750 0.976271
vt 0.157221 0.977490
vt 0.157221 0.977490
vt 0.157221 0.983940
vt 0.161434 0.981271
vt 0.974640 0.925157
vt 0.982517 0.925157
vt 0.979417 0.919550
vt 0.504802 0.961118
vt 0.510471 0.963263
vt 0.510666 0.957146
vt 0.986139 0.247956
vt 0.989667 0.252126
vt 0.992573 0.247956
vt 0.992334 0.387761
vt 0.986138 0.387555
vt 0.992424 0.391988
vt 0.983312 0.608306
vt 0.977378 0.606570
vt 0.974640 0.608306
vt 0.974640 0.704322
vt 0.978217 0.706629
vt 0.983060 0.704322
vt 0.358178 0.991737
vt 0.358178 0.986481
vt 0.353121 0.988046
vt 0.242739 0.986481
vt 0.238025 0.988410
vt 0.242739 0.991937
vt 0.987778 0.391988
vt 0.992424 0.391988
vt 0.986138 0.387555
vt 0.086523 0.343072
vt 0.081370 0.348080
vt 0.086652 0.346940
vt 0.087843 0.345295
vt 0.086652 0.346940
vt 0.091934 0.345801
vt 0.048605 0.982093
vt 0.053753 0.984058
vt 0.053753 0.976271
vt 0.084732 0.351255
vt 0.086652 0.346940
vt 0.081370 0.348080
vt 0.409542 0.983547
vt 0.407115 0.976271
vt 0.403930 0.983547
vt 0.393393 0.991738
vt 0.397219 0.989829
vt 0.393393 0.986481
vt 0.980792 0.331477
vt 0.974640 0.335866
vt 0.982000 0.335488
vt 0.086652 0.346940
vt 0.084732 0.351255
vt 0.088878 0.350462
vt 0.088878 0.350462
vt 0.091934 0.345801
vt 0.086652 0.346940
vt 0.974640 0.780849
vt 0.980277 0.786426
vt 0.982750 0.780849
vt 0.974640 0.828110
vt 0.982709 0.828110
vt 0.981286 0.823535
vt 0.085746 0.355672
vt 0.088878 0.350462
vt 0.084732 0.351255
vt 0.081317 0.353694
vt 0.085746 0.355672
vt 0.084732 0.351255
vt 0.088878 0.350462
vt 0.092997 0.350318
vt 0.091934 0.345801
vt 0.992227 0.600224
vt 0.992227 0.596057
vt 0.986139 0.597159
vt 0.987225 0.599946
vt 0.992227 0.600224
vt 0.986139 0.597159
vt 0.447718 0.986873
vt 0.451911 0.988639
vt 0.452121 0.986481
vt 0.451911 0.988639
vt 0.447718 0.986873
vt 0.447718 0.991599
vt 0.959556 0.629387
vt 0.958320 0.634047
vt 0.965860 0.634897
vt 0.315971 0.959111
vt 0.317327 0.951194
vt 0.312565 0.951532
vt 0.965860 0.634897
vt 0.965860 0.629030
vt 0.959556 0.629387
vt 0.422564 0.001218
vt 0.418305 0.006948
vt 0.422564 0.009952
vt 0.964104 0.639556
vt 0.965860 0.634897
vt 0.958320 0.634047
vt 0.317327 0.951194
vt 0.315971 0.959111
vt 0.321410 0.958939
vt 0.187615 0.719973
vt 0.185450 0.767664
vt 0.216527 0.734482
vt 0.205572 0.621997
vt 0.205572 0.617290
vt 0.201357 0.620549
vt 0.422564 0.009952
vt 0.418305 0.006948
vt 0.417617 0.011421
vt 0.205572 0.621997
vt 0.201357 0.620549
vt 0.201768 0.626504
vt 0.319104 0.964229
vt 0.315971 0.959111
vt 0.312565 0.962779
vt 0.346574 0.986481
vt 0.348563 0.991784
vt 0.350868 0.986481
vt 0.974640 0.474603
vt 0.979444 0.479321
vt 0.983312 0.474603
vt 0.293674 0.009034
vt 0.289363 0.012570
vt 0.293599 0.017268
vt 0.467206 0.965576
vt 0.478036 0.965860
vt 0.473227 0.960745
vt 0.588152 0.763305
vt 0.593874 0.767635
vt 0.593874 0.757165
vt 0.473227 0.960745
vt 0.470162 0.956018
vt 0.467174 0.959600
vt 0.289363 0.012570
vt 0.288432 0.017168
vt 0.293599 0.017268
vt 0.315971 0.959111
vt 0.319104 0.964229
vt 0.321410 0.958939
vt 0.478036 0.957635
vt 0.473227 0.960745
vt 0.478036 0.965860
vt 0.593874 0.767635
vt 0.588152 0.763305
vt 0.585896 0.768446
vt 0.470162 0.956018
vt 0.473227 0.960745
vt 0.474699 0.953675
vt 0.288507 0.022741
vt 0.293599 0.017268
vt 0.288432 0.017168
vt 0.473227 0.960745
vt 0.478036 0.957635
vt 0.474699 0.953675
vt 0.288507 0.022741
vt 0.293674 0.022841
vt 0.293599 0.017268
vt 0.225150 0.458690
vt 0.220220 0.463822
vt 0.225150 0.471510
vt 0.148626 0.420852
vt 0.154907 0.421541
vt 0.154995 0.414680
vt 0.393264 0.014684
vt 0.398064 0.006834
vt 0.393264 0.002081
vt 0.393264 0.002081
vt 0.398064 0.006834
vt 0.402660 0.003143
vt 0.980258 0.127221
vt 0.974640 0.131930
vt 0.983624 0.131930
vt 0.150941 0.425568
vt 0.154995 0.427458
vt 0.154907 0.421541
vt 0.154907 0.421541
vt 0.148626 0.420852
vt 0.150941 0.425568
vt 0.398064 0.006834
vt 0.393264 0.014684
vt 0.400218 0.012548
vt 0.398064 0.006834
vt 0.400218 0.012548
vt 0.402986 0.008515
vt 0.402986 0.008515
vt 0.402660 0.003143
vt 0.398064 0.006834
vt 0.959509 0.662188
vt 0.952407 0.660413
vt 0.957460 0.668937
vt 0.954016 0.136502
vt 0.959334 0.127720
vt 0.952134 0.130054
vt 0.959509 0.662188
vt 0.957460 0.668937
vt 0.962479 0.666377
vt 0.952134 0.130054
vt 0.949294 0.134435
vt 0.954016 0.136502
vt 0.216340 0.779867
vt 0.216527 0.734482
vt 0.185450 0.767664
vt 0.653148 0.788727
vt 0.690133 0.772425
vt 0.654725 0.754749
vt 0.947733 0.044401
vt 0.947733 0.053653
vt 0.949545 0.053840
vt 0.783130 0.068917
vt 0.780973 0.068913
vt 0.780973 0.086466
vt 0.949545 0.053840
vt 0.949545 0.044589
vt 0.947733 0.044401
vt 0.745605 0.956071
vt 0.745605 0.938043
vt 0.736249 0.938019
vt 0.736249 0.956048
vt 0.745605 0.956071
vt 0.736249 0.938019
vt 0.780973 0.086466
vt 0.783130 0.086471
vt 0.783130 0.068917
vt 0.951177 0.737336
vt 0.941813 0.737365
vt 0.951177 0.755365
vt 0.982203 0.045175
vt 0.983625 0.038990
vt 0.976095 0.041009
vt 0.933003 0.776646
vt 0.944977 0.768141
vt 0.933003 0.768013
vt 0.982203 0.045175
vt 0.976095 0.041009
vt 0.974640 0.045175
vt 0.941813 0.737365
vt 0.941813 0.755394
vt 0.951177 0.755365
vt 0.974640 0.610559
vt 0.975201 0.612442
vt 0.983294 0.610559
vt 0.850769 0.563872
vt 0.853285 0.555115
vt 0.846820 0.555390
vt 0.944977 0.768141
vt 0.933003 0.776646
vt 0.946282 0.777501
vt 0.846820 0.555390
vt 0.847208 0.564740
vt 0.850769 0.563872
vt 0.853285 0.555115
vt 0.850769 0.563872
vt 0.852955 0.564494
vt 0.218624 0.419301
vt 0.218624 0.409954
vt 0.216467 0.409953
vt 0.216467 0.409953
vt 0.216467 0.419299
vt 0.218624 0.419301
vt 0.265938 0.646082
vt 0.263778 0.628848
vt 0.140854 0.646082
vt 0.947914 0.111117
vt 0.940561 0.111016
vt 0.940561 0.130420
vt 0.887774 0.356827
vt 0.897336 0.338758
vt 0.891029 0.337693
vt 0.940561 0.130420
vt 0.947914 0.130522
vt 0.947914 0.111117
vt 0.634662 0.655437
vt 0.579300 0.695022
vt 0.634652 0.695028
vt 0.040764 0.740541
vt 0.025339 0.788892
vt 0.045683 0.780280
vt 0.593405 0.884068
vt 0.602024 0.864649
vt 0.593397 0.864653
vt 0.897336 0.338758
vt 0.887774 0.356827
vt 0.894782 0.358010
vt 0.143008 0.628848
vt 0.140854 0.646082
vt 0.263778 0.628848
vt 0.602024 0.864649
vt 0.593405 0.884068
vt 0.602031 0.884064
vt 0.579300 0.695022
vt 0.634662 0.655437
vt 0.579310 0.655431
vt 0.579300 0.695022
vt 0.579310 0.655431
vt 0.523946 0.695028
vt 0.691765 0.866552
vt 0.657495 0.866552
vt 0.674381 0.908757
vt 0.169678 0.521844
vt 0.126030 0.547301
vt 0.169678 0.554717
vt 0.963833 0.141930
vt 0.967492 0.132691
vt 0.963161 0.132145
vt 0.961046 0.132971
vt 0.963833 0.141930
vt 0.963161 0.132145
vt 0.963833 0.141930
vt 0.967492 0.141942
vt 0.967492 0.132691
vt 0.933003 0.776646
vt 0.934299 0.786725
vt 0.945580 0.785407
vt 0.945580 0.785407
vt 0.946282 0.777501
vt 0.933003 0.776646
vt 0.009789 0.955760
vt 0.006163 0.955247
vt 0.003493 0.961148
vt 0.934299 0.786725
vt 0.939841 0.789656
vt 0.945580 0.785407
vt 0.003493 0.961148
vt 0.009270 0.961539
vt 0.009789 0.955760
vt 0.728137 0.771234
vt 0.728137 0.781498
vt 0.730921 0.771722
vt 0.006163 0.955247
vt 0.003336 0.956128
vt 0.003493 0.961148
vt 0.846820 0.572664
vt 0.850769 0.563872
vt 0.847208 0.564740
vt 0.850769 0.563872
vt 0.846820 0.572664
vt 0.850382 0.571796
vt 0.850769 0.563872
vt 0.850382 0.571796
vt 0.852955 0.564494
vt 0.006236 0.967492
vt 0.009789 0.967287
vt 0.009270 0.961539
vt 0.003493 0.961148
vt 0.006236 0.967492
vt 0.009270 0.961539
vt 0.853285 0.572388
vt 0.852955 0.564494
vt 0.850382 0.571796
vt 0.006236 0.967492
vt 0.003493 0.961148
vt 0.003295 0.966937
vt 0.518824 0.836997
vt 0.513174 0.837375
vt 0.516936 0.862697
vt 0.651359 0.630377
vt 0.652608 0.605971
vt 0.519147 0.605971
vt 0.519147 0.605971
vt 0.519333 0.630377
vt 0.651359 0.630377
vt 0.511286 0.863075
vt 0.516936 0.862697
vt 0.513174 0.837375
vt 0.513174 0.837375
vt 0.510816 0.837347
vt 0.511286 0.863075
vt 0.136325 0.512298
vt 0.134891 0.507241
vt 0.002615 0.512298
vt 0.189256 0.484568
vt 0.180857 0.484962
vt 0.189256 0.506977
vt 0.889627 0.380475
vt 0.894782 0.358010
vt 0.887774 0.356827
vt 0.180157 0.507403
vt 0.189256 0.506977
vt 0.180857 0.484962
vt 0.602031 0.907122
vt 0.602031 0.884064
vt 0.593405 0.884068
vt 0.894782 0.358010
vt 0.889627 0.380475
vt 0.897336 0.381776
vt 0.593405 0.884068
vt 0.592686 0.907126
vt 0.602031 0.907122
vt 0.003820 0.613960
vt 0.004362 0.636293
vt 0.136502 0.636293
vt 0.510816 0.837347
vt 0.508508 0.862202
vt 0.511286 0.863075
vt 0.135960 0.613960
vt 0.002035 0.590207
vt 0.003820 0.613960
vt 0.136502 0.636293
vt 0.135960 0.613960
vt 0.003820 0.613960
vt 0.379833 0.168234
vt 0.385608 0.167519
vt 0.379833 0.002894
vt 0.385608 0.167519
vt 0.389933 0.169678
vt 0.385608 0.003617
vt 0.385608 0.167519
vt 0.385608 0.003617
vt 0.379833 0.002894
vt 0.389933 0.001462
vt 0.385608 0.003617
vt 0.389933 0.169678
vt 0.115844 0.740274
vt 0.085057 0.738034
vt 0.085057 0.769444
vt 0.024008 0.896686
vt 0.024008 0.931598
vt 0.058735 0.928147
vt 0.747931 0.792476
vt 0.752193 0.825220
vt 0.788025 0.816681
vt 0.954440 0.601421
vt 0.948619 0.598605
vt 0.948619 0.604084
vt 0.722195 0.959726
vt 0.723078 0.954313
vt 0.716718 0.955894
vt 0.954440 0.601421
vt 0.948619 0.604084
vt 0.953832 0.607592
vt 0.716718 0.955894
vt 0.716718 0.962341
vt 0.722195 0.959726
vt 0.372586 0.987768
vt 0.377086 0.991734
vt 0.377086 0.986481
vt 0.723078 0.954313
vt 0.722195 0.959726
vt 0.727658 0.956397
vt 0.949471 0.610189
vt 0.953832 0.607592
vt 0.948619 0.604084
vt 0.963119 0.561160
vt 0.963119 0.567769
vt 0.968578 0.565844
vt 0.963119 0.561160
vt 0.968578 0.565844
vt 0.969123 0.558365
vt 0.720757 0.965860
vt 0.722195 0.959726
vt 0.716718 0.962341
vt 0.727658 0.962844
vt 0.727658 0.956397
vt 0.722195 0.959726
vt 0.720757 0.965860
vt 0.727658 0.962844
vt 0.722195 0.959726
vt 0.808477 0.383418
vt 0.810866 0.377786
vt 0.802683 0.380384
vt 0.952185 0.115829
vt 0.952185 0.125627
vt 0.957533 0.120743
vt 0.808477 0.383418
vt 0.802683 0.380384
vt 0.804566 0.386665
vt 0.957703 0.116065
vt 0.952185 0.115829
vt 0.957533 0.120743
vt 0.812497 0.546332
vt 0.806567 0.546332
vt 0.808961 0.556349
vt 0.034631 0.040788
vt 0.039156 0.034258
vt 0.034631 0.029173
vt 0.802683 0.380384
vt 0.799475 0.381491
vt 0.799284 0.386670
vt 0.799284 0.374915
vt 0.799475 0.381491
vt 0.802683 0.380384
vt 0.802683 0.380384
vt 0.799284 0.386670
vt 0.804566 0.386665
vt 0.713503 0.820288
vt 0.712953 0.825441
vt 0.716238 0.826167
vt 0.716238 0.826167
vt 0.712953 0.825441
vt 0.712953 0.832076
vt 0.957703 0.116065
vt 0.955931 0.111180
vt 0.952185 0.115829
vt 0.207699 0.508872
vt 0.238202 0.509034
vt 0.229459 0.486611
vt 0.229459 0.486611
vt 0.188767 0.478115
vt 0.207699 0.508872
vt 0.365461 0.844985
vt 0.359168 0.845402
vt 0.365461 0.890300
vt 0.016315 0.564867
vt 0.015889 0.517749
vt 0.010242 0.517082
vt 0.010242 0.517082
vt 0.010242 0.567769
vt 0.016315 0.564867
vt 0.851668 0.583906
vt 0.850941 0.631399
vt 0.894073 0.631399
vt 0.894073 0.631399
vt 0.892644 0.583906
vt 0.851668 0.583906
vt 0.236571 0.698392
vt 0.230875 0.699005
vt 0.236571 0.748868
vt 0.357770 0.890810
vt 0.365461 0.890300
vt 0.359168 0.845402
vt 0.876127 0.752008
vt 0.876127 0.705229
vt 0.869658 0.705330
vt 0.869658 0.705330
vt 0.868220 0.752131
vt 0.876127 0.752008
vt 0.230464 0.745924
vt 0.236571 0.748868
vt 0.230875 0.699005
vt 0.523956 0.655437
vt 0.523946 0.695028
vt 0.579310 0.655431
vt 0.128603 0.848391
vt 0.133635 0.847672
vt 0.131479 0.819636
vt 0.271430 0.714272
vt 0.274096 0.716238
vt 0.274096 0.689787
vt 0.136511 0.819636
vt 0.131479 0.819636
vt 0.133635 0.847672
vt 0.274096 0.689787
vt 0.271541 0.690168
vt 0.271430 0.714272
vt 0.004057 0.507241
vt 0.134891 0.507241
vt 0.137048 0.504366
vt 0.002035 0.590207
vt 0.135960 0.613960
vt 0.137048 0.590207
vt 0.001900 0.504366
vt 0.004057 0.507241
vt 0.137048 0.504366
vt 0.004057 0.507241
vt 0.002615 0.512298
vt 0.134891 0.507241
vt 0.074185 0.528939
vt 0.076234 0.543827
vt 0.126030 0.547301
vt 0.126030 0.547301
vt 0.169678 0.521844
vt 0.125991 0.527253
vt 0.126030 0.547301
vt 0.125991 0.527253
vt 0.074185 0.528939
vt 0.070155 0.881373
vt 0.063500 0.881217
vt 0.067319 0.903863
vt 0.464983 0.943019
vt 0.464983 0.921936
vt 0.456478 0.937810
vt 0.937096 0.435616
vt 0.941388 0.415831
vt 0.937096 0.415146
vt 0.070155 0.881373
vt 0.059551 0.861696
vt 0.063500 0.881217
vt 0.063500 0.881217
vt 0.055542 0.864073
vt 0.057846 0.880577
vt 0.070155 0.881373
vt 0.063963 0.860370
vt 0.059551 0.861696
vt 0.008914 0.890997
vt 0.015243 0.871852
vt 0.011538 0.869714
vt 0.011538 0.869714
vt 0.002336 0.889795
vt 0.008914 0.890997
vt 0.500894 0.946929
vt 0.507403 0.949545
vt 0.507403 0.932509
vt 0.497733 0.930918
vt 0.500894 0.946929
vt 0.507403 0.932509
vt 0.192700 0.889179
vt 0.223696 0.888336
vt 0.204899 0.860152
vt 0.015243 0.871852
vt 0.008914 0.890997
vt 0.014953 0.889645
vt 0.015243 0.871852
vt 0.014953 0.889645
vt 0.019578 0.874011
vt 0.011191 0.910389
vt 0.008914 0.890997
vt 0.002336 0.889795
vt 0.008914 0.890997
vt 0.011191 0.910389
vt 0.019578 0.902491
vt 0.008914 0.890997
vt 0.019578 0.902491
vt 0.014953 0.889645
vt 0.936993 0.731515
vt 0.949545 0.734184
vt 0.946335 0.725207
vt 0.716693 0.137041
vt 0.707402 0.132103
vt 0.710174 0.185993
vt 0.946335 0.725207
vt 0.938237 0.724906
vt 0.936993 0.731515
vt 0.076234 0.543827
vt 0.074185 0.528939
vt 0.022343 0.545597
vt 0.954440 0.347514
vt 0.954440 0.332915
vt 0.947678 0.333732
vt 0.223696 0.888336
vt 0.236571 0.878334
vt 0.204899 0.860152
vt 0.936493 0.867969
vt 0.936493 0.846558
vt 0.922890 0.852419
vt 0.922890 0.852419
vt 0.936493 0.846558
vt 0.925163 0.838725
vt 0.449135 0.186889
vt 0.450300 0.168198
vt 0.428642 0.166771
vt 0.724520 0.912903
vt 0.735816 0.918176
vt 0.735816 0.898179
vt 0.428642 0.166771
vt 0.428642 0.189256
vt 0.449135 0.186889
vt 0.166415 0.401709
vt 0.156245 0.412009
vt 0.166415 0.422564
vt 0.920692 0.927915
vt 0.933137 0.917406
vt 0.921307 0.911158
vt 0.921307 0.911158
vt 0.933137 0.917406
vt 0.933230 0.903867
vt 0.788509 0.139105
vt 0.788509 0.160928
vt 0.801077 0.147884
vt 0.933137 0.917406
vt 0.920692 0.927915
vt 0.933230 0.934861
vt 0.422564 0.820655
vt 0.422564 0.803567
vt 0.410678 0.808576
vt 0.390953 0.947182
vt 0.404617 0.932201
vt 0.388614 0.927911
vt 0.798680 0.164784
vt 0.801077 0.147884
vt 0.788509 0.160928
vt 0.784203 0.923346
vt 0.784203 0.941992
vt 0.791275 0.926892
vt 0.800986 0.916416
vt 0.791275 0.926892
vt 0.810866 0.927926
vt 0.944038 0.036222
vt 0.936687 0.036038
vt 0.936687 0.056903
vt 0.048795 0.876842
vt 0.050577 0.855997
vt 0.044264 0.854963
vt 0.044264 0.854963
vt 0.041781 0.875693
vt 0.048795 0.876842
vt 0.936687 0.056903
vt 0.944651 0.057103
vt 0.944038 0.036222
vt 0.896304 0.385430
vt 0.889940 0.386442
vt 0.891897 0.407221
vt 0.891897 0.407221
vt 0.898968 0.406097
vt 0.896304 0.385430
vt 0.902442 0.022377
vt 0.903863 0.001555
vt 0.895241 0.001265
vt 0.895241 0.001265
vt 0.893102 0.022063
vt 0.902442 0.022377
vt 0.735816 0.918176
vt 0.724520 0.912903
vt 0.730186 0.929967
vt 0.199046 0.949978
vt 0.185113 0.935761
vt 0.185113 0.954440
vt 0.916627 0.733434
vt 0.910296 0.750419
vt 0.928335 0.742085
vt 0.928335 0.760955
vt 0.928335 0.742085
vt 0.910296 0.750419
vt 0.404617 0.932201
vt 0.390953 0.947182
vt 0.404617 0.949545
vt 0.910296 0.750419
vt 0.913055 0.765183
vt 0.928335 0.760955
vt 0.795552 0.946282
vt 0.791275 0.926892
vt 0.784203 0.941992
vt 0.199046 0.949978
vt 0.197085 0.937153
vt 0.185113 0.935761
vt 0.795552 0.946282
vt 0.810866 0.927926
vt 0.791275 0.926892
vt 0.795552 0.946282
vt 0.809189 0.942060
vt 0.810866 0.927926
vt 0.939681 0.955519
vt 0.937296 0.957933
vt 0.943019 0.965860
vt 0.400713 0.695900
vt 0.400713 0.708080
vt 0.404617 0.705986
vt 0.943019 0.965860
vt 0.943019 0.955769
vt 0.939681 0.955519
vt 0.481547 0.796944
vt 0.484562 0.797814
vt 0.484562 0.786273
vt 0.959334 0.089734
vt 0.959334 0.075202
vt 0.947947 0.081745
vt 0.081639 0.992114
vt 0.085401 0.988270
vt 0.081639 0.986481
vt 0.551162 0.916915
vt 0.554224 0.906117
vt 0.551162 0.902785
vt 0.927880 0.094930
vt 0.928640 0.093347
vt 0.921221 0.087053
vt 0.456826 0.889419
vt 0.454234 0.889419
vt 0.455607 0.898968
vt 0.977647 0.536357
vt 0.983130 0.536773
vt 0.974640 0.533316
vt 0.681352 0.991332
vt 0.682890 0.986481
vt 0.678517 0.986481
vt 0.956071 0.167503
vt 0.953043 0.164994
vt 0.953043 0.179467
vt 0.081718 0.994503
vt 0.078625 0.994503
vt 0.081464 0.998686
vt 0.358062 0.238421
vt 0.358991 0.251254
vt 0.361029 0.248366
vt 0.554224 0.906117
vt 0.551162 0.916915
vt 0.555177 0.913561
vt 0.362075 0.241088
vt 0.358062 0.238421
vt 0.361029 0.248366
vt 0.986138 0.302181
vt 0.986138 0.305147
vt 0.992583 0.303441
vt 0.223021 0.992046
vt 0.223132 0.986481
vt 0.220088 0.986481
vt 0.957703 0.306726
vt 0.957349 0.300274
vt 0.954580 0.301245
vt 0.669432 0.167931
vt 0.667425 0.168339
vt 0.669928 0.174573
vt 0.910521 0.362816
vt 0.908535 0.361997
vt 0.908277 0.368724
vt 0.626117 0.911491
vt 0.623905 0.916854
vt 0.625799 0.918111
vt 0.169776 0.451277
vt 0.171310 0.452721
vt 0.170585 0.450704
vt 0.259412 0.902280
vt 0.258515 0.904181
vt 0.259408 0.909237
vt 0.169776 0.451277
vt 0.169776 0.460089
vt 0.170585 0.450704
vt 0.883055 0.104872
vt 0.883613 0.115676
vt 0.885977 0.115024
vt 0.619486 0.704276
vt 0.621319 0.698327
vt 0.620342 0.698050
vt 0.311621 0.589747
vt 0.311621 0.579665
vt 0.310901 0.578947
vt 0.921850 0.533832
vt 0.921833 0.539727
vt 0.923553 0.540040
vt 0.310901 0.578947
vt 0.308744 0.589035
vt 0.311621 0.589747
vt 0.588979 0.879092
vt 0.586705 0.888362
vt 0.588979 0.888809
vt 0.974640 0.539462
vt 0.982080 0.538775
vt 0.977647 0.536357
vt 0.986139 0.780391
vt 0.988794 0.784412
vt 0.991979 0.780391
vt 0.957703 0.238202
vt 0.957703 0.224894
vt 0.954598 0.227086
vt 0.264795 0.997871
vt 0.264795 0.994503
vt 0.261572 0.997321
vt 0.969287 0.990913
vt 0.969287 0.986481
vt 0.967824 0.987997
vt 0.666713 0.147860
vt 0.667102 0.154920
vt 0.670555 0.153821
vt 0.729503 0.979934
vt 0.732683 0.983369
vt 0.732683 0.976271
vt 0.755577 0.976271
vt 0.755577 0.983373
vt 0.757884 0.978921
vt 0.542305 0.987209
vt 0.539367 0.987918
vt 0.542266 0.991519
vt 0.053691 0.998738
vt 0.056575 0.998738
vt 0.054563 0.994503
vt 0.660054 0.986481
vt 0.658526 0.988656
vt 0.660054 0.991508
vt 0.538022 0.991519
vt 0.539367 0.987918
vt 0.537965 0.986481
vt 0.588836 0.900600
vt 0.588979 0.888809
vt 0.586705 0.888362
vt 0.928640 0.093347
vt 0.927880 0.094930
vt 0.934861 0.102972
vt 0.522552 0.265938
vt 0.526981 0.265938
vt 0.524063 0.254408
vt 0.982080 0.538775
vt 0.983130 0.536773
vt 0.977647 0.536357
vt 0.758537 0.015646
vt 0.758657 0.008674
vt 0.756341 0.008346
vt 0.756341 0.017947
vt 0.758537 0.015646
vt 0.756341 0.008346
vt 0.975518 0.433616
vt 0.974640 0.436033
vt 0.983489 0.436033
vt 0.931210 0.102805
vt 0.934861 0.102972
vt 0.927880 0.094930
vt 0.945014 0.483672
vt 0.943590 0.482257
vt 0.942865 0.488729
vt 0.257089 0.911375
vt 0.259408 0.909237
vt 0.258515 0.904181
vt 0.942865 0.488729
vt 0.944942 0.490129
vt 0.945014 0.483672
vt 0.951434 0.932398
vt 0.951434 0.938972
vt 0.954440 0.938334
vt 0.312073 0.915085
vt 0.310390 0.925072
vt 0.313991 0.915566
vt 0.885218 0.121484
vt 0.885977 0.115024
vt 0.883613 0.115676
vt 0.313421 0.909435
vt 0.312462 0.909195
vt 0.312073 0.915085
vt 0.313991 0.915566
vt 0.313421 0.909435
vt 0.312073 0.915085
vt 0.313421 0.909435
vt 0.314884 0.903170
vt 0.312196 0.903225
vt 0.312196 0.903225
vt 0.314884 0.903170
vt 0.313301 0.898352
vt 0.312196 0.903225
vt 0.312462 0.909195
vt 0.313421 0.909435
vt 0.885402 0.127259
vt 0.885218 0.121484
vt 0.883055 0.127193
vt 0.317482 0.987259
vt 0.317482 0.991941
vt 0.319732 0.991758
vt 0.319893 0.986481
vt 0.317482 0.987259
vt 0.319732 0.991758
vt 0.313301 0.898352
vt 0.310390 0.898327
vt 0.312196 0.903225
vt 0.733060 0.986481
vt 0.730294 0.991147
vt 0.733060 0.991332
vt 0.046547 0.910607
vt 0.048674 0.915283
vt 0.048946 0.910275
vt 0.047049 0.906056
vt 0.044800 0.905688
vt 0.046547 0.910607
vt 0.048946 0.910275
vt 0.047049 0.906056
vt 0.046547 0.910607
vt 0.667425 0.168339
vt 0.669432 0.167931
vt 0.666713 0.162536
vt 0.955624 0.293231
vt 0.954580 0.301245
vt 0.957349 0.300274
vt 0.957349 0.300274
vt 0.957703 0.293760
vt 0.955624 0.293231
vt 0.908535 0.361997
vt 0.910521 0.362816
vt 0.912020 0.356670
vt 0.668721 0.162128
vt 0.666713 0.162536
vt 0.669432 0.167931
vt 0.912020 0.356670
vt 0.910118 0.355816
vt 0.908535 0.361997
vt 0.626176 0.924914
vt 0.625799 0.918111
vt 0.623905 0.916854
vt 0.623905 0.916854
vt 0.623906 0.925039
vt 0.626176 0.924914
vt 0.621319 0.698327
vt 0.619486 0.704276
vt 0.621609 0.704299
vt 0.212098 0.617260
vt 0.208838 0.617260
vt 0.211517 0.626504
vt 0.954345 0.946282
vt 0.954440 0.938334
vt 0.951434 0.938972
vt 0.508411 0.874878
vt 0.510666 0.874156
vt 0.508411 0.866503
vt 0.695028 0.955529
vt 0.691183 0.953327
vt 0.691183 0.964229
vt 0.670949 0.317118
vt 0.673508 0.316707
vt 0.673818 0.308176
vt 0.666713 0.162536
vt 0.668721 0.162128
vt 0.667102 0.154920
vt 0.974640 0.955112
vt 0.982604 0.957231
vt 0.982331 0.955112
vt 0.910118 0.355816
vt 0.912020 0.356670
vt 0.911762 0.350712
vt 0.670555 0.153821
vt 0.667102 0.154920
vt 0.668721 0.162128
vt 0.911762 0.350712
vt 0.908141 0.348374
vt 0.910118 0.355816
vt 0.625047 0.929058
vt 0.626176 0.924914
vt 0.623906 0.925039
vt 0.982604 0.957231
vt 0.974640 0.955112
vt 0.977941 0.957789
vt 0.626176 0.924914
vt 0.625047 0.929058
vt 0.628136 0.931393
vt 0.782335 0.991313
vt 0.783619 0.990347
vt 0.782335 0.986481
vt 0.073053 0.994503
vt 0.069730 0.994503
vt 0.070160 0.998690
vt 0.366960 0.991800
vt 0.370332 0.988761
vt 0.366960 0.986481
vt 0.912020 0.343985
vt 0.909271 0.343488
vt 0.908141 0.348374
vt 0.911762 0.350712
vt 0.912020 0.343985
vt 0.908141 0.348374
vt 0.411581 0.987804
vt 0.410993 0.986481
vt 0.410993 0.991848
vt 0.135599 0.997043
vt 0.138990 0.998316
vt 0.138990 0.994503
vt 0.538022 0.991519
vt 0.542266 0.991519
vt 0.539367 0.987918
vt 0.682279 0.980695
vt 0.680951 0.983344
vt 0.685474 0.982882
vt 0.682279 0.980695
vt 0.685474 0.982882
vt 0.685474 0.976271
vt 0.625047 0.929058
vt 0.623905 0.933230
vt 0.628136 0.931393
vt 0.226719 0.358999
vt 0.178586 0.360592
vt 0.178648 0.368469
vt 0.604364 0.517460
vt 0.486829 0.614432
vt 0.541844 0.595561
vt 0.178648 0.368469
vt 0.226781 0.366876
vt 0.226719 0.358999
vt 0.541844 0.595561
vt 0.582300 0.562390
vt 0.604364 0.517460
vt 0.012181 0.258147
vt 0.034263 0.303066
vt 0.074751 0.336216
vt 0.934861 0.102972
vt 0.931210 0.102805
vt 0.927769 0.110711
vt 0.934861 0.102972
vt 0.927769 0.110711
vt 0.929287 0.112698
vt 0.399332 0.654196
vt 0.399332 0.663406
vt 0.401354 0.662750
vt 0.259408 0.909237
vt 0.257089 0.911375
vt 0.259412 0.918546
vt 0.921639 0.547544
vt 0.923553 0.540040
vt 0.921833 0.539727
vt 0.885218 0.121484
vt 0.887547 0.122268
vt 0.885977 0.115024
vt 0.986138 0.336608
vt 0.992592 0.336608
vt 0.991200 0.334418
vt 0.308744 0.589035
vt 0.308746 0.595505
vt 0.311621 0.589747
vt 0.944942 0.490129
vt 0.945002 0.494442
vt 0.947914 0.497277
vt 0.942865 0.498064
vt 0.945002 0.494442
vt 0.944942 0.490129
vt 0.944942 0.490129
vt 0.942865 0.488729
vt 0.942865 0.498064
vt 0.723009 0.299692
vt 0.726027 0.294834
vt 0.723389 0.292248
vt 0.942865 0.498064
vt 0.946334 0.500877
vt 0.945002 0.494442
vt 0.979190 0.848739
vt 0.974640 0.848667
vt 0.977869 0.850568
vt 0.195106 0.980532
vt 0.195556 0.976271
vt 0.193342 0.979454
vt 0.981268 0.851501
vt 0.979190 0.848739
vt 0.977869 0.850568
vt 0.193342 0.979454
vt 0.192798 0.983039
vt 0.195106 0.980532
vt 0.195106 0.980532
vt 0.192798 0.983039
vt 0.195556 0.984045
vt 0.887547 0.122268
vt 0.885218 0.121484
vt 0.885402 0.127259
vt 0.983182 0.649928
vt 0.974845 0.649928
vt 0.974640 0.652474
vt 0.959202 0.927538
vt 0.962997 0.928829
vt 0.964229 0.927865
vt 0.964229 0.927865
vt 0.962997 0.928829
vt 0.964229 0.935579
vt 0.974640 0.652474
vt 0.981967 0.652580
vt 0.983182 0.649928
vt 0.947779 0.066402
vt 0.949545 0.060283
vt 0.947255 0.058426
vt 0.947255 0.058426
vt 0.945414 0.066305
vt 0.947779 0.066402
vt 0.943251 0.252862
vt 0.945840 0.252770
vt 0.946282 0.246839
vt 0.962997 0.928829
vt 0.959202 0.927538
vt 0.958584 0.930431
vt 0.962997 0.928829
vt 0.961660 0.935257
vt 0.964229 0.935579
vt 0.618347 0.448604
vt 0.615707 0.451837
vt 0.618347 0.453675
vt 0.959202 0.927538
vt 0.954344 0.928712
vt 0.958584 0.930431
vt 0.979444 0.544178
vt 0.975063 0.542722
vt 0.974640 0.543786
vt 0.149788 0.998223
vt 0.151011 0.998306
vt 0.151011 0.994503
vt 0.975063 0.542722
vt 0.979444 0.544178
vt 0.978625 0.542219
vt 0.350308 0.997506
vt 0.352538 0.997506
vt 0.351666 0.994503
vt 0.979190 0.848739
vt 0.981268 0.851501
vt 0.982735 0.848667
vt 0.982186 0.541715
vt 0.978625 0.542219
vt 0.979444 0.544178
vt 0.983311 0.544178
vt 0.982186 0.541715
vt 0.979444 0.544178
vt 0.621079 0.713024
vt 0.621609 0.704299
vt 0.619486 0.704276
vt 0.923553 0.540040
vt 0.921639 0.547544
vt 0.925072 0.549094
vt 0.619486 0.704276
vt 0.617079 0.713961
vt 0.621079 0.713024
vt 0.510666 0.874156
vt 0.508411 0.874878
vt 0.509953 0.884284
vt 0.400800 0.670555
vt 0.401354 0.662750
vt 0.399332 0.663406
vt 0.779575 0.011421
vt 0.781498 0.008313
vt 0.779575 0.001874
vt 0.673508 0.316707
vt 0.670949 0.317118
vt 0.673241 0.324051
vt 0.921221 0.119101
vt 0.929287 0.112698
vt 0.927769 0.110711
vt 0.974640 0.097098
vt 0.980365 0.099852
vt 0.983752 0.097098
vt 0.598768 0.534277
vt 0.595444 0.543739
vt 0.598768 0.544928
vt 0.669593 0.326440
vt 0.673241 0.324051
vt 0.670949 0.317118
vt 0.947680 0.071404
vt 0.947779 0.066402
vt 0.945414 0.066305
vt 0.945840 0.252770
vt 0.943251 0.252862
vt 0.942329 0.258570
vt 0.945590 0.071620
vt 0.947680 0.071404
vt 0.945414 0.066305
vt 0.942329 0.258570
vt 0.945080 0.257482
vt 0.945840 0.252770
vt 0.963408 0.939756
vt 0.964229 0.935579
vt 0.961660 0.935257
vt 0.960293 0.939647
vt 0.963408 0.939756
vt 0.961660 0.935257
vt 0.990865 0.525432
vt 0.986139 0.523428
vt 0.986567 0.526005
vt 0.986139 0.523428
vt 0.990865 0.525432
vt 0.992381 0.523428
vt 0.907903 0.986481
vt 0.903891 0.988691
vt 0.907903 0.990912
vt 0.961700 0.986481
vt 0.964625 0.990795
vt 0.965571 0.986481
vt 0.921639 0.554717
vt 0.925072 0.549094
vt 0.921639 0.547544
vt 0.726027 0.294834
vt 0.723009 0.299692
vt 0.726027 0.303463
vt 0.983652 0.243838
vt 0.981334 0.241784
vt 0.974640 0.243838
vt 0.617079 0.713961
vt 0.618600 0.720044
vt 0.621079 0.713024
vt 0.991751 0.730673
vt 0.988598 0.727319
vt 0.986139 0.730673
vt 0.462411 0.989158
vt 0.458931 0.986481
vt 0.458931 0.991628
vt 0.616120 0.183213
vt 0.616120 0.192519
vt 0.618346 0.188599
vt 0.583082 0.986481
vt 0.580471 0.988285
vt 0.583082 0.991561
vt 0.618600 0.720044
vt 0.621609 0.722393
vt 0.621079 0.713024
vt 0.617273 0.724395
vt 0.621609 0.722393
vt 0.618600 0.720044
vt 0.988598 0.727319
vt 0.991751 0.730673
vt 0.991983 0.725253
vt 0.097696 0.998608
vt 0.099909 0.998608
vt 0.099360 0.994503
vt 0.800929 0.986481
vt 0.797147 0.986481
vt 0.799090 0.991175
vt 0.133346 0.994503
vt 0.131145 0.998188
vt 0.133346 0.998414
vt 0.031892 0.994503
vt 0.033775 0.998763
vt 0.035411 0.994503
vt 0.940881 0.990898
vt 0.940881 0.986481
vt 0.937913 0.988876
vt 0.244728 0.697119
vt 0.241891 0.699570
vt 0.244728 0.709712
vt 0.766217 0.505771
vt 0.770078 0.496418
vt 0.766217 0.494495
vt 0.482999 0.654240
vt 0.486193 0.652197
vt 0.482999 0.640825
vt 0.316593 0.921809
vt 0.319372 0.911581
vt 0.316593 0.907786
vt 0.673241 0.324051
vt 0.669593 0.326440
vt 0.673818 0.336093
vt 0.482930 0.870264
vt 0.479951 0.882149
vt 0.482930 0.884284
vt 0.316593 0.921809
vt 0.319778 0.919106
vt 0.319372 0.911581
vt 0.241891 0.699570
vt 0.241373 0.706817
vt 0.244728 0.709712
vt 0.128892 0.998373
vt 0.125894 0.994503
vt 0.125170 0.998373
vt 0.241373 0.706817
vt 0.239069 0.709636
vt 0.244728 0.709712
vt 0.386261 0.991686
vt 0.391140 0.990230
vt 0.390017 0.987357
vt 0.390017 0.987357
vt 0.386261 0.986481
vt 0.386261 0.991686
vt 0.881021 0.633666
vt 0.874086 0.634663
vt 0.881021 0.679347
vt 0.706448 0.049243
vt 0.706060 0.002220
vt 0.700406 0.001612
vt 0.700406 0.001612
vt 0.700406 0.052209
vt 0.706448 0.049243
vt 0.634662 0.700234
vt 0.628964 0.700827
vt 0.634662 0.750500
vt 0.874086 0.680344
vt 0.881021 0.679347
vt 0.874086 0.634663
vt 0.042862 0.897704
vt 0.048795 0.876842
vt 0.041781 0.875693
vt 0.272464 0.492785
vt 0.263504 0.494427
vt 0.272464 0.513919
vt 0.894523 0.043737
vt 0.902442 0.022377
vt 0.893102 0.022063
vt 0.048795 0.876842
vt 0.042862 0.897704
vt 0.050577 0.898968
vt 0.872864 0.205572
vt 0.872864 0.158777
vt 0.865678 0.158557
vt 0.865678 0.158557
vt 0.865678 0.205352
vt 0.872864 0.205572
vt 0.628565 0.747535
vt 0.634662 0.750500
vt 0.628964 0.700827
vt 0.131479 0.819636
vt 0.136511 0.819636
vt 0.133635 0.792319
vt 0.133635 0.792319
vt 0.128603 0.791600
vt 0.131479 0.819636
vt 0.136511 0.819636
vt 0.138679 0.819638
vt 0.133635 0.792319
vt 0.273059 0.362198
vt 0.275727 0.360322
vt 0.273059 0.338303
vt 0.857451 0.332830
vt 0.855568 0.307057
vt 0.849675 0.306425
vt 0.849675 0.306425
vt 0.851558 0.332199
vt 0.857451 0.332830
vt 0.859812 0.331558
vt 0.857648 0.306767
vt 0.855568 0.307057
vt 0.855568 0.307057
vt 0.857451 0.332830
vt 0.859812 0.331558
vt 0.898968 0.406097
vt 0.891897 0.407221
vt 0.897718 0.427853
vt 0.263504 0.515561
vt 0.272464 0.513919
vt 0.263504 0.494427
vt 0.889940 0.429090
vt 0.897718 0.427853
vt 0.891897 0.407221
vt 0.902442 0.022377
vt 0.894523 0.043737
vt 0.903863 0.044051
vt 0.474075 0.991611
vt 0.474075 0.986481
vt 0.470403 0.988159
vt 0.464664 0.987777
vt 0.464664 0.991622
vt 0.467688 0.989715
vt 0.563657 0.989829
vt 0.560361 0.986481
vt 0.560361 0.991558
vt 0.467688 0.989715
vt 0.468150 0.986481
vt 0.464664 0.987777
vt 0.182156 0.986481
vt 0.177029 0.986618
vt 0.182156 0.991995
vt 0.556349 0.916200
vt 0.555177 0.913561
vt 0.551162 0.916915
vt 0.671673 0.976271
vt 0.668306 0.978749
vt 0.671673 0.983407
vt 0.358062 0.238421
vt 0.362075 0.241088
vt 0.363829 0.238421
vt 0.992145 0.759361
vt 0.990596 0.758044
vt 0.986138 0.759361
vt 0.987423 0.775763
vt 0.990892 0.778138
vt 0.992073 0.776495
vt 0.983756 0.084142
vt 0.977592 0.082259
vt 0.978699 0.085264
vt 0.253823 0.994503
vt 0.250855 0.995483
vt 0.253823 0.997952
vt 0.202467 0.998106
vt 0.205046 0.994644
vt 0.202467 0.994503
vt 0.987423 0.775763
vt 0.986139 0.778138
vt 0.990892 0.778138
vt 0.106905 0.976937
vt 0.109266 0.982029
vt 0.109266 0.976271
vt 0.986139 0.712700
vt 0.991014 0.714946
vt 0.992156 0.712700
vt 0.616206 0.458457
vt 0.618347 0.453675
vt 0.615707 0.451837
vt 0.106222 0.981245
vt 0.106275 0.984128
vt 0.109266 0.982029
vt 0.313592 0.893238
vt 0.310624 0.890964
vt 0.310501 0.893909
vt 0.106222 0.981245
vt 0.109266 0.982029
vt 0.106905 0.976937
vt 0.310501 0.893909
vt 0.310390 0.898327
vt 0.313301 0.898352
vt 0.310501 0.893909
vt 0.313301 0.898352
vt 0.313592 0.893238
vt 0.819912 0.991228
vt 0.821930 0.989464
vt 0.819912 0.986481
vt 0.067477 0.995694
vt 0.064079 0.994503
vt 0.064079 0.998693
vt 0.044800 0.905688
vt 0.047049 0.906056
vt 0.048946 0.901212
vt 0.048946 0.901212
vt 0.045223 0.900583
vt 0.044800 0.905688
vt 0.974640 0.726892
vt 0.980662 0.727669
vt 0.983013 0.726892
vt 0.981892 0.729709
vt 0.980662 0.727669
vt 0.974640 0.726892
vt 0.974640 0.011477
vt 0.983481 0.011477
vt 0.983885 0.010020
vt 0.974640 0.011477
vt 0.983885 0.010020
vt 0.982254 0.008809
vt 0.016364 0.986977
vt 0.013548 0.986481
vt 0.013098 0.988422
vt 0.454615 0.991688
vt 0.456372 0.990362
vt 0.456678 0.987043
vt 0.015441 0.990242
vt 0.016364 0.989997
vt 0.016364 0.986977
vt 0.720884 0.986481
vt 0.721388 0.989180
vt 0.723502 0.987096
vt 0.013098 0.988422
vt 0.015441 0.990242
vt 0.016364 0.986977
vt 0.456678 0.987043
vt 0.454374 0.986481
vt 0.454374 0.990796
vt 0.454374 0.990796
vt 0.454615 0.991688
vt 0.456678 0.987043
vt 0.977592 0.082259
vt 0.974640 0.083275
vt 0.975724 0.085264
vt 0.977592 0.082259
vt 0.975724 0.085264
vt 0.978699 0.085264
vt 0.437705 0.994503
vt 0.435540 0.994503
vt 0.436861 0.996812
vt 0.723314 0.991054
vt 0.721388 0.989180
vt 0.720884 0.991372
vt 0.221503 0.994503
vt 0.221503 0.998168
vt 0.222619 0.996480
vt 0.016364 0.989997
vt 0.015441 0.990242
vt 0.014992 0.992182
vt 0.723314 0.991054
vt 0.723502 0.987096
vt 0.721388 0.989180
vt 0.235846 0.994503
vt 0.233763 0.996680
vt 0.235846 0.998096
vt 0.029639 0.998873
vt 0.029639 0.994503
vt 0.028002 0.995692
vt 0.687727 0.978517
vt 0.691085 0.980243
vt 0.690199 0.976271
vt 0.687727 0.982729
vt 0.691085 0.980243
vt 0.687727 0.978517
vt 0.293079 0.994503
vt 0.290466 0.997150
vt 0.293079 0.997747
vt 0.041894 0.998822
vt 0.043331 0.995228
vt 0.041894 0.994503
vt 0.689140 0.983401
vt 0.691085 0.980243
vt 0.687727 0.982729
vt 0.332693 0.997672
vt 0.333644 0.994861
vt 0.332693 0.994503
vt 0.986138 0.517546
vt 0.986910 0.520556
vt 0.991915 0.517546
vt 0.974640 0.758303
vt 0.979671 0.758806
vt 0.975644 0.755515
vt 0.947680 0.071404
vt 0.945590 0.071620
vt 0.947455 0.076681
vt 0.947455 0.076681
vt 0.949545 0.076466
vt 0.947680 0.071404
vt 0.986910 0.520556
vt 0.992338 0.521175
vt 0.991915 0.517546
vt 0.942329 0.258570
vt 0.946282 0.262785
vt 0.945080 0.257482
vt 0.685143 0.986481
vt 0.688905 0.988577
vt 0.688941 0.986889
vt 0.641770 0.976271
vt 0.640145 0.976660
vt 0.640145 0.983441
vt 0.116844 0.995151
vt 0.114844 0.994503
vt 0.114844 0.998491
vt 0.640145 0.983441
vt 0.643283 0.977652
vt 0.641770 0.976271
vt 0.688905 0.988577
vt 0.685143 0.986481
vt 0.685143 0.991356
vt 0.990419 0.125290
vt 0.986138 0.128020
vt 0.992755 0.128020
vt 0.992755 0.128020
vt 0.991433 0.125367
vt 0.990419 0.125290
vt 0.992410 0.351661
vt 0.989690 0.354796
vt 0.992410 0.356065
vt 0.870866 0.986481
vt 0.869217 0.987818
vt 0.870866 0.991101
vt 0.838566 0.991121
vt 0.841890 0.987868
vt 0.838566 0.986481
vt 0.946282 0.262785
vt 0.942329 0.258570
vt 0.943110 0.263294
vt 0.946282 0.262785
vt 0.943110 0.263294
vt 0.944228 0.265938
vt 0.664581 0.991383
vt 0.665976 0.986481
vt 0.662308 0.986481
vt 0.986138 0.320242
vt 0.992622 0.320242
vt 0.987740 0.318689
vt 0.987740 0.318689
vt 0.987060 0.318302
vt 0.986138 0.320242
vt 0.989274 0.356912
vt 0.989690 0.354796
vt 0.986138 0.353354
vt 0.587393 0.991450
vt 0.590000 0.986481
vt 0.585335 0.986481
vt 0.531890 0.991552
vt 0.535712 0.991552
vt 0.533634 0.986481
vt 0.322147 0.986481
vt 0.322147 0.991864
vt 0.326034 0.989931
vt 0.006279 0.998790
vt 0.010149 0.998790
vt 0.007810 0.994503
vt 0.979954 0.755945
vt 0.975644 0.755515
vt 0.979671 0.758806
vt 0.982892 0.755515
vt 0.979954 0.755945
vt 0.979671 0.758806
vt 0.989690 0.354796
vt 0.992410 0.351661
vt 0.988047 0.351537
vt 0.989690 0.354796
vt 0.988047 0.351537
vt 0.986138 0.353354
vt 0.953289 0.990799
vt 0.954015 0.986481
vt 0.949701 0.986481
vt 0.163146 0.994503
vt 0.165304 0.998218
vt 0.165778 0.994503
vt 0.301103 0.986481
vt 0.296773 0.988214
vt 0.301103 0.991851
vt 0.986138 0.878091
vt 0.991835 0.878091
vt 0.989573 0.872725
vt 0.001127 0.990680
vt 0.003815 0.992231
vt 0.003815 0.986481
vt 0.254264 0.986481
vt 0.250777 0.991110
vt 0.254264 0.991957
vt 0.169678 0.521844
vt 0.166942 0.491250
vt 0.125991 0.527253
vt 0.892010 0.856548
vt 0.907126 0.856548
vt 0.901602 0.815113
vt 0.978355 0.103550
vt 0.983565 0.108155
vt 0.983581 0.102105
vt 0.772750 0.384217
vt 0.770150 0.390462
vt 0.773341 0.392128
vt 0.770150 0.390462
vt 0.770150 0.394828
vt 0.773341 0.392128
vt 0.975679 0.061848
vt 0.979997 0.057823
vt 0.974640 0.056388
vt 0.982338 0.060619
vt 0.979997 0.057823
vt 0.975679 0.061848
vt 0.979997 0.057823
vt 0.982338 0.060619
vt 0.983647 0.056388
vt 0.357487 0.055064
vt 0.365394 0.055064
vt 0.365195 0.001831
vt 0.365195 0.001831
vt 0.357287 0.001831
vt 0.357487 0.055064
vt 0.881021 0.117881
vt 0.863395 0.109782
vt 0.863395 0.156626
vt 0.715040 0.193143
vt 0.709423 0.242472
vt 0.724395 0.245386
vt 0.719370 0.296937
vt 0.724395 0.245386
vt 0.709423 0.242472
vt 0.709423 0.242472
vt 0.706433 0.296290
vt 0.719370 0.296937
vt 0.022440 0.529972
vt 0.022343 0.545597
vt 0.074185 0.528939
vt 0.634662 0.856103
vt 0.634662 0.819245
vt 0.598221 0.832869
vt 0.598221 0.832869
vt 0.634662 0.819245
vt 0.612553 0.804740
vt 0.594541 0.861443
vt 0.634662 0.856103
vt 0.598221 0.832869
vt 0.943235 0.548652
vt 0.946282 0.519017
vt 0.922223 0.519017
vt 0.943235 0.548652
vt 0.922223 0.519017
vt 0.927824 0.549823
vt 0.166415 0.892443
vt 0.151546 0.897352
vt 0.160545 0.919839
vt 0.781360 0.450926
vt 0.817492 0.453563
vt 0.782483 0.426760
vt 0.012202 0.835522
vt 0.036728 0.794375
vt 0.012202 0.805324
vt 0.128890 0.900441
vt 0.097746 0.903342
vt 0.128890 0.927250
vt 0.815995 0.423700
vt 0.782483 0.426760
vt 0.817492 0.453563
vt 0.809159 0.867590
vt 0.822286 0.876127
vt 0.818499 0.843159
vt 0.818499 0.843159
vt 0.787404 0.823754
vt 0.787404 0.864870
vt 0.787404 0.864870
vt 0.809159 0.867590
vt 0.818499 0.843159
vt 0.933432 0.505013
vt 0.937417 0.481322
vt 0.933432 0.481284
vt 0.397715 0.165526
vt 0.393524 0.165483
vt 0.393524 0.189224
vt 0.393524 0.189224
vt 0.398091 0.189256
vt 0.397715 0.165526
vt 0.933589 0.758657
vt 0.938124 0.736504
vt 0.934066 0.736537
vt 0.937417 0.481322
vt 0.933432 0.505013
vt 0.938125 0.505771
vt 0.846759 0.216992
vt 0.846759 0.194647
vt 0.841513 0.196537
vt 0.938124 0.736504
vt 0.933589 0.758657
vt 0.938124 0.758384
vt 0.903416 0.905165
vt 0.903863 0.865335
vt 0.901845 0.865101
vt 0.464983 0.883480
vt 0.460670 0.883501
vt 0.460670 0.918546
vt 0.901845 0.865101
vt 0.901845 0.905494
vt 0.903416 0.905165
vt 0.460670 0.918546
vt 0.464983 0.918525
vt 0.464983 0.883480
vt 0.905092 0.567483
vt 0.908757 0.528229
vt 0.905092 0.527943
vt 0.238845 0.846039
vt 0.238845 0.871232
vt 0.243097 0.869355
vt 0.903862 0.289169
vt 0.901843 0.289402
vt 0.903862 0.329567
vt 0.908757 0.528229
vt 0.905092 0.567483
vt 0.908757 0.567769
vt 0.902291 0.329237
vt 0.903862 0.329567
vt 0.901843 0.289402
vt 0.905049 0.763227
vt 0.905494 0.723473
vt 0.903477 0.723234
vt 0.915283 0.656262
vt 0.909545 0.656643
vt 0.908893 0.669487
vt 0.915283 0.656262
vt 0.908893 0.669487
vt 0.915283 0.691384
vt 0.903477 0.723234
vt 0.903477 0.763552
vt 0.905049 0.763227
vt 0.026104 0.033846
vt 0.025560 0.019009
vt 0.020695 0.018403
vt 0.020695 0.058129
vt 0.026104 0.033846
vt 0.020695 0.018403
vt 0.100524 0.986907
vt 0.105105 0.991643
vt 0.105105 0.986481
vt 0.903862 0.382234
vt 0.901842 0.382452
vt 0.901842 0.397220
vt 0.901842 0.397220
vt 0.903862 0.397002
vt 0.903862 0.382234
vt 0.100524 0.986907
vt 0.100524 0.992068
vt 0.105105 0.991643
vt 0.903862 0.397002
vt 0.901842 0.397220
vt 0.901932 0.422222
vt 0.909545 0.691765
vt 0.915283 0.691384
vt 0.908893 0.669487
vt 0.901932 0.422222
vt 0.903501 0.422564
vt 0.903862 0.397002
vt 0.026104 0.033846
vt 0.020695 0.058129
vt 0.025560 0.058735
vt 0.703278 0.327936
vt 0.708080 0.327832
vt 0.708080 0.301224
vt 0.184260 0.406249
vt 0.189256 0.382501
vt 0.184260 0.383153
vt 0.708080 0.301224
vt 0.703386 0.301331
vt 0.703278 0.327936
vt 0.223165 0.699449
vt 0.218598 0.699458
vt 0.218338 0.726027
vt 0.218338 0.726027
vt 0.223518 0.726027
vt 0.223165 0.699449
vt 0.695028 0.002374
vt 0.690553 0.003238
vt 0.695028 0.029367
vt 0.459604 0.165765
vt 0.459604 0.189256
vt 0.464983 0.187788
vt 0.189256 0.382501
vt 0.184260 0.406249
vt 0.188786 0.405849
vt 0.060968 0.991663
vt 0.060973 0.986481
vt 0.056385 0.992062
vt 0.055792 0.986481
vt 0.056385 0.992062
vt 0.060973 0.986481
vt 0.858180 0.179467
vt 0.858180 0.127133
vt 0.851441 0.127006
vt 0.851441 0.127006
vt 0.851441 0.179340
vt 0.858180 0.179467
vt 0.210466 0.708080
vt 0.210063 0.703460
vt 0.205439 0.705819
vt 0.167571 0.883045
vt 0.172941 0.879317
vt 0.172855 0.874922
vt 0.014684 0.913448
vt 0.012562 0.918681
vt 0.014684 0.926704
vt 0.863355 0.329373
vt 0.870330 0.339356
vt 0.868814 0.332296
vt 0.863355 0.329373
vt 0.868814 0.332296
vt 0.871232 0.329373
vt 0.210063 0.703460
vt 0.210466 0.696824
vt 0.205865 0.700787
vt 0.167571 0.883045
vt 0.172941 0.885180
vt 0.172941 0.879317
vt 0.205865 0.700787
vt 0.205439 0.705819
vt 0.210063 0.703460
vt 0.836970 0.642885
vt 0.831815 0.641409
vt 0.834687 0.647666
vt 0.167571 0.883045
vt 0.169307 0.889179
vt 0.172941 0.885180
vt 0.828482 0.645836
vt 0.834687 0.647666
vt 0.831815 0.641409
vt 0.428714 0.976271
vt 0.428714 0.983600
vt 0.432864 0.980486
vt 0.834687 0.647666
vt 0.829467 0.655871
vt 0.836970 0.653156
vt 0.392798 0.961697
vt 0.390776 0.966554
vt 0.398091 0.969123
vt 0.829467 0.655871
vt 0.834687 0.647666
vt 0.828482 0.645836
vt 0.398091 0.959127
vt 0.392798 0.961697
vt 0.398091 0.969123
vt 0.786432 0.484846
vt 0.769154 0.510938
vt 0.794348 0.515625
vt 0.877758 0.816236
vt 0.872262 0.814499
vt 0.872262 0.825550
vt 0.251389 0.763552
vt 0.257780 0.754439
vt 0.251389 0.750252
vt 0.411139 0.711343
vt 0.414406 0.701584
vt 0.409266 0.700703
vt 0.959334 0.396587
vt 0.953383 0.402008
vt 0.959334 0.409512
vt 0.872262 0.814499
vt 0.877758 0.816236
vt 0.876563 0.809896
vt 0.515561 0.649345
vt 0.515561 0.638732
vt 0.510836 0.644639
vt 0.414406 0.695074
vt 0.409266 0.700703
vt 0.414406 0.701584
vt 0.605294 0.341043
vt 0.600729 0.336033
vt 0.600729 0.345882
vt 0.784424 0.553086
vt 0.794348 0.515625
vt 0.769154 0.510938
vt 0.215125 0.461832
vt 0.212542 0.451270
vt 0.188767 0.478115
vt 0.188767 0.478115
vt 0.212542 0.451270
vt 0.187043 0.431653
vt 0.188767 0.478115
vt 0.229459 0.486611
vt 0.215125 0.461832
vt 0.458437 0.641008
vt 0.458436 0.644608
vt 0.518824 0.681976
vt 0.784424 0.553086
vt 0.815760 0.538976
vt 0.794348 0.515625
vt 0.943642 0.281199
vt 0.948167 0.283190
vt 0.949187 0.281244
vt 0.943642 0.281199
vt 0.949187 0.281244
vt 0.947466 0.275738
vt 0.947466 0.275738
vt 0.944721 0.276114
vt 0.943642 0.281199
vt 0.953568 0.287148
vt 0.949187 0.281244
vt 0.949977 0.283986
vt 0.949187 0.281244
vt 0.953568 0.287148
vt 0.954440 0.281946
vt 0.953133 0.276673
vt 0.947466 0.275738
vt 0.949187 0.281244
vt 0.219595 0.978072
vt 0.214086 0.976271
vt 0.214086 0.983864
vt 0.954440 0.281946
vt 0.953133 0.276673
vt 0.949187 0.281244
vt 0.974640 0.006556
vt 0.983766 0.006556
vt 0.976795 0.001127
vt 0.991814 0.816170
vt 0.992118 0.815538
vt 0.986138 0.815538
vt 0.947466 0.275738
vt 0.943642 0.270092
vt 0.945014 0.275458
vt 0.943642 0.270092
vt 0.947466 0.275738
vt 0.948894 0.270794
vt 0.953133 0.276673
vt 0.948894 0.270794
vt 0.947466 0.275738
vt 0.974640 0.158476
vt 0.974640 0.164089
vt 0.983540 0.160416
vt 0.986139 0.608437
vt 0.986509 0.611441
vt 0.992255 0.611595
vt 0.986139 0.608437
vt 0.992255 0.611595
vt 0.990907 0.608437
vt 0.986138 0.707830
vt 0.992054 0.710447
vt 0.992054 0.705977
vt 0.472572 0.644246
vt 0.478036 0.650977
vt 0.478036 0.641342
vt 0.202763 0.977980
vt 0.198846 0.982018
vt 0.202763 0.983910
vt 0.197809 0.976271
vt 0.198846 0.982018
vt 0.202763 0.977980
vt 0.978241 0.381351
vt 0.974640 0.383654
vt 0.980346 0.387313
vt 0.060655 0.984088
vt 0.064846 0.977674
vt 0.060655 0.976271
vt 0.980346 0.387313
vt 0.983306 0.381561
vt 0.978241 0.381351
vt 0.417032 0.976271
vt 0.411796 0.976802
vt 0.417032 0.983559
vt 0.748593 0.959054
vt 0.749311 0.969123
vt 0.757937 0.969123
vt 0.757937 0.969123
vt 0.758657 0.959054
vt 0.748593 0.959054
vt 0.458436 0.644608
vt 0.458437 0.641008
vt 0.399491 0.681976
vt 0.236571 0.878334
vt 0.236571 0.843960
vt 0.225282 0.844410
vt 0.012202 0.835522
vt 0.053840 0.825550
vt 0.036728 0.794375
vt 0.225282 0.844410
vt 0.204899 0.860152
vt 0.236571 0.878334
vt 0.212364 0.407287
vt 0.187043 0.431653
vt 0.212542 0.451270
vt 0.835667 0.879712
vt 0.850022 0.897336
vt 0.850022 0.853066
vt 0.053840 0.825550
vt 0.012202 0.835522
vt 0.053347 0.853285
vt 0.732553 0.800890
vt 0.723975 0.776859
vt 0.692979 0.793429
vt 0.692979 0.793429
vt 0.704965 0.819024
vt 0.732553 0.800890
vt 0.990981 0.690509
vt 0.986138 0.686540
vt 0.987828 0.691428
vt 0.992061 0.686540
vt 0.986138 0.686540
vt 0.990981 0.690509
vt 0.981581 0.069305
vt 0.983649 0.064101
vt 0.974640 0.064101
vt 0.983250 0.504820
vt 0.974640 0.504820
vt 0.977133 0.509955
vt 0.399073 0.983559
vt 0.396277 0.977475
vt 0.396277 0.983480
vt 0.401677 0.979779
vt 0.398115 0.976271
vt 0.396277 0.977475
vt 0.399073 0.983559
vt 0.401677 0.979779
vt 0.396277 0.977475
vt 0.685429 0.310568
vt 0.699922 0.332830
vt 0.699922 0.305985
vt 0.249341 0.983863
vt 0.252775 0.976951
vt 0.248298 0.976271
vt 0.974640 0.383654
vt 0.974640 0.387748
vt 0.980346 0.387313
vt 0.323560 0.983696
vt 0.323560 0.976271
vt 0.318631 0.982528
vt 0.991146 0.213147
vt 0.986428 0.217594
vt 0.992525 0.217594
vt 0.986138 0.666524
vt 0.986296 0.672208
vt 0.989566 0.669239
vt 0.394828 0.260256
vt 0.391219 0.258508
vt 0.387687 0.265938
vt 0.992035 0.672208
vt 0.989566 0.669239
vt 0.986296 0.672208
vt 0.986428 0.217594
vt 0.991146 0.213147
vt 0.986138 0.211828
vt 0.387687 0.256840
vt 0.387687 0.265938
vt 0.391219 0.258508
vt 0.378950 0.995253
vt 0.376849 0.994503
vt 0.376849 0.997431
vt 0.010443 0.984075
vt 0.015670 0.984075
vt 0.014219 0.976271
vt 0.212364 0.407287
vt 0.193026 0.401423
vt 0.187043 0.431653
vt 0.760289 0.316448
vt 0.758637 0.317013
vt 0.760289 0.342619
vt 0.933230 0.079544
vt 0.933126 0.050470
vt 0.930996 0.050159
vt 0.930996 0.050159
vt 0.930996 0.079945
vt 0.933230 0.079544
vt 0.159889 0.558046
vt 0.157740 0.557222
vt 0.157740 0.585716
vt 0.758637 0.317013
vt 0.758317 0.342222
vt 0.760289 0.342619
vt 0.703894 0.159889
vt 0.706449 0.159596
vt 0.703894 0.133521
vt 0.934861 0.001211
vt 0.932730 0.001523
vt 0.934861 0.030999
vt 0.801832 0.475381
vt 0.809580 0.481299
vt 0.809580 0.458385
vt 0.809580 0.458385
vt 0.801832 0.456048
vt 0.801832 0.475381
vt 0.936940 0.195615
vt 0.936940 0.218618
vt 0.943940 0.212852
vt 0.943940 0.212852
vt 0.943940 0.193443
vt 0.936940 0.195615
vt 0.936940 0.218618
vt 0.936940 0.195615
vt 0.929337 0.211451
vt 0.817392 0.474264
vt 0.809580 0.458385
vt 0.809580 0.481299
vt 0.643870 0.336000
vt 0.643870 0.307738
vt 0.642503 0.307832
vt 0.642503 0.307832
vt 0.642503 0.336093
vt 0.643870 0.336000
vt 0.646082 0.336016
vt 0.646082 0.307755
vt 0.643870 0.307738
vt 0.643870 0.307738
vt 0.643870 0.336000
vt 0.646082 0.336016
vt 0.932626 0.030600
vt 0.934861 0.030999
vt 0.932730 0.001523
vt 0.929337 0.193480
vt 0.929337 0.211451
vt 0.936940 0.195615
vt 0.809580 0.458385
vt 0.817392 0.474264
vt 0.817392 0.456362
vt 0.990373 0.986481
vt 0.988934 0.989354
vt 0.990367 0.990796
vt 0.992528 0.989364
vt 0.990373 0.986481
vt 0.990367 0.990796
vt 0.990373 0.986481
vt 0.988934 0.987196
vt 0.988934 0.989354
vt 0.990373 0.986481
vt 0.992528 0.989364
vt 0.992528 0.987206
vt 0.679996 0.909610
vt 0.690133 0.915283
vt 0.690133 0.879165
vt 0.151546 0.897352
vt 0.138391 0.898179
vt 0.138391 0.931598
vt 0.138391 0.931598
vt 0.160545 0.919839
vt 0.151546 0.897352
vt 0.193026 0.401423
vt 0.212364 0.407287
vt 0.209681 0.372968
vt 0.654725 0.754749
vt 0.690133 0.772425
vt 0.687012 0.751215
vt 0.416740 0.861686
vt 0.396758 0.854401
vt 0.419301 0.894847
vt 0.212364 0.407287
vt 0.238202 0.386954
vt 0.209681 0.372968
vt 0.782483 0.426760
vt 0.815995 0.423700
vt 0.824172 0.391426
vt 0.824172 0.391426
vt 0.781360 0.387575
vt 0.782483 0.426760
vt 0.986426 0.430977
vt 0.986138 0.436147
vt 0.992306 0.430575
vt 0.991316 0.749164
vt 0.991980 0.744260
vt 0.986138 0.749164
vt 0.986138 0.436147
vt 0.990562 0.436147
vt 0.992306 0.430575
vt 0.305468 0.633701
vt 0.311620 0.635352
vt 0.310352 0.632574
vt 0.190545 0.983900
vt 0.188002 0.979813
vt 0.184795 0.983756
vt 0.905359 0.983049
vt 0.908527 0.981102
vt 0.905359 0.976271
vt 0.178078 0.771897
vt 0.177356 0.777641
vt 0.182730 0.774369
vt 0.311620 0.635352
vt 0.305468 0.633701
vt 0.305341 0.636801
vt 0.311620 0.635352
vt 0.305341 0.636801
vt 0.308862 0.641736
vt 0.090962 0.998692
vt 0.092265 0.995290
vt 0.090962 0.994503
vt 0.836313 0.986481
vt 0.835124 0.988069
vt 0.836313 0.991246
vt 0.184795 0.976271
vt 0.184795 0.983756
vt 0.188002 0.979813
vt 0.987569 0.744412
vt 0.986138 0.749164
vt 0.991980 0.744260
vt 0.691194 0.988470
vt 0.695279 0.991339
vt 0.695279 0.986481
vt 0.200214 0.994503
vt 0.196895 0.996418
vt 0.200214 0.998070
vt 0.182730 0.780186
vt 0.182730 0.774369
vt 0.177356 0.777641
vt 0.179358 0.783130
vt 0.182730 0.780186
vt 0.177356 0.777641
vt 0.841752 0.848787
vt 0.837791 0.855134
vt 0.843496 0.854578
vt 0.305231 0.642771
vt 0.308862 0.641736
vt 0.305341 0.636801
vt 0.305341 0.636801
vt 0.301036 0.636994
vt 0.305231 0.642771
vt 0.308862 0.641736
vt 0.305231 0.642771
vt 0.308013 0.645999
vt 0.202576 0.986481
vt 0.202576 0.992105
vt 0.204869 0.989333
vt 0.307324 0.642288
vt 0.301036 0.636994
vt 0.305231 0.642771
vt 0.307324 0.642288
vt 0.301036 0.636994
vt 0.301576 0.642879
vt 0.307324 0.642288
vt 0.301576 0.642879
vt 0.301036 0.647609
vt 0.301036 0.647609
vt 0.306951 0.647714
vt 0.307324 0.642288
vt 0.815995 0.423700
vt 0.828813 0.431734
vt 0.824172 0.391426
vt 0.396758 0.898968
vt 0.419301 0.894847
vt 0.396758 0.854401
vt 0.991917 0.883964
vt 0.986527 0.880965
vt 0.986138 0.883964
vt 0.989716 0.918741
vt 0.991892 0.915163
vt 0.986138 0.915163
vt 0.986527 0.880965
vt 0.991917 0.883964
vt 0.991500 0.880344
vt 0.288876 0.033064
vt 0.293674 0.031275
vt 0.289431 0.027595
vt 0.714606 0.002746
vt 0.709814 0.006066
vt 0.714606 0.007266
vt 0.931084 0.977662
vt 0.926843 0.981017
vt 0.931652 0.982945
vt 0.926843 0.976271
vt 0.926843 0.981017
vt 0.931084 0.977662
vt 0.956071 0.830047
vt 0.951262 0.837629
vt 0.956071 0.843496
vt 0.714606 0.007266
vt 0.709814 0.006066
vt 0.709911 0.014684
vt 0.980637 0.149817
vt 0.975522 0.151482
vt 0.983512 0.156223
vt 0.983512 0.156223
vt 0.975522 0.151482
vt 0.974640 0.156223
vt 0.383532 0.272464
vt 0.385039 0.266176
vt 0.383532 0.259461
vt 0.293674 0.031275
vt 0.288876 0.033064
vt 0.293674 0.039156
vt 0.986827 0.076896
vt 0.991135 0.078337
vt 0.992616 0.071871
vt 0.992616 0.071871
vt 0.986138 0.071871
vt 0.986827 0.076896
vt 0.931598 0.616279
vt 0.906769 0.616279
vt 0.911210 0.650977
vt 0.432353 0.838511
vt 0.405959 0.807680
vt 0.405959 0.851231
vt 0.585716 0.872864
vt 0.585716 0.825970
vt 0.559767 0.854009
vt 0.236571 0.757145
vt 0.216527 0.734482
vt 0.216340 0.779867
vt 0.890810 0.572795
vt 0.874129 0.544287
vt 0.868667 0.579190
vt 0.252886 0.952445
vt 0.246917 0.952253
vt 0.247794 0.957359
vt 0.948357 0.213334
vt 0.951831 0.217174
vt 0.954982 0.213521
vt 0.252886 0.957703
vt 0.252886 0.952445
vt 0.247794 0.957359
vt 0.948357 0.213334
vt 0.954982 0.213521
vt 0.951672 0.208979
vt 0.252886 0.952445
vt 0.247708 0.943724
vt 0.246917 0.952253
vt 0.951831 0.217174
vt 0.958779 0.221887
vt 0.954982 0.213521
vt 0.956324 0.460089
vt 0.960966 0.452228
vt 0.956324 0.447107
vt 0.959334 0.213875
vt 0.954982 0.213521
vt 0.958779 0.221887
vt 0.836865 0.066892
vt 0.838602 0.061297
vt 0.836865 0.053356
vt 0.394024 0.978829
vt 0.389349 0.976271
vt 0.389349 0.983597
vt 0.959334 0.207942
vt 0.951672 0.208979
vt 0.954982 0.213521
vt 0.954982 0.213521
vt 0.959334 0.213875
vt 0.959334 0.207942
vt 0.309989 0.946629
vt 0.302029 0.950200
vt 0.306019 0.956639
vt 0.357252 0.951322
vt 0.363829 0.951405
vt 0.363589 0.942953
vt 0.309989 0.946629
vt 0.306019 0.956639
vt 0.309989 0.960335
vt 0.139158 0.843496
vt 0.141942 0.837838
vt 0.139158 0.829500
vt 0.363589 0.942953
vt 0.355580 0.946902
vt 0.357252 0.951322
vt 0.351107 0.982876
vt 0.352810 0.979117
vt 0.347376 0.976271
vt 0.292984 0.887547
vt 0.295305 0.882111
vt 0.292984 0.876995
vt 0.347376 0.983632
vt 0.351107 0.982876
vt 0.347376 0.976271
vt 0.533704 0.965860
vt 0.538402 0.960426
vt 0.533704 0.955621
vt 0.159400 0.420526
vt 0.159400 0.430722
vt 0.164784 0.428487
vt 0.962099 0.295305
vt 0.965441 0.292989
vt 0.959579 0.290654
vt 0.890810 0.533116
vt 0.874129 0.544287
vt 0.890810 0.572795
vt 0.961057 0.817791
vt 0.961067 0.811609
vt 0.957983 0.813670
vt 0.304164 0.976271
vt 0.304164 0.980142
vt 0.309636 0.976399
vt 0.957983 0.813670
vt 0.957983 0.820886
vt 0.961057 0.817791
vt 0.963915 0.287847
vt 0.959579 0.290654
vt 0.965441 0.292989
vt 0.765429 0.610583
vt 0.760894 0.616715
vt 0.768446 0.616715
vt 0.304164 0.980142
vt 0.310973 0.983619
vt 0.309636 0.976399
vt 0.961057 0.817791
vt 0.964229 0.815745
vt 0.961067 0.811609
vt 0.765429 0.610583
vt 0.762494 0.605594
vt 0.760894 0.616715
vt 0.969123 0.283956
vt 0.958552 0.283956
vt 0.963915 0.287847
vt 0.299697 0.955300
vt 0.306019 0.956639
vt 0.302029 0.950200
vt 0.357252 0.951322
vt 0.361013 0.956175
vt 0.363829 0.951405
vt 0.964229 0.815745
vt 0.961057 0.817791
vt 0.963795 0.823918
vt 0.963795 0.823918
vt 0.961057 0.817791
vt 0.957983 0.820886
vt 0.306019 0.956639
vt 0.299697 0.955300
vt 0.301237 0.960966
vt 0.306019 0.956639
vt 0.301237 0.960966
vt 0.309989 0.960335
vt 0.357252 0.951322
vt 0.355580 0.957703
vt 0.361013 0.956175
vt 0.980100 0.246796
vt 0.974640 0.252443
vt 0.983435 0.252443
vt 0.212408 0.991935
vt 0.217835 0.991935
vt 0.214791 0.986481
vt 0.958552 0.283956
vt 0.959579 0.290654
vt 0.963915 0.287847
vt 0.554717 0.600400
vt 0.553497 0.589293
vt 0.549638 0.595006
vt 0.337725 0.642108
vt 0.332671 0.636334
vt 0.332671 0.646082
vt 0.548763 0.600400
vt 0.554717 0.600400
vt 0.549638 0.595006
vt 0.561850 0.983460
vt 0.561850 0.976271
vt 0.557262 0.979134
vt 0.760289 0.371987
vt 0.760289 0.360515
vt 0.756009 0.365286
vt 0.564506 0.801077
vt 0.559492 0.796056
vt 0.555872 0.801077
vt 0.975836 0.246091
vt 0.974640 0.252443
vt 0.980100 0.246796
vt 0.555907 0.793888
vt 0.559492 0.796056
vt 0.560246 0.789572
vt 0.559492 0.796056
vt 0.555907 0.793888
vt 0.555872 0.801077
vt 0.952407 0.673818
vt 0.957460 0.668937
vt 0.952407 0.660413
vt 0.959334 0.127720
vt 0.954016 0.136502
vt 0.958798 0.136229
vt 0.916915 0.342110
vt 0.915559 0.350120
vt 0.916915 0.355672
vt 0.962597 0.671780
vt 0.962479 0.666377
vt 0.957460 0.668937
vt 0.738658 0.983178
vt 0.745559 0.982616
vt 0.738658 0.976271
vt 0.986138 0.755791
vt 0.991996 0.755791
vt 0.989416 0.751417
vt 0.959334 0.141942
vt 0.958798 0.136229
vt 0.954016 0.136502
vt 0.402986 0.848391
vt 0.402986 0.838427
vt 0.398478 0.843525
vt 0.992008 0.501241
vt 0.986138 0.497052
vt 0.986220 0.501241
vt 0.992008 0.501241
vt 0.992284 0.496429
vt 0.986138 0.497052
vt 0.862385 0.986666
vt 0.860828 0.990940
vt 0.862385 0.991125
vt 0.862385 0.986666
vt 0.860828 0.986481
vt 0.860828 0.990940
vt 0.641447 0.986481
vt 0.640082 0.991531
vt 0.641447 0.991512
vt 0.641447 0.986481
vt 0.640082 0.986500
vt 0.640082 0.991531
vt 0.431778 0.986666
vt 0.430220 0.991577
vt 0.431778 0.991762
vt 0.431778 0.986666
vt 0.430220 0.986481
vt 0.430220 0.991577
vt 0.072021 0.986481
vt 0.070656 0.992250
vt 0.072021 0.992231
vt 0.072021 0.986481
vt 0.070656 0.986500
vt 0.070656 0.992250
vt 0.986138 0.005648
vt 0.992755 0.005648
vt 0.986376 0.001283
vt 0.992755 0.005648
vt 0.992292 0.001127
vt 0.986376 0.001283
vt 0.077964 0.992234
vt 0.079385 0.986481
vt 0.077964 0.986483
vt 0.077964 0.992234
vt 0.079385 0.992232
vt 0.079385 0.986481
vt 0.991867 0.933691
vt 0.986219 0.931607
vt 0.986138 0.933691
vt 0.991867 0.933691
vt 0.991947 0.931607
vt 0.986219 0.931607
vt 0.725829 0.983461
vt 0.727250 0.976271
vt 0.725829 0.976273
vt 0.725829 0.983461
vt 0.727250 0.983460
vt 0.727250 0.976271
vt 0.017923 0.984148
vt 0.020007 0.976351
vt 0.017923 0.976271
vt 0.017923 0.984148
vt 0.020007 0.984228
vt 0.020007 0.976351
vt 0.374484 0.954841
vt 0.368113 0.956166
vt 0.378513 0.960381
vt 0.368113 0.956166
vt 0.366932 0.961952
vt 0.378513 0.960381
vt 0.366932 0.961952
vt 0.370960 0.967492
vt 0.378513 0.960381
vt 0.370960 0.967492
vt 0.377758 0.967492
vt 0.378513 0.960381
vt 0.960292 0.544570
vt 0.951958 0.551499
vt 0.964229 0.551499
vt 0.960292 0.544570
vt 0.953567 0.544980
vt 0.951958 0.551499
vt 0.951958 0.551499
vt 0.956463 0.557980
vt 0.964229 0.551499
vt 0.956463 0.557980
vt 0.962598 0.557980
vt 0.964229 0.551499
vt 0.199046 0.969123
vt 0.187360 0.956362
vt 0.186873 0.969123
vt 0.199046 0.969123
vt 0.198100 0.956362
vt 0.187360 0.956362
vt 0.960106 0.227417
vt 0.965114 0.236041
vt 0.965860 0.227417
vt 0.960106 0.227417
vt 0.960791 0.238202
vt 0.965114 0.236041
vt 0.974640 0.013730
vt 0.979589 0.015634
vt 0.983877 0.013730
vt 0.967492 0.659134
vt 0.967492 0.649728
vt 0.966241 0.654175
vt 0.965860 0.113189
vt 0.961412 0.122143
vt 0.965860 0.123996
vt 0.965860 0.113189
vt 0.960120 0.113590
vt 0.961412 0.122143
vt 0.986138 0.007902
vt 0.992652 0.014399
vt 0.992648 0.007902
vt 0.986138 0.007902
vt 0.986143 0.014399
vt 0.992652 0.014399
vt 0.002430 0.821224
vt 0.002430 0.869601
vt 0.017947 0.861824
vt 0.667122 0.463352
vt 0.668923 0.338514
vt 0.621794 0.460867
vt 0.668923 0.338514
vt 0.620036 0.338514
vt 0.621794 0.460867
vt 0.001286 0.001180
vt 0.005843 0.017947
vt 0.123996 0.001180
vt 0.974640 0.424174
vt 0.974640 0.431363
vt 0.983250 0.424891
vt 0.974640 0.431363
vt 0.983250 0.431361
vt 0.983250 0.424891
vt 0.963566 0.963049
vt 0.970755 0.972386
vt 0.970755 0.963051
vt 0.963566 0.963049
vt 0.963566 0.972385
vt 0.970755 0.972386
vt 0.880704 0.440838
vt 0.884284 0.466587
vt 0.884284 0.440810
vt 0.880704 0.440838
vt 0.880704 0.466615
vt 0.884284 0.466587
vt 0.613545 0.598768
vt 0.619978 0.466489
vt 0.613545 0.466496
vt 0.613545 0.598768
vt 0.619978 0.598761
vt 0.619978 0.466489
vt 0.962444 0.983044
vt 0.964192 0.978387
vt 0.962444 0.976271
vt 0.223525 0.976271
vt 0.221848 0.978656
vt 0.223525 0.984046
vt 0.918900 0.569295
vt 0.918628 0.603663
vt 0.924628 0.569295
vt 0.918628 0.603663
vt 0.925072 0.603663
vt 0.924628 0.569295
vt 0.974640 0.421921
vt 0.983252 0.414732
vt 0.974642 0.414732
vt 0.974640 0.421921
vt 0.983250 0.421921
vt 0.983252 0.414732
vt 0.963566 0.346334
vt 0.970755 0.355672
vt 0.970755 0.346336
vt 0.963566 0.346334
vt 0.963566 0.355670
vt 0.970755 0.355672
vt 0.910364 0.216992
vt 0.918176 0.207809
vt 0.910364 0.181905
vt 0.918176 0.207809
vt 0.926704 0.215101
vt 0.910364 0.181905
vt 0.926704 0.215101
vt 0.918176 0.184895
vt 0.910364 0.181905
vt 0.926704 0.215101
vt 0.926704 0.182162
vt 0.918176 0.184895
vt 0.662845 0.618807
vt 0.670555 0.592912
vt 0.655134 0.626011
vt 0.670555 0.592912
vt 0.662845 0.595803
vt 0.655134 0.626011
vt 0.662845 0.595803
vt 0.655134 0.592944
vt 0.655134 0.626011
vt 0.662845 0.618807
vt 0.670555 0.628136
vt 0.670555 0.592912
vt 0.144433 0.995301
vt 0.143236 0.994503
vt 0.144233 0.996896
vt 0.143236 0.994503
vt 0.141243 0.994902
vt 0.144233 0.996896
vt 0.141243 0.994902
vt 0.141243 0.997494
vt 0.144233 0.996896
vt 0.141243 0.997494
vt 0.142439 0.998291
vt 0.144233 0.996896
vt 0.986139 0.866159
vt 0.991889 0.870472
vt 0.991889 0.866159
vt 0.986139 0.866159
vt 0.986139 0.870472
vt 0.991889 0.870472
vt 0.969123 0.298312
vt 0.961216 0.308355
vt 0.969123 0.308357
vt 0.969123 0.298312
vt 0.959778 0.298310
vt 0.961216 0.308355
vt 0.981086 0.054135
vt 0.983592 0.047428
vt 0.974640 0.047428
vt 0.959334 0.376881
vt 0.959334 0.363677
vt 0.953295 0.372982
vt 0.706449 0.174573
vt 0.706449 0.163483
vt 0.697453 0.163656
vt 0.017947 0.026145
vt 0.001277 0.021007
vt 0.001277 0.127259
vt 0.672187 0.465774
vt 0.624017 0.465774
vt 0.671093 0.588118
vt 0.624017 0.465774
vt 0.625908 0.590611
vt 0.671093 0.588118
vt 0.809862 0.185993
vt 0.825550 0.145691
vt 0.809862 0.138380
vt 0.488020 0.776764
vt 0.494351 0.830116
vt 0.494267 0.773210
vt 0.488020 0.776764
vt 0.488020 0.832076
vt 0.494351 0.830116
vt 0.834225 0.244979
vt 0.834225 0.300612
vt 0.840233 0.246225
vt 0.834225 0.300612
vt 0.840150 0.303463
vt 0.840233 0.246225
vt 0.665355 0.128508
vt 0.659616 0.126863
vt 0.659616 0.129706
vt 0.659616 0.126863
vt 0.656010 0.128496
vt 0.659616 0.129706
vt 0.656010 0.128496
vt 0.656010 0.129207
vt 0.659616 0.129706
vt 0.013407 0.430722
vt 0.039068 0.430705
vt 0.013407 0.430003
vt 0.974640 0.864794
vt 0.982534 0.858324
vt 0.974641 0.858324
vt 0.974640 0.864794
vt 0.982533 0.864794
vt 0.982534 0.858324
vt 0.483052 0.976272
vt 0.476582 0.983453
vt 0.483052 0.983454
vt 0.483052 0.976272
vt 0.476582 0.976271
vt 0.476582 0.983453
vt 0.737447 0.619715
vt 0.675003 0.558501
vt 0.675003 0.626504
vt 0.737447 0.619715
vt 0.737447 0.551712
vt 0.675003 0.558501
vt 0.318147 0.720212
vt 0.270295 0.799445
vt 0.318147 0.799288
vt 0.318147 0.720212
vt 0.270295 0.720370
vt 0.270295 0.799445
vt 0.301831 0.575363
vt 0.277256 0.537252
vt 0.277970 0.613452
vt 0.277256 0.537252
vt 0.181609 0.613452
vt 0.277970 0.613452
vt 0.277256 0.537252
vt 0.163946 0.575379
vt 0.181609 0.613452
vt 0.277256 0.537252
vt 0.181613 0.537252
vt 0.163946 0.575379
vt 0.590223 0.981712
vt 0.588728 0.976271
vt 0.588728 0.983587
vt 0.249623 0.512298
vt 0.242242 0.383249
vt 0.242242 0.512175
vt 0.249623 0.512298
vt 0.249623 0.383372
vt 0.242242 0.383249
vt 0.565541 0.976271
vt 0.564103 0.981744
vt 0.565541 0.983616
vt 0.974640 0.900624
vt 0.982534 0.894873
vt 0.974641 0.894873
vt 0.974640 0.900624
vt 0.982533 0.900624
vt 0.982534 0.894873
vt 0.502751 0.976271
vt 0.509221 0.983454
vt 0.509221 0.976272
vt 0.502751 0.976271
vt 0.502751 0.983453
vt 0.509221 0.983454
vt 0.969123 0.709712
vt 0.961213 0.699666
vt 0.960497 0.709712
vt 0.969123 0.709712
vt 0.969121 0.699666
vt 0.961213 0.699666
vt 0.734533 0.627814
vt 0.742342 0.631399
vt 0.742342 0.622171
vt 0.721132 0.443199
vt 0.712525 0.432849
vt 0.712525 0.443774
vt 0.959334 0.058161
vt 0.951322 0.067974
vt 0.959334 0.071787
vt 0.965349 0.513929
vt 0.953778 0.500978
vt 0.954687 0.513929
vt 0.965349 0.513929
vt 0.965860 0.500978
vt 0.953778 0.500978
vt 0.456871 0.652288
vt 0.459736 0.652288
vt 0.458148 0.648835
vt 0.459736 0.652288
vt 0.458864 0.648835
vt 0.458148 0.648835
vt 0.456871 0.652288
vt 0.458222 0.658144
vt 0.459736 0.652288
vt 0.075050 0.918546
vt 0.074331 0.894097
vt 0.074331 0.918546
vt 0.771709 0.964406
vt 0.762614 0.966989
vt 0.768678 0.969123
vt 0.771709 0.964406
vt 0.768945 0.959689
vt 0.762614 0.966989
vt 0.768945 0.959689
vt 0.762614 0.961204
vt 0.762614 0.966989
vt 0.749398 0.938818
vt 0.765183 0.956067
vt 0.765183 0.938814
vt 0.749398 0.938818
vt 0.749398 0.956071
vt 0.765183 0.956067
vt 0.923441 0.889941
vt 0.921229 0.907079
vt 0.923441 0.907126
vt 0.923441 0.889941
vt 0.921229 0.889894
vt 0.921229 0.907079
vt 0.951177 0.289541
vt 0.948965 0.306679
vt 0.951177 0.306726
vt 0.951177 0.289541
vt 0.948965 0.289495
vt 0.948965 0.306679
vt 0.974640 0.873517
vt 0.982534 0.867047
vt 0.974641 0.867047
vt 0.974640 0.873517
vt 0.982533 0.873517
vt 0.982534 0.867047
vt 0.485305 0.976271
vt 0.491775 0.983454
vt 0.491775 0.976272
vt 0.485305 0.976271
vt 0.485305 0.983453
vt 0.491775 0.983454
vt 0.949545 0.658392
vt 0.947395 0.675339
vt 0.949545 0.675450
vt 0.949545 0.658392
vt 0.947395 0.658281
vt 0.947395 0.675339
vt 0.951177 0.503397
vt 0.949026 0.520345
vt 0.951177 0.520455
vt 0.951177 0.503397
vt 0.949026 0.503287
vt 0.949026 0.520345
vt 0.974640 0.908628
vt 0.982534 0.902877
vt 0.974641 0.902877
vt 0.974640 0.908628
vt 0.982533 0.908628
vt 0.982534 0.902877
vt 0.500498 0.976272
vt 0.494028 0.983453
vt 0.500498 0.983454
vt 0.500498 0.976272
vt 0.494028 0.976271
vt 0.494028 0.983453
vt 0.084839 0.944428
vt 0.068336 0.960966
vt 0.084839 0.960962
vt 0.084839 0.944428
vt 0.068336 0.944432
vt 0.068336 0.960966
vt 0.734184 0.002129
vt 0.718385 0.017947
vt 0.734184 0.017944
vt 0.734184 0.002129
vt 0.718385 0.002132
vt 0.718385 0.017947
vt 0.969123 0.163790
vt 0.962521 0.162279
vt 0.969123 0.170899
vt 0.962521 0.162279
vt 0.963029 0.172941
vt 0.969123 0.170899
vt 0.962521 0.162279
vt 0.958965 0.167871
vt 0.963029 0.172941
vt 0.487825 0.089734
vt 0.487825 0.077481
vt 0.486624 0.083159
vt 0.677081 0.818322
vt 0.672355 0.827187
vt 0.677081 0.828813
vt 0.677081 0.818322
vt 0.670575 0.819381
vt 0.672355 0.827187
vt 0.672295 0.952514
vt 0.664299 0.954537
vt 0.677081 0.959418
vt 0.664299 0.954537
vt 0.671831 0.965860
vt 0.677081 0.959418
vt 0.664299 0.954537
vt 0.664299 0.963327
vt 0.671831 0.965860
vt 0.955129 0.889073
vt 0.965860 0.897693
vt 0.964369 0.889073
vt 0.955129 0.889073
vt 0.959192 0.902231
vt 0.965860 0.897693
vt 0.955129 0.889073
vt 0.953037 0.897181
vt 0.959192 0.902231
vt 0.962597 0.784806
vt 0.949534 0.779973
vt 0.957544 0.791288
vt 0.962597 0.784806
vt 0.957896 0.777844
vt 0.949534 0.779973
vt 0.949534 0.779973
vt 0.949534 0.788893
vt 0.957544 0.791288
vt 0.272464 0.531876
vt 0.267632 0.522566
vt 0.266342 0.531876
vt 0.272464 0.531876
vt 0.272346 0.519736
vt 0.267632 0.522566
vt 0.241659 0.019578
vt 0.243977 0.013107
vt 0.242421 0.007359
vt 0.171715 0.732546
vt 0.134485 0.728740
vt 0.154114 0.733016
vt 0.171715 0.732546
vt 0.140703 0.710876
vt 0.134485 0.728740
vt 0.171715 0.732546
vt 0.161387 0.709502
vt 0.140703 0.710876
vt 0.960964 0.242729
vt 0.960964 0.252886
vt 0.962772 0.248095
vt 0.969123 0.001558
vt 0.964211 0.009591
vt 0.969123 0.011421
vt 0.969123 0.001558
vt 0.961004 0.001697
vt 0.964211 0.009591
vt 0.967492 0.679968
vt 0.958691 0.679707
vt 0.963620 0.687836
vt 0.958691 0.679707
vt 0.958691 0.690133
vt 0.963620 0.687836
vt 0.151731 0.958393
vt 0.149533 0.963969
vt 0.151041 0.969123
vt 0.871092 0.948920
vt 0.863185 0.951074
vt 0.876127 0.956095
vt 0.863185 0.951074
vt 0.863185 0.959728
vt 0.876127 0.956095
vt 0.863185 0.959728
vt 0.871094 0.962597
vt 0.876127 0.956095
vt 0.974647 0.196659
vt 0.983359 0.196659
vt 0.974640 0.187976
vt 0.983359 0.196659
vt 0.983352 0.187976
vt 0.974640 0.187976
vt 0.075050 0.516078
vt 0.065900 0.525350
vt 0.075050 0.525237
vt 0.075050 0.516078
vt 0.066350 0.516750
vt 0.065900 0.525350
vt 0.773548 0.711914
vt 0.781498 0.723290
vt 0.781498 0.714406
vt 0.773548 0.711914
vt 0.773349 0.726027
vt 0.781498 0.723290
vt 0.773548 0.711914
vt 0.768684 0.719027
vt 0.773349 0.726027
vt 0.585716 0.950957
vt 0.570012 0.956179
vt 0.579883 0.959334
vt 0.585716 0.950957
vt 0.580391 0.942775
vt 0.570012 0.956179
vt 0.580391 0.942775
vt 0.570012 0.945688
vt 0.570012 0.956179
vt 0.884284 0.961374
vt 0.875924 0.961954
vt 0.884262 0.970137
vt 0.875924 0.961954
vt 0.875924 0.970755
vt 0.884262 0.970137
vt 0.974640 0.222787
vt 0.983319 0.222787
vt 0.974656 0.214170
vt 0.983319 0.222787
vt 0.983335 0.214170
vt 0.974656 0.214170
vt 0.096136 0.943876
vt 0.110943 0.943852
vt 0.103767 0.938221
vt 0.096136 0.943876
vt 0.108409 0.955621
vt 0.110943 0.943852
vt 0.096136 0.943876
vt 0.096136 0.956071
vt 0.108409 0.955621
vt 0.180195 0.473141
vt 0.185993 0.468988
vt 0.180195 0.463541
vt 0.959447 0.988001
vt 0.956269 0.986481
vt 0.956269 0.990846
vt 0.983580 0.235928
vt 0.974640 0.235928
vt 0.982253 0.239530
vt 0.579190 0.920654
vt 0.565722 0.913797
vt 0.579190 0.936408
vt 0.565722 0.913797
vt 0.566016 0.944651
vt 0.579190 0.936408
vt 0.565722 0.913797
vt 0.552188 0.936844
vt 0.566016 0.944651
vt 0.565722 0.913797
vt 0.552188 0.921090
vt 0.552188 0.936844
vt 0.942793 0.421868
vt 0.942793 0.440511
vt 0.949545 0.431946
vt 0.823834 0.781498
vt 0.834617 0.781449
vt 0.823834 0.764260
vt 0.834617 0.781449
vt 0.835339 0.764926
vt 0.823834 0.764260
vt 0.990082 0.307400
vt 0.986138 0.307968
vt 0.992697 0.307968
vt 0.829970 0.976271
vt 0.827240 0.978684
vt 0.829970 0.983160
vt 0.827240 0.978684
vt 0.826548 0.981686
vt 0.829970 0.983160
vt 0.899530 0.977891
vt 0.896242 0.983060
vt 0.899453 0.980935
vt 0.899530 0.977891
vt 0.896242 0.976271
vt 0.896242 0.983060
vt 0.903106 0.976271
vt 0.901783 0.979188
vt 0.903106 0.983146
vt 0.959296 0.846403
vt 0.958984 0.859812
vt 0.964229 0.853477
vt 0.959296 0.846403
vt 0.951189 0.848603
vt 0.958984 0.859812
vt 0.951189 0.848603
vt 0.951189 0.857396
vt 0.958984 0.859812
vt 0.987738 0.574082
vt 0.992238 0.574082
vt 0.986138 0.569518
vt 0.992238 0.574082
vt 0.991429 0.570001
vt 0.986138 0.569518
vt 0.273765 0.986481
vt 0.269958 0.991888
vt 0.273678 0.991888
vt 0.273765 0.986481
vt 0.269640 0.987432
vt 0.269958 0.991888
vt 0.986640 0.699542
vt 0.990446 0.702721
vt 0.992078 0.699542
vt 0.986640 0.699542
vt 0.986138 0.703724
vt 0.990446 0.702721
vt 0.952808 0.140524
vt 0.942050 0.140296
vt 0.952808 0.159504
vt 0.942050 0.140296
vt 0.941323 0.159889
vt 0.952808 0.159504
vt 0.942050 0.140296
vt 0.935621 0.150424
vt 0.941323 0.159889
vt 0.061998 0.520245
vt 0.054044 0.516531
vt 0.059266 0.525350
vt 0.061998 0.520245
vt 0.059094 0.515628
vt 0.054044 0.516531
vt 0.054044 0.516531
vt 0.054044 0.525251
vt 0.059266 0.525350
vt 0.732349 0.822287
vt 0.737238 0.814487
vt 0.732349 0.816076
vt 0.732349 0.822287
vt 0.737447 0.819105
vt 0.737238 0.814487
vt 0.737238 0.814487
vt 0.732768 0.812891
vt 0.732349 0.816076
vt 0.657629 0.976271
vt 0.657629 0.983442
vt 0.660507 0.978411
vt 0.375830 0.983763
vt 0.377985 0.979732
vt 0.375830 0.976271
vt 0.988690 0.581422
vt 0.992180 0.581987
vt 0.986138 0.577357
vt 0.992180 0.581987
vt 0.992180 0.576335
vt 0.986138 0.577357
vt 0.987084 0.288004
vt 0.986138 0.291956
vt 0.991544 0.288587
vt 0.986138 0.291956
vt 0.992545 0.291956
vt 0.991544 0.288587
vt 0.989889 0.106468
vt 0.986138 0.109533
vt 0.992766 0.109533
vt 0.986138 0.219848
vt 0.991641 0.221804
vt 0.992714 0.219848
vt 0.156723 0.986481
vt 0.155282 0.987913
vt 0.156723 0.992186
vt 0.987969 0.191458
vt 0.986138 0.194554
vt 0.992679 0.194554
vt 0.555009 0.976271
vt 0.551742 0.980233
vt 0.555009 0.983548
vt 0.974640 0.700442
vt 0.978553 0.702068
vt 0.975059 0.696257
vt 0.978553 0.702068
vt 0.982900 0.696257
vt 0.975059 0.696257
vt 0.445465 0.986481
vt 0.440584 0.987918
vt 0.445465 0.991583
vt 0.986138 0.509379
vt 0.992229 0.509379
vt 0.987763 0.503494
vt 0.986138 0.857258
vt 0.991538 0.853256
vt 0.986404 0.853181
vt 0.986138 0.857258
vt 0.991910 0.857258
vt 0.991538 0.853256
vt 0.255371 0.976271
vt 0.255371 0.984049
vt 0.256372 0.981654
vt 0.288952 0.983842
vt 0.292121 0.979933
vt 0.288952 0.976271
vt 0.743394 0.349752
vt 0.737858 0.353187
vt 0.743974 0.357864
vt 0.737858 0.353187
vt 0.737858 0.360992
vt 0.743974 0.357864
vt 0.737858 0.360992
vt 0.741208 0.362198
vt 0.743974 0.357864
vt 0.438331 0.986481
vt 0.436753 0.986718
vt 0.438331 0.991621
vt 0.436753 0.986718
vt 0.434031 0.990967
vt 0.438331 0.991621
vt 0.986706 0.766041
vt 0.991955 0.761614
vt 0.986138 0.761614
vt 0.986706 0.766041
vt 0.989490 0.766715
vt 0.991955 0.761614
vt 0.041278 0.986481
vt 0.038322 0.991491
vt 0.041756 0.992158
vt 0.041278 0.986481
vt 0.038476 0.986481
vt 0.038322 0.991491
vt 0.570807 0.965761
vt 0.571032 0.960754
vt 0.567973 0.966437
vt 0.571032 0.960754
vt 0.567576 0.960754
vt 0.567973 0.966437
vt 0.491088 0.074601
vt 0.490574 0.068899
vt 0.490574 0.078313
vt 0.187625 0.616828
vt 0.183617 0.624461
vt 0.187625 0.626504
vt 0.187625 0.616828
vt 0.182924 0.618590
vt 0.183617 0.624461
vt 0.986139 0.945820
vt 0.991769 0.942004
vt 0.988704 0.941898
vt 0.986139 0.945820
vt 0.987819 0.947414
vt 0.991769 0.942004
vt 0.987819 0.947414
vt 0.991769 0.946220
vt 0.991769 0.942004
vt 0.989035 0.267807
vt 0.992654 0.265394
vt 0.986138 0.265394
vt 0.992332 0.586754
vt 0.990546 0.584240
vt 0.986138 0.586754
vt 0.174776 0.987432
vt 0.170673 0.986481
vt 0.174776 0.992049
vt 0.170673 0.986481
vt 0.171299 0.989811
vt 0.174776 0.992049
vt 0.956771 0.980274
vt 0.953009 0.976271
vt 0.953009 0.982967
vt 0.986138 0.294209
vt 0.991765 0.295582
vt 0.992672 0.294209
vt 0.977728 0.376754
vt 0.983144 0.374320
vt 0.974640 0.370189
vt 0.983144 0.374320
vt 0.983326 0.370189
vt 0.974640 0.370189
vt 0.959024 0.983079
vt 0.960191 0.977194
vt 0.959024 0.976271
vt 0.991111 0.047551
vt 0.992873 0.045732
vt 0.986138 0.045732
vt 0.697532 0.991340
vt 0.701431 0.991340
vt 0.700991 0.986481
vt 0.987391 0.832984
vt 0.990911 0.838207
vt 0.991879 0.835113
vt 0.987391 0.832984
vt 0.986138 0.833949
vt 0.990911 0.838207
vt 0.986138 0.833949
vt 0.986705 0.838207
vt 0.990911 0.838207
vt 0.562989 0.968529
vt 0.563608 0.970702
vt 0.567973 0.966437
vt 0.563608 0.970702
vt 0.568495 0.970755
vt 0.567973 0.966437
vt 0.982417 0.986481
vt 0.986451 0.990770
vt 0.986681 0.986481
vt 0.982417 0.986481
vt 0.982806 0.990406
vt 0.986451 0.990770
vt 0.848393 0.991055
vt 0.852322 0.991055
vt 0.849499 0.986481
vt 0.986138 0.541904
vt 0.987692 0.542717
vt 0.992455 0.541904
vt 0.110991 0.987286
vt 0.107358 0.986481
vt 0.110991 0.992104
vt 0.107358 0.986481
vt 0.107358 0.991300
vt 0.110991 0.992104
vt 0.991623 0.773482
vt 0.986138 0.768968
vt 0.986138 0.773510
vt 0.991623 0.773482
vt 0.991974 0.771464
vt 0.986138 0.768968
vt 0.635202 0.976271
vt 0.632497 0.980048
vt 0.637891 0.976746
vt 0.632497 0.980048
vt 0.632721 0.983333
vt 0.637891 0.976746
vt 0.632721 0.983333
vt 0.637891 0.981614
vt 0.637891 0.976746
vt 0.987328 0.805751
vt 0.991972 0.805751
vt 0.986139 0.801755
vt 0.991972 0.805751
vt 0.990413 0.801837
vt 0.986139 0.801755
vt 0.763835 0.986775
vt 0.763148 0.991227
vt 0.766410 0.986481
vt 0.763148 0.991227
vt 0.766975 0.991227
vt 0.766410 0.986481
vt 0.986138 0.681193
vt 0.992151 0.683982
vt 0.991963 0.681193
vt 0.986138 0.681193
vt 0.987903 0.684287
vt 0.992151 0.683982
vt 0.990213 0.564744
vt 0.986138 0.567265
vt 0.992342 0.567265
vt 0.789542 0.976271
vt 0.787409 0.978793
vt 0.789542 0.983312
vt 0.991893 0.846390
vt 0.986409 0.846627
vt 0.990273 0.850928
vt 0.986409 0.846627
vt 0.986139 0.850928
vt 0.990273 0.850928
vt 0.004026 0.995504
vt 0.001127 0.994503
vt 0.001127 0.998850
vt 0.510471 0.963263
vt 0.504802 0.961118
vt 0.510666 0.967492
vt 0.504802 0.961118
vt 0.505735 0.966046
vt 0.510666 0.967492
vt 0.982000 0.335488
vt 0.983475 0.335866
vt 0.980792 0.331477
vt 0.986138 0.735465
vt 0.992126 0.735465
vt 0.990626 0.732926
vt 0.793993 0.976271
vt 0.791795 0.979229
vt 0.793993 0.983308
vt 0.808833 0.986481
vt 0.807705 0.991130
vt 0.811644 0.987379
vt 0.807705 0.991130
vt 0.811894 0.991130
vt 0.811644 0.987379
vt 0.986138 0.131863
vt 0.992734 0.133424
vt 0.989798 0.130273
vt 0.986138 0.131863
vt 0.987623 0.133424
vt 0.992734 0.133424
vt 0.925072 0.424336
vt 0.922924 0.442142
vt 0.925072 0.442110
vt 0.925072 0.424336
vt 0.922924 0.424368
vt 0.922924 0.442142
vt 0.986139 0.141428
vt 0.992598 0.135677
vt 0.986140 0.135677
vt 0.986139 0.141428
vt 0.992596 0.141428
vt 0.992598 0.135677
vt 0.974640 0.802684
vt 0.982699 0.808449
vt 0.982539 0.802684
vt 0.974640 0.802684
vt 0.974799 0.808449
vt 0.982699 0.808449
vt 0.967492 0.482899
vt 0.962519 0.483659
vt 0.967492 0.492719
vt 0.962519 0.483659
vt 0.960161 0.488156
vt 0.967492 0.492719
vt 0.960161 0.488156
vt 0.962356 0.492476
vt 0.967492 0.492719
vt 0.974640 0.462183
vt 0.983252 0.455714
vt 0.974641 0.455714
vt 0.974640 0.462183
vt 0.983250 0.462183
vt 0.983252 0.455714
vt 0.530835 0.976271
vt 0.536586 0.983448
vt 0.536586 0.976273
vt 0.530835 0.976271
vt 0.530835 0.983447
vt 0.536586 0.983448
vt 0.360829 0.976271
vt 0.355064 0.983612
vt 0.360829 0.983453
vt 0.360829 0.976271
vt 0.355064 0.976431
vt 0.355064 0.983612
vt 0.897337 0.963050
vt 0.889429 0.972385
vt 0.897337 0.972386
vt 0.897337 0.963050
vt 0.889429 0.963049
vt 0.889429 0.972385
vt 0.983581 0.102105
vt 0.974640 0.102105
vt 0.978355 0.103550
vt 0.788025 0.802382
vt 0.783642 0.810760
vt 0.788025 0.812497
vt 0.788025 0.802382
vt 0.781886 0.802995
vt 0.783642 0.810760
vt 0.830444 0.159889
vt 0.826295 0.151564
vt 0.824913 0.159364
vt 0.830444 0.159889
vt 0.830444 0.149784
vt 0.826295 0.151564
vt 0.974640 0.056388
vt 0.979997 0.057823
vt 0.983647 0.056388
vt 0.094134 0.987118
vt 0.098271 0.992092
vt 0.098271 0.986481
vt 0.094134 0.987118
vt 0.094226 0.991717
vt 0.098271 0.992092
vt 0.039641 0.994503
vt 0.037664 0.998826
vt 0.039641 0.998815
vt 0.039641 0.994503
vt 0.037664 0.994514
vt 0.037664 0.998826
vt 0.047021 0.994509
vt 0.045584 0.998816
vt 0.047021 0.998822
vt 0.047021 0.994509
vt 0.045584 0.994503
vt 0.045584 0.998816
vt 0.020594 0.986481
vt 0.018617 0.992241
vt 0.020594 0.992231
vt 0.020594 0.986481
vt 0.018617 0.986492
vt 0.018617 0.992241
vt 0.075711 0.986487
vt 0.074274 0.992232
vt 0.075711 0.992238
vt 0.075711 0.986487
vt 0.074274 0.986481
vt 0.074274 0.992232
vt 0.063815 0.986481
vt 0.063226 0.992061
vt 0.068395 0.986880
vt 0.063226 0.992061
vt 0.068403 0.992061
vt 0.068395 0.986880
vt 0.467394 0.976271
vt 0.464800 0.983490
vt 0.469873 0.978173
vt 0.467394 0.976271
vt 0.463731 0.981042
vt 0.464800 0.983490
vt 0.464800 0.983490
vt 0.469873 0.983047
vt 0.469873 0.978173
vt 0.248298 0.976271
vt 0.252775 0.976951
vt 0.253118 0.976271
vt 0.649607 0.986481
vt 0.649607 0.991550
vt 0.650488 0.986988
vt 0.209434 0.998127
vt 0.207519 0.995350
vt 0.207299 0.997387
vt 0.209434 0.998127
vt 0.209434 0.994503
vt 0.207519 0.995350
vt 0.193125 0.998162
vt 0.194415 0.995245
vt 0.193125 0.994503
vt 0.193125 0.998162
vt 0.194641 0.997335
vt 0.194415 0.995245
vt 0.986138 0.422775
vt 0.986469 0.427834
vt 0.990569 0.422775
vt 0.986469 0.427834
vt 0.992312 0.428322
vt 0.990569 0.422775
vt 0.119078 0.992038
vt 0.123921 0.991550
vt 0.119256 0.987680
vt 0.123921 0.991550
vt 0.123921 0.986481
vt 0.119256 0.987680
vt 0.986637 0.346396
vt 0.992535 0.349284
vt 0.991613 0.346396
vt 0.986637 0.346396
vt 0.986139 0.349284
vt 0.992535 0.349284
vt 0.736869 0.439142
vt 0.731581 0.443716
vt 0.737447 0.443774
vt 0.736869 0.439142
vt 0.737447 0.433335
vt 0.731581 0.443716
vt 0.737447 0.433335
vt 0.731186 0.438389
vt 0.731581 0.443716
vt 0.837791 0.855134
vt 0.843496 0.858180
vt 0.843496 0.854578
vt 0.837791 0.855134
vt 0.838523 0.858038
vt 0.843496 0.858180
vt 0.487825 0.955485
vt 0.481651 0.957806
vt 0.487825 0.962792
vt 0.487825 0.955485
vt 0.484785 0.953533
vt 0.481651 0.957806
vt 0.481651 0.957806
vt 0.482019 0.965860
vt 0.487825 0.962792
vt 0.479062 0.929854
vt 0.477093 0.931943
vt 0.491767 0.930001
vt 0.477093 0.931943
vt 0.477093 0.948711
vt 0.491767 0.930001
vt 0.477093 0.948711
vt 0.493859 0.931974
vt 0.491767 0.930001
vt 0.477093 0.948711
vt 0.479708 0.951177
vt 0.493859 0.931974
vt 0.479708 0.951177
vt 0.494351 0.948220
vt 0.493859 0.931974
vt 0.479708 0.951177
vt 0.492382 0.950308
vt 0.494351 0.948220
vt 0.515568 0.936345
vt 0.513252 0.951405
vt 0.526915 0.936055
vt 0.515568 0.936345
vt 0.513252 0.938040
vt 0.513252 0.951405
vt 0.513252 0.951405
vt 0.528613 0.938375
vt 0.526915 0.936055
vt 0.513252 0.951405
vt 0.528613 0.951740
vt 0.528613 0.938375
vt 0.513252 0.951405
vt 0.514950 0.953726
vt 0.528613 0.951740
vt 0.514950 0.953726
vt 0.526143 0.954440
vt 0.528613 0.951740
vt 0.955166 0.738482
vt 0.960393 0.748707
vt 0.960966 0.735743
vt 0.960393 0.748707
vt 0.960966 0.742883
vt 0.960966 0.735743
vt 0.955166 0.738482
vt 0.953557 0.743994
vt 0.960393 0.748707
vt 0.953557 0.743994
vt 0.955013 0.748868
vt 0.960393 0.748707
vt 0.967492 0.156626
vt 0.967492 0.146962
vt 0.963052 0.151066
vt 0.158402 0.626504
vt 0.163152 0.625009
vt 0.158402 0.616835
vt 0.314714 0.590611
vt 0.318147 0.585197
vt 0.314714 0.581365
vt 0.906993 0.572985
vt 0.911012 0.575587
vt 0.911264 0.573453
vt 0.906993 0.572985
vt 0.906993 0.609720
vt 0.911012 0.575587
vt 0.906993 0.609720
vt 0.915283 0.576055
vt 0.911012 0.575587
vt 0.906993 0.609720
vt 0.911264 0.610189
vt 0.915283 0.576055
vt 0.221633 0.892061
vt 0.190779 0.892061
vt 0.221887 0.928741
vt 0.190779 0.892061
vt 0.190769 0.931598
vt 0.221887 0.928741
vt 0.929762 0.655871
vt 0.934861 0.626957
vt 0.929761 0.626032
vt 0.480254 0.991664
vt 0.482628 0.988083
vt 0.480254 0.986481
vt 0.624735 0.954438
vt 0.629767 0.937219
vt 0.624735 0.937218
vt 0.624735 0.954438
vt 0.629767 0.954440
vt 0.629767 0.937219
vt 0.636293 0.907126
vt 0.636293 0.866592
vt 0.631282 0.907052
vt 0.574203 0.910389
vt 0.588979 0.909292
vt 0.574203 0.868758
vt 0.672717 0.008253
vt 0.686870 0.029367
vt 0.686870 0.002396
vt 0.502021 0.796169
vt 0.496955 0.796586
vt 0.505772 0.817392
vt 0.226718 0.929452
vt 0.242025 0.952808
vt 0.249623 0.929452
vt 0.709833 0.063629
vt 0.714606 0.062362
vt 0.709833 0.037001
vt 0.733877 0.776300
vt 0.748868 0.774382
vt 0.733877 0.755539
vt 0.733877 0.776300
vt 0.740095 0.817392
vt 0.748868 0.774382
vt 0.744971 0.858180
vt 0.747237 0.817651
vt 0.742940 0.817651
vt 0.947776 0.439604
vt 0.947776 0.456825
vt 0.952089 0.439605
vt 0.947776 0.456825
vt 0.952808 0.456826
vt 0.952089 0.439605
vt 0.687299 0.807552
vt 0.687299 0.863075
vt 0.716238 0.839646
vt 0.687299 0.863075
vt 0.711322 0.862973
vt 0.716238 0.839646
vt 0.879390 0.052670
vt 0.874454 0.055326
vt 0.879390 0.099523
vt 0.851654 0.646619
vt 0.830947 0.661970
vt 0.851654 0.699923
vt 0.912020 0.403393
vt 0.905986 0.404360
vt 0.912020 0.440511
vt 0.153028 0.986481
vt 0.150258 0.988772
vt 0.153028 0.992125
vt 0.947448 0.990830
vt 0.947448 0.986481
vt 0.943135 0.986483
vt 0.979158 0.185723
vt 0.983666 0.182790
vt 0.974640 0.182790
vt 0.072983 0.341948
vt 0.070495 0.348082
vt 0.076681 0.350730
vt 0.070495 0.348082
vt 0.074852 0.356551
vt 0.076681 0.350730
vt 0.070495 0.348082
vt 0.067287 0.352048
vt 0.074852 0.356551
vt 0.067287 0.352048
vt 0.069809 0.357303
vt 0.074852 0.356551
vt 0.241130 0.840794
vt 0.247638 0.852979
vt 0.245426 0.840044
vt 0.247638 0.852979
vt 0.247638 0.839374
vt 0.245426 0.840044
vt 0.247638 0.852979
vt 0.253366 0.850785
vt 0.247638 0.839374
vt 0.247638 0.852979
vt 0.256947 0.862213
vt 0.253366 0.850785
vt 0.256947 0.862213
vt 0.262675 0.862168
vt 0.253366 0.850785
vt 0.256947 0.862213
vt 0.253366 0.873698
vt 0.262675 0.862168
vt 0.256947 0.862213
vt 0.247638 0.872311
vt 0.253366 0.873698
vt 0.247638 0.872311
vt 0.247638 0.885916
vt 0.253366 0.873698
vt 0.247638 0.872311
vt 0.245426 0.884437
vt 0.247638 0.885916
vt 0.247638 0.872311
vt 0.241130 0.883755
vt 0.245426 0.884437
vt 0.522243 0.976271
vt 0.522243 0.983433
vt 0.528582 0.980989
vt 0.839527 0.683831
vt 0.831914 0.693396
vt 0.840233 0.691470
vt 0.839527 0.683831
vt 0.831914 0.682167
vt 0.831914 0.693396
vt 0.958432 0.537015
vt 0.965860 0.540034
vt 0.965860 0.529762
vt 0.802708 0.509107
vt 0.797555 0.515599
vt 0.802708 0.520455
vt 0.131003 0.976271
vt 0.127028 0.980669
vt 0.131003 0.984057
vt 0.407853 0.667292
vt 0.413500 0.660251
vt 0.403494 0.659133
vt 0.413500 0.660251
vt 0.400692 0.649588
vt 0.403494 0.659133
vt 0.413500 0.660251
vt 0.417669 0.651663
vt 0.400692 0.649588
vt 0.417669 0.651663
vt 0.417669 0.641685
vt 0.400692 0.649588
vt 0.417669 0.641685
vt 0.400692 0.639610
vt 0.400692 0.649588
vt 0.427458 0.937278
vt 0.420332 0.950902
vt 0.427458 0.954440
vt 0.427458 0.937278
vt 0.420206 0.940310
vt 0.420332 0.950902
vt 0.420206 0.940310
vt 0.414746 0.945536
vt 0.420332 0.950902
vt 0.478418 0.157609
vt 0.476705 0.165455
vt 0.483383 0.164373
vt 0.476705 0.165455
vt 0.476705 0.174795
vt 0.483383 0.164373
vt 0.476705 0.174795
vt 0.486193 0.172568
vt 0.483383 0.164373
vt 0.476705 0.174795
vt 0.485803 0.180973
vt 0.486193 0.172568
vt 0.476705 0.174795
vt 0.478852 0.182714
vt 0.485803 0.180973
vt 0.478852 0.182714
vt 0.482933 0.185993
vt 0.485803 0.180973
vt 0.848391 0.288820
vt 0.844278 0.287519
vt 0.844278 0.301831
vt 0.634088 0.938900
vt 0.659134 0.925093
vt 0.632619 0.925620
vt 0.634088 0.938900
vt 0.659134 0.939756
vt 0.659134 0.925093
vt 0.956071 0.045324
vt 0.952395 0.045274
vt 0.952395 0.060366
vt 0.659134 0.925093
vt 0.656554 0.914258
vt 0.632619 0.925620
vt 0.656554 0.914258
vt 0.635839 0.912117
vt 0.632619 0.925620
vt 0.656554 0.914258
vt 0.648136 0.907522
vt 0.635839 0.912117
vt 0.922109 0.220538
vt 0.922109 0.229902
vt 0.929967 0.221306
vt 0.922109 0.229902
vt 0.929250 0.230614
vt 0.929967 0.221306
vt 0.922109 0.229902
vt 0.922511 0.252886
vt 0.929250 0.230614
vt 0.805971 0.308427
vt 0.805732 0.279662
vt 0.782738 0.313252
vt 0.805732 0.279662
vt 0.783423 0.279508
vt 0.782738 0.313252
vt 0.805732 0.279662
vt 0.805708 0.245852
vt 0.783423 0.279508
vt 0.805708 0.245852
vt 0.782738 0.244243
vt 0.783423 0.279508
vt 0.001677 0.895817
vt 0.001884 0.918833
vt 0.009789 0.919010
vt 0.001884 0.918833
vt 0.009583 0.928335
vt 0.009789 0.919010
vt 0.001884 0.918833
vt 0.001677 0.928158
vt 0.009583 0.928335
vt 0.929759 0.142057
vt 0.922061 0.151558
vt 0.929967 0.151383
vt 0.929759 0.142057
vt 0.921853 0.142232
vt 0.922061 0.151558
vt 0.922061 0.151558
vt 0.921853 0.174573
vt 0.929967 0.151383
vt 0.773998 0.172750
vt 0.796879 0.205858
vt 0.798017 0.170472
vt 0.773998 0.172750
vt 0.775107 0.206515
vt 0.796879 0.205858
vt 0.775107 0.206515
vt 0.796593 0.239834
vt 0.796879 0.205858
vt 0.775107 0.206515
vt 0.773998 0.235460
vt 0.796593 0.239834
vt 0.046798 0.352409
vt 0.048946 0.329524
vt 0.041743 0.329683
vt 0.048946 0.329524
vt 0.048946 0.320188
vt 0.041743 0.329683
vt 0.048946 0.320188
vt 0.041743 0.320347
vt 0.041743 0.329683
vt 0.494643 0.836365
vt 0.487483 0.836365
vt 0.495982 0.882653
vt 0.487483 0.836365
vt 0.486674 0.882653
vt 0.495982 0.882653
vt 0.858243 0.750500
vt 0.864706 0.741153
vt 0.858243 0.741154
vt 0.858243 0.750500
vt 0.864706 0.750498
vt 0.864706 0.741153
vt 0.549489 0.976271
vt 0.544466 0.983461
vt 0.549489 0.983460
vt 0.549489 0.976271
vt 0.544466 0.976272
vt 0.544466 0.983461
vt 0.992683 0.049804
vt 0.986138 0.055319
vt 0.992607 0.055319
vt 0.992683 0.049804
vt 0.986214 0.049804
vt 0.986138 0.055319
vt 0.638006 0.658848
vt 0.644451 0.750449
vt 0.644451 0.658797
vt 0.638006 0.658848
vt 0.638006 0.750500
vt 0.644451 0.750449
vt 0.986139 0.104215
vt 0.992608 0.097746
vt 0.986138 0.097746
vt 0.986139 0.104215
vt 0.992608 0.104215
vt 0.992608 0.097746
vt 0.861300 0.107680
vt 0.866338 0.083240
vt 0.859862 0.106243
vt 0.866338 0.083240
vt 0.854836 0.106963
vt 0.859862 0.106243
vt 0.866338 0.083240
vt 0.854836 0.059517
vt 0.854836 0.106963
vt 0.866338 0.083240
vt 0.859862 0.060235
vt 0.854836 0.059517
vt 0.866338 0.083240
vt 0.861300 0.058797
vt 0.859862 0.060235
vt 0.952808 0.310037
vt 0.939204 0.325209
vt 0.952808 0.325202
vt 0.939204 0.325209
vt 0.949201 0.329564
vt 0.952808 0.325202
vt 0.939204 0.325209
vt 0.942757 0.329567
vt 0.949201 0.329564
vt 0.952808 0.310037
vt 0.939204 0.310045
vt 0.939204 0.325209
vt 0.959334 0.462746
vt 0.953550 0.476403
vt 0.959334 0.476404
vt 0.959334 0.462746
vt 0.953550 0.462744
vt 0.953550 0.476403
vt 0.756527 0.221956
vt 0.741240 0.242073
vt 0.757026 0.242069
vt 0.756527 0.221956
vt 0.742176 0.221960
vt 0.741240 0.242073
vt 0.741240 0.242073
vt 0.756894 0.267221
vt 0.757026 0.242069
vt 0.741240 0.242073
vt 0.741109 0.267225
vt 0.756894 0.267221
vt 0.741109 0.267225
vt 0.741240 0.292394
vt 0.756894 0.267221
vt 0.741240 0.292394
vt 0.757026 0.293109
vt 0.756894 0.267221
vt 0.741240 0.292394
vt 0.742176 0.312537
vt 0.757026 0.293109
vt 0.742176 0.312537
vt 0.756527 0.313252
vt 0.757026 0.293109
vt 0.948837 0.930936
vt 0.935225 0.946101
vt 0.949545 0.946101
vt 0.935225 0.946101
vt 0.945225 0.951177
vt 0.949545 0.946101
vt 0.935225 0.946101
vt 0.939497 0.951177
vt 0.945225 0.951177
vt 0.948837 0.930936
vt 0.935949 0.930936
vt 0.935225 0.946101
vt 0.962597 0.613564
vt 0.956813 0.626502
vt 0.962597 0.626504
vt 0.962597 0.613564
vt 0.956813 0.613563
vt 0.956813 0.626502
vt 0.272464 0.682370
vt 0.270772 0.656420
vt 0.270772 0.683607
vt 0.189830 0.850266
vt 0.185518 0.849714
vt 0.194151 0.872266
vt 0.185518 0.849714
vt 0.185518 0.894073
vt 0.194151 0.872266
vt 0.063629 0.906136
vt 0.059694 0.906954
vt 0.063629 0.931598
vt 0.059694 0.906954
vt 0.057949 0.906721
vt 0.063629 0.931598
vt 0.957703 0.795572
vt 0.952724 0.809234
vt 0.957703 0.809230
vt 0.957703 0.795572
vt 0.952724 0.795576
vt 0.952724 0.809234
vt 0.061998 0.950966
vt 0.048495 0.936091
vt 0.048495 0.951177
vt 0.061998 0.950966
vt 0.061998 0.935881
vt 0.048495 0.936091
vt 0.061998 0.935881
vt 0.052095 0.931728
vt 0.048495 0.936091
vt 0.061998 0.935881
vt 0.058491 0.931628
vt 0.052095 0.931728
vt 0.962597 0.753871
vt 0.957618 0.766815
vt 0.962597 0.766811
vt 0.962597 0.753871
vt 0.957618 0.753875
vt 0.957618 0.766815
vt 0.948600 0.572664
vt 0.935330 0.557580
vt 0.935806 0.572664
vt 0.948600 0.572664
vt 0.949545 0.557580
vt 0.935330 0.557580
vt 0.949545 0.557580
vt 0.939709 0.552555
vt 0.935330 0.557580
vt 0.949545 0.557580
vt 0.945395 0.552555
vt 0.939709 0.552555
vt 0.533819 0.204604
vt 0.570739 0.224496
vt 0.571032 0.201098
vt 0.533819 0.204604
vt 0.522803 0.204314
vt 0.570739 0.224496
vt 0.522803 0.204314
vt 0.522791 0.220374
vt 0.570739 0.224496
vt 0.522791 0.220374
vt 0.524575 0.243409
vt 0.570739 0.224496
vt 0.524575 0.243409
vt 0.570646 0.249314
vt 0.570739 0.224496
vt 0.524575 0.243409
vt 0.530271 0.261372
vt 0.570646 0.249314
vt 0.530271 0.261372
vt 0.557722 0.274176
vt 0.570646 0.249314
vt 0.557722 0.274176
vt 0.571032 0.280622
vt 0.570646 0.249314
vt 0.152911 0.943138
vt 0.161488 0.936626
vt 0.141302 0.933875
vt 0.190271 0.620184
vt 0.195092 0.621778
vt 0.192259 0.617562
vt 0.195092 0.621778
vt 0.195936 0.617511
vt 0.192259 0.617562
vt 0.190271 0.620184
vt 0.190271 0.623886
vt 0.195092 0.621778
vt 0.190271 0.623886
vt 0.192814 0.625850
vt 0.195092 0.621778
vt 0.192814 0.625850
vt 0.196352 0.626504
vt 0.195092 0.621778
vt 0.196352 0.626504
vt 0.198340 0.620180
vt 0.195092 0.621778
vt 0.196352 0.626504
vt 0.199046 0.624021
vt 0.198340 0.620180
vt 0.635352 0.961410
vt 0.633077 0.964253
vt 0.636778 0.965744
vt 0.633077 0.964253
vt 0.633077 0.967851
vt 0.636778 0.965744
vt 0.633077 0.967851
vt 0.635238 0.970755
vt 0.636778 0.965744
vt 0.635238 0.970755
vt 0.638921 0.970086
vt 0.636778 0.965744
vt 0.638921 0.970086
vt 0.641188 0.967962
vt 0.636778 0.965744
vt 0.136120 0.971695
vt 0.137563 0.968809
vt 0.133882 0.969553
vt 0.641188 0.967962
vt 0.639026 0.961460
vt 0.636778 0.965744
vt 0.641188 0.967962
vt 0.641188 0.964365
vt 0.639026 0.961460
vt 0.237872 0.962792
vt 0.237872 0.967015
vt 0.242566 0.964743
vt 0.237872 0.967015
vt 0.241191 0.969869
vt 0.242566 0.964743
vt 0.241191 0.969869
vt 0.244005 0.970755
vt 0.242566 0.964743
vt 0.244005 0.970755
vt 0.247714 0.968733
vt 0.242566 0.964743
vt 0.247714 0.968733
vt 0.247991 0.965459
vt 0.242566 0.964743
vt 0.247991 0.965459
vt 0.246666 0.962067
vt 0.242566 0.964743
vt 0.732225 0.963853
vt 0.736416 0.963863
vt 0.733564 0.960472
vt 0.246666 0.962067
vt 0.240004 0.960618
vt 0.242566 0.964743
vt 0.246666 0.962067
vt 0.243575 0.960234
vt 0.240004 0.960618
vt 0.977208 0.554588
vt 0.974640 0.549308
vt 0.974640 0.552599
vt 0.977208 0.554588
vt 0.981084 0.554343
vt 0.974640 0.549308
vt 0.981084 0.554343
vt 0.983022 0.551752
vt 0.974640 0.549308
vt 0.983022 0.551752
vt 0.976578 0.546717
vt 0.974640 0.549308
vt 0.983022 0.551752
vt 0.980438 0.546431
vt 0.976578 0.546717
vt 0.983022 0.551752
vt 0.983022 0.548461
vt 0.980438 0.546431
vt 0.977057 0.147564
vt 0.980962 0.147537
vt 0.978694 0.143579
vt 0.980962 0.147537
vt 0.983418 0.145411
vt 0.978694 0.143579
vt 0.983418 0.145411
vt 0.983418 0.141560
vt 0.978694 0.143579
vt 0.983418 0.141560
vt 0.980332 0.139594
vt 0.978694 0.143579
vt 0.980332 0.139594
vt 0.977356 0.139210
vt 0.978694 0.143579
vt 0.977356 0.139210
vt 0.974899 0.145187
vt 0.978694 0.143579
vt 0.977356 0.139210
vt 0.974640 0.142006
vt 0.974899 0.145187
vt 0.974640 0.264560
vt 0.976880 0.266513
vt 0.974640 0.261312
vt 0.976880 0.266513
vt 0.977558 0.258653
vt 0.974640 0.261312
vt 0.976880 0.266513
vt 0.980738 0.266814
vt 0.977558 0.258653
vt 0.980738 0.266814
vt 0.980771 0.258636
vt 0.977558 0.258653
vt 0.980738 0.266814
vt 0.983340 0.261550
vt 0.980771 0.258636
vt 0.980738 0.266814
vt 0.983318 0.264836
vt 0.983340 0.261550
vt 0.529971 0.052693
vt 0.524542 0.054566
vt 0.535139 0.056320
vt 0.524542 0.054566
vt 0.529547 0.059831
vt 0.535139 0.056320
vt 0.524542 0.054566
vt 0.522245 0.060775
vt 0.529547 0.059831
vt 0.522245 0.060775
vt 0.525203 0.066705
vt 0.529547 0.059831
vt 0.525203 0.066705
vt 0.531394 0.066892
vt 0.529547 0.059831
vt 0.531394 0.066892
vt 0.535139 0.062536
vt 0.529547 0.059831
vt 0.987017 0.741512
vt 0.987533 0.737718
vt 0.986139 0.739615
vt 0.987017 0.741512
vt 0.989093 0.739842
vt 0.987533 0.737718
vt 0.987017 0.741512
vt 0.988364 0.742007
vt 0.989093 0.739842
vt 0.988364 0.742007
vt 0.990637 0.742007
vt 0.989093 0.739842
vt 0.990637 0.742007
vt 0.992015 0.740150
vt 0.989093 0.739842
vt 0.992015 0.740150
vt 0.991819 0.738480
vt 0.989093 0.739842
vt 0.991819 0.738480
vt 0.989806 0.737718
vt 0.989093 0.739842
vt 0.034155 0.964963
vt 0.031857 0.974018
vt 0.037094 0.967170
vt 0.031857 0.974018
vt 0.037525 0.970186
vt 0.037094 0.967170
vt 0.031857 0.974018
vt 0.035912 0.973464
vt 0.037525 0.970186
vt 0.034155 0.964963
vt 0.028918 0.971811
vt 0.031857 0.974018
vt 0.034155 0.964963
vt 0.028918 0.968220
vt 0.028918 0.971811
vt 0.034155 0.964963
vt 0.030498 0.964913
vt 0.028918 0.968220
vt 0.425376 0.641570
vt 0.435616 0.646513
vt 0.431673 0.641759
vt 0.425376 0.641570
vt 0.421391 0.645918
vt 0.435616 0.646513
vt 0.421391 0.645918
vt 0.421349 0.652748
vt 0.435616 0.646513
vt 0.421349 0.652748
vt 0.425291 0.657503
vt 0.435616 0.646513
vt 0.425291 0.657503
vt 0.430681 0.657236
vt 0.435616 0.646513
vt 0.430681 0.657236
vt 0.435616 0.653332
vt 0.435616 0.646513
vt 0.819340 0.976271
vt 0.818004 0.978570
vt 0.821992 0.976529
vt 0.818004 0.978570
vt 0.818682 0.981455
vt 0.821992 0.976529
vt 0.818682 0.981455
vt 0.820347 0.983027
vt 0.821992 0.976529
vt 0.820347 0.983027
vt 0.822670 0.982645
vt 0.821992 0.976529
vt 0.822670 0.982645
vt 0.824295 0.981003
vt 0.821992 0.976529
vt 0.824295 0.981003
vt 0.824295 0.977772
vt 0.821992 0.976529
vt 0.260119 0.989812
vt 0.262416 0.991985
vt 0.262416 0.986481
vt 0.419935 0.986481
vt 0.419935 0.991638
vt 0.424177 0.990777
vt 0.287148 0.340988
vt 0.287148 0.330207
vt 0.285711 0.335296
vt 0.983702 0.136956
vt 0.980891 0.134184
vt 0.974640 0.136956
vt 0.983410 0.520955
vt 0.979439 0.519315
vt 0.974640 0.520955
vt 0.119848 0.754868
vt 0.122364 0.760289
vt 0.122364 0.749017
vt 0.225484 0.958637
vt 0.233278 0.947815
vt 0.227293 0.947815
vt 0.225484 0.958637
vt 0.237391 0.952122
vt 0.233278 0.947815
vt 0.225484 0.958637
vt 0.238202 0.958235
vt 0.237391 0.952122
vt 0.225484 0.958637
vt 0.230225 0.962597
vt 0.238202 0.958235
vt 0.167281 0.486193
vt 0.169678 0.480227
vt 0.167281 0.474520
vt 0.143943 0.986481
vt 0.148005 0.989153
vt 0.146990 0.986950
vt 0.143943 0.986481
vt 0.146990 0.990859
vt 0.148005 0.989153
vt 0.143943 0.986481
vt 0.143943 0.992066
vt 0.146990 0.990859
vt 0.624933 0.976271
vt 0.622693 0.982017
vt 0.624933 0.983460
vt 0.624933 0.976271
vt 0.621932 0.979857
vt 0.622693 0.982017
vt 0.624933 0.976271
vt 0.622693 0.976985
vt 0.621932 0.979857
vt 0.780691 0.952512
vt 0.794551 0.958753
vt 0.785283 0.948447
vt 0.794551 0.958753
vt 0.790744 0.948668
vt 0.785283 0.948447
vt 0.794551 0.958753
vt 0.794551 0.952600
vt 0.790744 0.948668
vt 0.780691 0.952512
vt 0.790629 0.962562
vt 0.794551 0.958753
vt 0.780691 0.952512
vt 0.780476 0.957981
vt 0.790629 0.962562
vt 0.780476 0.957981
vt 0.784497 0.962597
vt 0.790629 0.962562
vt 0.986138 0.439989
vt 0.986597 0.443167
vt 0.988182 0.438400
vt 0.986597 0.443167
vt 0.988417 0.444528
vt 0.988182 0.438400
vt 0.988417 0.444528
vt 0.990454 0.438400
vt 0.988182 0.438400
vt 0.988417 0.444528
vt 0.992274 0.439762
vt 0.990454 0.438400
vt 0.988417 0.444528
vt 0.992277 0.442032
vt 0.992274 0.439762
vt 0.988417 0.444528
vt 0.990690 0.444528
vt 0.992277 0.442032
vt 0.158246 0.950310
vt 0.168047 0.954778
vt 0.163794 0.950324
vt 0.158246 0.950310
vt 0.154325 0.954287
vt 0.168047 0.954778
vt 0.154325 0.954287
vt 0.167969 0.960266
vt 0.168047 0.954778
vt 0.154325 0.954287
vt 0.164090 0.964229
vt 0.167969 0.960266
vt 0.154325 0.954287
vt 0.158500 0.964229
vt 0.164090 0.964229
vt 0.154325 0.954287
vt 0.154526 0.960437
vt 0.158500 0.964229
vt 0.986138 0.475255
vt 0.988646 0.471364
vt 0.986138 0.472943
vt 0.986138 0.475255
vt 0.990919 0.471373
vt 0.988646 0.471364
vt 0.986138 0.475255
vt 0.992285 0.473236
vt 0.990919 0.471373
vt 0.986138 0.475255
vt 0.992285 0.475548
vt 0.992285 0.473236
vt 0.986138 0.475255
vt 0.990471 0.476945
vt 0.992285 0.475548
vt 0.986138 0.475255
vt 0.987504 0.477118
vt 0.990471 0.476945
vt 0.626174 0.991393
vt 0.626174 0.986481
vt 0.621521 0.988307
vt 0.879804 0.986481
vt 0.879804 0.991021
vt 0.882612 0.990197
vt 0.990832 0.631267
vt 0.992194 0.627136
vt 0.986139 0.627136
vt 0.986139 0.627136
vt 0.987006 0.630904
vt 0.990832 0.631267
vt 0.947864 0.340616
vt 0.935755 0.340616
vt 0.947914 0.349272
vt 0.935755 0.340616
vt 0.934382 0.349995
vt 0.947914 0.349272
vt 0.740710 0.388772
vt 0.734222 0.389113
vt 0.740710 0.401013
vt 0.734222 0.389113
vt 0.734222 0.401354
vt 0.740710 0.401013
vt 0.934382 0.349995
vt 0.945898 0.359307
vt 0.947914 0.349272
vt 0.934382 0.349995
vt 0.935202 0.357868
vt 0.945898 0.359307
vt 0.935202 0.357868
vt 0.940923 0.362198
vt 0.945898 0.359307
vt 0.478036 0.872575
vt 0.470967 0.873718
vt 0.476214 0.896080
vt 0.470967 0.873718
vt 0.468439 0.897336
vt 0.476214 0.896080
vt 0.970755 0.370355
vt 0.962847 0.361018
vt 0.962847 0.370354
vt 0.970755 0.370355
vt 0.970755 0.361019
vt 0.962847 0.361018
vt 0.478036 0.872575
vt 0.468439 0.854542
vt 0.470967 0.873718
vt 0.478036 0.872575
vt 0.474801 0.853514
vt 0.468439 0.854542
vt 0.974640 0.453460
vt 0.983252 0.446991
vt 0.974641 0.446991
vt 0.974640 0.453460
vt 0.983250 0.453460
vt 0.983252 0.446991
vt 0.931598 0.744812
vt 0.931010 0.744812
vt 0.931331 0.755394
vt 0.983379 0.580453
vt 0.974640 0.580453
vt 0.983344 0.581135
vt 0.937048 0.218624
vt 0.944651 0.212851
vt 0.943940 0.212852
vt 0.944651 0.212851
vt 0.943940 0.193443
vt 0.943940 0.212852
vt 0.944651 0.212851
vt 0.944651 0.193442
vt 0.943940 0.193443
vt 0.801832 0.456048
vt 0.809580 0.458385
vt 0.802548 0.456053
vt 0.307651 0.907368
vt 0.308357 0.907237
vt 0.307651 0.900047
vt 0.307651 0.907368
vt 0.308297 0.915283
vt 0.308357 0.907237
f 1/1 2/2 3/3
f 4/4 5/5 6/6
f 7/7 8/8 9/9
f 10/10 11/11 12/12
f 13/13 14/14 15/15
f 16/16 17/17 18/18
f 19/19 20/20 21/21
f 22/22 23/23 24/24
f 25/25 26/26 27/27
f 28/28 29/29 30/30
f 31/31 32/32 33/33
f 34/34 35/35 36/36
f 37/37 38/38 39/39
f 40/40 41/41 42/42
f 43/43 44/44 45/45
f 46/46 47/47 48/48
f 49/49 50/50 51/51
f 52/52 53/53 54/54
f 55/55 56/56 57/57
f 58/58 59/59 60/60
f 61/61 62/62 63/63
f 64/64 65/65 66/66
f 67/67 68/68 69/69
f 70/70 71/71 72/72
f 73/73 74/74 75/75
f 76/76 77/77 78/78
f 79/79 80/80 81/81
f 82/82 83/83 84/84
f 85/85 86/86 87/87
f 88/88 89/89 90/90
f 91/91 92/92 93/93
f 94/94 95/95 96/96
f 97/97 98/98 99/99
f 100/100 101/101 102/102
f 103/103 104/104 105/105
f 106/106 107/107 108/108
f 109/109 110/110 111/111
f 112/112 113/113 114/114
f 115/115 116/116 117/117
f 118/118 119/119 120/120
f 121/121 122/122 123/123
f 124/124 125/125 126/126
f 127/127 128/128 129/129
f 130/130 131/131 132/132
f 133/133 134/134 135/135
f 136/136 137/137 138/138
f 139/139 140/140 141/141
f 142/142 143/143 144/144
f 145/145 146/146 147/147
f 148/148 149/149 150/150
f 151/151 152/152 153/153
f 154/154 155/155 156/156
f 157/157 158/158 159/159
f 160/160 161/161 162/162
f 163/163 164/164 165/165
f 166/166 167/167 168/168
f 169/169 170/170 171/171
f 172/172 173/173 174/174
f 175/175 176/176 177/177
f 178/178 179/179 180/180
f 181/181 182/182 183/183
f 184/184 185/185 186/186
f 187/187 188/188 189/189
f 190/190 191/191 192/192
f 193/193 194/194 195/195
f 196/196 197/197 198/198
f 199/199 200/200 201/201
f 202/202 203/203 204/204
f 205/205 206/206 207/207
f 208/208 209/209 210/210
f 211/211 212/212 213/213
f 214/214 215/215 216/216
f 217/217 218/218 219/219
f 220/220 221/221 222/222
f 223/223 224/224 225/225
f 226/226 227/227 228/228
f 229/229 230/230 231/231
f 232/232 233/233 234/234
f 235/235 236/236 237/237
f 238/238 239/239 240/240
f 241/241 242/242 243/243
f 244/244 245/245 246/246
f 247/247 248/248 249/249
f 250/250 251/251 252/252
f 253/253 254/254 255/255
f 256/256 257/257 258/258
f 259/259 260/260 261/261
f 262/262 263/263 264/264
f 265/265 266/266 267/267
f 268/268 269/269 270/270
f 271/271 272/272 273/273
f 274/274 275/275 276/276
f 277/277 278/278 279/279
f 280/280 281/281 282/282
f 283/283 284/284 285/285
f 286/286 287/287 288/288
f 289/289 290/290 291/291
f 292/292 293/293 294/294
f 295/295 296/296 297/297
f 298/298 299/299 300/300
f 301/301 302/302 303/303
f 304/304 305/305 306/306
f 307/307 308/308 309/309
f 310/310 311/311 312/312
f 313/313 314/314 315/315
f 316/316 317/317 318/318
f 319/319 320/320 321/321
f 322/322 323/323 324/324
f 325/325 326/326 327/327
f 328/328 329/329 330/330
f 331/331 332/332 333/333
f 334/334 335/335 336/336
f 337/337 338/338 339/339
f 340/340 341/341 342/342
f 343/343 344/344 345/345
f 346/346 347/347 348/348
f 349/349 350/350 351/351
f 352/352 353/353 354/354
f 355/355 356/356 357/357
f 358/358 359/359 360/360
f 361/361 362/362 363/363
f 364/364 365/365 366/366
f 367/367 368/368 369/369
f 370/370 371/371 372/372
f 373/373 374/374 375/375
f 376/376 377/377 378/378
f 379/379 380/380 381/381
f 382/382 383/383 384/384
f 385/385 386/386 387/387
f 388/388 389/389 390/390
f 391/391 392/392 393/393
f 394/394 395/395 396/396
f 397/397 398/398 399/399
f 400/400 401/401 402/402
f 403/403 404/404 405/405
f 406/406 407/407 408/408
f 409/409 410/410 411/411
f 412/412 413/413 414/414
f 415/415 416/416 417/417
f 418/418 419/419 420/420
f 421/421 422/422 423/423
f 424/424 425/425 426/426
f 427/427 428/428 429/429
f 430/430 431/431 432/432
f 433/433 434/434 435/435
f 436/436 437/437 438/438
f 439/439 440/440 441/441
f 442/442 443/443 444/444
f 445/445 446/446 447/447
f 448/448 449/449 450/450
f 451/451 452/452 453/453
f 454/454 455/455 456/456
f 457/457 458/458 459/459
f 460/460 461/461 462/462
f 463/463 464/464 465/465
f 466/466 467/467 468/468
f 469/469 470/470 471/471
f 472/472 473/473 474/474
f 475/475 476/476 477/477
f 478/478 479/479 480/480
f 481/481 482/482 483/483
f 484/484 485/485 486/486
f 487/487 488/488 489/489
f 490/490 491/491 492/492
f 493/493 494/494 495/495
f 496/496 497/497 498/498
f 499/499 500/500 501/501
f 502/502 503/503 504/504
f 505/505 506/506 507/507
f 508/508 509/509 510/510
f 511/511 512/512 513/513
f 514/514 515/515 516/516
f 517/517 518/518 519/519
f 520/520 521/521 522/522
f 523/523 524/524 525/525
f 526/526 527/527 528/528
f 529/529 530/530 531/531
f 532/532 533/533 534/534
f 535/535 536/536 537/537
f 538/538 539/539 540/540
f 541/541 542/542 543/543
f 544/544 545/545 546/546
f 547/547 548/548 549/549
f 550/550 551/551 552/552
f 553/553 554/554 555/555
f 556/556 557/557 558/558
f 559/559 560/560 561/561
f 562/562 563/563 564/564
f 565/565 566/566 567/567
f 568/568 569/569 570/570
f 571/571 572/572 573/573
f 574/574 575/575 576/576
f 577/577 578/578 579/579
f 580/580 581/581 582/582
f 583/583 584/584 585/585
f 586/586 587/587 588/588
f 589/589 590/590 591/591
f 592/592 593/593 594/594
f 595/595 596/596 597/597
f 598/598 599/599 600/600
f 601/601 602/602 603/603
f 604/604 605/605 606/606
f 607/607 608/608 609/609
f 610/610 611/611 612/612
f 613/613 614/614 615/615
f 616/616 617/617 618/618
f 619/619 620/620 621/621
f 622/622 623/623 624/624
f 625/625 626/626 627/627
f 628/628 629/629 630/630
f 631/631 632/632 633/633
f 634/634 635/635 636/636
f 637/637 638/638 639/639
f 640/640 641/641 642/642
f 643/643 644/644 645/645
f 646/646 647/647 648/648
f 649/649 650/650 651/651
f 652/652 653/653 654/654
f 655/655 656/656 657/657
f 658/658 659/659 660/660
f 661/661 662/662 663/663
f 664/664 665/665 666/666
f 667/667 668/668 669/669
f 670/670 671/671 672/672
f 673/673 674/674 675/675
f 676/676 677/677 678/678
f 679/679 680/680 681/681
f 682/682 683/683 684/684
f 685/685 686/686 687/687
f 688/688 689/689 690/690
f 691/691 692/692 693/693
f 694/694 695/695 696/696
f 697/697 698/698 699/699
f 700/700 701/701 702/702
f 703/703 704/704 705/705
f 706/706 707/707 708/708
f 709/709 710/710 711/711
f 712/712 713/713 714/714
f 715/715 716/716 717/717
f 718/718 719/719 720/720
f 721/721 722/722 723/723
f 724/724 725/725 726/726
f 727/727 728/728 729/729
f 730/730 731/731 732/732
f 733/733 734/734 735/735
f 736/736 737/737 738/738
f 739/739 740/740 741/741
f 742/742 743/743 744/744
f 745/745 746/746 747/747
f 748/748 749/749 750/750
f 751/751 752/752 753/753
f 754/754 755/755 756/756
f 757/757 758/758 759/759
f 760/760 761/761 762/762
f 763/763 764/764 765/765
f 766/766 767/767 768/768
f 769/769 770/770 771/771
f 772/772 773/773 774/774
f 775/775 776/776 777/777
f 778/778 779/779 780/780
f 781/781 782/782 783/783
f 784/784 785/785 786/786
f 787/787 788/788 789/789
f 790/790 791/791 792/792
f 793/793 794/794 795/795
f 796/796 797/797 798/798
f 799/799 800/800 801/801
f 802/802 803/803 804/804
f 805/805 806/806 807/807
f 808/808 809/809 810/810
f 811/811 812/812 813/813
f 814/814 815/815 816/816
f 817/817 818/818 819/819
f 820/820 821/821 822/822
f 823/823 824/824 825/825
f 826/826 827/827 828/828
f 829/829 830/830 831/831
f 832/832 833/833 834/834
f 835/835 836/836 837/837
f 838/838 839/839 840/840
f 841/841 842/842 843/843
f 844/844 845/845 846/846
f 847/847 848/848 849/849
f 850/850 851/851 852/852
f 853/853 854/854 855/855
f 856/856 857/857 858/858
f 859/859 860/860 861/861
f 862/862 863/863 864/864
f 865/865 866/866 867/867
f 868/868 869/869 870/870
f 871/871 872/872 873/873
f 874/874 875/875 876/876
f 877/877 878/878 879/879
f 880/880 881/881 882/882
f 883/883 884/884 885/885
f 886/886 887/887 888/888
f 889/889 890/890 891/891
f 892/892 893/893 894/894
f 895/895 896/896 897/897
f 898/898 899/899 900/900
f 901/901 902/902 903/903
f 904/904 905/905 906/906
f 907/907 908/908 909/909
f 910/910 911/911 912/912
f 913/913 914/914 915/915
f 916/916 917/917 918/918
f 919/919 920/920 921/921
f 922/922 923/923 924/924
f 925/925 926/926 927/927
f 928/928 929/929 930/930
f 931/931 932/932 933/933
f 934/934 935/935 936/936
f 937/937 938/938 939/939
f 940/940 941/941 942/942
f 943/943 944/944 945/945
f 946/946 947/947 948/948
f 949/949 950/950 951/951
f 952/952 953/953 954/954
f 955/955 956/956 957/957
f 958/958 959/959 960/960
f 961/961 962/962 963/963
f 964/964 965/965 966/966
f 967/967 968/968 969/969
f 970/970 971/971 972/972
f 973/973 974/974 975/975
f 976/976 977/977 978/978
f 979/979 980/980 981/981
f 982/982 983/983 984/984
f 985/985 986/986 987/987
f 988/988 989/989 990/990
f 991/991 992/992 993/993
f 994/994 995/995 996/996
f 997/997 998/998 999/999
f 1000/1000 1001/1001 1002/1002
f 1003/1003 1004/1004 1005/1005
f 1006/1006 1007/1007 1008/1008
f 1009/1009 1010/1010 1011/1011
f 1012/1012 1013/1013 1014/1014
f 1015/1015 1016/1016 1017/1017
f 1018/1018 1019/1019 1020/1020
f 1021/1021 1022/1022 1023/1023
f 1024/1024 1025/1025 1026/1026
f 1027/1027 1028/1028 1029/1029
f 1030/1030 1031/1031 1032/1032
f 1033/1033 1034/1034 1035/1035
f 1036/1036 1037/1037 1038/1038
f 1039/1039 1040/1040 1041/1041
f 1042/1042 1043/1043 1044/1044
f 1045/1045 1046/1046 1047/1047
f 1048/1048 1049/1049 1050/1050
f 1051/1051 1052/1052 1053/1053
f 1054/1054 1055/1055 1056/1056
f 1057/1057 1058/1058 1059/1059
f 1060/1060 1061/1061 1062/1062
f 1063/1063 1064/1064 1065/1065
f 1066/1066 1067/1067 1068/1068
f 1069/1069 1070/1070 1071/1071
f 1072/1072 1073/1073 1074/1074
f 1075/1075 1076/1076 1077/1077
f 1078/1078 1079/1079 1080/1080
f 1081/1081 1082/1082 1083/1083
f 1084/1084 1085/1085 1086/1086
f 1087/1087 1088/1088 1089/1089
f 1090/1090 1091/1091 1092/1092
f 1093/1093 1094/1094 1095/1095
f 1096/1096 1097/1097 1098/1098
f 1099/1099 1100/1100 1101/1101
f 1102/1102 1103/1103 1104/1104
f 1105/1105 1106/1106 1107/1107
f 1108/1108 1109/1109 1110/1110
f 1111/1111 1112/1112 1113/1113
f 1114/1114 1115/1115 1116/1116
f 1117/1117 1118/1118 1119/1119
f 1120/1120 1121/1121 1122/1122
f 1123/1123 1124/1124 1125/1125
f 1126/1126 1127/1127 1128/1128
f 1129/1129 1130/1130 1131/1131
f 1132/1132 1133/1133 1134/1134
f 1135/1135 1136/1136 1137/1137
f 1138/1138 1139/1139 1140/1140
f 1141/1141 1142/1142 1143/1143
f 1144/1144 1145/1145 1146/1146
f 1147/1147 1148/1148 1149/1149
f 1150/1150 1151/1151 1152/1152
f 1153/1153 1154/1154 1155/1155
f 1156/1156 1157/1157 1158/1158
f 1159/1159 1160/1160 1161/1161
f 1162/1162 1163/1163 1164/1164
f 1165/1165 1166/1166 1167/1167
f 1168/1168 1169/1169 1170/1170
f 1171/1171 1172/1172 1173/1173
f 1174/1174 1175/1175 1176/1176
f 1177/1177 1178/1178 1179/1179
f 1180/1180 1181/1181 1182/1182
f 1183/1183 1184/1184 1185/1185
f 1186/1186 1187/1187 1188/1188
f 1189/1189 1190/1190 1191/1191
f 1192/1192 1193/1193 1194/1194
f 1195/1195 1196/1196 1197/1197
f 1198/1198 1199/1199 1200/1200
f 1201/1201 1202/1202 1203/1203
f 1204/1204 1205/1205 1206/1206
f 1207/1207 1208/1208 1209/1209
f 1210/1210 1211/1211 1212/1212
f 1213/1213 1214/1214 1215/1215
f 1216/1216 1217/1217 1218/1218
f 1219/1219 1220/1220 1221/1221
f 1222/1222 1223/1223 1224/1224
f 1225/1225 1226/1226 1227/1227
f 1228/1228 1229/1229 1230/1230
f 1231/1231 1232/1232 1233/1233
f 1234/1234 1235/1235 1236/1236
f 1237/1237 1238/1238 1239/1239
f 1240/1240 1241/1241 1242/1242
f 1243/1243 1244/1244 1245/1245
f 1246/1246 1247/1247 1248/1248
f 1249/1249 1250/1250 1251/1251
f 1252/1252 1253/1253 1254/1254
f 1255/1255 1256/1256 1257/1257
f 1258/1258 1259/1259 1260/1260
f 1261/1261 1262/1262 1263/1263
f 1264/1264 1265/1265 1266/1266
f 1267/1267 1268/1268 1269/1269
f 1270/1270 1271/1271 1272/1272
f 1273/1273 1274/1274 1275/1275
f 1276/1276 1277/1277 1278/1278
f 1279/1279 1280/1280 1281/1281
f 1282/1282 1283/1283 1284/1284
f 1285/1285 1286/1286 1287/1287
f 1288/1288 1289/1289 1290/1290
f 1291/1291 1292/1292 1293/1293
f 1294/1294 1295/1295 1296/1296
f 1297/1297 1298/1298 1299/1299
f 1300/1300 1301/1301 1302/1302
f 1303/1303 1304/1304 1305/1305
f 1306/1306 1307/1307 1308/1308
f 1309/1309 1310/1310 1311/1311
f 1312/1312 1313/1313 1314/1314
f 1315/1315 1316/1316 1317/1317
f 1318/1318 1319/1319 1320/1320
f 1321/1321 1322/1322 1323/1323
f 1324/1324 1325/1325 1326/1326
f 1327/1327 1328/1328 1329/1329
f 1330/1330 1331/1331 1332/1332
f 1333/1333 1334/1334 1335/1335
f 1336/1336 1337/1337 1338/1338
f 1339/1339 1340/1340 1341/1341
f 1342/1342 1343/1343 1344/1344
f 1345/1345 1346/1346 1347/1347
f 1348/1348 1349/1349 1350/1350
f 1351/1351 1352/1352 1353/1353
f 1354/1354 1355/1355 1356/1356
f 1357/1357 1358/1358 1359/1359
f 1360/1360 1361/1361 1362/1362
f 1363/1363 1364/1364 1365/1365
f 1366/1366 1367/1367 1368/1368
f 1369/1369 1370/1370 1371/1371
f 1372/1372 1373/1373 1374/1374
f 1375/1375 1376/1376 1377/1377
f 1378/1378 1379/1379 1380/1380
f 1381/1381 1382/1382 1383/1383
f 1384/1384 1385/1385 1386/1386
f 1387/1387 1388/1388 1389/1389
f 1390/1390 1391/1391 1392/1392
f 1393/1393 1394/1394 1395/1395
f 1396/1396 1397/1397 1398/1398
f 1399/1399 1400/1400 1401/1401
f 1402/1402 1403/1403 1404/1404
f 1405/1405 1406/1406 1407/1407
f 1408/1408 1409/1409 1410/1410
f 1411/1411 1412/1412 1413/1413
f 1414/1414 1415/1415 1416/1416
f 1417/1417 1418/1418 1419/1419
f 1420/1420 1421/1421 1422/1422
f 1423/1423 1424/1424 1425/1425
f 1426/1426 1427/1427 1428/1428
f 1429/1429 1430/1430 1431/1431
f 1432/1432 1433/1433 1434/1434
f 1435/1435 1436/1436 1437/1437
f 1438/1438 1439/1439 1440/1440
f 1441/1441 1442/1442 1443/1443
f 1444/1444 1445/1445 1446/1446
f 1447/1447 1448/1448 1449/1449
f 1450/1450 1451/1451 1452/1452
f 1453/1453 1454/1454 1455/1455
f 1456/1456 1457/1457 1458/1458
f 1459/1459 1460/1460 1461/1461
f 1462/1462 1463/1463 1464/1464
f 1465/1465 1466/1466 1467/1467
f 1468/1468 1469/1469 1470/1470
f 1471/1471 1472/1472 1473/1473
f 1474/1474 1475/1475 1476/1476
f 1477/1477 1478/1478 1479/1479
f 1480/1480 1481/1481 1482/1482
f 1483/1483 1484/1484 1485/1485
f 1486/1486 1487/1487 1488/1488
f 1489/1489 1490/1490 1491/1491
f 1492/1492 1493/1493 1494/1494
f 1495/1495 1496/1496 1497/1497
f 1498/1498 1499/1499 1500/1500
f 1501/1501 1502/1502 1503/1503
f 1504/1504 1505/1505 1506/1506
f 1507/1507 1508/1508 1509/1509
f 1510/1510 1511/1511 1512/1512
f 1513/1513 1514/1514 1515/1515
f 1516/1516 1517/1517 1518/1518
f 1519/1519 1520/1520 1521/1521
f 1522/1522 1523/1523 1524/1524
f 1525/1525 1526/1526 1527/1527
f 1528/1528 1529/1529 1530/1530
f 1531/1531 1532/1532 1533/1533
f 1534/1534 1535/1535 1536/1536
f 1537/1537 1538/1538 1539/1539
f 1540/1540 1541/1541 1542/1542
f 1543/1543 1544/1544 1545/1545
f 1546/1546 1547/1547 1548/1548
f 1549/1549 1550/1550 1551/1551
f 1552/1552 1553/1553 1554/1554
f 1555/1555 1556/1556 1557/1557
f 1558/1558 1559/1559 1560/1560
f 1561/1561 1562/1562 1563/1563
f 1564/1564 1565/1565 1566/1566
f 1567/1567 1568/1568 1569/1569
f 1570/1570 1571/1571 1572/1572
f 1573/1573 1574/1574 1575/1575
f 1576/1576 1577/1577 1578/1578
f 1579/1579 1580/1580 1581/1581
f 1582/1582 1583/1583 1584/1584
f 1585/1585 1586/1586 1587/1587
f 1588/1588 1589/1589 1590/1590
f 1591/1591 1592/1592 1593/1593
f 1594/1594 1595/1595 1596/1596
f 1597/1597 1598/1598 1599/1599
f 1600/1600 1601/1601 1602/1602
f 1603/1603 1604/1604 1605/1605
f 1606/1606 1607/1607 1608/1608
f 1609/1609 1610/1610 1611/1611
f 1612/1612 1613/1613 1614/1614
f 1615/1615 1616/1616 1617/1617
f 1618/1618 1619/1619 1620/1620
f 1621/1621 1622/1622 1623/1623
f 1624/1624 1625/1625 1626/1626
f 1627/1627 1628/1628 1629/1629
f 1630/1630 1631/1631 1632/1632
f 1633/1633 1634/1634 1635/1635
f 1636/1636 1637/1637 1638/1638
f 1639/1639 1640/1640 1641/1641
f 1642/1642 1643/1643 1644/1644
f 1645/1645 1646/1646 1647/1647
f 1648/1648 1649/1649 1650/1650
f 1651/1651 1652/1652 1653/1653
f 1654/1654 1655/1655 1656/1656
f 1657/1657 1658/1658 1659/1659
f 1660/1660 1661/1661 1662/1662
f 1663/1663 1664/1664 1665/1665
f 1666/1666 1667/1667 1668/1668
f 1669/1669 1670/1670 1671/1671
f 1672/1672 1673/1673 1674/1674
f 1675/1675 1676/1676 1677/1677
f 1678/1678 1679/1679 1680/1680
f 1681/1681 1682/1682 1683/1683
f 1684/1684 1685/1685 1686/1686
f 1687/1687 1688/1688 1689/1689
f 1690/1690 1691/1691 1692/1692
f 1693/1693 1694/1694 1695/1695
f 1696/1696 1697/1697 1698/1698
f 1699/1699 1700/1700 1701/1701
f 1702/1702 1703/1703 1704/1704
f 1705/1705 1706/1706 1707/1707
f 1708/1708 1709/1709 1710/1710
f 1711/1711 1712/1712 1713/1713
f 1714/1714 1715/1715 1716/1716
f 1717/1717 1718/1718 1719/1719
f 1720/1720 1721/1721 1722/1722
f 1723/1723 1724/1724 1725/1725
f 1726/1726 1727/1727 1728/1728
f 1729/1729 1730/1730 1731/1731
f 1732/1732 1733/1733 1734/1734
f 1735/1735 1736/1736 1737/1737
f 1738/1738 1739/1739 1740/1740
f 1741/1741 1742/1742 1743/1743
f 1744/1744 1745/1745 1746/1746
f 1747/1747 1748/1748 1749/1749
f 1750/1750 1751/1751 1752/1752
f 1753/1753 1754/1754 1755/1755
f 1756/1756 1757/1757 1758/1758
f 1759/1759 1760/1760 1761/1761
f 1762/1762 1763/1763 1764/1764
f 1765/1765 1766/1766 1767/1767
f 1768/1768 1769/1769 1770/1770
f 1771/1771 1772/1772 1773/1773
f 1774/1774 1775/1775 1776/1776
f 1777/1777 1778/1778 1779/1779
f 1780/1780 1781/1781 1782/1782
f 1783/1783 1784/1784 1785/1785
f 1786/1786 1787/1787 1788/1788
f 1789/1789 1790/1790 1791/1791
f 1792/1792 1793/1793 1794/1794
f 1795/1795 1796/1796 1797/1797
f 1798/1798 1799/1799 1800/1800
f 1801/1801 1802/1802 1803/1803
f 1804/1804 1805/1805 1806/1806
f 1807/1807 1808/1808 1809/1809
f 1810/1810 1811/1811 1812/1812
f 1813/1813 1814/1814 1815/1815
f 1816/1816 1817/1817 1818/1818
f 1819/1819 1820/1820 1821/1821
f 1822/1822 1823/1823 1824/1824
f 1825/1825 1826/1826 1827/1827
f 1828/1828 1829/1829 1830/1830
f 1831/1831 1832/1832 1833/1833
f 1834/1834 1835/1835 1836/1836
f 1837/1837 1838/1838 1839/1839
f 1840/1840 1841/1841 1842/1842
f 1843/1843 1844/1844 1845/1845
f 1846/1846 1847/1847 1848/1848
f 1849/1849 1850/1850 1851/1851
f 1852/1852 1853/1853 1854/1854
f 1855/1855 1856/1856 1857/1857
f 1858/1858 1859/1859 1860/1860
f 1861/1861 1862/1862 1863/1863
f 1864/1864 1865/1865 1866/1866
f 1867/1867 1868/1868 1869/1869
f 1870/1870 1871/1871 1872/1872
f 1873/1873 1874/1874 1875/1875
f 1876/1876 1877/1877 1878/1878
f 1879/1879 1880/1880 1881/1881
f 1882/1882 1883/1883 1884/1884
f 1885/1885 1886/1886 1887/1887
f 1888/1888 1889/1889 1890/1890
f 1891/1891 1892/1892 1893/1893
f 1894/1894 1895/1895 1896/1896
f 1897/1897 1898/1898 1899/1899
f 1900/1900 1901/1901 1902/1902
f 1903/1903 1904/1904 1905/1905
f 1906/1906 1907/1907 1908/1908
f 1909/1909 1910/1910 1911/1911
f 1912/1912 1913/1913 1914/1914
f 1915/1915 1916/1916 1917/1917
f 1918/1918 1919/1919 1920/1920
f 1921/1921 1922/1922 1923/1923
f 1924/1924 1925/1925 1926/1926
f 1927/1927 1928/1928 1929/1929
f 1930/1930 1931/1931 1932/1932
f 1933/1933 1934/1934 1935/1935
f 1936/1936 1937/1937 1938/1938
f 1939/1939 1940/1940 1941/1941
f 1942/1942 1943/1943 1944/1944
f 1945/1945 1946/1946 1947/1947
f 1948/1948 1949/1949 1950/1950
f 1951/1951 1952/1952 1953/1953
f 1954/1954 1955/1955 1956/1956
f 1957/1957 1958/1958 1959/1959
f 1960/1960 1961/1961 1962/1962
f 1963/1963 1964/1964 1965/1965
f 1966/1966 1967/1967 1968/1968
f 1969/1969 1970/1970 1971/1971
f 1972/1972 1973/1973 1974/1974
f 1975/1975 1976/1976 1977/1977
f 1978/1978 1979/1979 1980/1980
f 1981/1981 1982/1982 1983/1983
f 1984/1984 1985/1985 1986/1986
f 1987/1987 1988/1988 1989/1989
f 1990/1990 1991/1991 1992/1992
f 1993/1993 1994/1994 1995/1995
f 1996/1996 1997/1997 1998/1998
f 1999/1999 2000/2000 2001/2001
f 2002/2002 2003/2003 2004/2004
f 2005/2005 2006/2006 2007/2007
f 2008/2008 2009/2009 2010/2010
f 2011/2011 2012/2012 2013/2013
f 2014/2014 2015/2015 2016/2016
f 2017/2017 2018/2018 2019/2019
f 2020/2020 2021/2021 2022/2022
f 2023/2023 2024/2024 2025/2025
f 2026/2026 2027/2027 2028/2028
f 2029/2029 2030/2030 2031/2031
f 2032/2032 2033/2033 2034/2034
f 2035/2035 2036/2036 2037/2037
f 2038/2038 2039/2039 2040/2040
f 2041/2041 2042/2042 2043/2043
f 2044/2044 2045/2045 2046/2046
f 2047/2047 2048/2048 2049/2049
f 2050/2050 2051/2051 2052/2052
f 2053/2053 2054/2054 2055/2055
f 2056/2056 2057/2057 2058/2058
f 2059/2059 2060/2060 2061/2061
f 2062/2062 2063/2063 2064/2064
f 2065/2065 2066/2066 2067/2067
f 2068/2068 2069/2069 2070/2070
f 2071/2071 2072/2072 2073/2073
f 2074/2074 2075/2075 2076/2076
f 2077/2077 2078/2078 2079/2079
f 2080/2080 2081/2081 2082/2082
f 2083/2083 2084/2084 2085/2085
f 2086/2086 2087/2087 2088/2088
f 2089/2089 2090/2090 2091/2091
f 2092/2092 2093/2093 2094/2094
f 2095/2095 2096/2096 2097/2097
f 2098/2098 2099/2099 2100/2100
f 2101/2101 2102/2102 2103/2103
f 2104/2104 2105/2105 2106/2106
f 2107/2107 2108/2108 2109/2109
f 2110/2110 2111/2111 2112/2112
f 2113/2113 2114/2114 2115/2115
f 2116/2116 2117/2117 2118/2118
f 2119/2119 2120/2120 2121/2121
f 2122/2122 2123/2123 2124/2124
f 2125/2125 2126/2126 2127/2127
f 2128/2128 2129/2129 2130/2130
f 2131/2131 2132/2132 2133/2133
f 2134/2134 2135/2135 2136/2136
f 2137/2137 2138/2138 2139/2139
f 2140/2140 2141/2141 2142/2142
f 2143/2143 2144/2144 2145/2145
f 2146/2146 2147/2147 2148/2148
f 2149/2149 2150/2150 2151/2151
f 2152/2152 2153/2153 2154/2154
f 2155/2155 2156/2156 2157/2157
f 2158/2158 2159/2159 2160/2160
f 2161/2161 2162/2162 2163/2163
f 2164/2164 2165/2165 2166/2166
f 2167/2167 2168/2168 2169/2169
f 2170/2170 2171/2171 2172/2172
f 2173/2173 2174/2174 2175/2175
f 2176/2176 2177/2177 2178/2178
f 2179/2179 2180/2180 2181/2181
f 2182/2182 2183/2183 2184/2184
f 2185/2185 2186/2186 2187/2187
f 2188/2188 2189/2189 2190/2190
f 2191/2191 2192/2192 2193/2193
f 2194/2194 2195/2195 2196/2196
f 2197/2197 2198/2198 2199/2199
f 2200/2200 2201/2201 2202/2202
f 2203/2203 2204/2204 2205/2205
f 2206/2206 2207/2207 2208/2208
f 2209/2209 2210/2210 2211/2211
f 2212/2212 2213/2213 2214/2214
f 2215/2215 2216/2216 2217/2217
f 2218/2218 2219/2219 2220/2220
f 2221/2221 2222/2222 2223/2223
f 2224/2224 2225/2225 2226/2226
f 2227/2227 2228/2228 2229/2229
f 2230/2230 2231/2231 2232/2232
f 2233/2233 2234/2234 2235/2235
f 2236/2236 2237/2237 2238/2238
f 2239/2239 2240/2240 2241/2241
f 2242/2242 2243/2243 2244/2244
f 2245/2245 2246/2246 2247/2247
f 2248/2248 2249/2249 2250/2250
f 2251/2251 2252/2252 2253/2253
f 2254/2254 2255/2255 2256/2256
f 2257/2257 2258/2258 2259/2259
f 2260/2260 2261/2261 2262/2262
f 2263/2263 2264/2264 2265/2265
f 2266/2266 2267/2267 2268/2268
f 2269/2269 2270/2270 2271/2271
f 2272/2272 2273/2273 2274/2274
f 2275/2275 2276/2276 2277/2277
f 2278/2278 2279/2279 2280/2280
f 2281/2281 2282/2282 2283/2283
f 2284/2284 2285/2285 2286/2286
f 2287/2287 2288/2288 2289/2289
f 2290/2290 2291/2291 2292/2292
f 2293/2293 2294/2294 2295/2295
f 2296/2296 2297/2297 2298/2298
f 2299/2299 2300/2300 2301/2301
f 2302/2302 2303/2303 2304/2304
f 2305/2305 2306/2306 2307/2307
f 2308/2308 2309/2309 2310/2310
f 2311/2311 2312/2312 2313/2313
f 2314/2314 2315/2315 2316/2316
f 2317/2317 2318/2318 2319/2319
f 2320/2320 2321/2321 2322/2322
f 2323/2323 2324/2324 2325/2325
f 2326/2326 2327/2327 2328/2328
f 2329/2329 2330/2330 2331/2331
f 2332/2332 2333/2333 2334/2334
f 2335/2335 2336/2336 2337/2337
f 2338/2338 2339/2339 2340/2340
f 2341/2341 2342/2342 2343/2343
f 2344/2344 2345/2345 2346/2346
f 2347/2347 2348/2348 2349/2349
f 2350/2350 2351/2351 2352/2352
f 2353/2353 2354/2354 2355/2355
f 2356/2356 2357/2357 2358/2358
f 2359/2359 2360/2360 2361/2361
f 2362/2362 2363/2363 2364/2364
f 2365/2365 2366/2366 2367/2367
f 2368/2368 2369/2369 2370/2370
f 2371/2371 2372/2372 2373/2373
f 2374/2374 2375/2375 2376/2376
f 2377/2377 2378/2378 2379/2379
f 2380/2380 2381/2381 2382/2382
f 2383/2383 2384/2384 2385/2385
f 2386/2386 2387/2387 2388/2388
f 2389/2389 2390/2390 2391/2391
f 2392/2392 2393/2393 2394/2394
f 2395/2395 2396/2396 2397/2397
f 2398/2398 2399/2399 2400/2400
f 2401/2401 2402/2402 2403/2403
f 2404/2404 2405/2405 2406/2406
f 2407/2407 2408/2408 2409/2409
f 2410/2410 2411/2411 2412/2412
f 2413/2413 2414/2414 2415/2415
f 2416/2416 2417/2417 2418/2418
f 2419/2419 2420/2420 2421/2421
f 2422/2422 2423/2423 2424/2424
f 2425/2425 2426/2426 2427/2427
f 2428/2428 2429/2429 2430/2430
f 2431/2431 2432/2432 2433/2433
f 2434/2434 2435/2435 2436/2436
f 2437/2437 2438/2438 2439/2439
f 2440/2440 2441/2441 2442/2442
f 2443/2443 2444/2444 2445/2445
f 2446/2446 2447/2447 2448/2448
f 2449/2449 2450/2450 2451/2451
f 2452/2452 2453/2453 2454/2454
f 2455/2455 2456/2456 2457/2457
f 2458/2458 2459/2459 2460/2460
f 2461/2461 2462/2462 2463/2463
f 2464/2464 2465/2465 2466/2466
f 2467/2467 2468/2468 2469/2469
f 2470/2470 2471/2471 2472/2472
f 2473/2473 2474/2474 2475/2475
f 2476/2476 2477/2477 2478/2478
f 2479/2479 2480/2480 2481/2481
f 2482/2482 2483/2483 2484/2484
f 2485/2485 2486/2486 2487/2487
f 2488/2488 2489/2489 2490/2490
f 2491/2491 2492/2492 2493/2493
f 2494/2494 2495/2495 2496/2496
f 2497/2497 2498/2498 2499/2499
f 2500/2500 2501/2501 2502/2502
f 2503/2503 2504/2504 2505/2505
f 2506/2506 2507/2507 2508/2508
f 2509/2509 2510/2510 2511/2511
f 2512/2512 2513/2513 2514/2514
f 2515/2515 2516/2516 2517/2517
f 2518/2518 2519/2519 2520/2520
f 2521/2521 2522/2522 2523/2523
f 2524/2524 2525/2525 2526/2526
f 2527/2527 2528/2528 2529/2529
f 2530/2530 2531/2531 2532/2532
f 2533/2533 2534/2534 2535/2535
f 2536/2536 2537/2537 2538/2538
f 2539/2539 2540/2540 2541/2541
f 2542/2542 2543/2543 2544/2544
f 2545/2545 2546/2546 2547/2547
f 2548/2548 2549/2549 2550/2550
f 2551/2551 2552/2552 2553/2553
f 2554/2554 2555/2555 2556/2556
f 2557/2557 2558/2558 2559/2559
f 2560/2560 2561/2561 2562/2562
f 2563/2563 2564/2564 2565/2565
f 2566/2566 2567/2567 2568/2568
f 2569/2569 2570/2570 2571/2571
f 2572/2572 2573/2573 2574/2574
f 2575/2575 2576/2576 2577/2577
f 2578/2578 2579/2579 2580/2580
f 2581/2581 2582/2582 2583/2583
f 2584/2584 2585/2585 2586/2586
f 2587/2587 2588/2588 2589/2589
f 2590/2590 2591/2591 2592/2592
f 2593/2593 2594/2594 2595/2595
f 2596/2596 2597/2597 2598/2598
f 2599/2599 2600/2600 2601/2601
f 2602/2602 2603/2603 2604/2604
f 2605/2605 2606/2606 2607/2607
f 2608/2608 2609/2609 2610/2610
f 2611/2611 2612/2612 2613/2613
f 2614/2614 2615/2615 2616/2616
f 2617/2617 2618/2618 2619/2619
f 2620/2620 2621/2621 2622/2622
f 2623/2623 2624/2624 2625/2625
f 2626/2626 2627/2627 2628/2628
f 2629/2629 2630/2630 2631/2631
f 2632/2632 2633/2633 2634/2634
f 2635/2635 2636/2636 2637/2637
f 2638/2638 2639/2639 2640/2640
f 2641/2641 2642/2642 2643/2643
f 2644/2644 2645/2645 2646/2646
f 2647/2647 2648/2648 2649/2649
f 2650/2650 2651/2651 2652/2652
f 2653/2653 2654/2654 2655/2655
f 2656/2656 2657/2657 2658/2658
f 2659/2659 2660/2660 2661/2661
f 2662/2662 2663/2663 2664/2664
f 2665/2665 2666/2666 2667/2667
f 2668/2668 2669/2669 2670/2670
f 2671/2671 2672/2672 2673/2673
f 2674/2674 2675/2675 2676/2676
f 2677/2677 2678/2678 2679/2679
f 2680/2680 2681/2681 2682/2682
f 2683/2683 2684/2684 2685/2685
f 2686/2686 2687/2687 2688/2688
f 2689/2689 2690/2690 2691/2691
f 2692/2692 2693/2693 2694/2694
f 2695/2695 2696/2696 2697/2697
f 2698/2698 2699/2699 2700/2700
f 2701/2701 2702/2702 2703/2703
f 2704/2704 2705/2705 2706/2706
f 2707/2707 2708/2708 2709/2709
f 2710/2710 2711/2711 2712/2712
f 2713/2713 2714/2714 2715/2715
f 2716/2716 2717/2717 2718/2718
f 2719/2719 2720/2720 2721/2721
f 2722/2722 2723/2723 2724/2724
f 2725/2725 2726/2726 2727/2727
f 2728/2728 2729/2729 2730/2730
f 2731/2731 2732/2732 2733/2733
f 2734/2734 2735/2735 2736/2736
f 2737/2737 2738/2738 2739/2739
f 2740/2740 2741/2741 2742/2742
f 2743/2743 2744/2744 2745/2745
f 2746/2746 2747/2747 2748/2748
f 2749/2749 2750/2750 2751/2751
f 2752/2752 2753/2753 2754/2754
f 2755/2755 2756/2756 2757/2757
f 2758/2758 2759/2759 2760/2760
f 2761/2761 2762/2762 2763/2763
f 2764/2764 2765/2765 2766/2766
f 2767/2767 2768/2768 2769/2769
f 2770/2770 2771/2771 2772/2772
f 2773/2773 2774/2774 2775/2775
f 2776/2776 2777/2777 2778/2778
f 2779/2779 2780/2780 2781/2781
f 2782/2782 2783/2783 2784/2784
f 2785/2785 2786/2786 2787/2787
f 2788/2788 2789/2789 2790/2790
f 2791/2791 2792/2792 2793/2793
f 2794/2794 2795/2795 2796/2796
f 2797/2797 2798/2798 2799/2799
f 2800/2800 2801/2801 2802/2802
f 2803/2803 2804/2804 2805/2805
f 2806/2806 2807/2807 2808/2808
f 2809/2809 2810/2810 2811/2811
f 2812/2812 2813/2813 2814/2814
f 2815/2815 2816/2816 2817/2817
f 2818/2818 2819/2819 2820/2820
f 2821/2821 2822/2822 2823/2823
f 2824/2824 2825/2825 2826/2826
f 2827/2827 2828/2828 2829/2829
f 2830/2830 2831/2831 2832/2832
f 2833/2833 2834/2834 2835/2835
f 2836/2836 2837/2837 2838/2838
f 2839/2839 2840/2840 2841/2841
f 2842/2842 2843/2843 2844/2844
f 2845/2845 2846/2846 2847/2847
f 2848/2848 2849/2849 2850/2850
f 2851/2851 2852/2852 2853/2853
f 2854/2854 2855/2855 2856/2856
f 2857/2857 2858/2858 2859/2859
f 2860/2860 2861/2861 2862/2862
f 2863/2863 2864/2864 2865/2865
f 2866/2866 2867/2867 2868/2868
f 2869/2869 2870/2870 2871/2871
f 2872/2872 2873/2873 2874/2874
f 2875/2875 2876/2876 2877/2877
f 2878/2878 2879/2879 2880/2880
f 2881/2881 2882/2882 2883/2883
f 2884/2884 2885/2885 2886/2886
f 2887/2887 2888/2888 2889/2889
f 2890/2890 2891/2891 2892/2892
f 2893/2893 2894/2894 2895/2895
f 2896/2896 2897/2897 2898/2898
f 2899/2899 2900/2900 2901/2901
f 2902/2902 2903/2903 2904/2904
f 2905/2905 2906/2906 2907/2907
f 2908/2908 2909/2909 2910/2910
f 2911/2911 2912/2912 2913/2913
f 2914/2914 2915/2915 2916/2916
f 2917/2917 2918/2918 2919/2919
f 2920/2920 2921/2921 2922/2922
f 2923/2923 2924/2924 2925/2925
f 2926/2926 2927/2927 2928/2928
f 2929/2929 2930/2930 2931/2931
f 2932/2932 2933/2933 2934/2934
f 2935/2935 2936/2936 2937/2937
f 2938/2938 2939/2939 2940/2940
f 2941/2941 2942/2942 2943/2943
f 2944/2944 2945/2945 2946/2946
f 2947/2947 2948/2948 2949/2949
f 2950/2950 2951/2951 2952/2952
f 2953/2953 2954/2954 2955/2955
f 2956/2956 2957/2957 2958/2958
f 2959/2959 2960/2960 2961/2961
f 2962/2962 2963/2963 2964/2964
f 2965/2965 2966/2966 2967/2967
f 2968/2968 2969/2969 2970/2970
f 2971/2971 2972/2972 2973/2973
f 2974/2974 2975/2975 2976/2976
f 2977/2977 2978/2978 2979/2979
f 2980/2980 2981/2981 2982/2982
f 2983/2983 2984/2984 2985/2985
f 2986/2986 2987/2987 2988/2988
f 2989/2989 2990/2990 2991/2991
f 2992/2992 2993/2993 2994/2994
f 2995/2995 2996/2996 2997/2997
f 2998/2998 2999/2999 3000/3000
f 3001/3001 3002/3002 3003/3003
f 3004/3004 3005/3005 3006/3006
f 3007/3007 3008/3008 3009/3009
f 3010/3010 3011/3011 3012/3012
f 3013/3013 3014/3014 3015/3015
f 3016/3016 3017/3017 3018/3018
f 3019/3019 3020/3020 3021/3021
f 3022/3022 3023/3023 3024/3024
f 3025/3025 3026/3026 3027/3027
f 3028/3028 3029/3029 3030/3030
f 3031/3031 3032/3032 3033/3033
f 3034/3034 3035/3035 3036/3036
f 3037/3037 3038/3038 3039/3039
f 3040/3040 3041/3041 3042/3042
f 3043/3043 3044/3044 3045/3045
f 3046/3046 3047/3047 3048/3048
f 3049/3049 3050/3050 3051/3051
f 3052/3052 3053/3053 3054/3054
f 3055/3055 3056/3056 3057/3057
f 3058/3058 3059/3059 3060/3060
f 3061/3061 3062/3062 3063/3063
f 3064/3064 3065/3065 3066/3066
f 3067/3067 3068/3068 3069/3069
f 3070/3070 3071/3071 3072/3072
f 3073/3073 3074/3074 3075/3075
f 3076/3076 3077/3077 3078/3078
f 3079/3079 3080/3080 3081/3081
f 3082/3082 3083/3083 3084/3084
f 3085/3085 3086/3086 3087/3087
f 3088/3088 3089/3089 3090/3090
f 3091/3091 3092/3092 3093/3093
f 3094/3094 3095/3095 3096/3096
f 3097/3097 3098/3098 3099/3099
f 3100/3100 3101/3101 3102/3102
f 3103/3103 3104/3104 3105/3105
f 3106/3106 3107/3107 3108/3108
f 3109/3109 3110/3110 3111/3111
f 3112/3112 3113/3113 3114/3114
f 3115/3115 3116/3116 3117/3117
f 3118/3118 3119/3119 3120/3120
f 3121/3121 3122/3122 3123/3123
f 3124/3124 3125/3125 3126/3126
f 3127/3127 3128/3128 3129/3129
f 3130/3130 3131/3131 3132/3132
f 3133/3133 3134/3134 3135/3135
f 3136/3136 3137/3137 3138/3138
f 3139/3139 3140/3140 3141/3141
f 3142/3142 3143/3143 3144/3144
f 3145/3145 3146/3146 3147/3147
f 3148/3148 3149/3149 3150/3150
f 3151/3151 3152/3152 3153/3153
f 3154/3154 3155/3155 3156/3156
f 3157/3157 3158/3158 3159/3159
f 3160/3160 3161/3161 3162/3162
f 3163/3163 3164/3164 3165/3165
f 3166/3166 3167/3167 3168/3168
f 3169/3169 3170/3170 3171/3171
f 3172/3172 3173/3173 3174/3174
f 3175/3175 3176/3176 3177/3177
f 3178/3178 3179/3179 3180/3180
f 3181/3181 3182/3182 3183/3183
f 3184/3184 3185/3185 3186/3186
f 3187/3187 3188/3188 3189/3189
f 3190/3190 3191/3191 3192/3192
f 3193/3193 3194/3194 3195/3195
f 3196/3196 3197/3197 3198/3198
f 3199/3199 3200/3200 3201/3201
f 3202/3202 3203/3203 3204/3204
f 3205/3205 3206/3206 3207/3207
f 3208/3208 3209/3209 3210/3210
f 3211/3211 3212/3212 3213/3213
f 3214/3214 3215/3215 3216/3216
f 3217/3217 3218/3218 3219/3219
f 3220/3220 3221/3221 3222/3222
f 3223/3223 3224/3224 3225/3225
f 3226/3226 3227/3227 3228/3228
f 3229/3229 3230/3230 3231/3231
f 3232/3232 3233/3233 3234/3234
f 3235/3235 3236/3236 3237/3237
f 3238/3238 3239/3239 3240/3240
f 3241/3241 3242/3242 3243/3243
f 3244/3244 3245/3245 3246/3246
f 3247/3247 3248/3248 3249/3249
f 3250/3250 3251/3251 3252/3252
f 3253/3253 3254/3254 3255/3255
f 3256/3256 3257/3257 3258/3258
f 3259/3259 3260/3260 3261/3261
f 3262/3262 3263/3263 3264/3264
f 3265/3265 3266/3266 3267/3267
f 3268/3268 3269/3269 3270/3270
f 3271/3271 3272/3272 3273/3273
f 3274/3274 3275/3275 3276/3276
f 3277/3277 3278/3278 3279/3279
f 3280/3280 3281/3281 3282/3282
f 3283/3283 3284/3284 3285/3285
f 3286/3286 3287/3287 3288/3288
f 3289/3289 3290/3290 3291/3291
f 3292/3292 3293/3293 3294/3294
f 3295/3295 3296/3296 3297/3297
f 3298/3298 3299/3299 3300/3300
f 3301/3301 3302/3302 3303/3303
f 3304/3304 3305/3305 3306/3306
f 3307/3307 3308/3308 3309/3309
f 3310/3310 3311/3311 3312/3312
f 3313/3313 3314/3314 3315/3315
f 3316/3316 3317/3317 3318/3318
f 3319/3319 3320/3320 3321/3321
f 3322/3322 3323/3323 3324/3324
f 3325/3325 3326/3326 3327/3327
f 3328/3328 3329/3329 3330/3330
f 3331/3331 3332/3332 3333/3333
f 3334/3334 3335/3335 3336/3336
f 3337/3337 3338/3338 3339/3339
f 3340/3340 3341/3341 3342/3342
f 3343/3343 3344/3344 3345/3345
f 3346/3346 3347/3347 3348/3348
f 3349/3349 3350/3350 3351/3351
f 3352/3352 3353/3353 3354/3354
f 3355/3355 3356/3356 3357/3357
f 3358/3358 3359/3359 3360/3360
f 3361/3361 3362/3362 3363/3363
f 3364/3364 3365/3365 3366/3366
f 3367/3367 3368/3368 3369/3369
f 3370/3370 3371/3371 3372/3372
f 3373/3373 3374/3374 3375/3375
f 3376/3376 3377/3377 3378/3378
f 3379/3379 3380/3380 3381/3381
f 3382/3382 3383/3383 3384/3384
f 3385/3385 3386/3386 3387/3387
f 3388/3388 3389/3389 3390/3390
f 3391/3391 3392/3392 3393/3393
f 3394/3394 3395/3395 3396/3396
f 3397/3397 3398/3398 3399/3399
f 3400/3400 3401/3401 3402/3402
f 3403/3403 3404/3404 3405/3405
f 3406/3406 3407/3407 3408/3408
f 3409/3409 3410/3410 3411/3411
f 3412/3412 3413/3413 3414/3414
f 3415/3415 3416/3416 3417/3417
f 3418/3418 3419/3419 3420/3420
f 3421/3421 3422/3422 3423/3423
f 3424/3424 3425/3425 3426/3426
f 3427/3427 3428/3428 3429/3429
f 3430/3430 3431/3431 3432/3432
f 3433/3433 3434/3434 3435/3435
f 3436/3436 3437/3437 3438/3438
f 3439/3439 3440/3440 3441/3441
f 3442/3442 3443/3443 3444/3444
f 3445/3445 3446/3446 3447/3447
f 3448/3448 3449/3449 3450/3450
f 3451/3451 3452/3452 3453/3453
f 3454/3454 3455/3455 3456/3456
f 3457/3457 3458/3458 3459/3459
f 3460/3460 3461/3461 3462/3462
f 3463/3463 3464/3464 3465/3465
f 3466/3466 3467/3467 3468/3468
f 3469/3469 3470/3470 3471/3471
f 3472/3472 3473/3473 3474/3474
f 3475/3475 3476/3476 3477/3477
f 3478/3478 3479/3479 3480/3480
f 3481/3481 3482/3482 3483/3483
f 3484/3484 3485/3485 3486/3486
f 3487/3487 3488/3488 3489/3489
f 3490/3490 3491/3491 3492/3492
f 3493/3493 3494/3494 3495/3495
f 3496/3496 3497/3497 3498/3498
f 3499/3499 3500/3500 3501/3501
f 3502/3502 3503/3503 3504/3504
f 3505/3505 3506/3506 3507/3507
f 3508/3508 3509/3509 3510/3510
f 3511/3511 3512/3512 3513/3513
f 3514/3514 3515/3515 3516/3516
f 3517/3517 3518/3518 3519/3519
f 3520/3520 3521/3521 3522/3522
f 3523/3523 3524/3524 3525/3525
f 3526/3526 3527/3527 3528/3528
f 3529/3529 3530/3530 3531/3531
f 3532/3532 3533/3533 3534/3534
f 3535/3535 3536/3536 3537/3537
f 3538/3538 3539/3539 3540/3540
f 3541/3541 3542/3542 3543/3543
f 3544/3544 3545/3545 3546/3546
f 3547/3547 3548/3548 3549/3549
f 3550/3550 3551/3551 3552/3552
f 3553/3553 3554/3554 3555/3555
f 3556/3556 3557/3557 3558/3558
f 3559/3559 3560/3560 3561/3561
f 3562/3562 3563/3563 3564/3564
f 3565/3565 3566/3566 3567/3567
f 3568/3568 3569/3569 3570/3570
f 3571/3571 3572/3572 3573/3573
f 3574/3574 3575/3575 3576/3576
f 3577/3577 3578/3578 3579/3579
f 3580/3580 3581/3581 3582/3582
f 3583/3583 3584/3584 3585/3585
f 3586/3586 3587/3587 3588/3588
f 3589/3589 3590/3590 3591/3591
f 3592/3592 3593/3593 3594/3594
f 3595/3595 3596/3596 3597/3597
f 3598/3598 3599/3599 3600/3600
f 3601/3601 3602/3602 3603/3603
f 3604/3604 3605/3605 3606/3606
f 3607/3607 3608/3608 3609/3609
f 3610/3610 3611/3611 3612/3612
f 3613/3613 3614/3614 3615/3615
f 3616/3616 3617/3617 3618/3618
f 3619/3619 3620/3620 3621/3621
f 3622/3622 3623/3623 3624/3624
f 3625/3625 3626/3626 3627/3627
f 3628/3628 3629/3629 3630/3630
f 3631/3631 3632/3632 3633/3633
f 3634/3634 3635/3635 3636/3636
f 3637/3637 3638/3638 3639/3639
f 3640/3640 3641/3641 3642/3642
f 3643/3643 3644/3644 3645/3645
f 3646/3646 3647/3647 3648/3648
f 3649/3649 3650/3650 3651/3651
f 3652/3652 3653/3653 3654/3654
f 3655/3655 3656/3656 3657/3657
f 3658/3658 3659/3659 3660/3660
f 3661/3661 3662/3662 3663/3663
f 3664/3664 3665/3665 3666/3666
f 3667/3667 3668/3668 3669/3669
f 3670/3670 3671/3671 3672/3672
f 3673/3673 3674/3674 3675/3675
f 3676/3676 3677/3677 3678/3678
f 3679/3679 3680/3680 3681/3681
f 3682/3682 3683/3683 3684/3684
f 3685/3685 3686/3686 3687/3687
f 3688/3688 3689/3689 3690/3690
f 3691/3691 3692/3692 3693/3693
f 3694/3694 3695/3695 3696/3696
f 3697/3697 3698/3698 3699/3699
f 3700/3700 3701/3701 3702/3702
f 3703/3703 3704/3704 3705/3705
f 3706/3706 3707/3707 3708/3708
f 3709/3709 3710/3710 3711/3711
f 3712/3712 3713/3713 3714/3714
f 3715/3715 3716/3716 3717/3717
f 3718/3718 3719/3719 3720/3720
f 3721/3721 3722/3722 3723/3723
f 3724/3724 3725/3725 3726/3726
f 3727/3727 3728/3728 3729/3729
f 3730/3730 3731/3731 3732/3732
f 3733/3733 3734/3734 3735/3735
f 3736/3736 3737/3737 3738/3738
f 3739/3739 3740/3740 3741/3741
f 3742/3742 3743/3743 3744/3744
f 3745/3745 3746/3746 3747/3747
f 3748/3748 3749/3749 3750/3750
f 3751/3751 3752/3752 3753/3753
f 3754/3754 3755/3755 3756/3756
f 3757/3757 3758/3758 3759/3759
f 3760/3760 3761/3761 3762/3762
f 3763/3763 3764/3764 3765/3765
f 3766/3766 3767/3767 3768/3768
f 3769/3769 3770/3770 3771/3771
f 3772/3772 3773/3773 3774/3774
f 3775/3775 3776/3776 3777/3777
f 3778/3778 3779/3779 3780/3780
f 3781/3781 3782/3782 3783/3783
f 3784/3784 3785/3785 3786/3786
f 3787/3787 3788/3788 3789/3789
f 3790/3790 3791/3791 3792/3792
f 3793/3793 3794/3794 3795/3795
f 3796/3796 3797/3797 3798/3798
f 3799/3799 3800/3800 3801/3801
f 3802/3802 3803/3803 3804/3804
f 3805/3805 3806/3806 3807/3807
f 3808/3808 3809/3809 3810/3810
f 3811/3811 3812/3812 3813/3813
f 3814/3814 3815/3815 3816/3816
f 3817/3817 3818/3818 3819/3819
f 3820/3820 3821/3821 3822/3822
f 3823/3823 3824/3824 3825/3825
f 3826/3826 3827/3827 3828/3828
f 3829/3829 3830/3830 3831/3831
f 3832/3832 3833/3833 3834/3834
f 3835/3835 3836/3836 3837/3837
f 3838/3838 3839/3839 3840/3840
f 3841/3841 3842/3842 3843/3843
f 3844/3844 3845/3845 3846/3846
f 3847/3847 3848/3848 3849/3849
f 3850/3850 3851/3851 3852/3852
f 3853/3853 3854/3854 3855/3855
f 3856/3856 3857/3857 3858/3858
f 3859/3859 3860/3860 3861/3861
f 3862/3862 3863/3863 3864/3864
f 3865/3865 3866/3866 3867/3867
f 3868/3868 3869/3869 3870/3870
f 3871/3871 3872/3872 3873/3873
f 3874/3874 3875/3875 3876/3876
f 3877/3877 3878/3878 3879/3879
f 3880/3880 3881/3881 3882/3882
f 3883/3883 3884/3884 3885/3885
f 3886/3886 3887/3887 3888/3888
f 3889/3889 3890/3890 3891/3891
f 3892/3892 3893/3893 3894/3894
f 3895/3895 3896/3896 3897/3897
f 3898/3898 3899/3899 3900/3900
f 3901/3901 3902/3902 3903/3903
f 3904/3904 3905/3905 3906/3906
f 3907/3907 3908/3908 3909/3909
f 3910/3910 3911/3911 3912/3912
f 3913/3913 3914/3914 3915/3915
f 3916/3916 3917/3917 3918/3918
f 3919/3919 3920/3920 3921/3921
f 3922/3922 3923/3923 3924/3924
f 3925/3925 3926/3926 3927/3927
f 3928/3928 3929/3929 3930/3930
f 3931/3931 3932/3932 3933/3933
f 3934/3934 3935/3935 3936/3936
f 3937/3937 3938/3938 3939/3939
f 3940/3940 3941/3941 3942/3942
f 3943/3943 3944/3944 3945/3945
f 3946/3946 3947/3947 3948/3948
f 3949/3949 3950/3950 3951/3951
f 3952/3952 3953/3953 3954/3954
f 3955/3955 3956/3956 3957/3957
f 3958/3958 3959/3959 3960/3960
f 3961/3961 3962/3962 3963/3963
f 3964/3964 3965/3965 3966/3966
f 3967/3967 3968/3968 3969/3969
f 3970/3970 3971/3971 3972/3972
f 3973/3973 3974/3974 3975/3975
f 3976/3976 3977/3977 3978/3978
f 3979/3979 3980/3980 3981/3981
f 3982/3982 3983/3983 3984/3984
f 3985/3985 3986/3986 3987/3987
f 3988/3988 3989/3989 3990/3990
f 3991/3991 3992/3992 3993/3993
f 3994/3994 3995/3995 3996/3996
f 3997/3997 3998/3998 3999/3999
f 4000/4000 4001/4001 4002/4002
f 4003/4003 4004/4004 4005/4005
f 4006/4006 4007/4007 4008/4008
f 4009/4009 4010/4010 4011/4011
f 4012/4012 4013/4013 4014/4014
f 4015/4015 4016/4016 4017/4017
f 4018/4018 4019/4019 4020/4020
f 4021/4021 4022/4022 4023/4023
f 4024/4024 4025/4025 4026/4026
f 4027/4027 4028/4028 4029/4029
f 4030/4030 4031/4031 4032/4032
f 4033/4033 4034/4034 4035/4035
f 4036/4036 4037/4037 4038/4038
f 4039/4039 4040/4040 4041/4041
f 4042/4042 4043/4043 4044/4044
f 4045/4045 4046/4046 4047/4047
f 4048/4048 4049/4049 4050/4050
f 4051/4051 4052/4052 4053/4053
f 4054/4054 4055/4055 4056/4056
f 4057/4057 4058/4058 4059/4059
f 4060/4060 4061/4061 4062/4062
f 4063/4063 4064/4064 4065/4065
f 4066/4066 4067/4067 4068/4068
f 4069/4069 4070/4070 4071/4071
f 4072/4072 4073/4073 4074/4074
f 4075/4075 4076/4076 4077/4077
f 4078/4078 4079/4079 4080/4080
f 4081/4081 4082/4082 4083/4083
f 4084/4084 4085/4085 4086/4086
f 4087/4087 4088/4088 4089/4089
f 4090/4090 4091/4091 4092/4092
f 4093/4093 4094/4094 4095/4095
f 4096/4096 4097/4097 4098/4098
f 4099/4099 4100/4100 4101/4101
f 4102/4102 4103/4103 4104/4104
f 4105/4105 4106/4106 4107/4107
f 4108/4108 4109/4109 4110/4110
f 4111/4111 4112/4112 4113/4113
f 4114/4114 4115/4115 4116/4116
f 4117/4117 4118/4118 4119/4119
f 4120/4120 4121/4121 4122/4122
f 4123/4123 4124/4124 4125/4125
f 4126/4126 4127/4127 4128/4128
f 4129/4129 4130/4130 4131/4131
f 4132/4132 4133/4133 4134/4134
f 4135/4135 4136/4136 4137/4137
f 4138/4138 4139/4139 4140/4140
f 4141/4141 4142/4142 4143/4143
f 4144/4144 4145/4145 4146/4146
f 4147/4147 4148/4148 4149/4149
f 4150/4150 4151/4151 4152/4152
f 4153/4153 4154/4154 4155/4155
f 4156/4156 4157/4157 4158/4158
f 4159/4159 4160/4160 4161/4161
f 4162/4162 4163/4163 4164/4164
f 4165/4165 4166/4166 4167/4167
f 4168/4168 4169/4169 4170/4170
f 4171/4171 4172/4172 4173/4173
f 4174/4174 4175/4175 4176/4176
f 4177/4177 4178/4178 4179/4179
f 4180/4180 4181/4181 4182/4182
f 4183/4183 4184/4184 4185/4185
f 4186/4186 4187/4187 4188/4188
f 4189/4189 4190/4190 4191/4191
f 4192/4192 4193/4193 4194/4194
f 4195/4195 4196/4196 4197/4197
f 4198/4198 4199/4199 4200/4200
f 4201/4201 4202/4202 4203/4203
f 4204/4204 4205/4205 4206/4206
f 4207/4207 4208/4208 4209/4209
f 4210/4210 4211/4211 4212/4212
f 4213/4213 4214/4214 4215/4215
f 4216/4216 4217/4217 4218/4218
f 4219/4219 4220/4220 4221/4221
f 4222/4222 4223/4223 4224/4224
f 4225/4225 4226/4226 4227/4227
f 4228/4228 4229/4229 4230/4230
f 4231/4231 4232/4232 4233/4233
f 4234/4234 4235/4235 4236/4236
f 4237/4237 4238/4238 4239/4239
f 4240/4240 4241/4241 4242/4242
f 4243/4243 4244/4244 4245/4245
f 4246/4246 4247/4247 4248/4248
f 4249/4249 4250/4250 4251/4251
f 4252/4252 4253/4253 4254/4254
f 4255/4255 4256/4256 4257/4257
f 4258/4258 4259/4259 4260/4260
f 4261/4261 4262/4262 4263/4263
f 4264/4264 4265/4265 4266/4266
f 4267/4267 4268/4268 4269/4269
f 4270/4270 4271/4271 4272/4272
f 4273/4273 4274/4274 4275/4275
f 4276/4276 4277/4277 4278/4278
f 4279/4279 4280/4280 4281/4281
f 4282/4282 4283/4283 4284/4284
f 4285/4285 4286/4286 4287/4287
f 4288/4288 4289/4289 4290/4290
f 4291/4291 4292/4292 4293/4293
f 4294/4294 4295/4295 4296/4296
f 4297/4297 4298/4298 4299/4299
f 4300/4300 4301/4301 4302/4302
f 4303/4303 4304/4304 4305/4305
f 4306/4306 4307/4307 4308/4308
f 4309/4309 4310/4310 4311/4311
f 4312/4312 4313/4313 4314/4314
f 4315/4315 4316/4316 4317/4317
f 4318/4318 4319/4319 4320/4320
f 4321/4321 4322/4322 4323/4323
f 4324/4324 4325/4325 4326/4326
f 4327/4327 4328/4328 4329/4329
f 4330/4330 4331/4331 4332/4332
f 4333/4333 4334/4334 4335/4335
f 4336/4336 4337/4337 4338/4338
f 4339/4339 4340/4340 4341/4341
f 4342/4342 4343/4343 4344/4344
f 4345/4345 4346/4346 4347/4347
f 4348/4348 4349/4349 4350/4350
f 4351/4351 4352/4352 4353/4353
f 4354/4354 4355/4355 4356/4356
f 4357/4357 4358/4358 4359/4359
f 4360/4360 4361/4361 4362/4362
f 4363/4363 4364/4364 4365/4365
f 4366/4366 4367/4367 4368/4368
f 4369/4369 4370/4370 4371/4371
f 4372/4372 4373/4373 4374/4374
f 4375/4375 4376/4376 4377/4377
f 4378/4378 4379/4379 4380/4380
f 4381/4381 4382/4382 4383/4383
f 4384/4384 4385/4385 4386/4386
f 4387/4387 4388/4388 4389/4389
f 4390/4390 4391/4391 4392/4392
f 4393/4393 4394/4394 4395/4395
f 4396/4396 4397/4397 4398/4398
f 4399/4399 4400/4400 4401/4401
f 4402/4402 4403/4403 4404/4404
f 4405/4405 4406/4406 4407/4407
f 4408/4408 4409/4409 4410/4410
f 4411/4411 4412/4412 4413/4413
f 4414/4414 4415/4415 4416/4416
f 4417/4417 4418/4418 4419/4419
f 4420/4420 4421/4421 4422/4422
f 4423/4423 4424/4424 4425/4425
f 4426/4426 4427/4427 4428/4428
f 4429/4429 4430/4430 4431/4431
f 4432/4432 4433/4433 4434/4434
f 4435/4435 4436/4436 4437/4437
f 4438/4438 4439/4439 4440/4440
f 4441/4441 4442/4442 4443/4443
f 4444/4444 4445/4445 4446/4446
f 4447/4447 4448/4448 4449/4449
f 4450/4450 4451/4451 4452/4452
f 4453/4453 4454/4454 4455/4455
f 4456/4456 4457/4457 4458/4458
f 4459/4459 4460/4460 4461/4461
f 4462/4462 4463/4463 4464/4464
f 4465/4465 4466/4466 4467/4467
f 4468/4468 4469/4469 4470/4470
f 4471/4471 4472/4472 4473/4473
f 4474/4474 4475/4475 4476/4476
f 4477/4477 4478/4478 4479/4479
f 4480/4480 4481/4481 4482/4482
f 4483/4483 4484/4484 4485/4485
f 4486/4486 4487/4487 4488/4488
f 4489/4489 4490/4490 4491/4491
f 4492/4492 4493/4493 4494/4494
f 4495/4495 4496/4496 4497/4497
f 4498/4498 4499/4499 4500/4500
f 4501/4501 4502/4502 4503/4503
f 4504/4504 4505/4505 4506/4506
f 4507/4507 4508/4508 4509/4509
f 4510/4510 4511/4511 4512/4512
f 4513/4513 4514/4514 4515/4515
f 4516/4516 4517/4517 4518/4518
f 4519/4519 4520/4520 4521/4521
f 4522/4522 4523/4523 4524/4524
f 4525/4525 4526/4526 4527/4527
f 4528/4528 4529/4529 4530/4530
f 4531/4531 4532/4532 4533/4533
f 4534/4534 4535/4535 4536/4536
f 4537/4537 4538/4538 4539/4539
f 4540/4540 4541/4541 4542/4542
f 4543/4543 4544/4544 4545/4545
f 4546/4546 4547/4547 4548/4548
f 4549/4549 4550/4550 4551/4551
f 4552/4552 4553/4553 4554/4554
f 4555/4555 4556/4556 4557/4557
f 4558/4558 4559/4559 4560/4560
f 4561/4561 4562/4562 4563/4563
f 4564/4564 4565/4565 4566/4566
f 4567/4567 4568/4568 4569/4569
f 4570/4570 4571/4571 4572/4572
f 4573/4573 4574/4574 4575/4575
f 4576/4576 4577/4577 4578/4578
f 4579/4579 4580/4580 4581/4581
f 4582/4582 4583/4583 4584/4584
f 4585/4585 4586/4586 4587/4587
f 4588/4588 4589/4589 4590/4590
f 4591/4591 4592/4592 4593/4593
f 4594/4594 4595/4595 4596/4596
f 4597/4597 4598/4598 4599/4599
f 4600/4600 4601/4601 4602/4602
f 4603/4603 4604/4604 4605/4605
f 4606/4606 4607/4607 4608/4608
f 4609/4609 4610/4610 4611/4611
f 4612/4612 4613/4613 4614/4614
f 4615/4615 4616/4616 4617/4617
f 4618/4618 4619/4619 4620/4620
f 4621/4621 4622/4622 4623/4623
f 4624/4624 4625/4625 4626/4626
f 4627/4627 4628/4628 4629/4629
f 4630/4630 4631/4631 4632/4632
f 4633/4633 4634/4634 4635/4635
f 4636/4636 4637/4637 4638/4638
f 4639/4639 4640/4640 4641/4641
f 4642/4642 4643/4643 4644/4644
f 4645/4645 4646/4646 4647/4647
f 4648/4648 4649/4649 4650/4650
f 4651/4651 4652/4652 4653/4653
f 4654/4654 4655/4655 4656/4656
f 4657/4657 4658/4658 4659/4659
f 4660/4660 4661/4661 4662/4662
f 4663/4663 4664/4664 4665/4665
f 4666/4666 4667/4667 4668/4668
f 4669/4669 4670/4670 4671/4671
f 4672/4672 4673/4673 4674/4674
f 4675/4675 4676/4676 4677/4677
f 4678/4678 4679/4679 4680/4680
f 4681/4681 4682/4682 4683/4683
f 4684/4684 4685/4685 4686/4686
f 4687/4687 4688/4688 4689/4689
f 4690/4690 4691/4691 4692/4692
f 4693/4693 4694/4694 4695/4695
f 4696/4696 4697/4697 4698/4698
f 4699/4699 4700/4700 4701/4701
f 4702/4702 4703/4703 4704/4704
f 4705/4705 4706/4706 4707/4707
f 4708/4708 4709/4709 4710/4710
f 4711/4711 4712/4712 4713/4713
f 4714/4714 4715/4715 4716/4716
f 4717/4717 4718/4718 4719/4719
f 4720/4720 4721/4721 4722/4722
f 4723/4723 4724/4724 4725/4725
f 4726/4726 4727/4727 4728/4728
f 4729/4729 4730/4730 4731/4731
f 4732/4732 4733/4733 4734/4734
f 4735/4735 4736/4736 4737/4737
f 4738/4738 4739/4739 4740/4740
f 4741/4741 4742/4742 4743/4743
f 4744/4744 4745/4745 4746/4746
f 4747/4747 4748/4748 4749/4749
f 4750/4750 4751/4751 4752/4752
f 4753/4753 4754/4754 4755/4755
f 4756/4756 4757/4757 4758/4758
f 4759/4759 4760/4760 4761/4761
f 4762/4762 4763/4763 4764/4764
f 4765/4765 4766/4766 4767/4767
f 4768/4768 4769/4769 4770/4770
f 4771/4771 4772/4772 4773/4773
f 4774/4774 4775/4775 4776/4776
f 4777/4777 4778/4778 4779/4779
f 4780/4780 4781/4781 4782/4782
f 4783/4783 4784/4784 4785/4785
f 4786/4786 4787/4787 4788/4788
f 4789/4789 4790/4790 4791/4791
f 4792/4792 4793/4793 4794/4794
f 4795/4795 4796/4796 4797/4797
f 4798/4798 4799/4799 4800/4800
f 4801/4801 4802/4802 4803/4803
f 4804/4804 4805/4805 4806/4806
f 4807/4807 4808/4808 4809/4809
f 4810/4810 4811/4811 4812/4812
f 4813/4813 4814/4814 4815/4815
f 4816/4816 4817/4817 4818/4818
f 4819/4819 4820/4820 4821/4821
f 4822/4822 4823/4823 4824/4824
f 4825/4825 4826/4826 4827/4827
f 4828/4828 4829/4829 4830/4830
f 4831/4831 4832/4832 4833/4833
f 4834/4834 4835/4835 4836/4836
f 4837/4837 4838/4838 4839/4839
f 4840/4840 4841/4841 4842/4842
f 4843/4843 4844/4844 4845/4845
f 4846/4846 4847/4847 4848/4848
f 4849/4849 4850/4850 4851/4851
f 4852/4852 4853/4853 4854/4854
f 4855/4855 4856/4856 4857/4857
f 4858/4858 4859/4859 4860/4860
f 4861/4861 4862/4862 4863/4863
f 4864/4864 4865/4865 4866/4866
f 4867/4867 4868/4868 4869/4869
f 4870/4870 4871/4871 4872/4872
f 4873/4873 4874/4874 4875/4875
f 4876/4876 4877/4877 4878/4878
f 4879/4879 4880/4880 4881/4881
f 4882/4882 4883/4883 4884/4884
f 4885/4885 4886/4886 4887/4887
f 4888/4888 4889/4889 4890/4890
f 4891/4891 4892/4892 4893/4893
f 4894/4894 4895/4895 4896/4896
f 4897/4897 4898/4898 4899/4899
f 4900/4900 4901/4901 4902/4902
f 4903/4903 4904/4904 4905/4905
f 4906/4906 4907/4907 4908/4908
f 4909/4909 4910/4910 4911/4911
f 4912/4912 4913/4913 4914/4914
f 4915/4915 4916/4916 4917/4917
f 4918/4918 4919/4919 4920/4920
f 4921/4921 4922/4922 4923/4923
f 4924/4924 4925/4925 4926/4926
f 4927/4927 4928/4928 4929/4929
f 4930/4930 4931/4931 4932/4932
f 4933/4933 4934/4934 4935/4935
f 4936/4936 4937/4937 4938/4938
f 4939/4939 4940/4940 4941/4941
f 4942/4942 4943/4943 4944/4944
f 4945/4945 4946/4946 4947/4947
f 4948/4948 4949/4949 4950/4950
f 4951/4951 4952/4952 4953/4953
f 4954/4954 4955/4955 4956/4956
f 4957/4957 4958/4958 4959/4959
f 4960/4960 4961/4961 4962/4962
f 4963/4963 4964/4964 4965/4965
f 4966/4966 4967/4967 4968/4968
f 4969/4969 4970/4970 4971/4971
f 4972/4972 4973/4973 4974/4974
f 4975/4975 4976/4976 4977/4977
f 4978/4978 4979/4979 4980/4980
f 4981/4981 4982/4982 4983/4983
f 4984/4984 4985/4985 4986/4986
f 4987/4987 4988/4988 4989/4989
f 4990/4990 4991/4991 4992/4992
f 4993/4993 4994/4994 4995/4995
f 4996/4996 4997/4997 4998/4998
f 4999/4999 5000/5000 5001/5001
f 5002/5002 5003/5003 5004/5004
f 5005/5005 5006/5006 5007/5007
f 5008/5008 5009/5009 5010/5010
f 5011/5011 5012/5012 5013/5013
f 5014/5014 5015/5015 5016/5016
f 5017/5017 5018/5018 5019/5019
f 5020/5020 5021/5021 5022/5022
f 5023/5023 5024/5024 5025/5025
f 5026/5026 5027/5027 5028/5028
f 5029/5029 5030/5030 5031/5031
f 5032/5032 5033/5033 5034/5034
f 5035/5035 5036/5036 5037/5037
f 5038/5038 5039/5039 5040/5040
f 5041/5041 5042/5042 5043/5043
f 5044/5044 5045/5045 5046/5046
f 5047/5047 5048/5048 5049/5049
f 5050/5050 5051/5051 5052/5052
f 5053/5053 5054/5054 5055/5055
f 5056/5056 5057/5057 5058/5058
f 5059/5059 5060/5060 5061/5061
f 5062/5062 5063/5063 5064/5064
f 5065/5065 5066/5066 5067/5067
f 5068/5068 5069/5069 5070/5070
f 5071/5071 5072/5072 5073/5073
f 5074/5074 5075/5075 5076/5076
f 5077/5077 5078/5078 5079/5079
f 5080/5080 5081/5081 5082/5082
f 5083/5083 5084/5084 5085/5085
f 5086/5086 5087/5087 5088/5088
f 5089/5089 5090/5090 5091/5091
f 5092/5092 5093/5093 5094/5094
f 5095/5095 5096/5096 5097/5097
f 5098/5098 5099/5099 5100/5100
f 5101/5101 5102/5102 5103/5103
f 5104/5104 5105/5105 5106/5106
f 5107/5107 5108/5108 5109/5109
f 5110/5110 5111/5111 5112/5112
f 5113/5113 5114/5114 5115/5115
f 5116/5116 5117/5117 5118/5118
f 5119/5119 5120/5120 5121/5121
f 5122/5122 5123/5123 5124/5124
f 5125/5125 5126/5126 5127/5127
f 5128/5128 5129/5129 5130/5130
f 5131/5131 5132/5132 5133/5133
f 5134/5134 5135/5135 5136/5136
f 5137/5137 5138/5138 5139/5139
f 5140/5140 5141/5141 5142/5142
f 5143/5143 5144/5144 5145/5145
f 5146/5146 5147/5147 5148/5148
f 5149/5149 5150/5150 5151/5151
f 5152/5152 5153/5153 5154/5154
f 5155/5155 5156/5156 5157/5157
f 5158/5158 5159/5159 5160/5160
f 5161/5161 5162/5162 5163/5163
f 5164/5164 5165/5165 5166/5166
f 5167/5167 5168/5168 5169/5169
f 5170/5170 5171/5171 5172/5172
f 5173/5173 5174/5174 5175/5175
f 5176/5176 5177/5177 5178/5178
f 5179/5179 5180/5180 5181/5181
f 5182/5182 5183/5183 5184/5184
f 5185/5185 5186/5186 5187/5187
f 5188/5188 5189/5189 5190/5190
f 5191/5191 5192/5192 5193/5193
f 5194/5194 5195/5195 5196/5196
f 5197/5197 5198/5198 5199/5199
f 5200/5200 5201/5201 5202/5202
f 5203/5203 5204/5204 5205/5205
f 5206/5206 5207/5207 5208/5208
f 5209/5209 5210/5210 5211/5211
f 5212/5212 5213/5213 5214/5214
f 5215/5215 5216/5216 5217/5217
f 5218/5218 5219/5219 5220/5220
f 5221/5221 5222/5222 5223/5223
f 5224/5224 5225/5225 5226/5226
f 5227/5227 5228/5228 5229/5229
f 5230/5230 5231/5231 5232/5232
f 5233/5233 5234/5234 5235/5235
f 5236/5236 5237/5237 5238/5238
f 5239/5239 5240/5240 5241/5241
f 5242/5242 5243/5243 5244/5244
f 5245/5245 5246/5246 5247/5247
f 5248/5248 5249/5249 5250/5250
f 5251/5251 5252/5252 5253/5253
f 5254/5254 5255/5255 5256/5256
f 5257/5257 5258/5258 5259/5259
f 5260/5260 5261/5261 5262/5262
f 5263/5263 5264/5264 5265/5265
f 5266/5266 5267/5267 5268/5268
f 5269/5269 5270/5270 5271/5271
f 5272/5272 5273/5273 5274/5274
f 5275/5275 5276/5276 5277/5277
f 5278/5278 5279/5279 5280/5280
f 5281/5281 5282/5282 5283/5283
f 5284/5284 5285/5285 5286/5286
f 5287/5287 5288/5288 5289/5289
f 5290/5290 5291/5291 5292/5292
f 5293/5293 5294/5294 5295/5295
f 5296/5296 5297/5297 5298/5298
f 5299/5299 5300/5300 5301/5301
f 5302/5302 5303/5303 5304/5304
f 5305/5305 5306/5306 5307/5307
f 5308/5308 5309/5309 5310/5310
f 5311/5311 5312/5312 5313/5313
f 5314/5314 5315/5315 5316/5316
f 5317/5317 5318/5318 5319/5319
f 5320/5320 5321/5321 5322/5322
f 5323/5323 5324/5324 5325/5325
f 5326/5326 5327/5327 5328/5328
f 5329/5329 5330/5330 5331/5331
f 5332/5332 5333/5333 5334/5334
f 5335/5335 5336/5336 5337/5337
f 5338/5338 5339/5339 5340/5340
f 5341/5341 5342/5342 5343/5343
f 5344/5344 5345/5345 5346/5346
f 5347/5347 5348/5348 5349/5349
f 5350/5350 5351/5351 5352/5352
f 5353/5353 5354/5354 5355/5355
f 5356/5356 5357/5357 5358/5358
f 5359/5359 5360/5360 5361/5361
f 5362/5362 5363/5363 5364/5364
f 5365/5365 5366/5366 5367/5367
f 5368/5368 5369/5369 5370/5370
f 5371/5371 5372/5372 5373/5373
f 5374/5374 5375/5375 5376/5376
f 5377/5377 5378/5378 5379/5379
f 5380/5380 5381/5381 5382/5382
f 5383/5383 5384/5384 5385/5385
f 5386/5386 5387/5387 5388/5388
f 5389/5389 5390/5390 5391/5391
f 5392/5392 5393/5393 5394/5394
f 5395/5395 5396/5396 5397/5397
f 5398/5398 5399/5399 5400/5400
f 5401/5401 5402/5402 5403/5403
f 5404/5404 5405/5405 5406/5406
f 5407/5407 5408/5408 5409/5409
f 5410/5410 5411/5411 5412/5412
f 5413/5413 5414/5414 5415/5415
f 5416/5416 5417/5417 5418/5418
f 5419/5419 5420/5420 5421/5421
f 5422/5422 5423/5423 5424/5424
f 5425/5425 5426/5426 5427/5427
f 5428/5428 5429/5429 5430/5430
f 5431/5431 5432/5432 5433/5433
f 5434/5434 5435/5435 5436/5436
f 5437/5437 5438/5438 5439/5439
f 5440/5440 5441/5441 5442/5442
f 5443/5443 5444/5444 5445/5445
f 5446/5446 5447/5447 5448/5448
f 5449/5449 5450/5450 5451/5451
f 5452/5452 5453/5453 5454/5454
f 5455/5455 5456/5456 5457/5457
f 5458/5458 5459/5459 5460/5460
f 5461/5461 5462/5462 5463/5463
f 5464/5464 5465/5465 5466/5466
f 5467/5467 5468/5468 5469/5469
f 5470/5470 5471/5471 5472/5472
f 5473/5473 5474/5474 5475/5475
f 5476/5476 5477/5477 5478/5478
f 5479/5479 5480/5480 5481/5481
f 5482/5482 5483/5483 5484/5484
f 5485/5485 5486/5486 5487/5487
f 5488/5488 5489/5489 5490/5490
f 5491/5491 5492/5492 5493/5493
f 5494/5494 5495/5495 5496/5496
f 5497/5497 5498/5498 5499/5499
f 5500/5500 5501/5501 5502/5502
f 5503/5503 5504/5504 5505/5505
f 5506/5506 5507/5507 5508/5508
f 5509/5509 5510/5510 5511/5511
f 5512/5512 5513/5513 5514/5514
f 5515/5515 5516/5516 5517/5517
f 5518/5518 5519/5519 5520/5520
f 5521/5521 5522/5522 5523/5523
f 5524/5524 5525/5525 5526/5526
f 5527/5527 5528/5528 5529/5529
f 5530/5530 5531/5531 5532/5532
f 5533/5533 5534/5534 5535/5535
f 5536/5536 5537/5537 5538/5538
f 5539/5539 5540/5540 5541/5541
f 5542/5542 5543/5543 5544/5544
f 5545/5545 5546/5546 5547/5547
f 5548/5548 5549/5549 5550/5550
f 5551/5551 5552/5552 5553/5553
f 5554/5554 5555/5555 5556/5556
f 5557/5557 5558/5558 5559/5559
f 5560/5560 5561/5561 5562/5562
f 5563/5563 5564/5564 5565/5565
f 5566/5566 5567/5567 5568/5568
f 5569/5569 5570/5570 5571/5571
f 5572/5572 5573/5573 5574/5574
f 5575/5575 5576/5576 5577/5577
f 5578/5578 5579/5579 5580/5580
f 5581/5581 5582/5582 5583/5583
f 5584/5584 5585/5585 5586/5586
f 5587/5587 5588/5588 5589/5589
f 5590/5590 5591/5591 5592/5592
f 5593/5593 5594/5594 5595/5595
f 5596/5596 5597/5597 5598/5598
f 5599/5599 5600/5600 5601/5601
f 5602/5602 5603/5603 5604/5604
f 5605/5605 5606/5606 5607/5607
f 5608/5608 5609/5609 5610/5610
f 5611/5611 5612/5612 5613/5613
f 5614/5614 5615/5615 5616/5616
f 5617/5617 5618/5618 5619/5619
f 5620/5620 5621/5621 5622/5622
f 5623/5623 5624/5624 5625/5625
f 5626/5626 5627/5627 5628/5628
f 5629/5629 5630/5630 5631/5631
f 5632/5632 5633/5633 5634/5634
f 5635/5635 5636/5636 5637/5637
f 5638/5638 5639/5639 5640/5640
f 5641/5641 5642/5642 5643/5643
f 5644/5644 5645/5645 5646/5646
f 5647/5647 5648/5648 5649/5649
f 5650/5650 5651/5651 5652/5652
f 5653/5653 5654/5654 5655/5655
f 5656/5656 5657/5657 5658/5658
f 5659/5659 5660/5660 5661/5661
f 5662/5662 5663/5663 5664/5664
f 5665/5665 5666/5666 5667/5667
f 5668/5668 5669/5669 5670/5670
f 5671/5671 5672/5672 5673/5673
f 5674/5674 5675/5675 5676/5676
f 5677/5677 5678/5678 5679/5679
f 5680/5680 5681/5681 5682/5682
f 5683/5683 5684/5684 5685/5685
f 5686/5686 5687/5687 5688/5688
f 5689/5689 5690/5690 5691/5691
f 5692/5692 5693/5693 5694/5694
f 5695/5695 5696/5696 5697/5697
f 5698/5698 5699/5699 5700/5700
f 5701/5701 5702/5702 5703/5703
f 5704/5704 5705/5705 5706/5706
f 5707/5707 5708/5708 5709/5709
f 5710/5710 5711/5711 5712/5712
f 5713/5713 5714/5714 5715/5715
f 5716/5716 5717/5717 5718/5718
f 5719/5719 5720/5720 5721/5721
f 5722/5722 5723/5723 5724/5724
f 5725/5725 5726/5726 5727/5727
f 5728/5728 5729/5729 5730/5730
f 5731/5731 5732/5732 5733/5733
f 5734/5734 5735/5735 5736/5736
f 5737/5737 5738/5738 5739/5739
f 5740/5740 5741/5741 5742/5742
f 5743/5743 5744/5744 5745/5745
f 5746/5746 5747/5747 5748/5748
f 5749/5749 5750/5750 5751/5751
f 5752/5752 5753/5753 5754/5754
f 5755/5755 5756/5756 5757/5757
f 5758/5758 5759/5759 5760/5760
f 5761/5761 5762/5762 5763/5763
f 5764/5764 5765/5765 5766/5766
f 5767/5767 5768/5768 5769/5769
f 5770/5770 5771/5771 5772/5772
f 5773/5773 5774/5774 5775/5775
f 5776/5776 5777/5777 5778/5778
f 5779/5779 5780/5780 5781/5781
f 5782/5782 5783/5783 5784/5784
f 5785/5785 5786/5786 5787/5787
f 5788/5788 5789/5789 5790/5790
f 5791/5791 5792/5792 5793/5793
f 5794/5794 5795/5795 5796/5796
f 5797/5797 5798/5798 5799/5799
f 5800/5800 5801/5801 5802/5802
f 5803/5803 5804/5804 5805/5805
f 5806/5806 5807/5807 5808/5808
f 5809/5809 5810/5810 5811/5811
f 5812/5812 5813/5813 5814/5814
f 5815/5815 5816/5816 5817/5817
f 5818/5818 5819/5819 5820/5820
f 5821/5821 5822/5822 5823/5823
f 5824/5824 5825/5825 5826/5826
f 5827/5827 5828/5828 5829/5829
f 5830/5830 5831/5831 5832/5832
f 5833/5833 5834/5834 5835/5835
f 5836/5836 5837/5837 5838/5838
f 5839/5839 5840/5840 5841/5841
f 5842/5842 5843/5843 5844/5844
f 5845/5845 5846/5846 5847/5847
f 5848/5848 5849/5849 5850/5850
f 5851/5851 5852/5852 5853/5853
f 5854/5854 5855/5855 5856/5856
f 5857/5857 5858/5858 5859/5859
f 5860/5860 5861/5861 5862/5862
f 5863/5863 5864/5864 5865/5865
f 5866/5866 5867/5867 5868/5868
f 5869/5869 5870/5870 5871/5871
f 5872/5872 5873/5873 5874/5874
f 5875/5875 5876/5876 5877/5877
f 5878/5878 5879/5879 5880/5880
f 5881/5881 5882/5882 5883/5883
f 5884/5884 5885/5885 5886/5886
f 5887/5887 5888/5888 5889/5889
f 5890/5890 5891/5891 5892/5892
f 5893/5893 5894/5894 5895/5895
f 5896/5896 5897/5897 5898/5898
f 5899/5899 5900/5900 5901/5901
f 5902/5902 5903/5903 5904/5904
f 5905/5905 5906/5906 5907/5907
f 5908/5908 5909/5909 5910/5910
f 5911/5911 5912/5912 5913/5913
f 5914/5914 5915/5915 5916/5916
f 5917/5917 5918/5918 5919/5919
f 5920/5920 5921/5921 5922/5922
f 5923/5923 5924/5924 5925/5925
f 5926/5926 5927/5927 5928/5928
f 5929/5929 5930/5930 5931/5931
f 5932/5932 5933/5933 5934/5934
f 5935/5935 5936/5936 5937/5937
f 5938/5938 5939/5939 5940/5940
f 5941/5941 5942/5942 5943/5943
f 5944/5944 5945/5945 5946/5946
f 5947/5947 5948/5948 5949/5949
f 5950/5950 5951/5951 5952/5952
f 5953/5953 5954/5954 5955/5955
f 5956/5956 5957/5957 5958/5958
f 5959/5959 5960/5960 5961/5961
f 5962/5962 5963/5963 5964/5964
f 5965/5965 5966/5966 5967/5967
f 5968/5968 5969/5969 5970/5970
f 5971/5971 5972/5972 5973/5973
f 5974/5974 5975/5975 5976/5976
f 5977/5977 5978/5978 5979/5979
f 5980/5980 5981/5981 5982/5982
f 5983/5983 5984/5984 5985/5985
f 5986/5986 5987/5987 5988/5988
f 5989/5989 5990/5990 5991/5991
f 5992/5992 5993/5993 5994/5994
f 5995/5995 5996/5996 5997/5997
f 5998/5998 5999/5999 6000/6000
f 6001/6001 6002/6002 6003/6003
f 6004/6004 6005/6005 6006/6006
f 6007/6007 6008/6008 6009/6009
f 6010/6010 6011/6011 6012/6012
f 6013/6013 6014/6014 6015/6015
f 6016/6016 6017/6017 6018/6018
f 6019/6019 6020/6020 6021/6021
f 6022/6022 6023/6023 6024/6024
f 6025/6025 6026/6026 6027/6027
f 6028/6028 6029/6029 6030/6030
f 6031/6031 6032/6032 6033/6033
f 6034/6034 6035/6035 6036/6036
f 6037/6037 6038/6038 6039/6039
f 6040/6040 6041/6041 6042/6042
f 6043/6043 6044/6044 6045/6045
f 6046/6046 6047/6047 6048/6048
f 6049/6049 6050/6050 6051/6051
f 6052/6052 6053/6053 6054/6054
f 6055/6055 6056/6056 6057/6057
f 6058/6058 6059/6059 6060/6060
f 6061/6061 6062/6062 6063/6063
f 6064/6064 6065/6065 6066/6066
f 6067/6067 6068/6068 6069/6069
f 6070/6070 6071/6071 6072/6072
f 6073/6073 6074/6074 6075/6075
f 6076/6076 6077/6077 6078/6078
f 6079/6079 6080/6080 6081/6081
f 6082/6082 6083/6083 6084/6084
f 6085/6085 6086/6086 6087/6087
f 6088/6088 6089/6089 6090/6090
f 6091/6091 6092/6092 6093/6093
f 6094/6094 6095/6095 6096/6096
f 6097/6097 6098/6098 6099/6099
f 6100/6100 6101/6101 6102/6102
f 6103/6103 6104/6104 6105/6105
f 6106/6106 6107/6107 6108/6108
f 6109/6109 6110/6110 6111/6111
f 6112/6112 6113/6113 6114/6114
f 6115/6115 6116/6116 6117/6117
f 6118/6118 6119/6119 6120/6120
f 6121/6121 6122/6122 6123/6123
f 6124/6124 6125/6125 6126/6126
f 6127/6127 6128/6128 6129/6129
f 6130/6130 6131/6131 6132/6132
f 6133/6133 6134/6134 6135/6135
f 6136/6136 6137/6137 6138/6138
f 6139/6139 6140/6140 6141/6141
f 6142/6142 6143/6143 6144/6144
f 6145/6145 6146/6146 6147/6147
f 6148/6148 6149/6149 6150/6150
f 6151/6151 6152/6152 6153/6153
f 6154/6154 6155/6155 6156/6156
f 6157/6157 6158/6158 6159/6159
f 6160/6160 6161/6161 6162/6162
f 6163/6163 6164/6164 6165/6165
f 6166/6166 6167/6167 6168/6168
f 6169/6169 6170/6170 6171/6171
f 6172/6172 6173/6173 6174/6174
f 6175/6175 6176/6176 6177/6177
f 6178/6178 6179/6179 6180/6180
f 6181/6181 6182/6182 6183/6183
f 6184/6184 6185/6185 6186/6186
f 6187/6187 6188/6188 6189/6189
f 6190/6190 6191/6191 6192/6192
f 6193/6193 6194/6194 6195/6195
f 6196/6196 6197/6197 6198/6198
f 6199/6199 6200/6200 6201/6201
f 6202/6202 6203/6203 6204/6204
f 6205/6205 6206/6206 6207/6207
f 6208/6208 6209/6209 6210/6210
f 6211/6211 6212/6212 6213/6213
f 6214/6214 6215/6215 6216/6216
f 6217/6217 6218/6218 6219/6219
f 6220/6220 6221/6221 6222/6222
f 6223/6223 6224/6224 6225/6225
f 6226/6226 6227/6227 6228/6228
f 6229/6229 6230/6230 6231/6231
f 6232/6232 6233/6233 6234/6234
f 6235/6235 6236/6236 6237/6237
f 6238/6238 6239/6239 6240/6240
f 6241/6241 6242/6242 6243/6243
f 6244/6244 6245/6245 6246/6246
f 6247/6247 6248/6248 6249/6249
f 6250/6250 6251/6251 6252/6252
f 6253/6253 6254/6254 6255/6255
f 6256/6256 6257/6257 6258/6258
f 6259/6259 6260/6260 6261/6261
f 6262/6262 6263/6263 6264/6264
f 6265/6265 6266/6266 6267/6267
f 6268/6268 6269/6269 6270/6270
f 6271/6271 6272/6272 6273/6273
f 6274/6274 6275/6275 6276/6276
f 6277/6277 6278/6278 6279/6279
f 6280/6280 6281/6281 6282/6282
f 6283/6283 6284/6284 6285/6285
f 6286/6286 6287/6287 6288/6288
f 6289/6289 6290/6290 6291/6291
f 6292/6292 6293/6293 6294/6294
f 6295/6295 6296/6296 6297/6297
f 6298/6298 6299/6299 6300/6300
f 6301/6301 6302/6302 6303/6303
f 6304/6304 6305/6305 6306/6306
f 6307/6307 6308/6308 6309/6309
f 6310/6310 6311/6311 6312/6312
f 6313/6313 6314/6314 6315/6315
f 6316/6316 6317/6317 6318/6318
f 6319/6319 6320/6320 6321/6321
f 6322/6322 6323/6323 6324/6324
f 6325/6325 6326/6326 6327/6327
f 6328/6328 6329/6329 6330/6330
f 6331/6331 6332/6332 6333/6333
f 6334/6334 6335/6335 6336/6336
f 6337/6337 6338/6338 6339/6339
f 6340/6340 6341/6341 6342/6342
f 6343/6343 6344/6344 6345/6345
f 6346/6346 6347/6347 6348/6348
f 6349/6349 6350/6350 6351/6351
f 6352/6352 6353/6353 6354/6354
f 6355/6355 6356/6356 6357/6357
f 6358/6358 6359/6359 6360/6360
f 6361/6361 6362/6362 6363/6363
f 6364/6364 6365/6365 6366/6366
f 6367/6367 6368/6368 6369/6369
f 6370/6370 6371/6371 6372/6372
f 6373/6373 6374/6374 6375/6375
f 6376/6376 6377/6377 6378/6378
f 6379/6379 6380/6380 6381/6381
f 6382/6382 6383/6383 6384/6384
f 6385/6385 6386/6386 6387/6387
f 6388/6388 6389/6389 6390/6390
f 6391/6391 6392/6392 6393/6393
f 6394/6394 6395/6395 6396/6396
f 6397/6397 6398/6398 6399/6399
f 6400/6400 6401/6401 6402/6402
f 6403/6403 6404/6404 6405/6405
f 6406/6406 6407/6407 6408/6408
f 6409/6409 6410/6410 6411/6411
f 6412/6412 6413/6413 6414/6414
f 6415/6415 6416/6416 6417/6417
f 6418/6418 6419/6419 6420/6420
f 6421/6421 6422/6422 6423/6423
f 6424/6424 6425/6425 6426/6426
f 6427/6427 6428/6428 6429/6429
f 6430/6430 6431/6431 6432/6432
f 6433/6433 6434/6434 6435/6435
f 6436/6436 6437/6437 6438/6438
f 6439/6439 6440/6440 6441/6441
f 6442/6442 6443/6443 6444/6444
f 6445/6445 6446/6446 6447/6447
f 6448/6448 6449/6449 6450/6450
f 6451/6451 6452/6452 6453/6453
f 6454/6454 6455/6455 6456/6456
f 6457/6457 6458/6458 6459/6459
f 6460/6460 6461/6461 6462/6462
f 6463/6463 6464/6464 6465/6465
f 6466/6466 6467/6467 6468/6468
f 6469/6469 6470/6470 6471/6471
f 6472/6472 6473/6473 6474/6474
f 6475/6475 6476/6476 6477/6477
f 6478/6478 6479/6479 6480/6480
f 6481/6481 6482/6482 6483/6483
f 6484/6484 6485/6485 6486/6486
f 6487/6487 6488/6488 6489/6489
f 6490/6490 6491/6491 6492/6492
f 6493/6493 6494/6494 6495/6495
f 6496/6496 6497/6497 6498/6498
f 6499/6499 6500/6500 6501/6501
f 6502/6502 6503/6503 6504/6504
f 6505/6505 6506/6506 6507/6507
f 6508/6508 6509/6509 6510/6510
f 6511/6511 6512/6512 6513/6513
f 6514/6514 6515/6515 6516/6516
f 6517/6517 6518/6518 6519/6519
f 6520/6520 6521/6521 6522/6522
f 6523/6523 6524/6524 6525/6525
f 6526/6526 6527/6527 6528/6528
f 6529/6529 6530/6530 6531/6531
f 6532/6532 6533/6533 6534/6534
f 6535/6535 6536/6536 6537/6537
f 6538/6538 6539/6539 6540/6540
f 6541/6541 6542/6542 6543/6543
f 6544/6544 6545/6545 6546/6546
f 6547/6547 6548/6548 6549/6549
f 6550/6550 6551/6551 6552/6552
f 6553/6553 6554/6554 6555/6555
f 6556/6556 6557/6557 6558/6558
f 6559/6559 6560/6560 6561/6561
f 6562/6562 6563/6563 6564/6564
f 6565/6565 6566/6566 6567/6567
f 6568/6568 6569/6569 6570/6570
f 6571/6571 6572/6572 6573/6573
f 6574/6574 6575/6575 6576/6576
f 6577/6577 6578/6578 6579/6579
f 6580/6580 6581/6581 6582/6582
f 6583/6583 6584/6584 6585/6585
f 6586/6586 6587/6587 6588/6588
f 6589/6589 6590/6590 6591/6591
f 6592/6592 6593/6593 6594/6594
f 6595/6595 6596/6596 6597/6597
f 6598/6598 6599/6599 6600/6600
f 6601/6601 6602/6602 6603/6603
f 6604/6604 6605/6605 6606/6606
f 6607/6607 6608/6608 6609/6609
f 6610/6610 6611/6611 6612/6612
f 6613/6613 6614/6614 6615/6615
f 6616/6616 6617/6617 6618/6618
f 6619/6619 6620/6620 6621/6621
f 6622/6622 6623/6623 6624/6624
f 6625/6625 6626/6626 6627/6627
f 6628/6628 6629/6629 6630/6630
f 6631/6631 6632/6632 6633/6633
f 6634/6634 6635/6635 6636/6636
f 6637/6637 6638/6638 6639/6639
f 6640/6640 6641/6641 6642/6642
f 6643/6643 6644/6644 6645/6645
f 6646/6646 6647/6647 6648/6648
f 6649/6649 6650/6650 6651/6651
f 6652/6652 6653/6653 6654/6654
f 6655/6655 6656/6656 6657/6657
f 6658/6658 6659/6659 6660/6660
f 6661/6661 6662/6662 6663/6663
f 6664/6664 6665/6665 6666/6666
f 6667/6667 6668/6668 6669/6669
f 6670/6670 6671/6671 6672/6672
f 6673/6673 6674/6674 6675/6675
f 6676/6676 6677/6677 6678/6678
f 6679/6679 6680/6680 6681/6681
f 6682/6682 6683/6683 6684/6684
f 6685/6685 6686/6686 6687/6687
f 6688/6688 6689/6689 6690/6690
f 6691/6691 6692/6692 6693/6693
f 6694/6694 6695/6695 6696/6696
f 6697/6697 6698/6698 6699/6699
f 6700/6700 6701/6701 6702/6702
f 6703/6703 6704/6704 6705/6705
f 6706/6706 6707/6707 6708/6708
f 6709/6709 6710/6710 6711/6711
f 6712/6712 6713/6713 6714/6714
f 6715/6715 6716/6716 6717/6717
f 6718/6718 6719/6719 6720/6720
f 6721/6721 6722/6722 6723/6723
f 6724/6724 6725/6725 6726/6726
f 6727/6727 6728/6728 6729/6729
f 6730/6730 6731/6731 6732/6732
f 6733/6733 6734/6734 6735/6735
f 6736/6736 6737/6737 6738/6738
f 6739/6739 6740/6740 6741/6741
f 6742/6742 6743/6743 6744/6744
f 6745/6745 6746/6746 6747/6747
f 6748/6748 6749/6749 6750/6750
f 6751/6751 6752/6752 6753/6753
f 6754/6754 6755/6755 6756/6756
f 6757/6757 6758/6758 6759/6759
f 6760/6760 6761/6761 6762/6762
f 6763/6763 6764/6764 6765/6765
f 6766/6766 6767/6767 6768/6768
f 6769/6769 6770/6770 6771/6771
f 6772/6772 6773/6773 6774/6774
f 6775/6775 6776/6776 6777/6777
f 6778/6778 6779/6779 6780/6780
f 6781/6781 6782/6782 6783/6783
f 6784/6784 6785/6785 6786/6786
f 6787/6787 6788/6788 6789/6789
f 6790/6790 6791/6791 6792/6792
f 6793/6793 6794/6794 6795/6795
f 6796/6796 6797/6797 6798/6798
f 6799/6799 6800/6800 6801/6801
f 6802/6802 6803/6803 6804/6804
f 6805/6805 6806/6806 6807/6807
f 6808/6808 6809/6809 6810/6810
f 6811/6811 6812/6812 6813/6813
f 6814/6814 6815/6815 6816/6816
f 6817/6817 6818/6818 6819/6819
f 6820/6820 6821/6821 6822/6822
f 6823/6823 6824/6824 6825/6825
f 6826/6826 6827/6827 6828/6828
f 6829/6829 6830/6830 6831/6831
f 6832/6832 6833/6833 6834/6834
f 6835/6835 6836/6836 6837/6837
f 6838/6838 6839/6839 6840/6840
f 6841/6841 6842/6842 6843/6843
f 6844/6844 6845/6845 6846/6846
f 6847/6847 6848/6848 6849/6849
f 6850/6850 6851/6851 6852/6852
f 6853/6853 6854/6854 6855/6855
f 6856/6856 6857/6857 6858/6858
f 6859/6859 6860/6860 6861/6861
f 6862/6862 6863/6863 6864/6864
f 6865/6865 6866/6866 6867/6867
f 6868/6868 6869/6869 6870/6870
f 6871/6871 6872/6872 6873/6873
f 6874/6874 6875/6875 6876/6876
f 6877/6877 6878/6878 6879/6879
f 6880/6880 6881/6881 6882/6882
f 6883/6883 6884/6884 6885/6885
f 6886/6886 6887/6887 6888/6888
f 6889/6889 6890/6890 6891/6891
f 6892/6892 6893/6893 6894/6894
f 6895/6895 6896/6896 6897/6897
f 6898/6898 6899/6899 6900/6900
f 6901/6901 6902/6902 6903/6903
f 6904/6904 6905/6905 6906/6906
f 6907/6907 6908/6908 6909/6909
f 6910/6910 6911/6911 6912/6912
f 6913/6913 6914/6914 6915/6915
f 6916/6916 6917/6917 6918/6918
f 6919/6919 6920/6920 6921/6921
f 6922/6922 6923/6923 6924/6924
f 6925/6925 6926/6926 6927/6927
f 6928/6928 6929/6929 6930/6930
f 6931/6931 6932/6932 6933/6933
f 6934/6934 6935/6935 6936/6936
f 6937/6937 6938/6938 6939/6939
f 6940/6940 6941/6941 6942/6942
f 6943/6943 6944/6944 6945/6945
f 6946/6946 6947/6947 6948/6948
f 6949/6949 6950/6950 6951/6951
f 6952/6952 6953/6953 6954/6954
f 6955/6955 6956/6956 6957/6957
f 6958/6958 6959/6959 6960/6960
f 6961/6961 6962/6962 6963/6963
f 6964/6964 6965/6965 6966/6966
f 6967/6967 6968/6968 6969/6969
f 6970/6970 6971/6971 6972/6972
f 6973/6973 6974/6974 6975/6975
f 6976/6976 6977/6977 6978/6978
f 6979/6979 6980/6980 6981/6981
f 6982/6982 6983/6983 6984/6984
f 6985/6985 6986/6986 6987/6987
f 6988/6988 6989/6989 6990/6990
f 6991/6991 6992/6992 6993/6993
f 6994/6994 6995/6995 6996/6996
f 6997/6997 6998/6998 6999/6999
f 7000/7000 7001/7001 7002/7002
f 7003/7003 7004/7004 7005/7005
f 7006/7006 7007/7007 7008/7008
f 7009/7009 7010/7010 7011/7011
f 7012/7012 7013/7013 7014/7014
f 7015/7015 7016/7016 7017/7017
f 7018/7018 7019/7019 7020/7020
f 7021/7021 7022/7022 7023/7023
f 7024/7024 7025/7025 7026/7026
f 7027/7027 7028/7028 7029/7029
f 7030/7030 7031/7031 7032/7032
f 7033/7033 7034/7034 7035/7035
f 7036/7036 7037/7037 7038/7038
f 7039/7039 7040/7040 7041/7041
f 7042/7042 7043/7043 7044/7044
f 7045/7045 7046/7046 7047/7047
f 7048/7048 7049/7049 7050/7050
f 7051/7051 7052/7052 7053/7053
f 7054/7054 7055/7055 7056/7056
f 7057/7057 7058/7058 7059/7059
f 7060/7060 7061/7061 7062/7062
f 7063/7063 7064/7064 7065/7065
f 7066/7066 7067/7067 7068/7068
f 7069/7069 7070/7070 7071/7071
f 7072/7072 7073/7073 7074/7074
f 7075/7075 7076/7076 7077/7077
f 7078/7078 7079/7079 7080/7080
f 7081/7081 7082/7082 7083/7083
f 7084/7084 7085/7085 7086/7086
f 7087/7087 7088/7088 7089/7089
f 7090/7090 7091/7091 7092/7092
f 7093/7093 7094/7094 7095/7095
f 7096/7096 7097/7097 7098/7098
f 7099/7099 7100/7100 7101/7101
f 7102/7102 7103/7103 7104/7104
f 7105/7105 7106/7106 7107/7107
f 7108/7108 7109/7109 7110/7110
f 7111/7111 7112/7112 7113/7113
f 7114/7114 7115/7115 7116/7116
f 7117/7117 7118/7118 7119/7119
f 7120/7120 7121/7121 7122/7122
f 7123/7123 7124/7124 7125/7125
f 7126/7126 7127/7127 7128/7128
f 7129/7129 7130/7130 7131/7131
f 7132/7132 7133/7133 7134/7134
f 7135/7135 7136/7136 7137/7137
f 7138/7138 7139/7139 7140/7140
f 7141/7141 7142/7142 7143/7143
f 7144/7144 7145/7145 7146/7146
f 7147/7147 7148/7148 7149/7149
f 7150/7150 7151/7151 7152/7152
f 7153/7153 7154/7154 7155/7155
f 7156/7156 7157/7157 7158/7158
f 7159/7159 7160/7160 7161/7161
f 7162/7162 7163/7163 7164/7164
f 7165/7165 7166/7166 7167/7167
f 7168/7168 7169/7169 7170/7170
f 7171/7171 7172/7172 7173/7173
f 7174/7174 7175/7175 7176/7176
f 7177/7177 7178/7178 7179/7179
f 7180/7180 7181/7181 7182/7182
f 7183/7183 7184/7184 7185/7185
f 7186/7186 7187/7187 7188/7188
f 7189/7189 7190/7190 7191/7191
f 7192/7192 7193/7193 7194/7194
f 7195/7195 7196/7196 7197/7197
f 7198/7198 7199/7199 7200/7200
f 7201/7201 7202/7202 7203/7203
f 7204/7204 7205/7205 7206/7206
f 7207/7207 7208/7208 7209/7209
f 7210/7210 7211/7211 7212/7212
f 7213/7213 7214/7214 7215/7215
f 7216/7216 7217/7217 7218/7218
f 7219/7219 7220/7220 7221/7221
f 7222/7222 7223/7223 7224/7224
f 7225/7225 7226/7226 7227/7227
f 7228/7228 7229/7229 7230/7230
f 7231/7231 7232/7232 7233/7233
f 7234/7234 7235/7235 7236/7236
f 7237/7237 7238/7238 7239/7239
f 7240/7240 7241/7241 7242/7242
f 7243/7243 7244/7244 7245/7245
f 7246/7246 7247/7247 7248/7248
f 7249/7249 7250/7250 7251/7251
f 7252/7252 7253/7253 7254/7254
f 7255/7255 7256/7256 7257/7257
f 7258/7258 7259/7259 7260/7260
f 7261/7261 7262/7262 7263/7263
f 7264/7264 7265/7265 7266/7266
f 7267/7267 7268/7268 7269/7269
f 7270/7270 7271/7271 7272/7272
f 7273/7273 7274/7274 7275/7275
f 7276/7276 7277/7277 7278/7278
f 7279/7279 7280/7280 7281/7281
f 7282/7282 7283/7283 7284/7284
f 7285/7285 7286/7286 7287/7287
f 7288/7288 7289/7289 7290/7290
f 7291/7291 7292/7292 7293/7293
f 7294/7294 7295/7295 7296/7296
f 7297/7297 7298/7298 7299/7299
f 7300/7300 7301/7301 7302/7302
f 7303/7303 7304/7304 7305/7305
f 7306/7306 7307/7307 7308/7308
f 7309/7309 7310/7310 7311/7311
f 7312/7312 7313/7313 7314/7314
f 7315/7315 7316/7316 7317/7317
f 7318/7318 7319/7319 7320/7320
f 7321/7321 7322/7322 7323/7323
f 7324/7324 7325/7325 7326/7326
f 7327/7327 7328/7328 7329/7329
f 7330/7330 7331/7331 7332/7332
f 7333/7333 7334/7334 7335/7335
f 7336/7336 7337/7337 7338/7338
f 7339/7339 7340/7340 7341/7341
f 7342/7342 7343/7343 7344/7344
f 7345/7345 7346/7346 7347/7347
f 7348/7348 7349/7349 7350/7350
f 7351/7351 7352/7352 7353/7353
f 7354/7354 7355/7355 7356/7356
f 7357/7357 7358/7358 7359/7359
f 7360/7360 7361/7361 7362/7362
f 7363/7363 7364/7364 7365/7365
f 7366/7366 7367/7367 7368/7368
f 7369/7369 7370/7370 7371/7371
f 7372/7372 7373/7373 7374/7374
f 7375/7375 7376/7376 7377/7377
f 7378/7378 7379/7379 7380/7380
f 7381/7381 7382/7382 7383/7383
f 7384/7384 7385/7385 7386/7386
f 7387/7387 7388/7388 7389/7389
f 7390/7390 7391/7391 7392/7392
f 7393/7393 7394/7394 7395/7395
f 7396/7396 7397/7397 7398/7398
f 7399/7399 7400/7400 7401/7401
f 7402/7402 7403/7403 7404/7404
f 7405/7405 7406/7406 7407/7407
f 7408/7408 7409/7409 7410/7410
f 7411/7411 7412/7412 7413/7413
f 7414/7414 7415/7415 7416/7416
f 7417/7417 7418/7418 7419/7419
f 7420/7420 7421/7421 7422/7422
f 7423/7423 7424/7424 7425/7425
f 7426/7426 7427/7427 7428/7428
f 7429/7429 7430/7430 7431/7431
f 7432/7432 7433/7433 7434/7434
f 7435/7435 7436/7436 7437/7437
f 7438/7438 7439/7439 7440/7440
f 7441/7441 7442/7442 7443/7443
f 7444/7444 7445/7445 7446/7446
f 7447/7447 7448/7448 7449/7449
f 7450/7450 7451/7451 7452/7452
f 7453/7453 7454/7454 7455/7455
f 7456/7456 7457/7457 7458/7458
f 7459/7459 7460/7460 7461/7461
f 7462/7462 7463/7463 7464/7464
f 7465/7465 7466/7466 7467/7467
f 7468/7468 7469/7469 7470/7470
f 7471/7471 7472/7472 7473/7473
f 7474/7474 7475/7475 7476/7476
f 7477/7477 7478/7478 7479/7479
f 7480/7480 7481/7481 7482/7482
f 7483/7483 7484/7484 7485/7485
f 7486/7486 7487/7487 7488/7488
f 7489/7489 7490/7490 7491/7491
f 7492/7492 7493/7493 7494/7494
f 7495/7495 7496/7496 7497/7497
f 7498/7498 7499/7499 7500/7500
f 7501/7501 7502/7502 7503/7503
f 7504/7504 7505/7505 7506/7506
f 7507/7507 7508/7508 7509/7509
f 7510/7510 7511/7511 7512/7512
f 7513/7513 7514/7514 7515/7515
f 7516/7516 7517/7517 7518/7518
f 7519/7519 7520/7520 7521/7521
f 7522/7522 7523/7523 7524/7524
f 7525/7525 7526/7526 7527/7527
f 7528/7528 7529/7529 7530/7530
f 7531/7531 7532/7532 7533/7533
f 7534/7534 7535/7535 7536/7536
f 7537/7537 7538/7538 7539/7539
f 7540/7540 7541/7541 7542/7542
f 7543/7543 7544/7544 7545/7545
f 7546/7546 7547/7547 7548/7548
f 7549/7549 7550/7550 7551/7551
f 7552/7552 7553/7553 7554/7554
f 7555/7555 7556/7556 7557/7557
f 7558/7558 7559/7559 7560/7560
f 7561/7561 7562/7562 7563/7563
f 7564/7564 7565/7565 7566/7566
f 7567/7567 7568/7568 7569/7569
f 7570/7570 7571/7571 7572/7572
f 7573/7573 7574/7574 7575/7575
f 7576/7576 7577/7577 7578/7578
f 7579/7579 7580/7580 7581/7581
f 7582/7582 7583/7583 7584/7584
f 7585/7585 7586/7586 7587/7587
f 7588/7588 7589/7589 7590/7590
f 7591/7591 7592/7592 7593/7593
f 7594/7594 7595/7595 7596/7596
f 7597/7597 7598/7598 7599/7599
f 7600/7600 7601/7601 7602/7602
f 7603/7603 7604/7604 7605/7605
f 7606/7606 7607/7607 7608/7608
f 7609/7609 7610/7610 7611/7611
f 7612/7612 7613/7613 7614/7614
f 7615/7615 7616/7616 7617/7617
f 7618/7618 7619/7619 7620/7620
f 7621/7621 7622/7622 7623/7623
f 7624/7624 7625/7625 7626/7626
f 7627/7627 7628/7628 7629/7629
f 7630/7630 7631/7631 7632/7632
f 7633/7633 7634/7634 7635/7635
f 7636/7636 7637/7637 7638/7638
f 7639/7639 7640/7640 7641/7641
f 7642/7642 7643/7643 7644/7644
f 7645/7645 7646/7646 7647/7647
f 7648/7648 7649/7649 7650/7650
f 7651/7651 7652/7652 7653/7653
f 7654/7654 7655/7655 7656/7656
f 7657/7657 7658/7658 7659/7659
f 7660/7660 7661/7661 7662/7662
f 7663/7663 7664/7664 7665/7665
f 7666/7666 7667/7667 7668/7668
f 7669/7669 7670/7670 7671/7671
f 7672/7672 7673/7673 7674/7674
f 7675/7675 7676/7676 7677/7677
f 7678/7678 7679/7679 7680/7680
f 7681/7681 7682/7682 7683/7683
f 7684/7684 7685/7685 7686/7686
f 7687/7687 7688/7688 7689/7689
f 7690/7690 7691/7691 7692/7692
f 7693/7693 7694/7694 7695/7695
f 7696/7696 7697/7697 7698/7698
f 7699/7699 7700/7700 7701/7701
f 7702/7702 7703/7703 7704/7704
f 7705/7705 7706/7706 7707/7707
f 7708/7708 7709/7709 7710/7710
f 7711/7711 7712/7712 7713/7713
f 7714/7714 7715/7715 7716/7716
f 7717/7717 7718/7718 7719/7719
f 7720/7720 7721/7721 7722/7722
f 7723/7723 7724/7724 7725/7725
f 7726/7726 7727/7727 7728/7728
f 7729/7729 7730/7730 7731/7731
f 7732/7732 7733/7733 7734/7734
f 7735/7735 7736/7736 7737/7737
f 7738/7738 7739/7739 7740/7740
f 7741/7741 7742/7742 7743/7743
f 7744/7744 7745/7745 7746/7746
f 7747/7747 7748/7748 7749/7749
f 7750/7750 7751/7751 7752/7752
f 7753/7753 7754/7754 7755/7755
f 7756/7756 7757/7757 7758/7758
f 7759/7759 7760/7760 7761/7761
f 7762/7762 7763/7763 7764/7764
f 7765/7765 7766/7766 7767/7767
f 7768/7768 7769/7769 7770/7770
f 7771/7771 7772/7772 7773/7773
f 7774/7774 7775/7775 7776/7776
f 7777/7777 7778/7778 7779/7779
f 7780/7780 7781/7781 7782/7782
f 7783/7783 7784/7784 7785/7785
f 7786/7786 7787/7787 7788/7788
f 7789/7789 7790/7790 7791/7791
f 7792/7792 7793/7793 7794/7794
f 7795/7795 7796/7796 7797/7797
f 7798/7798 7799/7799 7800/7800
f 7801/7801 7802/7802 7803/7803
f 7804/7804 7805/7805 7806/7806
f 7807/7807 7808/7808 7809/7809
f 7810/7810 7811/7811 7812/7812
f 7813/7813 7814/7814 7815/7815
f 7816/7816 7817/7817 7818/7818
f 7819/7819 7820/7820 7821/7821
f 7822/7822 7823/7823 7824/7824
f 7825/7825 7826/7826 7827/7827
f 7828/7828 7829/7829 7830/7830
f 7831/7831 7832/7832 7833/7833
f 7834/7834 7835/7835 7836/7836
f 7837/7837 7838/7838 7839/7839
f 7840/7840 7841/7841 7842/7842
f 7843/7843 7844/7844 7845/7845
f 7846/7846 7847/7847 7848/7848
f 7849/7849 7850/7850 7851/7851
f 7852/7852 7853/7853 7854/7854
f 7855/7855 7856/7856 7857/7857
f 7858/7858 7859/7859 7860/7860
f 7861/7861 7862/7862 7863/7863
f 7864/7864 7865/7865 7866/7866
f 7867/7867 7868/7868 7869/7869
f 7870/7870 7871/7871 7872/7872
f 7873/7873 7874/7874 7875/7875
f 7876/7876 7877/7877 7878/7878
f 7879/7879 7880/7880 7881/7881
f 7882/7882 7883/7883 7884/7884
f 7885/7885 7886/7886 7887/7887
f 7888/7888 7889/7889 7890/7890
f 7891/7891 7892/7892 7893/7893
f 7894/7894 7895/7895 7896/7896
f 7897/7897 7898/7898 7899/7899
f 7900/7900 7901/7901 7902/7902
f 7903/7903 7904/7904 7905/7905
f 7906/7906 7907/7907 7908/7908
f 7909/7909 7910/7910 7911/7911
f 7912/7912 7913/7913 7914/7914
f 7915/7915 7916/7916 7917/7917
f 7918/7918 7919/7919 7920/7920
f 7921/7921 7922/7922 7923/7923
f 7924/7924 7925/7925 7926/7926
f 7927/7927 7928/7928 7929/7929
f 7930/7930 7931/7931 7932/7932
f 7933/7933 7934/7934 7935/7935
f 7936/7936 7937/7937 7938/7938
f 7939/7939 7940/7940 7941/7941
f 7942/7942 7943/7943 7944/7944
f 7945/7945 7946/7946 7947/7947
f 7948/7948 7949/7949 7950/7950
f 7951/7951 7952/7952 7953/7953
f 7954/7954 7955/7955 7956/7956
f 7957/7957 7958/7958 7959/7959
f 7960/7960 7961/7961 7962/7962
f 7963/7963 7964/7964 7965/7965
f 7966/7966 7967/7967 7968/7968
f 7969/7969 7970/7970 7971/7971
f 7972/7972 7973/7973 7974/7974
f 7975/7975 7976/7976 7977/7977
f 7978/7978 7979/7979 7980/7980
f 7981/7981 7982/7982 7983/7983
f 7984/7984 7985/7985 7986/7986
f 7987/7987 7988/7988 7989/7989
f 7990/7990 7991/7991 7992/7992
f 7993/7993 7994/7994 7995/7995
f 7996/7996 7997/7997 7998/7998
f 7999/7999 8000/8000 8001/8001
f 8002/8002 8003/8003 8004/8004
f 8005/8005 8006/8006 8007/8007
f 8008/8008 8009/8009 8010/8010
f 8011/8011 8012/8012 8013/8013
f 8014/8014 8015/8015 8016/8016
f 8017/8017 8018/8018 8019/8019
f 8020/8020 8021/8021 8022/8022
f 8023/8023 8024/8024 8025/8025
f 8026/8026 8027/8027 8028/8028
f 8029/8029 8030/8030 8031/8031
f 8032/8032 8033/8033 8034/8034
f 8035/8035 8036/8036 8037/8037
f 8038/8038 8039/8039 8040/8040
f 8041/8041 8042/8042 8043/8043
f 8044/8044 8045/8045 8046/8046
f 8047/8047 8048/8048 8049/8049
f 8050/8050 8051/8051 8052/8052
f 8053/8053 8054/8054 8055/8055
f 8056/8056 8057/8057 8058/8058
f 8059/8059 8060/8060 8061/8061
f 8062/8062 8063/8063 8064/8064
f 8065/8065 8066/8066 8067/8067
f 8068/8068 8069/8069 8070/8070
f 8071/8071 8072/8072 8073/8073
f 8074/8074 8075/8075 8076/8076
f 8077/8077 8078/8078 8079/8079
f 8080/8080 8081/8081 8082/8082
f 8083/8083 8084/8084 8085/8085
f 8086/8086 8087/8087 8088/8088
f 8089/8089 8090/8090 8091/8091
f 8092/8092 8093/8093 8094/8094
f 8095/8095 8096/8096 8097/8097
f 8098/8098 8099/8099 8100/8100
f 8101/8101 8102/8102 8103/8103
f 8104/8104 8105/8105 8106/8106
f 8107/8107 8108/8108 8109/8109
f 8110/8110 8111/8111 8112/8112
f 8113/8113 8114/8114 8115/8115
f 8116/8116 8117/8117 8118/8118
f 8119/8119 8120/8120 8121/8121
f 8122/8122 8123/8123 8124/8124
f 8125/8125 8126/8126 8127/8127
f 8128/8128 8129/8129 8130/8130
f 8131/8131 8132/8132 8133/8133
f 8134/8134 8135/8135 8136/8136
f 8137/8137 8138/8138 8139/8139
f 8140/8140 8141/8141 8142/8142
f 8143/8143 8144/8144 8145/8145
f 8146/8146 8147/8147 8148/8148
f 8149/8149 8150/8150 8151/8151
f 8152/8152 8153/8153 8154/8154
f 8155/8155 8156/8156 8157/8157
f 8158/8158 8159/8159 8160/8160
f 8161/8161 8162/8162 8163/8163
f 8164/8164 8165/8165 8166/8166
f 8167/8167 8168/8168 8169/8169
f 8170/8170 8171/8171 8172/8172
f 8173/8173 8174/8174 8175/8175
f 8176/8176 8177/8177 8178/8178
f 8179/8179 8180/8180 8181/8181
f 8182/8182 8183/8183 8184/8184
f 8185/8185 8186/8186 8187/8187
f 8188/8188 8189/8189 8190/8190
f 8191/8191 8192/8192 8193/8193
f 8194/8194 8195/8195 8196/8196
f 8197/8197 8198/8198 8199/8199
f 8200/8200 8201/8201 8202/8202
f 8203/8203 8204/8204 8205/8205
f 8206/8206 8207/8207 8208/8208
f 8209/8209 8210/8210 8211/8211
f 8212/8212 8213/8213 8214/8214
f 8215/8215 8216/8216 8217/8217
f 8218/8218 8219/8219 8220/8220
f 8221/8221 8222/8222 8223/8223
f 8224/8224 8225/8225 8226/8226
f 8227/8227 8228/8228 8229/8229
f 8230/8230 8231/8231 8232/8232
f 8233/8233 8234/8234 8235/8235
f 8236/8236 8237/8237 8238/8238
f 8239/8239 8240/8240 8241/8241
f 8242/8242 8243/8243 8244/8244
f 8245/8245 8246/8246 8247/8247
f 8248/8248 8249/8249 8250/8250
f 8251/8251 8252/8252 8253/8253
f 8254/8254 8255/8255 8256/8256
f 8257/8257 8258/8258 8259/8259
f 8260/8260 8261/8261 8262/8262
f 8263/8263 8264/8264 8265/8265
f 8266/8266 8267/8267 8268/8268
f 8269/8269 8270/8270 8271/8271
f 8272/8272 8273/8273 8274/8274
f 8275/8275 8276/8276 8277/8277
f 8278/8278 8279/8279 8280/8280
f 8281/8281 8282/8282 8283/8283
f 8284/8284 8285/8285 8286/8286
f 8287/8287 8288/8288 8289/8289
f 8290/8290 8291/8291 8292/8292
f 8293/8293 8294/8294 8295/8295
f 8296/8296 8297/8297 8298/8298
f 8299/8299 8300/8300 8301/8301
f 8302/8302 8303/8303 8304/8304
f 8305/8305 8306/8306 8307/8307
f 8308/8308 8309/8309 8310/8310
f 8311/8311 8312/8312 8313/8313
f 8314/8314 8315/8315 8316/8316
f 8317/8317 8318/8318 8319/8319
f 8320/8320 8321/8321 8322/8322
f 8323/8323 8324/8324 8325/8325
f 8326/8326 8327/8327 8328/8328
f 8329/8329 8330/8330 8331/8331
f 8332/8332 8333/8333 8334/8334
f 8335/8335 8336/8336 8337/8337
f 8338/8338 8339/8339 8340/8340
f 8341/8341 8342/8342 8343/8343
f 8344/8344 8345/8345 8346/8346
f 8347/8347 8348/8348 8349/8349
f 8350/8350 8351/8351 8352/8352
f 8353/8353 8354/8354 8355/8355
f 8356/8356 8357/8357 8358/8358
f 8359/8359 8360/8360 8361/8361
f 8362/8362 8363/8363 8364/8364
f 8365/8365 8366/8366 8367/8367
f 8368/8368 8369/8369 8370/8370
f 8371/8371 8372/8372 8373/8373
f 8374/8374 8375/8375 8376/8376
f 8377/8377 8378/8378 8379/8379
f 8380/8380 8381/8381 8382/8382
f 8383/8383 8384/8384 8385/8385
f 8386/8386 8387/8387 8388/8388
f 8389/8389 8390/8390 8391/8391
f 8392/8392 8393/8393 8394/8394
f 8395/8395 8396/8396 8397/8397
f 8398/8398 8399/8399 8400/8400
f 8401/8401 8402/8402 8403/8403
f 8404/8404 8405/8405 8406/8406
f 8407/8407 8408/8408 8409/8409
f 8410/8410 8411/8411 8412/8412
f 8413/8413 8414/8414 8415/8415
f 8416/8416 8417/8417 8418/8418
f 8419/8419 8420/8420 8421/8421
f 8422/8422 8423/8423 8424/8424
f 8425/8425 8426/8426 8427/8427
f 8428/8428 8429/8429 8430/8430
f 8431/8431 8432/8432 8433/8433
f 8434/8434 8435/8435 8436/8436
f 8437/8437 8438/8438 8439/8439
f 8440/8440 8441/8441 8442/8442
f 8443/8443 8444/8444 8445/8445
f 8446/8446 8447/8447 8448/8448
f 8449/8449 8450/8450 8451/8451
f 8452/8452 8453/8453 8454/8454
f 8455/8455 8456/8456 8457/8457
f 8458/8458 8459/8459 8460/8460
f 8461/8461 8462/8462 8463/8463
f 8464/8464 8465/8465 8466/8466
f 8467/8467 8468/8468 8469/8469
f 8470/8470 8471/8471 8472/8472
f 8473/8473 8474/8474 8475/8475
f 8476/8476 8477/8477 8478/8478
f 8479/8479 8480/8480 8481/8481
f 8482/8482 8483/8483 8484/8484
f 8485/8485 8486/8486 8487/8487
f 8488/8488 8489/8489 8490/8490
f 8491/8491 8492/8492 8493/8493
f 8494/8494 8495/8495 8496/8496
f 8497/8497 8498/8498 8499/8499
f 8500/8500 8501/8501 8502/8502
f 8503/8503 8504/8504 8505/8505
f 8506/8506 8507/8507 8508/8508
f 8509/8509 8510/8510 8511/8511
f 8512/8512 8513/8513 8514/8514
f 8515/8515 8516/8516 8517/8517
f 8518/8518 8519/8519 8520/8520
f 8521/8521 8522/8522 8523/8523
f 8524/8524 8525/8525 8526/8526
f 8527/8527 8528/8528 8529/8529
f 8530/8530 8531/8531 8532/8532
f 8533/8533 8534/8534 8535/8535
f 8536/8536 8537/8537 8538/8538
f 8539/8539 8540/8540 8541/8541
f 8542/8542 8543/8543 8544/8544
f 8545/8545 8546/8546 8547/8547
f 8548/8548 8549/8549 8550/8550
f 8551/8551 8552/8552 8553/8553
f 8554/8554 8555/8555 8556/8556
f 8557/8557 8558/8558 8559/8559
f 8560/8560 8561/8561 8562/8562
f 8563/8563 8564/8564 8565/8565
f 8566/8566 8567/8567 8568/8568
f 8569/8569 8570/8570 8571/8571
f 8572/8572 8573/8573 8574/8574
f 8575/8575 8576/8576 8577/8577
f 8578/8578 8579/8579 8580/8580
f 8581/8581 8582/8582 8583/8583
f 8584/8584 8585/8585 8586/8586
f 8587/8587 8588/8588 8589/8589
f 8590/8590 8591/8591 8592/8592
f 8593/8593 8594/8594 8595/8595
f 8596/8596 8597/8597 8598/8598
f 8599/8599 8600/8600 8601/8601
f 8602/8602 8603/8603 8604/8604
f 8605/8605 8606/8606 8607/8607
f 8608/8608 8609/8609 8610/8610
f 8611/8611 8612/8612 8613/8613
f 8614/8614 8615/8615 8616/8616
f 8617/8617 8618/8618 8619/8619
f 8620/8620 8621/8621 8622/8622
f 8623/8623 8624/8624 8625/8625
f 8626/8626 8627/8627 8628/8628
f 8629/8629 8630/8630 8631/8631
f 8632/8632 8633/8633 8634/8634
f 8635/8635 8636/8636 8637/8637
f 8638/8638 8639/8639 8640/8640
f 8641/8641 8642/8642 8643/8643
f 8644/8644 8645/8645 8646/8646
f 8647/8647 8648/8648 8649/8649
f 8650/8650 8651/8651 8652/8652
f 8653/8653 8654/8654 8655/8655
f 8656/8656 8657/8657 8658/8658
f 8659/8659 8660/8660 8661/8661
f 8662/8662 8663/8663 8664/8664
f 8665/8665 8666/8666 8667/8667
f 8668/8668 8669/8669 8670/8670
f 8671/8671 8672/8672 8673/8673
f 8674/8674 8675/8675 8676/8676
f 8677/8677 8678/8678 8679/8679
f 8680/8680 8681/8681 8682/8682
f 8683/8683 8684/8684 8685/8685
f 8686/8686 8687/8687 8688/8688
f 8689/8689 8690/8690 8691/8691
f 8692/8692 8693/8693 8694/8694
f 8695/8695 8696/8696 8697/8697
f 8698/8698 8699/8699 8700/8700
f 8701/8701 8702/8702 8703/8703
f 8704/8704 8705/8705 8706/8706
f 8707/8707 8708/8708 8709/8709
f 8710/8710 8711/8711 8712/8712
f 8713/8713 8714/8714 8715/8715
f 8716/8716 8717/8717 8718/8718
f 8719/8719 8720/8720 8721/8721
f 8722/8722 8723/8723 8724/8724
f 8725/8725 8726/8726 8727/8727
f 8728/8728 8729/8729 8730/8730
f 8731/8731 8732/8732 8733/8733
f 8734/8734 8735/8735 8736/8736
f 8737/8737 8738/8738 8739/8739
f 8740/8740 8741/8741 8742/8742
f 8743/8743 8744/8744 8745/8745
f 8746/8746 8747/8747 8748/8748
f 8749/8749 8750/8750 8751/8751
f 8752/8752 8753/8753 8754/8754
f 8755/8755 8756/8756 8757/8757
f 8758/8758 8759/8759 8760/8760
f 8761/8761 8762/8762 8763/8763
f 8764/8764 8765/8765 8766/8766
f 8767/8767 8768/8768 8769/8769
f 8770/8770 8771/8771 8772/8772
f 8773/8773 8774/8774 8775/8775
f 8776/8776 8777/8777 8778/8778
f 8779/8779 8780/8780 8781/8781
f 8782/8782 8783/8783 8784/8784
f 8785/8785 8786/8786 8787/8787
f 8788/8788 8789/8789 8790/8790
f 8791/8791 8792/8792 8793/8793
f 8794/8794 8795/8795 8796/8796
f 8797/8797 8798/8798 8799/8799
f 8800/8800 8801/8801 8802/8802
f 8803/8803 8804/8804 8805/8805
f 8806/8806 8807/8807 8808/8808
f 8809/8809 8810/8810 8811/8811
f 8812/8812 8813/8813 8814/8814
f 8815/8815 8816/8816 8817/8817
f 8818/8818 8819/8819 8820/8820
f 8821/8821 8822/8822 8823/8823
f 8824/8824 8825/8825 8826/8826
f 8827/8827 8828/8828 8829/8829
f 8830/8830 8831/8831 8832/8832
f 8833/8833 8834/8834 8835/8835
f 8836/8836 8837/8837 8838/8838
f 8839/8839 8840/8840 8841/8841
f 8842/8842 8843/8843 8844/8844
f 8845/8845 8846/8846 8847/8847
f 8848/8848 8849/8849 8850/8850
f 8851/8851 8852/8852 8853/8853
f 8854/8854 8855/8855 8856/8856
f 8857/8857 8858/8858 8859/8859
f 8860/8860 8861/8861 8862/8862
f 8863/8863 8864/8864 8865/8865
f 8866/8866 8867/8867 8868/8868
f 8869/8869 8870/8870 8871/8871
f 8872/8872 8873/8873 8874/8874
f 8875/8875 8876/8876 8877/8877
f 8878/8878 8879/8879 8880/8880
f 8881/8881 8882/8882 8883/8883
f 8884/8884 8885/8885 8886/8886
f 8887/8887 8888/8888 8889/8889
f 8890/8890 8891/8891 8892/8892
f 8893/8893 8894/8894 8895/8895
f 8896/8896 8897/8897 8898/8898
f 8899/8899 8900/8900 8901/8901
f 8902/8902 8903/8903 8904/8904
f 8905/8905 8906/8906 8907/8907
f 8908/8908 8909/8909 8910/8910
f 8911/8911 8912/8912 8913/8913
f 8914/8914 8915/8915 8916/8916
f 8917/8917 8918/8918 8919/8919
f 8920/8920 8921/8921 8922/8922
f 8923/8923 8924/8924 8925/8925
f 8926/8926 8927/8927 8928/8928
f 8929/8929 8930/8930 8931/8931
f 8932/8932 8933/8933 8934/8934
f 8935/8935 8936/8936 8937/8937
f 8938/8938 8939/8939 8940/8940
f 8941/8941 8942/8942 8943/8943
f 8944/8944 8945/8945 8946/8946
f 8947/8947 8948/8948 8949/8949
f 8950/8950 8951/8951 8952/8952
f 8953/8953 8954/8954 8955/8955
f 8956/8956 8957/8957 8958/8958
f 8959/8959 8960/8960 8961/8961
f 8962/8962 8963/8963 8964/8964
f 8965/8965 8966/8966 8967/8967
f 8968/8968 8969/8969 8970/8970
f 8971/8971 8972/8972 8973/8973
f 8974/8974 8975/8975 8976/8976
f 8977/8977 8978/8978 8979/8979
f 8980/8980 8981/8981 8982/8982
f 8983/8983 8984/8984 8985/8985
f 8986/8986 8987/8987 8988/8988
f 8989/8989 8990/8990 8991/8991
f 8992/8992 8993/8993 8994/8994
f 8995/8995 8996/8996 8997/8997
f 8998/8998 8999/8999 9000/9000
f 9001/9001 9002/9002 9003/9003
f 9004/9004 9005/9005 9006/9006
f 9007/9007 9008/9008 9009/9009
f 9010/9010 9011/9011 9012/9012
f 9013/9013 9014/9014 9015/9015
f 9016/9016 9017/9017 9018/9018
f 9019/9019 9020/9020 9021/9021
f 9022/9022 9023/9023 9024/9024
f 9025/9025 9026/9026 9027/9027
f 9028/9028 9029/9029 9030/9030
f 9031/9031 9032/9032 9033/9033
f 9034/9034 9035/9035 9036/9036
f 9037/9037 9038/9038 9039/9039
f 9040/9040 9041/9041 9042/9042
f 9043/9043 9044/9044 9045/9045
f 9046/9046 9047/9047 9048/9048
f 9049/9049 9050/9050 9051/9051
f 9052/9052 9053/9053 9054/9054
f 9055/9055 9056/9056 9057/9057
f 9058/9058 9059/9059 9060/9060
f 9061/9061 9062/9062 9063/9063
f 9064/9064 9065/9065 9066/9066
f 9067/9067 9068/9068 9069/9069
f 9070/9070 9071/9071 9072/9072
f 9073/9073 9074/9074 9075/9075
f 9076/9076 9077/9077 9078/9078
f 9079/9079 9080/9080 9081/9081
f 9082/9082 9083/9083 9084/9084
f 9085/9085 9086/9086 9087/9087
f 9088/9088 9089/9089 9090/9090
f 9091/9091 9092/9092 9093/9093
f 9094/9094 9095/9095 9096/9096
f 9097/9097 9098/9098 9099/9099
f 9100/9100 9101/9101 9102/9102
f 9103/9103 9104/9104 9105/9105
f 9106/9106 9107/9107 9108/9108
f 9109/9109 9110/9110 9111/9111
f 9112/9112 9113/9113 9114/9114
f 9115/9115 9116/9116 9117/9117
f 9118/9118 9119/9119 9120/9120
f 9121/9121 9122/9122 9123/9123
f 9124/9124 9125/9125 9126/9126
f 9127/9127 9128/9128 9129/9129
f 9130/9130 9131/9131 9132/9132
f 9133/9133 9134/9134 9135/9135
f 9136/9136 9137/9137 9138/9138
f 9139/9139 9140/9140 9141/9141
f 9142/9142 9143/9143 9144/9144
f 9145/9145 9146/9146 9147/9147
f 9148/9148 9149/9149 9150/9150
f 9151/9151 9152/9152 9153/9153
f 9154/9154 9155/9155 9156/9156
f 9157/9157 9158/9158 9159/9159
f 9160/9160 9161/9161 9162/9162
f 9163/9163 9164/9164 9165/9165
f 9166/9166 9167/9167 9168/9168
f 9169/9169 9170/9170 9171/9171
f 9172/9172 9173/9173 9174/9174
f 9175/9175 9176/9176 9177/9177
f 9178/9178 9179/9179 9180/9180
f 9181/9181 9182/9182 9183/9183
f 9184/9184 9185/9185 9186/9186
f 9187/9187 9188/9188 9189/9189
f 9190/9190 9191/9191 9192/9192
f 9193/9193 9194/9194 9195/9195
f 9196/9196 9197/9197 9198/9198
f 9199/9199 9200/9200 9201/9201
f 9202/9202 9203/9203 9204/9204
f 9205/9205 9206/9206 9207/9207
f 9208/9208 9209/9209 9210/9210
f 9211/9211 9212/9212 9213/9213
f 9214/9214 9215/9215 9216/9216
f 9217/9217 9218/9218 9219/9219
f 9220/9220 9221/9221 9222/9222
f 9223/9223 9224/9224 9225/9225
f 9226/9226 9227/9227 9228/9228
f 9229/9229 9230/9230 9231/9231
f 9232/9232 9233/9233 9234/9234
f 9235/9235 9236/9236 9237/9237
f 9238/9238 9239/9239 9240/9240
f 9241/9241 9242/9242 9243/9243
f 9244/9244 9245/9245 9246/9246
f 9247/9247 9248/9248 9249/9249
f 9250/9250 9251/9251 9252/9252
f 9253/9253 9254/9254 9255/9255
f 9256/9256 9257/9257 9258/9258
f 9259/9259 9260/9260 9261/9261
f 9262/9262 9263/9263 9264/9264
f 9265/9265 9266/9266 9267/9267
f 9268/9268 9269/9269 9270/9270
f 9271/9271 9272/9272 9273/9273
f 9274/9274 9275/9275 9276/9276
f 9277/9277 9278/9278 9279/9279
f 9280/9280 9281/9281 9282/9282
f 9283/9283 9284/9284 9285/9285
f 9286/9286 9287/9287 9288/9288
f 9289/9289 9290/9290 9291/9291
f 9292/9292 9293/9293 9294/9294
f 9295/9295 9296/9296 9297/9297
f 9298/9298 9299/9299 9300/9300
f 9301/9301 9302/9302 9303/9303
f 9304/9304 9305/9305 9306/9306
f 9307/9307 9308/9308 9309/9309
f 9310/9310 9311/9311 9312/9312
f 9313/9313 9314/9314 9315/9315
f 9316/9316 9317/9317 9318/9318
f 9319/9319 9320/9320 9321/9321
f 9322/9322 9323/9323 9324/9324
f 9325/9325 9326/9326 9327/9327
f 9328/9328 9329/9329 9330/9330
f 9331/9331 9332/9332 9333/9333
f 9334/9334 9335/9335 9336/9336
f 9337/9337 9338/9338 9339/9339
f 9340/9340 9341/9341 9342/9342
f 9343/9343 9344/9344 9345/9345
f 9346/9346 9347/9347 9348/9348
f 9349/9349 9350/9350 9351/9351
f 9352/9352 9353/9353 9354/9354
f 9355/9355 9356/9356 9357/9357
f 9358/9358 9359/9359 9360/9360
f 9361/9361 9362/9362 9363/9363
f 9364/9364 9365/9365 9366/9366
f 9367/9367 9368/9368 9369/9369
f 9370/9370 9371/9371 9372/9372
f 9373/9373 9374/9374 9375/9375
f 9376/9376 9377/9377 9378/9378
f 9379/9379 9380/9380 9381/9381
f 9382/9382 9383/9383 9384/9384
f 9385/9385 9386/9386 9387/9387
f 9388/9388 9389/9389 9390/9390
f 9391/9391 9392/9392 9393/9393
f 9394/9394 9395/9395 9396/9396
f 9397/9397 9398/9398 9399/9399
f 9400/9400 9401/9401 9402/9402
f 9403/9403 9404/9404 9405/9405
f 9406/9406 9407/9407 9408/9408
f 9409/9409 9410/9410 9411/9411
f 9412/9412 9413/9413 9414/9414
f 9415/9415 9416/9416 9417/9417
f 9418/9418 9419/9419 9420/9420
f 9421/9421 9422/9422 9423/9423
f 9424/9424 9425/9425 9426/9426
f 9427/9427 9428/9428 9429/9429
f 9430/9430 9431/9431 9432/9432
f 9433/9433 9434/9434 9435/9435
f 9436/9436 9437/9437 9438/9438
f 9439/9439 9440/9440 9441/9441
f 9442/9442 9443/9443 9444/9444
f 9445/9445 9446/9446 9447/9447
f 9448/9448 9449/9449 9450/9450
f 9451/9451 9452/9452 9453/9453
f 9454/9454 9455/9455 9456/9456
f 9457/9457 9458/9458 9459/9459
f 9460/9460 9461/9461 9462/9462
f 9463/9463 9464/9464 9465/9465
f 9466/9466 9467/9467 9468/9468
f 9469/9469 9470/9470 9471/9471
f 9472/9472 9473/9473 9474/9474
f 9475/9475 9476/9476 9477/9477
f 9478/9478 9479/9479 9480/9480
f 9481/9481 9482/9482 9483/9483
f 9484/9484 9485/9485 9486/9486
f 9487/9487 9488/9488 9489/9489
f 9490/9490 9491/9491 9492/9492
f 9493/9493 9494/9494 9495/9495
f 9496/9496 9497/9497 9498/9498
f 9499/9499 9500/9500 9501/9501
f 9502/9502 9503/9503 9504/9504
f 9505/9505 9506/9506 9507/9507
f 9508/9508 9509/9509 9510/9510
f 9511/9511 9512/9512 9513/9513
f 9514/9514 9515/9515 9516/9516
f 9517/9517 9518/9518 9519/9519
f 9520/9520 9521/9521 9522/9522
f 9523/9523 9524/9524 9525/9525
f 9526/9526 9527/9527 9528/9528
f 9529/9529 9530/9530 9531/9531
f 9532/9532 9533/9533 9534/9534
f 9535/9535 9536/9536 9537/9537
f 9538/9538 9539/9539 9540/9540
f 9541/9541 9542/9542 9543/9543
f 9544/9544 9545/9545 9546/9546
f 9547/9547 9548/9548 9549/9549
f 9550/9550 9551/9551 9552/9552
f 9553/9553 9554/9554 9555/9555
f 9556/9556 9557/9557 9558/9558
f 9559/9559 9560/9560 9561/9561
f 9562/9562 9563/9563 9564/9564
f 9565/9565 9566/9566 9567/9567
f 9568/9568 9569/9569 9570/9570
f 9571/9571 9572/9572 9573/9573
f 9574/9574 9575/9575 9576/9576
f 9577/9577 9578/9578 9579/9579
f 9580/9580 9581/9581 9582/9582
f 9583/9583 9584/9584 9585/9585
f 9586/9586 9587/9587 9588/9588
f 9589/9589 9590/9590 9591/9591
f 9592/9592 9593/9593 9594/9594
f 9595/9595 9596/9596 9597/9597
f 9598/9598 9599/9599 9600/9600
f 9601/9601 9602/9602 9603/9603
f 9604/9604 9605/9605 9606/9606
f 9607/9607 9608/9608 9609/9609
f 9610/9610 9611/9611 9612/9612
f 9613/9613 9614/9614 9615/9615
f 9616/9616 9617/9617 9618/9618
f 9619/9619 9620/9620 9621/9621
f 9622/9622 9623/9623 9624/9624
f 9625/9625 9626/9626 9627/9627
f 9628/9628 9629/9629 9630/9630
f 9631/9631 9632/9632 9633/9633
f 9634/9634 9635/9635 9636/9636
f 9637/9637 9638/9638 9639/9639
f 9640/9640 9641/9641 9642/9642
f 9643/9643 9644/9644 9645/9645
f 9646/9646 9647/9647 9648/9648
f 9649/9649 9650/9650 9651/9651
f 9652/9652 9653/9653 9654/9654
f 9655/9655 9656/9656 9657/9657
f 9658/9658 9659/9659 9660/9660
f 9661/9661 9662/9662 9663/9663
f 9664/9664 9665/9665 9666/9666
f 9667/9667 9668/9668 9669/9669
f 9670/9670 9671/9671 9672/9672
f 9673/9673 9674/9674 9675/9675
f 9676/9676 9677/9677 9678/9678
f 9679/9679 9680/9680 9681/9681
f 9682/9682 9683/9683 9684/9684
f 9685/9685 9686/9686 9687/9687
f 9688/9688 9689/9689 9690/9690
f 9691/9691 9692/9692 9693/9693
f 9694/9694 9695/9695 9696/9696
f 9697/9697 9698/9698 9699/9699
f 9700/9700 9701/9701 9702/9702
f 9703/9703 9704/9704 9705/9705
f 9706/9706 9707/9707 9708/9708
f 9709/9709 9710/9710 9711/9711
f 9712/9712 9713/9713 9714/9714
f 9715/9715 9716/9716 9717/9717
f 9718/9718 9719/9719 9720/9720
f 9721/9721 9722/9722 9723/9723
f 9724/9724 9725/9725 9726/9726
f 9727/9727 9728/9728 9729/9729
f 9730/9730 9731/9731 9732/9732
f 9733/9733 9734/9734 9735/9735
f 9736/9736 9737/9737 9738/9738
f 9739/9739 9740/9740 9741/9741
f 9742/9742 9743/9743 9744/9744
f 9745/9745 9746/9746 9747/9747
f 9748/9748 9749/9749 9750/9750
f 9751/9751 9752/9752 9753/9753
f 9754/9754 9755/9755 9756/9756
f 9757/9757 9758/9758 9759/9759
f 9760/9760 9761/9761 9762/9762
f 9763/9763 9764/9764 9765/9765
f 9766/9766 9767/9767 9768/9768
f 9769/9769 9770/9770 9771/9771
f 9772/9772 9773/9773 9774/9774
f 9775/9775 9776/9776 9777/9777
f 9778/9778 9779/9779 9780/9780
f 9781/9781 9782/9782 9783/9783
f 9784/9784 9785/9785 9786/9786
f 9787/9787 9788/9788 9789/9789
f 9790/9790 9791/9791 9792/9792
f 9793/9793 9794/9794 9795/9795
f 9796/9796 9797/9797 9798/9798
f 9799/9799 9800/9800 9801/9801
f 9802/9802 9803/9803 9804/9804
f 9805/9805 9806/9806 9807/9807
f 9808/9808 9809/9809 9810/9810
f 9811/9811 9812/9812 9813/9813
f 9814/9814 9815/9815 9816/9816
f 9817/9817 9818/9818 9819/9819
f 9820/9820 9821/9821 9822/9822
f 9823/9823 9824/9824 9825/9825
f 9826/9826 9827/9827 9828/9828
f 9829/9829 9830/9830 9831/9831
f 9832/9832 9833/9833 9834/9834
f 9835/9835 9836/9836 9837/9837
f 9838/9838 9839/9839 9840/9840
f 9841/9841 9842/9842 9843/9843
f 9844/9844 9845/9845 9846/9846
f 9847/9847 9848/9848 9849/9849
f 9850/9850 9851/9851 9852/9852
f 9853/9853 9854/9854 9855/9855
f 9856/9856 9857/9857 9858/9858
f 9859/9859 9860/9860 9861/9861
f 9862/9862 9863/9863 9864/9864
f 9865/9865 9866/9866 9867/9867
f 9868/9868 9869/9869 9870/9870
f 9871/9871 9872/9872 9873/9873
f 9874/9874 9875/9875 9876/9876
f 9877/9877 9878/9878 9879/9879
f 9880/9880 9881/9881 9882/9882
f 9883/9883 9884/9884 9885/9885
f 9886/9886 9887/9887 9888/9888
f 9889/9889 9890/9890 9891/9891
f 9892/9892 9893/9893 9894/9894
f 9895/9895 9896/9896 9897/9897
f 9898/9898 9899/9899 9900/9900
f 9901/9901 9902/9902 9903/9903
f 9904/9904 9905/9905 9906/9906
f 9907/9907 9908/9908 9909/9909
f 9910/9910 9911/9911 9912/9912
f 9913/9913 9914/9914 9915/9915
f 9916/9916 9917/9917 9918/9918
f 9919/9919 9920/9920 9921/9921
f 9922/9922 9923/9923 9924/9924
f 9925/9925 9926/9926 9927/9927
f 9928/9928 9929/9929 9930/9930
f 9931/9931 9932/9932 9933/9933
f 9934/9934 9935/9935 9936/9936
f 9937/9937 9938/9938 9939/9939
f 9940/9940 9941/9941 9942/9942
f 9943/9943 9944/9944 9945/9945
f 9946/9946 9947/9947 9948/9948
f 9949/9949 9950/9950 9951/9951
f 9952/9952 9953/9953 9954/9954
f 9955/9955 9956/9956 9957/9957
f 9958/9958 9959/9959 9960/9960
f 9961/9961 9962/9962 9963/9963
f 9964/9964 9965/9965 9966/9966
f 9967/9967 9968/9968 9969/9969
f 9970/9970 9971/9971 9972/9972
f 9973/9973 9974/9974 9975/9975
f 9976/9976 9977/9977 9978/9978
f 9979/9979 9980/9980 9981/9981
f 9982/9982 9983/9983 9984/9984
f 9985/9985 9986/9986 9987/9987
f 9988/9988 9989/9989 9990/9990
f 9991/9991 9992/9992 9993/9993
f 9994/9994 9995/9995 9996/9996
f 9997/9997 9998/9998 9999/9999
f 10000/10000 10001/10001 10002/10002
f 10003/10003 10004/10004 10005/10005
f 10006/10006 10007/10007 10008/10008
f 10009/10009 10010/10010 10011/10011
f 10012/10012 10013/10013 10014/10014
f 10015/10015 10016/10016 10017/10017
f 10018/10018 10019/10019 10020/10020
f 10021/10021 10022/10022 10023/10023
f 10024/10024 10025/10025 10026/10026
f 10027/10027 10028/10028 10029/10029
f 10030/10030 10031/10031 10032/10032
f 10033/10033 10034/10034 10035/10035
f 10036/10036 10037/10037 10038/10038
f 10039/10039 10040/10040 10041/10041
f 10042/10042 10043/10043 10044/10044
f 10045/10045 10046/10046 10047/10047
f 10048/10048 10049/10049 10050/10050
f 10051/10051 10052/10052 10053/10053
f 10054/10054 10055/10055 10056/10056
f 10057/10057 10058/10058 10059/10059
f 10060/10060 10061/10061 10062/10062
f 10063/10063 10064/10064 10065/10065
f 10066/10066 10067/10067 10068/10068
f 10069/10069 10070/10070 10071/10071
f 10072/10072 10073/10073 10074/10074
f 10075/10075 10076/10076 10077/10077
f 10078/10078 10079/10079 10080/10080
f 10081/10081 10082/10082 10083/10083
f 10084/10084 10085/10085 10086/10086
f 10087/10087 10088/10088 10089/10089
f 10090/10090 10091/10091 10092/10092
f 10093/10093 10094/10094 10095/10095
f 10096/10096 10097/10097 10098/10098
f 10099/10099 10100/10100 10101/10101
f 10102/10102 10103/10103 10104/10104
f 10105/10105 10106/10106 10107/10107
f 10108/10108 10109/10109 10110/10110
f 10111/10111 10112/10112 10113/10113
f 10114/10114 10115/10115 10116/10116
f 10117/10117 10118/10118 10119/10119
f 10120/10120 10121/10121 10122/10122
f 10123/10123 10124/10124 10125/10125
f 10126/10126 10127/10127 10128/10128
f 10129/10129 10130/10130 10131/10131
f 10132/10132 10133/10133 10134/10134
f 10135/10135 10136/10136 10137/10137
f 10138/10138 10139/10139 10140/10140
f 10141/10141 10142/10142 10143/10143
f 10144/10144 10145/10145 10146/10146
f 10147/10147 10148/10148 10149/10149
f 10150/10150 10151/10151 10152/10152
f 10153/10153 10154/10154 10155/10155
f 10156/10156 10157/10157 10158/10158
f 10159/10159 10160/10160 10161/10161
f 10162/10162 10163/10163 10164/10164
f 10165/10165 10166/10166 10167/10167
f 10168/10168 10169/10169 10170/10170
f 10171/10171 10172/10172 10173/10173
f 10174/10174 10175/10175 10176/10176
f 10177/10177 10178/10178 10179/10179
f 10180/10180 10181/10181 10182/10182
f 10183/10183 10184/10184 10185/10185
f 10186/10186 10187/10187 10188/10188
f 10189/10189 10190/10190 10191/10191
f 10192/10192 10193/10193 10194/10194
f 10195/10195 10196/10196 10197/10197
f 10198/10198 10199/10199 10200/10200
f 10201/10201 10202/10202 10203/10203
f 10204/10204 10205/10205 10206/10206
f 10207/10207 10208/10208 10209/10209
f 10210/10210 10211/10211 10212/10212
f 10213/10213 10214/10214 10215/10215
f 10216/10216 10217/10217 10218/10218
f 10219/10219 10220/10220 10221/10221
f 10222/10222 10223/10223 10224/10224
f 10225/10225 10226/10226 10227/10227
f 10228/10228 10229/10229 10230/10230
f 10231/10231 10232/10232 10233/10233
f 10234/10234 10235/10235 10236/10236
f 10237/10237 10238/10238 10239/10239
f 10240/10240 10241/10241 10242/10242
f 10243/10243 10244/10244 10245/10245
f 10246/10246 10247/10247 10248/10248
f 10249/10249 10250/10250 10251/10251
f 10252/10252 10253/10253 10254/10254
f 10255/10255 10256/10256 10257/10257
f 10258/10258 10259/10259 10260/10260
f 10261/10261 10262/10262 10263/10263
f 10264/10264 10265/10265 10266/10266
f 10267/10267 10268/10268 10269/10269
f 10270/10270 10271/10271 10272/10272
f 10273/10273 10274/10274 10275/10275
f 10276/10276 10277/10277 10278/10278
f 10279/10279 10280/10280 10281/10281
f 10282/10282 10283/10283 10284/10284
f 10285/10285 10286/10286 10287/10287
f 10288/10288 10289/10289 10290/10290
f 10291/10291 10292/10292 10293/10293
f 10294/10294 10295/10295 10296/10296
f 10297/10297 10298/10298 10299/10299
f 10300/10300 10301/10301 10302/10302
f 10303/10303 10304/10304 10305/10305
f 10306/10306 10307/10307 10308/10308
f 10309/10309 10310/10310 10311/10311
f 10312/10312 10313/10313 10314/10314
f 10315/10315 10316/10316 10317/10317
f 10318/10318 10319/10319 10320/10320
f 10321/10321 10322/10322 10323/10323
f 10324/10324 10325/10325 10326/10326
f 10327/10327 10328/10328 10329/10329
f 10330/10330 10331/10331 10332/10332
f 10333/10333 10334/10334 10335/10335
f 10336/10336 10337/10337 10338/10338
f 10339/10339 10340/10340 10341/10341
f 10342/10342 10343/10343 10344/10344
f 10345/10345 10346/10346 10347/10347
f 10348/10348 10349/10349 10350/10350
f 10351/10351 10352/10352 10353/10353
f 10354/10354 10355/10355 10356/10356
f 10357/10357 10358/10358 10359/10359
f 10360/10360 10361/10361 10362/10362
f 10363/10363 10364/10364 10365/10365
f 10366/10366 10367/10367 10368/10368
f 10369/10369 10370/10370 10371/10371
f 10372/10372 10373/10373 10374/10374
f 10375/10375 10376/10376 10377/10377
f 10378/10378 10379/10379 10380/10380
f 10381/10381 10382/10382 10383/10383
f 10384/10384 10385/10385 10386/10386
f 10387/10387 10388/10388 10389/10389
f 10390/10390 10391/10391 10392/10392
f 10393/10393 10394/10394 10395/10395
f 10396/10396 10397/10397 10398/10398
f 10399/10399 10400/10400 10401/10401
f 10402/10402 10403/10403 10404/10404
f 10405/10405 10406/10406 10407/10407
f 10408/10408 10409/10409 10410/10410
f 10411/10411 10412/10412 10413/10413
f 10414/10414 10415/10415 10416/10416
f 10417/10417 10418/10418 10419/10419
f 10420/10420 10421/10421 10422/10422
f 10423/10423 10424/10424 10425/10425
f 10426/10426 10427/10427 10428/10428
f 10429/10429 10430/10430 10431/10431
f 10432/10432 10433/10433 10434/10434
f 10435/10435 10436/10436 10437/10437
f 10438/10438 10439/10439 10440/10440
f 10441/10441 10442/10442 10443/10443
f 10444/10444 10445/10445 10446/10446
f 10447/10447 10448/10448 10449/10449
f 10450/10450 10451/10451 10452/10452
f 10453/10453 10454/10454 10455/10455
f 10456/10456 10457/10457 10458/10458
f 10459/10459 10460/10460 10461/10461
f 10462/10462 10463/10463 10464/10464
f 10465/10465 10466/10466 10467/10467
f 10468/10468 10469/10469 10470/10470
f 10471/10471 10472/10472 10473/10473
f 10474/10474 10475/10475 10476/10476
f 10477/10477 10478/10478 10479/10479
f 10480/10480 10481/10481 10482/10482
f 10483/10483 10484/10484 10485/10485
f 10486/10486 10487/10487 10488/10488
f 10489/10489 10490/10490 10491/10491
f 10492/10492 10493/10493 10494/10494
f 10495/10495 10496/10496 10497/10497
f 10498/10498 10499/10499 10500/10500
f 10501/10501 10502/10502 10503/10503
f 10504/10504 10505/10505 10506/10506
f 10507/10507 10508/10508 10509/10509
f 10510/10510 10511/10511 10512/10512
f 10513/10513 10514/10514 10515/10515
f 10516/10516 10517/10517 10518/10518
f 10519/10519 10520/10520 10521/10521
f 10522/10522 10523/10523 10524/10524
f 10525/10525 10526/10526 10527/10527
f 10528/10528 10529/10529 10530/10530
f 10531/10531 10532/10532 10533/10533
f 10534/10534 10535/10535 10536/10536
f 10537/10537 10538/10538 10539/10539
f 10540/10540 10541/10541 10542/10542
f 10543/10543 10544/10544 10545/10545
f 10546/10546 10547/10547 10548/10548
f 10549/10549 10550/10550 10551/10551
f 10552/10552 10553/10553 10554/10554
f 10555/10555 10556/10556 10557/10557
f 10558/10558 10559/10559 10560/10560
f 10561/10561 10562/10562 10563/10563
f 10564/10564 10565/10565 10566/10566
f 10567/10567 10568/10568 10569/10569
f 10570/10570 10571/10571 10572/10572
f 10573/10573 10574/10574 10575/10575
f 10576/10576 10577/10577 10578/10578
f 10579/10579 10580/10580 10581/10581
f 10582/10582 10583/10583 10584/10584
f 10585/10585 10586/10586 10587/10587
f 10588/10588 10589/10589 10590/10590
f 10591/10591 10592/10592 10593/10593
f 10594/10594 10595/10595 10596/10596
f 10597/10597 10598/10598 10599/10599
f 10600/10600 10601/10601 10602/10602
f 10603/10603 10604/10604 10605/10605
f 10606/10606 10607/10607 10608/10608
f 10609/10609 10610/10610 10611/10611
f 10612/10612 10613/10613 10614/10614
f 10615/10615 10616/10616 10617/10617
f 10618/10618 10619/10619 10620/10620
f 10621/10621 10622/10622 10623/10623
f 10624/10624 10625/10625 10626/10626
f 10627/10627 10628/10628 10629/10629
f 10630/10630 10631/10631 10632/10632
f 10633/10633 10634/10634 10635/10635
f 10636/10636 10637/10637 10638/10638
f 10639/10639 10640/10640 10641/10641
f 10642/10642 10643/10643 10644/10644
f 10645/10645 10646/10646 10647/10647
f 10648/10648 10649/10649 10650/10650
f 10651/10651 10652/10652 10653/10653
f 10654/10654 10655/10655 10656/10656
f 10657/10657 10658/10658 10659/10659
f 10660/10660 10661/10661 10662/10662
f 10663/10663 10664/10664 10665/10665
f 10666/10666 10667/10667 10668/10668
f 10669/10669 10670/10670 10671/10671
f 10672/10672 10673/10673 10674/10674
f 10675/10675 10676/10676 10677/10677
f 10678/10678 10679/10679 10680/10680
f 10681/10681 10682/10682 10683/10683
f 10684/10684 10685/10685 10686/10686
f 10687/10687 10688/10688 10689/10689
f 10690/10690 10691/10691 10692/10692
f 10693/10693 10694/10694 10695/10695
f 10696/10696 10697/10697 10698/10698
f 10699/10699 10700/10700 10701/10701
f 10702/10702 10703/10703 10704/10704
f 10705/10705 10706/10706 10707/10707
f 10708/10708 10709/10709 10710/10710
f 10711/10711 10712/10712 10713/10713
f 10714/10714 10715/10715 10716/10716
f 10717/10717 10718/10718 10719/10719
f 10720/10720 10721/10721 10722/10722
f 10723/10723 10724/10724 10725/10725
f 10726/10726 10727/10727 10728/10728
f 10729/10729 10730/10730 10731/10731
f 10732/10732 10733/10733 10734/10734
f 10735/10735 10736/10736 10737/10737
f 10738/10738 10739/10739 10740/10740
f 10741/10741 10742/10742 10743/10743
f 10744/10744 10745/10745 10746/10746
f 10747/10747 10748/10748 10749/10749
f 10750/10750 10751/10751 10752/10752
f 10753/10753 10754/10754 10755/10755
f 10756/10756 10757/10757 10758/10758
f 10759/10759 10760/10760 10761/10761
f 10762/10762 10763/10763 10764/10764
f 10765/10765 10766/10766 10767/10767
f 10768/10768 10769/10769 10770/10770
f 10771/10771 10772/10772 10773/10773
f 10774/10774 10775/10775 10776/10776
f 10777/10777 10778/10778 10779/10779
f 10780/10780 10781/10781 10782/10782
f 10783/10783 10784/10784 10785/10785
f 10786/10786 10787/10787 10788/10788
f 10789/10789 10790/10790 10791/10791
f 10792/10792 10793/10793 10794/10794
f 10795/10795 10796/10796 10797/10797
f 10798/10798 10799/10799 10800/10800
f 10801/10801 10802/10802 10803/10803
f 10804/10804 10805/10805 10806/10806
f 10807/10807 10808/10808 10809/10809
f 10810/10810 10811/10811 10812/10812
f 10813/10813 10814/10814 10815/10815
f 10816/10816 10817/10817 10818/10818
f 10819/10819 10820/10820 10821/10821
f 10822/10822 10823/10823 10824/10824
f 10825/10825 10826/10826 10827/10827
f 10828/10828 10829/10829 10830/10830
f 10831/10831 10832/10832 10833/10833
f 10834/10834 10835/10835 10836/10836
f 10837/10837 10838/10838 10839/10839
f 10840/10840 10841/10841 10842/10842
f 10843/10843 10844/10844 10845/10845
f 10846/10846 10847/10847 10848/10848
f 10849/10849 10850/10850 10851/10851
f 10852/10852 10853/10853 10854/10854
f 10855/10855 10856/10856 10857/10857
f 10858/10858 10859/10859 10860/10860
f 10861/10861 10862/10862 10863/10863
f 10864/10864 10865/10865 10866/10866
f 10867/10867 10868/10868 10869/10869
f 10870/10870 10871/10871 10872/10872
f 10873/10873 10874/10874 10875/10875
f 10876/10876 10877/10877 10878/10878
f 10879/10879 10880/10880 10881/10881
f 10882/10882 10883/10883 10884/10884
f 10885/10885 10886/10886 10887/10887
f 10888/10888 10889/10889 10890/10890
f 10891/10891 10892/10892 10893/10893
f 10894/10894 10895/10895 10896/10896
f 10897/10897 10898/10898 10899/10899
f 10900/10900 10901/10901 10902/10902
f 10903/10903 10904/10904 10905/10905
f 10906/10906 10907/10907 10908/10908
f 10909/10909 10910/10910 10911/10911
f 10912/10912 10913/10913 10914/10914
f 10915/10915 10916/10916 10917/10917
f 10918/10918 10919/10919 10920/10920
f 10921/10921 10922/10922 10923/10923
f 10924/10924 10925/10925 10926/10926
f 10927/10927 10928/10928 10929/10929
f 10930/10930 10931/10931 10932/10932
f 10933/10933 10934/10934 10935/10935
f 10936/10936 10937/10937 10938/10938
f 10939/10939 10940/10940 10941/10941
f 10942/10942 10943/10943 10944/10944
f 10945/10945 10946/10946 10947/10947
f 10948/10948 10949/10949 10950/10950
f 10951/10951 10952/10952 10953/10953
f 10954/10954 10955/10955 10956/10956
f 10957/10957 10958/10958 10959/10959
f 10960/10960 10961/10961 10962/10962
f 10963/10963 10964/10964 10965/10965
f 10966/10966 10967/10967 10968/10968
f 10969/10969 10970/10970 10971/10971
f 10972/10972 10973/10973 10974/10974
f 10975/10975 10976/10976 10977/10977
f 10978/10978 10979/10979 10980/10980
f 10981/10981 10982/10982 10983/10983
f 10984/10984 10985/10985 10986/10986
f 10987/10987 10988/10988 10989/10989
f 10990/10990 10991/10991 10992/10992
f 10993/10993 10994/10994 10995/10995
f 10996/10996 10997/10997 10998/10998
f 10999/10999 11000/11000 11001/11001
f 11002/11002 11003/11003 11004/11004
f 11005/11005 11006/11006 11007/11007
f 11008/11008 11009/11009 11010/11010
f 11011/11011 11012/11012 11013/11013
f 11014/11014 11015/11015 11016/11016
f 11017/11017 11018/11018 11019/11019
f 11020/11020 11021/11021 11022/11022
f 11023/11023 11024/11024 11025/11025
f 11026/11026 11027/11027 11028/11028
f 11029/11029 11030/11030 11031/11031
f 11032/11032 11033/11033 11034/11034
f 11035/11035 11036/11036 11037/11037
f 11038/11038 11039/11039 11040/11040
f 11041/11041 11042/11042 11043/11043
f 11044/11044 11045/11045 11046/11046
f 11047/11047 11048/11048 11049/11049
f 11050/11050 11051/11051 11052/11052
f 11053/11053 11054/11054 11055/11055
f 11056/11056 11057/11057 11058/11058
f 11059/11059 11060/11060 11061/11061
f 11062/11062 11063/11063 11064/11064
f 11065/11065 11066/11066 11067/11067
f 11068/11068 11069/11069 11070/11070
f 11071/11071 11072/11072 11073/11073
f 11074/11074 11075/11075 11076/11076
f 11077/11077 11078/11078 11079/11079
f 11080/11080 11081/11081 11082/11082
f 11083/11083 11084/11084 11085/11085
f 11086/11086 11087/11087 11088/11088
f 11089/11089 11090/11090 11091/11091
f 11092/11092 11093/11093 11094/11094
f 11095/11095 11096/11096 11097/11097
f 11098/11098 11099/11099 11100/11100
f 11101/11101 11102/11102 11103/11103
f 11104/11104 11105/11105 11106/11106
f 11107/11107 11108/11108 11109/11109
f 11110/11110 11111/11111 11112/11112
f 11113/11113 11114/11114 11115/11115
f 11116/11116 11117/11117 11118/11118
f 11119/11119 11120/11120 11121/11121
f 11122/11122 11123/11123 11124/11124
f 11125/11125 11126/11126 11127/11127
f 11128/11128 11129/11129 11130/11130
f 11131/11131 11132/11132 11133/11133
f 11134/11134 11135/11135 11136/11136
f 11137/11137 11138/11138 11139/11139
f 11140/11140 11141/11141 11142/11142
f 11143/11143 11144/11144 11145/11145
f 11146/11146 11147/11147 11148/11148
f 11149/11149 11150/11150 11151/11151
f 11152/11152 11153/11153 11154/11154
f 11155/11155 11156/11156 11157/11157
f 11158/11158 11159/11159 11160/11160
f 11161/11161 11162/11162 11163/11163
f 11164/11164 11165/11165 11166/11166
f 11167/11167 11168/11168 11169/11169
f 11170/11170 11171/11171 11172/11172
f 11173/11173 11174/11174 11175/11175
f 11176/11176 11177/11177 11178/11178
f 11179/11179 11180/11180 11181/11181
f 11182/11182 11183/11183 11184/11184
f 11185/11185 11186/11186 11187/11187
f 11188/11188 11189/11189 11190/11190
f 11191/11191 11192/11192 11193/11193
f 11194/11194 11195/11195 11196/11196
f 11197/11197 11198/11198 11199/11199
f 11200/11200 11201/11201 11202/11202
f 11203/11203 11204/11204 11205/11205
f 11206/11206 11207/11207 11208/11208
f 11209/11209 11210/11210 11211/11211
f 11212/11212 11213/11213 11214/11214
f 11215/11215 11216/11216 11217/11217
f 11218/11218 11219/11219 11220/11220
f 11221/11221 11222/11222 11223/11223
f 11224/11224 11225/11225 11226/11226
f 11227/11227 11228/11228 11229/11229
f 11230/11230 11231/11231 11232/11232
f 11233/11233 11234/11234 11235/11235
f 11236/11236 11237/11237 11238/11238
f 11239/11239 11240/11240 11241/11241
f 11242/11242 11243/11243 11244/11244
f 11245/11245 11246/11246 11247/11247
f 11248/11248 11249/11249 11250/11250
f 11251/11251 11252/11252 11253/11253
f 11254/11254 11255/11255 11256/11256
f 11257/11257 11258/11258 11259/11259
f 11260/11260 11261/11261 11262/11262
f 11263/11263 11264/11264 11265/11265
f 11266/11266 11267/11267 11268/11268
f 11269/11269 11270/11270 11271/11271
f 11272/11272 11273/11273 11274/11274
f 11275/11275 11276/11276 11277/11277
f 11278/11278 11279/11279 11280/11280
f 11281/11281 11282/11282 11283/11283
f 11284/11284 11285/11285 11286/11286
f 11287/11287 11288/11288 11289/11289
f 11290/11290 11291/11291 11292/11292
f 11293/11293 11294/11294 11295/11295
f 11296/11296 11297/11297 11298/11298
f 11299/11299 11300/11300 11301/11301
f 11302/11302 11303/11303 11304/11304
f 11305/11305 11306/11306 11307/11307
f 11308/11308 11309/11309 11310/11310
f 11311/11311 11312/11312 11313/11313
f 11314/11314 11315/11315 11316/11316
f 11317/11317 11318/11318 11319/11319
f 11320/11320 11321/11321 11322/11322
f 11323/11323 11324/11324 11325/11325
f 11326/11326 11327/11327 11328/11328
f 11329/11329 11330/11330 11331/11331
f 11332/11332 11333/11333 11334/11334
f 11335/11335 11336/11336 11337/11337
f 11338/11338 11339/11339 11340/11340
f 11341/11341 11342/11342 11343/11343
f 11344/11344 11345/11345 11346/11346
f 11347/11347 11348/11348 11349/11349
f 11350/11350 11351/11351 11352/11352
f 11353/11353 11354/11354 11355/11355
f 11356/11356 11357/11357 11358/11358
f 11359/11359 11360/11360 11361/11361
f 11362/11362 11363/11363 11364/11364
f 11365/11365 11366/11366 11367/11367
f 11368/11368 11369/11369 11370/11370
f 11371/11371 11372/11372 11373/11373
f 11374/11374 11375/11375 11376/11376
f 11377/11377 11378/11378 11379/11379
f 11380/11380 11381/11381 11382/11382
f 11383/11383 11384/11384 11385/11385
f 11386/11386 11387/11387 11388/11388
f 11389/11389 11390/11390 11391/11391
f 11392/11392 11393/11393 11394/11394
f 11395/11395 11396/11396 11397/11397
f 11398/11398 11399/11399 11400/11400
f 11401/11401 11402/11402 11403/11403
f 11404/11404 11405/11405 11406/11406
f 11407/11407 11408/11408 11409/11409
f 11410/11410 11411/11411 11412/11412
f 11413/11413 11414/11414 11415/11415
f 11416/11416 11417/11417 11418/11418
f 11419/11419 11420/11420 11421/11421
f 11422/11422 11423/11423 11424/11424
f 11425/11425 11426/11426 11427/11427
f 11428/11428 11429/11429 11430/11430
f 11431/11431 11432/11432 11433/11433
f 11434/11434 11435/11435 11436/11436
f 11437/11437 11438/11438 11439/11439
f 11440/11440 11441/11441 11442/11442
f 11443/11443 11444/11444 11445/11445
f 11446/11446 11447/11447 11448/11448
f 11449/11449 11450/11450 11451/11451
f 11452/11452 11453/11453 11454/11454
f 11455/11455 11456/11456 11457/11457
f 11458/11458 11459/11459 11460/11460
f 11461/11461 11462/11462 11463/11463
f 11464/11464 11465/11465 11466/11466
f 11467/11467 11468/11468 11469/11469
f 11470/11470 11471/11471 11472/11472
f 11473/11473 11474/11474 11475/11475
f 11476/11476 11477/11477 11478/11478
f 11479/11479 11480/11480 11481/11481
f 11482/11482 11483/11483 11484/11484
f 11485/11485 11486/11486 11487/11487
f 11488/11488 11489/11489 11490/11490
f 11491/11491 11492/11492 11493/11493
f 11494/11494 11495/11495 11496/11496
f 11497/11497 11498/11498 11499/11499
f 11500/11500 11501/11501 11502/11502
f 11503/11503 11504/11504 11505/11505
f 11506/11506 11507/11507 11508/11508
f 11509/11509 11510/11510 11511/11511
f 11512/11512 11513/11513 11514/11514
f 11515/11515 11516/11516 11517/11517
f 11518/11518 11519/11519 11520/11520
f 11521/11521 11522/11522 11523/11523
f 11524/11524 11525/11525 11526/11526
f 11527/11527 11528/11528 11529/11529
f 11530/11530 11531/11531 11532/11532
f 11533/11533 11534/11534 11535/11535
f 11536/11536 11537/11537 11538/11538
f 11539/11539 11540/11540 11541/11541
f 11542/11542 11543/11543 11544/11544
f 11545/11545 11546/11546 11547/11547
f 11548/11548 11549/11549 11550/11550
f 11551/11551 11552/11552 11553/11553
f 11554/11554 11555/11555 11556/11556
f 11557/11557 11558/11558 11559/11559
f 11560/11560 11561/11561 11562/11562
f 11563/11563 11564/11564 11565/11565
f 11566/11566 11567/11567 11568/11568
f 11569/11569 11570/11570 11571/11571
f 11572/11572 11573/11573 11574/11574
f 11575/11575 11576/11576 11577/11577
f 11578/11578 11579/11579 11580/11580
f 11581/11581 11582/11582 11583/11583
f 11584/11584 11585/11585 11586/11586
f 11587/11587 11588/11588 11589/11589
f 11590/11590 11591/11591 11592/11592
f 11593/11593 11594/11594 11595/11595
f 11596/11596 11597/11597 11598/11598
f 11599/11599 11600/11600 11601/11601
f 11602/11602 11603/11603 11604/11604
f 11605/11605 11606/11606 11607/11607
f 11608/11608 11609/11609 11610/11610
f 11611/11611 11612/11612 11613/11613
f 11614/11614 11615/11615 11616/11616
f 11617/11617 11618/11618 11619/11619
f 11620/11620 11621/11621 11622/11622
f 11623/11623 11624/11624 11625/11625
f 11626/11626 11627/11627 11628/11628
f 11629/11629 11630/11630 11631/11631
f 11632/11632 11633/11633 11634/11634
f 11635/11635 11636/11636 11637/11637
f 11638/11638 11639/11639 11640/11640
f 11641/11641 11642/11642 11643/11643
f 11644/11644 11645/11645 11646/11646
f 11647/11647 11648/11648 11649/11649
f 11650/11650 11651/11651 11652/11652
f 11653/11653 11654/11654 11655/11655
f 11656/11656 11657/11657 11658/11658
f 11659/11659 11660/11660 11661/11661
f 11662/11662 11663/11663 11664/11664
f 11665/11665 11666/11666 11667/11667
f 11668/11668 11669/11669 11670/11670
f 11671/11671 11672/11672 11673/11673
f 11674/11674 11675/11675 11676/11676
f 11677/11677 11678/11678 11679/11679
f 11680/11680 11681/11681 11682/11682
f 11683/11683 11684/11684 11685/11685
f 11686/11686 11687/11687 11688/11688
f 11689/11689 11690/11690 11691/11691
f 11692/11692 11693/11693 11694/11694
f 11695/11695 11696/11696 11697/11697
f 11698/11698 11699/11699 11700/11700
f 11701/11701 11702/11702 11703/11703
f 11704/11704 11705/11705 11706/11706
f 11707/11707 11708/11708 11709/11709
f 11710/11710 11711/11711 11712/11712
f 11713/11713 11714/11714 11715/11715
f 11716/11716 11717/11717 11718/11718
f 11719/11719 11720/11720 11721/11721
f 11722/11722 11723/11723 11724/11724
f 11725/11725 11726/11726 11727/11727
f 11728/11728 11729/11729 11730/11730
f 11731/11731 11732/11732 11733/11733
f 11734/11734 11735/11735 11736/11736
f 11737/11737 11738/11738 11739/11739
f 11740/11740 11741/11741 11742/11742
f 11743/11743 11744/11744 11745/11745
f 11746/11746 11747/11747 11748/11748
f 11749/11749 11750/11750 11751/11751
f 11752/11752 11753/11753 11754/11754
f 11755/11755 11756/11756 11757/11757
f 11758/11758 11759/11759 11760/11760
f 11761/11761 11762/11762 11763/11763
f 11764/11764 11765/11765 11766/11766
f 11767/11767 11768/11768 11769/11769
f 11770/11770 11771/11771 11772/11772
f 11773/11773 11774/11774 11775/11775
f 11776/11776 11777/11777 11778/11778
f 11779/11779 11780/11780 11781/11781
f 11782/11782 11783/11783 11784/11784
f 11785/11785 11786/11786 11787/11787
f 11788/11788 11789/11789 11790/11790
f 11791/11791 11792/11792 11793/11793
f 11794/11794 11795/11795 11796/11796
f 11797/11797 11798/11798 11799/11799
f 11800/11800 11801/11801 11802/11802
f 11803/11803 11804/11804 11805/11805
f 11806/11806 11807/11807 11808/11808
f 11809/11809 11810/11810 11811/11811
f 11812/11812 11813/11813 11814/11814
f 11815/11815 11816/11816 11817/11817
f 11818/11818 11819/11819 11820/11820
f 11821/11821 11822/11822 11823/11823
f 11824/11824 11825/11825 11826/11826
f 11827/11827 11828/11828 11829/11829
f 11830/11830 11831/11831 11832/11832
f 11833/11833 11834/11834 11835/11835
f 11836/11836 11837/11837 11838/11838
f 11839/11839 11840/11840 11841/11841
f 11842/11842 11843/11843 11844/11844
f 11845/11845 11846/11846 11847/11847
f 11848/11848 11849/11849 11850/11850
f 11851/11851 11852/11852 11853/11853
f 11854/11854 11855/11855 11856/11856
f 11857/11857 11858/11858 11859/11859
f 11860/11860 11861/11861 11862/11862
f 11863/11863 11864/11864 11865/11865
f 11866/11866 11867/11867 11868/11868
f 11869/11869 11870/11870 11871/11871
f 11872/11872 11873/11873 11874/11874
f 11875/11875 11876/11876 11877/11877
f 11878/11878 11879/11879 11880/11880
f 11881/11881 11882/11882 11883/11883
f 11884/11884 11885/11885 11886/11886
f 11887/11887 11888/11888 11889/11889
f 11890/11890 11891/11891 11892/11892
f 11893/11893 11894/11894 11895/11895
f 11896/11896 11897/11897 11898/11898
f 11899/11899 11900/11900 11901/11901
f 11902/11902 11903/11903 11904/11904
f 11905/11905 11906/11906 11907/11907
f 11908/11908 11909/11909 11910/11910
f 11911/11911 11912/11912 11913/11913
f 11914/11914 11915/11915 11916/11916
f 11917/11917 11918/11918 11919/11919
f 11920/11920 11921/11921 11922/11922
f 11923/11923 11924/11924 11925/11925
f 11926/11926 11927/11927 11928/11928
f 11929/11929 11930/11930 11931/11931
f 11932/11932 11933/11933 11934/11934
f 11935/11935 11936/11936 11937/11937
f 11938/11938 11939/11939 11940/11940
f 11941/11941 11942/11942 11943/11943
f 11944/11944 11945/11945 11946/11946
f 11947/11947 11948/11948 11949/11949
f 11950/11950 11951/11951 11952/11952
f 11953/11953 11954/11954 11955/11955
f 11956/11956 11957/11957 11958/11958
f 11959/11959 11960/11960 11961/11961
f 11962/11962 11963/11963 11964/11964
f 11965/11965 11966/11966 11967/11967
f 11968/11968 11969/11969 11970/11970
f 11971/11971 11972/11972 11973/11973
f 11974/11974 11975/11975 11976/11976
f 11977/11977 11978/11978 11979/11979
f 11980/11980 11981/11981 11982/11982
f 11983/11983 11984/11984 11985/11985
f 11986/11986 11987/11987 11988/11988
f 11989/11989 11990/11990 11991/11991
f 11992/11992 11993/11993 11994/11994
f 11995/11995 11996/11996 11997/11997
f 11998/11998 11999/11999 12000/12000
f 12001/12001 12002/12002 12003/12003
f 12004/12004 12005/12005 12006/12006
f 12007/12007 12008/12008 12009/12009
f 12010/12010 12011/12011 12012/12012
f 12013/12013 12014/12014 12015/12015
f 12016/12016 12017/12017 12018/12018
f 12019/12019 12020/12020 12021/12021
f 12022/12022 12023/12023 12024/12024
f 12025/12025 12026/12026 12027/12027
f 12028/12028 12029/12029 12030/12030
f 12031/12031 12032/12032 12033/12033
f 12034/12034 12035/12035 12036/12036
f 12037/12037 12038/12038 12039/12039
f 12040/12040 12041/12041 12042/12042
f 12043/12043 12044/12044 12045/12045
f 12046/12046 12047/12047 12048/12048
f 12049/12049 12050/12050 12051/12051
f 12052/12052 12053/12053 12054/12054
f 12055/12055 12056/12056 12057/12057
f 12058/12058 12059/12059 12060/12060
f 12061/12061 12062/12062 12063/12063
f 12064/12064 12065/12065 12066/12066
f 12067/12067 12068/12068 12069/12069
f 12070/12070 12071/12071 12072/12072
f 12073/12073 12074/12074 12075/12075
f 12076/12076 12077/12077 12078/12078
f 12079/12079 12080/12080 12081/12081
f 12082/12082 12083/12083 12084/12084
f 12085/12085 12086/12086 12087/12087
f 12088/12088 12089/12089 12090/12090
f 12091/12091 12092/12092 12093/12093
f 12094/12094 12095/12095 12096/12096
f 12097/12097 12098/12098 12099/12099
f 12100/12100 12101/12101 12102/12102
f 12103/12103 12104/12104 12105/12105
f 12106/12106 12107/12107 12108/12108
f 12109/12109 12110/12110 12111/12111
f 12112/12112 12113/12113 12114/12114
f 12115/12115 12116/12116 12117/12117
f 12118/12118 12119/12119 12120/12120
f 12121/12121 12122/12122 12123/12123
f 12124/12124 12125/12125 12126/12126
f 12127/12127 12128/12128 12129/12129
f 12130/12130 12131/12131 12132/12132
f 12133/12133 12134/12134 12135/12135
f 12136/12136 12137/12137 12138/12138
f 12139/12139 12140/12140 12141/12141
f 12142/12142 12143/12143 12144/12144
f 12145/12145 12146/12146 12147/12147
f 12148/12148 12149/12149 12150/12150
f 12151/12151 12152/12152 12153/12153
f 12154/12154 12155/12155 12156/12156
f 12157/12157 12158/12158 12159/12159
f 12160/12160 12161/12161 12162/12162
f 12163/12163 12164/12164 12165/12165
f 12166/12166 12167/12167 12168/12168
f 12169/12169 12170/12170 12171/12171
f 12172/12172 12173/12173 12174/12174
f 12175/12175 12176/12176 12177/12177
f 12178/12178 12179/12179 12180/12180
f 12181/12181 12182/12182 12183/12183
f 12184/12184 12185/12185 12186/12186
f 12187/12187 12188/12188 12189/12189
f 12190/12190 12191/12191 12192/12192
f 12193/12193 12194/12194 12195/12195
f 12196/12196 12197/12197 12198/12198
f 12199/12199 12200/12200 12201/12201
f 12202/12202 12203/12203 12204/12204
f 12205/12205 12206/12206 12207/12207
f 12208/12208 12209/12209 12210/12210
f 12211/12211 12212/12212 12213/12213
f 12214/12214 12215/12215 12216/12216
f 12217/12217 12218/12218 12219/12219
f 12220/12220 12221/12221 12222/12222
f 12223/12223 12224/12224 12225/12225
f 12226/12226 12227/12227 12228/12228
f 12229/12229 12230/12230 12231/12231
f 12232/12232 12233/12233 12234/12234
f 12235/12235 12236/12236 12237/12237
f 12238/12238 12239/12239 12240/12240
f 12241/12241 12242/12242 12243/12243
f 12244/12244 12245/12245 12246/12246
f 12247/12247 12248/12248 12249/12249
f 12250/12250 12251/12251 12252/12252
f 12253/12253 12254/12254 12255/12255
f 12256/12256 12257/12257 12258/12258
f 12259/12259 12260/12260 12261/12261
f 12262/12262 12263/12263 12264/12264
f 12265/12265 12266/12266 12267/12267
f 12268/12268 12269/12269 12270/12270
f 12271/12271 12272/12272 12273/12273
f 12274/12274 12275/12275 12276/12276
f 12277/12277 12278/12278 12279/12279
f 12280/12280 12281/12281 12282/12282
f 12283/12283 12284/12284 12285/12285
f 12286/12286 12287/12287 12288/12288
f 12289/12289 12290/12290 12291/12291
f 12292/12292 12293/12293 12294/12294
f 12295/12295 12296/12296 12297/12297
f 12298/12298 12299/12299 12300/12300
f 12301/12301 12302/12302 12303/12303
f 12304/12304 12305/12305 12306/12306
f 12307/12307 12308/12308 12309/12309
f 12310/12310 12311/12311 12312/12312
f 12313/12313 12314/12314 12315/12315
f 12316/12316 12317/12317 12318/12318
f 12319/12319 12320/12320 12321/12321
f 12322/12322 12323/12323 12324/12324
f 12325/12325 12326/12326 12327/12327
f 12328/12328 12329/12329 12330/12330
f 12331/12331 12332/12332 12333/12333
f 12334/12334 12335/12335 12336/12336
f 12337/12337 12338/12338 12339/12339
f 12340/12340 12341/12341 12342/12342
f 12343/12343 12344/12344 12345/12345
f 12346/12346 12347/12347 12348/12348
f 12349/12349 12350/12350 12351/12351
f 12352/12352 12353/12353 12354/12354
f 12355/12355 12356/12356 12357/12357
f 12358/12358 12359/12359 12360/12360
f 12361/12361 12362/12362 12363/12363
f 12364/12364 12365/12365 12366/12366
f 12367/12367 12368/12368 12369/12369
f 12370/12370 12371/12371 12372/12372
f 12373/12373 12374/12374 12375/12375
f 12376/12376 12377/12377 12378/12378
f 12379/12379 12380/12380 12381/12381
f 12382/12382 12383/12383 12384/12384
f 12385/12385 12386/12386 12387/12387
f 12388/12388 12389/12389 12390/12390
f 12391/12391 12392/12392 12393/12393
f 12394/12394 12395/12395 12396/12396
f 12397/12397 12398/12398 12399/12399
f 12400/12400 12401/12401 12402/12402
f 12403/12403 12404/12404 12405/12405
f 12406/12406 12407/12407 12408/12408
f 12409/12409 12410/12410 12411/12411
f 12412/12412 12413/12413 12414/12414
f 12415/12415 12416/12416 12417/12417
f 12418/12418 12419/12419 12420/12420
f 12421/12421 12422/12422 12423/12423
f 12424/12424 12425/12425 12426/12426
f 12427/12427 12428/12428 12429/12429
f 12430/12430 12431/12431 12432/12432
f 12433/12433 12434/12434 12435/12435
f 12436/12436 12437/12437 12438/12438
f 12439/12439 12440/12440 12441/12441
f 12442/12442 12443/12443 12444/12444
f 12445/12445 12446/12446 12447/12447
f 12448/12448 12449/12449 12450/12450
f 12451/12451 12452/12452 12453/12453
f 12454/12454 12455/12455 12456/12456
f 12457/12457 12458/12458 12459/12459
f 12460/12460 12461/12461 12462/12462
f 12463/12463 12464/12464 12465/12465
f 12466/12466 12467/12467 12468/12468
f 12469/12469 12470/12470 12471/12471
f 12472/12472 12473/12473 12474/12474
f 12475/12475 12476/12476 12477/12477
f 12478/12478 12479/12479 12480/12480
f 12481/12481 12482/12482 12483/12483
f 12484/12484 12485/12485 12486/12486
f 12487/12487 12488/12488 12489/12489
f 12490/12490 12491/12491 12492/12492
f 12493/12493 12494/12494 12495/12495
f 12496/12496 12497/12497 12498/12498
f 12499/12499 12500/12500 12501/12501
f 12502/12502 12503/12503 12504/12504
f 12505/12505 12506/12506 12507/12507
f 12508/12508 12509/12509 12510/12510
f 12511/12511 12512/12512 12513/12513
f 12514/12514 12515/12515 12516/12516
f 12517/12517 12518/12518 12519/12519
f 12520/12520 12521/12521 12522/12522
f 12523/12523 12524/12524 12525/12525
f 12526/12526 12527/12527 12528/12528
f 12529/12529 12530/12530 12531/12531
f 12532/12532 12533/12533 12534/12534
f 12535/12535 12536/12536 12537/12537
f 12538/12538 12539/12539 12540/12540
f 12541/12541 12542/12542 12543/12543
f 12544/12544 12545/12545 12546/12546
f 12547/12547 12548/12548 12549/12549
f 12550/12550 12551/12551 12552/12552
f 12553/12553 12554/12554 12555/12555
f 12556/12556 12557/12557 12558/12558
f 12559/12559 12560/12560 12561/12561
f 12562/12562 12563/12563 12564/12564
f 12565/12565 12566/12566 12567/12567
f 12568/12568 12569/12569 12570/12570
f 12571/12571 12572/12572 12573/12573
f 12574/12574 12575/12575 12576/12576
f 12577/12577 12578/12578 12579/12579
f 12580/12580 12581/12581 12582/12582
f 12583/12583 12584/12584 12585/12585
f 12586/12586 12587/12587 12588/12588
f 12589/12589 12590/12590 12591/12591
f 12592/12592 12593/12593 12594/12594
f 12595/12595 12596/12596 12597/12597
f 12598/12598 12599/12599 12600/12600
f 12601/12601 12602/12602 12603/12603
f 12604/12604 12605/12605 12606/12606
f 12607/12607 12608/12608 12609/12609
f 12610/12610 12611/12611 12612/12612
f 12613/12613 12614/12614 12615/12615
f 12616/12616 12617/12617 12618/12618
f 12619/12619 12620/12620 12621/12621
f 12622/12622 12623/12623 12624/12624
f 12625/12625 12626/12626 12627/12627
f 12628/12628 12629/12629 12630/12630
f 12631/12631 12632/12632 12633/12633
f 12634/12634 12635/12635 12636/12636
